5824.999999999999	3.478927632913554e-16	3.5046001427536477e-16
5825.249999999999	1.0800210722740694e-16	3.3970576633966896e-16
5825.499999999999	-5.356621055594863e-18	3.321312800879658e-16
5825.749999999999	-8.134187094403094e-17	3.267670998423431e-16
5825.999999999999	-2.455209700911315e-17	3.236594683077651e-16
5826.249999999999	1.15280072390567e-16	3.227457579856941e-16
5826.499999999999	-6.766247247996998e-18	3.2022429972039567e-16
5826.749999999999	-3.3360794968260565e-16	3.1574227781955874e-16
5826.999999999999	-3.400043719233557e-16	3.140354270215025e-16
5827.249999999999	-1.166450924548469e-16	3.1461159471409266e-16
5827.499999999999	-7.273435522125725e-18	3.142944338149051e-16
5827.749999999999	-1.6202168637810915e-18	3.13528266044334e-16
5827.999999999999	1.2323798663469056e-16	3.1710576263662175e-16
5828.249999999999	3.448463828267757e-16	3.2489753930907525e-16
5828.499999999999	3.795194912341733e-16	3.220265211343568e-16
5828.749999999999	1.582304661678724e-16	3.066755842125895e-16
5828.999999999999	8.594812213798354e-17	3.0128519888516115e-16
5829.249999999999	2.1388227780793365e-16	3.093775663747715e-16
5829.5	1.8735966452615178e-16	3.0916149356388287e-16
5829.749999999999	-1.3631413716726763e-16	2.976014525975522e-16
5830.0	-3.2802838484036396e-16	2.8871986215933763e-16
5830.249999999999	-3.0276245081495225e-16	2.8897624844455966e-16
5830.5	-2.3276780380925434e-16	2.9020987252289675e-16
5830.749999999999	-8.212916821616912e-17	2.9558503772705413e-16
5831.0	3.9118572233882106e-17	2.9865177345214753e-16
5831.249999999999	6.285619743337349e-17	2.990815632635403e-16
5831.5	3.0114784058136304e-17	2.97008873641609e-16
5831.749999999999	-1.3048051538040885e-16	2.8875781982328646e-16
5832.0	-2.0563563120791479e-16	2.830441855473622e-16
5832.249999999999	-8.734348318713189e-17	2.860022628271906e-16
5832.499999999999	1.0863723635405986e-17	2.872425043504281e-16
5832.749999999999	-1.2001446875065509e-17	2.8302809192136435e-16
5832.999999999999	-1.47172983745782e-17	2.796968966282704e-16
5833.249999999999	1.3914359778801141e-16	2.803674820246998e-16
5833.499999999999	2.7353920532974805e-16	2.8086585503504053e-16
5833.749999999999	2.7887397765023324e-16	2.78810794286324e-16
5833.999999999999	2.361176602969675e-16	2.7590840942277753e-16
5834.249999999999	-4.46383509429903e-18	2.6638394744737655e-16
5834.499999999999	-2.307333630188475e-16	2.5831002939414856e-16
5834.749999999999	-3.9549394366679324e-17	2.664874707553988e-16
5834.999999999999	1.3227648992638399e-16	2.736089796687781e-16
5835.249999999999	9.828430998179517e-17	2.7103103489380966e-16
5835.499999999999	7.082914651231081e-17	2.686220202522592e-16
5835.749999999999	-6.20014485453653e-17	2.6469485787143307e-16
5835.999999999999	-1.9083314811949465e-16	2.6069032432483115e-16
5836.25	-5.830976794132074e-17	2.632304702545284e-16
5836.499999999999	1.0158297391575863e-16	2.65744940498012e-16
5836.75	1.44465651379398e-16	2.6471666896982487e-16
5836.999999999999	1.928867662652229e-16	2.633806068444292e-16
5837.25	1.4986549965303396e-16	2.5623363400307305e-16
5837.499999999999	7.363952903940667e-17	2.487126167061653e-16
5837.75	3.642434240840094e-17	2.459032731179188e-16
5837.999999999999	-1.2826331234238089e-17	2.4400078417882644e-16
5838.25	1.1180837385298602e-17	2.435246987229103e-16
5838.499999999999	4.0563636911677544e-17	2.428376491235687e-16
5838.75	3.88205092806772e-17	2.4072787534041543e-16
5838.999999999999	5.24221478040745e-17	2.385729176434821e-16
5839.249999999999	1.0026886847254259e-16	2.378559836629701e-16
5839.499999999999	1.2748663772366913e-16	2.377199025260378e-16
5839.749999999999	1.4763474574221115e-16	2.379334077683051e-16
5839.999999999999	1.491081066144008e-16	2.382312192586038e-16
5840.249999999999	-9.898589810758304e-17	2.293014802912937e-16
5840.499999999999	-4.1819040986415393e-16	2.1679309329628325e-16
5840.749999999999	-2.4296189826901904e-16	2.2271579912639154e-16
5840.999999999999	1.4636653889682445e-16	2.353160230217301e-16
5841.249999999999	1.3059798826228118e-16	2.3243232582258243e-16
5841.499999999999	-9.097550752539912e-17	2.2232727570139783e-16
5841.749999999999	-9.23431282455249e-17	2.198793901885023e-16
5841.999999999999	1.0172187408421854e-17	2.2159341429683058e-16
5842.249999999999	1.7344045151326066e-16	2.267383321231226e-16
5842.499999999999	3.6172520836671215e-16	2.3378638739810723e-16
5842.749999999999	2.626437675896568e-16	2.278579243909356e-16
5842.999999999999	-2.6978520493835374e-17	2.1298354938111724e-16
5843.249999999999	-1.433459135277972e-16	2.0547879776377473e-16
5843.5	-1.16078811224938e-16	2.0481935614455766e-16
5843.749999999999	-1.273628915040312e-16	2.0436236863462416e-16
5844.0	-1.7904499059255655e-16	2.0455727885672126e-16
5844.249999999999	-1.7323470191641667e-16	2.0385806639365263e-16
5844.5	-1.0095554749496981e-16	2.024085018533249e-16
5844.749999999999	-3.356535474851146e-17	2.0309236184422455e-16
5845.0	2.2634447503753916e-17	2.060212032524829e-16
5845.249999999999	2.6258825384438712e-17	2.0602816480451815e-16
5845.5	-1.5825801459099287e-17	2.0236820161388132e-16
5845.749999999999	-2.4512207051253392e-18	2.0091996056253368e-16
5846.0	7.304373400524188e-17	2.0309854253776154e-16
5846.249999999999	1.1318375849034122e-16	2.0346199908147244e-16
5846.499999999999	6.68060377978734e-17	1.9927477111605961e-16
5846.749999999999	5.68273279347277e-17	1.9597412194862602e-16
5846.999999999999	8.232221231880429e-17	1.951019824154195e-16
5847.249999999999	5.172811680036291e-17	1.9308433670016997e-16
5847.499999999999	-1.0001572473532176e-16	1.8687931743571978e-16
5847.749999999999	-1.985930551773077e-16	1.8179796678514124e-16
5847.999999999999	-1.492578593924974e-16	1.7982612702349243e-16
5848.249999999999	-7.332159389916579e-17	1.789600358349249e-16
5848.499999999999	3.6525241899520156e-17	1.8196075592969167e-16
5848.749999999999	8.773503078444509e-17	1.8295710490367914e-16
5848.999999999999	-2.4935989877037785e-17	1.7688755797123045e-16
5849.249999999999	-1.324749073942783e-16	1.7124410831592006e-16
5849.499999999999	-2.2635205862939504e-16	1.672498318089138e-16
5849.749999999999	-2.682923920868793e-16	1.6470290961563853e-16
5849.999999999999	-1.3899796106064288e-16	1.6897249830028204e-16
5850.249999999999	-3.5168576359427035e-17	1.7208953984150846e-16
5850.499999999999	-3.141695163075198e-17	1.6875608138225857e-16
5850.75	-2.4111846671694052e-17	1.658255988476649e-16
5850.999999999999	-2.4346994267508176e-17	1.6633976108153806e-16
5851.25	-1.5526539094006177e-17	1.665525648746459e-16
5851.499999999999	-5.884617140750422e-17	1.6246053547157058e-16
5851.75	-1.0641604465111816e-16	1.5856005462858293e-16
5851.999999999999	-3.144658785773853e-17	1.5979784769720728e-16
5852.25	5.056836987689416e-17	1.6102525137733797e-16
5852.499999999999	-3.810217240184635e-17	1.5750728531937444e-16
5852.75	-1.266518470494806e-16	1.5406458607970835e-16
5852.999999999999	-9.24758212506682e-17	1.528034201956957e-16
5853.249999999999	-4.34698102624295e-17	1.5163857783965362e-16
5853.499999999999	6.481304206487794e-18	1.530840792688125e-16
5853.749999999999	4.946933801038681e-17	1.5463334223401e-16
5853.999999999999	1.1993964033808231e-16	1.5347454822260692e-16
5854.249999999999	1.8293807313214552e-16	1.5218393470878738e-16
5854.499999999999	1.1775973487387437e-16	1.4841608069649404e-16
5854.749999999999	3.630391483738057e-17	1.4443736841989358e-16
5854.999999999999	1.5132250220142976e-17	1.4215935271759194e-16
5855.249999999999	9.493834786040592e-18	1.4033452611185096e-16
5855.499999999999	-9.856155445334334e-17	1.3732827383314744e-16
5855.749999999999	-2.1014147591039324e-16	1.3407392031023721e-16
5855.999999999999	-1.1764723831056716e-16	1.3532260569316766e-16
5856.249999999999	2.0833250139391122e-17	1.3761978551590093e-16
5856.499999999999	4.5099723337350937e-17	1.3582042283813678e-16
5856.749999999999	3.1234052071149157e-17	1.3283461846417557e-16
5856.999999999999	2.4783606664593266e-17	1.3254301413719347e-16
5857.249999999999	2.1090400739499157e-17	1.3312921387625265e-16
5857.5	-1.8561873388685837e-17	1.306077291411746e-16
5857.749999999999	-5.634089941243222e-17	1.26807529058208e-16
5858.0	-1.1102326364638744e-17	1.2634200504435295e-16
5858.249999999999	6.200438669090109e-17	1.275051136298311e-16
5858.5	4.9656969043093436e-17	1.2585538461615535e-16
5858.749999999999	8.324945242056449e-19	1.2268041396227062e-16
5859.0	-3.148911486739111e-17	1.2056516093473981e-16
5859.249999999999	-4.0653832685670326e-17	1.1917470341226268e-16
5859.5	-1.2040482355352498e-17	1.200032472184652e-16
5859.749999999999	5.084830103107191e-17	1.2223529814848848e-16
5860.0	2.305452786911652e-17	1.2022096115568915e-16
5860.249999999999	-8.267498830644591e-17	1.149275081611622e-16
5860.499999999999	-1.0637383197009836e-16	1.122520884228105e-16
5860.749999999999	-4.556038683792662e-17	1.1211236769118293e-16
5860.999999999999	-1.7248762216566083e-17	1.1122946819256833e-16
5861.249999999999	-7.047700414501841e-18	1.0973323743080282e-16
5861.499999999999	-1.4095030252089258e-17	1.086426692763231e-16
5861.749999999999	-2.4145650234606644e-17	1.079422722906173e-16
5861.999999999999	-9.421270366804377e-18	1.0781234537744237e-16
5862.249999999999	2.0421502791519377e-17	1.0846816725429892e-16
5862.499999999999	-6.0252762260648595e-18	1.0677123600614843e-16
5862.749999999999	-1.1372728894468246e-16	1.0157338523809792e-16
5862.999999999999	-1.3873984100485693e-16	9.974877039059375e-17
5863.249999999999	-5.111616196575128e-17	1.0342413899295876e-16
5863.499999999999	3.0753711598162064e-17	1.0588847547387674e-16
5863.749999999999	1.083945084751123e-16	1.0644042331813133e-16
5863.999999999999	1.2387312899623328e-16	1.0531791275711727e-16
5864.249999999999	-2.939718419723124e-18	1.0052569150912805e-16
5864.499999999999	-7.992543333287474e-17	9.742202382404539e-17
5864.75	-3.012816122300251e-17	9.847695703773632e-17
5864.999999999999	-1.4187530551268613e-17	9.814034746798644e-17
5865.25	-1.0417881887918274e-16	9.390880247407547e-17
5865.499999999999	-1.4851711584523372e-16	9.141455514220757e-17
5865.75	-4.95776225700149e-17	9.458372891435953e-17
5865.999999999999	2.364246468746206e-17	9.646259357515738e-17
5866.25	-1.2901884257027457e-17	9.384119203952783e-17
5866.499999999999	-2.3563930505745052e-17	9.205345621245373e-17
5866.75	4.064230840537624e-17	9.36706803367786e-17
5866.999999999999	9.266229423051726e-17	9.474786140022476e-17
5867.25	7.249269275093865e-17	9.315781512210592e-17
5867.499999999999	5.940343306001385e-17	9.158391540954413e-17
5867.749999999999	5.124577124157099e-17	8.95789685710585e-17
5867.999999999999	3.749605415363689e-17	8.760673176271566e-17
5868.249999999999	-3.894761716232455e-18	8.614347572888896e-17
5868.499999999999	-4.4188084275533795e-17	8.472354410682533e-17
5868.749999999999	-3.150618456651175e-17	8.371465507475156e-17
5868.999999999999	-1.8176248404558516e-17	8.269634941858448e-17
5869.249999999999	-3.4965913800629093e-17	8.117442311827061e-17
5869.499999999999	-4.7109315622156665e-17	7.967726591421903e-17
5869.749999999999	-3.005215325087624e-17	7.883690996886926e-17
5869.999999999999	-1.705497034265716e-17	7.798653521194025e-17
5870.249999999999	-6.032907463524029e-17	7.623001387246144e-17
5870.499999999999	-1.0829862831595005e-16	7.445983412670816e-17
5870.749999999999	-6.847268761815955e-17	7.505288292123928e-17
5870.999999999999	-1.929809225799886e-17	7.578430910608317e-17
5871.249999999999	-1.7877581609506445e-18	7.550390811331749e-17
5871.499999999999	1.5444747475036934e-17	7.516304352649664e-17
5871.749999999999	2.014835286400334e-17	7.564095539720528e-17
5872.0	2.2914613577225626e-17	7.622294644130779e-17
5872.249999999999	1.766230123764462e-17	7.412287383237856e-17
5872.5	9.883244121470343e-18	7.154913113492187e-17
5872.749999999999	-1.3765776799526814e-17	7.080482740230175e-17
5873.0	-3.751008975427069e-17	7.0456180700278e-17
5873.249999999999	-1.8504086551092883e-17	7.079877244021786e-17
5873.5	4.479793889857015e-18	7.132392625007063e-17
5873.749999999999	2.523387415923038e-17	7.201027440025283e-17
5874.0	4.9914159347870873e-17	7.273405743623673e-17
5874.249999999999	6.381529681001648e-17	7.26026085107347e-17
5874.499999999999	7.474925469687311e-17	7.2210961651748e-17
5874.749999999999	3.9618202558753935e-17	6.979341050627601e-17
5874.999999999999	-1.5396660157306776e-17	6.654914858683893e-17
5875.249999999999	-7.504477655123626e-17	6.406433773139904e-17
5875.499999999999	-1.3423615358941601e-16	6.183387498815185e-17
5875.749999999999	-9.862278567100696e-17	6.211055035943859e-17
5875.999999999999	-1.6584076272265423e-17	6.364885483588101e-17
5876.249999999999	9.154311886173301e-18	6.394697072864512e-17
5876.499999999999	1.4621876266680155e-18	6.3467828013185e-17
5876.749999999999	-7.745039313483033e-18	6.249273427221769e-17
5876.999999999999	-1.6119520059727066e-17	6.11778148832789e-17
5877.249999999999	-3.1008135810971124e-17	6.011963250414186e-17
5877.499999999999	-5.183655025250126e-17	5.912454084468547e-17
5877.749999999999	-3.535197884484229e-17	5.930313244765812e-17
5877.999999999999	1.3983068047457756e-17	6.041469775480688e-17
5878.249999999999	4.4395077952019064e-17	6.069140621331812e-17
5878.499999999999	4.862440610188839e-17	6.022385064387864e-17
5878.75	3.164220614643997e-17	5.964308382708271e-17
5878.999999999999	2.742430466955245e-18	5.890154618643097e-17
5879.25	-2.00299369962327e-17	5.805737197537366e-17
5879.499999999999	-3.5322193725345483e-17	5.707126018864714e-17
5879.75	-3.989985093988334e-17	5.616532536433416e-17
5879.999999999999	-3.4307808905281904e-17	5.535329539188066e-17
5880.25	-2.089785790831519e-17	5.5366378080448796e-17
5880.499999999999	4.632549333577183e-18	5.647205717035863e-17
5880.75	2.5477983429800905e-17	5.716196550589725e-17
5880.999999999999	3.773716737602875e-17	5.715090775546865e-17
5881.25	3.5605162286732523e-17	5.652385852903915e-17
5881.499999999999	6.040015757399942e-18	5.478024782456107e-17
5881.749999999999	-4.344488648339266e-18	5.387435601363995e-17
5881.999999999999	1.9451787378894886e-17	5.449272315236009e-17
5882.249999999999	2.2971378019581465e-17	5.4320140189357025e-17
5882.499999999999	-2.4626872482126718e-17	5.2419686114571544e-17
5882.749999999999	-5.425625206756588e-17	5.097909482952879e-17
5882.999999999999	-3.4507189211409236e-17	5.080017897175602e-17
5883.249999999999	-9.139873448581188e-18	5.0998010795776655e-17
5883.499999999999	2.2647313471001566e-17	5.214258391808873e-17
5883.749999999999	3.440558165368567e-17	5.2486327093441266e-17
5883.999999999999	-2.16698109800905e-17	5.0003240082397934e-17
5884.249999999999	-6.160934508268046e-17	4.8099576546835747e-17
5884.499999999999	-5.061044359157106e-17	4.9115658741516284e-17
5884.749999999999	-4.0775477866552374e-17	4.986952799073996e-17
5884.999999999999	-2.842579374386633e-17	4.935972003561128e-17
5885.249999999999	-1.1423315455701172e-17	4.9236552842402134e-17
5885.499999999999	3.2202577998052795e-17	5.117514325214876e-17
5885.749999999999	6.930700845376013e-17	5.269443250066981e-17
5886.0	4.663786899511574e-17	5.155373389234693e-17
5886.249999999999	2.0836588640343386e-17	5.051261128616319e-17
5886.5	-5.423753793338748e-18	4.9798274652774644e-17
5886.749999999999	-2.9418585841219823e-17	4.9103191475323885e-17
5887.0	-2.892685343683665e-17	4.956847726116251e-17
5887.249999999999	-3.1780623241422145e-17	5.003503028769957e-17
5887.5	-3.943390671827712e-17	4.940561201599572e-17
5887.749999999999	-4.437883543351097e-17	4.875154707076024e-17
5888.0	-5.2271015288716163e-17	4.873717067171407e-17
5888.249999999999	-5.637900266016886e-17	4.8775280536895614e-17
5888.5	-1.944709726482171e-17	4.9599367493957693e-17
5888.749999999999	2.0539152690042794e-17	5.045227673228357e-17
5888.999999999999	7.217970580512207e-18	4.910746303600711e-17
5889.249999999999	-1.0954352024859133e-17	4.768064927124704e-17
5889.499999999999	-2.7946725061071036e-18	4.753150860680373e-17
5889.749999999999	8.553917727802712e-18	4.747285157520637e-17
5889.999999999999	-2.932088919343241e-17	4.494191051136562e-17
5890.249999999999	-7.051813321943577e-17	4.206493663623679e-17
5890.499999999999	-3.243787779509963e-17	4.3703263792349114e-17
5890.749999999999	1.4586397042641683e-17	4.605682093691154e-17
5890.999999999999	-5.956237250599346e-18	4.4359079051760756e-17
5891.249999999999	-3.835088906842879e-17	4.179430299214414e-17
5891.499999999999	-1.5677888330685005e-17	4.204581883791946e-17
5891.749999999999	2.371979945729087e-17	4.2857653595748405e-17
5891.999999999999	8.548954644127394e-18	4.2056972541299126e-17
5892.249999999999	-1.9957418071930176e-17	4.0757693483382484e-17
5892.499999999999	-1.2112782903973308e-17	4.0994803151609584e-17
5892.75	4.754794220403332e-18	4.1711419494766324e-17
5892.999999999999	2.49268578030752e-17	4.312916736001281e-17
5893.25	4.718073439624449e-17	4.4654653845683105e-17
5893.499999999999	1.840910471007587e-17	4.3333401561974604e-17
5893.75	-3.299446446822941e-17	4.064080293666139e-17
5893.999999999999	-4.9601567794387084e-17	3.9934377458651304e-17
5894.25	-4.4315529646871065e-17	4.0208495187484027e-17
5894.499999999999	-2.9853371823512396e-17	4.065314447140068e-17
5894.75	-8.406451276919208e-18	4.124480360250271e-17
5894.999999999999	-1.9830229126582797e-17	4.07267436935832e-17
5895.25	-4.5040421104875785e-17	3.9530673615056024e-17
5895.499999999999	-3.3015461620898457e-17	3.9815045074761954e-17
5895.749999999999	8.820715735394953e-18	4.1117563371957354e-17
5895.999999999999	1.2542269140081254e-17	4.055967967962709e-17
5896.249999999999	-1.5079165077151773e-17	3.854741725580404e-17
5896.499999999999	-1.3657215961574129e-17	3.835040268622861e-17
5896.749999999999	1.692221116306485e-17	3.9766377076241784e-17
5896.999999999999	2.4879296572214625e-17	3.958100590096865e-17
5897.249999999999	1.109704068052453e-17	3.786933429430247e-17
5897.499999999999	1.0714520932416733e-17	3.734266508956751e-17
5897.749999999999	2.4622089723824937e-17	3.8247971256614945e-17
5897.999999999999	2.8307801392569315e-17	3.840153237425174e-17
5898.249999999999	2.267840553586621e-17	3.7620902177850745e-17
5898.499999999999	1.8390301240391313e-17	3.665336886768217e-17
5898.749999999999	1.2490150971226125e-17	3.5536383873159964e-17
5898.999999999999	1.1056633734781927e-17	3.5067200412274986e-17
5899.249999999999	1.909109527279114e-17	3.5533574767799734e-17
5899.499999999999	3.7981394106246255e-17	3.653960506367653e-17
5899.749999999999	7.364007828733341e-17	3.8379039679035197e-17
5900.0	6.871047888321139e-17	3.829765834164978e-17
5900.249999999999	-6.924597327790168e-18	3.448071281436264e-17
5900.5	-3.5664130338240203e-17	3.2823423369888146e-17
5900.749999999999	3.583406301456065e-17	3.621834465737318e-17
5901.0	6.988858921627881e-17	3.766355161023398e-17
5901.249999999999	1.2960288171357377e-17	3.4987480053559576e-17
5901.5	-2.5872806662339816e-17	3.2973169530539845e-17
5901.749999999999	-1.3530910445120957e-17	3.3153974668831686e-17
5902.0	-8.404774581817563e-18	3.3009840101455546e-17
5902.249999999999	-2.8965770630296045e-17	3.1898873673070276e-17
5902.499999999999	-3.421349046311616e-17	3.152140468978273e-17
5902.749999999999	2.1794541544657372e-17	3.3728137275616994e-17
5902.999999999999	6.294355432350399e-17	3.520776486812735e-17
5903.249999999999	3.3424753896712145e-17	3.4202998504226535e-17
5903.499999999999	8.55356369450054e-18	3.323516740903744e-17
5903.749999999999	-2.918809568584468e-18	3.239624083178616e-17
5903.999999999999	-1.667538874008515e-17	3.1599655975730244e-17
5904.249999999999	-2.639577340665299e-17	3.121973192038464e-17
5904.499999999999	-2.6294159231484527e-17	3.1067557157454483e-17
5904.749999999999	7.493798918851689e-18	3.271210802049566e-17
5904.999999999999	3.682700069570195e-17	3.409483305860665e-17
5905.249999999999	3.1256663880373906e-17	3.344837155756176e-17
5905.499999999999	2.6847680373264187e-17	3.2799253152389346e-17
5905.749999999999	1.0007913474671885e-17	3.193184178356419e-17
5905.999999999999	-6.24017733561583e-18	3.1087538532331314e-17
5906.249999999999	2.0347544986541317e-18	3.194071577717566e-17
5906.499999999999	8.61516300753675e-18	3.2790676943798396e-17
5906.749999999999	1.5353785731796928e-17	3.227420522165499e-17
5906.999999999999	1.992035045432045e-17	3.178347205145178e-17
5907.25	1.2817359633314339e-17	3.101585836916992e-17
5907.499999999999	5.491110697028635e-18	3.0241319530799766e-17
5907.75	-1.3972329588745593e-17	2.987936183835881e-17
5907.999999999999	-3.430709752995511e-17	2.953906966052185e-17
5908.25	-1.442737653296204e-17	3.004830851538909e-17
5908.499999999999	7.115618560237345e-18	3.0617104374360156e-17
5908.75	-1.5994273334457962e-18	3.0135212110543914e-17
5908.999999999999	-1.4439625423472724e-17	2.9541981336278034e-17
5909.25	-1.539381631036082e-17	2.976389073356886e-17
5909.499999999999	-1.2968050434225574e-17	3.015562031061682e-17
5909.749999999999	-2.323133234837575e-18	3.003856101905077e-17
5909.999999999999	7.555255956822541e-18	2.981071577368426e-17
5910.249999999999	2.5970959913825358e-17	3.053196101954885e-17
5910.499999999999	4.645484370405981e-17	3.1466771064684825e-17
5910.749999999999	2.901120600698236e-17	3.0495091925286134e-17
5910.999999999999	-2.445722228798546e-18	2.9012271415611326e-17
5911.249999999999	-7.295435217697185e-18	2.883415957739396e-17
5911.499999999999	-1.9433349109450773e-18	2.906991266941647e-17
5911.749999999999	3.517801862611933e-18	2.914119247716139e-17
5911.999999999999	3.6307918391545324e-18	2.916850598098789e-17
5912.249999999999	6.020173762456326e-18	2.939276126249592e-17
5912.499999999999	8.93931192853913e-18	2.9687369909462804e-17
5912.749999999999	1.2808222803063231e-18	2.985921502735947e-17
5912.999999999999	-9.408775803651764e-18	2.993816776246643e-17
5913.249999999999	-7.136005253614327e-18	2.9975658896549785e-17
5913.499999999999	-2.333804019835874e-19	2.9991405106690345e-17
5913.749999999999	5.628570744042084e-18	3.017336829783976e-17
5914.0	1.1525615363597442e-17	3.046324547170284e-17
5914.249999999999	3.907330725640198e-18	2.9839313061821445e-17
5914.5	-1.4369553299422132e-17	2.8648828106790227e-17
5914.749999999999	-1.1802648076908802e-17	2.854983113107988e-17
5915.0	4.789407179545307e-18	2.9208164328276134e-17
5915.249999999999	8.111407532950119e-18	2.9089606185440134e-17
5915.5	-4.9439577085922915e-19	2.8386734275341575e-17
5915.749999999999	-4.996809483253178e-18	2.809265833268917e-17
5916.0	-1.07059556839689e-18	2.8225748384526505e-17
5916.249999999999	3.1038368435179324e-18	2.8313237623555013e-17
5916.5	8.16624133575626e-18	2.834046840932026e-17
5916.749999999999	1.935128989755337e-17	2.8691239311157046e-17
5916.999999999999	3.3199320710011843e-17	2.935726859677249e-17
5917.249999999999	2.907210966112341e-17	2.914644341968988e-17
5917.499999999999	8.224369798942198e-18	2.788267026238646e-17
5917.749999999999	2.114268314247997e-20	2.7361056785555422e-17
5917.999999999999	1.1961519694078186e-17	2.778684966022832e-17
5918.249999999999	1.4537568571082678e-17	2.7771967026647264e-17
5918.499999999999	3.659213351411548e-18	2.7123556688079197e-17
5918.749999999999	-2.9801129577565384e-18	2.671028898224158e-17
5918.999999999999	-3.385655830648677e-18	2.674009395407309e-17
5919.249999999999	1.0636097592901806e-17	2.7260931535489554e-17
5919.499999999999	4.500288033995568e-17	2.8589499404535473e-17
5919.749999999999	5.824077446078891e-17	2.9077787428847976e-17
5919.999999999999	3.806929693558104e-17	2.8128584441053576e-17
5920.249999999999	2.0853193463959776e-17	2.7091923647093944e-17
5920.499999999999	2.907512762958831e-18	2.588776705089845e-17
5920.749999999999	-6.932604022529375e-18	2.5336373417654277e-17
5920.999999999999	9.518135698076175e-18	2.6363897174567648e-17
5921.25	1.7382221190956614e-17	2.6867057906293854e-17
5921.499999999999	5.407072041925391e-18	2.606379604833341e-17
5921.75	-1.3095859351442061e-18	2.5593002893976403e-17
5921.999999999999	8.832692483484108e-18	2.6113203546321202e-17
5922.25	1.7148140658132683e-17	2.651888931466416e-17
5922.499999999999	2.292739020896712e-17	2.6571815638977752e-17
5922.75	2.4477015479272936e-17	2.6358752111157568e-17
5922.999999999999	-4.755221459189716e-18	2.496258538809259e-17
5923.25	-2.6691880904889824e-17	2.4002471888018615e-17
5923.499999999999	-4.598223612902917e-19	2.5379562171796896e-17
5923.749999999999	2.4779265620738588e-17	2.6495504918747285e-17
5923.999999999999	2.1507069812015594e-17	2.6569880036344378e-17
5924.249999999999	1.6519633939463866e-17	2.6619830164814005e-17
5924.499999999999	2.1112766048901366e-17	2.6382933909184943e-17
5924.749999999999	2.4019627613922965e-17	2.6115054776532095e-17
5924.999999999999	1.5019730495778613e-17	2.5532372209437492e-17
5925.249999999999	1.0493402319791508e-17	2.504594699586446e-17
5925.499999999999	3.7409084384033066e-17	2.596164255140556e-17
5925.749999999999	6.008352772476515e-17	2.676137731123408e-17
5925.999999999999	2.062046619861798e-17	2.5312299153106534e-17
5926.249999999999	-1.7619205127730606e-17	2.376410325089921e-17
5926.499999999999	-3.1450809787585e-17	2.29481127376728e-17
5926.749999999999	-4.662502453456402e-17	2.210556807242221e-17
5926.999999999999	-1.1197649831248742e-17	2.33217303680283e-17
5927.249999999999	2.4325103759777573e-17	2.4479055306663492e-17
5927.499999999999	7.99855528197951e-18	2.3807040542135612e-17
5927.749999999999	-1.0334532356983348e-17	2.307143709519833e-17
5927.999999999999	1.429985340664719e-17	2.4137687794030208e-17
5928.249999999999	4.169154069028545e-17	2.522707969767887e-17
5928.5	1.6715253882526532e-17	2.4315549823702585e-17
5928.749999999999	-1.4057802161440697e-17	2.3219879619204646e-17
5929.0	-9.547097617767129e-20	2.3404407070252975e-17
5929.249999999999	1.7315389960546004e-17	2.370989148791371e-17
5929.5	1.9265276348737655e-17	2.4076855277421834e-17
5929.749999999999	2.0122801254881578e-17	2.4464443988323355e-17
5930.0	1.004258640440827e-17	2.3897376936832528e-17
5930.249999999999	-6.0298261330242075e-18	2.3166642274980733e-17
5930.5	-1.060887342458146e-17	2.3101662274781017e-17
5930.749999999999	-1.0232564975693324e-17	2.3206199706234244e-17
5930.999999999999	-2.362216691600093e-18	2.3637729905635808e-17
5931.249999999999	8.33167580390564e-18	2.41129964527455e-17
5931.499999999999	8.99522106614159e-18	2.444072541143901e-17
5931.749999999999	4.348734566423501e-18	2.4752223432153004e-17
5931.999999999999	3.817444730786817e-18	2.454872707529761e-17
5932.249999999999	6.398528656179919e-18	2.4217298964904762e-17
5932.499999999999	1.2438580395936507e-17	2.444710462832302e-17
5932.749999999999	1.927313456455691e-17	2.48796836927413e-17
5932.999999999999	1.3965531818471632e-17	2.4299138560349533e-17
5933.249999999999	5.103174156679534e-18	2.3271239263438063e-17
5933.499999999999	3.526073255147157e-18	2.2773034997942275e-17
5933.749999999999	4.2870438499296025e-18	2.250324176935198e-17
5933.999999999999	1.7402851075433686e-17	2.2944822213196063e-17
5934.249999999999	3.5702673646062724e-17	2.3743605715320145e-17
5934.499999999999	3.3125701635494624e-17	2.350928364575735e-17
5934.749999999999	1.5950154829306834e-17	2.271977449266121e-17
5934.999999999999	1.4639594682196194e-17	2.2527241587644593e-17
5935.25	1.9785395937382423e-17	2.2724380234311906e-17
5935.499999999999	1.1652021796085346e-17	2.216795403422096e-17
5935.75	-4.186734965767747e-18	2.1067851796000962e-17
5935.999999999999	6.303838809919136e-18	2.126687145138122e-17
5936.25	3.3383874630839774e-17	2.243983506667734e-17
5936.499999999999	3.482936282510884e-17	2.2548063378023778e-17
5936.75	1.5781418256152142e-17	2.179395093770001e-17
5936.999999999999	8.683441804019328e-18	2.140132800559049e-17
5937.25	1.2984541934098044e-17	2.1364179324280733e-17
5937.499999999999	1.4730872408430195e-17	2.1169646296542962e-17
5937.75	8.384324195533415e-18	2.082097974218451e-17
5937.999999999999	7.227723039934207e-18	2.0745833692256518e-17
5938.249999999999	1.2389858630676521e-17	2.100425649614666e-17
5938.499999999999	1.6145205672108063e-17	2.113770223564739e-17
5938.749999999999	1.9938328397753677e-17	2.1121765773965943e-17
5938.999999999999	1.8112088967526453e-17	2.081077067906438e-17
5939.249999999999	8.068064923213566e-18	2.0112072722336765e-17
5939.499999999999	1.4281801637344291e-18	1.970214020872896e-17
5939.749999999999	-7.626554065938513e-19	1.97557812170918e-17
5939.999999999999	2.647356808890238e-18	1.9902483353089304e-17
5940.249999999999	1.5039222179732812e-17	2.024620998482959e-17
5940.499999999999	2.6543929726167364e-17	2.0621943543192e-17
5940.749999999999	3.653369568538045e-17	2.105510163403907e-17
5940.999999999999	4.021389171380032e-17	2.113074895541827e-17
5941.249999999999	3.106256429527711e-17	2.056865160504766e-17
5941.499999999999	1.8599417462328394e-17	1.9843088476385546e-17
5941.749999999999	-2.465654179633777e-18	1.871362959822604e-17
5941.999999999999	-7.910697947578415e-18	1.8345774108017584e-17
5942.249999999999	2.2156573683353456e-17	1.9882176069051127e-17
5942.5	3.827348150670608e-17	2.0653627869375232e-17
5942.749999999999	2.0090147473020435e-17	1.960855630294716e-17
5943.0	3.5195542447396264e-18	1.876678753311115e-17
5943.249999999999	-5.1981952887756445e-18	1.8672872755084328e-17
5943.5	-8.603358313015006e-18	1.8681946926404035e-17
5943.749999999999	4.929830601103228e-18	1.9100912252300918e-17
5944.0	1.5288903338909493e-17	1.9413765194858274e-17
5944.249999999999	1.0708715778877836e-17	1.937463128007839e-17
5944.5	7.945865531321107e-18	1.9299797904421943e-17
5944.749999999999	9.349091413733613e-18	1.9004426596930283e-17
5944.999999999999	1.0203208335753817e-17	1.8720156053259084e-17
5945.249999999999	5.826287589957572e-18	1.8353020210183548e-17
5945.499999999999	2.294527674894266e-18	1.8089993319003937e-17
5945.749999999999	9.940614887215183e-18	1.837658824019641e-17
5945.999999999999	1.6552056110753495e-17	1.861025021963039e-17
5946.249999999999	9.522191364619522e-18	1.822194020723472e-17
5946.499999999999	6.010767891710986e-18	1.7871794653941024e-17
5946.749999999999	1.056822742364183e-17	1.8011219254909287e-17
5946.999999999999	1.2710915550549178e-17	1.812973934743711e-17
5947.249999999999	6.452195720732053e-18	1.7724822857063827e-17
5947.499999999999	1.3533041882764353e-18	1.733973719469589e-17
5947.749999999999	4.804891173431687e-18	1.725630114066889e-17
5947.999999999999	7.577011634113298e-18	1.7207484249638462e-17
5948.249999999999	1.5272128116086918e-17	1.767415639018373e-17
5948.499999999999	2.4415827275001164e-17	1.8142312492747916e-17
5948.749999999999	1.345108689562413e-18	1.7120306030520273e-17
5948.999999999999	-2.3718705924521074e-17	1.6036821850806465e-17
5949.25	-1.7872128834908495e-17	1.6100648761232282e-17
5949.499999999999	-8.873901794420888e-18	1.620648652060844e-17
5949.75	-1.0985426925726066e-18	1.638723541061863e-17
5949.999999999999	4.933870964805243e-18	1.654986408213023e-17
5950.25	9.947960251054654e-18	1.7173277022586944e-17
5950.499999999999	1.592006365298338e-17	1.7787073161242117e-17
5950.75	2.2516099464793504e-17	1.8199596404528438e-17
5950.999999999999	2.897767210494946e-17	1.8575765059893053e-17
5951.25	2.2163376416711092e-17	1.8338170663826996e-17
5951.499999999999	1.4062298715250535e-17	1.8001243456721897e-17
5951.75	2.0810530383096435e-18	1.74315161923811e-17
5951.999999999999	-1.0218780010785128e-17	1.6849086742553936e-17
5952.249999999999	-3.619173673860919e-18	1.684679379789594e-17
5952.499999999999	5.7410019600809044e-18	1.6979198944186077e-17
5952.749999999999	5.679160283125215e-18	1.7034054253688144e-17
5952.999999999999	3.6950530194019395e-18	1.709984158216571e-17
5953.249999999999	4.284621451505741e-18	1.7196663072865043e-17
5953.499999999999	7.391896884830056e-18	1.7284772697352967e-17
5953.749999999999	7.789276932642368e-18	1.7059954933028404e-17
5953.999999999999	5.186212750422201e-18	1.6742865171373552e-17
5954.249999999999	-1.780411969930561e-18	1.612543109238437e-17
5954.499999999999	-9.660156818987242e-18	1.539252425424401e-17
5954.749999999999	5.683111311321075e-19	1.5658169999242966e-17
5954.999999999999	1.6822375426213374e-17	1.629718687477488e-17
5955.249999999999	1.5464032363837995e-17	1.621028658834251e-17
5955.499999999999	7.197305954449407e-18	1.5806882184128974e-17
5955.749999999999	1.2397523286232437e-17	1.6115190596400964e-17
5955.999999999999	2.4236089199699516e-17	1.6750736622082607e-17
5956.249999999999	1.5615206238226962e-17	1.62234056728576e-17
5956.5	-3.0288363773777494e-18	1.501243641713712e-17
5956.749999999999	-6.576188459579572e-21	1.4884412019371063e-17
5957.0	1.4251220149712746e-17	1.5427689356444866e-17
5957.249999999999	2.742498792073842e-17	1.616840643392895e-17
5957.5	4.153381719980629e-17	1.700381087613198e-17
5957.749999999999	3.762140179494073e-17	1.6870418076190454e-17
5958.0	2.2504798523264804e-17	1.6010413282570097e-17
5958.249999999999	1.783353258752677e-17	1.5636516065167553e-17
5958.5	2.1117935927729822e-17	1.5624801533332577e-17
5958.749999999999	1.585149203456396e-17	1.5343417849999188e-17
5959.0	1.261078513060448e-18	1.482111781325973e-17
5959.249999999999	1.786387315880491e-18	1.4823875633421982e-17
5959.499999999999	1.9608596007616564e-17	1.5319623172498488e-17
5959.749999999999	2.489303273346668e-17	1.543384688892471e-17
5959.999999999999	1.6577243760405734e-17	1.520244642128545e-17
5960.249999999999	1.6167415471555112e-17	1.5266253479376566e-17
5960.499999999999	2.3538502973715172e-17	1.566722431822797e-17
5960.749999999999	1.6801227726672843e-17	1.5296874051292054e-17
5960.999999999999	-8.636749939982547e-18	1.3955984499841545e-17
5961.249999999999	-9.513213973431484e-18	1.3880853339164578e-17
5961.499999999999	2.2111273964287602e-17	1.5447096667976585e-17
5961.749999999999	3.4855809443653385e-17	1.6061038390419567e-17
5961.999999999999	2.2300134187384484e-17	1.547019651376274e-17
5962.249999999999	1.362619007115849e-17	1.5041705375931696e-17
5962.499999999999	1.3135997049895278e-17	1.48545640341477e-17
5962.749999999999	1.1227530076515995e-17	1.4678435775039234e-17
5962.999999999999	9.23202302318082e-18	1.4549316190142156e-17
5963.249999999999	9.08820278443745e-18	1.4495837309179378e-17
5963.499999999999	1.1747492500844378e-17	1.4553738297696865e-17
5963.75	1.1103183323753349e-17	1.4478090976317665e-17
5963.999999999999	4.669206669603083e-18	1.415456574949715e-17
5964.25	2.115419911219384e-18	1.4034789996799472e-17
5964.499999999999	9.487879912810823e-18	1.434346402290221e-17
5964.75	1.7800660429983913e-17	1.4738700845747397e-17
5964.999999999999	2.7370187205156783e-17	1.536004583467273e-17
5965.25	3.1494561024544157e-17	1.56859864288819e-17
5965.499999999999	2.541972013617512e-17	1.5256610207795423e-17
5965.75	2.2846991562149416e-17	1.4987422475413517e-17
5965.999999999999	3.170047274878821e-17	1.523130840721865e-17
5966.249999999999	3.4912911375699145e-17	1.5326478845415327e-17
5966.499999999999	2.2002863673206402e-17	1.4832612315051767e-17
5966.749999999999	9.353515175649546e-18	1.4424850323371302e-17
5966.999999999999	2.707165275900272e-18	1.4301332405582434e-17
5967.249999999999	1.6876030289851473e-18	1.4306639596392574e-17
5967.499999999999	1.5961603008984568e-17	1.4911948861962953e-17
5967.749999999999	2.510844379986529e-17	1.5277395602227656e-17
5967.999999999999	1.3037120842554365e-17	1.4413403798054793e-17
5968.249999999999	1.6579457088929773e-18	1.3636086460007075e-17
5968.499999999999	-6.020545993731975e-18	1.3687590860847689e-17
5968.749999999999	-1.2094608091554293e-17	1.3774881576529185e-17
5968.999999999999	3.909773389989067e-18	1.4235649301862048e-17
5969.249999999999	1.6776872220716832e-17	1.4595186663830672e-17
5969.499999999999	2.036711607983432e-18	1.3950956896078447e-17
5969.749999999999	-1.1844583652423403e-17	1.3382646592126952e-17
5969.999999999999	5.868208276221147e-18	1.40403139089301e-17
5970.249999999999	2.1892754353147018e-17	1.4629193713173952e-17
5970.5	1.0508002884783682e-17	1.4222809804394e-17
5970.749999999999	2.66868136998549e-19	1.3816851893629513e-17
5971.0	3.2293095958894167e-18	1.3928882754251857e-17
5971.249999999999	6.4282289896639414e-18	1.4026590982567846e-17
5971.5	1.1143915351476685e-17	1.41261090820641e-17
5971.749999999999	1.472671996175518e-17	1.4229809406737424e-17
5972.0	9.373609047089685e-18	1.39381240160553e-17
5972.249999999999	4.440204612149921e-18	1.3628771701850268e-17
5972.5	1.0255603610114151e-17	1.4040558754391416e-17
5972.749999999999	1.6385334549570982e-17	1.4457007796864914e-17
5972.999999999999	1.6165775999581032e-17	1.437092311051652e-17
5973.249999999999	1.509352989566937e-17	1.424747633026033e-17
5973.499999999999	1.770110758890193e-17	1.435906134053251e-17
5973.749999999999	2.1612495635446702e-17	1.4474332267614224e-17
5973.999999999999	1.5659038538886147e-17	1.433279173863905e-17
5974.249999999999	7.18414302936185e-18	1.4162544733685837e-17
5974.499999999999	9.866950317764273e-18	1.4252130048386555e-17
5974.749999999999	1.4517373783607808e-17	1.4381704582620536e-17
5974.999999999999	1.629524300033538e-17	1.4348769559351125e-17
5975.249999999999	1.71905121578301e-17	1.4276215893462874e-17
5975.499999999999	2.1440066528037573e-17	1.4688256063271463e-17
5975.749999999999	2.5774717930942053e-17	1.51723883321865e-17
5975.999999999999	1.918228862660266e-17	1.4781057456193787e-17
5976.249999999999	9.645312235714365e-18	1.4182560850148395e-17
5976.499999999999	7.875303716347883e-18	1.3997196292320162e-17
5976.749999999999	7.21294959419401e-18	1.3910567321128708e-17
5976.999999999999	2.470817647812486e-18	1.3834958050057686e-17
5977.249999999999	-2.5997066561138144e-18	1.3757662984898281e-17
5977.499999999999	9.342557514075056e-18	1.4302363072625675e-17
5977.75	2.6342729622692416e-17	1.500656178042677e-17
5977.999999999999	2.0416020238419375e-17	1.4608105570637525e-17
5978.25	7.43306897263927e-18	1.3812500923607484e-17
5978.499999999999	9.43219328679314e-18	1.3906103854543372e-17
5978.75	1.5738075646415588e-17	1.4344713065627165e-17
5978.999999999999	1.6674240613394928e-17	1.438863635615373e-17
5979.25	1.5936112611228134e-17	1.42743067606091e-17
5979.499999999999	1.3576325142291956e-17	1.419561045149203e-17
5979.75	1.1227339824975108e-17	1.4123005500405802e-17
5979.999999999999	1.7600115453554107e-17	1.42863984868034e-17
5980.25	2.774306202732221e-17	1.4585915623525177e-17
5980.499999999999	2.0238879510241144e-17	1.4172077163064898e-17
5980.749999999999	1.1490567514248417e-18	1.332556368523528e-17
5980.999999999999	-3.844934424083792e-18	1.2899291872987716e-17
5981.249999999999	-2.9876533294254187e-19	1.2757589216612482e-17
5981.499999999999	2.4980821411876934e-18	1.2854394990880176e-17
5981.749999999999	5.031862916071338e-18	1.3115055318327273e-17
5981.999999999999	1.021448446186414e-17	1.3364030065260834e-17
5982.249999999999	1.7464135232656515e-17	1.3590263962794087e-17
5982.499999999999	2.0487515113123558e-17	1.3781501502971447e-17
5982.749999999999	2.153392505778274e-17	1.3920749914469236e-17
5982.999999999999	1.877630672760041e-17	1.3869136325787765e-17
5983.249999999999	1.3873559260523086e-17	1.3628707181762489e-17
5983.499999999999	5.791037701743931e-18	1.3231115375713363e-17
5983.749999999999	-5.995598226457376e-18	1.2683263729852142e-17
5983.999999999999	-4.3608895719346615e-18	1.2669520951155186e-17
5984.249999999999	9.528635928771923e-18	1.3234384393494173e-17
5984.499999999999	1.3892392508709693e-17	1.332205147635438e-17
5984.749999999999	8.839578762083612e-18	1.2920896176226376e-17
5985.0	8.635021132502311e-18	1.2866812626235822e-17
5985.249999999999	1.1910015293237572e-17	1.3214623048660281e-17
5985.5	1.360450801294225e-17	1.3419815952952023e-17
5985.749999999999	1.5034705773588273e-17	1.3459414743236161e-17
5986.0	1.5543269649075675e-17	1.338283353494539e-17
5986.249999999999	1.2946671124113529e-17	1.3125484411490342e-17
5986.5	8.845923237381894e-18	1.2908180755850211e-17
5986.749999999999	3.866248800517752e-18	1.2741101852643075e-17
5987.0	2.7054801021973483e-18	1.2698776675059962e-17
5987.249999999999	3.389007566490742e-18	1.2861000855252024e-17
5987.499999999999	4.317879075214048e-18	1.2970928195576646e-17
5987.749999999999	5.786733467426511e-18	1.2978884845888794e-17
5987.999999999999	1.2748073330845672e-17	1.3192255257716235e-17
5988.249999999999	2.6483406575108084e-17	1.3767412962778444e-17
5988.499999999999	3.403913071615733e-17	1.414763893904763e-17
5988.749999999999	3.151409241316776e-17	1.412009878773329e-17
5988.999999999999	2.5991659281473885e-17	1.395210502276867e-17
5989.249999999999	1.3609830093003416e-17	1.3413971094743723e-17
5989.499999999999	4.9528489695990474e-18	1.2982637764327947e-17
5989.749999999999	8.519643499121577e-18	1.2862129956788159e-17
5989.999999999999	1.1289916038314745e-17	1.2756272345077298e-17
5990.249999999999	8.031746731238812e-18	1.2718013587385495e-17
5990.499999999999	7.088113977689344e-18	1.2781743717679643e-17
5990.749999999999	1.352092223922438e-17	1.3215062281565547e-17
5990.999999999999	1.766382490433294e-17	1.3458328655091879e-17
5991.249999999999	1.3906739129253813e-17	1.3045357079913555e-17
5991.499999999999	9.935502083848993e-18	1.2732622424183794e-17
5991.75	1.0272274608179545e-17	1.2793764306341264e-17
5991.999999999999	1.1624824097544602e-17	1.2916292916117519e-17
5992.25	1.6689126555698432e-17	1.331205913455474e-17
5992.499999999999	2.000645995608722e-17	1.3568921875809606e-17
5992.75	1.1638048233997487e-17	1.3134327799419146e-17
5992.999999999999	5.371441650629976e-18	1.278825528346166e-17
5993.25	6.571783703430682e-18	1.2969842934612977e-17
5993.499999999999	6.48235100355298e-18	1.3112654013009032e-17
5993.75	3.4069154063670555e-18	1.3002747352199723e-17
5993.999999999999	2.475303034684055e-18	1.290602264163206e-17
5994.249999999999	9.028356267119239e-18	1.2863469162199882e-17
5994.499999999999	1.257379299322565e-17	1.2787893805533975e-17
5994.749999999999	3.1979247090879297e-19	1.2454314198367878e-17
5994.999999999999	-1.1849511994512994e-17	1.2151874632541952e-17
5995.249999999999	-2.2146439480078763e-18	1.2396514953065735e-17
5995.499999999999	7.978301764681149e-18	1.2631430938308345e-17
5995.749999999999	1.523259384589056e-17	1.2846707174267108e-17
5995.999999999999	2.1368657680117095e-17	1.3050268878390895e-17
5996.249999999999	1.2740777597842954e-17	1.2803520074485714e-17
5996.499999999999	4.414231140915756e-18	1.2582409733666615e-17
5996.749999999999	9.019567473110863e-18	1.2990022005656208e-17
5996.999999999999	1.2786981425318329e-17	1.3376637952157367e-17
5997.249999999999	1.7120441688140732e-17	1.3526616550561194e-17
5997.499999999999	2.345353001811005e-17	1.3672546099866574e-17
5997.749999999999	2.0031594666180256e-17	1.3433053324294709e-17
5997.999999999999	1.4384215902960247e-17	1.3165833454590066e-17
5998.249999999999	1.7470633563548732e-17	1.3338067347374632e-17
5998.499999999999	2.0678984263872433e-17	1.3541206362205405e-17
5998.749999999999	2.121077702532155e-17	1.3543387637480707e-17
5999.0	2.0823848404548845e-17	1.353420345113953e-17
5999.249999999999	2.1255656536636226e-17	1.3467900789140343e-17
5999.5	2.085098820044671e-17	1.3394540622154852e-17
5999.749999999999	1.4812741782377018e-17	1.3121005228473367e-17
6000.0	7.869301693823199e-18	1.2824229368301592e-17
6000.249999999999	1.722843011710953e-17	1.309074448012434e-17
6000.5	2.7660181838666848e-17	1.342777922070907e-17
6000.749999999999	1.9133933302354035e-17	1.3064100992594007e-17
6001.0	7.211735293054782e-18	1.256681737911999e-17
6001.249999999999	8.87381494045657e-18	1.2682182604791536e-17
6001.499999999999	1.2592110907890636e-17	1.2906309673304616e-17
6001.749999999999	7.849096153000366e-18	1.2859983423098584e-17
6001.999999999999	-4.539241499324823e-19	1.2776744238057373e-17
6002.249999999999	8.420478605746883e-18	1.2999724834241455e-17
6002.499999999999	2.0931284276868457e-17	1.3312936773184659e-17
6002.749999999999	1.7748915319585046e-17	1.314152178920652e-17
6002.999999999999	9.429012777337874e-18	1.2866560336148993e-17
6003.249999999999	1.5951058110535742e-17	1.3259175823633e-17
6003.499999999999	2.7169622376392275e-17	1.3841175966722247e-17
6003.749999999999	2.6756829472226262e-17	1.3751026514843768e-17
6003.999999999999	2.117833831041967e-17	1.3443919168821205e-17
6004.249999999999	1.6185823548906867e-17	1.3074866748266384e-17
6004.499999999999	1.1039596295705173e-17	1.2673924033555806e-17
6004.749999999999	1.074137617818388e-17	1.2830359603821222e-17
6004.999999999999	1.3802736056476295e-17	1.3209531751990017e-17
6005.249999999999	8.538716629685825e-18	1.2944647013154611e-17
6005.499999999999	-2.0771272391224668e-18	1.2374568197053478e-17
6005.749999999999	-6.527050086096544e-19	1.233017093203592e-17
6005.999999999999	5.984036723035722e-18	1.2548463895688663e-17
6006.25	3.3431526024387116e-18	1.235665808243048e-17
6006.499999999999	-4.756590029513185e-18	1.1926722687249918e-17
6006.75	-7.089233049660552e-19	1.2004851550466777e-17
6006.999999999999	8.98898743304539e-18	1.2371424083545164e-17
6007.25	1.4818502268162838e-17	1.2800893776040858e-17
6007.499999999999	1.8868765667749136e-17	1.3280227570222474e-17
6007.75	1.938743934468316e-17	1.3303251315392275e-17
6007.999999999999	1.8262804583856065e-17	1.3057370223949663e-17
6008.25	1.0168427045357188e-17	1.2603770845805184e-17
6008.499999999999	-2.0646386730292943e-18	1.1983878386035495e-17
6008.749999999999	4.286812652948394e-18	1.216583495974001e-17
6008.999999999999	2.3647699086378297e-17	1.2936459579451561e-17
6009.249999999999	2.4630354912505566e-17	1.3028461088721547e-17
6009.499999999999	1.4284767286635447e-17	1.258966907072238e-17
6009.749999999999	1.1904254807451753e-17	1.2330152734062443e-17
6009.999999999999	1.4145116038179344e-17	1.2248576182052464e-17
6010.249999999999	1.5913284080682895e-17	1.2386180158492497e-17
6010.499999999999	1.7241084326120366e-17	1.2711582258122895e-17
6010.749999999999	1.7304552240160335e-17	1.2818625219651545e-17
6010.999999999999	1.6130976511210926e-17	1.2725172008406529e-17
6011.249999999999	2.2078292618903888e-17	1.2993093327270617e-17
6011.499999999999	3.372640350505308e-17	1.3630763552765296e-17
6011.749999999999	3.7093961657874865e-17	1.3728188885311791e-17
6011.999999999999	2.988740203391283e-17	1.3180407549802638e-17
6012.249999999999	2.2478639763573427e-17	1.277146517138806e-17
6012.499999999999	1.5615834895492502e-17	1.2548080911065051e-17
6012.749999999999	1.7172891556421494e-17	1.271142178508406e-17
6013.0	2.7772291281447385e-17	1.339999256957219e-17
6013.249999999999	2.856148445154953e-17	1.3514636493749589e-17
6013.5	1.239210690758144e-17	1.2791410150317938e-17
6013.749999999999	6.467350496734637e-18	1.2291815394212448e-17
6014.0	1.4989978463506305e-17	1.2203988665494018e-17
6014.249999999999	1.6009754846802505e-17	1.2153156762491409e-17
6014.5	8.965014911712991e-18	1.2138896168730995e-17
6014.749999999999	7.102157022948657e-18	1.2156467139302846e-17
6015.0	1.1365440109782674e-17	1.2231320367293995e-17
6015.249999999999	1.165037074358269e-17	1.2265799736767043e-17
6015.499999999999	8.849358518465827e-18	1.2194313961049598e-17
6015.749999999999	5.444789409906278e-18	1.2110873771119536e-17
6015.999999999999	2.410599106013779e-18	1.1992443014097869e-17
6016.249999999999	5.290536355687083e-18	1.2142324005189415e-17
6016.499999999999	1.9727559468952715e-17	1.2877413772966301e-17
6016.749999999999	2.890878450353604e-17	1.3324622353698195e-17
6016.999999999999	2.6638665067361837e-17	1.3113347190362351e-17
6017.249999999999	2.4643399550765528e-17	1.2898367912243495e-17
6017.499999999999	2.1809925449689634e-17	1.2657696404298741e-17
6017.749999999999	1.9381220600837988e-17	1.2516868077830975e-17
6017.999999999999	2.0114291220739632e-17	1.2663261675459998e-17
6018.249999999999	1.8752824724371253e-17	1.2689325309380931e-17
6018.499999999999	1.0425809256036737e-17	1.2318168541347775e-17
6018.749999999999	5.095578570704766e-18	1.2040843833280184e-17
6018.999999999999	7.723186028879994e-18	1.2121207738512161e-17
6019.249999999999	8.641323421589353e-18	1.217688361118188e-17
6019.499999999999	5.821986664362602e-18	1.211834321205089e-17
6019.749999999999	2.8111025878190913e-18	1.1969739387825126e-17
6019.999999999999	-4.718141433870801e-18	1.1431933850503362e-17
6020.25	-9.350845863812838e-18	1.1067063655125608e-17
6020.499999999999	1.3526033595024498e-18	1.1638754646240608e-17
6020.75	1.1109124962093317e-17	1.2134331786110927e-17
6020.999999999999	1.3557825247892208e-17	1.2430829713596885e-17
6021.25	1.6917741079034613e-17	1.2681920388537356e-17
6021.499999999999	1.86373205323568e-17	1.2691671193598131e-17
6021.75	2.118918264825024e-17	1.2729444396270365e-17
6021.999999999999	3.0016991457397835e-17	1.2945307930464041e-17
6022.249999999999	3.6266890233162694e-17	1.3120293853146571e-17
6022.499999999999	2.779876106104908e-17	1.2973316266005087e-17
6022.749999999999	2.09854067043478e-17	1.2809776041458453e-17
6022.999999999999	1.7464899547542514e-17	1.2585141084049265e-17
6023.249999999999	1.3542883884487662e-17	1.2383162603617904e-17
6023.499999999999	1.5857851399113267e-17	1.2475320450023662e-17
6023.749999999999	1.7771014276830013e-17	1.2570898688262327e-17
6023.999999999999	1.8614581337317716e-17	1.2703677720189339e-17
6024.249999999999	1.927775850418108e-17	1.284354899868838e-17
6024.499999999999	2.069383215586776e-17	1.2683044526989816e-17
6024.749999999999	2.18101736038734e-17	1.2524824728143123e-17
6024.999999999999	1.7901382904452045e-17	1.24905380917528e-17
6025.249999999999	1.23618453320518e-17	1.2463892949861242e-17
6025.499999999999	7.390338476556006e-18	1.2052924806126521e-17
6025.749999999999	3.374985407541896e-18	1.162926853897585e-17
6025.999999999999	1.0724868134699159e-17	1.2061617647183841e-17
6026.249999999999	1.8877176440217575e-17	1.2491246985537758e-17
6026.499999999999	1.4373088669360184e-17	1.2382385053842104e-17
6026.749999999999	9.452924087304944e-18	1.223931837663677e-17
6027.0	1.785168258452741e-17	1.2619442609690614e-17
6027.249999999999	2.7076352799243246e-17	1.303528532877511e-17
6027.5	2.5460063389010556e-17	1.2974226164678895e-17
6027.749999999999	2.308289685540464e-17	1.2872976776160567e-17
6028.0	1.2409197286217398e-17	1.2253373829605271e-17
6028.249999999999	2.5529024506100913e-19	1.1561224661787237e-17
6028.5	2.92371888551997e-18	1.1752633428351395e-17
6028.749999999999	8.406029414806806e-18	1.2041141618300703e-17
6029.0	1.7408413037872493e-17	1.241052656546177e-17
6029.249999999999	2.6294958287956253e-17	1.2789608550943797e-17
6029.5	3.5277741039226883e-17	1.3114247990049421e-17
6029.749999999999	4.3723887059381286e-17	1.3420811051228924e-17
6029.999999999999	3.293725665706524e-17	1.2905958948724894e-17
6030.249999999999	2.011216205784292e-17	1.2219669528366186e-17
6030.499999999999	1.9077084487575716e-17	1.232279992559746e-17
6030.749999999999	2.1728372058736805e-17	1.2580580010151647e-17
6030.999999999999	2.5250899190597947e-17	1.277404101181555e-17
6031.249999999999	3.00648091142483e-17	1.294898474828684e-17
6031.499999999999	2.3436668768503768e-17	1.2672141459335754e-17
6031.749999999999	1.39459259835929e-17	1.2277199939969249e-17
6031.999999999999	1.0578178406410843e-17	1.214791491894966e-17
6032.249999999999	7.847538571906928e-18	1.2092315974076909e-17
6032.499999999999	1.1759574300871328e-17	1.2346061071603063e-17
6032.749999999999	1.7701857014536905e-17	1.2699472333955119e-17
6032.999999999999	2.1016995077579977e-17	1.2674280548399817e-17
6033.249999999999	2.2694674524153902e-17	1.2525416162281098e-17
6033.499999999999	1.459165460261507e-17	1.2211835300784696e-17
6033.749999999999	2.809869881911234e-18	1.1847141294877417e-17
6033.999999999999	2.0758959807806816e-18	1.171137365939725e-17
6034.25	5.675822195763257e-18	1.1672367957612312e-17
6034.499999999999	1.487000915054529e-17	1.2072164199993892e-17
6034.75	2.565520025859549e-17	1.2630579769458028e-17
6034.999999999999	3.096909288605862e-17	1.2983474043927238e-17
6035.25	3.424406967600102e-17	1.3229836554486356e-17
6035.499999999999	2.324495808101603e-17	1.2718586823549994e-17
6035.75	5.292511249399553e-18	1.1783460795420022e-17
6035.999999999999	7.038976140581244e-18	1.1887415064541398e-17
6036.25	1.9208748480037006e-17	1.2540147421810055e-17
6036.499999999999	2.4655486313876153e-17	1.2706653916033304e-17
6036.749999999999	2.4853159319219175e-17	1.2604550049942209e-17
6036.999999999999	2.4431191327698724e-17	1.2603466443339764e-17
6037.249999999999	2.2543872881040584e-17	1.2645228310925729e-17
6037.499999999999	1.894641642057194e-17	1.2462030966302385e-17
6037.749999999999	1.3898247293085343e-17	1.2133015741756355e-17
6037.999999999999	8.835490008315763e-18	1.1831170091610243e-17
6038.249999999999	2.0251033688571692e-18	1.1553152206189332e-17
6038.499999999999	6.308955335598083e-18	1.1802332093914807e-17
6038.749999999999	1.8784619892756567e-17	1.2417948029917596e-17
6038.999999999999	1.9454502185665286e-17	1.2371297524911443e-17
6039.249999999999	1.0756213316831243e-17	1.179053980710225e-17
6039.499999999999	5.465582248964023e-18	1.155366671253034e-17
6039.749999999999	1.3234739874362418e-19	1.1624690094285368e-17
6039.999999999999	-3.297250489091766e-19	1.1574459551588086e-17
6040.249999999999	4.8857489054893584e-18	1.1413314842095405e-17
6040.499999999999	8.875896126877753e-18	1.1426112153352213e-17
6040.749999999999	1.115854569497091e-17	1.1588926113321026e-17
6040.999999999999	1.6118347117618466e-17	1.1977322979681012e-17
6041.249999999999	2.4179010428710907e-17	1.2579393005972634e-17
6041.5	2.768432062330237e-17	1.2868897948560068e-17
6041.749999999999	2.929389663568358e-17	1.2821954621617071e-17
6042.0	2.6302796651440806e-17	1.2604272944437004e-17
6042.249999999999	1.6703549276858907e-17	1.2189303728079364e-17
6042.5	9.951249948350778e-18	1.1973504713973467e-17
6042.749999999999	8.63741499319504e-18	1.2009477144452173e-17
6043.0	1.0603457045930463e-17	1.2117755913815977e-17
6043.249999999999	1.6345548816468406e-17	1.2299732339855193e-17
6043.499999999999	1.859474389186747e-17	1.2374406069653418e-17
6043.749999999999	1.5625643603196156e-17	1.2279988365814165e-17
6043.999999999999	1.5400686872528685e-17	1.2249884781781523e-17
6044.249999999999	1.960033247329716e-17	1.2317409189545451e-17
6044.499999999999	2.1542147233071517e-17	1.2351073786115134e-17
6044.749999999999	1.953227370685752e-17	1.2290334740915978e-17
6044.999999999999	1.6597655269201093e-17	1.2153895434778419e-17
6045.249999999999	1.1904706448066207e-17	1.1886713615381953e-17
6045.499999999999	1.2891254158975539e-17	1.1935878749450268e-17
6045.749999999999	2.4100257871312184e-17	1.2561618548970094e-17
6045.999999999999	3.0724737115665556e-17	1.2844575529828559e-17
6046.249999999999	2.7661088428618206e-17	1.2523483868370175e-17
6046.499999999999	2.536832409599475e-17	1.229250278130148e-17
6046.749999999999	2.409755464507036e-17	1.225788361830491e-17
6046.999999999999	2.2982128058822204e-17	1.2349175406609325e-17
6047.249999999999	2.4427975249477118e-17	1.2634587459525847e-17
6047.499999999999	2.7609555076456153e-17	1.2883797125753373e-17
6047.749999999999	3.2896903478062456e-17	1.3083431376328758e-17
6047.999999999999	3.1961726164734505e-17	1.3058547301961326e-17
6048.25	1.7056469193927106e-17	1.2372625976975204e-17
6048.499999999999	8.689361108482757e-18	1.193142769057412e-17
6048.75	2.122865570708127e-17	1.2243794250931295e-17
6048.999999999999	2.946093748858254e-17	1.2401019778681699e-17
6049.25	2.1290826601920756e-17	1.2083988746850338e-17
6049.499999999999	1.322650053507593e-17	1.1827769552112037e-17
6049.75	7.896892303154905e-18	1.1807220731334995e-17
6049.999999999999	7.085793736071133e-18	1.1888671551891866e-17
6050.25	1.8986830810940055e-17	1.232513919236976e-17
6050.499999999999	2.5167893270489476e-17	1.2589530931560084e-17
6050.75	1.583138823695647e-17	1.2174699027184128e-17
6050.999999999999	6.604969776016003e-18	1.1807882475825037e-17
6051.249999999999	2.46853793804429e-18	1.1616928658597783e-17
6051.499999999999	-1.0462872117357942e-18	1.153871707731967e-17
6051.749999999999	3.070583148917535e-18	1.1891196107121378e-17
6051.999999999999	9.321996285588826e-18	1.2220920225452366e-17
6052.249999999999	1.9609664724967982e-17	1.252355996898653e-17
6052.499999999999	2.6511209769857217e-17	1.2724763381183928e-17
6052.749999999999	1.962897773790987e-17	1.2361632746634374e-17
6052.999999999999	1.4224000944476076e-17	1.2077268731553957e-17
6053.249999999999	1.9129147235329803e-17	1.2372210732307702e-17
6053.499999999999	2.3472535319864068e-17	1.2610026812777923e-17
6053.749999999999	2.2105665679734492e-17	1.2469803155337933e-17
6053.999999999999	2.098592121068881e-17	1.2371600273015638e-17
6054.249999999999	2.4621960683649378e-17	1.256105358461172e-17
6054.499999999999	2.5896655933760945e-17	1.2682040329726177e-17
6054.749999999999	1.7488598272092158e-17	1.2145444130459965e-17
6054.999999999999	1.1274858869624442e-17	1.1724170143473446e-17
6055.249999999999	2.478794274536427e-17	1.268829133361524e-17
6055.5	3.626746925959148e-17	1.3501689462801909e-17
6055.749999999999	2.6618395833631838e-17	1.2818520994894363e-17
6056.0	1.696887738450264e-17	1.2147154739966724e-17
6056.249999999999	1.6607238983778132e-17	1.2092309356632008e-17
6056.5	1.6715023926316242e-17	1.2055715713513275e-17
6056.749999999999	1.5701216478320225e-17	1.2062121400176886e-17
6057.0	1.3836879590620647e-17	1.2074246213595688e-17
6057.249999999999	1.4159292259517278e-17	1.2074017911746623e-17
6057.5	1.501112781740806e-17	1.2065200166416808e-17
6057.749999999999	8.895915552062761e-18	1.161762100877049e-17
6057.999999999999	2.1381884711702125e-18	1.1161159585706578e-17
6058.249999999999	7.524308648565095e-18	1.1652521413175328e-17
6058.499999999999	1.4202487631104797e-17	1.2122975423481187e-17
6058.749999999999	1.3880696174848193e-17	1.1969433330998481e-17
6058.999999999999	1.4068661388522293e-17	1.1802945861929321e-17
6059.249999999999	1.669743972085459e-17	1.197787636351081e-17
6059.499999999999	1.9420602669801637e-17	1.2165032594545833e-17
6059.749999999999	1.6962693382243194e-17	1.2190172267722545e-17
6059.999999999999	1.3900995187080244e-17	1.2212514416067602e-17
6060.249999999999	1.2283597354826734e-17	1.1999653547497494e-17
6060.499999999999	1.0657750699796606e-17	1.1765250414234667e-17
6060.749999999999	1.1965238698112225e-17	1.1742984366505964e-17
6060.999999999999	1.3740146608246858e-17	1.1747188925559571e-17
6061.249999999999	1.7504352754038843e-17	1.192549184249844e-17
6061.499999999999	2.07166871561926e-17	1.2136527950637256e-17
6061.749999999999	2.3738485467328442e-17	1.246436857871346e-17
6061.999999999999	2.7445367996670502e-17	1.2798975544200348e-17
6062.249999999999	1.9919869035203944e-17	1.243511450916991e-17
6062.499999999999	1.03942233643464e-17	1.1962309651563175e-17
6062.75	1.1860238872696581e-17	1.1944082726765569e-17
6062.999999999999	1.6130983128655826e-17	1.1996253007999288e-17
6063.25	1.5176649966702372e-17	1.190135388504353e-17
6063.499999999999	1.2919126836896125e-17	1.1791700341501662e-17
6063.75	1.3355517549577051e-17	1.1846162740212766e-17
6063.999999999999	1.40531567151206e-17	1.1935990418832962e-17
6064.25	1.0853375605942947e-17	1.174885073141019e-17
6064.499999999999	6.7475331138185984e-18	1.1484449066052516e-17
6064.749999999999	1.5468441236502903e-17	1.1800534630443729e-17
6064.999999999999	2.6908238265909194e-17	1.222302126420825e-17
6065.249999999999	2.5774345699666404e-17	1.2217470055117407e-17
6065.499999999999	2.1333538900030544e-17	1.210282034067572e-17
6065.749999999999	1.2188444287422921e-17	1.1753513548523152e-17
6065.999999999999	2.1947386737474002e-18	1.1336090087288067e-17
6066.249999999999	2.491171253964966e-18	1.1349096675239851e-17
6066.499999999999	5.837055413581481e-18	1.1482984129187684e-17
6066.749999999999	7.388895046387101e-18	1.1504042493222059e-17
6066.999999999999	8.507952128343753e-18	1.1482329829323155e-17
6067.249999999999	5.5708132713608755e-18	1.131745122654541e-17
6067.499999999999	6.703153736581786e-19	1.1113987956914517e-17
6067.749999999999	1.1658643376888833e-17	1.1734324612673147e-17
6067.999999999999	2.797281640554249e-17	1.2596218686812575e-17
6068.249999999999	2.192271152621124e-17	1.2402539309466959e-17
6068.499999999999	8.486759761050144e-18	1.1786167330384295e-17
6068.749999999999	9.969603431782104e-18	1.175826900986472e-17
6068.999999999999	1.6235249244868135e-17	1.1976814263604292e-17
6069.249999999999	1.22803465350194e-17	1.1649959634818251e-17
6069.5	3.198218151410233e-18	1.1047169961393708e-17
6069.749999999999	5.64075180574254e-18	1.123387207027244e-17
6070.0	1.4620887165462694e-17	1.178196028978885e-17
6070.249999999999	1.3771775513329048e-17	1.1811382276996749e-17
6070.5	6.859157001579567e-18	1.159109167216469e-17
6070.749999999999	7.367856534687428e-18	1.1636226782288646e-17
6071.0	1.3852615047413243e-17	1.1809358166037832e-17
6071.249999999999	1.6756943785399204e-17	1.1885767320761193e-17
6071.5	1.7086270857036166e-17	1.1924722564528765e-17
6071.749999999999	1.7632132306343585e-17	1.1972220929662785e-17
6071.999999999999	1.676676572799266e-17	1.2023779097243215e-17
6072.249999999999	1.4587879350299378e-17	1.1877295336927425e-17
6072.499999999999	1.0807198248247174e-17	1.161021774228814e-17
6072.749999999999	1.2845205841455324e-17	1.1748381720002873e-17
6072.999999999999	1.833052255188333e-17	1.2144063566017614e-17
6073.249999999999	2.146724602860484e-17	1.2283684208791052e-17
6073.499999999999	2.2221487509104167e-17	1.2223372815968585e-17
6073.749999999999	2.768033857583354e-17	1.2404843007472919e-17
6073.999999999999	3.639284667939737e-17	1.2765333281507204e-17
6074.249999999999	3.2611440139947956e-17	1.2559984867260302e-17
6074.499999999999	1.8628401870992252e-17	1.1879766952597733e-17
6074.749999999999	1.3746151939493993e-17	1.1666059878260983e-17
6074.999999999999	1.6536208984578204e-17	1.1877362338557041e-17
6075.249999999999	1.8414165401063468e-17	1.2044180679871223e-17
6075.499999999999	1.848998477601008e-17	1.2182110565472603e-17
6075.749999999999	1.9044898889941277e-17	1.2175586591981397e-17
6075.999999999999	1.9406333804235098e-17	1.2042285609087864e-17
6076.249999999999	1.5581214078134707e-17	1.1826000212781786e-17
6076.499999999999	7.051323465584823e-18	1.150678046104961e-17
6076.75	7.250185129468084e-18	1.154515833274962e-17
6076.999999999999	1.8998482477048477e-17	1.1948268260665087e-17
6077.25	2.5140455689571092e-17	1.2145800645303975e-17
6077.499999999999	2.441641291887485e-17	1.2132132312862149e-17
6077.75	1.915622251113989e-17	1.1917794926898633e-17
6077.999999999999	1.0003938871828568e-17	1.1433992703048006e-17
6078.25	1.0896441110174295e-17	1.1415510179441121e-17
6078.499999999999	2.274518878980129e-17	1.19925373126877e-17
6078.75	2.6662378681162507e-17	1.2262002977755424e-17
6078.999999999999	2.113420657037874e-17	1.219962197904035e-17
6079.249999999999	2.1259527741902974e-17	1.2260116178778191e-17
6079.499999999999	2.7973855344391857e-17	1.2476745682219091e-17
6079.749999999999	3.072867118665886e-17	1.2504747400315236e-17
6079.999999999999	2.663779487335743e-17	1.2298743859023192e-17
6080.249999999999	2.3233394096052537e-17	1.2073753213950606e-17
6080.499999999999	2.2944172049234596e-17	1.1829346158359563e-17
6080.749999999999	2.1479734801493166e-17	1.1723781368585546e-17
6080.999999999999	1.7304856642625754e-17	1.182556097987652e-17
6081.249999999999	1.808551330880635e-17	1.1952336334917623e-17
6081.499999999999	2.6149349684728544e-17	1.2078294435513522e-17
6081.749999999999	2.6790442783597967e-17	1.1996893245793404e-17
6081.999999999999	1.2174246559389061e-17	1.1523782331360025e-17
6082.249999999999	5.030878984732706e-18	1.1260537064498699e-17
6082.499999999999	1.2601587088988044e-17	1.139213984559466e-17
6082.749999999999	2.0140114145102313e-17	1.1609065479694854e-17
6082.999999999999	2.5846326956570768e-17	1.2004217102936949e-17
6083.249999999999	2.845077459836543e-17	1.2166205536654433e-17
6083.5	1.973098234232746e-17	1.191578818673258e-17
6083.749999999999	1.3113331473930713e-17	1.1721750640181728e-17
6084.0	1.435564343024144e-17	1.1615827681202475e-17
6084.249999999999	1.3854461314540461e-17	1.1453049290000003e-17
6084.5	7.770452783442499e-18	1.1129080694371159e-17
6084.749999999999	7.548809738308915e-18	1.113629949957691e-17
6085.0	1.9953121695828575e-17	1.1924026905633608e-17
6085.249999999999	2.714919266962344e-17	1.2371143669317509e-17
6085.5	2.029394161489635e-17	1.2060529904678334e-17
6085.749999999999	1.4781204694342822e-17	1.1802917737788494e-17
6085.999999999999	1.3839352033471568e-17	1.1729488914812162e-17
6086.249999999999	1.5509052495856806e-17	1.1769080260470787e-17
6086.499999999999	2.375240029959281e-17	1.2128666426095552e-17
6086.749999999999	3.0150703549055807e-17	1.2404699905226947e-17
6086.999999999999	3.1327027172000117e-17	1.2462196402424896e-17
6087.249999999999	3.025715176772403e-17	1.244546667453601e-17
6087.499999999999	2.371320682780882e-17	1.2162546089624499e-17
6087.749999999999	1.731892698484528e-17	1.187458218451825e-17
6087.999999999999	1.4987558133033975e-17	1.1534360317033353e-17
6088.249999999999	1.3169823773865022e-17	1.1248409769538059e-17
6088.499999999999	1.1278552231059491e-17	1.1225799614674535e-17
6088.749999999999	9.317278047374823e-18	1.1175466501581295e-17
6088.999999999999	7.03442251130914e-18	1.0951860556854123e-17
6089.249999999999	6.7167570319479505e-18	1.090704060254355e-17
6089.499999999999	1.6962043218281728e-17	1.1638234349635312e-17
6089.749999999999	2.464243505817129e-17	1.2125864765360835e-17
6089.999999999999	1.6541815614770088e-17	1.1612562799324729e-17
6090.249999999999	1.0160917072575819e-17	1.1152517202666624e-17
6090.499999999999	5.447069119674474e-18	1.1026430061895166e-17
6090.75	2.4899741168234486e-18	1.1029119226066576e-17
6090.999999999999	1.804987340493389e-17	1.1693241860370088e-17
6091.25	2.987709867220287e-17	1.2148584935245829e-17
6091.499999999999	1.6634310950865768e-17	1.1470919699953598e-17
6091.75	5.8251667602275625e-18	1.0897891157788101e-17
6091.999999999999	1.2725189379199393e-17	1.130743985959168e-17
6092.25	1.9617276440964695e-17	1.1658618561470456e-17
6092.499999999999	2.4299295724665918e-17	1.1725701254787281e-17
6092.749999999999	2.7429544031552363e-17	1.1746018464992809e-17
6092.999999999999	1.6157222952047233e-17	1.1379570009006305e-17
6093.249999999999	6.827614123281082e-18	1.108259645266813e-17
6093.499999999999	1.4650657395708478e-17	1.1451432151902462e-17
6093.749999999999	2.2915348113609573e-17	1.1797059644690394e-17
6093.999999999999	2.5819023378911618e-17	1.1951869805052143e-17
6094.249999999999	2.850534866645923e-17	1.2062708698411798e-17
6094.499999999999	2.0832563579482703e-17	1.1637441083427873e-17
6094.749999999999	1.3597022855579258e-17	1.1229768427253564e-17
6094.999999999999	1.1952564636766687e-17	1.1291925260022636e-17
6095.249999999999	1.1940976663565432e-17	1.135480504864708e-17
6095.499999999999	2.2168539678094648e-17	1.14768042628313e-17
6095.749999999999	3.0318647683183673e-17	1.1594298651399558e-17
6095.999999999999	2.1218620351889777e-17	1.1446126615453546e-17
6096.249999999999	1.292021375222102e-17	1.1307846832453057e-17
6096.499999999999	2.0713212997619877e-17	1.1730531989564591e-17
6096.749999999999	2.784552323543793e-17	1.2135639558659374e-17
6096.999999999999	1.8185297760459846e-17	1.1666993765172555e-17
6097.249999999999	8.93637626454518e-18	1.1179840632660476e-17
6097.499999999999	1.8794934834995103e-17	1.1684204912177946e-17
6097.749999999999	2.7422805818282506e-17	1.2183101527846441e-17
6098.0	2.3267053729538545e-17	1.1932579953167406e-17
6098.249999999999	2.0131915130870687e-17	1.1678196272208361e-17
6098.5	2.2587974842579462e-17	1.1698758327875204e-17
6098.749999999999	2.5683370721536597e-17	1.1729641943225484e-17
6099.0	2.032945247859325e-17	1.1624891099174219e-17
6099.249999999999	1.4161997140120326e-17	1.1526092646810885e-17
6099.5	1.3532884925243121e-17	1.1310670827064313e-17
6099.749999999999	1.3398951976361598e-17	1.1086801838902349e-17
6100.0	1.3917345239067968e-17	1.1232735524110792e-17
6100.249999999999	1.521490045258805e-17	1.1381181356839558e-17
6100.499999999999	1.884638216037345e-17	1.1531872157750793e-17
6100.749999999999	2.333037440542948e-17	1.1681157578801301e-17
6100.999999999999	2.4786354558588167e-17	1.1706312968409651e-17
6101.249999999999	2.6146128643423262e-17	1.1707124432590566e-17
6101.499999999999	2.5445718422827662e-17	1.1773580123003076e-17
6101.749999999999	2.6107532396041538e-17	1.1843716767141447e-17
6101.999999999999	1.75500875701069e-17	1.1538086765692904e-17
6102.249999999999	7.983594066240263e-18	1.1166867959113807e-17
6102.499999999999	1.556618751512707e-17	1.1454431508803579e-17
6102.749999999999	2.5437072731065257e-17	1.1821740232627138e-17
6102.999999999999	2.226277540219914e-17	1.1517460189938282e-17
6103.249999999999	1.689112737000633e-17	1.1120479670361833e-17
6103.499999999999	1.389007805735577e-17	1.1064811242317627e-17
6103.749999999999	1.1605863463543662e-17	1.1066828735831643e-17
6103.999999999999	1.8112750712016496e-17	1.1371940095036116e-17
6104.249999999999	2.661611281514119e-17	1.1728607967459793e-17
6104.499999999999	2.7455656469129437e-17	1.1589782245255018e-17
6104.75	2.7088528897860026e-17	1.1362257945966182e-17
6104.999999999999	2.5888015205082216e-17	1.1132281056161127e-17
6105.25	2.392923331658317e-17	1.0890831998440573e-17
6105.499999999999	1.6843721649100917e-17	1.0696276636826264e-17
6105.75	8.97407667532351e-18	1.0490546065136362e-17
6105.999999999999	1.1465424739144409e-17	1.0546235172695882e-17
6106.25	1.6215234782766802e-17	1.0660219006744465e-17
6106.499999999999	1.1849018994867912e-17	1.0474934685435649e-17
6106.75	5.0056648653008645e-18	1.0229089162759376e-17
6106.999999999999	1.2660299541686445e-17	1.0631687065875673e-17
6107.249999999999	2.491554031793425e-17	1.1175783311755903e-17
6107.499999999999	2.3341334548545807e-17	1.1075392536713405e-17
6107.749999999999	1.8615860158544723e-17	1.0787207774383605e-17
6107.999999999999	2.2176472340169032e-17	1.1028068706688634e-17
6108.249999999999	2.882074932530325e-17	1.1395578435401043e-17
6108.499999999999	2.5926454288147555e-17	1.120879774436412e-17
6108.749999999999	1.983114067961783e-17	1.0826946358191265e-17
6108.999999999999	2.155715228938323e-17	1.0930121423175617e-17
6109.249999999999	2.4908737584576613e-17	1.1190707304367585e-17
6109.499999999999	2.3281678282768482e-17	1.1149488894444067e-17
6109.749999999999	1.9409725244746565e-17	1.1008414895334374e-17
6109.999999999999	1.653755563461544e-17	1.076670031263719e-17
6110.249999999999	1.4736879394038555e-17	1.0485289332343588e-17
6110.499999999999	1.601225458661364e-17	1.0559979605754064e-17
6110.749999999999	1.7350569951997885e-17	1.0777772952316826e-17
6110.999999999999	2.020923170272602e-17	1.1022729255834604e-17
6111.249999999999	2.3945015922670682e-17	1.1272438539152112e-17
6111.499999999999	2.501297723100932e-17	1.1264399170778709e-17
6111.749999999999	2.475381327329033e-17	1.114904883435819e-17
6112.0	2.1092033594028337e-17	1.0874540676276342e-17
6112.249999999999	1.5854837152961124e-17	1.0532547815099968e-17
6112.5	2.1009055798060693e-17	1.0779261050238808e-17
6112.749999999999	3.0426138149423714e-17	1.1271689113517139e-17
6113.0	2.6172019396596172e-17	1.1090674698530322e-17
6113.249999999999	1.525242632825713e-17	1.0552926236670824e-17
6113.5	1.8831894919125197e-17	1.0727893134199265e-17
6113.749999999999	2.947529403529401e-17	1.1247251716680485e-17
6113.999999999999	3.4541480810883234e-17	1.1414160220681435e-17
6114.249999999999	3.514167975462926e-17	1.141650114181496e-17
6114.499999999999	3.053418117231294e-17	1.1259733044943297e-17
6114.749999999999	2.264093259975633e-17	1.0995211438396802e-17
6114.999999999999	2.1004413660463045e-17	1.0802843142322083e-17
6115.249999999999	2.3095094460717346e-17	1.0660033718287253e-17
6115.499999999999	2.1163791512167312e-17	1.0547233579695234e-17
6115.749999999999	1.6631660664183148e-17	1.0461717166427664e-17
6115.999999999999	1.6609689092752514e-17	1.066129020563772e-17
6116.249999999999	1.9793035777519963e-17	1.1034936787314661e-17
6116.499999999999	2.853785355581011e-17	1.148327116086024e-17
6116.749999999999	4.0848974518338936e-17	1.1970344056852902e-17
6116.999999999999	4.136525433458023e-17	1.1938624161903331e-17
6117.249999999999	3.3481372755280174e-17	1.1550239703252533e-17
6117.499999999999	2.5798400111879446e-17	1.1141570294440097e-17
6117.749999999999	1.785327077130351e-17	1.0715314198624172e-17
6117.999999999999	2.0099403624074903e-17	1.0778586070858965e-17
6118.249999999999	2.8827419709762876e-17	1.1197165103409786e-17
6118.499999999999	3.2208520463573376e-17	1.1362006483059966e-17
6118.749999999999	3.194639354490022e-17	1.1342061504130088e-17
6118.999999999999	2.9428746927864425e-17	1.1208792781280444e-17
6119.25	2.5252032428037145e-17	1.0947933103305721e-17
6119.499999999999	2.0313603698056735e-17	1.072898335824661e-17
6119.75	1.474208732317519e-17	1.053472247293037e-17
6119.999999999999	1.2238542481222195e-17	1.0367127409021e-17
6120.25	1.2330656487055488e-17	1.021455559939682e-17
6120.499999999999	1.2523306024538476e-17	1.0258765094415329e-17
6120.75	1.333682574927519e-17	1.0468890476699724e-17
6120.999999999999	1.2663853109597973e-17	1.0364674818504781e-17
6121.25	1.0247397978437625e-17	9.93183684655477e-18
6121.499999999999	1.1638389032409859e-17	9.967643840910966e-18
6121.749999999999	1.9440365668996754e-17	1.043820952059952e-17
6121.999999999999	1.6811489729352176e-17	1.0340052960391527e-17
6122.249999999999	4.601861760032078e-18	9.65647586526138e-18
6122.499999999999	3.400058079088991e-18	9.586016620684114e-18
6122.749999999999	1.1979878140593188e-17	1.0156727402773238e-17
6122.999999999999	1.3258731627644059e-17	1.0310570588998912e-17
6123.249999999999	8.243061599244059e-18	1.0041318336529227e-17
6123.499999999999	1.0540853535630612e-17	1.0116492510598046e-17
6123.749999999999	1.8801850064916046e-17	1.0561542977111789e-17
6123.999999999999	2.403499993842665e-17	1.0817236084980505e-17
6124.249999999999	2.4888607317189522e-17	1.0861625078191939e-17
6124.499999999999	2.2679191357448134e-17	1.074789849731386e-17
6124.749999999999	1.7105486262665773e-17	1.0416172601900495e-17
6124.999999999999	1.372641623725909e-17	1.0236815029680622e-17
6125.249999999999	1.3208711188822365e-17	1.0246150590073895e-17
6125.499999999999	1.507653298844263e-17	1.0305088035898911e-17
6125.749999999999	2.0013520769795972e-17	1.0382745406166614e-17
6126.0	2.492904486861479e-17	1.0620257911352028e-17
6126.249999999999	3.160612783684286e-17	1.1036521665368313e-17
6126.5	3.2633582110584776e-17	1.110527691788372e-17
6126.749999999999	2.6134222205686174e-17	1.069254605226365e-17
6127.0	2.116986301786345e-17	1.0416525808022055e-17
6127.249999999999	1.757525867614689e-17	1.0353059548343311e-17
6127.5	1.743907827754106e-17	1.0312390386346529e-17
6127.749999999999	2.160294666245539e-17	1.0319669575736996e-17
6128.0	2.4290406841803424e-17	1.0398709164808275e-17
6128.249999999999	2.4991983387062724e-17	1.057942496759396e-17
6128.499999999999	2.6431003028941625e-17	1.070019250984609e-17
6128.749999999999	2.8268311790126033e-17	1.072905118705684e-17
6128.999999999999	2.638553456503081e-17	1.0632256993317722e-17
6129.249999999999	1.872344657773582e-17	1.0311718715689136e-17
6129.499999999999	1.563895790233581e-17	1.0226201475240954e-17
6129.749999999999	1.964768856336582e-17	1.0546662825072572e-17
6129.999999999999	2.2682610922100428e-17	1.0808051898639329e-17
6130.249999999999	2.542503394443016e-17	1.0938509861767517e-17
6130.499999999999	2.4724656811059062e-17	1.0813935634336419e-17
6130.749999999999	1.546666114382469e-17	1.0173957574932717e-17
6130.999999999999	9.73519450825499e-18	9.83921495182537e-18
6131.249999999999	1.2910754941916476e-17	1.0141089553292923e-17
6131.499999999999	1.660188877957614e-17	1.0402260251177965e-17
6131.749999999999	1.9787839428911905e-17	1.0569316820508562e-17
6131.999999999999	2.0924675103774158e-17	1.0642571935556258e-17
6132.249999999999	2.082235947944625e-17	1.0485890692648914e-17
6132.499999999999	2.1372801854985986e-17	1.0427040100788216e-17
6132.749999999999	2.3414804730552767e-17	1.0515923139148877e-17
6132.999999999999	2.240128514140992e-17	1.0512523426831284e-17
6133.25	1.3815913043634265e-17	1.0292105436184891e-17
6133.499999999999	9.951219342668113e-18	1.0232701460494395e-17
6133.75	1.6938652204919953e-17	1.0536659729924969e-17
6133.999999999999	2.0398685841502714e-17	1.0706043158318677e-17
6134.25	1.5616630643241778e-17	1.0521107080047747e-17
6134.499999999999	1.3232638215221073e-17	1.0427334577086285e-17
6134.75	1.6933378101334315e-17	1.055185586495818e-17
6134.999999999999	2.3255228355501487e-17	1.0814554365434609e-17
6135.249999999999	3.555897913877246e-17	1.1395388183860156e-17
6135.499999999999	4.035700388593935e-17	1.1634990974453491e-17
6135.749999999999	2.440291829436166e-17	1.0969689607777091e-17
6135.999999999999	1.469615067503767e-17	1.0462549310123893e-17
6136.249999999999	2.1709829978125817e-17	1.050436080854661e-17
6136.499999999999	2.566265481027582e-17	1.0519292245783805e-17
6136.749999999999	2.099363880580393e-17	1.0402794609853675e-17
6136.999999999999	1.887567428022518e-17	1.0391060225683997e-17
6137.249999999999	2.1944820409623556e-17	1.0691446729229567e-17
6137.499999999999	2.5381922945265122e-17	1.1030323601038453e-17
6137.749999999999	3.4044821718771695e-17	1.1433665139525435e-17
6137.999999999999	3.9001092734564875e-17	1.1634123261990923e-17
6138.249999999999	3.092660558107545e-17	1.117514720986485e-17
6138.499999999999	2.388724893741243e-17	1.0808505193615008e-17
6138.749999999999	2.387439951377703e-17	1.0846720110734346e-17
6138.999999999999	2.1915200726249257e-17	1.0797427590851698e-17
6139.249999999999	1.2001496505902262e-17	1.0348649848497791e-17
6139.499999999999	6.142727187650958e-18	1.0105818571973661e-17
6139.749999999999	1.788944172512923e-17	1.0713419955021425e-17
6140.0	2.6758775001026987e-17	1.1163335897898205e-17
6140.249999999999	2.5259571352139953e-17	1.1097021655370441e-17
6140.5	2.4464920444356186e-17	1.1030477456632388e-17
6140.749999999999	2.5924017414062974e-17	1.0937265782126238e-17
6141.0	2.4997973829058833e-17	1.079886688511754e-17
6141.249999999999	1.4680536813795118e-17	1.0407045491021585e-17
6141.5	7.518427394409843e-18	1.0067259547719502e-17
6141.749999999999	8.518303466529241e-18	1.0056171191608229e-17
6141.999999999999	1.0072843016854235e-17	1.0125830552533157e-17
6142.249999999999	1.4837416580049475e-17	1.055672547722428e-17
6142.5	1.8128010539956874e-17	1.0879043020350468e-17
6142.749999999999	1.598786103034945e-17	1.0684077377152332e-17
6142.999999999999	1.5117011898898524e-17	1.0517080364825838e-17
6143.249999999999	1.6149023937815608e-17	1.0571666013448213e-17
6143.499999999999	1.762623119985363e-17	1.062946029566668e-17
6143.749999999999	1.7285695830916576e-17	1.067005087550527e-17
6143.999999999999	1.541623786804468e-17	1.0653345135854149e-17
6144.249999999999	9.532290412718182e-18	1.0141079627125572e-17
6144.499999999999	6.912507255957093e-18	9.711043315910279e-18
6144.749999999999	1.436434867900795e-17	1.0024579509653603e-17
6144.999999999999	2.075703537211171e-17	1.0294096459919306e-17
6145.249999999999	1.84025699832367e-17	1.0292547977812607e-17
6145.499999999999	1.7155907884084556e-17	1.0312970239955929e-17
6145.749999999999	1.7724750065169922e-17	1.0362731771245894e-17
6145.999999999999	1.841105520196027e-17	1.0460061150841333e-17
6146.249999999999	2.6596207540880715e-17	1.0781113934810927e-17
6146.499999999999	3.4319819567776174e-17	1.1051811271810743e-17
6146.749999999999	2.768073727688879e-17	1.0819294110344537e-17
6146.999999999999	2.1313478115814908e-17	1.0588289862218691e-17
6147.25	1.6982469616328112e-17	1.0347724233392344e-17
6147.499999999999	1.2770521358309136e-17	1.0126834749796796e-17
6147.75	1.440055602878062e-17	1.0205553392790405e-17
6147.999999999999	1.6201498621514747e-17	1.0285487164103854e-17
6148.25	1.7131853471871514e-17	1.0379420140104151e-17
6148.499999999999	1.772525795406603e-17	1.0459423394589055e-17
6148.75	1.3669837910541076e-17	1.0289738872452377e-17
6148.999999999999	1.0719604784461484e-17	1.0158265958712586e-17
6149.25	1.889736957333122e-17	1.0630897935571297e-17
6149.499999999999	2.646288587847187e-17	1.105831622014786e-17
6149.749999999999	2.6671654684551677e-17	1.10737646452679e-17
6149.999999999999	2.737717853569408e-17	1.108152111787181e-17
6150.249999999999	2.658541614260935e-17	1.1036038591890582e-17
6150.499999999999	2.6080428996090626e-17	1.0990157364854103e-17
6150.749999999999	2.1733776856859227e-17	1.0718182860988505e-17
6150.999999999999	1.7769340063270206e-17	1.0458981680141951e-17
6151.249999999999	2.047301960006918e-17	1.0627734796908895e-17
6151.499999999999	2.1914062525726384e-17	1.0790861431149252e-17
6151.749999999999	9.289640288748202e-18	1.010244202071322e-17
6151.999999999999	-2.248196048014252e-18	9.375141812764745e-18
6152.249999999999	-2.365912741372133e-18	9.360839859973703e-18
6152.499999999999	-2.3890824839200495e-18	9.351344653722207e-18
6152.749999999999	7.123502418655588e-18	9.904397611275162e-18
6152.999999999999	1.628170536243034e-17	1.0429112188222662e-17
6153.249999999999	1.8076549979688725e-17	1.054713845392479e-17
6153.499999999999	2.0891597805439388e-17	1.0671384290652705e-17
6153.749999999999	1.7864275582172917e-17	1.0474614566538591e-17
6153.999999999999	1.4825217320375543e-17	1.0271229051885278e-17
6154.249999999999	2.6556497908394495e-17	1.0871855648007994e-17
6154.5	3.806146518954139e-17	1.145764262394151e-17
6154.749999999999	2.9982345824621664e-17	1.1073655457427044e-17
6155.0	2.1260364848682878e-17	1.065378933184309e-17
6155.249999999999	2.5180975959057615e-17	1.0634597914451247e-17
6155.5	2.93488412806918e-17	1.0624077004240185e-17
6155.749999999999	3.1740366015370415e-17	1.0904208336126168e-17
6156.0	3.3915943670613483e-17	1.1194517298269004e-17
6156.249999999999	2.767754932280801e-17	1.0888444755192745e-17
6156.499999999999	2.0326358823102302e-17	1.0548002857664908e-17
6156.749999999999	2.3019766431054592e-17	1.0725699451214775e-17
6156.999999999999	2.6436194414466008e-17	1.0919888371817724e-17
6157.249999999999	3.0923902354833624e-17	1.1185120526510402e-17
6157.499999999999	3.4962826762583045e-17	1.1450020154596834e-17
6157.749999999999	3.0280461717385775e-17	1.108743711361279e-17
6157.999999999999	2.4793157291945803e-17	1.0674643382266164e-17
6158.249999999999	1.8877345185062536e-17	1.0502740361726619e-17
6158.499999999999	1.3820600676165603e-17	1.0357502335413333e-17
6158.749999999999	1.5712449591038696e-17	1.0302785165073563e-17
6158.999999999999	1.8119447566255725e-17	1.0270321634753307e-17
6159.249999999999	1.9917468557066315e-17	1.0439144234691705e-17
6159.499999999999	2.1418391087266234e-17	1.0621413482667764e-17
6159.749999999999	1.5310919578093205e-17	1.021888092681986e-17
6159.999999999999	8.834443624840883e-18	9.75143371804063e-18
6160.249999999999	1.4143359106558282e-17	9.953724045562924e-18
6160.499999999999	1.8772609230262297e-17	1.0232620396794365e-17
6160.749999999999	2.454358862933243e-17	1.0575772965189539e-17
6160.999999999999	3.132240157801472e-17	1.0908590739011474e-17
6161.25	2.8791539923512776e-17	1.082272939142847e-17
6161.499999999999	2.4743170767529224e-17	1.0698022815099363e-17
6161.75	1.8884781538769388e-17	1.046458003852771e-17
6161.999999999999	1.3304836193445927e-17	1.0210802680957667e-17
6162.25	2.1987732885441582e-17	1.063682799338269e-17
6162.499999999999	3.3017178847850117e-17	1.1134778314430424e-17
6162.75	2.811741419406166e-17	1.0774251644449187e-17
6162.999999999999	2.0419856702100396e-17	1.0281368631833953e-17
6163.249999999999	2.3016641342700367e-17	1.0413992980986417e-17
6163.499999999999	2.7301863740921128e-17	1.0633133804767028e-17
6163.75	1.5865079303305755e-17	1.0087726477615902e-17
6163.999999999999	2.6155273125095036e-18	9.38122820771191e-18
6164.249999999999	1.1409795188588992e-17	9.845676886770635e-18
6164.499999999999	2.3801572878286636e-17	1.0475316015698036e-17
6164.749999999999	3.1133860646634284e-17	1.0799196930181949e-17
6164.999999999999	3.8162477177223914e-17	1.1061563731232743e-17
6165.249999999999	2.6990547699941895e-17	1.0557352480128595e-17
6165.499999999999	1.168180526122093e-17	9.877941893743878e-18
6165.749999999999	1.3165153512126547e-17	1.0034867982112538e-17
6165.999999999999	1.9430044109313318e-17	1.0356505582775207e-17
6166.249999999999	1.4761066155149606e-17	1.0106159370386033e-17
6166.499999999999	7.696810547868128e-18	9.727234549220392e-18
6166.749999999999	1.216916601606676e-17	9.86102025995288e-18
6166.999999999999	1.976951903270508e-17	1.010580202836141e-17
6167.249999999999	1.7987125138026842e-17	1.0183106192507554e-17
6167.499999999999	1.3442419490370647e-17	1.0213487709226014e-17
6167.749999999999	1.7194158369970233e-17	1.0389058448601619e-17
6167.999999999999	2.2830661362496394e-17	1.0584930681751113e-17
6168.249999999999	2.158564866148568e-17	1.0616834210796671e-17
6168.5	1.7539769319145914e-17	1.0613559402751573e-17
6168.749999999999	1.3386499599420224e-17	1.043513489026266e-17
6169.0	9.817896025898041e-18	1.019637913261658e-17
6169.249999999999	1.40512128406811e-17	1.0312894966520186e-17
6169.5	2.0036843954347517e-17	1.0524504310823502e-17
6169.749999999999	2.269486477569479e-17	1.0873709359760726e-17
6170.0	2.4352028488716174e-17	1.1242604615999162e-17
6170.249999999999	2.2336915600502267e-17	1.1072017639814189e-17
6170.5	1.8415487235682328e-17	1.0734134211920978e-17
6170.749999999999	1.6998775000562757e-17	1.0539974242639469e-17
6170.999999999999	1.6882804278682823e-17	1.039489420782318e-17
6171.249999999999	2.250029700637129e-17	1.0622257206892569e-17
6171.499999999999	2.8680135238614134e-17	1.093634016702079e-17
6171.749999999999	2.777357506575807e-17	1.0914384312021796e-17
6171.999999999999	2.534555346809239e-17	1.0789241811509873e-17
6172.249999999999	2.5926227640659715e-17	1.0765218832160108e-17
6172.499999999999	2.7873210624901305e-17	1.0773572529166281e-17
6172.749999999999	2.65948096056455e-17	1.0738663852955318e-17
6172.999999999999	2.511412653067353e-17	1.0690821380686476e-17
6173.249999999999	1.7911628363519127e-17	1.0243295162599362e-17
6173.499999999999	8.028006220508848e-18	9.62691077580751e-18
6173.749999999999	1.965757998913073e-17	1.0273205186368667e-17
6173.999999999999	3.749681846852289e-17	1.1270920662728077e-17
6174.249999999999	3.218919752446414e-17	1.1051725245027038e-17
6174.499999999999	1.905014817810854e-17	1.0377983327380146e-17
6174.749999999999	1.4786276965858997e-17	1.0164928071366088e-17
6174.999999999999	1.4066621561131737e-17	1.0125450049451382e-17
6175.249999999999	9.916014535797856e-18	9.81721856497636e-18
6175.499999999999	4.861068317552614e-18	9.39221482060784e-18
6175.75	7.410358728921627e-18	9.574171394312354e-18
6175.999999999999	1.2205788610506933e-17	9.97340598105801e-18
6176.25	1.8170843606436095e-17	1.030564803717361e-17
6176.499999999999	2.4607061506456073e-17	1.0597317711424095e-17
6176.75	2.3635878675424914e-17	1.0478910942640192e-17
6176.999999999999	1.8975946768440082e-17	1.0181584180180456e-17
6177.25	1.87067673078643e-17	1.0121621857576487e-17
6177.499999999999	1.9660756362682933e-17	1.0170575233407988e-17
6177.749999999999	1.5866282023916407e-17	9.928377577233074e-18
6177.999999999999	1.0658031941204874e-17	9.557320070873424e-18
6178.249999999999	1.6025413375798134e-17	9.925384010596244e-18
6178.499999999999	2.6030460669647522e-17	1.0576193172940715e-17
6178.749999999999	2.764196070413353e-17	1.062829727972543e-17
6178.999999999999	2.6414896168053992e-17	1.0419795652983477e-17
6179.249999999999	2.374944561044477e-17	1.0226945110611639e-17
6179.499999999999	2.0876457091507217e-17	1.0044282124664004e-17
6179.749999999999	2.051298565854529e-17	1.0009949166159378e-17
6179.999999999999	2.047661949009501e-17	1.005108816674409e-17
6180.249999999999	2.0074672578120793e-17	1.0050596821460234e-17
6180.499999999999	1.9685513878416645e-17	1.0031046407682543e-17
6180.749999999999	2.5634876430945063e-17	1.0240288361072732e-17
6180.999999999999	3.529778197110782e-17	1.0547068143572723e-17
6181.249999999999	3.4885743455660454e-17	1.0577220531261506e-17
6181.499999999999	2.8176120856495773e-17	1.0470841795764737e-17
6181.749999999999	2.2422586696544384e-17	1.0148101563345535e-17
6181.999999999999	1.7143531607759537e-17	9.699974812133707e-18
6182.249999999999	1.8250378676694293e-17	9.805009379135078e-18
6182.5	2.3106428489470548e-17	1.0192450024706953e-17
6182.749999999999	2.485270106115982e-17	1.035192217500105e-17
6183.0	2.4785601824230744e-17	1.0386876346145704e-17
6183.249999999999	2.2823488052224335e-17	1.026745214520836e-17
6183.5	2.0211076315492012e-17	1.0067299252388905e-17
6183.749999999999	1.8017115398315565e-17	9.876195715470779e-18
6184.0	1.5457586972504982e-17	9.691491247771363e-18
6184.249999999999	1.562061930815551e-17	9.735874450718508e-18
6184.499999999999	1.7422059863618393e-17	9.931242103694345e-18
6184.749999999999	1.7175662611473547e-17	9.82715879439741e-18
6184.999999999999	1.4737690031038857e-17	9.560368231430682e-18
6185.249999999999	1.6418664965173194e-17	9.665774202527089e-18
6185.499999999999	2.0272861744166048e-17	9.976475648311195e-18
6185.749999999999	1.657647117371361e-17	9.807085602472586e-18
6185.999999999999	8.004171838338745e-18	9.349933483597192e-18
6186.249999999999	4.214153107941736e-18	9.093551334278218e-18
6186.499999999999	3.4076269884890043e-18	8.959423170772132e-18
6186.749999999999	1.2224367914245487e-17	9.360446122002128e-18
6186.999999999999	2.6545784265100708e-17	1.0032682570934173e-17
6187.249999999999	2.3947457759838938e-17	9.88098509121746e-18
6187.499999999999	1.1188644315919878e-17	9.182277208322494e-18
6187.749999999999	1.0281606859850368e-17	9.199725756163687e-18
6187.999999999999	1.665604594864121e-17	9.676577181327032e-18
6188.249999999999	2.167312135690194e-17	9.957012915678435e-18
6188.499999999999	2.4914833905691128e-17	1.0130249351365415e-17
6188.749999999999	2.499887711028774e-17	1.0150608747782183e-17
6188.999999999999	2.3607296276538757e-17	1.0055770836191753e-17
6189.249999999999	2.2273310374480615e-17	1.0011926955003992e-17
6189.499999999999	2.0893632669746268e-17	1.0007135097715473e-17
6189.75	2.399943448080932e-17	1.0034361747577656e-17
6189.999999999999	3.0139305000214826e-17	1.0082133082313818e-17
6190.25	2.785863570250812e-17	9.96143419605253e-18
6190.499999999999	1.973253744187906e-17	9.73975640933322e-18
6190.75	2.336524337697104e-17	1.0057095979533063e-17
6190.999999999999	3.662466570042658e-17	1.0727268612836788e-17
6191.249999999998	3.29022768433216e-17	1.0615564488556402e-17
6191.499999999999	1.7965363670471797e-17	9.923914110647738e-18
6191.75	1.546691095236968e-17	9.741925276899333e-18
6191.999999999999	2.2834856822563263e-17	9.95172392284177e-18
6192.249999999999	2.436508139878226e-17	1.0049210466753595e-17
6192.499999999999	2.1247168009190207e-17	1.0067562295823696e-17
6192.749999999999	1.7687899168880685e-17	9.978558489093603e-18
6192.999999999999	1.5839577325020745e-17	9.811175183421048e-18
6193.249999999999	1.4579538061002394e-17	9.598342438991766e-18
6193.499999999999	1.269636544357437e-17	9.363218004234793e-18
6193.749999999999	1.484323993156185e-17	9.459202388154222e-18
6193.999999999999	1.9987663103847565e-17	9.808694468764001e-18
6194.249999999999	2.0146559536435326e-17	9.877874064933649e-18
6194.499999999999	1.6935982065902632e-17	9.72923632630277e-18
6194.749999999999	1.1868877119833472e-17	9.388873838113738e-18
6194.999999999999	5.2636244480479764e-18	8.86715034626123e-18
6195.249999999999	1.216092977870757e-17	9.219217440117887e-18
6195.499999999999	2.9691115383276444e-17	1.0223719106222682e-17
6195.749999999999	3.30387649531153e-17	1.0432979257586347e-17
6195.999999999999	2.4193184995687616e-17	1.00422720757755e-17
6196.249999999999	1.772480465909035e-17	9.637401080335908e-18
6196.499999999999	1.3884031367078007e-17	9.205387807456613e-18
6196.749999999999	1.4593035994238034e-17	9.202385969013658e-18
6197.0	1.7750500197638698e-17	9.553448865606676e-18
6197.249999999999	2.286718800398551e-17	9.926705845215104e-18
6197.5	3.0584791390911385e-17	1.0308491056938954e-17
6197.749999999999	3.346742979887498e-17	1.0433826290533601e-17
6198.0	3.191738597517921e-17	1.0342887708350747e-17
6198.249999999999	2.6041875762100754e-17	1.00483146301502e-17
6198.5	1.61204183778723e-17	9.551768034601968e-18
6198.749999999999	1.2339092074942304e-17	9.329994294931601e-18
6198.999999999999	1.3325648884838374e-17	9.380972608902632e-18
6199.249999999999	1.532949309156747e-17	9.452300393123079e-18
6199.499999999999	1.745423553508548e-17	9.54763461308104e-18
6199.749999999999	2.0656513075351817e-17	9.674313187990474e-18
6199.999999999999	2.4719496858397956e-17	9.832009381509421e-18
6200.249999999999	2.8544289020975775e-17	1.009557311290658e-17
6200.499999999999	3.0930499947399347e-17	1.0452504028765049e-17
6200.749999999999	3.269538242850984e-17	1.0647279420422298e-17
6200.999999999999	3.5455462448195127e-17	1.068889818576229e-17
6201.249999999999	3.001987997209687e-17	1.0473543367645335e-17
6201.499999999999	1.8368230407287173e-17	9.957659770917451e-18
6201.749999999999	1.793022338368932e-17	9.971644913533885e-18
6201.999999999999	2.6847860698637723e-17	1.0512092465732144e-17
6202.249999999999	2.4663936791013994e-17	1.0453614932327707e-17
6202.499999999999	1.2073776375007758e-17	9.778010203941347e-18
6202.749999999999	8.820842294028674e-18	9.53332025258081e-18
6202.999999999999	1.3201239266349173e-17	9.746104193353951e-18
6203.249999999999	1.6619557357460272e-17	9.914217072326779e-18
6203.499999999999	2.0215600993442677e-17	1.0009699357614387e-17
6203.75	1.829042083578676e-17	9.865048629536014e-18
6203.999999999999	1.0535493405261269e-17	9.45442624729734e-18
6204.25	7.498599047946334e-18	9.230592827901716e-18
6204.499999999999	9.303595652862584e-18	9.225407232641621e-18
6204.75	1.316360916592291e-17	9.379326519483651e-18
6204.999999999999	2.13909700499601e-17	9.675120516268326e-18
6205.25	2.854032848020287e-17	1.0046350076195387e-17
6205.499999999999	3.4201602223352546e-17	1.048121712218799e-17
6205.749999999999	2.978495736940936e-17	1.0366908206158674e-17
6205.999999999999	1.5327263012636028e-17	9.605986415032369e-18
6206.249999999999	6.225790183221695e-18	9.061875279901113e-18
6206.499999999999	3.0219010883269517e-18	8.789367244540418e-18
6206.749999999999	7.562839548678427e-18	8.942705850592436e-18
6206.999999999999	1.9323973085004418e-17	9.560747080151231e-18
6207.249999999999	2.3480964290305983e-17	9.766612482280979e-18
6207.499999999999	1.8125383414331405e-17	9.538160913525471e-18
6207.749999999999	1.7324244101822772e-17	9.509523920718885e-18
6207.999999999999	2.0229198188351824e-17	9.69740972505418e-18
6208.249999999999	2.2730895108816374e-17	9.833075617319002e-18
6208.499999999999	2.57715713358919e-17	9.905458884001067e-18
6208.749999999999	2.6631873914532777e-17	9.883308641558122e-18
6208.999999999999	2.4098901295107597e-17	9.735982811378753e-18
6209.249999999999	2.4276948613237186e-17	9.784937841571478e-18
6209.499999999999	2.787309481961555e-17	1.0054692192672984e-17
6209.749999999999	3.249419555992469e-17	1.027246072381737e-17
6209.999999999999	3.7808682103067633e-17	1.0421216749275843e-17
6210.249999999999	3.592399409075741e-17	1.0295034482733941e-17
6210.499999999999	2.4937308402934194e-17	9.820740700024611e-18
6210.749999999999	2.0133930142842866e-17	9.688241255144642e-18
6211.0	2.3886309260236568e-17	9.987960223935881e-18
6211.249999999999	2.4806814043859054e-17	1.0084108389616595e-17
6211.5	2.308820073749233e-17	9.946719480135825e-18
6211.749999999999	2.1798899132124302e-17	9.832318747058516e-18
6212.0	2.2250591031776233e-17	9.754265984458012e-18
6212.249999999999	2.2734551247123858e-17	9.73747587238441e-18
6212.499999999998	2.3033209770369804e-17	9.775391350122004e-18
6212.749999999999	2.0030884945214685e-17	9.65591172808362e-18
6213.0	1.3047829522764476e-17	9.312831951582351e-18
6213.249999999999	1.2307981812104184e-17	9.284658179918795e-18
6213.499999999999	2.057270479004917e-17	9.647778061120386e-18
6213.749999999999	2.3948142665386132e-17	9.74815477409247e-18
6213.999999999999	2.0007718924979525e-17	9.507456796368115e-18
6214.249999999999	2.1322375270483528e-17	9.54821446669044e-18
6214.499999999999	3.047080590250158e-17	9.942062453287151e-18
6214.749999999999	3.293972827273555e-17	1.0065770622616907e-17
6214.999999999999	2.6668757898046516e-17	9.82524387127935e-18
6215.249999999999	2.3360131400785462e-17	9.723680154128251e-18
6215.499999999999	2.3152212936375358e-17	9.804754607506411e-18
6215.749999999999	2.2884590229712402e-17	9.770153642483318e-18
6215.999999999999	2.0754217994945356e-17	9.581141218153726e-18
6216.249999999999	2.110190351309732e-17	9.513400916249921e-18
6216.499999999999	2.4731456235694248e-17	9.604183161297003e-18
6216.749999999999	2.5206961010820356e-17	9.62854363033669e-18
6216.999999999999	2.2088354443874983e-17	9.568597851344972e-18
6217.249999999999	1.7854850686273487e-17	9.388642227542223e-18
6217.499999999999	1.1864567508842071e-17	9.039552983890757e-18
6217.75	1.0340109208673181e-17	8.890484284160738e-18
6217.999999999999	1.454836493243772e-17	9.035465884484132e-18
6218.25	1.6393318496843344e-17	9.166898266373908e-18
6218.499999999999	1.513603539862602e-17	9.261790771884766e-18
6218.75	1.5751710891632912e-17	9.370716396487587e-18
6218.999999999999	1.87605572087374e-17	9.512240381850509e-18
6219.25	2.1340442549422912e-17	9.728418244676955e-18
6219.499999999999	2.3761815269324887e-17	1.0035069814182001e-17
6219.75	2.2121339097981147e-17	1.0099666829758105e-17
6219.999999999999	1.4380619321656867e-17	9.821302355660535e-18
6220.249999999999	1.2086229579129744e-17	9.790062225466244e-18
6220.499999999999	1.689662812107981e-17	1.0110238197986532e-17
6220.749999999999	2.237993064671625e-17	1.0382168861279665e-17
6220.999999999999	2.673091886671865e-17	1.0579151997991818e-17
6221.249999999999	2.8511969420082103e-17	1.0619766566068171e-17
6221.499999999999	2.520335615771085e-17	1.0413930115259863e-17
6221.749999999999	2.3409662975865137e-17	1.0282522548788464e-17
6221.999999999999	2.4754064736196547e-17	1.0270123111406294e-17
6222.249999999999	2.5507513777669048e-17	1.0261416208278561e-17
6222.499999999999	2.562864776093254e-17	1.0225723364846898e-17
6222.749999999999	2.1382919928238735e-17	9.92985078590403e-18
6222.999999999999	9.581010523616943e-18	9.202510873286153e-18
6223.249999999999	6.508788936701093e-18	8.950605425442317e-18
6223.499999999999	1.687760627571354e-17	9.452261515634289e-18
6223.749999999999	2.3564891689616838e-17	9.7490001526785e-18
6223.999999999999	2.4272988072464282e-17	9.76035982403069e-18
6224.249999999999	2.5702486865492697e-17	9.800153001758779e-18
6224.499999999999	2.8567059648878135e-17	9.876002155207441e-18
6224.749999999999	2.873197961068651e-17	9.820806047293003e-18
6225.0	2.5078384056405113e-17	9.546913311586894e-18
6225.249999999999	2.2669639075734372e-17	9.349951681570668e-18
6225.5	2.0372743803131826e-17	9.271848460952798e-18
6225.749999999999	1.900421152997102e-17	9.269595220964204e-18
6226.0	1.993150912078379e-17	9.361789463316914e-18
6226.249999999999	2.0661661447484347e-17	9.400346006029236e-18
6226.5	2.1738104665824104e-17	9.348877173954962e-18
6226.749999999999	2.0348327085810486e-17	9.247402792310019e-18
6226.999999999999	1.5652201063942783e-17	9.059183634187865e-18
6227.249999999999	1.5649464750476458e-17	9.119904481413545e-18
6227.499999999999	2.342638525912851e-17	9.589847294100847e-18
6227.749999999999	2.708201071463311e-17	9.774478142725745e-18
6227.999999999999	2.532246189411236e-17	9.554888159872518e-18
6228.249999999999	2.4228494027315055e-17	9.436622011792749e-18
6228.499999999999	2.2238323943292072e-17	9.4608220077936e-18
6228.749999999999	2.5082842559906774e-17	9.736008453977742e-18
6228.999999999999	3.6914420451559005e-17	1.038378103629353e-17
6229.249999999999	3.8188053601764053e-17	1.0437321128621638e-17
6229.499999999999	2.1995577866371035e-17	9.535213669002944e-18
6229.749999999999	1.1377101702058446e-17	8.977318396144105e-18
6229.999999999999	1.1092218217553346e-17	9.08951800161141e-18
6230.249999999999	1.2667577076715687e-17	9.245903941040073e-18
6230.499999999999	1.7849215931940776e-17	9.470034318275603e-18
6230.749999999999	1.8753655213706257e-17	9.465637853319884e-18
6230.999999999999	1.2729947322082798e-17	9.087763551532185e-18
6231.249999999999	1.5165497917683932e-17	9.217097376207914e-18
6231.499999999999	3.126534596808326e-17	1.0144868114331065e-17
6231.749999999999	3.534852784732672e-17	1.048189789183212e-17
6231.999999999999	1.9253288847300536e-17	9.890651523855755e-18
6232.25	1.471424607811788e-17	9.822200673805767e-18
6232.499999999999	2.806956675870914e-17	1.0595814724251086e-17
6232.75	2.9245278268000163e-17	1.0821706996191355e-17
6232.999999999999	8.915665316368077e-18	1.018982455344271e-17
6233.25	2.9787208127856117e-19	1.001375336979651e-17
6233.499999999999	9.331747917830213e-18	1.0638694940025222e-17
6233.749999999998	1.5801895939396505e-17	1.1157831010921665e-17
6233.999999999999	2.207055351709284e-17	1.1572955737234464e-17
6234.25	3.231292389176737e-17	1.1831581200374682e-17
6234.499999999999	3.1630079678659945e-17	1.1811339263604896e-17
6234.749999999999	2.4558173477892964e-17	1.1631297613018442e-17
6234.999999999999	9.690617745044507e-18	1.1149119971890869e-17
6235.249999999999	8.598536677224435e-18	1.1206456823230595e-17
6235.499999999999	2.898632441415676e-17	1.2087976584583456e-17
6235.749999999999	4.006842373127675e-17	1.2485681714376501e-17
6235.999999999999	3.4404823956244574e-17	1.210928723870466e-17
6236.249999999999	2.615140605573135e-17	1.1770048061787474e-17
6236.499999999999	2.4666565571000688e-17	1.1507702767432606e-17
6236.749999999999	2.502091816488983e-17	1.1227487063124143e-17
6236.999999999999	1.946744094480684e-17	1.0906522787480092e-17
6237.249999999999	1.7179073904319716e-17	1.070733686879671e-17
6237.499999999999	2.1180806617367528e-17	1.0734267387999599e-17
6237.749999999999	2.0401018490830113e-17	1.0525244637471737e-17
6237.999999999999	1.1794002385146398e-17	9.890567978613887e-18
6238.249999999999	9.468462675111753e-18	9.681905051652486e-18
6238.499999999999	1.9954845540225136e-17	1.0215104020142942e-17
6238.749999999999	2.3524148081364926e-17	1.0341048885849041e-17
6239.0	1.5582860167553688e-17	9.796723510939134e-18
6239.249999999999	1.2354532228256219e-17	9.527390194769418e-18
6239.5	1.5420914747228056e-17	9.763941516083045e-18
6239.749999999999	1.6720175607171222e-17	9.873758841386197e-18
6240.0	1.5964379027120296e-17	9.744085872659322e-18
6240.249999999999	1.4064358394975792e-17	9.628795093242906e-18
6240.5	1.0980843311156756e-17	9.552633265522699e-18
6240.749999999999	1.1721166650669266e-17	9.640924869745384e-18
6241.0	1.7993671445394587e-17	1.0003905784604066e-17
6241.249999999999	2.2577947759194094e-17	1.0251228651854358e-17
6241.499999999999	2.3981807261955815e-17	1.0285740281371296e-17
6241.749999999999	2.4994767677004578e-17	1.020773549524632e-17
6241.999999999999	2.4558289283178722e-17	9.940826645451997e-18
6242.249999999999	2.4266918221129368e-17	9.867444144589968e-18
6242.499999999999	2.486293659405955e-17	1.0122393617087999e-17
6242.749999999999	2.4731876443445425e-17	1.0271042936247453e-17
6242.999999999999	2.14260458166548e-17	1.0243042045331921e-17
6243.249999999999	2.0666272152218718e-17	1.0249044895037218e-17
6243.499999999999	2.7889913055829975e-17	1.0313259753170322e-17
6243.749999999999	3.16184726803046e-17	1.0251554561015704e-17
6243.999999999999	2.661217212670299e-17	9.951930717994909e-18
6244.249999999999	2.2520690317193173e-17	9.731777425144533e-18
6244.499999999999	2.1839976921343685e-17	9.65573388425192e-18
6244.749999999999	2.192032097424096e-17	9.668780176873107e-18
6244.999999999999	2.5688361929352742e-17	9.826365528189972e-18
6245.249999999999	2.5667710538179743e-17	9.763851353396277e-18
6245.499999999999	1.843954164789537e-17	9.280202157958972e-18
6245.749999999999	1.4285518366631645e-17	9.009413831091775e-18
6245.999999999999	1.807150417795215e-17	9.137514329474187e-18
6246.25	1.7643135462851765e-17	9.076929967049578e-18
6246.499999999999	8.657101064593189e-18	8.697796696369573e-18
6246.75	6.616834027541851e-18	8.664520047507177e-18
6246.999999999999	1.7019434663541882e-17	9.213021857329865e-18
6247.25	2.5503793119273785e-17	9.613374792263693e-18
6247.499999999999	3.014968446254114e-17	9.76877721394403e-18
6247.75	3.022702584981485e-17	9.78534977751653e-18
6247.999999999999	2.3335368921968074e-17	9.512634947002697e-18
6248.249999999999	1.9538522229204747e-17	9.305760384525635e-18
6248.499999999999	2.0758335700034645e-17	9.238929981295638e-18
6248.749999999999	2.283660217365575e-17	9.313727788185746e-18
6248.999999999999	2.7040195080307328e-17	9.609519303428583e-18
6249.249999999999	2.9219556259672214e-17	9.718992521596913e-18
6249.499999999999	2.6566736750016676e-17	9.511460350532872e-18
6249.749999999999	2.3614696234298656e-17	9.31916898225512e-18
6249.999999999999	2.1552860876365304e-17	9.156470827572065e-18
6250.249999999999	2.2668176620411378e-17	9.179512770715342e-18
6250.499999999999	2.7016150594261637e-17	9.506927400776081e-18
6250.749999999999	2.774733855108911e-17	9.622959334021344e-18
6250.999999999999	2.4082931746201648e-17	9.385865382225883e-18
6251.249999999999	2.293283305739772e-17	9.269125382376274e-18
6251.499999999999	2.4863661204276148e-17	9.373968043475533e-18
6251.749999999999	2.3096457654366834e-17	9.268047566038117e-18
6251.999999999999	1.4910115829725536e-17	8.788113238731788e-18
6252.249999999999	1.2508858487959624e-17	8.642321001408092e-18
6252.499999999999	2.0905039490393374e-17	9.071634356768013e-18
6252.749999999999	2.486205481952657e-17	9.297296672497992e-18
6252.999999999999	2.1990608165250816e-17	9.187428061996862e-18
6253.249999999999	1.9552885393361118e-17	9.078044179334687e-18
6253.5	1.78647950515976e-17	8.967693322536438e-18
6253.749999999999	1.9519301860491465e-17	9.091017680061969e-18
6254.0	2.7650207694840684e-17	9.57807734116483e-18
6254.249999999999	2.864828547630839e-17	9.700722583407455e-18
6254.5	1.9564426217267457e-17	9.213795271202602e-18
6254.749999999999	1.577702096401581e-17	9.1462923701346e-18
6254.999999999998	2.1715782369813748e-17	9.771163630011245e-18
6255.249999999999	2.3337284672266747e-17	1.0092092336888956e-17
6255.499999999999	1.801120436565826e-17	9.976836299058268e-18
6255.749999999999	1.4584201705295967e-17	1.0128052359658474e-17
6255.999999999999	1.758486886050353e-17	1.0700664829975857e-17
6256.249999999999	2.0913599155372073e-17	1.1013237358305558e-17
6256.499999999999	1.700529152942845e-17	1.0915254506026202e-17
6256.749999999999	1.3415139073768648e-17	1.1025256292605953e-17
6256.999999999999	1.9919081559260793e-17	1.1452953337048947e-17
6257.249999999999	2.7591616837692328e-17	1.1773499059303046e-17
6257.499999999999	3.288398953433928e-17	1.1934423738752787e-17
6257.749999999999	3.290134378359064e-17	1.1922552042601426e-17
6257.999999999999	2.782209748049043e-17	1.161496079592052e-17
6258.249999999999	2.7095723714828013e-17	1.1342877931394677e-17
6258.499999999999	2.356680082247061e-17	1.1149511228320606e-17
6258.749999999999	2.220445916901415e-17	1.0839789164381764e-17
6258.999999999999	1.473905157032712e-17	1.0356959704931499e-17
6259.249999999999	9.27082523853507e-18	9.917462929050437e-18
6259.499999999999	8.520703117486258e-18	9.581375310267079e-18
6259.749999999999	1.0187100647685572e-17	9.399096963304281e-18
6259.999999999999	1.3767092843881385e-17	9.46720122467761e-18
6260.25	1.538164021174404e-17	9.423871849830857e-18
6260.499999999999	1.254719913653207e-17	9.167490527692496e-18
6260.75	1.1481036946025734e-17	9.063336908043494e-18
6260.999999999999	1.4925632083655805e-17	9.200203866557743e-18
6261.25	2.0062390600385605e-17	9.400488281094595e-18
6261.499999999999	2.7737786269375348e-17	9.685385000489496e-18
6261.749999999998	3.0147854739026174e-17	9.739482612550464e-18
6261.999999999999	2.322509085706373e-17	9.427121842457578e-18
6262.25	2.0081516670509056e-17	9.335107925478404e-18
6262.499999999999	2.2976025120262788e-17	9.564882156033384e-18
6262.749999999999	2.3957830604720353e-17	9.725658770153478e-18
6262.999999999999	2.294073594097005e-17	9.781686194583532e-18
6263.249999999999	2.3050087563588336e-17	9.828847897208243e-18
6263.499999999999	2.5176977367976534e-17	9.917998114906758e-18
6263.749999999999	2.6740676289224327e-17	1.0047566858876452e-17
6263.999999999999	2.5572993394958746e-17	1.0230254660242464e-17
6264.249999999999	2.5485454525093484e-17	1.0370961391160184e-17
6264.499999999999	2.828319442370709e-17	1.045127649273602e-17
6264.749999999999	3.055004980518416e-17	1.0509187407420857e-17
6264.999999999999	3.12113211479162e-17	1.0512968450000837e-17
6265.249999999999	2.844761476842548e-17	1.0271281164263869e-17
6265.499999999999	2.0313873358936427e-17	9.676731036920967e-18
6265.749999999999	1.6981951801264654e-17	9.36592867510213e-18
6265.999999999999	2.1026954332155115e-17	9.542930436937452e-18
6266.249999999999	2.384062572936649e-17	9.694145670357045e-18
6266.499999999999	2.6046771016965843e-17	9.818595820696261e-18
6266.749999999999	2.6924953931727665e-17	9.904515070922144e-18
6266.999999999999	2.733160419266486e-17	9.918337258957905e-18
6267.249999999999	2.6257286828499363e-17	9.877805408942807e-18
6267.5	2.452682498703843e-17	9.751103672976222e-18
6267.749999999999	2.3478538996749978e-17	9.665179459666664e-18
6268.0	2.428284971972714e-17	9.612335026233713e-18
6268.249999999999	2.577997549091544e-17	9.59581953812348e-18
6268.5	2.7520328758141283e-17	9.623023854109124e-18
6268.749999999999	2.5300998211577834e-17	9.508571835833837e-18
6269.0	1.759549647701361e-17	9.138284434624474e-18
6269.249999999999	1.7650765376821954e-17	9.089063052274506e-18
6269.499999999999	2.7952590185204343e-17	9.484822653266827e-18
6269.749999999999	3.378016693614658e-17	9.706234915009508e-18
6269.999999999999	3.486964321221772e-17	9.679100082195318e-18
6270.249999999999	3.424406305855612e-17	9.671208779151563e-18
6270.499999999999	3.2687712809870246e-17	9.676749234894443e-18
6270.749999999999	2.832190647637457e-17	9.560507197773591e-18
6270.999999999999	2.1228918750516062e-17	9.27510176230197e-18
6271.249999999999	1.8778518608558376e-17	9.142727221694496e-18
6271.499999999999	2.224016028425194e-17	9.235129086380957e-18
6271.749999999999	2.0773172011501396e-17	9.112362248588287e-18
6271.999999999999	1.3068940826358054e-17	8.68233751790157e-18
6272.249999999999	9.806861436526584e-18	8.583749996594437e-18
6272.499999999999	1.3506969356651835e-17	8.907079181609777e-18
6272.749999999999	1.7927768311631262e-17	9.125602928653423e-18
6272.999999999999	2.256073909373054e-17	9.227198905848411e-18
6273.249999999999	2.317024712809024e-17	9.248794937280946e-18
6273.499999999999	2.0809680455017036e-17	9.180799863748474e-18
6273.749999999999	1.993339840130286e-17	9.190213179119328e-18
6273.999999999999	2.198793306314982e-17	9.292245907677744e-18
6274.25	2.2942171926513443e-17	9.36793458808757e-18
6274.499999999999	2.4117544291753317e-17	9.39441181231478e-18
6274.75	2.4006409267734367e-17	9.436915660910205e-18
6274.999999999999	2.2247520537342436e-17	9.489968543857519e-18
6275.25	2.0468379116832757e-17	9.43492794589824e-18
6275.499999999999	1.7082129990889726e-17	9.22164521521573e-18
6275.75	1.7273604104722276e-17	9.248301937635864e-18
6275.999999999999	2.456132834474924e-17	9.609533365498996e-18
6276.249999999999	2.7087170667294214e-17	9.716386075486759e-18
6276.499999999999	2.356322409350193e-17	9.47663935546684e-18
6276.749999999999	2.1337034565299193e-17	9.328835414893414e-18
6276.999999999999	2.2427563015109503e-17	9.322570348933938e-18
6277.249999999999	2.0092139323935462e-17	9.229921984424936e-18
6277.499999999999	1.5133745762690472e-17	9.014797949698882e-18
6277.749999999999	1.3835824935339642e-17	8.962014727631261e-18
6277.999999999999	1.8747414963165157e-17	9.086657611053202e-18
6278.249999999999	2.1907608862587246e-17	9.161907885738376e-18
6278.499999999999	2.2856279146067162e-17	9.163281832735826e-18
6278.749999999999	1.9763862771676443e-17	9.041558896876198e-18
6278.999999999999	1.2779526873638001e-17	8.746295950044782e-18
6279.249999999999	1.0732581593911216e-17	8.62563428691106e-18
6279.499999999999	1.39568580025684e-17	8.718816182915158e-18
6279.749999999999	1.7903743677920272e-17	8.860551926514894e-18
6279.999999999999	2.225415121713266e-17	9.060538556031227e-18
6280.249999999999	2.4329767404071147e-17	9.072919795439921e-18
6280.499999999999	2.3522741874323586e-17	8.866052677588372e-18
6280.749999999999	2.2603016294838126e-17	8.731651544480143e-18
6280.999999999999	2.125003667155454e-17	8.64865472335841e-18
6281.249999999999	1.8315711055834957e-17	8.567044256943316e-18
6281.5	1.3813899686023311e-17	8.479286184215728e-18
6281.749999999999	1.3874508863866297e-17	8.438597997064857e-18
6282.0	1.7647817305118815e-17	8.45595555503867e-18
6282.249999999999	2.3153991374692347e-17	8.784981532932662e-18
6282.5	3.1343057932271395e-17	9.438406240374026e-18
6282.749999999999	3.261559589534542e-17	9.605982279129306e-18
6282.999999999998	2.562646731283785e-17	9.275950449610449e-18
6283.249999999999	2.311238418988093e-17	9.062788487297371e-18
6283.5	2.569104364889864e-17	8.980558462603475e-18
6283.749999999999	2.768743413112802e-17	9.104880399947745e-18
6283.999999999999	2.9679104720782174e-17	9.442990475328795e-18
6284.249999999999	3.0179085770233726e-17	9.63927133570089e-18
6284.499999999999	3.042541023048467e-17	9.678358928366471e-18
6284.749999999999	3.0385626151743317e-17	9.755197389827747e-18
6284.999999999999	2.926675187670204e-17	9.83191839164204e-18
6285.249999999999	2.4383654912256526e-17	9.846121909940188e-18
6285.499999999999	1.633585260532806e-17	9.807889622027987e-18
6285.749999999999	1.547915818851914e-17	1.0058035656708923e-17
6285.999999999999	2.1412121058223082e-17	1.0570010825042494e-17
6286.249999999999	2.5006917305841757e-17	1.1053774171404332e-17
6286.499999999999	3.01872417710735e-17	1.149092423588758e-17
6286.749999999999	3.653696139443881e-17	1.1805620136849705e-17
6286.999999999999	4.415434854143143e-17	1.2018170812690106e-17
6287.249999999999	3.942626356941713e-17	1.172392860673458e-17
6287.499999999999	2.387205362955983e-17	1.0892470643234041e-17
6287.749999999999	1.4871481532035634e-17	1.0457730155875159e-17
6287.999999999999	1.8448051682037315e-17	1.0421512879935137e-17
6288.249999999999	2.0214378420497324e-17	1.0322290083917564e-17
6288.499999999999	2.0186828343015632e-17	1.0160965049051347e-17
6288.75	2.3194486828760493e-17	1.0143150060198792e-17
6288.999999999999	2.913605403119621e-17	1.0263171485538399e-17
6289.25	2.880093669527138e-17	1.0040463031775847e-17
6289.499999999999	2.3032786253896177e-17	9.472807027688881e-18
6289.75	1.9729169162424743e-17	9.168922377332825e-18
6289.999999999999	1.7600146886417384e-17	9.12449367945199e-18
6290.25	1.9802750186633786e-17	9.176527475884638e-18
6290.499999999999	2.6361382545505487e-17	9.307737346189637e-18
6290.749999999999	2.5473255265419552e-17	9.194015728395234e-18
6290.999999999999	1.7775294109319362e-17	8.853791379368498e-18
6291.249999999999	1.4204813662987296e-17	8.682947150013021e-18
6291.499999999999	1.5892042082552534e-17	8.668918994004734e-18
6291.749999999999	1.973709024397055e-17	8.756822650520132e-18
6291.999999999999	2.5694220022450842e-17	8.916532201650033e-18
6292.249999999999	2.6219760952830283e-17	8.925196091385913e-18
6292.499999999999	2.1732860340740518e-17	8.796280820100136e-18
6292.749999999999	1.7953604470883743e-17	8.70029395463887e-18
6292.999999999999	1.658669016300109e-17	8.640173640537904e-18
6293.249999999999	2.1484838505872618e-17	8.900393907899123e-18
6293.499999999999	3.244071998768436e-17	9.404526576845079e-18
6293.749999999999	3.392349417524487e-17	9.484349505956446e-18
6293.999999999999	2.7032851370829082e-17	9.230287598255684e-18
6294.249999999999	2.2048214677470234e-17	9.006216778024257e-18
6294.499999999999	1.97686769628415e-17	8.815357259386834e-18
6294.749999999999	2.4234176758123294e-17	9.084875864013762e-18
6294.999999999999	3.417123145998205e-17	9.694661003878666e-18
6295.249999999999	3.0763396228773834e-17	9.616068919518778e-18
6295.5	1.7144223130751632e-17	8.991852786687274e-18
6295.749999999999	1.475128557158678e-17	8.992772611528433e-18
6296.0	1.938445818575552e-17	9.470514083030884e-18
6296.249999999999	2.3533199091627482e-17	9.857867047457829e-18
6296.5	2.824140525916091e-17	1.016885221619204e-17
6296.749999999999	2.7155411413468614e-17	1.015111994540074e-17
6297.0	2.0272395214300568e-17	9.886672785109375e-18
6297.249999999999	2.261437679337093e-17	1.0197744807807904e-17
6297.499999999999	3.424096278562027e-17	1.0900356156013509e-17
6297.749999999999	2.7421629567451455e-17	1.115492016234609e-17
6297.999999999999	1.1584799309244999e-17	1.1110140739885533e-17
6298.249999999999	9.946654132867433e-18	1.1495241291504495e-17
6298.499999999999	1.7723592012312348e-17	1.215075628435378e-17
6298.749999999999	2.0560996875659094e-17	1.2594495669596627e-17
6298.999999999999	1.9272132021654494e-17	1.28773873031867e-17
6299.249999999999	2.3314896201807387e-17	1.3392354383795875e-17
6299.499999999999	3.236456312304783e-17	1.403812022594561e-17
6299.749999999999	3.2374634874186275e-17	1.4118072195232536e-17
6299.999999999999	2.610686899719027e-17	1.3838514926691664e-17
6300.249999999999	2.2143538971260845e-17	1.3433756427815379e-17
6300.499999999999	2.3738629396755026e-17	1.2924225578191902e-17
6300.749999999999	2.2292206488393776e-17	1.2339484985733267e-17
6300.999999999999	1.6608746106854204e-17	1.168020135801319e-17
6301.249999999999	1.559459951480704e-17	1.1180873781245554e-17
6301.499999999999	1.7115385960236808e-17	1.0792525718541709e-17
6301.749999999999	1.506538093942419e-17	1.0331875452855828e-17
6301.999999999999	8.586769205830255e-18	9.806880461680673e-18
6302.249999999999	6.153267123016108e-18	9.627236684968856e-18
6302.499999999999	1.7563530909422112e-17	9.676684714806664e-18
6302.75	2.422186003880238e-17	9.655125906501694e-18
6302.999999999999	2.7513931343283798e-17	9.585818097337101e-18
6303.25	2.2773132605254556e-17	9.206526835160098e-18
6303.499999999999	1.2455627761180612e-17	8.612583031206198e-18
6303.75	8.53552371252137e-18	8.281602425524742e-18
6303.999999999999	8.40998664685726e-18	8.12502871609703e-18
6304.249999999998	1.67124381597214e-17	8.783637364437263e-18
6304.499999999999	2.919358940588295e-17	9.803933217158146e-18
6304.75	2.7601374260198003e-17	1.016457238370269e-17
6304.999999999999	1.9141561561963e-17	1.0197094643846438e-17
6305.249999999999	1.970846483169254e-17	1.0428027754439605e-17
6305.499999999999	2.4188648737208375e-17	1.076014573346332e-17
6305.749999999999	2.5014229582456725e-17	1.0905220805195933e-17
6305.999999999999	2.434418681650917e-17	1.095938624606713e-17
6306.249999999999	2.4582155098212102e-17	1.1124742132058319e-17
6306.499999999999	2.744051410083604e-17	1.1340085369646698e-17
6306.749999999999	3.061845433311984e-17	1.138643726245172e-17
6306.999999999999	3.217905629015424e-17	1.1339199459210654e-17
6307.249999999999	2.6377504295644145e-17	1.099037325899398e-17
6307.499999999999	1.7752705461151764e-17	1.0479551180434308e-17
6307.749999999999	8.795645545389696e-18	9.908300249405187e-18
6307.999999999999	3.6720044071149737e-19	9.291742154684699e-18
6308.249999999999	6.796613875464432e-18	9.368211693592776e-18
6308.499999999999	2.0168570812535362e-17	9.779639749748076e-18
6308.749999999999	2.275651950983204e-17	9.625780847090763e-18
6308.999999999999	1.971244026171647e-17	9.194533543458692e-18
6309.249999999999	2.2540153877006546e-17	9.17635955822029e-18
6309.499999999999	2.710908102735952e-17	9.356245698851584e-18
6309.749999999999	3.4542403944446843e-17	9.537831695641675e-18
6310.0	4.3535561194960114e-17	9.72448003778059e-18
6310.249999999999	3.836103692018359e-17	9.477291173789531e-18
6310.5	2.661039699710845e-17	9.01717526677936e-18
6310.749999999999	2.1977945684433855e-17	8.795575235037629e-18
6311.0	2.04433023093826e-17	8.676819396035228e-18
6311.249999999999	1.9297906969541647e-17	8.558157028442046e-18
6311.5	1.8797297262824554e-17	8.437240593679657e-18
6311.749999999999	2.4037901688015486e-17	8.767654580641514e-18
6311.999999999999	3.214225006161808e-17	9.263736300685491e-18
6312.249999999999	2.855468502691434e-17	8.977697244864654e-18
6312.499999999999	2.057326892722693e-17	8.33304313345819e-18
6312.749999999999	1.96383893989195e-17	8.374059711312244e-18
6312.999999999999	2.1746062143316864e-17	8.691918750936771e-18
6313.249999999999	2.1736494972352076e-17	8.693109891018848e-18
6313.499999999999	2.151919627979562e-17	8.574200196422512e-18
6313.749999999999	2.1837401080916195e-17	8.613850271904629e-18
6313.999999999999	2.228899702761707e-17	8.707579761474238e-18
6314.249999999999	2.0864646606721185e-17	8.508658540586873e-18
6314.499999999999	1.8581930864179023e-17	8.204649813138934e-18
6314.749999999999	2.3479710284497353e-17	8.551118548609832e-18
6314.999999999999	3.091194132317611e-17	9.109361237325944e-18
6315.249999999999	2.7879589841785314e-17	8.921775699553007e-18
6315.499999999999	2.071278948114625e-17	8.456551125079708e-18
6315.749999999999	1.843931830912998e-17	8.436089985447596e-18
6315.999999999999	1.852126709241561e-17	8.556096521536177e-18
6316.249999999999	2.2961417110645102e-17	8.758702832052465e-18
6316.499999999999	2.850179178982525e-17	8.993071223729565e-18
6316.75	2.9451547334268836e-17	9.080881408835744e-18
6316.999999999999	2.9950549001875126e-17	9.127361514635711e-18
6317.25	2.907911753527296e-17	8.938115825373379e-18
6317.499999999999	2.638399270036901e-17	8.667776657578799e-18
6317.75	2.502498127605869e-17	8.71047406643756e-18
6317.999999999999	2.4487813494989204e-17	8.846980374204737e-18
6318.25	2.326853603719624e-17	8.771988179870679e-18
6318.499999999999	2.1265658804603217e-17	8.647169934158878e-18
6318.749999999999	2.145857552142406e-17	8.699151618212935e-18
6318.999999999999	2.2325182870693815e-17	8.799620148233013e-18
6319.249999999999	2.2427010458460318e-17	8.978587291203761e-18
6319.499999999999	2.1359560347740237e-17	9.180642699432089e-18
6319.749999999999	1.7998192814622802e-17	9.124002334168133e-18
6319.999999999999	1.5549577728427004e-17	8.999964946954581e-18
6320.249999999999	2.398478676652223e-17	9.488677314921324e-18
6320.499999999999	3.5556692811559366e-17	1.0089673660777851e-17
6320.749999999999	3.145011495587046e-17	9.932781486814306e-18
6320.999999999999	2.438418761657101e-17	9.584080190870127e-18
6321.249999999999	2.1473353930247932e-17	9.383540177523996e-18
6321.499999999999	1.986950862515049e-17	9.227193942764736e-18
6321.749999999999	2.806435882957251e-17	9.528370403795293e-18
6321.999999999999	3.9591034638715244e-17	9.914581858976914e-18
6322.249999999999	3.085734740274761e-17	9.38290324845233e-18
6322.499999999999	1.77442731819874e-17	8.591068890654306e-18
6322.749999999999	1.9680782405312842e-17	8.706587144739174e-18
6322.999999999999	2.525820650412924e-17	9.013894668469974e-18
6323.249999999999	2.488882734723246e-17	8.967509688440451e-18
6323.499999999999	2.2890615413294238e-17	8.856457382482757e-18
6323.749999999999	2.5734442506916846e-17	8.954805848592861e-18
6324.0	2.929903839037121e-17	9.086878468276753e-18
6324.249999999999	2.474997350088686e-17	8.767338597647519e-18
6324.5	1.7893645457002224e-17	8.348641278269102e-18
6324.749999999999	2.165350063277218e-17	8.55104658389654e-18
6325.0	2.6753749051625115e-17	8.852053472901524e-18
6325.249999999999	2.2753563166322777e-17	8.681053733590887e-18
6325.499999999998	1.6975215242356022e-17	8.420719315305136e-18
6325.749999999999	1.7310670067970777e-17	8.410194269191011e-18
6325.999999999999	1.877429833307313e-17	8.45053504048461e-18
6326.249999999999	2.5162235355099613e-17	8.810493437385023e-18
6326.499999999999	3.202372831472903e-17	9.191983345630191e-18
6326.749999999999	3.145330456431246e-17	9.282710169576232e-18
6326.999999999999	2.9456033961911324e-17	9.33364547015541e-18
6327.249999999999	3.121114578562634e-17	9.592901244922393e-18
6327.499999999999	3.282775117885302e-17	9.871396413556746e-18
6327.749999999999	2.5969239378151248e-17	9.835058369247291e-18
6327.999999999999	1.7080940505168875e-17	9.76992120473119e-18
6328.249999999999	1.110330657366462e-17	9.826583076691073e-18
6328.499999999999	1.0958849405849584e-17	9.882991831383514e-18
6328.749999999999	1.1088566215148924e-17	1.0096722066777416e-17
6328.999999999999	1.323387815895929e-17	1.0337838597891723e-17
6329.249999999999	2.2985767653517438e-17	1.0834855032027885e-17
6329.499999999999	3.5815597034566013e-17	1.1349460634709374e-17
6329.749999999999	2.9661154901489774e-17	1.0926042595575118e-17
6329.999999999999	1.9876741492426654e-17	1.0412945770330925e-17
6330.249999999999	1.8573826148537228e-17	1.0179047217241756e-17
6330.499999999999	1.8491369476355492e-17	9.966988713865824e-18
6330.75	1.650711207935104e-17	9.667628741460433e-18
6330.999999999999	1.4241426331260118e-17	9.360285648963293e-18
6331.25	1.8474787813796254e-17	9.395641002705034e-18
6331.499999999999	2.338223697547533e-17	9.461614446820426e-18
6331.75	1.6907139932304133e-17	8.963504479914469e-18
6331.999999999999	8.908073452706066e-18	8.396789807364589e-18
6332.249999999998	1.2788151058704479e-17	8.366999724784104e-18
6332.499999999999	1.7246598312083644e-17	8.371409424629624e-18
6332.75	2.196272225244043e-17	8.595159298783381e-18
6332.999999999999	2.65639838929381e-17	8.827221510912682e-18
6333.249999999999	2.674101377891425e-17	8.794652928654632e-18
6333.499999999999	2.6278733967421638e-17	8.751639536801875e-18
6333.749999999999	2.7333955039965735e-17	8.772333941366726e-18
6333.999999999999	2.8106290269184047e-17	8.798659791541839e-18
6334.249999999999	2.2408744656173922e-17	8.525695979663628e-18
6334.499999999999	1.6405345702949865e-17	8.232130407449171e-18
6334.749999999999	2.2330422232693726e-17	8.587796564151046e-18
6334.999999999999	2.780718837712977e-17	8.937674938106888e-18
6335.249999999999	2.312917430195453e-17	8.658191288640534e-18
6335.499999999999	1.890938023582549e-17	8.375055636769758e-18
6335.749999999999	1.9875727368995664e-17	8.264326758431572e-18
6335.999999999999	2.1160585360113057e-17	8.155716289642135e-18
6336.249999999999	2.1789520558339175e-17	8.418614140646188e-18
6336.499999999999	2.2343890387427314e-17	8.666230657013937e-18
6336.749999999999	1.5252689371691922e-17	8.247370383054848e-18
6336.999999999999	7.775668984385259e-18	7.806124120178236e-18
6337.249999999999	1.8736858484187755e-17	8.382957693161477e-18
6337.499999999999	2.974173552804224e-17	8.90985023666183e-18
6337.749999999999	2.832272703954222e-17	8.739519686466748e-18
6338.0	2.614572332492311e-17	8.57045720415071e-18
6338.249999999999	2.950838125979613e-17	8.782945841445169e-18
6338.5	3.308834285030928e-17	8.987073337107943e-18
6338.749999999999	3.058747807354096e-17	8.987482791511156e-18
6339.0	2.849286154793213e-17	8.991212548893158e-18
6339.249999999999	3.000938139576235e-17	8.976252160334524e-18
6339.5	3.050518022003683e-17	8.956695129111933e-18
6339.749999999999	2.7043942208482193e-17	8.767969736454897e-18
6339.999999999999	2.413723119033208e-17	8.597111445029006e-18
6340.249999999999	2.5681451662515474e-17	8.717197390456392e-18
6340.499999999999	2.6604469420838895e-17	8.813473769132051e-18
6340.749999999999	2.1491616423811878e-17	8.538422153387756e-18
6340.999999999999	1.7440701205902888e-17	8.267549454098079e-18
6341.249999999999	1.856128774481215e-17	8.209215850120227e-18
6341.499999999999	1.958980246409936e-17	8.182372184881656e-18
6341.749999999999	2.500025684754948e-17	8.518724501461031e-18
6341.999999999999	3.038696618433565e-17	8.83185703106543e-18
6342.249999999999	3.2179658477640176e-17	8.989415912602693e-18
6342.499999999999	3.204170791252348e-17	9.060379737353617e-18
6342.749999999999	1.5800079450771338e-17	8.157245746594745e-18
6342.999999999999	3.0185896775397488e-18	7.371156985331514e-18
6343.249999999999	2.0787035558567785e-17	8.411220800331189e-18
6343.499999999999	3.585405431560483e-17	9.212379965174524e-18
6343.749999999999	2.9338299690965426e-17	8.930672027041014e-18
6343.999999999999	2.3272976342724425e-17	8.676141107932935e-18
6344.249999999999	2.579174957975452e-17	8.712810851668023e-18
6344.499999999999	2.762290577154276e-17	8.712833185544562e-18
6344.749999999999	2.3004688582848976e-17	8.431402352916258e-18
6344.999999999999	1.7150948109131688e-17	8.163514948457285e-18
6345.25	1.4777651126431294e-17	8.073227357416509e-18
6345.499999999999	1.3101618596456962e-17	8.018639227252297e-18
6345.75	1.4788778360031357e-17	8.20091591985387e-18
6345.999999999999	1.6583836389887782e-17	8.392952516502956e-18
6346.25	2.284969147966879e-17	8.675171652255023e-18
6346.499999999999	2.7117948403526087e-17	8.904775483603817e-18
6346.749999999998	2.5177204015464373e-17	8.890459468742361e-18
6346.999999999999	2.3800765550008784e-17	8.942862187728208e-18
6347.249999999999	2.6956732556500727e-17	9.285967606828466e-18
6347.499999999999	2.9549958666105495e-17	9.525382627422752e-18
6347.749999999999	2.5671472555605634e-17	9.300235645214393e-18
6347.999999999999	2.359915516495001e-17	9.109426584594336e-18
6348.249999999999	2.705061590166427e-17	9.09391777528958e-18
6348.499999999999	3.077491720034547e-17	9.131106161268738e-18
6348.749999999999	3.315043433580996e-17	9.370427710453806e-18
6348.999999999999	3.2842435289087064e-17	9.456466074687896e-18
6349.249999999999	2.40451180116794e-17	8.904151789421952e-18
6349.499999999999	1.7022950181145232e-17	8.39648871362162e-18
6349.749999999999	1.4472674597666668e-17	8.231374364369297e-18
6349.999999999999	1.412896616389986e-17	8.18672480926491e-18
6350.249999999999	2.313368078193172e-17	8.593538024782777e-18
6350.499999999999	2.964935930595477e-17	8.844627872542636e-18
6350.749999999999	2.4536731302054365e-17	8.608871471797672e-18
6350.999999999999	2.1921128302518812e-17	8.492109965252137e-18
6351.249999999999	2.8568019178388696e-17	8.781896976428452e-18
6351.499999999999	3.233776247120111e-17	8.926035679707655e-18
6351.749999999999	2.6277635471568168e-17	8.582109697439744e-18
6352.0	2.2983760913351384e-17	8.394559728433146e-18
6352.249999999999	2.8860318337085335e-17	8.74478551824626e-18
6352.5	3.276837946320642e-17	8.930695188098166e-18
6352.749999999999	3.0331310164000635e-17	8.666531750756906e-18
6353.0	2.9392741410161217e-17	8.542252826804489e-18
6353.249999999999	3.107643115106595e-17	8.836455328090612e-18
6353.499999999998	3.1269458710088876e-17	9.022125115564877e-18
6353.749999999999	2.932895585876603e-17	8.93439351261689e-18
6354.0	2.6557871028211333e-17	8.891218820544685e-18
6354.249999999999	2.218621487342368e-17	8.94881457941614e-18
6354.499999999999	1.7599569514349822e-17	8.99287849064684e-18
6354.749999999999	1.4976971875554522e-17	8.99989959968619e-18
6354.999999999999	1.2810074653659584e-17	9.076458474100423e-18
6355.249999999999	1.3656659269021881e-17	9.32930359912012e-18
6355.499999999999	1.5594710357009123e-17	9.526597755742592e-18
6355.749999999999	2.0717871678829776e-17	9.595474603808045e-18
6355.999999999999	2.4416692505921894e-17	9.563719967272747e-18
6356.249999999999	2.0658311366003508e-17	9.317698255126e-18
6356.499999999999	1.7969501227895787e-17	9.111664935331905e-18
6356.749999999999	1.7770580834189035e-17	9.011715047555897e-18
6356.999999999999	1.951080175251687e-17	8.96483624070068e-18
6357.249999999999	2.3767782550263845e-17	9.010014364216488e-18
6357.499999999999	2.813850729968176e-17	9.031663335208226e-18
6357.749999999999	3.2523755686294885e-17	9.022918381772315e-18
6357.999999999999	3.161485955538897e-17	8.894510999382646e-18
6358.249999999999	2.2915341496164673e-17	8.494529468543855e-18
6358.499999999999	1.975159899191473e-17	8.284126980754254e-18
6358.749999999999	2.6634160241745873e-17	8.484676920267736e-18
6358.999999999999	2.75435907313275e-17	8.464356401339758e-18
6359.25	1.921746200060964e-17	8.029738336711534e-18
6359.499999999999	1.4733236490620872e-17	7.810150835400144e-18
6359.75	1.666553205590597e-17	8.005905608902656e-18
6359.999999999999	2.1876372868296018e-17	8.289186844561241e-18
6360.25	3.140647621547461e-17	8.694465640042822e-18
6360.499999999999	3.599691833356009e-17	8.922557385231869e-18
6360.75	3.4783725616353064e-17	8.901524663796483e-18
6360.999999999999	3.323641479740117e-17	8.885423593173139e-18
6361.249999999999	3.15903948615921e-17	8.894154484538636e-18
6361.499999999999	2.663815056102083e-17	8.906180036283932e-18
6361.749999999999	1.978721242600759e-17	8.920639153391359e-18
6361.999999999999	1.6073583411589547e-17	9.058019791066003e-18
6362.249999999999	1.858318983307133e-17	9.35313715410961e-18
6362.499999999999	1.9721497889423927e-17	9.468865512070066e-18
6362.749999999999	1.3977636779555733e-17	9.355075238284821e-18
6362.999999999999	1.570321660104138e-17	9.515042042585226e-18
6363.249999999999	2.4873316056385867e-17	1.0014060253803767e-17
6363.499999999999	2.8279270278881136e-17	1.0147984930879165e-17
6363.749999999999	2.373775589402817e-17	9.82883383513783e-18
6363.999999999999	2.3529040027507565e-17	9.717062709227827e-18
6364.249999999999	3.145409204025561e-17	9.85051589335407e-18
6364.499999999999	3.306796112001597e-17	9.683486620983687e-18
6364.749999999999	2.5719940376417566e-17	9.131312956421877e-18
6364.999999999999	2.1517730515750177e-17	8.777818976008565e-18
6365.249999999999	2.2167833265851528e-17	8.688349466593605e-18
6365.499999999999	2.090356049145813e-17	8.479656761130151e-18
6365.749999999999	1.7107590610144108e-17	8.130262287832653e-18
6365.999999999999	1.678254171663527e-17	7.953538458683149e-18
6366.249999999999	2.070030898006405e-17	7.979771664629655e-18
6366.5	2.1931008147755146e-17	7.966690630422742e-18
6366.749999999999	2.011501583095623e-17	7.898138864338022e-18
6367.0	1.605296510764105e-17	7.671952943280297e-18
6367.249999999999	9.819260873908754e-18	7.285841576952795e-18
6367.5	1.0562639818604034e-17	7.311856407217588e-18
6367.749999999999	1.8330376968095522e-17	7.736050341766419e-18
6367.999999999998	2.433675377152477e-17	7.989329736607706e-18
6368.249999999999	2.7320802868226142e-17	8.104167221048443e-18
6368.499999999999	2.8558784534030154e-17	8.110901298415237e-18
6368.749999999999	2.8560806163447234e-17	8.023592384760265e-18
6368.999999999999	2.458180106490993e-17	7.82748357795558e-18
6369.249999999999	1.6288440266977745e-17	7.533489526183821e-18
6369.499999999999	1.4023985363638304e-17	7.476851642461702e-18
6369.749999999999	1.6544604867795617e-17	7.625825216421278e-18
6369.999999999999	1.8055003579092944e-17	7.725676669704391e-18
6370.249999999999	1.9482728896888045e-17	7.788709486742157e-18
6370.499999999999	2.3970913293288492e-17	8.002842559094372e-18
6370.749999999999	3.064415648911309e-17	8.334824053317017e-18
6370.999999999999	3.05015406253416e-17	8.319175450488738e-18
6371.249999999999	2.4750173678595098e-17	8.040856471324859e-18
6371.499999999999	2.4559343111279114e-17	8.034232408979534e-18
6371.749999999999	2.917610280773358e-17	8.218744970776838e-18
6371.999999999999	2.8960129258518433e-17	8.165438970562083e-18
6372.249999999999	2.507327704330321e-17	7.953660881413807e-18
6372.499999999999	2.3672779202550905e-17	7.827663903329117e-18
6372.749999999999	2.354525773059728e-17	7.763573122287896e-18
6372.999999999999	2.3373144606182146e-17	7.776244702091596e-18
6373.25	2.3206409810109832e-17	7.851609954881914e-18
6373.499999999999	2.3631291131747695e-17	7.931533800028013e-18
6373.75	2.4335150695497642e-17	8.023755339340938e-18
6373.999999999999	2.18897152915765e-17	7.86768538290627e-18
6374.25	1.7414732697752398e-17	7.56019339789887e-18
6374.499999999999	1.637406504090556e-17	7.504371941441342e-18
6374.749999999998	1.7012344071331077e-17	7.591684163818764e-18
6374.999999999999	2.0828106730342268e-17	7.78447266764466e-18
6375.25	2.5466320183163907e-17	8.02975984340746e-18
6375.499999999999	2.342219641650654e-17	7.936805422071814e-18
6375.749999999999	1.8487556173731623e-17	7.66903795880166e-18
6375.999999999999	1.89657079268179e-17	7.621902725956551e-18
6376.249999999999	2.173227138814438e-17	7.686087805587603e-18
6376.499999999999	2.2563404269664186e-17	7.778263022786225e-18
6376.749999999999	2.2396123534387588e-17	7.878877963774725e-18
6376.999999999999	2.463935629193137e-17	7.971463462557173e-18
6377.249999999999	2.757223268721776e-17	8.064952242568529e-18
6377.499999999999	2.411270197644743e-17	7.986436258824995e-18
6377.749999999999	1.8528114493526323e-17	7.823362564143841e-18
6377.999999999999	2.115197110121393e-17	8.038406362350477e-18
6378.249999999999	2.7502526176997916e-17	8.39102932157877e-18
6378.499999999999	2.6823506847042937e-17	8.350301429758496e-18
6378.749999999999	2.305562636496999e-17	8.17269582607601e-18
6378.999999999999	2.224720455434844e-17	8.140977585487665e-18
6379.249999999999	2.261183734889039e-17	8.173099490214937e-18
6379.499999999999	2.3359947766689475e-17	8.119752958150167e-18
6379.749999999999	2.464361461772479e-17	8.035205173379897e-18
6379.999999999999	2.776874102225831e-17	8.161456923093253e-18
6380.249999999999	3.109059248315286e-17	8.349920926676722e-18
6380.5	2.7747828242011742e-17	8.198668470129563e-18
6380.749999999999	2.270766622285466e-17	7.934845004020063e-18
6381.0	1.7681371059486416e-17	7.6113429382567e-18
6381.249999999999	1.2990040203629684e-17	7.260605123644415e-18
6381.5	1.601380306872034e-17	7.436621713370186e-18
6381.749999999999	2.1203168618047286e-17	7.762327388285391e-18
6382.0	2.1885016905697197e-17	7.72093609761385e-18
6382.249999999999	2.123504154141018e-17	7.57968839057552e-18
6382.499999999999	2.031814491961965e-17	7.565106023556823e-18
6382.749999999999	1.9274375335475738e-17	7.586999840009876e-18
6382.999999999999	2.2543930783683463e-17	7.741304593017356e-18
6383.249999999999	2.6334437964232184e-17	7.927797425201111e-18
6383.499999999999	2.5952436031187845e-17	7.87361461353705e-18
6383.749999999999	2.4591669329617686e-17	7.764456551182102e-18
6383.999999999999	2.2681285778759118e-17	7.852709277915997e-18
6384.249999999999	2.032093417264518e-17	7.976429854954941e-18
6384.499999999999	2.2534972417649514e-17	8.112998201268059e-18
6384.749999999999	2.506981281089784e-17	8.263090950596418e-18
6384.999999999999	2.045636349125481e-17	8.168883350632754e-18
6385.249999999999	1.53775191979323e-17	8.039798507321404e-18
6385.499999999999	1.808732152562539e-17	8.273587872569716e-18
6385.749999999999	2.2102335450588354e-17	8.552006940587714e-18
6385.999999999999	2.841821015201044e-17	8.818706513687062e-18
6386.249999999999	3.59682151663045e-17	9.079240282500439e-18
6386.499999999999	2.9388195225514625e-17	8.613550005342272e-18
6386.749999999999	2.1348841741362775e-17	8.015111301939758e-18
6386.999999999999	1.8109948224101166e-17	7.850531311363145e-18
6387.25	1.4764833135659172e-17	7.740551858659932e-18
6387.499999999999	2.4372218313107368e-17	8.059319142597042e-18
6387.75	3.5257326221709075e-17	8.406196505290542e-18
6387.999999999999	2.856663282368206e-17	8.15518358532765e-18
6388.25	1.9623227178291402e-17	7.832477267313563e-18
6388.499999999999	2.0957421529863907e-17	7.875459226303043e-18
6388.75	2.3396183240602973e-17	7.940559994872192e-18
6388.999999999999	1.9243088055986533e-17	7.627233905004455e-18
6389.249999999999	1.436336433407901e-17	7.281024077065286e-18
6389.499999999999	2.3451050130633615e-17	7.61444072965071e-18
6389.749999999999	3.3375625985771395e-17	7.970934894145751e-18
6389.999999999999	2.921008669601971e-17	7.904954005404847e-18
6390.249999999999	2.4139161829881778e-17	7.82209863216786e-18
6390.499999999999	2.0237539477648808e-17	7.663036763457588e-18
6390.749999999999	1.7334214936926486e-17	7.491067568469039e-18
6390.999999999999	1.7901846125595075e-17	7.371608625945968e-18
6391.249999999999	1.753119145619374e-17	7.251918900031995e-18
6391.499999999999	2.065570078399029e-17	7.501788656388339e-18
6391.749999999999	2.409940091219758e-17	7.733774767901285e-18
6391.999999999999	3.060310186095086e-17	8.156041371622868e-18
6392.249999999999	3.678832173025897e-17	8.55064457411884e-18
6392.499999999999	3.326508487743226e-17	8.362714102030467e-18
6392.749999999999	2.986464794962272e-17	8.173161528760878e-18
6392.999999999999	3.034881661448471e-17	8.209602970646902e-18
6393.249999999999	3.175601627255992e-17	8.256203017635689e-18
6393.499999999999	3.487618786522424e-17	8.266412907936431e-18
6393.749999999999	3.715374696382775e-17	8.269633949241712e-18
6393.999999999999	3.210343212983219e-17	8.258197350092554e-18
6394.249999999999	2.6935234132380474e-17	8.22896478724493e-18
6394.5	2.4913333400059957e-17	7.97063297322217e-18
6394.749999999999	2.3269280499747538e-17	7.719649004580717e-18
6395.0	2.1902978305518174e-17	7.682828713974144e-18
6395.249999999999	2.0206538402651546e-17	7.640576328284936e-18
6395.5	2.054986964205903e-17	7.452426653334237e-18
6395.749999999999	2.0969888796056307e-17	7.290319932789157e-18
6395.999999999998	1.8193959995834502e-17	7.382274292764227e-18
6396.249999999999	1.5985850981460947e-17	7.440699713790072e-18
6396.499999999999	1.8533884905479493e-17	7.261117148443585e-18
6396.749999999999	2.1033823239961755e-17	7.135566847889674e-18
6396.999999999999	2.1991175611151028e-17	7.451774007830932e-18
6397.249999999999	2.2311656813317348e-17	7.726527011374096e-18
6397.499999999999	2.333601246848464e-17	7.762347240620092e-18
6397.749999999999	2.561870504996965e-17	7.835498958091219e-18
6397.999999999999	2.995074421649969e-17	8.17194061017675e-18
6398.249999999999	3.242932805628828e-17	8.38133228325781e-18
6398.499999999999	2.5169718030920768e-17	7.9418586684339e-18
6398.749999999999	2.081129180285029e-17	7.565433587079394e-18
6398.999999999999	2.1986674094257514e-17	7.624834254047439e-18
6399.249999999999	2.224742789311383e-17	7.679074968354379e-18
6399.499999999999	2.3101965022885212e-17	7.719483568458207e-18
6399.749999999999	2.47295487572017e-17	7.793382230022469e-18
6399.999999999999	2.8737068425814934e-17	7.993394502137791e-18
6400.249999999999	3.1804002674255344e-17	8.169151357151221e-18
6400.499999999999	3.266218932488931e-17	8.286754933560335e-18
6400.749999999999	3.32758944736771e-17	8.358867712182095e-18
6400.999999999999	3.28718597578368e-17	8.272351237553949e-18
6401.249999999999	3.147840784154222e-17	8.166154481791941e-18
6401.499999999999	2.866730732167466e-17	7.96022290521319e-18
6401.75	2.744578820442168e-17	7.840743283174805e-18
6401.999999999999	3.1459141150714636e-17	8.019934592091555e-18
6402.25	3.379668738734049e-17	8.154968518368387e-18
6402.499999999999	3.148491609860179e-17	8.164006293741141e-18
6402.749999999998	2.885178845060869e-17	8.089636966408336e-18
6402.999999999999	2.357725638541328e-17	7.741012598261124e-18
6403.25	2.0974120652070128e-17	7.552505581285802e-18
6403.499999999999	2.52283204685977e-17	7.823069742206997e-18
6403.749999999999	2.7658228038059998e-17	7.97075291441099e-18
6403.999999999999	2.5060119908479942e-17	7.83242101903191e-18
6404.249999999999	2.336252195275574e-17	7.745988089645631e-18
6404.499999999999	2.3610613270795094e-17	7.795088703626166e-18
6404.749999999999	2.345531176514949e-17	7.796759608463523e-18
6404.999999999999	2.1690569904743132e-17	7.703737358317647e-18
6405.249999999999	2.0160231177599602e-17	7.579238404322291e-18
6405.499999999999	1.8239377174547338e-17	7.401545119494875e-18
6405.749999999999	1.8504625872852267e-17	7.378788553662928e-18
6405.999999999999	2.3703980455256405e-17	7.677900371884554e-18
6406.249999999999	2.806888847060685e-17	7.91619787147128e-18
6406.499999999999	3.007165816972024e-17	8.057496036526976e-18
6406.749999999999	2.9506118093640185e-17	8.064429464421395e-18
6406.999999999999	2.494472655866757e-17	7.830619419657769e-18
6407.249999999999	2.2301522196452348e-17	7.680910482133634e-18
6407.499999999999	2.3100777191525586e-17	7.682736069745539e-18
6407.749999999999	2.4803434183876162e-17	7.749820417423589e-18
6407.999999999999	2.781949682464456e-17	7.920833391624027e-18
6408.249999999999	2.6672969901725636e-17	7.906752296056537e-18
6408.5	2.0129542776873885e-17	7.595640568688605e-18
6408.749999999999	1.8869175949332962e-17	7.514675303151302e-18
6409.0	2.425483972982487e-17	7.790663287349007e-18
6409.249999999999	2.7713670645796977e-17	7.949792984869509e-18
6409.5	2.905940747563705e-17	7.957046531660986e-18
6409.749999999999	2.785708722040142e-17	7.888508000466067e-18
6410.0	2.4031772279676468e-17	7.697298584429535e-18
6410.249999999999	2.1952483410818247e-17	7.600137949679056e-18
6410.499999999999	2.1645338014487507e-17	7.616699759903593e-18
6410.749999999999	2.3814682036634377e-17	7.702676085591742e-18
6410.999999999999	2.8580780920879165e-17	7.889067174560153e-18
6411.249999999999	2.7116110408204995e-17	7.822342650448563e-18
6411.499999999999	1.8912447421536836e-17	7.456209350275442e-18
6411.749999999999	1.5082738497398002e-17	7.30226028493136e-18
6411.999999999999	1.6565145416766534e-17	7.393672841605208e-18
6412.249999999999	2.2171196582222168e-17	7.682712908688387e-18
6412.499999999999	3.273832633719114e-17	8.156687399681272e-18
6412.749999999999	2.995969431072751e-17	8.098065936850251e-18
6412.999999999999	1.5751209620181705e-17	7.503880596157485e-18
6413.249999999999	1.4717033676782183e-17	7.555343637967472e-18
6413.499999999999	2.695639672117203e-17	8.207927929906482e-18
6413.749999999999	3.156809407227767e-17	8.418924333375895e-18
6413.999999999999	2.928019521601725e-17	8.270636492144127e-18
6414.249999999999	2.86694844610469e-17	8.215141772028557e-18
6414.499999999999	2.961445890154993e-17	8.234561491269464e-18
6414.749999999999	2.5479538529352505e-17	7.995171286093555e-18
6414.999999999999	1.7128314793211012e-17	7.538453437039752e-18
6415.249999999999	1.0226764785238102e-17	7.107058895258646e-18
6415.499999999999	4.647528747289906e-18	6.686124052323274e-18
6415.75	8.885854554272279e-18	6.873997862539687e-18
6415.999999999999	2.015551624810805e-17	7.458965516076468e-18
6416.25	1.9216500816737853e-17	7.37030002621691e-18
6416.499999999999	9.877837668986696e-18	6.804163552915204e-18
6416.75	1.2218421312821843e-17	7.03447462368773e-18
6416.999999999999	2.3256073734087516e-17	7.750736933542298e-18
6417.249999999998	2.3829131227574453e-17	7.837369213456202e-18
6417.499999999999	1.7674770158198243e-17	7.550183685306366e-18
6417.749999999999	1.675751950310554e-17	7.541052438524393e-18
6417.999999999999	1.9626979269549942e-17	7.697473119538783e-18
6418.249999999999	1.765123356104866e-17	7.546712008275481e-18
6418.499999999999	1.268654184661969e-17	7.219643139710789e-18
6418.749999999999	1.8579589943045498e-17	7.58872451158705e-18
6418.999999999999	2.964365837717305e-17	8.270435487255276e-18
6419.249999999999	2.5847577653656948e-17	8.167491205661827e-18
6419.499999999999	1.5321383412842e-17	7.673881928468771e-18
6419.749999999999	1.5504729649975604e-17	7.58031043039616e-18
6419.999999999999	2.0716827776896734e-17	7.672409546978427e-18
6420.249999999999	2.155612823978489e-17	7.754099422732326e-18
6420.499999999999	2.0798285214898506e-17	7.833362350568995e-18
6420.749999999999	2.226463821293861e-17	7.899500403626285e-18
6420.999999999999	2.454064386635174e-17	7.958896107510655e-18
6421.249999999999	2.2348851816741407e-17	7.796419637231764e-18
6421.499999999999	1.8461377561705545e-17	7.542615809882118e-18
6421.749999999999	1.6619317475082632e-17	7.479065177780894e-18
6421.999999999999	1.5933066932212714e-17	7.488637311829358e-18
6422.249999999999	1.8233763926910553e-17	7.53656084779823e-18
6422.499999999999	2.17415242304764e-17	7.5918512543025e-18
6422.749999999999	2.6841066237086212e-17	7.846909087460776e-18
6423.0	3.167419487508862e-17	8.155224944358278e-18
6423.249999999999	2.6186192309211656e-17	7.782134228052973e-18
6423.5	1.8280638597862708e-17	7.1741829476061e-18
6423.749999999999	1.542690684358539e-17	7.041735615104721e-18
6423.999999999998	1.3323945719957127e-17	7.040881964712566e-18
6424.249999999999	1.3716764693871822e-17	7.144275405378632e-18
6424.5	1.4588258199019928e-17	7.268044786073717e-18
6424.749999999999	1.880340351010642e-17	7.43180504066329e-18
6424.999999999999	2.3968891663871412e-17	7.602644306935092e-18
6425.249999999999	2.114748116484899e-17	7.457718954893351e-18
6425.499999999999	1.6754109864620598e-17	7.2492702677106e-18
6425.749999999999	1.7631458981324967e-17	7.31782203379532e-18
6425.999999999999	1.902644779919767e-17	7.429057146668389e-18
6426.249999999999	2.504994227822309e-17	7.818832095928888e-18
6426.499999999999	3.1745223219927326e-17	8.239192875519149e-18
6426.749999999999	3.0200420412592694e-17	8.10197601960579e-18
6426.999999999999	2.7422509687623212e-17	7.874024067940264e-18
6427.249999999999	2.3060367764241145e-17	7.653884837160301e-18
6427.499999999999	1.8080910875878104e-17	7.431738866214285e-18
6427.749999999999	1.469920297149799e-17	7.235834373020902e-18
6427.999999999999	1.0791251860398377e-17	7.040907607311556e-18
6428.249999999999	1.767201233803599e-17	7.494318388276372e-18
6428.499999999999	2.5703163499233766e-17	7.979038782606933e-18
6428.749999999999	2.593021134248977e-17	7.892405675512417e-18
6428.999999999999	2.4694408470419223e-17	7.763993330039073e-18
6429.249999999999	2.6239418072906993e-17	7.827771436808749e-18
6429.499999999999	2.840912440016216e-17	7.907001277420915e-18
6429.75	2.7413519888725986e-17	7.827692854650556e-18
6429.999999999999	2.6083492873079522e-17	7.740177973023058e-18
6430.25	2.3617212517722042e-17	7.647257466092527e-18
6430.499999999999	2.0801239904046545e-17	7.55492508457752e-18
6430.749999999998	2.198167296027402e-17	7.647010966269986e-18
6430.999999999999	2.354313518514547e-17	7.73778080360788e-18
6431.25	2.6693770185408895e-17	7.932676136453949e-18
6431.499999999999	3.0095113703169793e-17	8.118332689038413e-18
6431.749999999999	2.4014543761878214e-17	7.835029946683902e-18
6431.999999999999	1.828567116470948e-17	7.552230957322435e-18
6432.249999999999	2.3131647571986065e-17	7.625473664660943e-18
6432.499999999999	2.764475988332641e-17	7.692946787226893e-18
6432.749999999999	2.611637495678973e-17	7.669615330869222e-18
6432.999999999999	2.4716353572070255e-17	7.642971016158277e-18
6433.249999999999	2.2379515402048748e-17	7.596307276262323e-18
6433.499999999999	1.985859976723214e-17	7.558945182354528e-18
6433.749999999999	2.2897466123127402e-17	7.623586865683709e-18
6433.999999999999	2.613050485601336e-17	7.670420177605236e-18
6434.249999999999	2.3184734369338493e-17	7.536565810881906e-18
6434.499999999999	1.9986781329314583e-17	7.403675936752811e-18
6434.749999999999	1.683254147594165e-17	7.28891786165088e-18
6434.999999999999	1.4801553337411626e-17	7.20589953383322e-18
6435.249999999999	1.950329756999979e-17	7.379892839780687e-18
6435.499999999999	2.2952060043555902e-17	7.522309353024554e-18
6435.749999999999	1.8747939395673515e-17	7.415238267355078e-18
6435.999999999999	1.4929018561083598e-17	7.326685274058826e-18
6436.249999999999	1.508247545396321e-17	7.331273644916657e-18
6436.499999999999	1.6871892112042023e-17	7.404205332344845e-18
6436.749999999999	2.4789137194168795e-17	7.858861020131554e-18
6437.0	3.00678796086821e-17	8.16890816605113e-18
6437.249999999999	2.4087742628644256e-17	7.867062515905018e-18
6437.499999999998	1.9974767358097863e-17	7.621133447986877e-18
6437.749999999999	2.2049447176582938e-17	7.682585522874054e-18
6438.0	2.3619571636829044e-17	7.753123349609513e-18
6438.249999999999	2.4189183095884084e-17	7.861496417563148e-18
6438.499999999998	2.467367766990742e-17	7.882261132480067e-18
6438.749999999999	2.1467055777063953e-17	7.57188642303792e-18
6439.0	1.9815447409036474e-17	7.36648341487059e-18
6439.249999999999	2.2330440430667202e-17	7.559452244070023e-18
6439.499999999999	2.3845254632074336e-17	7.6985087496657e-18
6439.749999999999	2.1837204211930407e-17	7.677988053029484e-18
6439.999999999999	1.990133853512153e-17	7.64029260533483e-18
6440.249999999999	1.9206065106129884e-17	7.54310550080475e-18
6440.499999999999	1.903161271494245e-17	7.491676373399878e-18
6440.749999999999	1.952942489682789e-17	7.570297409081205e-18
6440.999999999999	2.102594848053025e-17	7.629267114950111e-18
6441.249999999999	2.4822168170389263e-17	7.625189941710837e-18
6441.499999999999	2.7089276669133774e-17	7.62452985158202e-18
6441.749999999999	2.5962310913340504e-17	7.646680094024965e-18
6441.999999999999	2.54108097466167e-17	7.668967648449593e-18
6442.249999999999	2.5507510468946598e-17	7.680251219185429e-18
6442.499999999999	2.4079697470006566e-17	7.683853590753098e-18
6442.749999999999	2.168438093940001e-17	7.662795226718723e-18
6442.999999999999	2.1309294236276615e-17	7.701259125202438e-18
6443.249999999999	2.5016406721828965e-17	7.867522428325597e-18
6443.499999999999	2.922465830969044e-17	8.062295338441008e-18
6443.749999999999	3.3051649118336426e-17	8.312492658319923e-18
6443.999999999999	3.19530341508578e-17	8.322489136022626e-18
6444.25	2.382026219704666e-17	7.905598379102025e-18
6444.499999999999	1.895111149772879e-17	7.619402158964803e-18
6444.75	1.8837124354957758e-17	7.584728402047806e-18
6444.999999999999	1.8723032987429544e-17	7.528022689515458e-18
6445.249999999998	1.831918521440768e-17	7.443221787477747e-18
6445.499999999999	1.7397737444886883e-17	7.383991519715887e-18
6445.75	1.682190724198667e-17	7.373321716994566e-18
6445.999999999999	1.6643358652405873e-17	7.396993144583996e-18
6446.249999999999	1.7037566462569044e-17	7.468357324751395e-18
6446.499999999999	1.6288069690063322e-17	7.432379104008401e-18
6446.749999999999	1.3583743298025332e-17	7.267782569819537e-18
6446.999999999999	1.6231105069999245e-17	7.407892903515607e-18
6447.249999999999	2.4689721665068497e-17	7.872896620765354e-18
6447.499999999999	2.662265746814771e-17	7.979780763616394e-18
6447.749999999999	2.207986757079019e-17	7.713348369854901e-18
6447.999999999999	1.8293797387047202e-17	7.504295013644374e-18
6448.249999999999	1.4756966648033793e-17	7.362863672510058e-18
6448.499999999999	1.5056955277704724e-17	7.390087840830403e-18
6448.749999999999	1.863720141834859e-17	7.574440756769484e-18
6448.999999999999	2.0977169639807998e-17	7.64892092630437e-18
6449.249999999999	2.2442551527808964e-17	7.638373546313707e-18
6449.499999999999	2.4589718837733286e-17	7.703043353783715e-18
6449.749999999999	2.6721404635313066e-17	7.828075839274168e-18
6449.999999999999	2.4000405590848458e-17	7.745122031544288e-18
6450.249999999999	1.8891322883053457e-17	7.498261558256412e-18
6450.499999999999	2.0241137713313414e-17	7.577058783408214e-18
6450.749999999999	2.675053297340351e-17	7.900339991948026e-18
6451.0	2.908722059655353e-17	8.07245311636316e-18
6451.249999999999	2.9025072862771197e-17	8.14331850662119e-18
6451.5	2.3212653369373383e-17	7.83079147322518e-18
6451.749999999999	1.3344469725315793e-17	7.233288311095463e-18
6451.999999999998	1.226410732523376e-17	7.171008228415121e-18
6452.249999999999	1.6859002983737222e-17	7.454157115175698e-18
6452.5	1.8528640580395907e-17	7.575459016103536e-18
6452.749999999999	1.8934528180808327e-17	7.602757630679011e-18
6452.999999999999	1.731494493737645e-17	7.472130922705862e-18
6453.249999999999	1.40738345760732e-17	7.250983358759198e-18
6453.499999999999	1.4665106586648554e-17	7.216060620477822e-18
6453.749999999999	1.6445865972436387e-17	7.274712688991507e-18
6453.999999999999	1.9508828099575318e-17	7.49031648847284e-18
6454.249999999999	2.380390056453036e-17	7.769389856355369e-18
6454.499999999999	2.2069491417186323e-17	7.689691004335884e-18
6454.749999999999	1.7426907142007953e-17	7.442321814971289e-18
6454.999999999999	2.019429612958576e-17	7.533820398428842e-18
6455.249999999999	2.6490075305206487e-17	7.7636392967369e-18
6455.499999999999	2.723615085869869e-17	7.81382682604233e-18
6455.749999999999	2.507092123291866e-17	7.797260052734118e-18
6455.999999999999	2.5329583919186442e-17	7.836819965529466e-18
6456.249999999999	2.5948048665218864e-17	7.898587196230026e-18
6456.499999999999	2.341448874755877e-17	7.784522298481414e-18
6456.749999999999	1.9881433260861055e-17	7.613172661771667e-18
6456.999999999999	1.9782042547179133e-17	7.64474118266914e-18
6457.249999999999	2.0938864560001893e-17	7.733989834860549e-18
6457.499999999999	1.9707546661212607e-17	7.68119089636129e-18
6457.749999999999	1.7841278306782717e-17	7.587386960536551e-18
6457.999999999999	1.8848761131815154e-17	7.654028766586886e-18
6458.25	2.0651354777051937e-17	7.762337314452741e-18
6458.499999999999	2.2420849617258023e-17	7.82939850107364e-18
6458.749999999998	2.4590172132708965e-17	7.885831244003846e-18
6458.999999999999	2.3448029267036572e-17	7.87267824508364e-18
6459.25	2.1883130933900576e-17	7.8429899057185e-18
6459.499999999999	2.5856489697576595e-17	8.030752460142524e-18
6459.749999999998	3.0927366587238996e-17	8.247870827325442e-18
6459.999999999999	3.081139255663661e-17	8.097305757867315e-18
6460.25	3.000367054081328e-17	7.885725364885439e-18
6460.499999999999	2.2800070569082958e-17	7.59207790179034e-18
6460.749999999999	1.415995400400732e-17	7.265990896612747e-18
6460.999999999999	1.619641311510877e-17	7.355660583735946e-18
6461.249999999999	1.9112127167045912e-17	7.486627262940854e-18
6461.499999999999	2.411320655662109e-17	7.92560374221662e-18
6461.749999999999	2.897147155907776e-17	8.371646825465427e-18
6461.999999999999	1.955557869343559e-17	7.997556874980158e-18
6462.249999999999	9.266137606003732e-18	7.534472216751534e-18
6462.499999999999	1.996027019068226e-17	8.159410478257796e-18
6462.749999999999	3.1680018226600996e-17	8.789028100489272e-18
6462.999999999999	2.506850751989123e-17	8.55732571192643e-18
6463.249999999999	1.8119561717180257e-17	8.282666179792485e-18
6463.499999999999	1.2739945454146726e-17	8.081808529091134e-18
6463.749999999999	7.364447723383097e-18	7.876712404931061e-18
6463.999999999999	1.7678169870515836e-17	8.494626248675523e-18
6464.249999999999	2.6900970657047303e-17	9.067961674848278e-18
6464.499999999999	1.758822555942927e-17	8.708849483714507e-18
6464.749999999999	9.068720199469989e-18	8.348283109063867e-18
6465.0	8.258438059650807e-18	8.357931343728685e-18
6465.249999999999	8.444480905581334e-18	8.385656783500238e-18
6465.5	1.6779494383258625e-17	8.860637126117987e-18
6465.749999999999	2.5949496231290832e-17	9.271740100292554e-18
6466.0	2.746692928651731e-17	9.112116575946359e-18
6466.249999999999	2.95906162475737e-17	8.943030105392557e-18
6466.499999999998	2.928629980893789e-17	8.803805682132531e-18
6466.749999999999	2.8257128308244316e-17	8.662675434741184e-18
6467.0	2.7364329112058682e-17	8.538849805764446e-18
6467.249999999999	2.5348312942615867e-17	8.357487147739744e-18
6467.499999999999	1.809440384603007e-17	7.801977463767508e-18
6467.749999999999	1.2353968091078457e-17	7.339594254698328e-18
6467.999999999999	2.0307224481172726e-17	7.77373172739066e-18
6468.249999999999	2.5387661924355015e-17	8.091398861113074e-18
6468.499999999999	2.1235087863524483e-17	7.859079395813268e-18
6468.749999999999	1.6742241477191687e-17	7.742936620365923e-18
6468.999999999999	1.8041116870969403e-17	8.202638937069818e-18
6469.249999999999	1.8929862882153528e-17	8.588698191018729e-18
6469.499999999999	2.1235299621761296e-17	8.766973810997383e-18
6469.749999999999	2.418036535055427e-17	8.97518178862188e-18
6469.999999999999	3.014639228370318e-17	9.322609226422728e-18
6470.249999999999	3.465079769191579e-17	9.542617762665907e-18
6470.499999999999	2.954818188214973e-17	9.351633339755988e-18
6470.749999999999	2.5106964800930045e-17	9.145166577320915e-18
6470.999999999999	2.156388553956941e-17	8.92552530926971e-18
6471.249999999999	1.880081774351158e-17	8.667852758195153e-18
6471.499999999999	1.7352720621590523e-17	8.303545872814549e-18
6471.749999999999	1.6150698151375415e-17	7.99894074814496e-18
6471.999999999999	1.603752660868836e-17	7.91638895019278e-18
6472.25	2.0124195881394342e-17	7.996539442826718e-18
6472.499999999999	3.300050288670105e-17	8.453320157607075e-18
6472.75	3.793513154894739e-17	8.585228168349069e-18
6472.999999999999	2.510017199373976e-17	7.98354443540351e-18
6473.249999999998	1.7659604628847696e-17	7.53487918961291e-18
6473.499999999999	2.093684789366849e-17	7.49214373044597e-18
6473.75	2.0863443886110533e-17	7.424061802949181e-18
6473.999999999999	1.716862330446072e-17	7.298607455346326e-18
6474.249999999999	1.611171312910579e-17	7.266259730311827e-18
6474.499999999999	1.970905709301113e-17	7.410089895222548e-18
6474.749999999999	2.2207920092697073e-17	7.539728122363696e-18
6474.999999999999	2.4325694366734936e-17	7.646895160984228e-18
6475.249999999999	2.230699813210745e-17	7.537739580171118e-18
6475.499999999999	1.2584574465329666e-17	7.068754642633153e-18
6475.749999999999	1.1387147810597903e-17	7.01519304360912e-18
6475.999999999999	2.1992791922067956e-17	7.572393484753415e-18
6476.249999999999	2.622643464601236e-17	7.847547670893667e-18
6476.499999999999	2.072416817765253e-17	7.774046883204042e-18
6476.749999999999	1.5958390239485412e-17	7.673762814460563e-18
6476.999999999999	1.373108153591389e-17	7.552118460759128e-18
6477.249999999999	1.6643337145709947e-17	7.701867930133277e-18
6477.499999999999	2.6221223408153277e-17	8.179326505866236e-18
6477.749999999999	2.846433043424395e-17	8.137689542552767e-18
6477.999999999999	2.076218043552179e-17	7.521130620651666e-18
6478.249999999999	1.6100974670393628e-17	7.278267084083647e-18
6478.499999999999	1.680827695985302e-17	7.471680936452634e-18
6478.749999999999	1.913828261801484e-17	7.638328878560629e-18
6478.999999999999	2.21093168549583e-17	7.772168356032934e-18
6479.249999999999	2.3899673190212975e-17	7.797507379737271e-18
6479.5	2.4307491430175094e-17	7.733249508212314e-18
6479.749999999999	2.519578414638354e-17	7.7353703993029e-18
6479.999999999998	2.514484801862375e-17	7.792359007604741e-18
6480.249999999999	2.2953486102931943e-17	7.719663066651131e-18
6480.5	1.9120911825151225e-17	7.539695862319806e-18
6480.749999999999	2.0691568989711815e-17	7.562651778679378e-18
6480.999999999998	2.5833313751174084e-17	7.739047217125698e-18
6481.249999999999	2.408233948488306e-17	7.605986943790418e-18
6481.5	1.8233906201975912e-17	7.257954836961795e-18
6481.749999999999	1.4484839115754873e-17	7.054335230195129e-18
6481.999999999999	1.1887559821148595e-17	6.951137004153626e-18
6482.249999999999	1.6135147155859418e-17	7.189934948010947e-18
6482.499999999999	2.398061943059619e-17	7.609933422492909e-18
6482.749999999999	2.192719319077005e-17	7.468248964091151e-18
6482.999999999999	1.5246617865995783e-17	7.008106587301378e-18
6483.249999999999	1.45851066408861e-17	7.020141238033412e-18
6483.499999999999	1.7118112347535783e-17	7.270537908439951e-18
6483.749999999999	2.0612186120686326e-17	7.39854658977437e-18
6483.999999999999	2.5222912361752828e-17	7.478060980517255e-18
6484.249999999999	2.4276194224518537e-17	7.396342980622529e-18
6484.499999999999	2.131606388240975e-17	7.249553990660706e-18
6484.749999999999	2.2524826220255938e-17	7.355848353734995e-18
6484.999999999999	2.57688300593419e-17	7.561382056439109e-18
6485.249999999999	2.553244003824772e-17	7.536452487137986e-18
6485.499999999999	2.4426961126046128e-17	7.429626246929825e-18
6485.749999999999	2.2591649178860422e-17	7.375758591079147e-18
6485.999999999999	1.9939082786472325e-17	7.341156798875441e-18
6486.25	2.1223833244110086e-17	7.427682372490325e-18
6486.499999999999	2.4335776044040732e-17	7.545979953433372e-18
6486.75	2.176415589203585e-17	7.375475695309654e-18
6486.999999999999	1.767767852523198e-17	7.11896698735696e-18
6487.25	1.785335183500354e-17	6.98794488705101e-18
6487.499999999999	1.8911494509471175e-17	6.900349355313789e-18
6487.749999999998	2.642522765390478e-17	7.429450057459351e-18
6487.999999999999	3.532865566029075e-17	8.03526803910645e-18
6488.25	2.7071225933806642e-17	7.606571760483493e-18
6488.499999999999	1.571795530519585e-17	6.941614500941915e-18
6488.749999999999	2.432288691573593e-17	7.448422271988867e-18
6488.999999999999	3.577202115989672e-17	8.092489085160419e-18
6489.249999999999	2.945670563256872e-17	7.862111839938888e-18
6489.499999999999	2.0434236409869018e-17	7.510029856831204e-18
6489.749999999999	2.0960996604471362e-17	7.489693621471588e-18
6489.999999999999	2.2442056873802657e-17	7.507189318607697e-18
6490.249999999999	2.2730464974897846e-17	7.485688412945606e-18
6490.499999999999	2.2887326543178727e-17	7.461060764568065e-18
6490.749999999999	2.4636490938289485e-17	7.567468451386274e-18
6490.999999999999	2.6665715527753546e-17	7.678697773995055e-18
6491.249999999999	2.1583484757003242e-17	7.360228275078464e-18
6491.499999999999	1.6079277722926362e-17	7.00700230118362e-18
6491.749999999999	2.0360969714292746e-17	7.297602430902074e-18
6491.999999999999	2.4502136954476172e-17	7.589096742862698e-18
6492.249999999999	2.605407336741346e-17	7.721017988494493e-18
6492.499999999999	2.805676862027172e-17	7.841634156694525e-18
6492.749999999999	2.5120649676984123e-17	7.586755821729173e-18
6492.999999999999	2.2125537866770466e-17	7.334111701598327e-18
6493.249999999999	2.1066164347551354e-17	7.35627766047291e-18
6493.5	2.039838309339852e-17	7.383665610554541e-18
6493.749999999999	2.36087620405842e-17	7.469423560560976e-18
6494.0	2.6861368558040714e-17	7.560978392300183e-18
6494.249999999999	2.7009466974912208e-17	7.70585080478272e-18
6494.499999999998	2.7927956746562514e-17	7.846031448830857e-18
6494.749999999999	3.1172542920799713e-17	7.955691609817624e-18
6495.0	3.323545195916816e-17	8.04582699962569e-18
6495.249999999999	3.385862998033091e-17	8.053591744035725e-18
6495.499999999999	3.352325787277741e-17	8.038302137593295e-18
6495.749999999999	2.715175858388358e-17	7.849329417933106e-18
6495.999999999999	2.1177224925315173e-17	7.757846550907191e-18
6496.249999999999	2.4944420501840925e-17	8.234573898978652e-18
6496.499999999999	2.704101895219743e-17	8.646472620902495e-18
6496.749999999999	2.673121665173917e-17	8.842952004621603e-18
6496.999999999999	2.5098916333569904e-17	9.044262123118021e-18
6497.249999999999	2.0956289946785935e-17	9.2613316866448e-18
6497.499999999999	1.873243472227182e-17	9.579100563582558e-18
6497.749999999999	3.0559085926195687e-17	1.0277397337713086e-17
6497.999999999999	3.851420099112636e-17	1.0732667620694922e-17
6498.249999999999	2.5582704495350118e-17	1.0473409364386101e-17
6498.499999999999	1.665471749657745e-17	1.0222189649270072e-17
6498.749999999999	1.762028211688815e-17	1.0008936697089613e-17
6498.999999999999	2.0643963091098163e-17	9.760420208215407e-18
6499.249999999999	2.1354000039662656e-17	9.405582059306697e-18
6499.499999999999	1.9417007742859482e-17	9.002055232362503e-18
6499.749999999999	1.6441601029198064e-17	8.454512952050377e-18
6499.999999999999	1.1977138518404413e-17	8.062486417162508e-18
6500.249999999999	1.8874469905253302e-17	8.09852254054838e-18
6500.499999999999	2.196181235376662e-17	8.000835818928318e-18
6500.75	1.860285357059294e-17	7.582071497920285e-18
6500.999999999999	1.6765247024388012e-17	7.322088631394869e-18
6501.249999999998	1.9784107189988065e-17	7.409366939367176e-18
6501.499999999999	2.2178641207735146e-17	7.531273509322791e-18
6501.75	2.6591343718878904e-17	7.723797315352671e-18
6501.999999999999	2.738612697556068e-17	7.762010578110783e-18
6502.249999999998	2.3035294265513438e-17	7.548330800734247e-18
6502.499999999999	2.2056448433287587e-17	7.520742672944379e-18
6502.749999999999	2.6348233682488344e-17	7.789902281185459e-18
6502.999999999999	2.871178316885041e-17	8.010709046719751e-18
6503.249999999999	2.996276149643886e-17	8.183864418706702e-18
6503.499999999999	2.777428644108486e-17	8.256337848075535e-18
6503.749999999999	2.2036288387398445e-17	8.200387351442448e-18
6503.999999999999	1.5159169985997902e-17	8.011007658920883e-18
6504.249999999999	6.877443896971583e-18	7.671702307554694e-18
6504.499999999999	6.129113862719866e-18	7.645680032664388e-18
6504.749999999999	1.3941986949515922e-17	7.979676538859212e-18
6504.999999999999	1.902519048466659e-17	8.166161099236842e-18
6505.249999999999	2.1105470315898648e-17	8.218299120426672e-18
6505.499999999999	2.2081217529549875e-17	8.137884757177329e-18
6505.749999999999	2.0763823216218322e-17	7.917382394108456e-18
6505.999999999999	1.897810405547762e-17	7.698679148871886e-18
6506.249999999999	1.6969572216217185e-17	7.496416118309807e-18
6506.499999999999	1.8807458349469156e-17	7.463814448827254e-18
6506.749999999999	2.3717714962147235e-17	7.58112685766075e-18
6506.999999999999	2.384025349809084e-17	7.545698712025104e-18
6507.249999999999	2.16245608918614e-17	7.383948506324034e-18
6507.5	2.2031968850239693e-17	7.382795416550135e-18
6507.749999999999	2.4829553238898136e-17	7.496913253857951e-18
6507.999999999998	2.1152333406322228e-17	7.267933943871634e-18
6508.249999999999	1.2948031836221178e-17	6.793772510060313e-18
6508.5	1.4021507130523095e-17	6.865507267142136e-18
6508.749999999999	2.1157933419069212e-17	7.248116350756089e-18
6508.999999999998	2.4333210129780593e-17	7.360861068247067e-18
6509.249999999999	2.5237543532427666e-17	7.335696579651979e-18
6509.5	2.267387920355432e-17	7.192576135706829e-18
6509.749999999999	1.8937965943434097e-17	6.989731597174125e-18
6509.999999999999	1.88880968786645e-17	7.061070961923148e-18
6510.249999999999	2.0707270532099296e-17	7.25654697555923e-18
6510.499999999999	1.921966230103903e-17	7.166917820286046e-18
6510.749999999999	1.6986514529523496e-17	6.94726662606749e-18
6510.999999999999	2.1667693397722366e-17	7.228623839621277e-18
6511.249999999999	2.857852768089057e-17	7.672847125522467e-18
6511.499999999999	3.0358309339194366e-17	7.788769870926873e-18
6511.749999999999	3.123145472402574e-17	7.805134812165623e-18
6511.999999999999	3.021536922062275e-17	7.748879913067116e-18
6512.249999999999	2.862209362939251e-17	7.677882173911077e-18
6512.499999999999	2.1293453727546224e-17	7.392180607780162e-18
6512.749999999999	1.2218063143616608e-17	7.030267583092286e-18
6512.999999999999	1.695583936368758e-17	7.336962993169797e-18
6513.249999999999	2.6069172722315004e-17	7.779770973042909e-18
6513.499999999999	2.822305508445203e-17	7.764304349949393e-18
6513.749999999999	2.9316299995393966e-17	7.658719707840674e-18
6513.999999999999	2.5940915059616207e-17	7.60187254742358e-18
6514.249999999999	2.1896552766519862e-17	7.553838169252625e-18
6514.499999999999	2.3100828476723564e-17	7.520082582815561e-18
6514.75	2.521149230621592e-17	7.4935888149761e-18
6514.999999999999	2.2621457459414383e-17	7.456008345386591e-18
6515.25	1.890494489338098e-17	7.423340501455035e-18
6515.499999999999	2.691957064030117e-17	7.629907352744227e-18
6515.749999999998	3.5846010811328363e-17	7.863603246583321e-18
6515.999999999999	3.064333261722299e-17	7.609639773375453e-18
6516.25	2.4516662246032603e-17	7.294405377834556e-18
6516.499999999999	2.336642624524699e-17	7.263918809178302e-18
6516.749999999999	2.2409899400309046e-17	7.258116137181243e-18
6516.999999999999	2.3720226282486946e-17	7.374137317078543e-18
6517.249999999999	2.502304401906409e-17	7.496152247694402e-18
6517.499999999999	2.325784390059838e-17	7.369435622476791e-18
6517.749999999999	2.108850980461886e-17	7.240180379959255e-18
6517.999999999999	2.4406544654167094e-17	7.350858800280076e-18
6518.249999999999	2.8194418091645446e-17	7.454467307905405e-18
6518.499999999999	2.7097298666714314e-17	7.447162475915949e-18
6518.749999999999	2.540371750004467e-17	7.431103591503845e-18
6518.999999999999	1.98162332306184e-17	7.14711594360214e-18
6519.249999999999	1.4770578732193965e-17	6.890060882854854e-18
6519.499999999999	2.165521785972384e-17	7.223096618768198e-18
6519.749999999999	2.7647175250715064e-17	7.531158531217646e-18
6519.999999999999	2.9142638388872133e-17	7.723286944914726e-18
6520.249999999999	2.8565488005714284e-17	7.842559771799972e-18
6520.499999999999	1.907815485928836e-17	7.486335268184623e-18
6520.749999999999	1.1143984007467527e-17	7.215359171318377e-18
6520.999999999999	1.4407497728481165e-17	7.539934090336221e-18
6521.249999999999	1.7315671201954273e-17	7.845356469451014e-18
6521.5	2.006791616687746e-17	8.109270098247282e-18
6521.749999999999	2.3119297765440648e-17	8.304109182811698e-18
6522.0	2.165272639171883e-17	8.202826707068867e-18
6522.249999999999	2.1512772395158534e-17	8.153868368153691e-18
6522.499999999998	2.5797106401401413e-17	8.325963294595349e-18
6522.749999999999	2.8421664458248464e-17	8.358646854958544e-18
6523.0	2.3642166902441542e-17	7.903341830390981e-18
6523.249999999999	1.9729061628945112e-17	7.550201883279842e-18
6523.499999999999	2.1377255395403972e-17	7.616998372104724e-18
6523.749999999999	2.053917419673872e-17	7.542404878825917e-18
6523.999999999999	1.3109220386286324e-17	7.033458018714903e-18
6524.249999999999	7.459101173696927e-18	6.623710379974004e-18
6524.499999999999	7.1753625071596e-18	6.555598260384857e-18
6524.749999999999	9.599785041980059e-18	6.640646075835415e-18
6524.999999999999	1.8589613717708416e-17	7.076991707172956e-18
6525.249999999999	2.4300658918315406e-17	7.380234465373671e-18
6525.499999999999	2.383690010788755e-17	7.420511543760103e-18
6525.749999999999	2.5223137354879443e-17	7.504618441263883e-18
6525.999999999999	2.9894244471939866e-17	7.673666034328895e-18
6526.249999999999	3.083910641587959e-17	7.662106185268466e-18
6526.499999999999	2.4777569900482854e-17	7.32253944482871e-18
6526.749999999999	2.1818936755282786e-17	7.18967355893738e-18
6526.999999999999	2.3823167255357945e-17	7.415539361098047e-18
6527.249999999999	2.39289189879504e-17	7.519483704052073e-18
6527.499999999999	2.2381199541775906e-17	7.441019005506518e-18
6527.749999999999	2.3204972170205215e-17	7.465276076969635e-18
6527.999999999999	2.6416717619762834e-17	7.620077138344647e-18
6528.249999999999	2.9188699114101536e-17	7.711471497045018e-18
6528.499999999999	3.148120371201265e-17	7.736593799428866e-18
6528.75	3.1195330092314324e-17	7.700123406221403e-18
6528.999999999999	2.876645980734017e-17	7.601046193991639e-18
6529.249999999998	2.6501232317308602e-17	7.523346637512696e-18
6529.499999999999	2.3731308848333932e-17	7.462940118919786e-18
6529.75	2.5204906294178774e-17	7.585670560765503e-18
6529.999999999999	3.094096212778692e-17	7.886557508581667e-18
6530.249999999998	3.144261739079828e-17	7.968710605478596e-18
6530.499999999999	2.6231655810038795e-17	7.866391672428237e-18
6530.75	2.3093363998875885e-17	7.983303725845257e-18
6530.999999999999	2.2640194754649934e-17	8.25575634010491e-18
6531.249999999999	2.1672941031528402e-17	8.542777259312848e-18
6531.499999999999	2.3185824593385838e-17	8.843441695544235e-18
6531.749999999999	2.453418027704525e-17	9.199476774799309e-18
6531.999999999999	2.552634537149443e-17	9.589597485555856e-18
6532.249999999999	2.509882699806375e-17	9.90007476539396e-18
6532.499999999999	2.6703185155140973e-17	1.015860096686067e-17
6532.749999999999	2.5897903322124675e-17	1.016919549614625e-17
6532.999999999999	2.7358121948742084e-17	1.0040205778605343e-17
6533.249999999999	2.9420772906759414e-17	9.736790139656604e-18
6533.499999999999	3.0329745138281685e-17	9.317237515524808e-18
6533.749999999999	2.1748910953346497e-17	8.697728040378731e-18
6533.999999999999	5.596807422110354e-18	7.931838202493433e-18
6534.249999999999	6.506894279508041e-18	7.718499223529269e-18
6534.499999999999	1.2711574813497382e-17	7.758038456809303e-18
6534.749999999999	1.554998470128838e-17	7.545534103083205e-18
6534.999999999999	1.6586734830754168e-17	7.21723935285071e-18
6535.249999999999	2.1470263583479434e-17	7.267518699204133e-18
6535.499999999999	2.671910176448772e-17	7.449246971059583e-18
6535.749999999999	2.536183072818621e-17	7.374046327211162e-18
6536.0	2.1672256125981208e-17	7.213741206040223e-18
6536.249999999999	2.295001194435922e-17	7.286643114966359e-18
6536.5	2.559270014587221e-17	7.41651543422086e-18
6536.749999999999	2.7246712300759767e-17	7.490584494991308e-18
6536.999999999998	2.873642322493714e-17	7.555798587304376e-18
6537.249999999999	2.5761638551096364e-17	7.510335913657849e-18
6537.5	2.217363345630675e-17	7.439168602476237e-18
6537.749999999999	2.0837508465184545e-17	7.292198459960265e-18
6537.999999999999	1.9766198729726292e-17	7.127340536697834e-18
6538.249999999999	2.0959208239987022e-17	7.19087876108987e-18
6538.499999999999	2.2622461656678022e-17	7.280190279007833e-18
6538.749999999999	1.9638119738039807e-17	7.160170508029451e-18
6538.999999999999	1.548695353861184e-17	7.010895013146294e-18
6539.249999999999	1.7804465460801657e-17	7.219130287731006e-18
6539.499999999999	2.0977703998483708e-17	7.44527402257749e-18
6539.749999999999	1.8700126701906725e-17	7.317389418334955e-18
6539.999999999999	1.561565953320264e-17	7.166671320463505e-18
6540.249999999999	2.0972487797540948e-17	7.424298376604371e-18
6540.499999999999	2.6407894911349343e-17	7.689941640061488e-18
6540.749999999999	2.4621007771583717e-17	7.673715665165648e-18
6540.999999999999	2.3004584358091794e-17	7.646836431160737e-18
6541.249999999999	2.4758639044983965e-17	7.652635794435346e-18
6541.499999999999	2.5084784779985048e-17	7.658414478194642e-18
6541.749999999999	2.0540376917349372e-17	7.52872000277184e-18
6541.999999999999	1.5178734461846006e-17	7.407489239376681e-18
6542.249999999999	1.3315968390129665e-17	7.51221526800957e-18
6542.499999999999	1.1772078790191292e-17	7.639370298951833e-18
6542.75	1.6581502086199157e-17	8.033167827531178e-18
6542.999999999999	2.158874893442153e-17	8.411759294909961e-18
6543.25	2.8633346594445684e-17	8.817056288365018e-18
6543.499999999999	3.475590256926923e-17	9.123993235181395e-18
6543.749999999998	2.8003951483798986e-17	8.834982946600268e-18
6543.999999999999	2.411819611007601e-17	8.538953203341015e-18
6544.25	2.3138092963319078e-17	8.303664159642144e-18
6544.499999999999	2.2269250572034204e-17	8.051768637965658e-18
6544.749999999999	1.841121071191543e-17	7.743217034593578e-18
6544.999999999999	1.5107171758331593e-17	7.474977251193657e-18
6545.249999999999	1.5183192965347667e-17	7.418388998308292e-18
6545.499999999999	1.690700262032245e-17	7.430272274988229e-18
6545.749999999999	2.374570675407603e-17	7.698668395523922e-18
6545.999999999999	2.7227306643589273e-17	7.798681149026484e-18
6546.249999999999	2.0623584669527306e-17	7.374576549983808e-18
6546.499999999999	1.723560342738159e-17	7.092290412602125e-18
6546.749999999999	2.273317481858457e-17	7.297523848743881e-18
6546.999999999999	2.5772003124171654e-17	7.419504864954626e-18
6547.249999999999	2.381995117713634e-17	7.345498669910732e-18
6547.499999999999	1.950556900796186e-17	7.154472060789573e-18
6547.749999999999	8.319747032292013e-18	6.650814607105529e-18
6547.999999999999	3.4232708350287602e-18	6.45480299402282e-18
6548.249999999999	1.3509737102981437e-17	6.944646945067535e-18
6548.499999999999	2.1000755867794335e-17	7.305177750951835e-18
6548.749999999999	2.2945210988083963e-17	7.475729158370468e-18
6548.999999999999	2.3692148463774446e-17	7.531566331259635e-18
6549.249999999999	2.2829240266204028e-17	7.388642756300273e-18
6549.499999999999	2.330871881699284e-17	7.358739349975868e-18
6549.749999999999	2.604072432668808e-17	7.505462165488687e-18
6550.0	2.780026983848638e-17	7.599583738668645e-18
6550.249999999999	2.826595928846393e-17	7.619600682311816e-18
6550.499999999998	2.79792419445408e-17	7.678078215716252e-18
6550.749999999999	2.5893196664439248e-17	7.791109137699173e-18
6551.0	2.3250649083630393e-17	7.855271056273074e-18
6551.249999999999	1.955742496056281e-17	7.872617860898924e-18
6551.499999999998	1.658964485214913e-17	7.967191074693336e-18
6551.749999999999	1.4236218402123484e-17	8.149128623243762e-18
6552.0	1.6151978626963647e-17	8.503179296209322e-18
6552.249999999999	1.7113835823768884e-17	9.005909894017e-18
6552.499999999999	2.3899663264045624e-17	9.630831611911012e-18
6552.749999999999	3.65610124979294e-17	1.0337381994193594e-17
6552.999999999999	3.481905615467643e-17	1.0501683224903776e-17
6553.249999999999	2.2620899939681522e-17	1.0252873914092726e-17
6553.499999999999	1.7659953699066193e-17	1.0075868016354341e-17
6553.749999999999	2.07685662698507e-17	9.946221517407068e-18
6553.999999999999	2.3713418586045635e-17	9.670406413957386e-18
6554.249999999999	2.6017918957199993e-17	9.259248018681778e-18
6554.499999999999	2.941856598888512e-17	8.958491765402398e-18
6554.749999999999	2.6545673422898626e-17	8.720449037444338e-18
6554.999999999999	2.666179965473372e-17	8.463702928655841e-18
6555.249999999999	2.508349603259069e-17	8.179680539168408e-18
6555.499999999999	2.3791946150317744e-17	7.89303185123612e-18
6555.749999999999	2.1585623846067304e-17	7.598298299996738e-18
6555.999999999999	1.3822652911265347e-17	7.012656907851032e-18
6556.249999999999	2.4896835696332893e-18	6.2213784154246435e-18
6556.499999999999	8.906255309719674e-18	6.580984846974415e-18
6556.749999999999	2.2569733855711442e-17	7.343381914723209e-18
6556.999999999999	2.2576084948454624e-17	7.354886342682596e-18
6557.25	1.7902416880217737e-17	7.097519021254072e-18
6557.499999999999	2.0576585921483268e-17	7.200587379939405e-18
6557.75	2.5538422208437705e-17	7.415179537531586e-18
6557.999999999999	2.7009680387510247e-17	7.420880466313302e-18
6558.249999999998	2.7753754163920072e-17	7.370674739034396e-18
6558.499999999999	2.7866169663527253e-17	7.48835937914354e-18
6558.75	2.777941165216024e-17	7.646491496845303e-18
6558.999999999999	2.842878482896132e-17	7.723257993593286e-18
6559.249999999999	2.9215364108327795e-17	7.773244518009866e-18
6559.499999999999	2.889593673426187e-17	7.780890148411693e-18
6559.749999999999	2.775456314655915e-17	7.780303677357393e-18
6559.999999999999	2.4611594456212864e-17	7.627554851082126e-18
6560.249999999999	1.9697016652014807e-17	7.444891037953879e-18
6560.499999999999	1.754220123014682e-17	7.65857908713654e-18
6560.749999999999	1.4830486460877506e-17	7.902220173480359e-18
6560.999999999999	2.05283464025204e-17	8.502646591894838e-18
6561.249999999999	2.9808422829026264e-17	9.074981129526403e-18
6561.499999999999	3.445344894137289e-17	9.702496885821381e-18
6561.749999999999	3.966681100027e-17	1.0273538540155526e-17
6561.999999999999	3.2061249227314435e-17	1.0177636874297353e-17
6562.249999999999	2.811055190369992e-17	1.0050308135426453e-17
6562.499999999999	2.60215105754197e-17	9.859355145379812e-18
6562.749999999999	2.5938325984298916e-17	9.645270049503125e-18
6562.999999999999	2.2318345395750452e-17	9.237827349539105e-18
6563.249999999999	2.194911182264148e-17	8.810925225664775e-18
6563.499999999999	1.9655090175486945e-17	8.513233676554904e-18
6563.749999999999	1.7753719584582754e-17	8.197719693966965e-18
6564.0	1.7289191496185225e-17	7.777549165917592e-18
6564.249999999999	1.6719224349466786e-17	7.350941518341331e-18
6564.5	1.5531598130632552e-17	7.096891191169145e-18
6564.749999999999	1.2963866554687281e-17	6.861693137337654e-18
6564.999999999998	1.490050729973012e-17	6.842403285452918e-18
6565.249999999999	1.723356525435226e-17	6.86476487254237e-18
6565.5	2.206513548408062e-17	7.122569358924628e-18
6565.749999999999	2.463587055283007e-17	7.335736284321381e-18
6565.999999999999	2.0858126769133042e-17	7.239095118995586e-18
6566.249999999999	1.961236960557103e-17	7.234458771662226e-18
6566.499999999999	2.7948540308925284e-17	7.637490944600113e-18
6566.749999999999	3.279358531083213e-17	7.906550463987074e-18
6566.999999999999	2.6389230408007697e-17	7.717844923664739e-18
6567.249999999999	2.161947042237175e-17	7.646469990149376e-18
6567.499999999999	2.4383054379131813e-17	8.032517663569712e-18
6567.749999999999	2.698399477512925e-17	8.310809345773377e-18
6567.999999999999	2.936739990491504e-17	8.344837074631971e-18
6568.249999999999	2.966123761955103e-17	8.323323761260692e-18
6568.499999999999	2.3626819393356233e-17	8.177449633056353e-18
6568.749999999999	2.0041936078198394e-17	8.070113022410247e-18
6568.999999999999	2.1434269646304802e-17	8.038202875919789e-18
6569.249999999999	2.3414460623417945e-17	8.004372016046982e-18
6569.499999999999	2.6774828922355416e-17	7.969307002700247e-18
6569.749999999999	2.567205489075687e-17	7.76318269303877e-18
6569.999999999999	1.656624887570368e-17	7.234804533158273e-18
6570.249999999999	1.3072387687970563e-17	7.027671063149482e-18
6570.499999999999	1.9460452922991992e-17	7.39469110093926e-18
6570.749999999999	2.2640295670684666e-17	7.494301017483509e-18
6570.999999999999	2.0168627060817016e-17	7.223209942512117e-18
6571.25	2.2493922752570957e-17	7.269866237782558e-18
6571.499999999999	3.00304579577702e-17	7.721520087126312e-18
6571.749999999998	3.053920381299236e-17	7.734894770450682e-18
6571.999999999999	2.0813930509004334e-17	7.212642710186752e-18
6572.25	1.7603002313891917e-17	7.046170130368618e-18
6572.499999999999	2.3849372337163625e-17	7.292981800000353e-18
6572.749999999998	2.5048881832677797e-17	7.299761372300837e-18
6572.999999999999	2.032974033744642e-17	7.067299631935673e-18
6573.249999999999	2.1797201757507343e-17	7.188582507709423e-18
6573.499999999999	2.854996678870034e-17	7.608135959021831e-18
6573.749999999999	3.138858264446386e-17	7.793780103897107e-18
6573.999999999999	3.1017499495505224e-17	7.802347213501319e-18
6574.249999999999	2.941229595984197e-17	7.67438071837814e-18
6574.499999999999	2.5470704240410438e-17	7.447112845079196e-18
6574.749999999999	2.287904646524707e-17	7.464082455345721e-18
6574.999999999999	2.056841172267002e-17	7.643880087651473e-18
6575.249999999999	1.922087991090071e-17	7.84736734552013e-18
6575.499999999999	1.729246216832726e-17	8.057551457628017e-18
6575.749999999999	1.8121144940872684e-17	8.279704046018933e-18
6575.999999999999	2.0531549245852206e-17	8.496624717035452e-18
6576.249999999999	2.245822494605562e-17	8.92682811873448e-18
6576.499999999999	2.677028439207005e-17	9.439828163847005e-18
6576.749999999999	3.2336425747331226e-17	9.75494592692153e-18
6576.999999999999	3.9623652024629435e-17	9.991048916343154e-18
6577.249999999999	3.612332476604799e-17	9.801005824970321e-18
6577.499999999999	3.038020315564742e-17	9.42817567055797e-18
6577.749999999999	2.3791479620452264e-17	8.817244058364068e-18
6578.0	1.5253404055741168e-17	8.06917748113745e-18
6578.249999999999	1.2651504130233169e-17	7.818426777428737e-18
6578.499999999998	1.4128938039759032e-17	7.718578632868074e-18
6578.749999999999	1.7553124977316195e-17	7.66411954287942e-18
6579.0	2.063822411200827e-17	7.610756467202399e-18
6579.249999999999	2.4008685668780113e-17	7.572705331844347e-18
6579.499999999998	2.6510043445193517e-17	7.540005227868901e-18
6579.749999999999	2.688588784575801e-17	7.458480788237512e-18
6580.0	2.6355095972850084e-17	7.375627069361751e-18
6580.249999999999	2.3903287969489832e-17	7.25503075349642e-18
6580.499999999999	2.0635027886121365e-17	7.128121395196084e-18
6580.749999999999	2.095855973038678e-17	7.19232384562e-18
6580.999999999999	2.176204989019629e-17	7.281668450762465e-18
6581.249999999999	2.5485123652848463e-17	7.366043354784711e-18
6581.499999999999	2.918249856822984e-17	7.448047559171381e-18
6581.749999999999	2.980271528279965e-17	7.609887927559218e-18
6581.999999999999	3.088060441285015e-17	7.771496685375541e-18
6582.249999999999	2.8894950734971705e-17	7.680255355088492e-18
6582.499999999999	2.6423186172153e-17	7.576025634823135e-18
6582.749999999999	2.5119769556812366e-17	7.493894871802745e-18
6582.999999999999	2.487103634661767e-17	7.416660190828056e-18
6583.249999999999	2.8221079777149255e-17	7.577392964375685e-18
6583.499999999999	3.146634423948875e-17	7.720114707265585e-18
6583.749999999999	2.8727082701460193e-17	7.544567128947131e-18
6583.999999999999	2.600749813584305e-17	7.366351065972581e-18
6584.249999999999	2.295601231252268e-17	7.218809341653335e-18
6584.499999999999	1.9789624484673794e-17	7.057218781810489e-18
6584.749999999999	1.569385622522973e-17	6.848246075709686e-18
6584.999999999999	1.2535181029412287e-17	6.7215091845670676e-18
6585.25	2.2616610181024822e-17	7.228489836362043e-18
6585.499999999999	3.187853495616882e-17	7.625351241930285e-18
6585.75	3.1143995263499283e-17	7.535874287889811e-18
6585.999999999999	2.989120044728567e-17	7.47395733749838e-18
6586.249999999998	3.029611859202018e-17	7.564031515941116e-18
6586.499999999999	3.019912008466976e-17	7.574594612363418e-18
6586.75	2.469740782732034e-17	7.262302498261373e-18
6586.999999999999	2.0993615644746778e-17	7.052795847075168e-18
6587.249999999999	2.389724458793452e-17	7.239947942207128e-18
6587.499999999999	2.797606226226615e-17	7.475800295903148e-18
6587.749999999999	3.5978320004667445e-17	7.870731889102303e-18
6587.999999999999	3.7890129614902055e-17	7.967980204997712e-18
6588.249999999999	2.5451907388170783e-17	7.319756809248082e-18
6588.499999999999	1.7230881880445137e-17	6.824256183584423e-18
6588.749999999999	1.869051155446641e-17	6.8101535813210065e-18
6588.999999999999	1.9816092609914266e-17	6.8667116421140135e-18
6589.249999999999	2.1559150757743157e-17	7.02725250975953e-18
6589.499999999999	2.337968760482744e-17	7.194066715170649e-18
6589.749999999999	2.515064159163407e-17	7.36442952540962e-18
6589.999999999999	2.8034335482059284e-17	7.500555330095022e-18
6590.249999999999	3.126606065213251e-17	7.58238748091428e-18
6590.499999999999	3.213022616423401e-17	7.583649758529036e-18
6590.749999999999	3.000971888545227e-17	7.46850456290043e-18
6590.999999999999	2.97114673350677e-17	7.445479163369404e-18
6591.249999999999	3.1123911318226496e-17	7.546037028895638e-18
6591.499999999999	3.139724157111607e-17	7.567611553632246e-18
6591.749999999999	3.1630691792313234e-17	7.487044161969581e-18
6591.999999999999	2.8452878945843765e-17	7.274644860181277e-18
6592.249999999999	2.0874169109932895e-17	6.90723480673268e-18
6592.5	1.954912503029645e-17	6.863797484815989e-18
6592.749999999999	2.4099928653428388e-17	7.148431160776099e-18
6592.999999999998	2.400982221494176e-17	7.15622402932696e-18
6593.249999999999	1.9186715697241044e-17	6.92028399448601e-18
6593.5	1.9513217119905525e-17	6.98626984631059e-18
6593.749999999999	2.401011338251738e-17	7.281085288430615e-18
6593.999999999998	2.3881165851187714e-17	7.293957045942553e-18
6594.249999999999	2.072760924900075e-17	7.100519205335802e-18
6594.499999999999	1.7387794733923996e-17	6.9569669731109e-18
6594.749999999999	1.2688458424098975e-17	6.851550248666529e-18
6594.999999999999	1.2287255147495443e-17	6.928302269753793e-18
6595.249999999999	1.409583096292221e-17	7.10265994876109e-18
6595.499999999999	1.885301118580245e-17	7.449821034404695e-18
6595.749999999999	2.583300107690254e-17	7.862113494300113e-18
6595.999999999999	2.623861405335159e-17	7.948611770954783e-18
6596.249999999999	2.4276154519849135e-17	7.897076764431504e-18
6596.499999999999	2.248314128046694e-17	7.783109473995173e-18
6596.749999999999	2.15847801218425e-17	7.638178331689145e-18
6596.999999999999	2.367121583119318e-17	7.643156304615489e-18
6597.249999999999	2.6612693250488897e-17	7.701669406786265e-18
6597.499999999999	2.7775229426983173e-17	7.69407340722119e-18
6597.749999999999	2.871239859122615e-17	7.66572344608716e-18
6597.999999999999	2.973189869619776e-17	7.597371857710679e-18
6598.249999999999	2.983408197162766e-17	7.506609464998298e-18
6598.499999999999	2.750929582313105e-17	7.433782829507904e-18
6598.749999999999	2.4589452485576044e-17	7.364998625671057e-18
6598.999999999999	2.937107258683478e-17	7.575286135355513e-18
6599.25	3.581757234186879e-17	7.830508577455687e-18
6599.499999999999	3.0114625239458694e-17	7.536180344716456e-18
6599.749999999998	2.193277169682111e-17	7.143922199257072e-18
6599.999999999999	2.5364472743062703e-17	7.280778404423358e-18
6600.25	3.0626921353869936e-17	7.472146639137501e-18
6600.499999999999	2.700436161617153e-17	7.295471613644137e-18
6600.749999999998	2.2092382813458116e-17	7.079347517557507e-18
6600.999999999999	2.1793841749859152e-17	7.097811016010304e-18
6601.25	2.1446151268623513e-17	7.130001576728417e-18
6601.499999999999	2.4726650316335315e-17	7.360698940847006e-18
6601.749999999999	2.830901238498609e-17	7.585026187068325e-18
6601.999999999999	2.3262452950971525e-17	7.291120643622108e-18
6602.249999999999	1.7273387383401787e-17	7.00286474375963e-18
6602.499999999999	2.0947233973439704e-17	7.322125854522434e-18
6602.749999999999	2.367811120877942e-17	7.629995033889157e-18
6602.999999999999	2.2196516580772417e-17	7.850412197354938e-18
6603.249999999999	2.1273457463418367e-17	8.066664506436513e-18
6603.499999999999	1.985653843314566e-17	8.232040244762402e-18
6603.749999999999	2.1057882615258473e-17	8.406127022119088e-18
6603.999999999999	2.89346256258722e-17	8.645882841125745e-18
6604.249999999999	3.580153827287506e-17	8.780827431896421e-18
6604.499999999999	2.759788686673548e-17	8.295603284572815e-18
6604.749999999999	2.08800801425902e-17	7.831229878949833e-18
6604.999999999999	2.094070420968421e-17	7.612333900630538e-18
6605.249999999999	2.082114517830702e-17	7.429131592923518e-18
6605.499999999999	2.242883191016916e-17	7.386658350010758e-18
6605.749999999999	2.4263247193570857e-17	7.376254899446679e-18
6605.999999999999	2.790648644658309e-17	7.459968058978883e-18
6606.249999999999	2.974500454582305e-17	7.483617979872386e-18
6606.5	2.6231389457881553e-17	7.332318374030312e-18
6606.749999999999	2.2885696997371998e-17	7.20040126430158e-18
6607.0	2.1902806251950763e-17	7.118583175552735e-18
6607.249999999999	2.1326689844558605e-17	7.053958863016417e-18
6607.499999999998	2.113574512631809e-17	7.027567665572913e-18
6607.749999999999	2.0107255222449256e-17	6.968884164195951e-18
6608.0	1.779226785548895e-17	6.831936969162284e-18
6608.249999999999	1.8308291245740356e-17	6.864359140451913e-18
6608.499999999999	2.5469819157155007e-17	7.188998579557537e-18
6608.749999999999	2.9375694872097724e-17	7.36360648070013e-18
6608.999999999999	2.900014825655375e-17	7.30915814405944e-18
6609.249999999999	2.664269012822252e-17	7.167727630105736e-18
6609.499999999999	2.135093285395131e-17	6.9047032204679615e-18
6609.749999999999	1.961134886469514e-17	6.8603919822341084e-18
6609.999999999999	2.283392872591598e-17	7.098236186845156e-18
6610.249999999999	2.7533131859662378e-17	7.3270525422508e-18
6610.499999999999	3.3323530150792806e-17	7.5468253320194e-18
6610.749999999999	3.151127338164018e-17	7.460686878931191e-18
6610.999999999999	2.2165282240842414e-17	7.043523152408448e-18
6611.249999999999	2.3143664851925235e-17	7.097352757950949e-18
6611.499999999999	3.380262985286107e-17	7.575024746281946e-18
6611.749999999999	3.592708443752591e-17	7.681400173056265e-18
6611.999999999999	3.138904917432934e-17	7.490428157855535e-18
6612.249999999999	3.1018267119113673e-17	7.420501617592753e-18
6612.499999999999	3.4042462599664694e-17	7.433111986031123e-18
6612.749999999999	3.129872766888345e-17	7.3028757073071e-18
6612.999999999999	2.5098329035334992e-17	7.060065110298284e-18
6613.249999999999	2.3494664055611086e-17	7.026796733242014e-18
6613.499999999999	2.5069151066407796e-17	7.119506309116344e-18
6613.75	2.508880322340083e-17	7.086211462280472e-18
6613.999999999999	2.423022945224019e-17	6.988741461980899e-18
6614.249999999998	2.6364012979853405e-17	7.12154944522935e-18
6614.499999999999	2.938267296774522e-17	7.351216142304698e-18
6614.75	3.4065114113558846e-17	7.595183137809863e-18
6614.999999999999	3.9495448955851066e-17	7.837963129136015e-18
6615.249999999998	3.637130358752404e-17	7.60381973058553e-18
6615.499999999999	3.0101509463666053e-17	7.19241152676493e-18
6615.749999999999	2.845062901457762e-17	7.126483577583229e-18
6615.999999999999	2.852644508080178e-17	7.16708408358917e-18
6616.249999999999	2.5433426518925124e-17	7.06198499650002e-18
6616.499999999999	2.1790430457012984e-17	6.923237442863131e-18
6616.749999999999	2.3158335727269475e-17	6.97426249253877e-18
6616.999999999999	2.618782681810206e-17	7.06651132881191e-18
6617.249999999999	2.7125738790535112e-17	7.17439718738475e-18
6617.499999999999	2.80205579617766e-17	7.286673720649023e-18
6617.749999999999	2.7642483482280664e-17	7.24897827295437e-18
6617.999999999999	2.6738512384741888e-17	7.186469888424962e-18
6618.249999999999	2.875336057515978e-17	7.26952957527325e-18
6618.499999999999	3.0988038630808535e-17	7.36774403812412e-18
6618.749999999999	2.7261695850375553e-17	7.24317890967976e-18
6618.999999999999	2.281593754759295e-17	7.099107208030174e-18
6619.249999999999	3.1268052503047536e-17	7.481201785303119e-18
6619.499999999999	3.969748947482837e-17	7.86662245581914e-18
6619.749999999999	3.539020451530959e-17	7.695700471486082e-18
6619.999999999999	3.0868378683396614e-17	7.514063189498013e-18
6620.249999999999	2.9583492568138395e-17	7.419556977333217e-18
6620.5	2.790647321169329e-17	7.313589350600886e-18
6620.749999999999	2.300614772944952e-17	6.989787018275166e-18
6620.999999999998	1.8850317885727978e-17	6.708199021330477e-18
6621.249999999999	2.4763664994385838e-17	7.033686320563968e-18
6621.5	2.996564008497054e-17	7.297614838611262e-18
6621.749999999999	2.817466501861768e-17	7.19865508602848e-18
6621.999999999998	2.6557917350325636e-17	7.11480047861153e-18
6622.249999999999	2.7576419875478503e-17	7.154709461625376e-18
6622.5	2.777778045199229e-17	7.14099563424986e-18
6622.749999999999	2.093288238981191e-17	6.8432106137307695e-18
6622.999999999999	1.6510670610346242e-17	6.658956959465195e-18
6623.249999999999	2.2799982887938028e-17	6.996545911060337e-18
6623.499999999999	2.8220269140148953e-17	7.264674025077563e-18
6623.749999999999	2.99376251319846e-17	7.335715604806067e-18
6623.999999999999	3.054699916308506e-17	7.340609205309931e-18
6624.249999999999	2.644723065819869e-17	7.139708541216727e-18
6624.499999999999	2.3029416320080636e-17	6.988614076166566e-18
6624.749999999999	2.351079738627832e-17	6.986657794017878e-18
6624.999999999999	2.246590118214011e-17	6.932203253522593e-18
6625.249999999999	1.7331369435619304e-17	6.751463462499144e-18
6625.499999999999	1.567265724049122e-17	6.737986622369124e-18
6625.749999999999	2.1829557754347967e-17	7.069681912099825e-18
6625.999999999999	2.6521733161610116e-17	7.308972028421615e-18
6626.249999999999	2.797173776202372e-17	7.399728630869708e-18
6626.499999999999	2.849025096591891e-17	7.505179269719193e-18
6626.749999999999	2.974797908730579e-17	7.606882780393813e-18
6626.999999999999	3.0496961353470504e-17	7.65798930735979e-18
6627.249999999999	2.9041722354140664e-17	7.64200652356404e-18
6627.499999999999	2.9020983281822734e-17	7.663276645835229e-18
6627.75	3.1248825516889354e-17	7.724935515875544e-18
6627.999999999999	2.861329904511985e-17	7.559104001032138e-18
6628.25	2.130133179570018e-17	7.100971673130869e-18
6628.499999999999	1.8992665742981004e-17	6.927156624605407e-18
6628.749999999998	2.226427921655276e-17	7.04245774377948e-18
6628.999999999999	2.4072903008455055e-17	7.09612191319947e-18
6629.25	2.5196641105498144e-17	7.082652104104657e-18
6629.499999999999	2.7142143436443264e-17	7.177336160101152e-18
6629.749999999999	2.977918034001129e-17	7.350663585655513e-18
6629.999999999999	2.635324143391674e-17	7.205799444979101e-18
6630.249999999999	1.9114795651702008e-17	6.820037148870096e-18
6630.499999999999	1.9815487113705877e-17	6.858639600106415e-18
6630.749999999999	2.5670627177019605e-17	7.159381377725076e-18
6630.999999999999	2.6158470178162554e-17	7.116764205385731e-18
6631.249999999999	2.3418307013266316e-17	6.882760600358767e-18
6631.499999999999	2.1901500960944154e-17	6.846191359068104e-18
6631.749999999999	2.099725854816446e-17	6.914822534491629e-18
6631.999999999999	2.1266095555966645e-17	6.867945381997636e-18
6632.249999999999	2.1056152153417012e-17	6.7715159749086546e-18
6632.499999999999	2.2611865473031218e-17	6.948069818442279e-18
6632.749999999999	2.4708095000834525e-17	7.221963381329e-18
6632.999999999999	2.411040737742821e-17	7.402176258302253e-18
6633.249999999999	2.2509185889233786e-17	7.558154397688927e-18
6633.499999999999	2.478054940504927e-17	7.654583804777909e-18
6633.749999999999	2.9171066932164356e-17	7.731177420777869e-18
6633.999999999999	2.3291826134523283e-17	7.445383210418348e-18
6634.249999999999	1.5319411414261674e-17	7.06531936154922e-18
6634.5	1.726331894098579e-17	7.043409001483916e-18
6634.749999999999	2.0580534881727597e-17	7.08839770063945e-18
6635.0	1.9654994222535888e-17	6.927336122798331e-18
6635.249999999999	1.8360496268559803e-17	6.7361535901317064e-18
6635.499999999998	1.9204872311686583e-17	6.735473647668188e-18
6635.749999999999	1.952077424198181e-17	6.751951912650857e-18
6636.0	1.9159484911475798e-17	6.762302837246039e-18
6636.249999999999	1.847354869723865e-17	6.772410984331437e-18
6636.499999999999	1.463331803570814e-17	6.533168430894869e-18
6636.749999999999	1.0915558908491621e-17	6.2761551427685175e-18
6636.999999999999	1.664126753981734e-17	6.532108812530188e-18
6637.249999999999	2.2174085096921204e-17	6.7898190003226155e-18
6637.499999999999	3.1360213658175744e-17	7.33751472263837e-18
6637.749999999999	4.0098503327071626e-17	7.811682773894592e-18
6637.999999999999	3.665678677797324e-17	7.589805636647656e-18
6638.249999999999	3.273878624961172e-17	7.36454284915354e-18
6638.499999999999	2.833675933145357e-17	7.194064233628811e-18
6638.749999999999	2.412764416703259e-17	7.026444354301066e-18
6638.999999999999	2.2705905982511147e-17	6.9119005189777854e-18
6639.249999999999	2.134843807722385e-17	6.798627233075386e-18
6639.499999999999	1.991437324721414e-17	6.7236912870229825e-18
6639.749999999999	1.931256295563486e-17	6.694086079309403e-18
6639.999999999999	2.3581142479931055e-17	6.867748926602155e-18
6640.249999999999	2.726338329882516e-17	7.024723818626956e-18
6640.499999999999	2.76874986512158e-17	7.110997102155011e-18
6640.749999999999	2.6935427692643812e-17	7.101167714936044e-18
6640.999999999999	2.142949019672547e-17	6.751285618667445e-18
6641.249999999999	1.7943334196398285e-17	6.53693375704321e-18
6641.499999999999	2.004949650899713e-17	6.763674302701652e-18
6641.75	2.3899673190212975e-17	7.019961739840488e-18
6641.999999999999	3.166466906315446e-17	7.358105729626653e-18
6642.249999999998	3.304793673174729e-17	7.435611725842259e-18
6642.499999999999	2.232618872231868e-17	6.943285405779272e-18
6642.75	1.7136798357573356e-17	6.655985726704905e-18
6642.999999999999	2.244141994473099e-17	6.810630450944143e-18
6643.249999999998	2.6063399001639384e-17	6.9189844937436896e-18
6643.499999999999	2.5840928775893247e-17	6.940486226586393e-18
6643.749999999999	2.8078970147912645e-17	7.086561359679582e-18
6643.999999999999	3.4815261050026035e-17	7.402224234777781e-18
6644.249999999999	3.69322710091779e-17	7.474885434145664e-18
6644.499999999999	3.2975029032556865e-17	7.229977934284026e-18
6644.749999999999	2.9666299964899853e-17	7.062604554778822e-18
6644.999999999999	2.6643345255267662e-17	6.984230846100647e-18
6645.249999999999	2.5636383554021134e-17	7.001803471033724e-18
6645.499999999999	2.7134513522473074e-17	7.108704157497014e-18
6645.749999999999	2.5950424327938117e-17	7.00529830912176e-18
6645.999999999999	2.2161813045353367e-17	6.705719547444349e-18
6646.249999999999	1.900939298932805e-17	6.486667645579588e-18
6646.499999999999	1.5909030717973148e-17	6.338633748795873e-18
6646.749999999999	2.157814778769105e-17	6.7292404281622945e-18
6646.999999999999	3.32509334715127e-17	7.443810740073884e-18
6647.249999999999	3.341203185889108e-17	7.434540526949003e-18
6647.499999999999	2.6590339521615264e-17	6.970051316040263e-18
6647.749999999999	2.470943503342686e-17	6.914362208480743e-18
6647.999999999999	2.5598310084786544e-17	7.088305056410844e-18
6648.249999999999	2.3413148714966436e-17	6.962915228895768e-18
6648.499999999999	1.9354722697095464e-17	6.6798498873770595e-18
6648.749999999999	1.9626406860566056e-17	6.7539979438960066e-18
6648.999999999998	2.2655383445057633e-17	6.971309457751956e-18
6649.249999999999	2.4205013678447124e-17	6.975299777026912e-18
6649.5	2.4706533283838025e-17	6.904934831039476e-18
6649.749999999999	2.576906332427464e-17	6.984135720330204e-18
6649.999999999998	2.703258501867184e-17	7.107702441775213e-18
6650.249999999999	2.1960526915094713e-17	6.8931934158345924e-18
6650.5	1.568069578168401e-17	6.580416987483898e-18
6650.749999999999	1.9250655104230168e-17	6.732639313299275e-18
6650.999999999999	2.467541805791623e-17	6.97798480529526e-18
6651.249999999999	2.4233111349494326e-17	7.00444300436838e-18
6651.499999999999	2.315911824012895e-17	6.98759829837435e-18
6651.749999999999	2.6086702333856228e-17	7.026806659409364e-18
6651.999999999999	2.9400493746862063e-17	7.071352816937182e-18
6652.249999999999	2.9945834072383573e-17	7.123892847904713e-18
6652.499999999999	3.002984915283936e-17	7.180249490218563e-18
6652.749999999999	2.615831632256862e-17	6.985572533054208e-18
6652.999999999999	2.1953255997510372e-17	6.7642239642186934e-18
6653.249999999999	3.0357038789773484e-17	7.198176975634425e-18
6653.499999999999	3.889074353212785e-17	7.621644645605435e-18
6653.749999999999	3.0373721368367454e-17	7.248769823440006e-18
6653.999999999999	2.186664687865362e-17	6.8654237219002685e-18
6654.249999999999	1.9574885088932578e-17	6.727497145021339e-18
6654.499999999999	1.7768196899663657e-17	6.6069959549264516e-18
6654.749999999999	2.0513897211580325e-17	6.747253940361862e-18
6654.999999999999	2.2928268674777652e-17	6.871443115217817e-18
6655.249999999999	2.3557675365952926e-17	6.856100569216183e-18
6655.499999999999	2.3568767857967262e-17	6.8094310390559415e-18
6655.75	1.8287801981967417e-17	6.551564927718048e-18
6655.999999999999	1.5242124620908395e-17	6.3978524360291566e-18
6656.25	2.265471508312269e-17	6.852243839610155e-18
6656.499999999999	2.837976279713898e-17	7.183413456061579e-18
6656.749999999998	2.7475240797312242e-17	7.073893915778945e-18
6656.999999999999	2.673352614000942e-17	7.002786161601437e-18
6657.25	2.7168181427765208e-17	7.064604677499975e-18
6657.499999999999	2.7077800365315214e-17	7.065447574544166e-18
6657.749999999999	2.4532681425775305e-17	6.862821825283483e-18
6657.999999999999	2.287114689039719e-17	6.7537224927520264e-18
6658.249999999999	2.4102279500729263e-17	6.9021844555027376e-18
6658.499999999999	2.4836087965737305e-17	6.985405442570473e-18
6658.749999999999	2.4876843154517793e-17	6.930110072982528e-18
6658.999999999999	2.527431832810055e-17	6.89892743184081e-18
6659.249999999999	2.5333612288769575e-17	6.918787211167596e-18
6659.499999999999	2.4822434522546505e-17	6.928420142991082e-18
6659.749999999999	2.361045279775626e-17	6.910234163633797e-18
6659.999999999999	2.341678830966167e-17	6.920358027150834e-18
6660.249999999999	2.5581682100113003e-17	6.972673478582056e-18
6660.499999999999	2.431545717947398e-17	6.918244994276067e-18
6660.749999999999	1.804061394515697e-17	6.711508157370995e-18
6660.999999999999	1.89188895041474e-17	6.8046491079347724e-18
6661.249999999999	2.906113132003361e-17	7.227896747862843e-18
6661.499999999999	3.2173226321196964e-17	7.341040993589684e-18
6661.749999999999	2.863577519672414e-17	7.149982124424636e-18
6661.999999999999	2.4522644416222587e-17	6.978102264942242e-18
6662.249999999999	2.065950416044681e-17	6.823014171894675e-18
6662.499999999999	1.996653691100296e-17	6.791781072735591e-18
6662.749999999999	2.0938363288550686e-17	6.851716098379346e-18
6663.0	2.3852226110276933e-17	6.987663645642742e-18
6663.249999999999	2.921656517457722e-17	7.16287869735495e-18
6663.499999999998	3.0657047271779117e-17	7.234770618753159e-18
6663.749999999999	2.965858071542351e-17	7.247043497501608e-18
6664.0	2.6985619357852304e-17	7.137465227395483e-18
6664.249999999999	2.3968231573742595e-17	6.952285958024462e-18
6664.499999999998	2.4768705833038736e-17	6.978754910445546e-18
6664.749999999999	2.7465721602822982e-17	7.09830897873906e-18
6664.999999999999	2.8129831829417306e-17	7.15427022872011e-18
6665.249999999999	2.840957769513784e-17	7.184186042753703e-18
6665.499999999999	3.0272199837427596e-17	7.300663826349133e-18
6665.749999999999	3.260025334934379e-17	7.440440806258343e-18
6665.999999999999	3.0498225285446485e-17	7.358161977908306e-18
6666.249999999999	2.6613998541495506e-17	7.205414805994264e-18
6666.499999999999	2.822150660234533e-17	7.347886740339172e-18
6666.749999999999	3.1473613502711864e-17	7.558995640371893e-18
6666.999999999999	2.8541469989448194e-17	7.413202575867585e-18
6667.249999999999	2.4721035414337305e-17	7.19583274577845e-18
6667.499999999999	2.364360454234616e-17	7.114554805969602e-18
6667.749999999999	2.2873777324745108e-17	7.052223438091281e-18
6667.999999999999	2.3361009866595993e-17	7.062019738085747e-18
6668.249999999999	2.411328762032112e-17	7.080455112397716e-18
6668.499999999999	2.183777165783062e-17	6.847882529830469e-18
6668.749999999999	1.8983037360650887e-17	6.59037913719118e-18
6668.999999999999	2.6728513425497347e-17	6.955939614790109e-18
6669.249999999999	3.494915181269632e-17	7.323139150772811e-18
6669.499999999999	2.87108335655072e-17	7.079378950420784e-18
6669.749999999999	2.2073685222891967e-17	6.8192207216055065e-18
6669.999999999999	1.4567709378242885e-17	6.4340581314406026e-18
6670.249999999998	7.773157664045548e-18	6.068929855711733e-18
6670.499999999999	1.558632109123661e-17	6.287516054891627e-18
6670.75	2.245206575921455e-17	6.494430735628398e-18
6670.999999999999	2.1205112492486786e-17	6.644982156606418e-18
6671.249999999998	2.008422320547333e-17	6.776134951449151e-18
6671.499999999999	2.1585251614791655e-17	6.825203305385796e-18
6671.75	2.2214342322972934e-17	6.8075822903868854e-18
6671.999999999999	1.5995337088725705e-17	6.413423283879855e-18
6672.249999999999	1.2491017029327468e-17	6.20080643359045e-18
6672.499999999999	2.3844488662827112e-17	6.823763597529648e-18
6672.749999999999	3.307323853232406e-17	7.278907321877763e-18
6672.999999999999	3.522435811121516e-17	7.31821742612812e-18
6673.249999999999	3.542323549153006e-17	7.292683187799221e-18
6673.499999999999	2.92559886025715e-17	7.053799217158195e-18
6673.749999999999	2.3951123824313773e-17	6.8636841610720694e-18
6673.999999999999	2.2618550746741872e-17	6.812164457390123e-18
6674.249999999999	2.294328862034039e-17	6.823364896474397e-18
6674.499999999999	2.5045207496396836e-17	6.953226462380935e-18
6674.749999999999	2.6425578378484502e-17	7.020053556888481e-18
6674.999999999999	2.6349313980368338e-17	6.97457020372664e-18
6675.249999999999	2.7074719944714066e-17	7.022601273175145e-18
6675.499999999999	2.9563544280486066e-17	7.211272899092365e-18
6675.749999999999	3.108609592934302e-17	7.307191108562789e-18
6675.999999999999	3.0205919509304947e-17	7.274749912119071e-18
6676.249999999999	2.813972160082099e-17	7.148196241482134e-18
6676.499999999999	2.4261225564153778e-17	6.8859543447038346e-18
6676.749999999999	1.9661576925850585e-17	6.624408106820693e-18
6677.0	1.459998100266103e-17	6.3569934360817935e-18
6677.249999999999	1.40828161031643e-17	6.3181192560142514e-18
6677.5	1.8426768324876326e-17	6.4989459010020186e-18
6677.749999999999	2.6123822891025158e-17	6.893446119511727e-18
6677.999999999998	3.718873339501629e-17	7.439089193137432e-18
6678.249999999999	3.9858415808639335e-17	7.612601079968392e-18
6678.5	3.665275344530643e-17	7.52583645115648e-18
6678.749999999999	3.318824310724853e-17	7.335804940312223e-18
6678.999999999999	2.969323627436703e-17	7.069930893464204e-18
6679.249999999999	2.767886784870442e-17	6.978292516483129e-18
6679.499999999999	2.67800401602145e-17	6.990485985892773e-18
6679.749999999999	2.6954869745761258e-17	6.996145555643861e-18
6679.999999999999	2.7844659658878424e-17	7.002788643143274e-18
6680.249999999999	2.6949059629138686e-17	6.9074254718638735e-18
6680.499999999999	2.5124307469652832e-17	6.766239803371485e-18
6680.749999999999	2.2772207817329722e-17	6.624469318186022e-18
6680.999999999999	2.0439474117507704e-17	6.484859428760547e-18
6681.249999999999	1.7101423151496913e-17	6.364433925691708e-18
6681.499999999999	1.2929134067946792e-17	6.241808949374091e-18
6681.749999999999	1.536780313445725e-17	6.401133034338542e-18
6681.999999999999	1.906149544175154e-17	6.627165099802332e-18
6682.249999999999	2.4030670475100548e-17	6.81352434231716e-18
6682.499999999999	2.8787136013931543e-17	6.989734078715963e-18
6682.749999999999	2.1007381584500885e-17	6.648752445838435e-18
6682.999999999999	1.0735791881868534e-17	6.1938539805419415e-18
6683.249999999999	1.6833949337344216e-17	6.4985269340217605e-18
6683.499999999999	2.5011772856037443e-17	6.8743473463484905e-18
6683.749999999999	2.771737145185754e-17	7.04518909416213e-18
6683.999999999999	3.036410291220469e-17	7.196381166524572e-18
6684.25	2.6795210652648723e-17	6.951850861022259e-18
6684.499999999999	2.304414675242898e-17	6.684585082793619e-18
6684.749999999998	2.5607883873196232e-17	6.898967550100519e-18
6684.999999999999	2.7764307334175023e-17	7.09880776864843e-18
6685.25	2.662944862097677e-17	7.047794713091672e-18
6685.499999999999	2.5468379862889164e-17	6.978477804940341e-18
6685.749999999998	2.2581430189572942e-17	6.846516854639144e-18
6685.999999999999	2.0222981098867875e-17	6.7173823804910405e-18
6686.249999999999	1.929796652654575e-17	6.624861815386678e-18
6686.499999999999	1.8835211913381535e-17	6.572551740629437e-18
6686.749999999999	2.2756957915556694e-17	6.807428848383257e-18
6686.999999999999	2.638866130774626e-17	7.008106587301378e-18
6687.249999999999	2.7664309469923488e-17	7.060871611395523e-18
6687.499999999999	2.7501225849074983e-17	7.055456059925138e-18
6687.749999999999	2.2489464249069296e-17	6.787247709388494e-18
6687.999999999999	1.7085106186733692e-17	6.451573267321107e-18
6688.249999999999	8.502377758195758e-18	5.8738095297390495e-18
6688.499999999999	4.4796205955186854e-18	5.6393551112782445e-18
6688.749999999999	1.5920204273687514e-17	6.458595617131376e-18
6688.999999999999	2.4536291241968486e-17	6.957256486325293e-18
6689.249999999999	2.464435577155364e-17	6.884213543104717e-18
6689.499999999999	2.4737698140596573e-17	6.85985307406503e-18
6689.749999999999	2.509058166171782e-17	6.955976010737061e-18
6689.999999999999	2.5012699298323502e-17	6.93149270537641e-18
6690.249999999999	2.1931191781851133e-17	6.690693811617323e-18
6690.499999999999	2.0564942527180972e-17	6.594092764551237e-18
6690.749999999999	2.2311678320013274e-17	6.731099930179314e-18
6690.999999999999	2.1516362359017014e-17	6.701207277202872e-18
6691.249999999999	1.723569441724897e-17	6.4345060497423e-18
6691.499999999998	1.5292074749378022e-17	6.3404283171348066e-18
6691.749999999999	1.6355165618269948e-17	6.445061287948783e-18
6692.0	1.789219292784658e-17	6.5278509003270716e-18
6692.249999999999	2.0005933869217636e-17	6.590340673292696e-18
6692.499999999998	2.3330258600143722e-17	6.756959664079253e-18
6692.749999999999	2.8136376482423825e-17	7.013179685998166e-18
6693.0	2.9515002013419004e-17	7.111074029951979e-18
6693.249999999999	2.913914106924226e-17	7.086363663513182e-18
6693.499999999999	2.4845320955734622e-17	6.867272056979018e-18
6693.749999999999	1.7679594275530652e-17	6.49948894507416e-18
6693.999999999999	1.6267701194659816e-17	6.440645384248669e-18
6694.249999999999	1.841514147418628e-17	6.571341575393272e-18
6694.499999999999	2.416353057072759e-17	6.871835198828167e-18
6694.749999999999	3.148988249099956e-17	7.248657326876699e-18
6694.999999999999	3.195164448742871e-17	7.244293949145482e-18
6695.249999999999	2.9379139252168395e-17	7.069619873553884e-18
6695.499999999999	2.946172827324814e-17	7.076052029997096e-18
6695.749999999999	3.061261774671767e-17	7.147781823995244e-18
6695.999999999999	3.25317826469591e-17	7.197908969115958e-18
6696.249999999999	3.4718517314304284e-17	7.237081761384632e-18
6696.499999999999	3.0556703646031534e-17	7.059667236423646e-18
6696.749999999999	2.4709896600208666e-17	6.821868526746289e-18
6696.999999999999	2.2430995814651598e-17	6.729454667940946e-18
6697.249999999999	2.153009521154662e-17	6.668423214395252e-18
6697.499999999999	2.40915211896824e-17	6.8406140937879655e-18
6697.749999999999	2.721589485985849e-17	7.042015202151764e-18
6697.999999999999	2.632898022655056e-17	7.056787820711349e-18
6698.25	2.4885455759055695e-17	7.049109103085019e-18
6698.499999999999	2.8421221089440136e-17	7.228700767418244e-18
6698.75	3.2597864451734736e-17	7.420799402613272e-18
6698.999999999999	2.828779354791288e-17	7.172665898362677e-18
6699.249999999998	2.392126922164551e-17	6.893517670634713e-18
6699.499999999999	2.188216644130634e-17	6.750850521665242e-18
6699.75	1.9703950079909227e-17	6.6251302354954516e-18
6699.999999999999	2.6018456624598153e-17	7.009597993945811e-18
6700.249999999999	3.1869697358504306e-17	7.336962165989185e-18
6700.499999999999	2.769391757276921e-17	7.128424970480891e-18
6700.749999999999	2.416884768770508e-17	6.965424067693642e-18
6700.999999999999	3.0786325675353804e-17	7.257518085598367e-18
6701.249999999999	3.550493777499315e-17	7.442470707481548e-18
6701.499999999999	2.639163254050655e-17	6.928515682351832e-18
6701.749999999999	1.9161690174988864e-17	6.524397834859969e-18
6701.999999999999	2.4766560126529773e-17	6.858444385481852e-18
6702.249999999999	2.855681584417228e-17	7.073223072302165e-18
6702.499999999999	2.4974574543890933e-17	6.844829406189536e-18
6702.749999999999	2.209455168102423e-17	6.6941220616660494e-18
6702.999999999999	2.3906565259076767e-17	6.829643610913981e-18
6703.249999999999	2.41157311118506e-17	6.88416763458072e-18
6703.499999999999	2.1411353434614632e-17	6.7310263111047965e-18
6703.749999999999	2.1695359280489814e-17	6.7456111596653314e-18
6703.999999999999	2.937068215758565e-17	7.147912518532028e-18
6704.249999999999	3.1757376157486955e-17	7.282357492212722e-18
6704.499999999999	2.3765390343932342e-17	6.926640463903174e-18
6704.749999999999	1.9360982799971265e-17	6.6896515640455066e-18
6704.999999999999	2.0084425037542793e-17	6.674975725617591e-18
6705.249999999999	2.165132018467749e-17	6.73190560409594e-18
6705.5	2.316333355253052e-17	6.87755308481244e-18
6705.749999999999	2.3835391330450254e-17	6.956229955185115e-18
6705.999999999998	2.4946069899982356e-17	6.938015851687003e-18
6706.249999999999	2.3798730685701904e-17	6.823132872312576e-18
6706.5	2.0262161335762062e-17	6.59313158067945e-18
6706.749999999999	2.0068205680091853e-17	6.550624009771269e-18
6706.999999999998	2.4122439546618406e-17	6.6892656842897506e-18
6707.249999999999	2.510424833979842e-17	6.7646921484453984e-18
6707.499999999999	2.369007885788184e-17	6.782544774015824e-18
6707.749999999999	2.4423528326504033e-17	6.824730158075416e-18
6707.999999999999	2.6426084613019384e-17	6.882636109676578e-18
6708.249999999999	2.5747559937070712e-17	6.867325823718834e-18
6708.499999999999	2.37241768970925e-17	6.801066175111499e-18
6708.749999999999	2.0970358634644237e-17	6.6810389595076044e-18
6708.999999999999	1.782807319548392e-17	6.5218050372299215e-18
6709.249999999999	1.9550632153372523e-17	6.525656803752275e-18
6709.499999999999	2.324265190146823e-17	6.610338178191472e-18
6709.749999999999	2.1649377964599216e-17	6.5307989720302106e-18
6709.999999999999	1.7983973579893015e-17	6.379853399490309e-18
6710.249999999999	1.8163433722508845e-17	6.446331010189052e-18
6710.499999999999	2.0172951561059443e-17	6.580421950567573e-18
6710.749999999999	2.465336376842434e-17	6.847197624283275e-18
6710.999999999999	2.9566518821968807e-17	7.136380793612426e-18
6711.249999999999	2.776967408198927e-17	6.9799841008358e-18
6711.499999999999	2.439691461747575e-17	6.714749051010978e-18
6711.749999999999	2.8242894184263504e-17	6.918609780926203e-18
6711.999999999999	3.310051233148116e-17	7.198697272239721e-18
6712.25	3.168675478550963e-17	7.13199508200467e-18
6712.499999999999	2.956966872574141e-17	7.013603202471793e-18
6712.749999999998	2.4873878539202403e-17	6.8111197282764685e-18
6712.999999999999	1.94898095629315e-17	6.5940398249920335e-18
6713.25	1.951391526034252e-17	6.599699394743121e-18
6713.499999999999	1.9829279523239586e-17	6.620905410516837e-18
6713.749999999998	2.2458729526229276e-17	6.752131824434087e-18
6713.999999999999	2.4926737034705766e-17	6.8832635261711996e-18
6714.249999999999	2.6252820053191577e-17	6.972255752372717e-18
6714.499999999999	2.7411744759131447e-17	7.046725168559641e-18
6714.749999999999	2.321410093544535e-17	6.86119269306706e-18
6714.999999999999	1.8891800993447513e-17	6.690810030493387e-18
6715.249999999999	1.8505143687915725e-17	6.702274340193066e-18
6715.499999999999	1.8613107301466147e-17	6.724752973339194e-18
6715.749999999999	2.1630225424696164e-17	6.8229136694502495e-18
6715.999999999999	2.427816787746009e-17	6.8952233170577976e-18
6716.249999999999	2.4593550338330632e-17	6.84926640299527e-18
6716.499999999999	2.3369501702764463e-17	6.7725524322161836e-18
6716.749999999999	1.8075034584806528e-17	6.548929116696148e-18
6716.999999999999	1.6644202376630677e-17	6.493512565148464e-18
6717.249999999999	2.6385245051816416e-17	6.96232296757718e-18
6717.499999999999	3.2899226201222505e-17	7.251109090212306e-18
6717.749999999999	3.02808058245206e-17	7.120711511268834e-18
6717.999999999999	2.8072425494906126e-17	7.00669458999575e-18
6718.249999999999	2.7555669222631998e-17	6.928903216468813e-18
6718.499999999999	2.510493820842929e-17	6.78688829941234e-18
6718.749999999999	1.9120513124095975e-17	6.518318057357704e-18
6718.999999999999	1.626377539547264e-17	6.3722048739563374e-18
6719.249999999999	1.879592579736894e-17	6.448364220134707e-18
6719.499999999998	2.0257424899574583e-17	6.506704855147766e-18
6719.749999999999	1.9952253156185395e-17	6.538288678886572e-18
6720.0	2.092624343821556e-17	6.614933993674817e-18
6720.249999999999	2.391713828166642e-17	6.7382087203635944e-18
6720.499999999998	2.5350801101898427e-17	6.823332222840201e-18
6720.749999999999	2.5709539407395324e-17	6.867399029203045e-18
6721.0	2.696416891020758e-17	6.91900889557176e-18
6721.249999999999	2.8618864316281106e-17	6.977091450233702e-18
6721.499999999999	2.7482081580978056e-17	6.911389321359228e-18
6721.749999999999	2.4016236173411497e-17	6.737268629597428e-18
6721.999999999999	2.1262374897571382e-17	6.62744964993305e-18
6722.249999999999	1.8443566708756053e-17	6.564497069414702e-18
6722.499999999999	1.8399390300962046e-17	6.552443807118886e-18
6722.749999999999	2.0255623300200443e-17	6.5727916230070776e-18
6722.999999999999	2.387338208162359e-17	6.740868519623259e-18
6723.249999999999	2.8364575761092504e-17	6.985228425919386e-18
6723.499999999999	2.897924374811331e-17	7.007780678140032e-18
6723.749999999999	2.73451087433454e-17	6.938230505055961e-18
6723.999999999999	2.699594753498064e-17	6.864205698448284e-18
6724.249999999999	2.6690231506748393e-17	6.790072117590057e-18
6724.499999999999	2.732295353781878e-17	6.86032291265296e-18
6724.749999999999	2.9336244974323845e-17	6.972413743869715e-18
6724.999999999999	2.969265063049334e-17	6.979569683348911e-18
6725.249999999999	2.9203045734645656e-17	6.96079020190212e-18
6725.499999999999	3.09445984137597e-17	6.973430348842542e-18
6725.749999999999	3.298728454051245e-17	6.992840141916099e-18
6725.999999999999	3.026115201316634e-17	6.973856346858007e-18
6726.249999999999	2.680678290941834e-17	6.94815088214231e-18
6726.499999999999	2.6493628873118014e-17	6.903404546906253e-18
6726.75	2.6506738031465755e-17	6.859083796095356e-18
6726.999999999999	2.9968478968832825e-17	6.95876195504014e-18
6727.249999999998	3.3640654654033385e-17	7.067801730567492e-18
6727.499999999999	3.046072091647333e-17	6.975582672796405e-18
6727.75	2.73076870924335e-17	6.874839105222653e-18
6727.999999999999	2.5096848382038522e-17	6.757558542842741e-18
6728.249999999998	2.2991339542123595e-17	6.658732379928887e-18
6728.499999999999	2.92513497736963e-17	7.008534239678068e-18
6728.749999999999	3.45198516922262e-17	7.322934009980898e-18
6728.999999999999	3.537986475765268e-17	7.382776391396047e-18
6729.249999999999	3.6633493371923746e-17	7.425980861970304e-18
6729.499999999999	3.5238145557665195e-17	7.30751867208536e-18
6729.749999999999	3.380985941141478e-17	7.196252126349014e-18
6729.999999999999	3.114766794541902e-17	7.139064167519548e-18
6730.249999999999	2.852781158317372e-17	7.071001265176847e-18
6730.499999999999	2.719880034531947e-17	6.999065503206173e-18
6730.749999999999	2.654922533644893e-17	6.931085318924728e-18
6730.999999999999	2.5431353604310066e-17	6.8688817504510464e-18
6731.249999999999	2.402687371608893e-17	6.802794155411122e-18
6731.499999999999	2.1745608848341185e-17	6.709440205839613e-18
6731.749999999999	1.9736388794811106e-17	6.609664853172854e-18
6731.999999999999	1.779126365822531e-17	6.5036169899211055e-18
6732.249999999999	1.8220768919487345e-17	6.489977608800719e-18
6732.499999999999	2.276180023086258e-17	6.651750561968633e-18
6732.749999999999	2.3783121787543028e-17	6.688277617048056e-18
6732.999999999999	2.0188858244238838e-17	6.514301681893453e-18
6733.249999999999	2.096189988570027e-17	6.525754824654862e-18
6733.5	2.7456601109388972e-17	6.801869367486288e-18
6733.749999999999	3.04930338999221e-17	6.942685699835171e-18
6733.999999999998	2.998817248485649e-17	6.927681884294378e-18
6734.249999999999	2.7730326754611345e-17	6.853892824161279e-18
6734.5	2.348490332438296e-17	6.705049531148181e-18
6734.749999999999	2.3538122470633397e-17	6.688915786890641e-18
6734.999999999998	2.741825136182979e-17	6.790761986220926e-18
6735.249999999999	2.5765757910546878e-17	6.6904994241733734e-18
6735.499999999999	1.991012153886562e-17	6.431508760792714e-18
6735.749999999999	1.816275543440655e-17	6.350924825517798e-18
6735.999999999999	1.870684837156433e-17	6.397105078345715e-18
6736.249999999999	2.1637241570651838e-17	6.49270440969e-18
6736.499999999999	2.643599754548022e-17	6.621618440204858e-18
6736.749999999999	2.6025390052492572e-17	6.5689907280923964e-18
6736.999999999999	2.2920154032968506e-17	6.422573969406223e-18
6737.249999999999	2.317828897800548e-17	6.510552899357363e-18
6737.499999999999	2.4693397655710683e-17	6.6931695631906946e-18
6737.749999999999	2.3742005948015468e-17	6.686994659917986e-18
6737.999999999999	2.1504259052294138e-17	6.61993760920015e-18
6738.249999999999	2.128372277482015e-17	6.611666630255232e-18
6738.499999999999	2.1794915430294246e-17	6.625072332852573e-18
6738.749999999999	2.528667971517454e-17	6.7827069014158845e-18
6738.999999999999	2.971402166879926e-17	6.967601207065881e-18
6739.249999999999	2.771834090753545e-17	6.913579282030962e-18
6739.499999999999	2.4454397052603286e-17	6.816883936375044e-18
6739.749999999999	1.8634661973868053e-17	6.511955384085946e-18
6739.999999999999	1.3266371467781598e-17	6.166160800814279e-18
6740.249999999999	1.922433421713873e-17	6.473340111550133e-18
6740.499999999999	2.6208820662048656e-17	6.81758083604112e-18
6740.749999999998	2.6784740200455027e-17	6.8382433941523885e-18
6740.999999999999	2.6863148650718928e-17	6.851509303226208e-18
6741.25	2.858459587786426e-17	6.962275818282265e-18
6741.499999999999	2.985937715475953e-17	7.066437709737392e-18
6741.749999999998	2.4722975980054354e-17	6.7561515086207884e-18
6741.999999999999	2.0350656426415435e-17	6.468010586863454e-18
6742.25	2.173929249718373e-17	6.5852568212479454e-18
6742.499999999999	2.3027804972247383e-17	6.706147199821039e-18
6742.749999999999	2.6900813492730918e-17	6.921229875516465e-18
6742.999999999999	3.0770870632788864e-17	7.109399816392171e-18
6743.249999999999	3.245352805228913e-17	7.159665100675181e-18
6743.499999999999	3.23968364018272e-17	7.13604164956128e-18
6743.749999999999	2.397385805626918e-17	6.780857739156522e-18
6743.999999999999	1.83791640806239e-17	6.5425747152305155e-18
6744.249999999999	2.344426394088823e-17	6.7926086669384505e-18
6744.499999999999	2.679827452963762e-17	6.934956937781782e-18
6744.749999999999	2.51873535215804e-17	6.787835007623407e-18
6744.999999999999	2.4352174072503983e-17	6.688808253411009e-18
6745.249999999999	2.4961379358759487e-17	6.72310729751052e-18
6745.499999999999	2.4720833582267842e-17	6.7350124944766895e-18
6745.749999999999	2.3946863844159125e-17	6.700252710775986e-18
6745.999999999999	2.539969740226766e-17	6.76816423906659e-18
6746.249999999999	2.934368629111437e-17	7.00652915387324e-18
6746.499999999999	3.0326472811778425e-17	7.040035758945925e-18
6746.749999999999	2.6699391704851805e-17	6.778281485138726e-18
6746.999999999999	2.4651811977595192e-17	6.644265404605641e-18
6747.249999999999	2.3893876308480203e-17	6.676769880366218e-18
6747.499999999999	2.537160303994291e-17	6.81789516467389e-18
6747.749999999999	2.9668533352553747e-17	7.066400486609827e-18
6748.0	3.051735631865361e-17	7.120254080390092e-18
6748.249999999999	2.804907584057498e-17	6.984311909800677e-18
6748.499999999998	2.5759782357801795e-17	6.8497230066933994e-18
6748.749999999999	2.3721978251024334e-17	6.709702008503486e-18
6749.0	2.179051317507424e-17	6.564256359856449e-18
6749.249999999999	2.0210419534085645e-17	6.408348117231536e-18
6749.499999999998	2.09967010284316e-17	6.438141094944164e-18
6749.749999999999	2.319883118133762e-17	6.570010641787674e-18
6749.999999999999	2.5795827580174406e-17	6.719494999775501e-18
6750.249999999999	2.8944062102300203e-17	6.881815132918619e-18
6750.499999999999	2.3748019551068728e-17	6.597648400414296e-18
6750.749999999999	1.4955137616105572e-17	6.0920185345596194e-18
6750.999999999999	1.7296940524163622e-17	6.2862752839727975e-18
6751.249999999999	2.3536026394961188e-17	6.706130656208788e-18
6751.499999999999	2.2376277817131215e-17	6.638749350690831e-18
6751.749999999999	1.8896783929457532e-17	6.436088032663808e-18
6751.999999999999	2.12501590942852e-17	6.530587627383703e-18
6752.249999999999	2.4603473196958818e-17	6.68945014556635e-18
6752.499999999999	2.0913709997574155e-17	6.507307869814317e-18
6752.749999999999	1.6043369812535435e-17	6.259705415516982e-18
6752.999999999999	2.0717956051252256e-17	6.47634401794462e-18
6753.249999999999	2.694508585347598e-17	6.739849019518287e-18
6753.499999999999	2.5973284291346632e-17	6.7192443640498974e-18
6753.749999999999	2.4505157818073216e-17	6.6766731002345496e-18
6753.999999999999	2.4396074201973398e-17	6.659253917305102e-18
6754.249999999999	2.3910954279406973e-17	6.644250515354615e-18
6754.499999999999	2.131312242815151e-17	6.550729888889676e-18
6754.75	1.9311173292205772e-17	6.471978572261871e-18
6754.999999999999	2.3648686740029685e-17	6.634335928532554e-18
6755.249999999998	2.7661578119540838e-17	6.7635539479225254e-18
6755.499999999999	2.301426402561989e-17	6.571248931164666e-18
6755.75	1.9225005887796123e-17	6.431137356697678e-18
6755.999999999999	2.4099147794930138e-17	6.679599665241762e-18
6756.249999999998	2.7740754193413188e-17	6.855313093273033e-18
6756.499999999999	2.45022047832864e-17	6.653921083895972e-18
6756.749999999999	2.272500392849377e-17	6.555909693885483e-18
6756.999999999999	2.822212533344352e-17	6.89824542142576e-18
6757.249999999999	3.209391955278783e-17	7.11179698580735e-18
6757.499999999999	3.090368936938528e-17	6.949912776847047e-18
6757.749999999999	2.9549932196325893e-17	6.851181739703637e-18
6757.999999999999	3.0558414255538294e-17	6.936850354203916e-18
6758.249999999999	3.0287310772857714e-17	6.935514871104949e-18
6758.499999999999	2.6145461935849545e-17	6.729509261861374e-18
6758.749999999999	2.3266296032097446e-17	6.569127626483774e-18
6758.999999999999	2.307223118858638e-17	6.503390342433266e-18
6759.249999999999	2.5511246016592887e-17	6.6031681766418624e-18
6759.499999999999	3.135611084233748e-17	6.954467233299764e-18
6759.749999999999	3.1821171635049495e-17	7.023132323128404e-18
6759.999999999999	2.6126764345283396e-17	6.717499840138023e-18
6760.249999999999	2.2432125743368346e-17	6.488264104161815e-18
6760.499999999999	2.089501075264678e-17	6.353848908983173e-18
6760.749999999999	2.1266206398168728e-17	6.379445185858014e-18
6760.999999999999	2.3467464702709118e-17	6.567708598142939e-18
6761.249999999999	2.5514546467236974e-17	6.745759638585285e-18
6761.499999999999	2.8406536979206094e-17	6.9200809216456286e-18
6761.749999999999	3.0002939313151784e-17	6.995430871594615e-18
6761.999999999998	3.064411016699879e-17	6.999622195758421e-18
6762.249999999999	3.064211831608376e-17	6.974160749323427e-18
6762.5	2.9862728890601596e-17	6.921802698090658e-18
6762.749999999999	2.860305193169154e-17	6.781080250741299e-18
6762.999999999998	2.710385490024941e-17	6.586245302079946e-18
6763.249999999999	2.6290741321193458e-17	6.577978045447785e-18
6763.5	2.5582145321256032e-17	6.644360116785778e-18
6763.749999999999	2.5218285113406207e-17	6.65573964047267e-18
6763.999999999999	2.4707120582072938e-17	6.650943233690781e-18
6764.249999999999	2.4954876064783595e-17	6.685169072306082e-18
6764.499999999999	2.5515289275427047e-17	6.7235597653055866e-18
6764.749999999999	2.688517150734754e-17	6.7963061642765626e-18
6764.999999999999	2.855931723834464e-17	6.871864977330219e-18
6765.249999999999	2.7407104275895024e-17	6.816694925605076e-18
6765.499999999999	2.5720041292452297e-17	6.73655642709002e-18
6765.749999999999	2.7528545970346384e-17	6.825173113293438e-18
6765.999999999999	2.978188025753066e-17	6.9311820990563965e-18
6766.249999999999	2.9222368673754895e-17	6.95604714826974e-18
6766.499999999999	2.883135047203373e-17	6.972880273735195e-18
6766.749999999999	2.5626455732309273e-17	6.74896579063954e-18
6766.999999999999	2.175885531867061e-17	6.51223042163962e-18
6767.249999999999	2.492318346679424e-17	6.671828716977133e-18
6767.499999999999	2.7703069499066498e-17	6.8104017355047724e-18
6767.749999999999	2.511453846661858e-17	6.490238170693673e-18
6767.999999999999	2.2314472536122478e-17	6.196022434517749e-18
6768.249999999999	2.476282623324471e-17	6.4245554805635934e-18
6768.499999999999	2.7440519063919716e-17	6.649951030546024e-18
6768.75	3.0609113809642894e-17	6.876804486358079e-18
6768.999999999999	3.2533440316906656e-17	7.060453885186184e-18
6769.25	3.146292302047523e-17	7.01660255937291e-18
6769.499999999999	2.9938197540968484e-17	6.953692165065802e-18
6769.749999999998	2.6653188704557043e-17	6.83723795611783e-18
6769.999999999999	2.3854333766477718e-17	6.71585292353843e-18
6770.25	2.2429394392985696e-17	6.600594404165904e-18
6770.499999999999	2.1064508331965022e-17	6.497400314027463e-18
6770.749999999999	1.9945364396044053e-17	6.42079263595709e-18
6770.999999999999	2.0973503575333163e-17	6.454239270435365e-18
6771.249999999999	2.525622292502034e-17	6.7180060746729055e-18
6771.499999999999	2.7861504364872454e-17	6.8556265947251904e-18
6771.749999999999	2.778375269601492e-17	6.75937585864852e-18
6771.999999999999	2.7136057041496098e-17	6.7022172647307996e-18
6772.249999999999	2.5868854393373037e-17	6.714125356829113e-18
6772.499999999999	2.4372168682270615e-17	6.654007524269984e-18
6772.749999999999	2.236614154590499e-17	6.4890888032325304e-18
6772.999999999999	2.210320233587031e-17	6.479983612639853e-18
6773.249999999999	2.398045730319613e-17	6.65118104811689e-18
6773.499999999999	2.5175018604286008e-17	6.738110699461007e-18
6773.749999999999	2.5705064360281412e-17	6.749289631849355e-18
6773.999999999999	2.4781222730067888e-17	6.639617063153399e-18
6774.249999999999	2.1660824489915725e-17	6.426482811390842e-18
6774.499999999999	2.177579432325447e-17	6.4797540700198695e-18
6774.749999999999	2.441621439552784e-17	6.71722356181343e-18
6774.999999999999	2.6818811769886086e-17	6.858675996053367e-18
6775.249999999999	2.894774471038729e-17	6.945921630391479e-18
6775.499999999999	2.7528640268936215e-17	6.8379398188675816e-18
6775.749999999999	2.4358255504367473e-17	6.629245872633209e-18
6776.0	2.357224036217876e-17	6.604633527097e-18
6776.249999999999	2.4266277983335252e-17	6.668679640385143e-18
6776.499999999998	2.4648991291706386e-17	6.686521512607606e-18
6776.749999999999	2.4969303749027745e-17	6.696279762293894e-18
6777.0	2.5536516384306382e-17	6.72178546289166e-18
6777.249999999999	2.6496085599537297e-17	6.750704937877433e-18
6777.499999999998	3.0427580752412006e-17	6.896808195111449e-18
6777.749999999999	3.43490984527381e-17	7.05883261118558e-18
6777.999999999999	3.0575298666201726e-17	6.919731024246519e-18
6778.249999999999	2.632604538973722e-17	6.7303997217907875e-18
6778.499999999999	2.406761401561839e-17	6.555934922894166e-18
6778.749999999999	2.1467863105341805e-17	6.375554128256565e-18
6778.999999999999	2.0909856990280883e-17	6.3906907062856725e-18
6779.249999999999	2.059370690580189e-17	6.417571594651808e-18
6779.499999999999	2.517854404805671e-17	6.69789193730776e-18
6779.749999999999	2.9726839659571384e-17	6.955459022854215e-18
6779.999999999999	2.2720509029045158e-17	6.603209122082184e-18
6780.249999999999	1.6706144969621098e-17	6.274725774670026e-18
6780.499999999999	2.0793188127963954e-17	6.457091389187448e-18
6780.749999999999	2.4059146994868298e-17	6.613545984606953e-18
6780.999999999999	2.3174737064455177e-17	6.586452924413697e-18
6781.249999999999	2.30304354065953e-17	6.601180048039591e-18
6781.499999999999	2.9316759907814546e-17	6.906233091010878e-18
6781.749999999999	3.392584336818452e-17	7.126304906570918e-18
6781.999999999999	3.117729755496067e-17	7.044505842976161e-18
6782.249999999999	3.006560982508125e-17	7.02328038845805e-18
6782.499999999999	3.410945099439169e-17	7.200421116636281e-18
6782.749999999999	3.5228338504322766e-17	7.272790321247933e-18
6782.999999999999	2.9658213447231535e-17	7.048604522911362e-18
6783.249999999998	2.7302469237129516e-17	6.924045184731289e-18
6783.499999999999	3.148073718214717e-17	7.040901817047268e-18
6783.75	3.330905449007313e-17	7.052760278308828e-18
6783.999999999999	3.006993101660123e-17	6.863091072572869e-18
6784.249999999998	2.6063736491329306e-17	6.678522676084218e-18
6784.499999999999	2.1932907354441567e-17	6.5050227833721394e-18
6784.749999999998	1.974213108262345e-17	6.374537109693431e-18
6784.999999999999	2.0343302790769838e-17	6.307397340914339e-18
6785.249999999999	2.3260891233975025e-17	6.443669970158469e-18
6785.499999999999	2.815949121746101e-17	6.803625058336432e-18
6785.749999999999	2.7809418456061215e-17	6.8184609562128766e-18
6785.999999999999	2.2188742737375643e-17	6.490575246793288e-18
6786.249999999999	2.0962124878826884e-17	6.461692581344774e-18
6786.499999999999	2.3966537507848086e-17	6.687787512535118e-18
6786.749999999999	2.4714876227496235e-17	6.761317665136488e-18
6786.999999999999	2.3503145965612205e-17	6.728385123408915e-18
6787.249999999999	2.1510118799753464e-17	6.661173389916531e-18
6787.499999999999	1.945879690740566e-17	6.572197293736958e-18
6787.749999999999	2.0934770015969755e-17	6.58930835188823e-18
6787.999999999999	2.3879058194986928e-17	6.658317962441998e-18
6788.249999999999	2.2881647121092938e-17	6.667886787768011e-18
6788.499999999999	2.1405136345130684e-17	6.654900052150929e-18
6788.749999999999	2.31115388112949e-17	6.733251426952564e-18
6788.999999999999	2.5735615449025446e-17	6.8417613932975765e-18
6789.249999999999	2.5015425685622477e-17	6.784870392308017e-18
6789.499999999999	2.3792588042473085e-17	6.686302309745279e-18
6789.749999999999	1.9709434287370453e-17	6.392233398128084e-18
6789.999999999998	1.4664602006474897e-17	6.04439237002096e-18
6790.249999999999	1.689720880186982e-17	6.21726898214148e-18
6790.5	2.0518018225392064e-17	6.462821682880909e-18
6790.749999999999	2.860520921872908e-17	6.820191004464031e-18
6790.999999999998	3.698842333788045e-17	7.17342194144255e-18
6791.249999999999	3.2255123819284614e-17	6.986180510804435e-18
6791.5	2.6464770195907264e-17	6.76570833982792e-18
6791.749999999999	2.3397968296364862e-17	6.576192576095589e-18
6791.999999999999	2.052332045311853e-17	6.388305944579682e-18
6792.249999999999	2.3452812025338353e-17	6.5244420890227406e-18
6792.499999999999	2.603963575700196e-17	6.653622058104534e-18
6792.749999999999	2.686147112843667e-17	6.7210153577413734e-18
6792.999999999999	2.6928328828626882e-17	6.746951605847974e-18
6793.249999999999	2.2568701534306976e-17	6.426072529807016e-18
6793.499999999999	1.9029139444910917e-17	6.1899277677644585e-18
6793.749999999999	2.32975469156397e-17	6.5023964849272835e-18
6793.999999999999	2.7415736732767628e-17	6.782902116040447e-18
6794.249999999999	3.090665067597822e-17	6.970673355860903e-18
6794.499999999999	3.294019480260103e-17	7.060791374876105e-18
6794.749999999999	2.7864948744943125e-17	6.837562210917951e-18
6794.999999999999	2.4761130512988975e-17	6.679727051056095e-18
6795.249999999999	2.4855237196917908e-17	6.71377132352694e-18
6795.499999999999	2.3896265206089257e-17	6.690335228821782e-18
6795.749999999999	2.1867662656445835e-17	6.5447344838098914e-18
6795.999999999999	2.227707735499018e-17	6.5097418487667544e-18
6796.249999999999	2.6874568706255835e-17	6.678838245487907e-18
6796.499999999999	2.971663886825738e-17	6.819883706866468e-18
6796.749999999999	3.062434385908122e-17	6.925295881817469e-18
6796.999999999999	3.240094914383281e-17	7.024593951270785e-18
6797.25	3.406628871002867e-17	7.119565038939836e-18
6797.499999999999	3.2896883625727755e-17	7.071601798301561e-18
6797.749999999998	2.883904986917537e-17	6.868263019352857e-18
6797.999999999999	2.6418165185834802e-17	6.742041875322165e-18
6798.25	2.4997810047297548e-17	6.687978177666312e-18
6798.499999999999	2.3986310433210554e-17	6.650891948492803e-18
6798.749999999998	2.4204815155100112e-17	6.6249073103203685e-18
6798.999999999999	2.7321065911660934e-17	6.744665692225183e-18
6799.249999999999	3.203029943751515e-17	6.956976072097638e-18
6799.499999999999	3.1333733952406697e-17	6.879186352931926e-18
6799.749999999999	2.7712972505359982e-17	6.628868678273885e-18
6799.999999999999	2.3403199386558648e-17	6.439715633240159e-18
6800.249999999999	1.873818197316784e-17	6.2792798175324366e-18
6800.499999999999	1.901375719423988e-17	6.343961619121327e-18
6800.749999999999	2.159240341836779e-17	6.490152557500274e-18
6800.999999999999	2.2932957134489602e-17	6.536181022685787e-18
6801.249999999999	2.3917755358403384e-17	6.55237556471835e-18
6801.499999999999	2.6889813644945188e-17	6.707741176861429e-18
6801.749999999999	3.071715352380967e-17	6.89572624287023e-18
6801.999999999999	2.4530669722525576e-17	6.6180838974474186e-18
6802.249999999999	1.6750825957588762e-17	6.243520386061463e-18
6802.499999999999	2.129827949923986e-17	6.439761955354462e-18
6802.749999999999	2.757939276260002e-17	6.697639233630625e-18
6802.999999999999	2.7495741641613756e-17	6.788418169955257e-18
6803.249999999999	2.7310092533654805e-17	6.86878248877754e-18
6803.499999999999	2.3073811103556357e-17	6.663087899444285e-18
6803.749999999999	1.96013565228955e-17	6.450029748298083e-18
6803.999999999999	2.4570463727434277e-17	6.593874802459829e-18
6804.249999999999	2.84573556473189e-17	6.73885681637353e-18
6804.499999999998	2.957951217503079e-17	6.9066520579911365e-18
6804.749999999999	3.0328034528774925e-17	7.011652710587393e-18
6805.0	2.2431283673504767e-17	6.5829431970746346e-18
6805.249999999999	1.5747884354119242e-17	6.193998737149138e-18
6805.499999999998	1.7294920549107767e-17	6.204831494451133e-18
6805.749999999999	1.8607967201139742e-17	6.245270700237625e-18
6805.999999999998	1.9876188935777468e-17	6.4165161121901906e-18
6806.249999999999	2.1931974294710608e-17	6.562187581144454e-18
6806.499999999999	2.4787199937174196e-17	6.6190049630594964e-18
6806.749999999999	2.6051955785045325e-17	6.6478442015258514e-18
6806.999999999999	2.4524331864672195e-17	6.5988560841086235e-18
6807.249999999999	2.4172882674733115e-17	6.577643864480314e-18
6807.499999999999	2.6270548188079814e-17	6.6295411761118906e-18
6807.749999999999	2.9833086046170145e-17	6.755312333889353e-18
6807.999999999999	3.5981155579807277e-17	7.013077942782822e-18
6808.249999999999	3.689590153200517e-17	7.075261245331495e-18
6808.499999999999	2.934627702079289e-17	6.8426990025219054e-18
6808.749999999999	2.508458791099926e-17	6.674203966106079e-18
6808.999999999999	2.4505334834724302e-17	6.5993751399430005e-18
6809.249999999999	2.375888043251155e-17	6.55260552092864e-18
6809.499999999999	2.321103209537278e-17	6.545622048607161e-18
6809.749999999999	2.4526102031183058e-17	6.637935404968079e-18
6809.999999999999	2.8253495330993983e-17	6.8248178392203466e-18
6810.249999999999	2.8119839487617665e-17	6.814068213569914e-18
6810.499999999999	2.6002114844416555e-17	6.6472345694144e-18
6810.749999999999	2.6427828309750646e-17	6.6456724388275935e-18
6810.999999999999	2.8560849176839087e-17	6.757372427204917e-18
6811.249999999998	2.5646595925863714e-17	6.667388825039254e-18
6811.499999999999	2.0209340890566876e-17	6.45482408712844e-18
6811.75	2.0162755732829114e-17	6.462116097818401e-18
6811.999999999999	2.2627471062467644e-17	6.5704924744944864e-18
6812.249999999998	2.404608746735731e-17	6.64222723157631e-18
6812.499999999999	2.565502820502808e-17	6.699443314546603e-18
6812.75	2.4667025483421267e-17	6.568960122409732e-18
6812.999999999999	2.2458130647465788e-17	6.379222260682931e-18
6813.249999999999	2.6672986445337887e-17	6.638501196507065e-18
6813.499999999999	3.236756744303262e-17	6.983713031037189e-18
6813.749999999999	3.2738567873930006e-17	6.923992658762392e-18
6813.999999999999	3.190285737490033e-17	6.793451150392336e-18
6814.249999999999	3.2231453218875796e-17	6.838162330452358e-18
6814.499999999999	3.233868560476472e-17	6.903636984658381e-18
6814.749999999999	2.6001281046359102e-17	6.604670336634259e-18
6814.999999999999	1.907600088097327e-17	6.268245228160979e-18
6815.249999999999	2.2842490045255903e-17	6.498141881446617e-18
6815.499999999999	2.6818745595437082e-17	6.7294335748353256e-18
6815.749999999999	2.7382179669677576e-17	6.759788208183878e-18
6815.999999999999	2.7713005592584484e-17	6.770428232403147e-18
6816.249999999999	2.2832148633237765e-17	6.488743868917096e-18
6816.499999999999	1.9327551468334322e-17	6.262204741737811e-18
6816.749999999999	2.6216687149674036e-17	6.583080095466012e-18
6816.999999999999	3.1797878229e-17	6.847759693509505e-18
6817.249999999999	2.992413547055508e-17	6.87404749337644e-18
6817.499999999999	2.8065523499874983e-17	6.875006195706389e-18
6817.749999999999	2.6235510471693292e-17	6.773500381198169e-18
6817.999999999999	2.5149203951729453e-17	6.7055421172029565e-18
6818.249999999999	2.6253240260942754e-17	6.750184227681831e-18
6818.5	2.6459762444478868e-17	6.732225309402692e-18
6818.749999999999	2.5266959729371277e-17	6.538497955581548e-18
6818.999999999998	2.4666180104835238e-17	6.458014522751057e-18
6819.249999999999	2.6449457428407683e-17	6.628877363670317e-18
6819.5	2.6587533724977484e-17	6.678080961637115e-18
6819.749999999999	2.28935519044688e-17	6.510727020876305e-18
6819.999999999998	2.045620798129965e-17	6.392498509514407e-18
6820.249999999999	2.0412536153679302e-17	6.354275320588944e-18
6820.499999999999	2.178904244794512e-17	6.398829336332582e-18
6820.749999999999	2.40509893396673e-17	6.536313785174102e-18
6820.999999999999	2.436310774584071e-17	6.600516649188324e-18
6821.249999999999	2.3504135273624818e-17	6.597359714380515e-18
6821.499999999999	2.4634206265437613e-17	6.638740251704093e-18
6821.749999999999	2.69426489793914e-17	6.7230527035900915e-18
6821.999999999999	2.859822781435913e-17	6.788581538126236e-18
6822.249999999999	2.880584683938749e-17	6.838186318690122e-18
6822.499999999999	2.745475318790053e-17	6.768445480474858e-18
6822.749999999999	2.5610499418293125e-17	6.624207515522149e-18
6822.999999999999	2.490605751939194e-17	6.588773993212521e-18
6823.249999999999	2.3897378591193753e-17	6.611523114418954e-18
6823.499999999999	2.3708462119815217e-17	6.618377132974569e-18
6823.749999999999	2.4014388251923054e-17	6.621022456573513e-18
6823.999999999999	2.808227887036286e-17	6.774831314803767e-18
6824.249999999999	3.2960199338535014e-17	6.980547410832949e-18
6824.499999999999	3.561448295787477e-17	7.14626394757121e-18
6824.749999999999	3.7410454195127454e-17	7.299855670890668e-18
6824.999999999999	2.998663392891714e-17	6.997651024358708e-18
6825.25	2.02393510031903e-17	6.59124105938946e-18
6825.499999999999	2.4068189733324728e-17	6.996820535023704e-18
6825.749999999998	2.792038969831888e-17	7.485833169552803e-18
6825.999999999999	2.518972918429965e-17	7.63162209815405e-18
6826.25	2.317150444262132e-17	7.748966767031434e-18
6826.499999999999	1.6275982926952697e-17	7.733200704556174e-18
6826.749999999998	7.571905448192009e-18	7.712866950738395e-18
6826.999999999999	1.6686982503550694e-17	8.475402571239791e-18
6827.249999999999	2.6673079089566493e-17	9.150053560379878e-18
6827.499999999999	2.4211986811010946e-17	9.237964661520789e-18
6827.749999999999	2.5063173859301488e-17	9.328256388464627e-18
6827.999999999999	2.5674561248012907e-17	9.495359279909527e-18
6828.249999999999	2.053791357348519e-17	9.682170576629115e-18
6828.499999999999	1.3527485090204375e-17	1.001002443959512e-17
6828.749999999999	1.4217620073230842e-17	1.0352636031869684e-17
6828.999999999999	3.174898854607567e-17	1.0819978188711119e-17
6829.249999999999	4.12773614314128e-17	1.1046649664788412e-17
6829.499999999999	2.8224067553521797e-17	1.050255920917247e-17
6829.749999999999	2.2104457996040165e-17	9.887676155192402e-18
6829.999999999999	2.6041078359990253e-17	9.183065511446257e-18
6830.249999999999	3.1207810593396524e-17	8.53384205433605e-18
6830.499999999999	3.232477904430648e-17	8.067039219254e-18
6830.749999999999	3.1712000337804746e-17	7.674679330579272e-18
6830.999999999999	2.4197433395313688e-17	7.46646969859355e-18
6831.249999999999	2.48940882159283e-17	7.32838099431456e-18
6831.499999999999	2.3941528529208158e-17	7.292674088812483e-18
6831.749999999999	2.4549488081461157e-17	7.466497822734376e-18
6831.999999999999	2.958415100390599e-17	7.885751007484428e-18
6832.249999999999	2.847496466819893e-17	8.177648156403366e-18
6832.499999999998	2.2889013991628335e-17	8.346972854973583e-18
6832.749999999999	2.1703417674017306e-17	8.648582758645118e-18
6833.0	2.0331202792769413e-17	9.056017186803012e-18
6833.249999999999	2.3469047926401544e-17	9.813122366582998e-18
6833.499999999998	3.264187376904501e-17	1.0772707298245551e-17
6833.749999999999	3.091038291490206e-17	1.1112888633880434e-17
6834.0	2.363699867797431e-17	1.1078620195463587e-17
6834.249999999999	1.8338352643561758e-17	1.0759904196724455e-17
6834.499999999999	1.7995931302828082e-17	1.0262463418934053e-17
6834.749999999999	1.5613192880616008e-17	9.366815412718786e-18
6834.999999999999	1.0562197276976318e-17	8.212285517373411e-18
6835.249999999999	1.458806463875659e-17	7.65187892417486e-18
6835.499999999999	1.9938555045241516e-17	7.31922824083666e-18
6835.749999999999	1.6082713831190907e-17	7.101769902421982e-18
6835.999999999999	2.0004727839884534e-17	6.905724374934158e-18
6836.249999999999	2.1520425470185875e-17	6.6964853166761134e-18
6836.499999999999	2.1101847264815666e-17	6.471239072794249e-18
6836.749999999999	2.1106127097305015e-17	6.431186987534431e-18
6836.999999999999	2.0398738781061917e-17	6.415573953472493e-18
6837.249999999999	1.8461023528403372e-17	6.293977576246585e-18
6837.499999999999	1.629847562216924e-17	6.157681785945304e-18
6837.749999999999	2.2683572105972215e-17	6.5340402792605e-18
6837.999999999999	2.909622032161811e-17	6.9062004173766825e-18
6838.249999999999	2.4462869036437055e-17	6.7517736552288515e-18
6838.499999999999	1.9976176873861653e-17	6.6166537021683144e-18
6838.749999999999	2.523285341835449e-17	6.881400301841424e-18
6838.999999999999	2.9748836046420395e-17	7.100253680359173e-18
6839.249999999999	2.6415165828933684e-17	6.962418920528236e-18
6839.499999999999	2.305966962380415e-17	6.863387203232163e-18
6839.75	2.2760044953602742e-17	6.966792224426804e-18
6839.999999999999	2.2291966606016136e-17	7.050161276824186e-18
6840.249999999998	2.1530053852515992e-17	7.061101567605813e-18
6840.499999999999	2.1287239946784726e-17	7.184705512178387e-18
6840.75	2.5811679669433372e-17	7.681490335743034e-18
6840.999999999999	2.98994987231908e-17	8.027495850070902e-18
6841.249999999998	2.8103438150431964e-17	8.046549955481061e-18
6841.499999999999	2.4585574662864396e-17	7.976443089844742e-18
6841.749999999999	1.791199232298865e-17	7.693093198195315e-18
6841.999999999999	1.5295034401609737e-17	7.473561117984967e-18
6842.249999999999	1.858009948630283e-17	7.36536258514058e-18
6842.499999999999	2.109884790791455e-17	7.174408767913326e-18
6842.749999999999	1.9609807000033342e-17	6.848919400728304e-18
6842.999999999999	1.926325968240425e-17	6.637813395827727e-18
6843.249999999999	2.0584943754392504e-17	6.577549152300176e-18
6843.499999999999	2.365895866887637e-17	6.631013557602235e-18
6843.749999999999	2.8518087247892545e-17	6.808880136767981e-18
6843.999999999999	2.958104411352524e-17	6.7579287061668586e-18
6844.249999999999	2.6961861076298556e-17	6.507600278160855e-18
6844.499999999999	2.674002281654041e-17	6.472809061596874e-18
6844.749999999999	2.847650984158318e-17	6.5952946579812764e-18
6844.999999999999	2.705558891150694e-17	6.5802238408108665e-18
6845.249999999999	2.352863636336864e-17	6.478133209609572e-18
6845.499999999999	2.334074228722722e-17	6.4978929000822386e-18
6845.749999999999	2.5000708488163934e-17	6.575359191628442e-18
6845.999999999999	2.339985923124516e-17	6.5010022720048254e-18
6846.249999999999	2.0975794865629935e-17	6.358578314135445e-18
6846.5	2.383866200259229e-17	6.504262604389203e-18
6846.749999999999	2.7739389345402476e-17	6.728519126668148e-18
6846.999999999998	2.432535191396134e-17	6.5777811764619974e-18
6847.249999999999	1.977144636353233e-17	6.326932865441004e-18
6847.5	2.0224976258505353e-17	6.32709995592474e-18
6847.749999999999	2.1492286440108046e-17	6.3732938572327635e-18
6847.999999999998	2.3544202248135662e-17	6.521010530251564e-18
6848.249999999999	2.5509414638716695e-17	6.678869264760878e-18
6848.499999999999	2.42764026740329e-17	6.569145410866944e-18
6848.749999999999	2.2325919061438987e-17	6.441154927506001e-18
6848.999999999999	3.219504403703366e-17	7.019439788873967e-18
6849.249999999999	4.202867965562736e-17	7.542423903980006e-18
6849.499999999999	3.6807260857563986e-17	7.346017312154803e-18
6849.749999999999	3.14531556718022e-17	7.138964905846042e-18
6849.999999999999	2.753550752238163e-17	6.894176519992612e-18
6850.249999999999	2.4127841036018377e-17	6.6725822785151686e-18
6850.499999999999	2.3581728123804743e-17	6.699740685976816e-18
6850.749999999999	2.3646311077310433e-17	6.7403312658154055e-18
6850.999999999999	2.6238916801455786e-17	6.838636304943351e-18
6851.249999999999	2.890358650056676e-17	6.93658110691453e-18
6851.499999999999	3.1813495398965e-17	7.01924622861063e-18
6851.749999999999	3.352376079858984e-17	7.036989252749892e-18
6851.999999999999	2.9240778405467875e-17	6.8462289957859755e-18
6852.249999999999	2.6563289061223555e-17	6.721097248622016e-18
6852.499999999999	2.873155940293533e-17	6.7622991149332825e-18
6852.749999999999	2.9245632301302336e-17	6.732477599489521e-18
6852.999999999999	2.5496366691734283e-17	6.571609168321433e-18
6853.249999999999	2.2436311277267864e-17	6.42907891774334e-18
6853.499999999999	2.0331915822457433e-17	6.319779821093952e-18
6853.749999999998	1.8743470966004504e-17	6.2404713983235924e-18
6853.999999999999	1.7571314678986236e-17	6.203611816637923e-18
6854.25	2.044582686461211e-17	6.337072445389679e-18
6854.499999999999	2.6987693926828587e-17	6.651170294768927e-18
6854.749999999998	2.5541591964545008e-17	6.576944069682094e-18
6854.999999999999	1.7173387864789026e-17	6.13118719092523e-18
6855.249999999998	1.392892245892126e-17	5.91577405657509e-18
6855.499999999999	1.4493880199850077e-17	5.889778251464386e-18
6855.749999999999	1.6297995857413958e-17	6.0436723092977326e-18
6855.999999999999	1.9707798124118823e-17	6.299801341349265e-18
6856.249999999999	2.2103721805294993e-17	6.430355671018815e-18
6856.499999999999	2.399437709854417e-17	6.508808789035795e-18
6856.749999999999	2.3934558705366786e-17	6.52484533957136e-18
6856.999999999999	2.261078021206755e-17	6.514960117661045e-18
6857.249999999999	2.4421475264223676e-17	6.572873100297414e-18
6857.499999999999	2.761402185176394e-17	6.6594061185378114e-18
6857.749999999999	2.7308165202827557e-17	6.643684310225322e-18
6857.999999999999	2.6064090524631478e-17	6.601229265286038e-18
6858.249999999999	2.5028384297098733e-17	6.587016648001152e-18
6858.499999999999	2.445272283904348e-17	6.579041799715528e-18
6858.749999999999	2.481752106970794e-17	6.606235362353209e-18
6858.999999999999	2.5602733846702477e-17	6.641981972524688e-18
6859.249999999999	2.5296705144198684e-17	6.593166735855484e-18
6859.499999999999	2.5248905685321695e-17	6.534461314192289e-18
6859.749999999999	1.9857757697368562e-17	6.294181062677273e-18
6859.999999999999	1.3579154099986887e-17	6.056857981852134e-18
6860.249999999999	1.8068369163430575e-17	6.357800764359645e-18
6860.499999999998	2.1617402470840367e-17	6.6228716188328755e-18
6860.749999999999	2.1313079414759657e-17	6.676638358648822e-18
6861.0	2.0179808888337507e-17	6.7679342828563e-18
6861.249999999999	2.0491712227551652e-17	7.124102124599689e-18
6861.499999999998	1.8989059235510273e-17	7.539757900865748e-18
6861.749999999999	2.2866094471215716e-17	8.32590870067492e-18
6862.0	2.6401609993055165e-17	9.113780036158203e-18
6862.249999999999	3.2004779261256665e-17	1.0088107807878289e-17
6862.499999999998	3.6963263812369036e-17	1.1055955446679634e-17
6862.749999999999	3.0966217606249387e-17	1.2104678188331514e-17
6862.999999999999	2.002847288654848e-17	1.3065484038578195e-17
6863.249999999999	1.8994986811779828e-17	1.3850170728703149e-17
6863.499999999999	1.8893514911676723e-17	1.4326880705981747e-17
6863.749999999999	1.8740542746636066e-17	1.4211075420224323e-17
6863.999999999999	2.1972296040850118e-17	1.3677601000589886e-17
6864.249999999999	1.8517582829967298e-17	1.2252390311856946e-17
6864.499999999999	1.9781466829472796e-17	1.0806298275740717e-17
6864.749999999999	1.699138827769266e-17	9.421816306008662e-18
6864.999999999999	1.45156664828235e-17	8.26648073674666e-18
6865.249999999999	1.695648787328782e-17	7.490379354199395e-18
6865.499999999999	2.0186689376672724e-17	6.979221440311026e-18
6865.749999999999	1.7909363543001957e-17	6.742201521180388e-18
6865.999999999999	2.1224040039263224e-17	6.601652781759665e-18
6866.249999999999	2.3011028095063582e-17	6.521633397252817e-18
6866.499999999999	2.165038712494653e-17	6.383435918723276e-18
6866.749999999999	1.842212949600113e-17	6.1994734320333205e-18
6866.999999999999	1.6278484321125057e-17	5.999929344144703e-18
6867.249999999999	1.4623284334877873e-17	5.791805738942686e-18
6867.499999999999	1.3860614711117243e-17	5.763648510891381e-18
6867.75	1.3471207030048717e-17	5.809219545198153e-18
6867.999999999999	1.6788202940747583e-17	6.068557210845778e-18
6868.249999999998	2.032919605260336e-17	6.377247780560767e-18
6868.499999999999	2.1303578418243873e-17	6.332283483233303e-18
6868.75	2.1547305531371398e-17	6.2013043963192066e-18
6868.999999999999	2.2295182684237742e-17	6.377757737408406e-18
6869.249999999998	2.2683261086061895e-17	6.604698047184779e-18
6869.499999999999	1.9219842626412567e-17	6.6576893051764576e-18
6869.749999999999	1.3535775921483994e-17	6.659592234175636e-18
6869.999999999999	1.273891644146471e-17	6.869770142428928e-18
6870.249999999999	1.3217061577106087e-17	7.088039531434215e-18
6870.499999999999	1.392189142371456e-17	7.263799695170094e-18
6870.749999999999	1.742857142940041e-17	7.436312347821091e-18
6870.999999999999	1.6918224152512344e-17	7.352704240226681e-18
6871.249999999999	1.8502321347665695e-17	7.249244625111611e-18
6871.499999999999	1.680585993810314e-17	6.872596618582022e-18
6871.749999999999	1.5014026258274447e-17	6.468953572761765e-18
6871.999999999999	1.0673807929847486e-17	6.0408706485630155e-18
6872.249999999999	6.610073893985761e-18	5.6530424688741594e-18
6872.499999999999	9.521554435547856e-18	5.637734250867947e-18
6872.749999999999	1.2705018579962287e-17	5.697815273889817e-18
6872.999999999999	1.8108419594329168e-17	6.015568020805631e-18
6873.249999999999	2.1880204368893364e-17	6.226161587316731e-18
6873.499999999999	2.2023405876538544e-17	6.1836726279723325e-18
6873.749999999999	2.259067641446006e-17	6.188009122333642e-18
6873.999999999999	2.4458170650557753e-17	6.289169175345814e-18
6874.249999999999	2.472227783961736e-17	6.3018428231010455e-18
6874.499999999999	2.1372839905294164e-17	6.147820552272753e-18
6874.749999999999	1.9631336857016872e-17	6.079755581978521e-18
6874.999999999998	2.036280770961384e-17	6.1461926608272486e-18
6875.249999999999	1.9644136649815517e-17	6.150794266574881e-18
6875.5	1.7255852808776888e-17	6.065040452471509e-18
6875.749999999999	1.6737471953779706e-17	6.032725401071206e-18
6875.999999999998	1.7616768253646025e-17	6.059983483796666e-18
6876.249999999999	2.1078871496121393e-17	6.223299542397298e-18
6876.499999999998	2.6406549915673332e-17	6.488748832000771e-18
6876.749999999999	2.7564639169194523e-17	6.527346320153414e-18
6876.999999999999	2.5372610545929e-17	6.417172893596558e-18
6877.249999999999	2.6638544298992405e-17	6.513900912886671e-18
6877.499999999999	2.9947551299335233e-17	6.7126691053607134e-18
6877.749999999999	2.9531988994478393e-17	6.6786235921189496e-18
6877.999999999999	2.6598442582895834e-17	6.544521898392465e-18
6878.249999999999	2.5988256260433842e-17	6.5056675706596245e-18
6878.499999999999	2.5444997121333515e-17	6.500364102162241e-18
6878.749999999999	2.0820514866680256e-17	6.298907572697401e-18
6878.999999999999	1.4045736905025998e-17	6.027398357926364e-18
6879.249999999999	1.6090034379612e-17	6.264232161419178e-18
6879.499999999999	1.8783099534790694e-17	6.590530097652971e-18
6879.749999999999	2.0052696043606484e-17	6.902590601183501e-18
6879.999999999999	2.010238643736377e-17	7.197330769867783e-18
6880.249999999999	2.0882846234558577e-17	7.407552105103235e-18
6880.499999999999	2.3309066232850113e-17	7.604278815825496e-18
6880.749999999999	2.0262119976731434e-17	7.630850338642537e-18
6880.999999999999	2.0194572407910354e-17	7.654732697288168e-18
6881.249999999999	2.0391924467175705e-17	7.513586733465182e-18
6881.499999999999	2.122577877291081e-17	7.355365280257264e-18
6881.749999999998	2.1168074653379112e-17	7.165197284611936e-18
6881.999999999999	2.135562793110816e-17	6.968767531729581e-18
6882.25	2.194766591093074e-17	6.730688821414875e-18
6882.499999999999	2.2221548720469496e-17	6.536566902441543e-18
6882.749999999998	2.3592287911504595e-17	6.6125988628055795e-18
6882.999999999999	2.4605809155008668e-17	6.646546355144756e-18
6883.25	2.3713544317498743e-17	6.4943480175671426e-18
6883.499999999999	2.3373367944947535e-17	6.426615573879157e-18
6883.749999999999	2.60542801625666e-17	6.610520985106846e-18
6883.999999999999	2.850147415247003e-17	6.749861627242935e-18
6884.249999999999	2.8943175364683546e-17	6.790476608909595e-18
6884.499999999999	2.7801748837421624e-17	6.740045061323462e-18
6884.749999999999	2.469544410054614e-17	6.5156681842653906e-18
6884.999999999999	2.2017279776921976e-17	6.335193504628265e-18
6885.249999999999	1.9215743119296755e-17	6.234727456150024e-18
6885.499999999999	1.7582969653817108e-17	6.18365401640855e-18
6885.749999999999	1.7435774518174522e-17	6.205817493741296e-18
6885.999999999999	1.5818666199135405e-17	6.137628859945487e-18
6886.249999999999	1.2819250568194635e-17	5.9757359655887524e-18
6886.499999999999	1.5218445748693452e-17	6.123929094640384e-18
6886.749999999999	2.1710693554685322e-17	6.513235446083872e-18
6886.999999999999	2.409249395408276e-17	6.721809864719731e-18
6887.249999999999	2.3116478733913067e-17	6.807318006181175e-18
6887.499999999999	2.19306888560387e-17	6.881772533117073e-18
6887.749999999999	1.869662938227685e-17	6.956056247256479e-18
6887.999999999999	2.5354018834481258e-17	7.575112427426877e-18
6888.249999999999	3.025326401884503e-17	8.371808125684875e-18
6888.499999999999	2.63222089260562e-17	8.531256287741209e-18
6888.749999999999	2.05107853581159e-17	8.465282843625817e-18
6889.0	2.1286030608729173e-17	8.546242318898832e-18
6889.249999999999	2.6562913521225456e-17	8.664272720504024e-18
6889.499999999998	2.877947301273685e-17	8.313952632101079e-18
6889.749999999999	2.841272429018799e-17	7.832750236915705e-18
6890.0	2.638270560733588e-17	7.443256529063474e-18
6890.249999999999	2.141691539705344e-17	7.051717203556399e-18
6890.499999999998	1.978689147992992e-17	6.732307200283335e-18
6890.749999999999	1.7317773895071382e-17	6.4001722640570616e-18
6890.999999999999	1.869740693205265e-17	6.302215881557307e-18
6891.249999999999	1.90120978699311e-17	6.210575436624701e-18
6891.499999999999	2.6805831651713904e-17	6.552261413793818e-18
6891.749999999999	3.374709294653426e-17	6.840968954270751e-18
6891.999999999999	3.030204782265096e-17	6.667543921404108e-18
6892.249999999999	2.651116841082659e-17	6.494318652655397e-18
6892.499999999999	2.5543137137929257e-17	6.465189487384342e-18
6892.749999999999	2.5384048799439383e-17	6.500290069497417e-18
6892.999999999999	2.9206020276128396e-17	6.811319905984706e-18
6893.249999999999	3.091093216282879e-17	7.01102653486369e-18
6893.499999999999	2.598712467735587e-17	6.823814882727626e-18
6893.749999999999	2.2108694815137662e-17	6.6975999425515286e-18
6893.999999999999	2.2651470880760257e-17	6.771472134336189e-18
6894.249999999999	2.2704605654588213e-17	6.77988497475616e-18
6894.499999999999	2.2092197525000904e-17	6.607756547499694e-18
6894.749999999999	2.1343360842624e-17	6.467308724113703e-18
6894.999999999999	2.0193947059367264e-17	6.379945216538302e-18
6895.249999999999	1.8471626329495077e-17	6.236275111076111e-18
6895.499999999999	1.5176378651461455e-17	5.994024101751687e-18
6895.749999999999	1.6341586621334277e-17	5.944254712245903e-18
6895.999999999999	2.2456934544300036e-17	6.133646812476657e-18
6896.249999999998	2.7734647946131322e-17	6.408299313575395e-18
6896.499999999999	3.1939594120265036e-17	6.765651264365654e-18
6896.75	3.259469800434988e-17	6.87449623885875e-18
6896.999999999999	3.011939310850945e-17	6.789631643913872e-18
6897.249999999998	2.802741032597099e-17	6.706979757107574e-18
6897.499999999999	2.6181710644652843e-17	6.6251256860020825e-18
6897.749999999998	2.491694321625314e-17	6.585203468098436e-18
6897.999999999999	2.453309170735913e-17	6.572557530893725e-18
6898.249999999999	2.5762482275321168e-17	6.691851450884591e-18
6898.499999999999	2.7301999398541586e-17	6.858929526911115e-18
6898.749999999999	2.7646437405608667e-17	7.0281466920017e-18
6898.999999999999	2.5174408144993944e-17	7.193051764559047e-18
6899.249999999999	2.9357609395184864e-17	7.685723018937467e-18
6899.499999999999	3.66749384293351e-17	8.226489035671559e-18
6899.749999999999	3.061045715095768e-17	8.491743524240776e-18
6899.999999999999	2.353122543868593e-17	8.705544069986745e-18
6900.249999999999	2.0244876569682154e-17	8.710327655469139e-18
6900.499999999999	2.047443242455542e-17	8.683751996749035e-18
6900.749999999999	2.7906264762178924e-17	8.768485069976517e-18
6900.999999999999	3.6380280151531463e-17	8.861166521710021e-18
6901.249999999999	2.743730629442056e-17	8.051202846426672e-18
6901.499999999999	1.8603283704511467e-17	7.159775942877263e-18
6901.749999999999	2.004055468657543e-17	7.101520093876991e-18
6901.999999999999	2.4090162959116587e-17	7.040676823920653e-18
6902.249999999999	2.4953019871489026e-17	6.8721995718879966e-18
6902.499999999999	2.43391873368869e-17	6.7043290568346475e-18
6902.749999999999	2.4583763137322905e-17	6.61015288973426e-18
6902.999999999998	2.393939109450532e-17	6.5180508780198496e-18
6903.249999999999	2.2530745524719368e-17	6.423540529951991e-18
6903.5	2.1689481335057012e-17	6.346020471665971e-18
6903.749999999999	2.210679560845124e-17	6.324809079218274e-18
6903.999999999998	2.2655906223204766e-17	6.3350810080649575e-18
6904.249999999999	2.428592186852216e-17	6.416028902809397e-18
6904.5	2.7119084949687735e-17	6.5456079865367474e-18
6904.749999999999	3.2766801202597666e-17	6.747516570206347e-18
6904.999999999999	3.279587163804523e-17	6.731629325771348e-18
6905.249999999999	2.3633380589975004e-17	6.320613619151405e-18
6905.499999999999	1.9030540688868582e-17	6.151394386109288e-18
6905.749999999999	2.0775782593514613e-17	6.343656389475295e-18
6905.999999999999	2.2730948048375577e-17	6.457713429008088e-18
6906.249999999999	2.5047791608630452e-17	6.490227830936016e-18
6906.499999999999	2.4236964356787598e-17	6.425960860424321e-18
6906.749999999999	2.1216358840095057e-17	6.2799006165821576e-18
6906.999999999999	2.1951861370997608e-17	6.370234943327542e-18
6907.249999999999	2.6263121760540312e-17	6.640337951057239e-18
6907.499999999999	2.614258665604031e-17	6.6035540563976184e-18
6907.749999999999	2.3614711123549682e-17	6.384849570390129e-18
6907.999999999999	2.0864163533243454e-17	6.248302317182632e-18
6908.249999999999	1.8420385799269867e-17	6.146947049545897e-18
6908.499999999999	1.9949496990384368e-17	6.225042825538253e-18
6908.749999999999	2.2596410430466277e-17	6.372946027785185e-18
6908.999999999999	2.623170544087555e-17	6.557228219781892e-18
6909.249999999999	3.088573293264798e-17	6.7455185154367255e-18
6909.499999999999	2.7211712634681423e-17	6.542999886065368e-18
6909.749999999999	2.0735558454687385e-17	6.234995049078185e-18
6909.999999999999	2.3071417242863628e-17	6.537140552196348e-18
6910.25	2.6503786651040166e-17	6.915212963740754e-18
6910.499999999999	2.944881763824741e-17	7.228237546275215e-18
6910.749999999998	3.029705826919604e-17	7.517117140319559e-18
6910.999999999999	2.816781927186819e-17	7.720794649729103e-18
6911.25	2.3485770209664916e-17	7.925400255785932e-18
6911.499999999999	2.8781216709468114e-17	8.803459093455872e-18
6911.749999999998	3.376470858485919e-17	9.557491297260223e-18
6911.999999999999	2.909402994735607e-17	9.579309840277534e-18
6912.249999999999	2.515523244403374e-17	9.598847846346036e-18
6912.499999999999	2.6140895898868252e-17	9.620060065974346e-18
6912.749999999999	3.188929161285446e-17	9.481884507731038e-18
6912.999999999999	2.2774146728685546e-17	8.325372687637986e-18
6913.249999999999	1.5406880800955482e-17	7.257662015024951e-18
6913.499999999999	2.1433487133445326e-17	7.116539212259117e-18
6913.749999999999	1.981286329680286e-17	6.961144235204292e-18
6913.999999999999	2.144058434310103e-17	6.792170674804104e-18
6914.249999999999	2.1984468830744448e-17	6.642088265233401e-18
6914.499999999999	2.2739702927978838e-17	6.5434167850940945e-18
6914.749999999999	2.2964992185252556e-17	6.4777063844134945e-18
6914.999999999999	2.4662856493134e-17	6.4766236049916626e-18
6915.249999999999	2.713754762095992e-17	6.546819392543831e-18
6915.499999999999	3.1003920498569554e-17	6.714521576342526e-18
6915.749999999999	3.242275031605726e-17	6.8159330922609145e-18
6915.999999999999	3.107036295409226e-17	6.837062593827969e-18
6916.249999999999	2.8940968446809255e-17	6.772037512284869e-18
6916.499999999999	2.5961735195634167e-17	6.6191323488738296e-18
6916.749999999999	2.3657003213908293e-17	6.545432624246886e-18
6916.999999999999	2.2487429384762416e-17	6.541479114509189e-18
6917.249999999999	2.3077564849176122e-17	6.572126983384891e-18
6917.499999999998	2.4894880654955124e-17	6.621629193552821e-18
6917.749999999999	2.7718744571674377e-17	6.6779639155804386e-18
6918.0	3.0646429581436386e-17	6.734181177961074e-18
6918.249999999999	3.08237076215963e-17	6.761500058461556e-18
6918.499999999998	2.9935904596310487e-17	6.774990133481377e-18
6918.749999999999	2.89205701729037e-17	6.714949642309522e-18
6918.999999999998	2.820588612365788e-17	6.6209839926750295e-18
6919.249999999999	2.6338707870554183e-17	6.541678051446508e-18
6919.499999999999	2.411508921969526e-17	6.465323904233882e-18
6919.749999999999	2.3950822730570804e-17	6.509406013438058e-18
6919.999999999999	2.440828669653713e-17	6.569886151105485e-18
6920.249999999999	2.8182840871792154e-17	6.807054962746383e-18
6920.499999999999	3.15974391316886e-17	7.051918208445249e-18
6920.749999999999	3.352439938202273e-17	7.314308997733807e-18
6920.999999999999	3.264659862470391e-17	7.57359703254468e-18
6921.249999999999	3.269869776840495e-17	7.957478319940739e-18
6921.499999999999	3.02988152008171e-17	8.346744553124518e-18
6921.749999999999	2.906292133887917e-17	9.05692377675437e-18
6921.999999999999	2.2834355551112056e-17	9.774296162990984e-18
6922.249999999999	2.078912997987877e-17	1.0833211424150742e-17
6922.499999999999	2.3713395424988483e-17	1.1687052067846354e-17
6922.749999999999	2.63569223876426e-17	1.1975395648853764e-17
6922.999999999999	3.151958820115756e-17	1.2004528122847269e-17
6923.249999999999	2.0336177456973307e-17	1.1003969626722514e-17
6923.499999999999	1.7610643808390682e-17	1.0001047048407082e-17
6923.749999999999	2.4926227491448434e-17	9.159073964959769e-18
6923.999999999999	2.629940851965179e-17	8.28726530399828e-18
6924.249999999998	2.2888739367664968e-17	7.400752680468049e-18
6924.499999999999	2.019819711335456e-17	6.7671736902830575e-18
6924.75	1.9847317023676918e-17	6.743671007538588e-18
6924.999999999999	2.485657557514902e-17	6.778469255137775e-18
6925.249999999998	2.8445702326849255e-17	6.897634134953083e-18
6925.499999999999	2.9741917507777e-17	6.9357650932402466e-18
6925.749999999998	2.9384754154166404e-17	6.8807414524835254e-18
6925.999999999999	3.106669358089498e-17	6.918575039340476e-18
6926.249999999999	3.4567857946256325e-17	7.037003314820305e-18
6926.499999999999	3.261399778240197e-17	6.915794471711379e-18
6926.749999999999	2.653678454003613e-17	6.587264802184918e-18
6926.999999999999	2.124393538735635e-17	6.341480077283668e-18
6927.249999999999	1.7112206277962154e-17	6.1472067842582386e-18
6927.499999999999	1.9337062391017457e-17	6.29296510717682e-18
6927.749999999999	2.5319393054039788e-17	6.603779463114539e-18
6927.999999999999	2.6409195239272277e-17	6.681302830123009e-18
6928.249999999999	2.5265131660217535e-17	6.666450388634313e-18
6928.499999999999	2.2492291552403003e-17	6.529363400077125e-18
6928.749999999999	1.9098740076012354e-17	6.347066855140851e-18
6928.999999999999	2.3167446294536134e-17	6.505787511848445e-18
6929.249999999999	2.832065577928839e-17	6.7375701369307035e-18
6929.499999999999	2.5290203504584017e-17	6.548559366962337e-18
6929.749999999999	2.0953823294199302e-17	6.281036749153499e-18
6929.999999999999	2.4350283137623687e-17	6.515310015060155e-18
6930.249999999999	2.848788522936701e-17	6.7902185285584786e-18
6930.499999999999	2.8572856530610907e-17	6.720344100674287e-18
6930.749999999999	2.833642184176365e-17	6.63925930753847e-18
6930.999999999998	2.7668261738890266e-17	6.65232958839742e-18
6931.249999999999	2.7025201604524192e-17	6.662863733498283e-18
6931.5	2.7901778134536436e-17	6.634710641350041e-18
6931.749999999999	2.814844339319975e-17	6.5913700995650186e-18
6931.999999999998	2.4877589271430316e-17	6.459655649086362e-18
6932.249999999999	2.2147176911594854e-17	6.321895749100862e-18
6932.5	2.041423021957381e-17	6.203278876441371e-18
6932.749999999999	2.0317910000325686e-17	6.173683181304836e-18
6932.999999999998	2.491602339141198e-17	6.454672713076343e-18
6933.249999999999	2.9190886179641126e-17	6.6823641028489144e-18
6933.499999999999	3.128530418190294e-17	6.81026649147462e-18
6933.749999999999	3.1824927035030485e-17	6.839171904389979e-18
6933.999999999999	2.9459150778459424e-17	6.655439373910313e-18
6934.249999999999	2.848582720400298e-17	6.5604025253825646e-18
6934.499999999999	2.8241808923299834e-17	6.622388958945451e-18
6934.749999999999	2.9591000059377926e-17	6.723010930969158e-18
6934.999999999999	3.3701333315047825e-17	6.880100801099103e-18
6935.249999999999	3.392026155341101e-17	6.87646120640387e-18
6935.499999999999	2.944785149129195e-17	6.6855921751894026e-18
6935.749999999999	2.563918438757524e-17	6.548353398989811e-18
6935.999999999999	2.2593386258146783e-17	6.468568106596315e-18
6936.249999999999	2.3549602083174408e-17	6.567533235853078e-18
6936.499999999999	2.7225109651882332e-17	6.7963628261485225e-18
6936.749999999999	2.844971580718136e-17	6.88141519109245e-18
6936.999999999999	2.8004583449786977e-17	6.880453180040051e-18
6937.249999999999	3.196960092416601e-17	7.158438391826765e-18
6937.499999999999	3.629488202509149e-17	7.550237452046182e-18
6937.749999999999	3.322458280591921e-17	7.704649738533293e-18
6937.999999999999	3.049580660933538e-17	7.771501648459216e-18
6938.249999999999	3.048097360659108e-17	8.192215634171037e-18
6938.499999999999	3.0261873314660484e-17	8.68418130348695e-18
6938.749999999998	3.2389269353583564e-17	9.276870274451608e-18
6938.999999999999	3.999874865392018e-17	9.865927095346545e-18
6939.25	3.94265977503846e-17	9.64869623160032e-18
6939.499999999999	3.9935608303402783e-17	9.318644549746761e-18
6939.749999999998	3.422908116330156e-17	8.741012747472406e-18
6939.999999999999	2.801336149044739e-17	8.11087648299686e-18
6940.249999999998	2.6577663805908502e-17	7.501722481939334e-18
6940.499999999999	1.5993022637371782e-17	6.862334615902689e-18
6940.749999999999	2.1272665024391542e-17	6.835256858550766e-18
6940.999999999999	2.4380465303814522e-17	6.782408702805059e-18
6941.249999999999	1.9938958709380442e-17	6.436091341386258e-18
6941.499999999999	1.5889539034018948e-17	6.14033208618731e-18
6941.749999999999	1.9476718602557235e-17	6.2704281577975066e-18
6941.999999999999	2.2559953272148615e-17	6.421765400357452e-18
6942.249999999999	2.6689882436529896e-17	6.653617095020859e-18
6942.499999999999	2.980878347977334e-17	6.7834575678217764e-18
6942.749999999999	2.806908037650896e-17	6.623759597220451e-18
6942.999999999999	2.815645711897416e-17	6.5631202272851076e-18
6943.249999999999	3.3299350007126656e-17	6.733795711795624e-18
6943.499999999999	3.820254580609598e-17	6.926659902647569e-18
6943.749999999999	4.2729721842210954e-17	7.160879401814409e-18
6943.999999999999	4.279333534003873e-17	7.201163924826354e-18
6944.249999999999	3.556147391549992e-17	6.956287857827993e-18
6944.499999999999	2.995409595234175e-17	6.727757706914293e-18
6944.749999999999	2.578535051053581e-17	6.516793149898463e-18
6944.999999999999	2.543896862902923e-17	6.4903990573228144e-18
6945.249999999999	2.979435744989041e-17	6.64624815653393e-18
6945.499999999998	3.2907005007702954e-17	6.794818893535192e-18
6945.749999999999	3.424255097239637e-17	6.935556230135577e-18
6946.0	3.183813876377418e-17	6.879597875286671e-18
6946.249999999999	2.698733162172029e-17	6.6893732177693825e-18
6946.499999999998	2.716266413307948e-17	6.803498086112405e-18
6946.749999999999	2.765847453788254e-17	7.071380113897397e-18
6946.999999999998	2.417850584853725e-17	7.394425575962631e-18
6947.249999999999	2.2038510194523762e-17	7.735812113750004e-18
6947.499999999999	2.5222548402283305e-17	8.727925923001205e-18
6947.749999999999	2.6320428833377986e-17	9.811238876328214e-18
6947.999999999999	2.6323444733891355e-17	1.0943708691917413e-17
6948.249999999999	3.080134727527777e-17	1.200709486428802e-17
6948.499999999999	3.060440880631869e-17	1.2377225101180998e-17
6948.749999999999	3.458932162879085e-17	1.263993766372784e-17
6948.999999999999	2.330744165012706e-17	1.188942759497174e-17
6949.249999999999	1.864729963926664e-17	1.0998913071637977e-17
6949.499999999999	1.3387202702940895e-17	9.615445225336913e-18
6949.749999999999	4.136325338467847e-18	8.02534352611704e-18
6949.999999999999	1.9169187740061045e-17	7.714367456369566e-18
6950.249999999999	2.8345841774579403e-17	7.40575877753522e-18
6950.499999999999	2.5230840060743536e-17	7.248228020138784e-18
6950.749999999999	2.7404791478902326e-17	7.106036500021531e-18
6950.999999999999	2.865173316510151e-17	7.048196722869373e-18
6951.249999999999	2.7780387725283054e-17	6.9651643329813e-18
6951.499999999999	2.576500683055068e-17	6.760306436837642e-18
6951.749999999999	2.5113042924071085e-17	6.631830812047437e-18
6951.999999999999	2.7145675497658865e-17	6.766037557711716e-18
6952.249999999998	2.7347209782101285e-17	6.786901120711835e-18
6952.499999999999	2.3156965916175088e-17	6.504917731434345e-18
6952.75	2.262685729445313e-17	6.414671085833891e-18
6952.999999999999	2.9630443339706905e-17	6.709941890881126e-18
6953.249999999998	3.3152872864255765e-17	6.8209168554515465e-18
6953.499999999999	3.01154557287937e-17	6.6492024320916635e-18
6953.75	2.8575347998615916e-17	6.625289467763368e-18
6953.999999999999	2.919734480586394e-17	6.774314740511228e-18
6954.249999999998	2.815247672586656e-17	6.766513186563934e-18
6954.499999999999	2.5781121963244438e-17	6.601789680151043e-18
6954.749999999999	2.831634120521331e-17	6.6913208145216386e-18
6954.999999999999	3.472755674403826e-17	6.991385131218618e-18
6955.249999999999	3.457574594057763e-17	7.001418832048887e-18
6955.499999999999	2.979896980898601e-17	6.815523637857701e-18
6955.749999999999	2.946956994545514e-17	6.835312279651807e-18
6955.999999999999	3.228877021788082e-17	6.966960142091153e-18
6956.249999999999	3.01536946341508e-17	6.873293931838404e-18
6956.499999999999	2.553935361380744e-17	6.678563207934233e-18
6956.749999999999	2.5520742050024996e-17	6.65588067476711e-18
6956.999999999999	2.6832182317307393e-17	6.69769754986381e-18
6957.249999999999	2.6048968008672784e-17	6.7157714462480935e-18
6957.499999999999	2.5490662454230118e-17	6.731970537774026e-18
6957.749999999999	2.5923210085785122e-17	6.671562778410197e-18
6957.999999999999	2.6075254154178494e-17	6.600759840288414e-18
6958.249999999999	2.944974077181102e-17	6.7300436205370835e-18
6958.499999999999	3.3325518692985383e-17	6.8796810069382324e-18
6958.749999999999	3.051728352675971e-17	6.71817440592756e-18
6958.999999999999	2.7424862189285313e-17	6.546222168141568e-18
6959.249999999999	2.4725781776692134e-17	6.4566314767668685e-18
6959.5	2.2133928786904204e-17	6.384606379290039e-18
6959.749999999999	2.481737217719768e-17	6.544420155177121e-18
6959.999999999998	2.685966622034008e-17	6.676917532105559e-18
6960.249999999999	2.5847407254450762e-17	6.643093289677653e-18
6960.5	2.468904503132743e-17	6.598403616313557e-18
6960.749999999999	2.2742899153865743e-17	6.470267549164805e-18
6960.999999999998	2.2066498677730107e-17	6.4031352250112265e-18
6961.249999999999	2.5564170686545255e-17	6.5457262733643425e-18
6961.499999999999	2.712834606382588e-17	6.613040990842989e-18
6961.749999999999	2.439479868946884e-17	6.4820710029156305e-18
6961.999999999999	2.3928473964780846e-17	6.463356868737231e-18
6962.249999999999	2.862252045458859e-17	6.658743960457463e-18
6962.499999999999	2.9325028405217626e-17	6.697080059536539e-18
6962.749999999999	2.3829746649950192e-17	6.487623866367699e-18
6962.999999999999	2.2557488273923207e-17	6.45471076338452e-18
6963.249999999999	2.7038133746220846e-17	6.6461526171731805e-18
6963.499999999999	2.7891464846659125e-17	6.644025935818307e-18
6963.749999999999	2.4122846519479782e-17	6.438682071064774e-18
6963.999999999999	2.5424904904254602e-17	6.5106782172201645e-18
6964.249999999999	3.1364435588022215e-17	6.800114917407063e-18
6964.499999999999	3.232756167988711e-17	6.855666299394593e-18
6964.749999999999	2.956283952260417e-17	6.758468027926243e-18
6964.999999999999	2.9533391892797283e-17	6.807461935607759e-18
6965.249999999999	3.10327593234456e-17	6.92649984319904e-18
6965.499999999999	2.9421758906049577e-17	6.921831649412097e-18
6965.749999999999	2.7231149724715194e-17	6.854069427222059e-18
6965.999999999999	2.6289972043223784e-17	6.772612402810594e-18
6966.249999999999	2.6146280844655972e-17	6.684468450327249e-18
6966.499999999999	2.5383102504818623e-17	6.597044558567132e-18
6966.749999999998	2.3869295809397578e-17	6.506716435676342e-18
6966.999999999999	2.575884102626471e-17	6.586133632697252e-18
6967.25	2.82264928470778e-17	6.690964299677628e-18
6967.499999999999	2.706863024104445e-17	6.615376121712226e-18
6967.749999999998	2.500851872750766e-17	6.525812727297741e-18
6967.999999999999	2.7881813303271856e-17	6.835052131349159e-18
6968.249999999998	2.9024255608325994e-17	7.133804953184936e-18
6968.499999999999	2.6109173522376843e-17	7.174621353330753e-18
6968.749999999999	2.095292828477652e-17	7.281196130632697e-18
6968.999999999999	2.6659789605845216e-17	7.97043527705577e-18
6969.249999999999	3.23406675295124e-17	8.529724349246761e-18
6969.499999999999	3.052586304407311e-17	8.53630457101962e-18
6969.749999999999	3.030444995514981e-17	8.489231376720453e-18
6969.999999999999	2.7258016551010917e-17	8.199706581798317e-18
6970.249999999999	2.7608334157872024e-17	7.860660137963857e-18
6970.499999999999	2.9314854083683223e-17	7.438289309485093e-18
6970.749999999999	2.5456155787796856e-17	7.059648211269557e-18
6970.999999999999	2.564435922948737e-17	6.852000234919758e-18
6971.249999999999	2.4683886733027548e-17	6.6728378773244475e-18
6971.499999999999	2.3095291329703134e-17	6.548650770420024e-18
6971.749999999999	2.2291084831483154e-17	6.428496582592102e-18
6971.999999999999	2.2750448004135902e-17	6.315339101975461e-18
6972.249999999999	2.423983301915193e-17	6.3595167505403865e-18
6972.499999999999	2.6921678296501955e-17	6.59251739907463e-18
6972.749999999999	2.9119728794626865e-17	6.659049603693801e-18
6972.999999999999	3.028736702113937e-17	6.57042878158732e-18
6973.249999999999	3.2606248754423573e-17	6.670410929407217e-18
6973.499999999998	3.5725275529120123e-17	6.9088105857995936e-18
6973.749999999999	3.1661274313920544e-17	6.748023218331536e-18
6974.0	2.30035239125465e-17	6.323029400130366e-18
6974.249999999999	2.1320108795605133e-17	6.192299294580648e-18
6974.499999999998	2.3063562335766825e-17	6.211120548648373e-18
6974.749999999999	2.4454656787315628e-17	6.338464590360606e-18
6975.0	2.5578651310348608e-17	6.500426140708182e-18
6975.249999999999	2.463969047289884e-17	6.490144285694148e-18
6975.499999999998	2.3299682695981312e-17	6.4362567775087686e-18
6975.749999999999	2.658426967028035e-17	6.6350212476700544e-18
6975.999999999999	2.963930409842857e-17	6.871482406296913e-18
6976.249999999999	2.9944768663754605e-17	7.02880760931113e-18
6976.499999999999	2.8062744173016805e-17	7.177402334550156e-18
6976.749999999999	3.220026850978255e-17	7.79724764502493e-18
6976.999999999999	3.422597096419836e-17	8.401359980248944e-18
6977.249999999999	3.264071571618743e-17	9.08117836667565e-18
6977.499999999999	2.9893132741196595e-17	9.710801779171413e-18
6977.749999999999	2.5292236714529672e-17	9.981899471587705e-18
6977.999999999999	2.505211280015043e-17	1.0215305852212405e-17
6978.249999999999	2.3006946785921245e-17	1.0108693851782896e-17
6978.499999999999	2.744027752718085e-17	9.87942668294341e-18
6978.749999999999	2.5816528602184158e-17	8.942949041692526e-18
6978.999999999999	2.5631580943384652e-17	8.024661102111683e-18
6979.249999999999	2.6743205807537514e-17	7.453382874122348e-18
6979.499999999999	2.2925823528886945e-17	6.943396247981355e-18
6979.749999999999	1.8134308693140853e-17	6.67393058291363e-18
6979.999999999999	2.1033242559171743e-17	6.4847154993339626e-18
6980.249999999999	2.4966416888689935e-17	6.484607965854331e-18
6980.499999999999	2.6996146058327654e-17	6.487222683770611e-18
6980.75	2.7381731337785573e-17	6.482300131945308e-18
6980.999999999999	2.8189064578721e-17	6.503106205892854e-18
6981.249999999998	3.002389676115143e-17	6.556889489321052e-18
6981.499999999999	2.8276603448586265e-17	6.5096835325335694e-18
6981.75	2.2770040604124833e-17	6.3404684353945154e-18
6981.999999999999	2.2234695929125414e-17	6.340903118806412e-18
6982.249999999998	2.5539396627199292e-17	6.4760160408317424e-18
6982.499999999999	2.35755904436596e-17	6.418040606059126e-18
6982.749999999999	1.87714958451578e-17	6.232706653913557e-18
6982.999999999999	2.2557360888108874e-17	6.402310112350205e-18
6983.249999999999	3.070080512618317e-17	6.7478668811957635e-18
6983.499999999999	2.9568659565394094e-17	6.680223359423627e-18
6983.749999999999	2.3916916597262255e-17	6.433798396728261e-18
6983.999999999999	2.3136678484471612e-17	6.4319087026188836e-18
6984.249999999999	2.414093530511509e-17	6.509406427028364e-18
6984.499999999999	2.4078757792830705e-17	6.394236002391075e-18
6984.749999999999	2.3433300489049452e-17	6.227243953148257e-18
6984.999999999999	2.5738421245663226e-17	6.379790533763755e-18
6985.249999999999	2.786186501561953e-17	6.5701454722275204e-18
6985.499999999999	2.850463067368753e-17	6.72849224329824e-18
6985.749999999999	2.902026859777349e-17	6.882303996660638e-18
6985.999999999999	2.2557575955068138e-17	6.551565341308354e-18
6986.249999999999	1.6816113668976348e-17	6.204874921433292e-18
6986.499999999999	2.1119588634593703e-17	6.4313896467845065e-18
6986.749999999999	2.442475586253306e-17	6.596075930069833e-18
6986.999999999999	1.7486182904703503e-17	6.212957716788854e-18
6987.249999999999	1.3760922903692352e-17	5.956290603748856e-18
6987.499999999999	2.6173387553329335e-17	6.5501669924828334e-18
6987.749999999999	3.4496713796131864e-17	6.932730581163096e-18
6987.999999999998	2.8887486257124026e-17	6.644752200396128e-18
6988.249999999999	2.5717821139688205e-17	6.462785700524263e-18
6988.5	2.922125363428917e-17	6.621243313797065e-18
6988.749999999999	3.004812984437678e-17	6.644657901806297e-18
6988.999999999998	2.4382877362480727e-17	6.367224419488156e-18
6989.249999999999	2.4596696933380784e-17	6.3552298870158305e-18
6989.499999999998	3.4946762915087266e-17	6.798030422263429e-18
6989.749999999999	3.746297023785722e-17	6.8961940135066285e-18
6989.999999999999	2.9209428260252115e-17	6.5482690265673305e-18
6990.249999999999	2.4524237566082364e-17	6.3436154440349734e-18
6990.499999999999	2.2634914033619396e-17	6.3130502932205265e-18
6990.749999999999	2.2991832541768676e-17	6.3912217562389315e-18
6990.999999999999	2.5874379959864892e-17	6.5565701976046064e-18
6991.249999999999	2.5957963252040925e-17	6.526467440752577e-18
6991.499999999999	2.3384554735551703e-17	6.352123823815694e-18
6991.749999999999	2.0202589442407218e-17	6.199153726726569e-18
6991.999999999999	1.6783502900507057e-17	6.056874111874079e-18
6992.249999999999	1.716955636419168e-17	6.080907430981501e-18
6992.499999999999	1.9475591982562938e-17	6.1850440934279454e-18
6992.749999999999	2.139897219520594e-17	6.237395527215814e-18
6992.999999999999	2.2809268817494548e-17	6.278430716633651e-18
6993.249999999999	2.096493894727079e-17	6.2228830569588774e-18
6993.499999999999	1.881687497356246e-17	6.146574404679942e-18
6993.749999999999	1.8698670864028632e-17	6.137833587147094e-18
6993.999999999999	1.8810839863813273e-17	6.1504315478762765e-18
6994.249999999999	2.1472791447431396e-17	6.170082050508086e-18
6994.499999999999	2.425875063976102e-17	6.192772028300722e-18
6994.749999999998	2.793083202637175e-17	6.469491240159924e-18
6994.999999999999	3.155018395765467e-17	6.727044263635966e-18
6995.25	2.9201970399849337e-17	6.686252678908526e-18
6995.499999999999	2.678220406469694e-17	6.650295137680846e-18
6995.749999999998	2.674048603768344e-17	6.679834170945421e-18
6995.999999999999	2.6151857696345805e-17	6.678621110577112e-18
6996.249999999998	2.335825204643374e-17	6.466351676144979e-18
6996.499999999999	2.0988055336669196e-17	6.3001706774927696e-18
6996.749999999998	2.1071828880386117e-17	6.348278674738241e-18
6996.999999999999	2.145125662736419e-17	6.409252225641056e-18
6997.249999999999	2.379252517674653e-17	6.495642141635482e-18
6997.499999999999	2.6078116199097927e-17	6.552720912624091e-18
6997.749999999999	2.7183019393593184e-17	6.543453594631353e-18
6997.999999999999	2.8321989194435824e-17	6.565367263419108e-18
6998.249999999999	3.053858177317172e-17	6.6509899693953906e-18
6998.499999999999	3.131800097715594e-17	6.699469784326205e-18
6998.749999999999	3.104663610540179e-17	6.692000756985157e-18
6998.999999999999	2.9469493844838787e-17	6.6574746518075e-18
6999.249999999999	2.674651618434895e-17	6.5981409864690714e-18
6999.499999999999	2.5213968884969905e-17	6.535068464761903e-18
6999.749999999999	2.435991648303748e-17	6.468122256246149e-18
6999.999999999999	2.394068315062213e-17	6.347959383021796e-18
7000.249999999999	2.252087064256671e-17	6.187227436654779e-18
7000.499999999999	2.1423903418868287e-17	6.167876373404714e-18
7000.749999999999	2.075859378038576e-17	6.23095799409862e-18
7000.999999999999	1.633887843200878e-17	6.0388903781765635e-18
7001.249999999999	9.514615217389149e-18	5.72016238531855e-18
7001.499999999998	9.118624833005926e-18	5.7987015301192346e-18
7001.749999999999	1.1609555170617486e-17	6.0008016061006405e-18
7002.0	1.8127401735026035e-17	6.368527642543233e-18
7002.249999999999	2.5893047771928988e-17	6.7462290635829086e-18
7002.499999999998	2.749689638574888e-17	7.011190316624976e-18
7002.749999999999	2.7285306893780266e-17	7.2601890517963e-18
7003.0	3.466576635228055e-17	7.738504586643864e-18
7003.249999999999	4.3635894894540346e-17	8.205147775867691e-18
7003.499999999998	3.362950095065372e-17	7.88963958354404e-18
7003.749999999999	2.5528107266199168e-17	7.544916199165628e-18
7003.999999999999	1.9937099207363423e-17	7.118340811633257e-18
7004.249999999999	1.6053871697592408e-17	6.696886912863508e-18
7004.499999999999	1.7413938604364347e-17	6.5362835930817434e-18
7004.749999999999	1.8909517547807173e-17	6.443636882933967e-18
7004.999999999999	2.893998244751909e-17	6.748151844916788e-18
7005.249999999999	3.430117160804678e-17	6.856874396679227e-18
7005.499999999999	2.3099739907037444e-17	6.1899203231389455e-18
7005.749999999999	1.6131080735968108e-17	5.7352882099996944e-18
7005.999999999999	2.1067363759439555e-17	6.05404598135976e-18
7006.249999999999	2.3498728821141172e-17	6.2284429514461526e-18
7006.499999999999	2.098506259721298e-17	6.106875525541684e-18
7006.749999999999	2.1109331594998046e-17	6.11216989505233e-18
7006.999999999999	2.5092783616508436e-17	6.315606281313315e-18
7007.249999999999	2.8019843277727355e-17	6.4607256072087e-18
7007.499999999999	2.9628434945179626e-17	6.5232650110110776e-18
7007.749999999999	2.882188421710367e-17	6.477795306329344e-18
7007.999999999999	2.5263832986655827e-17	6.3144759390062616e-18
7008.249999999999	2.2145272741824756e-17	6.1968740169583726e-18
7008.499999999999	2.0021109324735534e-17	6.1169869813495325e-18
7008.749999999999	2.4229236835505127e-17	6.34254507232233e-18
7008.999999999999	3.216407770362213e-17	6.746302682657426e-18
7009.249999999998	3.366189665216375e-17	6.926013874589165e-18
7009.499999999999	3.0082993852834666e-17	6.992251189319961e-18
7009.75	2.910639795187496e-17	7.201757013325555e-18
7009.999999999999	2.861295824670748e-17	7.46378384314459e-18
7010.249999999998	2.620505368153909e-17	7.73744083237612e-18
7010.499999999999	2.2723149389560427e-17	8.010882754648387e-18
7010.749999999998	2.151023460503922e-17	8.204969932035992e-18
7010.999999999999	2.25031507794846e-17	8.378935941023244e-18
7011.249999999999	2.3572462046582924e-17	8.29380664828235e-18
7011.499999999999	2.7745340082729182e-17	8.171808261278741e-18
7011.749999999999	2.785627327467867e-17	7.712542695938274e-18
7011.999999999999	2.7594004080940156e-17	7.203767062214058e-18
7012.249999999999	1.9584260353995254e-17	6.784532489027789e-18
7012.499999999999	1.5802051449351665e-17	6.377696526043077e-18
7012.749999999999	2.4456120896999847e-17	6.633359441819435e-18
7012.999999999999	3.1685279095296833e-17	6.8487659587246756e-18
7013.249999999999	3.220706131697283e-17	6.781290768207194e-18
7013.499999999999	3.122351709886768e-17	6.6850648475489e-18
7013.749999999999	2.7250830005849056e-17	6.442472626221798e-18
7013.999999999999	2.4274328105056618e-17	6.2534589611212875e-18
7014.249999999999	2.5846947342030183e-17	6.295102541879657e-18
7014.499999999999	2.6959806359656975e-17	6.306554030279841e-18
7014.749999999999	2.5204173412156052e-17	6.264815737341334e-18
7014.999999999999	2.3496159598158582e-17	6.212269916109516e-18
7015.249999999999	2.1486590474410006e-17	6.153411879623305e-18
7015.499999999999	2.0879077599687785e-17	6.117062668375581e-18
7015.749999999999	2.2530358404192693e-17	6.101846267417362e-18
7015.999999999998	2.5044173520631145e-17	6.188794943915567e-18
7016.249999999999	2.829787522521868e-17	6.39544285890479e-18
7016.5	3.0082169980944563e-17	6.490641007651986e-18
7016.749999999999	3.077504954924348e-17	6.485867761927249e-18
7016.999999999998	2.6641484098889418e-17	6.305872847045404e-18
7017.249999999999	1.9334746285302308e-17	5.973435162714936e-18
7017.5	2.1945372966272742e-17	6.087105495311361e-18
7017.749999999999	3.0495713965106774e-17	6.4612607930650215e-18
7017.999999999999	2.9272906100459434e-17	6.452212264344304e-18
7018.249999999999	2.342258850011689e-17	6.257886031759671e-18
7018.499999999999	2.1811698924922947e-17	6.186651305358136e-18
7018.749999999999	2.1716703849016132e-17	6.1592786581178375e-18
7018.999999999999	2.3065137287653126e-17	6.242041800716524e-18
7019.249999999999	2.4378936674042524e-17	6.353603236341245e-18
7019.499999999999	2.827494577863871e-17	6.536851038981955e-18
7019.749999999999	3.255348455751004e-17	6.728787960367228e-18
7019.999999999999	2.9318635953443816e-17	6.5719255649057346e-18
7020.249999999999	2.584572476908483e-17	6.379446426628933e-18
7020.499999999999	2.0223260685914918e-17	6.07208141384556e-18
7020.749999999999	1.433888971411479e-17	5.760148296129363e-18
7020.999999999999	1.8871038760072432e-17	6.062559324224156e-18
7021.249999999999	2.323319722706675e-17	6.322638557290935e-18
7021.499999999999	2.1508515723726336e-17	6.225582147297638e-18
7021.749999999998	2.0998292523930153e-17	6.162256921913335e-18
7021.999999999999	2.6079577000059696e-17	6.3164098872784106e-18
7022.249999999999	2.989021444799551e-17	6.4503643428558604e-18
7022.499999999999	2.945140175048103e-17	6.483636442224887e-18
7022.749999999998	2.85656931465062e-17	6.4963597208168715e-18
7022.999999999999	2.6642092903820257e-17	6.454032475282227e-18
7023.25	2.613851692742655e-17	6.428514366975272e-18
7023.499999999999	2.899209813483238e-17	6.448252964342319e-18
7023.749999999998	3.06303061769365e-17	6.470483029714375e-18
7023.999999999999	2.983599441320388e-17	6.490670372563732e-18
7024.25	2.704248967932655e-17	6.4124372845896916e-18
7024.499999999999	2.214345956192204e-17	6.187873051122877e-18
7024.749999999998	2.239756613737588e-17	6.225867524608969e-18
7024.999999999999	2.8730874497388137e-17	6.545071559909507e-18
7025.249999999999	3.1133278311483046e-17	6.67038280526639e-18
7025.499999999999	3.060285039804464e-17	6.639918984076981e-18
7025.749999999999	2.7309855959999615e-17	6.4509297208045404e-18
7025.999999999999	2.2263357737350377e-17	6.129745001527244e-18
7026.249999999999	2.4164481828432026e-17	6.200434615905107e-18
7026.499999999999	2.986234177007492e-17	6.472933138688757e-18
7026.749999999999	3.087530714820736e-17	6.529320800275578e-18
7026.999999999999	2.9860995120037685e-17	6.499831811438063e-18
7027.249999999999	2.7156951623769188e-17	6.4205337284253606e-18
7027.499999999999	2.369907692858519e-17	6.325704915821669e-18
7027.749999999999	2.3939217386576685e-17	6.3323293917573e-18
7027.999999999999	2.5560097649209044e-17	6.360570578640779e-18
7028.249999999999	2.9239071104683565e-17	6.545676228937283e-18
7028.499999999999	3.260211616008326e-17	6.747845374499837e-18
7028.749999999999	3.3818177539654616e-17	6.824952669660193e-18
7028.999999999999	3.530796952753202e-17	6.895204705494015e-18
7029.249999999999	2.7716411922346978e-17	6.558998386292756e-18
7029.499999999998	2.0912012622957196e-17	6.233284853161732e-18
7029.749999999999	2.1244779111581154e-17	6.2889123357656166e-18
7029.999999999999	2.1861457147490462e-17	6.3236506127703935e-18
7030.249999999999	2.1865295265532708e-17	6.1946633767713246e-18
7030.499999999998	2.1640467575040795e-17	6.089035721270753e-18
7030.749999999999	2.1470280127091685e-17	6.0974812353249196e-18
7031.0	2.2116341272720102e-17	6.1616220607932e-18
7031.249999999999	2.6478870316628843e-17	6.389465238208175e-18
7031.499999999998	2.947421539177524e-17	6.53642834968894e-18
7031.749999999999	2.893685901352609e-17	6.502053204973074e-18
7032.0	2.7232600599509612e-17	6.412886857252614e-18
7032.249999999999	2.3327851504561193e-17	6.211039484948343e-18
7032.499999999999	2.1556813145332082e-17	6.1241127287363706e-18
7032.749999999999	2.2363388688826414e-17	6.20500396160885e-18
7032.999999999999	2.3594034916958307e-17	6.291241676370566e-18
7033.249999999999	2.577287000945361e-17	6.375041276276782e-18
7033.499999999999	2.6539960913588335e-17	6.400950227423168e-18
7033.749999999999	2.6343354971235506e-17	6.369810599673303e-18
7033.999999999999	2.1747986165421663e-17	6.176943100098907e-18
7034.249999999999	1.4587836336907525e-17	5.8429180561729504e-18
7034.499999999999	1.6340640326713517e-17	5.907205292609653e-18
7034.749999999999	2.3121800813974233e-17	6.1885757410532406e-18
7034.999999999999	2.568960600899402e-17	6.303369384921512e-18
7035.249999999999	2.671662353137251e-17	6.347401863288935e-18
7035.499999999999	2.7590303274879593e-17	6.426761157666966e-18
7035.749999999999	2.8502139205682523e-17	6.517228660490972e-18
7035.999999999999	2.8534134551776074e-17	6.551100052213793e-18
7036.249999999998	2.875247714626557e-17	6.574370297206135e-18
7036.499999999999	2.1870678556959203e-17	6.193143018805452e-18
7036.749999999999	1.4363801085442438e-17	5.725605233749149e-18
7036.999999999999	2.261098204413701e-17	6.154773005321261e-18
7037.249999999998	3.168960028681681e-17	6.618276216939837e-18
7037.499999999999	2.984855432362489e-17	6.514697074226253e-18
7037.75	2.787845164126244e-17	6.415693894661313e-18
7037.999999999999	2.740267389653419e-17	6.445796651513343e-18
7038.249999999998	2.736217347938237e-17	6.4837671367616705e-18
7038.499999999999	3.0359867747468416e-17	6.583041217977222e-18
7038.75	3.288756295458551e-17	6.662544028191531e-18
7038.999999999999	3.1894340723313485e-17	6.647209340405717e-18
7039.249999999999	3.1983113746652676e-17	6.683424134803901e-18
7039.499999999999	3.496556638477182e-17	6.876617129949336e-18
7039.749999999999	3.5176980514450574e-17	6.935094249763466e-18
7039.999999999999	2.9189483281322236e-17	6.675321487113638e-18
7040.249999999999	2.4342208200483944e-17	6.5524644866341995e-18
7040.499999999999	2.2585488337658127e-17	6.707255208251554e-18
7040.749999999999	2.0990679153572215e-17	6.780501224312512e-18
7040.999999999999	1.9038716542043056e-17	6.732723272131449e-18
7041.249999999999	1.9366256903556903e-17	6.660253151485066e-18
7041.499999999999	2.2058483297594468e-17	6.5474521857124344e-18
7041.749999999999	2.3823436916237638e-17	6.475331962465161e-18
7041.999999999999	2.3674928217782317e-17	6.4328599603233195e-18
7042.249999999999	2.3118088427385095e-17	6.372461713536535e-18
7042.499999999999	2.22110716508309e-17	6.298105207503225e-18
7042.749999999999	2.223585729070544e-17	6.246673598556515e-18
7042.999999999998	2.2406251533807687e-17	6.205821216054052e-18
7043.249999999999	2.2921657847322128e-17	6.23421584494116e-18
7043.499999999999	2.3965533310584447e-17	6.2955579048068676e-18
7043.749999999999	2.7165057993772207e-17	6.488017190748968e-18
7043.999999999998	3.098808164420039e-17	6.715223439092277e-18
7044.249999999999	2.89315485139935e-17	6.614747878036992e-18
7044.5	2.5439567507792717e-17	6.436467294974663e-18
7044.749999999999	2.9943527892835776e-17	6.671351847353996e-18
7044.999999999998	3.5769751376295874e-17	6.953990777266934e-18
7045.249999999999	3.133880291520042e-17	6.851964252563112e-18
7045.5	2.5938188672317232e-17	6.719315915172883e-18
7045.749999999999	2.2723870691054573e-17	6.671224461539663e-18
7045.999999999998	2.0542286050203145e-17	6.652671627580711e-18
7046.249999999999	2.8583580100072044e-17	7.032955920083083e-18
7046.499999999999	3.452366334048884e-17	7.351656202390577e-18
7046.749999999999	2.82132281787749e-17	7.29961992441609e-18
7046.999999999999	2.1434312659696654e-17	7.273548845869644e-18
7047.249999999999	2.0381895729429113e-17	7.394485960147347e-18
7047.499999999999	2.1022820083453575e-17	7.46172664496117e-18
7047.749999999999	1.854032533372883e-17	7.322145706857135e-18
7047.999999999999	1.9346765219602704e-17	7.278661649235835e-18
7048.249999999999	2.646361545177214e-17	7.492903082248294e-18
7048.499999999999	2.6181737114432445e-17	7.444179662627083e-18
7048.749999999999	1.7522251288133266e-17	6.886116885694201e-18
7048.999999999999	1.490286972755957e-17	6.583231883108416e-18
7049.249999999999	2.000896465898203e-17	6.714199803084243e-18
7049.499999999999	2.1226258537666092e-17	6.710025022532688e-18
7049.749999999999	1.892473105363325e-17	6.555571377014949e-18
7049.999999999999	1.921325992309787e-17	6.485047198759596e-18
7050.249999999999	2.2755589758823532e-17	6.489657489903661e-18
7050.499999999999	2.4060946939881214e-17	6.5116356787791946e-18
7050.749999999998	2.336119680941443e-17	6.5456125360301165e-18
7050.999999999999	2.3057004447870504e-17	6.555088303537218e-18
7051.249999999999	2.28276107203973e-17	6.556486238772432e-18
7051.499999999999	2.1441160060807368e-17	6.521044858246985e-18
7051.749999999998	1.9971288236441465e-17	6.467619744024023e-18
7051.999999999999	2.1436833906203716e-17	6.500998136101763e-18
7052.25	2.3097724895065265e-17	6.564049978293617e-18
7052.499999999999	1.9783506656863352e-17	6.427115190969139e-18
7052.749999999998	1.5767121266444775e-17	6.258349252902701e-18
7052.999999999999	1.852157149488103e-17	6.362822991448761e-18
7053.25	2.1926908640639333e-17	6.494749613754537e-18
7053.499999999999	2.4158921520354445e-17	6.519596878584711e-18
7053.749999999999	2.6457701110392386e-17	6.5370648651703e-18
7053.999999999999	2.840814170959445e-17	6.6468457945265e-18
7054.249999999999	2.9984675165226613e-17	6.741264325546365e-18
7054.499999999999	2.5493962904874204e-17	6.5680320257624475e-18
7054.749999999999	2.1124248970164827e-17	6.4094652246487885e-18
7054.999999999999	2.2282025549414473e-17	6.334861805202631e-18
7055.249999999999	2.421257410924586e-17	6.327094165660452e-18
7055.499999999999	2.8202686589048526e-17	6.596307954231654e-18
7055.749999999999	2.955658272845082e-17	6.706979757107574e-18
7055.999999999999	2.2964444591687046e-17	6.340082142048453e-18
7056.249999999999	1.8656317562304692e-17	6.098436628932418e-18
7056.499999999999	2.1132224645631063e-17	6.210709853474241e-18
7056.749999999999	2.4740915873179404e-17	6.342090950166038e-18
7056.999999999999	2.958805198767479e-17	6.500742537292484e-18
7057.249999999999	3.151834743023873e-17	6.557392415133484e-18
7057.499999999998	2.945033634185206e-17	6.490125260540059e-18
7057.749999999999	2.753478456652626e-17	6.415953215783348e-18
7057.999999999999	2.5840219054927677e-17	6.344204396631111e-18
7058.249999999999	2.414161524757861e-17	6.284267716626131e-18
7058.499999999998	2.1838218335361397e-17	6.239489948526798e-18
7058.749999999999	2.256855098743549e-17	6.259446507985253e-18
7059.0	2.5569348837179837e-17	6.3173185451813e-18
7059.249999999999	2.447229558669771e-17	6.278906345485869e-18
7059.499999999998	2.1325323342186667e-17	6.19474609483258e-18
7059.749999999999	2.309912613902293e-17	6.306468417086442e-18
7060.0	2.6090429609696392e-17	6.491126562671555e-18
7060.249999999999	2.625350495873877e-17	6.503526413644031e-18
7060.499999999999	2.5839287649557942e-17	6.470782469096119e-18
7060.749999999999	1.747607972070178e-17	6.0008913551971025e-18
7060.999999999999	7.150382479841111e-18	5.4051550508557995e-18
7061.249999999999	1.3619074663529309e-17	5.8647407350933244e-18
7061.499999999999	2.2013258024783743e-17	6.391332598441014e-18
7061.749999999999	2.3310732174603795e-17	6.451973209147276e-18
7061.999999999999	2.4755336939978654e-17	6.4946979149662525e-18
7062.249999999999	1.917950599102203e-17	6.322961571320137e-18
7062.499999999999	1.6024126282765e-17	6.190052672036954e-18
7062.749999999999	2.544875086695328e-17	6.532213450877676e-18
7062.999999999999	3.236577411546461e-17	6.806839895787119e-18
7063.249999999999	2.9413315046356635e-17	6.7787641450261505e-18
7063.499999999999	2.6440942431182062e-17	6.7230675928411175e-18
7063.749999999999	2.353457552016677e-17	6.559419007634239e-18
7063.999999999999	2.3765219944726156e-17	6.498112102944565e-18
7064.249999999998	3.0658291351420397e-17	6.710595363565043e-18
7064.499999999999	3.1712135995425205e-17	6.697811700788342e-18
7064.749999999999	2.1896433652511654e-17	6.221946274915161e-18
7064.999999999999	1.8830887413139108e-17	6.1122559218360355e-18
7065.249999999998	2.5799424161477786e-17	6.589611927173037e-18
7065.499999999999	2.795504194853995e-17	6.772664928779491e-18
7065.75	2.5183280484244188e-17	6.626747373592993e-18
7065.999999999999	2.506303158423613e-17	6.606127415283271e-18
7066.249999999998	2.7479667867950626e-17	6.703831921286503e-18
7066.499999999999	2.7198406607347895e-17	6.7578703899336736e-18
7066.75	2.5967131721950463e-17	6.779249286455413e-18
7066.999999999999	2.382068405915906e-17	6.6199727643761835e-18
7067.249999999998	2.1253320578586377e-17	6.347473828002227e-18
7067.499999999999	2.295984546748125e-17	6.351240394921487e-18
7067.749999999999	2.6886081406021348e-17	6.474714058547584e-18
7067.999999999999	2.878938925392014e-17	6.545347011053487e-18
7068.249999999999	2.9160141530633755e-17	6.59593737731723e-18
7068.499999999999	2.748557890060793e-17	6.510547522683381e-18
7068.749999999999	2.521929427375352e-17	6.3916733968533855e-18
7068.999999999999	2.899724319824246e-17	6.648351676831653e-18
7069.249999999999	3.356040820844839e-17	6.944313591280676e-18
7069.499999999999	2.8319196632687845e-17	6.805477529318244e-18
7069.749999999999	2.271253004485647e-17	6.63249255653748e-18
7069.999999999999	2.839287526420917e-17	6.8451536609896565e-18
7070.249999999999	3.4410157616834316e-17	7.031152666347718e-18
7070.499999999999	3.241056759999558e-17	6.851027056929089e-18
7070.749999999999	3.100929055510625e-17	6.68778958048665e-18
7070.999999999999	3.169508945736171e-17	6.666236148855662e-18
7071.249999999999	3.2136340683322e-17	6.6546080573946975e-18
7071.499999999999	3.256395335534251e-17	6.697330281671836e-18
7071.749999999999	3.070371349321691e-17	6.6434721383982024e-18
7071.999999999998	2.444828087915407e-17	6.29936086767308e-18
7072.249999999999	2.0097214904174088e-17	6.087533561278357e-18
7072.5	2.0680620427124063e-17	6.222144798262174e-18
7072.749999999999	2.1775039934535822e-17	6.332493173518585e-18
7072.999999999998	2.346220714273573e-17	6.4000750703350866e-18
7073.249999999999	2.36200497472231e-17	6.4265059724479935e-18
7073.5	2.1089320441619163e-17	6.399115127234219e-18
7073.749999999999	2.2137942267236312e-17	6.479578294139702e-18
7073.999999999998	2.6296567981428282e-17	6.668016655124182e-18
7074.249999999999	2.0261248128365803e-17	6.2714989431004565e-18
7074.5	5.972059974946567e-18	5.29321807523298e-18
7074.749999999999	9.684328690847266e-18	5.5026916391946834e-18
7074.999999999999	2.5393928644675717e-17	6.413128807581786e-18
7075.249999999999	2.5833283972672032e-17	6.4061713914496024e-18
7075.499999999999	1.894518888454291e-17	5.963774520340929e-18
7075.749999999999	1.8584268476590098e-17	5.964516914940696e-18
7075.999999999999	2.1602083085895884e-17	6.134015321439549e-18
7076.249999999999	2.0528814586747106e-17	6.156280955577945e-18
7076.499999999999	1.8192988885795364e-17	6.14695780289386e-18
7076.749999999999	2.1035699285591026e-17	6.3154602839352e-18
7076.999999999999	2.525764898439638e-17	6.508445656746884e-18
7077.249999999999	2.4895001423324557e-17	6.574088642207561e-18
7077.499999999999	2.5079868018424033e-17	6.629568473072105e-18
7077.749999999999	2.2325196105583616e-17	6.546874400054566e-18
7077.999999999999	2.053377932478365e-17	6.461925846277514e-18
7078.249999999999	2.349614636326878e-17	6.520695788028488e-18
7078.499999999999	2.5556022957511608e-17	6.562080047664822e-18
7078.749999999998	2.140685522644357e-17	6.34252728793916e-18
7078.999999999999	1.9161751386354193e-17	6.1804941864685975e-18
7079.249999999999	2.398072034663092e-17	6.315861052941982e-18
7079.499999999999	2.7301718157133318e-17	6.418757358059903e-18
7079.749999999998	2.73337813320371e-17	6.4108098067344935e-18
7079.999999999999	2.8177536989704464e-17	6.415556996269935e-18
7080.25	2.921370312965779e-17	6.4536743060769914e-18
7080.499999999999	2.935569364488619e-17	6.512591072386693e-18
7080.749999999998	2.939060397545838e-17	6.598168283429286e-18
7080.999999999999	2.8485162150790485e-17	6.639685719144241e-18
7081.25	2.531011705065062e-17	6.620954214172978e-18
7081.499999999999	2.2779144553946592e-17	6.668529093513659e-18
7081.749999999999	2.2415224789092662e-17	6.790793832674509e-18
7081.999999999999	2.1913175788109728e-17	6.861795707733611e-18
7082.249999999999	2.2064639175713087e-17	6.888547142333882e-18
7082.499999999999	2.0587607275964925e-17	6.751027951906635e-18
7082.749999999999	1.833613083643644e-17	6.506601457571197e-18
7082.999999999999	1.9896056159729767e-17	6.4303424361290144e-18
7083.249999999999	2.3695041941557157e-17	6.44587357931031e-18
7083.499999999999	2.9547592929553594e-17	6.5381385456053936e-18
7083.749999999999	3.522202215316531e-17	6.656666496349036e-18
7083.999999999999	3.278402310295102e-17	6.5220697350259385e-18
7084.249999999999	2.7976452691515273e-17	6.311265651048943e-18
7084.499999999999	2.7952467762473686e-17	6.332998167282549e-18
7084.749999999999	2.844891178762596e-17	6.398902128226486e-18
7084.999999999999	2.9052316883426243e-17	6.471952516072576e-18
7085.249999999999	2.9817005655062115e-17	6.531966123874523e-18
7085.499999999998	2.6226838310151286e-17	6.341408526160682e-18
7085.749999999999	2.2122581523261202e-17	6.145388641271847e-18
7085.999999999999	2.3312824941553554e-17	6.296008304650403e-18
7086.249999999999	2.506546845832071e-17	6.429758446616552e-18
7086.499999999998	2.4682826287482255e-17	6.416361429415643e-18
7086.749999999999	2.4421299901933815e-17	6.46654151409556e-18
7087.0	2.9787534864198075e-17	6.83364799225935e-18
7087.249999999999	3.3582123353889133e-17	7.088999888125389e-18
7087.499999999998	3.1062749583734325e-17	6.981936247081425e-18
7087.749999999999	2.736111137947585e-17	6.873915558068738e-18
7088.0	2.1377778173551105e-17	6.763831467018037e-18
7088.249999999999	1.9695360636428476e-17	6.765342312406865e-18
7088.499999999998	2.574592046509663e-17	6.987760425774411e-18
7088.749999999999	3.0013854788515034e-17	7.094626370651974e-18
7088.999999999999	3.05312264831649e-17	7.033410869419988e-18
7089.249999999999	3.04001812218018e-17	6.9337037591537644e-18
7089.499999999999	2.8889944637904534e-17	6.785027556624402e-18
7089.749999999999	2.476720036432389e-17	6.456746454872013e-18
7089.999999999999	1.8259846585985575e-17	5.953429799600341e-18
7090.249999999999	1.96691952592922e-17	5.952876415770543e-18
7090.499999999999	2.6672198969394737e-17	6.297942252922552e-18
7090.749999999999	3.09836016340028e-17	6.486975770357764e-18
7090.999999999999	3.36954868024783e-17	6.603738517674218e-18
7091.249999999999	3.0398516934409343e-17	6.4818844736875e-18
7091.499999999999	2.4654994968592296e-17	6.2611426418312926e-18
7091.749999999999	2.453215533890572e-17	6.269061241835263e-18
7091.999999999999	2.6204034595024425e-17	6.346120146929784e-18
7092.249999999998	2.6522227815616423e-17	6.4164950190845705e-18
7092.499999999999	2.7079348847421913e-17	6.484098009006692e-18
7092.749999999999	2.7156951623769188e-17	6.3871772566338535e-18
7092.999999999999	2.7337872567346786e-17	6.265914233194805e-18
7093.249999999998	2.4921681306801842e-17	6.237594050562827e-18
7093.499999999999	2.3022190070249373e-17	6.208081073487547e-18
7093.75	2.307666983975334e-17	6.140277905857188e-18
7093.999999999999	2.354141795819381e-17	6.092677797507824e-18
7094.249999999998	2.4673970491844263e-17	6.17115573094318e-18
7094.499999999999	2.5515117221859636e-17	6.236481906229249e-18
7094.75	2.656306406809694e-17	6.2742600719851585e-18
7094.999999999999	2.6785555800539004e-17	6.2704802701760975e-18
7095.249999999998	2.429965306669054e-17	6.099828360313039e-18
7095.499999999999	2.312371490991168e-17	5.992995502659978e-18
7095.749999999999	2.3961447038358435e-17	6.037758795098591e-18
7095.999999999999	2.3602717004667663e-17	6.079223291254343e-18
7096.249999999999	2.264947241240033e-17	6.1181160828856674e-18
7096.499999999999	2.270057397628263e-17	6.159552041310286e-18
7096.749999999999	2.3363585707023483e-17	6.200319637799962e-18
7096.999999999999	2.4609629075077438e-17	6.22315933528347e-18
7097.249999999999	2.6854506267678974e-17	6.22354811017137e-18
7097.499999999999	2.3912489526623872e-17	6.093797386466915e-18
7097.749999999999	1.6659180963162787e-17	5.839781387290149e-18
7097.999999999999	2.169349812411157e-17	6.1158562254521725e-18
7098.249999999999	3.516720654833265e-17	6.7075091526996076e-18
7098.499999999999	3.765791685590127e-17	6.7985345888467804e-18
7098.749999999999	3.464404789811736e-17	6.650949851135682e-18
7098.999999999999	3.3244438449342935e-17	6.548473340178631e-18
7099.249999999999	3.259214036189587e-17	6.4623361278613404e-18
7099.499999999999	2.611965720946034e-17	6.146025570343513e-18
7099.749999999999	1.7836401249891105e-17	5.7496071199932936e-18
7099.999999999998	2.2041777557943347e-17	6.030779458680175e-18
7100.249999999999	2.896067519772272e-17	6.407862975802273e-18
7100.499999999999	3.0605206208429193e-17	6.4527606850904266e-18
7100.749999999999	3.1677324926526523e-17	6.4768208875677565e-18
7100.999999999998	3.081329176332303e-17	6.4009154858374405e-18
7101.249999999999	2.992218332430946e-17	6.3221906389892374e-18
7101.5	2.810118491044337e-17	6.250909590473399e-18
7101.749999999999	2.6034434445310227e-17	6.182440956040241e-18
7101.999999999998	2.5938802440331746e-17	6.156620513219398e-18
7102.249999999999	2.6339415937158528e-17	6.145951124088383e-18
7102.5	2.7907710673889666e-17	6.218807951671135e-18
7102.749999999999	2.927413363648846e-17	6.301803532021949e-18
7102.999999999999	3.062543904621224e-17	6.4181866034372414e-18
7103.249999999999	2.907367468684236e-17	6.384074088565861e-18
7103.499999999999	2.1210204616337663e-17	5.946999297518354e-18
7103.749999999999	1.7598290693122815e-17	5.7575344053936955e-18
7103.999999999999	2.3181311495963748e-17	6.05322955409517e-18
7104.249999999999	2.739653125330537e-17	6.2675293033408145e-18
7104.499999999999	2.929935271900398e-17	6.3828965969638916e-18
7104.749999999999	2.5996832469024792e-17	6.235565803700847e-18
7104.999999999999	1.759717730801832e-17	5.784471542041485e-18
7105.249999999999	1.694913589200345e-17	5.771315647989135e-18
7105.499999999999	2.3197901430329112e-17	6.128124554707253e-18
7105.749999999999	2.5560857001011368e-17	6.213779107137119e-18
7105.999999999999	2.451294489635979e-17	6.132965629242219e-18
7106.249999999999	2.801088987477708e-17	6.3234905533218645e-18
7106.499999999999	3.3969624383645725e-17	6.629953525647248e-18
7106.749999999998	3.1403114553465195e-17	6.482138418135554e-18
7106.999999999999	2.5649620098183208e-17	6.178015126172776e-18
7107.249999999999	2.3350152293875622e-17	6.0355651121141e-18
7107.499999999999	2.220653539235166e-17	5.9406850143124304e-18
7107.749999999998	2.3673742040783916e-17	6.084793939089581e-18
7107.999999999999	2.623437557989287e-17	6.261133129254248e-18
7108.25	2.53714243689306e-17	6.181013655893281e-18
7108.499999999999	2.433519536325072e-17	6.0799706489377845e-18
7108.749999999998	2.80758831098666e-17	6.255246912015321e-18
7108.999999999999	3.1405000525261815e-17	6.413994452092823e-18
7109.25	2.692060461606686e-17	6.201579847463187e-18
7109.499999999999	2.342055363581001e-17	6.034229215424827e-18
7109.749999999998	2.6803474186968128e-17	6.229600177123114e-18
7109.999999999999	2.9460239348145544e-17	6.360325733179463e-18
7110.249999999999	2.821878683249126e-17	6.234875521479671e-18
7110.499999999999	2.821447887586108e-17	6.200805192819531e-18
7110.749999999999	3.1377094760116727e-17	6.449255507244733e-18
7110.999999999999	3.2110698084332855e-17	6.529546620582805e-18
7111.249999999999	2.791777580758321e-17	6.271693744134713e-18
7111.499999999999	2.557510766860443e-17	6.135950924072923e-18
7111.749999999999	2.5923512833889316e-17	6.212660345358641e-18
7111.999999999999	2.655476579219181e-17	6.291572962205893e-18
7112.249999999999	2.816682665513313e-17	6.371761091557703e-18
7112.499999999999	2.7364790678840487e-17	6.309619975220269e-18
7112.749999999999	2.458258854085308e-17	6.108024893002827e-18
7112.999999999999	2.613686752928512e-17	6.1427433176729024e-18
7113.249999999999	3.101960053426111e-17	6.359402186025548e-18
7113.499999999998	3.1267721630802515e-17	6.387545765596746e-18
7113.749999999999	2.8546462851625565e-17	6.3057376030152514e-18
7113.999999999999	2.743591001354657e-17	6.230322305797873e-18
7114.249999999999	2.7006272403386528e-17	6.1518104579574024e-18
7114.499999999998	2.3550420991980836e-17	5.976752156971274e-18
7114.749999999999	1.8810300542053888e-17	5.762299379312307e-18
7115.0	2.1604946785176543e-17	5.9614580010354746e-18
7115.249999999999	2.625310625768352e-17	6.243261478529734e-18
7115.499999999998	2.869493846285638e-17	6.343744897800838e-18
7115.749999999999	3.085088546780234e-17	6.431354491608473e-18
7116.0	2.7770547584716123e-17	6.246780304855534e-18
7116.249999999999	2.4376875339956042e-17	6.05298636299508e-18
7116.499999999998	2.6929139465627184e-17	6.28828326490977e-18
7116.749999999999	2.950561516782775e-17	6.477393296551643e-18
7116.999999999999	2.625420475353699e-17	6.231948542882152e-18
7117.249999999999	2.3956619612303576e-17	6.025824233220676e-18
7117.499999999999	2.5375686003446472e-17	6.0805016988910436e-18
7117.749999999999	2.6498365309305493e-17	6.1320325695112596e-18
7117.999999999999	2.648043699670902e-17	6.159691007653195e-18
7118.249999999999	2.5845918329348167e-17	6.146975173686724e-18
7118.499999999999	2.3389875161251644e-17	6.0182733149989856e-18
7118.749999999999	2.099184382387469e-17	5.871104235545695e-18
7118.999999999999	1.731095627246272e-17	5.682678282270403e-18
7119.249999999999	1.9002148541523312e-17	5.776627801882951e-18
7119.499999999999	2.8517150879439135e-17	6.261538034164093e-18
7119.749999999999	3.2415990596091477e-17	6.448093732074402e-18
7119.999999999999	3.041753877977561e-17	6.3263219925586335e-18
7120.249999999999	2.7029264715693052e-17	6.186040018885459e-18
7120.499999999999	2.2809837917755984e-17	6.028470384000233e-18
7120.749999999999	2.009576733810212e-17	5.861076738570021e-18
7120.999999999999	1.8939234838493754e-17	5.6830513407266644e-18
7121.249999999998	1.9442400533303635e-17	5.684906706840621e-18
7121.499999999999	2.0104909338232056e-17	5.7767005937768555e-18
7121.749999999999	2.3193593473698936e-17	5.952271333152461e-18
7121.999999999999	2.6883958860569537e-17	6.154822636158014e-18
7122.249999999998	2.7530400509279728e-17	6.211453902435232e-18
7122.499999999999	2.7610294575923775e-17	6.232640479464553e-18
7122.75	2.548545948817716e-17	6.1692238506225625e-18
7122.999999999999	2.328100992083354e-17	6.093334578914191e-18
7123.249999999998	2.13386889265243e-17	5.975654488298416e-18
7123.499999999999	1.9611208243991006e-17	5.859990236835432e-18
7123.75	2.415995715048136e-17	6.082625071523467e-18
7123.999999999999	2.877769622878109e-17	6.286520129434113e-18
7124.249999999999	2.6788462513211515e-17	6.205697966142782e-18
7124.499999999999	2.475873168921257e-17	6.135428973106402e-18
7124.749999999999	2.5687364349534003e-17	6.1420373190200884e-18
7124.999999999999	2.6727517500039833e-17	6.1562499363049745e-18
7125.249999999999	2.8606506237929564e-17	6.222959157575232e-18
7125.499999999999	2.9883434875695023e-17	6.287238949386422e-18
7125.749999999999	2.9767110120512916e-17	6.341765041004692e-18
7125.999999999999	2.8311070410350124e-17	6.387723609428445e-18
7126.249999999999	2.598868308562992e-17	6.4247275341310045e-18
7126.499999999999	2.629171077687137e-17	6.538530629215744e-18
7126.749999999999	3.136700315664358e-17	6.7842251914302256e-18
7126.999999999999	3.321873960207214e-17	6.8852483460510206e-18
7127.249999999999	3.1305798408759556e-17	6.794211329375272e-18
7127.499999999999	3.0037085328837973e-17	6.67358399423697e-18
7127.749999999999	2.950591957029317e-17	6.523346074711108e-18
7127.999999999998	2.936499446369374e-17	6.444598893986366e-18
7128.249999999999	2.908440156502595e-17	6.4114049631852254e-18
7128.499999999999	2.712898464725877e-17	6.325539066108852e-18
7128.749999999999	2.520010037481984e-17	6.207605031045023e-18
7128.999999999998	2.7599486634040157e-17	6.244683815593019e-18
7129.249999999999	3.155870391796397e-17	6.3496195345111895e-18
7129.5	2.7546616558008218e-17	6.157494015946254e-18
7129.749999999999	2.104054490961936e-17	5.8667797353032676e-18
7129.999999999998	2.138458090690874e-17	5.855823728090003e-18
7130.249999999999	2.3053786715287673e-17	5.907505972762316e-18
7130.5	2.6603397394765026e-17	6.113582305948264e-18
7130.749999999999	3.0056792079751437e-17	6.329890449721187e-18
7130.999999999999	2.7283444083040797e-17	6.2533795517824824e-18
7131.249999999999	2.4085477808127086e-17	6.173612043772156e-18
7131.499999999999	2.6601076325966203e-17	6.3090463254654635e-18
7131.749999999999	2.910300320264104e-17	6.447745075446211e-18
7131.999999999999	3.2404251248838124e-17	6.6528519529542475e-18
7132.249999999999	3.553347881484868e-17	6.845013453875829e-18
7132.499999999999	3.686861780668072e-17	6.982140560692726e-18
7132.749999999999	3.7820103812965765e-17	7.072960028867373e-18
7132.999999999999	3.6994888581548164e-17	7.017423122540563e-18
7133.249999999999	3.783482101042431e-17	6.999748754392142e-18
7133.499999999999	4.23755528824178e-17	7.06570151899222e-18
7133.749999999999	4.36265874582879e-17	7.025364883601684e-18
7133.999999999999	4.0053875278663165e-17	6.786896157628159e-18
7134.249999999999	3.7084885832193933e-17	6.612009083028829e-18
7134.499999999999	3.565407513071401e-17	6.530207537892235e-18
7134.749999999998	3.369234682487305e-17	6.4262172864142125e-18
7134.999999999999	3.1316555065445196e-17	6.302985986707594e-18
7135.249999999999	2.976751047592939e-17	6.2311201214986805e-18
7135.499999999999	2.8888372994740683e-17	6.20604248686791e-18
7135.749999999998	2.784537434292767e-17	6.161955000989753e-18
7135.999999999999	2.6918331523743566e-17	6.109839313676462e-18
7136.25	2.6995734122382603e-17	6.1045738954872555e-18
7136.499999999999	2.7018830659446308e-17	6.124695477477914e-18
7136.749999999998	2.775907293525879e-17	6.1594837989097506e-18
7136.999999999999	2.859727821101592e-17	6.201962004906186e-18
7137.25	2.892311788919036e-17	6.186274524589118e-18
7137.499999999999	2.9121604840256135e-17	6.159759663644037e-18
7137.749999999998	2.6956429808396533e-17	6.05381271642702e-18
7137.999999999999	2.4380592689628855e-17	5.936514369663938e-18
7138.249999999999	2.5421707024006472e-17	6.036147860855644e-18
7138.499999999999	2.6496535585790526e-17	6.1447326870460925e-18
7138.749999999999	2.4160594079553027e-17	6.057854320899954e-18
7138.999999999999	2.2271316869204362e-17	5.9963443433698986e-18
7139.249999999999	2.634995256380123e-17	6.1664925002399124e-18
7139.499999999999	2.92973112372522e-17	6.2794622108575045e-18
7139.749999999999	2.465489901564124e-17	6.072614118160044e-18
7139.999999999999	2.121923081118184e-17	5.9512419068801384e-18
7140.249999999999	2.3603573963782268e-17	6.168135694526749e-18
7140.499999999999	2.5517919709774965e-17	6.312168518687545e-18
7140.749999999999	2.521749267437938e-17	6.2921639827535625e-18
7140.999999999999	2.4734245488719777e-17	6.306284369400149e-18
7141.249999999999	2.4879581122345343e-17	6.376734928580984e-18
7141.499999999999	2.5380912130556582e-17	6.4519872712176895e-18
7141.749999999999	2.577481057517066e-17	6.551423066242995e-18
7141.999999999999	2.5434040286939638e-17	6.591790720906502e-18
7142.249999999999	2.3614145332010696e-17	6.569828662052913e-18
7142.499999999998	2.274589520204441e-17	6.555772381903799e-18
7142.749999999999	2.3278703741285742e-17	6.546394221708979e-18
7142.999999999999	2.2988419594561283e-17	6.5182258267194046e-18
7143.249999999999	2.1720457594635898e-17	6.485816476729271e-18
7143.499999999998	2.0167664222584004e-17	6.423188151011043e-18
7143.749999999999	1.845648396120168e-17	6.346867918203532e-18
7144.0	1.9321837304662806e-17	6.3679974197705864e-18
7144.249999999999	2.1264598359057925e-17	6.42347394191268e-18
7144.499999999998	2.573084757997469e-17	6.635068810555276e-18
7144.749999999999	3.049504560317183e-17	6.880341510657356e-18
7145.0	3.0497255829768573e-17	6.7207043378310535e-18
7145.249999999999	2.95102242182009e-17	6.499316891506749e-18
7145.499999999999	2.7299380544722243e-17	6.4643420408467815e-18
7145.749999999999	2.4947219681033805e-17	6.448550335772532e-18
7145.999999999999	3.161702345987141e-17	6.720057896182343e-18
7146.249999999999	3.760384902234235e-17	6.95740786037739e-18
7146.499999999999	3.694495003360711e-17	6.8993393677858614e-18
7146.749999999999	3.635835655657636e-17	6.852840650422112e-18
7146.999999999999	3.760924554865865e-17	6.855609637522633e-18
7147.249999999999	4.265448480241558e-17	7.015648820126636e-18
7147.499999999999	6.069005625455843e-17	7.701595787711748e-18
7147.749999999999	8.255188397896331e-17	8.460176657704528e-18
7147.999999999999	1.167711150755306e-16	9.462459825406455e-18
7148.249999999999	1.4813391284593995e-16	1.0280754863819438e-17
7148.499999999999	1.7404113022176197e-16	1.0882295494519026e-17
7148.749999999999	1.9699340698663836e-16	1.1434912527889165e-17
7148.999999999999	2.1621149929887477e-16	1.1938631606528844e-17
7149.249999999998	2.3110341053767924e-16	1.2231777798172737e-17
7149.499999999999	2.41276699750677e-16	1.2310588258214339e-17
7149.749999999999	2.3473358199137435e-16	1.2164260007853708e-17
7149.999999999999	2.1436127493960596e-16	1.1827732328984472e-17
7150.249999999998	1.8766145971828052e-16	1.1269464824849984e-17
7150.499999999999	1.5705706083812918e-16	1.0539114801983026e-17
7150.75	1.3422433483282386e-16	9.88195702843721e-18
7150.999999999999	1.1518092983106885e-16	9.241011994897434e-18
7151.249999999998	1.0036552287275818e-16	8.823107941726456e-18
7151.499999999999	8.691702195052405e-17	8.475438967186743e-18
7151.75	7.240640126943712e-17	7.946072326474245e-18
7151.999999999999	5.751593925106585e-17	7.33228528680581e-18
7152.249999999999	4.505325563926016e-17	6.825812937497248e-18
7152.499999999999	3.335716331449921e-17	6.301810976647462e-18
7152.749999999999	2.4597001335846203e-17	5.9036943244996716e-18
7152.999999999999	1.581095025838151e-17	5.494632004896273e-18
7153.249999999999	1.770936616013766e-17	5.624143259813394e-18
7153.499999999999	2.00677540394774e-17	5.766017969756039e-18
7153.749999999999	2.5951522823791587e-17	6.05197554828654e-18
7153.999999999999	3.082711229699757e-17	6.275579011471874e-18
7154.249999999999	3.0626150421539036e-17	6.229970754037538e-18
7154.499999999999	2.9429848732440345e-17	6.1664044055046755e-18
7154.749999999999	2.5680402797498756e-17	6.0281047701694846e-18
7154.999999999999	2.2296744401234242e-17	5.889594203778093e-18
7155.249999999999	2.024333305065913e-17	5.75366402730756e-18
7155.499999999999	1.814244649600715e-17	5.685306235076484e-18
7155.749999999999	1.6493286582592827e-17	5.7359090090494154e-18
7155.999999999998	1.7198118910743137e-17	5.818209757685685e-18
7156.249999999999	2.1063198077874738e-17	5.9516997513491865e-18
7156.499999999999	2.2758941494665597e-17	5.9741192410815175e-18
7156.749999999999	2.1294668028685452e-17	5.88442391135933e-18
7156.999999999998	1.969649883695135e-17	5.805738355590223e-18
7157.249999999999	1.7900411794412908e-17	5.727894456094389e-18
7157.5	1.705769176687246e-17	5.760198754146729e-18
7157.749999999999	1.715076116631325e-17	5.857057881563932e-18
7157.999999999998	1.879420526169483e-17	5.958108333144941e-18
7158.249999999999	2.0995496653459723e-17	6.062206118102596e-18
7158.5	1.9961745880895053e-17	6.044075146256046e-18
7158.749999999999	1.8032803705813245e-17	5.98736033473696e-18
7158.999999999998	1.6376399344594184e-17	5.8850604268406895e-18
7159.249999999999	1.5187418203916588e-17	5.764325971813062e-18
7159.499999999999	1.9550519656809216e-17	5.8715806915785254e-18
7159.749999999999	2.4181736816009882e-17	6.005831277815269e-18
7159.999999999999	2.672069325998627e-17	6.177502274192993e-18
7160.249999999999	2.8302474349424473e-17	6.349259710944729e-18
7160.499999999999	2.863824681239445e-17	6.395124394368957e-18
7160.749999999999	2.840614654995697e-17	6.424978583446914e-18
7160.999999999999	2.578194914385699e-17	6.337898385231313e-18
7161.249999999999	2.3436971516607963e-17	6.276683711179939e-18
7161.499999999999	2.2920941508911657e-17	6.346247119153811e-18
7161.749999999999	2.375756190661514e-17	6.43538575632375e-18
7161.999999999999	2.921044734676678e-17	6.586642348773972e-18
7162.249999999999	3.18540537187597e-17	6.636102372730661e-18
7162.499999999999	2.695101508410676e-17	6.463568213383738e-18
7162.749999999998	2.2782784148641825e-17	6.2569260886588035e-18
7162.999999999999	1.9266280546001294e-17	6.012681160467821e-18
7163.249999999999	1.8462034343111912e-17	5.879010427840477e-18
7163.499999999999	2.0109930324550253e-17	5.904334975884094e-18
7163.749999999998	2.2700530962890777e-17	6.002619335496726e-18
7163.999999999999	2.6112918996190484e-17	6.181127393227507e-18
7164.249999999999	2.580008921469028e-17	6.253850631141331e-18
7164.499999999999	2.258789047015698e-17	6.2381366810446615e-18
7164.749999999998	2.2980764865172717e-17	6.351142787609206e-18
7164.999999999999	2.5219234716749418e-17	6.5390012949842864e-18
7165.25	2.61544930937774e-17	6.6057903391836555e-18
7165.499999999999	2.7213949331057767e-17	6.6297504528068665e-18
7165.749999999998	2.5124855063218342e-17	6.4525063270520665e-18
7165.999999999999	2.2501345871388008e-17	6.209600190682501e-18
7166.249999999998	2.027923599796638e-17	6.059885462894078e-18
7166.499999999999	1.846792717779574e-17	5.932210548936825e-18
7166.749999999999	2.274754790890829e-17	6.106298980654735e-18
7166.999999999999	2.7183930946628217e-17	6.30530126524213e-18
7167.249999999999	3.0232263557453535e-17	6.399898053684e-18
7167.499999999999	3.29537208599775e-17	6.482027989523778e-18
7167.749999999999	3.197396843780029e-17	6.408115679479408e-18
7167.999999999999	3.012504109773196e-17	6.325957619498804e-18
7168.249999999999	2.5822198098102596e-17	6.1911197350271474e-18
7168.499999999999	2.2680316323081206e-17	6.1012755127947e-18
7168.749999999999	2.4333514532246012e-17	6.231297965330379e-18
7168.999999999999	2.5509441108496297e-17	6.351547692519051e-18
7169.249999999999	2.582178450779632e-17	6.457254343768121e-18
7169.499999999999	2.9237645045307524e-17	6.649924147176116e-18
7169.749999999999	3.88579441664789e-17	7.017595176107974e-18
7169.999999999999	4.531190178191569e-17	7.198604628011115e-18
7170.249999999999	4.648822540486e-17	7.107893520496712e-18
7170.499999999998	5.057301201449181e-17	7.227938934074083e-18
7170.749999999999	5.79893777290218e-17	7.592762807337533e-18
7170.999999999999	6.675037846881593e-17	7.877028387925056e-18
7171.249999999999	7.67113601970734e-17	8.080558659185567e-18
7171.499999999998	8.179102339920234e-17	8.227805907206744e-18
7171.749999999999	8.402548969661428e-17	8.339368583602383e-18
7172.0	8.22412346455578e-17	8.2832733303621e-18
7172.249999999999	7.809302975272277e-17	8.146264096782491e-18
7172.499999999998	7.299786187719214e-17	8.00685934814893e-18
7172.749999999999	6.734923076252473e-17	7.865695186352467e-18
7173.0	6.086938239391502e-17	7.70439248536279e-18
7173.249999999999	5.443033719056134e-17	7.539546969809547e-18
7173.499999999999	5.480423937104756e-17	7.538911695099106e-18
7173.749999999999	5.593982269446241e-17	7.568543786182593e-18
7173.999999999999	4.636469756090378e-17	7.244834098085479e-18
7174.249999999999	3.673169625424604e-17	6.873730269611526e-18
7174.499999999999	3.7330280541436365e-17	6.898062614510386e-18
7174.749999999999	3.7085084355540946e-17	6.903535241443037e-18
7174.999999999999	2.861160828794779e-17	6.535144151787952e-18
7175.249999999999	2.1505173914051622e-17	6.2200247343522004e-18
7175.499999999999	2.3431417825975282e-17	6.25831823362973e-18
7175.749999999999	2.394247151510647e-17	6.271387273717762e-18
7175.999999999999	2.0503714618239797e-17	6.167486357745895e-18
7176.249999999999	1.9628823882315936e-17	6.142139475825739e-18
7176.499999999999	2.5517071022466486e-17	6.340353870879677e-18
7176.749999999999	2.970897255834024e-17	6.432561348122188e-18
7176.999999999999	2.998303403889131e-17	6.333041594264708e-18
7177.249999999998	3.0353756537102874e-17	6.3346996778025706e-18
7177.499999999999	3.1212015979630744e-17	6.48443591228692e-18
7177.749999999999	2.857400134857868e-17	6.443545893066586e-18
7177.999999999999	2.1707995291527174e-17	6.202459967634943e-18
7178.249999999998	2.0324398405050552e-17	6.124893587234621e-18
7178.499999999999	2.3069504801287406e-17	6.1883197286536554e-18
7178.75	2.7415463763165485e-17	6.338540277386654e-18
7178.999999999999	3.303855650360094e-17	6.541447681645912e-18
7179.249999999998	2.9149659497911483e-17	6.411914506442558e-18
7179.499999999999	2.1208245852647137e-17	6.1169195661296095e-18
7179.75	2.2561394220775683e-17	6.181309786552575e-18
7179.999999999999	2.6348933477286564e-17	6.3585625977038066e-18
7180.249999999998	2.3902986875746862e-17	6.3281901799720845e-18
7180.499999999999	2.1277487487362726e-17	6.260119005823258e-18
7180.749999999999	2.181726585044543e-17	6.268768833488725e-18
7180.999999999999	2.2980700345084938e-17	6.289174965610102e-18
7181.249999999999	2.4311930081342053e-17	6.2883304142046855e-18
7181.499999999999	2.5764733860948538e-17	6.284593212197171e-18
7181.749999999999	2.704364276910045e-17	6.351532803268025e-18
7181.999999999999	2.7224841645363865e-17	6.3758291658102385e-18
7182.249999999999	2.2820968460078498e-17	6.1832685502431e-18
7182.499999999999	1.927555820375169e-17	6.0045752040551075e-18
7182.749999999999	2.082742017043385e-17	5.9845131790685526e-18
7182.999999999999	2.1475729592967184e-17	5.991817183877396e-18
7183.249999999999	2.1707502291882093e-17	6.0705804946240826e-18
7183.499999999999	2.313696965204723e-17	6.15419108376033e-18
7183.749999999999	2.6514942008781056e-17	6.247345682804214e-18
7183.999999999998	2.7434093524921404e-17	6.235739925219789e-18
7184.249999999999	2.573676688443812e-17	6.052640187908726e-18
7184.499999999999	2.4959379236038334e-17	5.971415187659082e-18
7184.749999999999	2.5602043978071608e-17	6.016615645051429e-18
7184.999999999998	2.3465318996200155e-17	5.91024021827711e-18
7185.249999999999	1.9130414476028234e-17	5.6468307560641924e-18
7185.499999999999	1.816110603626512e-17	5.592548682726625e-18
7185.749999999999	1.9748055350170554e-17	5.689326746443798e-18
7185.999999999998	2.104600099293976e-17	5.7702796042719126e-18
7186.249999999999	2.1872845770164092e-17	5.84332130672157e-18
7186.5	2.2848627725401046e-17	5.818272623412239e-18
7186.749999999999	2.4093046510731946e-17	5.761357634184916e-18
7186.999999999998	2.33244650271334e-17	5.780950647764153e-18
7187.249999999999	2.1344889472395997e-17	5.81953655538822e-18
7187.499999999998	2.0953836529089103e-17	5.808707106808676e-18
7187.749999999999	2.1271713766687106e-17	5.7954436792766945e-18
7187.999999999999	2.2097327699159958e-17	5.9343521195427244e-18
7188.249999999999	2.2865199461792933e-17	6.0835395196906446e-18
7188.499999999999	2.3237556468894904e-17	6.101966622196488e-18
7188.749999999999	2.4023583191612193e-17	6.130441487603014e-18
7188.999999999999	2.7940940173457147e-17	6.259884913709906e-18
7189.249999999999	3.104330422189443e-17	6.35181321749568e-18
7189.499999999999	2.901516654775526e-17	6.285951029172677e-18
7189.749999999999	2.798353666628118e-17	6.2414871761158076e-18
7189.999999999999	3.0006052820977434e-17	6.283906652288752e-18
7190.249999999999	2.914567579608143e-17	6.230980327975159e-18
7190.499999999999	2.3298627213519694e-17	5.93638532948838e-18
7190.749999999999	2.04433155442724e-17	5.763136486092211e-18
7190.999999999999	2.3174270534589697e-17	5.825371487429169e-18
7191.249999999999	2.4506135545557253e-17	5.875425427065672e-18
7191.499999999999	2.3928159636148076e-17	5.917288210686368e-18
7191.749999999998	2.586871542703013e-17	6.051320421241398e-18
7191.999999999999	3.030130005137721e-17	6.282043427958976e-18
7192.249999999999	3.250717236937442e-17	6.403865625492111e-18
7192.499999999999	3.4143553996686025e-17	6.4449918047773285e-18
7192.749999999998	3.023421901242161e-17	6.230827299561837e-18
7192.999999999999	2.2378769285136225e-17	5.856097938463064e-18
7193.25	1.7986574235738882e-17	5.694431278003863e-18
7193.499999999999	1.499885080275655e-17	5.6277766506540335e-18
7193.749999999998	2.1333477688665215e-17	5.935340600374725e-18
7193.999999999999	3.016213518512129e-17	6.325067573159697e-18
7194.25	3.120122292699815e-17	6.328604183868667e-18
7194.499999999999	3.0777732923150604e-17	6.2686240768815285e-18
7194.749999999999	2.4586669849995416e-17	6.0299638585961975e-18
7194.999999999999	1.784071582396618e-17	5.766874928870644e-18
7195.249999999999	2.298914751350033e-17	5.918033500418278e-18
7195.499999999999	2.7669388358884563e-17	6.048019970597311e-18
7195.749999999999	2.259115287049289e-17	5.830170375752896e-18
7195.999999999999	1.806025783034388e-17	5.6619673340933e-18
7196.249999999999	2.2226386072691706e-17	5.890256775448748e-18
7196.499999999999	2.4497618893970407e-17	6.002076705014891e-18
7196.749999999999	1.7738092488450402e-17	5.664302051372231e-18
7196.999999999999	1.3127142081437898e-17	5.44712288641429e-18
7197.249999999999	1.5434331616763666e-17	5.626833251165417e-18
7197.499999999999	1.8115667350856357e-17	5.7905004479360776e-18
7197.749999999999	2.0703710346742868e-17	5.930584725442852e-18
7197.999999999999	2.1564307401681813e-17	5.9941920194160356e-18
7198.249999999999	2.0908669158921257e-17	5.950121490740435e-18
7198.499999999998	2.190789837580164e-17	5.995215241833764e-18
7198.749999999999	2.4729990471648804e-17	6.133904065647161e-18
7198.999999999999	2.810739538248242e-17	6.298935696838228e-18
7199.249999999999	3.2343115984125555e-17	6.475415507707029e-18
7199.499999999998	2.984437209844782e-17	6.382956981148608e-18
7199.749999999999	2.339044095279063e-17	6.1145774042251656e-18
7200.0	2.3658841209229386e-17	6.115057996161059e-18
7200.249999999999	2.7239049299565076e-17	6.238816209917874e-18
7200.499999999998	2.7261546957865293e-17	6.194807306197909e-18
7200.749999999999	2.6115291350187286e-17	6.099464814433822e-18
7201.0	2.731017525171606e-17	6.146573163909023e-18
7201.249999999999	2.924212174678266e-17	6.222580308854683e-18
7201.499999999998	2.6242751610775582e-17	6.105589259689164e-18
7201.749999999999	2.2518475127512756e-17	5.9583899881435154e-18
7201.999999999999	2.5882215014626994e-17	6.1222577762127204e-18
7202.249999999999	2.880456636379926e-17	6.279812935437227e-18
7202.499999999999	2.5851290040246086e-17	6.123903865631701e-18
7202.749999999999	2.3650529698434453e-17	5.976359246180311e-18
7202.999999999999	2.346259591762363e-17	5.9186307248205416e-18
7203.249999999999	2.3903913318032922e-17	5.909460600549779e-18
7203.499999999999	2.6887861498699562e-17	6.085760913225656e-18
7203.749999999999	2.80899584151698e-17	6.1849559986927085e-18
7203.999999999999	2.6024824260953586e-17	6.074185347733589e-18
7204.249999999999	2.420643146601704e-17	5.975856320367879e-18
7204.499999999999	2.3440182631745894e-17	5.912936827074033e-18
7204.749999999999	2.3340025948816748e-17	5.903568179456257e-18
7204.999999999999	2.470802220894062e-17	5.9604256796310084e-18
7205.249999999998	2.5525276654143012e-17	5.968802124104027e-18
7205.499999999999	2.4360303603564154e-17	5.921229726305183e-18
7205.749999999999	2.3801824341192852e-17	5.921000597275506e-18
7205.999999999999	2.4072798783697873e-17	5.963709586662844e-18
7206.249999999998	2.908848783725196e-17	6.200607496653131e-18
7206.499999999999	3.627912258006113e-17	6.5441107896280265e-18
7206.75	3.4682965091576754e-17	6.487177602427227e-18
7206.999999999999	2.9283980394500294e-17	6.238150743115075e-18
7207.249999999998	2.85501024463208e-17	6.24637870866814e-18
7207.499999999999	2.949415706198267e-17	6.335064878043013e-18
7207.75	2.779697104220352e-17	6.2974964025723856e-18
7207.999999999999	2.559920013112565e-17	6.236056735394397e-18
7208.249999999998	2.4751368127399624e-17	6.154849519527922e-18
7208.499999999999	2.400240571356961e-17	6.076357937612459e-18
7208.749999999999	2.4662671204676788e-17	6.083053964671076e-18
7208.999999999999	2.5082758187484293e-17	6.079522317045781e-18
7209.249999999999	1.8436886398129075e-17	5.754079685565368e-18
7209.499999999999	1.3267556817599387e-17	5.488002979467273e-18
7209.749999999999	2.1344149972928374e-17	5.865627059119675e-18
7209.999999999999	2.789949511604579e-17	6.139559499495186e-18
7210.249999999999	2.709811426679829e-17	6.05378831459895e-18
7210.499999999999	2.6263378186530204e-17	5.978732427357726e-18
7210.749999999999	2.4377709138013495e-17	5.940440582441421e-18
7210.999999999999	2.4256449423296897e-17	5.983677313059568e-18
7211.249999999999	2.920157335315531e-17	6.185659929393991e-18
7211.499999999999	3.07589129098538e-17	6.241929304153217e-18
7211.749999999999	2.6438315305556594e-17	6.069851748504423e-18
7211.999999999999	2.5730185835484648e-17	6.06133923282064e-18
7212.249999999999	2.9537332581235486e-17	6.243730076346745e-18
7212.499999999999	3.0274069265611965e-17	6.294992940448494e-18
7212.749999999999	2.924393823540783e-17	6.231179264912478e-18
7212.999999999998	3.00944486499573e-17	6.25008530499299e-18
7213.249999999999	3.1316257280424676e-17	6.317738339342171e-18
7213.499999999999	3.0095318843961706e-17	6.262620813585925e-18
7213.749999999999	2.778061602713212e-17	6.154135249068983e-18
7213.999999999998	2.7495912040819942e-17	6.13242465312161e-18
7214.249999999999	2.781401427154456e-17	6.137687589768978e-18
7214.5	2.862937943622788e-17	6.150374058823704e-18
7214.749999999999	2.9779276292962346e-17	6.1638810910460825e-18
7214.999999999998	2.751258138452411e-17	6.10910312293129e-18
7215.249999999999	2.454384836404477e-17	6.048993562178286e-18
7215.5	2.435367954121883e-17	6.028163499992976e-18
7215.749999999999	2.5050063046592523e-17	6.007826023862441e-18
7215.999999999999	2.4914443476442003e-17	5.9243142828093935e-18
7216.249999999999	2.4558297554984847e-17	5.86362155972454e-18
7216.499999999999	2.478451490890585e-17	5.976187606203206e-18
7216.749999999999	2.464303393693478e-17	6.057956891295911e-18
7216.999999999999	2.3969363156820568e-17	6.005993818805636e-18
7217.249999999999	2.503443595046017e-17	6.03967495898757e-18
7217.499999999999	3.130902441314851e-17	6.322970670306875e-18
7217.749999999999	3.235641043093051e-17	6.366017562974441e-18
7217.999999999999	2.2240803830768506e-17	5.897239006999308e-18
7218.249999999999	1.8896434859239035e-17	5.7094913418263094e-18
7218.499999999999	2.5421134615022586e-17	5.979796181625469e-18
7218.749999999999	2.912715025908269e-17	6.124530868536016e-18
7218.999999999999	2.940530793802712e-17	6.143086597627112e-18
7219.249999999999	2.748150586327172e-17	6.091190526766454e-18
7219.499999999999	2.403094013598024e-17	5.9826507819193895e-18
7219.749999999998	2.67878421277521e-17	6.157079184869059e-18
7219.999999999999	3.3077701998909397e-17	6.491848277756007e-18
7220.249999999999	3.735287249832641e-17	6.670614829428211e-18
7220.499999999999	4.067960101611258e-17	6.7835071986585296e-18
7220.749999999998	3.357987673134544e-17	6.470695201541495e-18
7220.999999999999	2.342757805357181e-17	5.9900354368379566e-18
7221.25	2.4428989372908108e-17	6.1302284885952814e-18
7221.499999999999	2.800742895109416e-17	6.3877054114549686e-18
7221.749999999998	2.6718267966430265e-17	6.347560268376239e-18
7221.999999999999	2.508941864577657e-17	6.27628707807622e-18
7222.25	2.8206418827972366e-17	6.4271850877308995e-18
7222.499999999999	3.171359514202575e-17	6.568949782652075e-18
7222.749999999998	3.119389410677093e-17	6.4454823228805725e-18
7222.999999999999	2.991068882251742e-17	6.306439465765003e-18
7223.249999999999	2.552009519478598e-17	6.124367913955343e-18
7223.499999999999	2.1731171237929685e-17	5.9793751466936795e-18
7223.749999999999	2.1008971425638212e-17	5.987207719913944e-18
7223.999999999999	2.078275407171721e-17	6.030587139187756e-18
7224.249999999999	2.3887950386571873e-17	6.1598291468154915e-18
7224.499999999999	2.6040821934000362e-17	6.230729278659249e-18
7224.749999999999	2.6537509150252728e-17	6.1922132677969425e-18
7224.999999999999	2.651867921078857e-17	6.177453056946546e-18
7225.249999999999	2.4943767029157008e-17	6.176123364111867e-18
7225.499999999999	2.585298245177937e-17	6.224270652436435e-18
7225.749999999999	2.9552628805122816e-17	6.3227634615634304e-18
7225.999999999999	2.859758261348134e-17	6.2362474005255904e-18
7226.249999999999	2.499775876209957e-17	5.986472769939691e-18
7226.499999999998	2.4231822602099968e-17	5.92088685994128e-18
7226.749999999999	2.4854994005817817e-17	5.969098254763321e-18
7226.999999999999	2.5364871444117954e-17	5.984381657351157e-18
7227.249999999999	2.5223689911528628e-17	5.989926662587406e-18
7227.499999999998	2.717093924792746e-17	6.207430495935774e-18
7227.749999999999	3.020191595514019e-17	6.47591967429038e-18
7228.0	2.5944313117572575e-17	6.242566233224883e-18
7228.249999999999	2.0577466041655025e-17	5.89362877721582e-18
7228.499999999998	2.4063772588853695e-17	6.215954178557827e-18
7228.749999999999	2.9380088855511605e-17	6.575104833590082e-18
7229.0	2.7156632332052742e-17	6.456870531963896e-18
7229.249999999999	2.541342198299114e-17	6.332193734136841e-18
7229.499999999998	2.3710204162185254e-17	6.192124759471399e-18
7229.749999999999	2.222720663585936e-17	6.068376471881935e-18
7229.999999999999	2.3326064794438078e-17	6.0681138420374494e-18
7230.249999999999	2.4573755906272238e-17	6.075009633213998e-18
7230.499999999999	2.7514101742489983e-17	6.1355935820483e-18
7230.749999999999	2.9508629413979896e-17	6.194988045161752e-18
7230.999999999999	3.0576681712185915e-17	6.258692946447217e-18
7231.249999999999	2.93605177622186e-17	6.213206284562926e-18
7231.499999999999	2.338359851476359e-17	5.964116145933914e-18
7231.749999999999	2.0853843627921242e-17	5.893210223825868e-18
7231.999999999999	2.2761970630068766e-17	6.071752195961764e-18
7232.249999999999	2.2797742882839234e-17	6.196038150949388e-18
7232.499999999999	2.1780921188691074e-17	6.274010677030474e-18
7232.749999999999	2.4347569985214513e-17	6.4164338077192415e-18
7232.999999999999	2.9020665644467514e-17	6.605327531630932e-18
7233.249999999998	2.897351965827444e-17	6.5808161021294545e-18
7233.499999999999	2.7441238711052637e-17	6.441998238140499e-18
7233.749999999999	2.421961176189746e-17	6.249651448761706e-18
7233.999999999999	1.9651161067577318e-17	6.019792432193939e-18
7234.249999999998	2.222456627534409e-17	6.112037132564015e-18
7234.499999999999	2.680985174949091e-17	6.268892083399996e-18
7234.749999999999	2.301847602929901e-17	6.017887021652923e-18
7234.999999999999	1.729147451467587e-17	5.7031977381357e-18
7235.249999999998	2.3490107944797144e-17	5.997291878761578e-18
7235.499999999999	3.012066696665278e-17	6.3117177052537035e-18
7235.75	3.041948430857634e-17	6.3260064231549445e-18
7235.999999999999	2.9788001394063555e-17	6.3124265990386615e-18
7236.249999999998	2.3477086467594334e-17	6.056517183439762e-18
7236.499999999999	1.892560290199888e-17	5.936180602286773e-18
7236.749999999998	2.7293820236644662e-17	6.498387140498239e-18
7236.999999999999	3.326464812606883e-17	7.028592542351866e-18
7237.249999999999	3.015092192473752e-17	7.573808790781493e-18
7237.499999999999	2.6213472725813655e-17	8.340621762230401e-18
7237.749999999999	2.53429974799996e-17	9.592776340649897e-18
7237.999999999999	2.195738032004456e-17	1.0549018635457123e-17
7238.249999999999	2.48383676755055e-17	1.1179120158346942e-17
7238.499999999999	3.001177360209385e-17	1.1695702722692433e-17
7238.749999999999	3.1288907380651223e-17	1.2116917152674848e-17
7238.999999999999	3.579278008454935e-17	1.2713124122784694e-17
7239.249999999999	3.9804119673231354e-17	1.3411074308238562e-17
7239.499999999999	3.504041299531807e-17	1.3887088626622003e-17
7239.749999999999	3.412574645245898e-17	1.4237455864319864e-17
7239.999999999999	1.9948552350124832e-17	1.407518949791656e-17
7240.249999999999	1.7909846616479688e-17	1.3637398368458584e-17
7240.499999999999	1.2336641965967922e-17	1.2706862365547668e-17
7240.749999999999	7.640857569693204e-18	1.154440973429526e-17
7240.999999999998	2.0879314173342975e-17	1.1069819820926635e-17
7241.249999999999	3.0248631807414735e-17	1.0760444345664452e-17
7241.499999999999	2.873714121770884e-17	9.944013772352164e-18
7241.749999999999	2.6882966243834474e-17	9.009902694833794e-18
7241.999999999998	2.3929665104862923e-17	8.212681736886824e-18
7242.249999999999	1.812445862640657e-17	7.364835671090384e-18
7242.5	2.2197219684293087e-17	6.963856560432854e-18
7242.749999999999	1.8605169676308088e-17	6.6781851863942965e-18
7242.999999999998	2.2778166826462554e-17	7.324889464948973e-18
7243.249999999999	2.467285214365609e-17	8.197273843616799e-18
7243.5	3.73409974934526e-17	9.935958687547122e-18
7243.749999999999	3.125877484529714e-17	1.1616572970934386e-17
7243.999999999998	3.262402321142611e-17	1.3803230710482602e-17
7244.249999999999	2.4621052439336795e-17	1.52738072927304e-17
7244.499999999999	2.081949578016559e-17	1.5832299789991504e-17
7244.749999999999	1.9337715863701374e-17	1.5722483291868964e-17
7244.999999999999	1.3766674290491434e-17	1.461505388778297e-17
7245.249999999999	1.9998543837625087e-17	1.3083930166238128e-17
7245.499999999999	1.4183824782124376e-17	1.102490225930378e-17
7245.749999999999	2.5214944958092718e-17	9.809941029947119e-18
7245.999999999999	3.8133797171025475e-17	9.490937999535431e-18
7246.249999999999	3.834493336801841e-17	8.993024901615262e-18
7246.499999999999	3.235127529368778e-17	8.40328979261803e-18
7246.749999999999	2.7766656527114674e-17	7.779120809081442e-18
7246.999999999999	2.360736575971021e-17	7.117215846000185e-18
7247.249999999999	2.4379105418887485e-17	6.688649021143092e-18
7247.499999999999	1.6646927109568427e-17	6.329575707498111e-18
7247.749999999998	1.9144281331817073e-17	6.2348655953123206e-18
7247.999999999999	2.1377114774699838e-17	6.184924152239125e-18
7248.249999999999	2.203083064971682e-17	6.1174580607083815e-18
7248.499999999999	2.146380164853417e-17	6.049656961029554e-18
7248.749999999998	2.5065182253828767e-17	6.295028095624527e-18
7248.999999999999	2.872158691347039e-17	6.5269711937456214e-18
7249.25	3.1862044283476965e-17	6.627027787820648e-18
7249.499999999999	3.2995017024878596e-17	6.648483612139355e-18
7249.749999999998	2.271601247523532e-17	6.2459593280975755e-18
7249.999999999999	1.5549086383143148e-17	5.91903852486253e-18
7250.25	1.7415687264179284e-17	5.955414205889856e-18
7250.499999999999	1.9266176321244113e-17	6.010069337683685e-18
7250.749999999998	2.1182460978592634e-17	6.114642751493557e-18
7250.999999999999	2.4441805709319004e-17	6.314185185020949e-18
7251.249999999999	3.015306266816281e-17	6.6655599287049e-18
7251.499999999999	3.206365135981329e-17	6.962732421980394e-18
7251.749999999999	2.5664329023835626e-17	7.202640442219761e-18
7251.999999999999	2.848606874074184e-17	8.01010934077565e-18
7252.249999999999	4.137071703534553e-17	9.20455070067671e-18
7252.499999999999	3.4827089732785544e-17	9.526232969092456e-18
7252.749999999999	2.5107715880926243e-17	9.32603458133931e-18
7252.999999999999	1.955672847448704e-17	8.947542375634033e-18
7253.249999999999	2.287193105761789e-17	8.477061895548572e-18
7253.499999999999	2.527622746095432e-17	7.813788775734152e-18
7253.749999999999	2.4400713030848595e-17	7.04110364911673e-18
7253.999999999999	2.792287124015654e-17	6.757212781346694e-18
7254.249999999999	2.193755445512289e-17	6.590138014042621e-18
7254.499999999998	2.324397042736464e-17	6.741280869158616e-18
7254.749999999999	2.2849200134384933e-17	6.9269998738793284e-18
7254.999999999999	2.634082545292232e-17	7.124806882481584e-18
7255.249999999999	2.870039123745433e-17	7.296905944826304e-18
7255.499999999998	2.5285374424167932e-17	7.086752438401082e-18
7255.749999999999	2.288606426556397e-17	6.8574095825355485e-18
7255.999999999999	2.0614039005258444e-17	6.646550077457512e-18
7256.249999999999	2.113918950638876e-17	6.458627463584959e-18
7256.499999999998	2.5293030807917723e-17	6.415191382439187e-18
7256.749999999999	2.680801375416982e-17	6.342114524813496e-18
7257.0	2.51893106309097e-17	6.185061050630503e-18
7257.249999999999	2.5840452319860417e-17	6.1545447034721965e-18
7257.499999999998	3.156324679388811e-17	6.386859205688327e-18
7257.749999999999	3.266785054900162e-17	6.4257879796762974e-18
7257.999999999998	2.784864336070848e-17	6.198277742457875e-18
7258.249999999999	2.505072313672134e-17	6.11226212569063e-18
7258.499999999999	2.537697144211838e-17	6.182162609764117e-18
7258.749999999999	2.6124742715866316e-17	6.2506051880079796e-18
7258.999999999999	2.6943633324320338e-17	6.3127901449178785e-18
7259.249999999999	2.3488526375465943e-17	6.189671341774567e-18
7259.499999999999	1.8056743967101755e-17	5.951792809168099e-18
7259.749999999999	1.834118160125669e-17	5.908405945268774e-18
7259.999999999999	2.1090581064872694e-17	5.952351156081572e-18
7260.249999999999	2.4443329376007327e-17	6.1424562860003465e-18
7260.499999999999	2.868783794447823e-17	6.3749370515196e-18
7260.749999999999	2.37444726006021e-17	6.103352976903127e-18
7260.999999999999	1.6939378469497775e-17	5.7315625885207556e-18
7261.249999999999	2.835612859267711e-17	6.222478979229645e-18
7261.499999999999	3.990532687553844e-17	6.724176842042551e-18
7261.749999999999	3.50081529514285e-17	6.538601766748423e-18
7261.999999999999	2.993732072951918e-17	6.34381686251413e-18
7262.249999999998	2.3063115658236046e-17	6.136125045591866e-18
7262.499999999999	1.7555813314306992e-17	5.987055105090928e-18
7262.749999999999	2.0262002517084452e-17	6.1526856150454835e-18
7262.999999999999	2.2362750105393523e-17	6.238660699962714e-18
7263.249999999998	2.0193859378222333e-17	6.0792166738094425e-18
7263.499999999999	2.0087004186692733e-17	6.0212151828475304e-18
7263.75	2.377626280590374e-17	6.193369666293292e-18
7263.999999999999	2.5636950999921346e-17	6.23560095887688e-18
7264.249999999998	2.507123556155143e-17	6.07529707847686e-18
7264.499999999999	2.6475492111007177e-17	6.058260466580718e-18
7264.75	2.954674920532879e-17	6.210545658122649e-18
7264.999999999999	3.089573850933742e-17	6.283277581432905e-18
7265.249999999999	3.081715304242243e-17	6.303601409083333e-18
7265.499999999999	3.1037014340516575e-17	6.353122644405352e-18
7265.749999999999	3.1466943118252236e-17	6.4200399015996665e-18
7265.999999999999	2.800836531954757e-17	6.337852890297623e-18
7266.249999999999	2.3107363203562733e-17	6.191824906499349e-18
7266.499999999999	2.451605840418544e-17	6.348106207580524e-18
7266.749999999999	2.753433458027303e-17	6.5904457252304906e-18
7266.999999999999	2.7323310879843403e-17	6.602413374332908e-18
7267.249999999999	2.6689042021027542e-17	6.566860324424766e-18
7267.499999999999	2.7567856901777355e-17	6.669795093441171e-18
7267.749999999999	2.867665446259651e-17	6.7873403536171e-18
7267.999999999999	2.690927720475856e-17	6.710714891163557e-18
7268.249999999999	2.544329478363288e-17	6.6316724069601335e-18
7268.499999999999	2.3542169038190007e-17	6.552870218724657e-18
7268.749999999999	2.2617869149917128e-17	6.489261683980554e-18
7268.999999999998	2.5059645106808337e-17	6.5484737537689374e-18
7269.249999999999	2.653241040895695e-17	6.549362145746819e-18
7269.499999999999	2.4818267186620463e-17	6.32710988209209e-18
7269.749999999999	2.322718031529104e-17	6.158741404309984e-18
7269.999999999998	2.3418070439611126e-17	6.1297710577165396e-18
7270.249999999999	2.3555528005082738e-17	6.1387513440367215e-18
7270.5	2.3575683087888205e-17	6.216609305602969e-18
7270.749999999999	2.575314506056667e-17	6.3706555646690256e-18
7270.999999999998	3.160304079879681e-17	6.622496906015389e-18
7271.249999999999	2.9215655275903414e-17	6.505541012025904e-18
7271.5	1.8510101808507368e-17	6.0324346470858934e-18
7271.749999999999	1.720177835777307e-17	5.883177763766519e-18
7271.999999999998	2.209842950373588e-17	5.981962567649745e-18
7272.249999999999	2.3104607037761706e-17	5.948066360508547e-18
7272.499999999999	2.1571475748870197e-17	5.850142238052682e-18
7272.749999999999	2.728519439721696e-17	6.14214485249972e-18
7272.999999999999	3.447808568873717e-17	6.538933466174057e-18
7273.249999999999	3.3458165376014387e-17	6.6607643491036235e-18
7273.499999999999	2.894959759495941e-17	6.732779106822796e-18
7273.749999999999	3.5506118988907874e-17	7.584524088436505e-18
7273.999999999999	3.6075649384262885e-17	8.43466227171033e-18
7274.249999999999	3.847296438322937e-17	9.404794583363546e-18
7274.499999999999	3.672293806592033e-17	1.0345672825473213e-17
7274.749999999999	3.497944647545046e-17	1.1621231652144284e-17
7274.999999999999	1.561183630441142e-17	1.2986493253163056e-17
7275.249999999999	2.2244589009251548e-17	1.5886491700642303e-17
7275.499999999999	1.0749206890247766e-18	1.814349039794019e-17
7275.749999999998	-1.620008083394483e-17	1.9424824599648108e-17
7275.999999999999	-1.3172291253632267e-17	2.006838931418784e-17
7276.249999999999	-5.155734039981766e-18	1.9338394151803667e-17
7276.499999999999	1.1794854381177327e-17	1.7821143076311952e-17
7276.749999999998	-2.750969245623477e-18	1.4441122620381445e-17
7276.999999999999	1.938631107032764e-17	1.1399047630890091e-17
7277.249999999999	2.048654731180687e-17	9.088303700472182e-18
7277.499999999999	2.3242579109574326e-17	7.447973940096864e-18
7277.749999999998	2.989087619248555e-17	6.869387157805316e-18
7277.999999999999	2.4657600587521838e-17	6.391762732359541e-18
7278.25	2.0590815082380406e-17	5.981643689523606e-18
7278.499999999999	2.212793999926932e-17	5.985574038204152e-18
7278.749999999998	2.7447392934810032e-17	6.193597968142356e-18
7278.999999999999	2.861206820036837e-17	6.296761452598132e-18
7279.249999999998	2.8982625262457425e-17	6.36474246406019e-18
7279.499999999999	2.4437762450484845e-17	6.20410647064423e-18
7279.749999999999	1.7908973113752832e-17	5.981942715315044e-18
7279.999999999999	2.3908219620301873e-17	6.285850940318558e-18
7280.249999999999	2.997975509494315e-17	6.633048008318809e-18
7280.499999999999	2.268296164668015e-17	6.576169828628744e-18
7280.749999999999	1.585811444254806e-17	6.5102145824868285e-18
7280.999999999999	1.7619453281914372e-17	6.613244063683371e-18
7281.249999999999	2.0993718215142734e-17	6.681358664814356e-18
7281.499999999999	2.2453610932598798e-17	6.525652667849212e-18
7281.749999999999	2.4908984084399153e-17	6.3781804267014205e-18
7281.999999999999	2.3061489421151767e-17	6.248141016963184e-18
7282.249999999999	2.1590856590622315e-17	6.2400855185678365e-18
7282.499999999999	2.4815866708482834e-17	6.558004528786773e-18
7282.749999999999	2.937251518982307e-17	7.19575168207842e-18
7282.999999999999	3.0562503836486756e-17	8.365010355410914e-18
7283.249999999999	3.125995936793432e-17	9.841242371506738e-18
7283.499999999998	3.864626533900413e-17	1.1676188704861695e-17
7283.749999999999	3.17409450417992e-17	1.2758567771277132e-17
7283.999999999999	3.564522760688214e-17	1.3278433415473847e-17
7284.249999999999	2.6454670320627992e-17	1.2974399872607531e-17
7284.499999999998	2.8744863775907633e-17	1.20362058315856e-17
7284.749999999999	2.2497989172462268e-17	1.05901948591694e-17
7285.0	9.176159380512052e-18	8.639943684327614e-18
7285.249999999999	1.7797133331851987e-17	7.630422686265847e-18
7285.499999999998	1.8160359919352598e-17	7.021402688467555e-18
7285.749999999999	2.1457356257201157e-17	6.709568832424865e-18
7286.0	1.9364059911849963e-17	6.4591878784499636e-18
7286.249999999999	2.022408786652747e-17	6.369517364146153e-18
7286.499999999999	2.2137383093142226e-17	6.302681170651868e-18
7286.749999999999	2.2777882276331836e-17	6.16027582434627e-18
7286.999999999999	2.239703177870017e-17	6.012905326413823e-18
7287.249999999999	2.3765789044987592e-17	5.907127537632073e-18
7287.499999999999	2.4934406653345358e-17	5.835969325437199e-18
7287.749999999999	2.6766664649709518e-17	5.945907005519478e-18
7287.999999999999	2.7662129021828798e-17	6.032334971822081e-18
7288.249999999999	2.570549449419994e-17	6.049484907462143e-18
7288.499999999999	2.4497115968157975e-17	6.093755613845981e-18
7288.749999999999	2.776069090053694e-17	6.197378183541724e-18
7288.999999999999	3.112691232948884e-17	6.365194931855257e-18
7289.249999999999	3.434911499635035e-17	6.652524803021983e-18
7289.499999999999	3.511481292833354e-17	6.7483168674489924e-18
7289.749999999999	3.2090240253423194e-17	6.609982076937768e-18
7289.999999999999	2.833863206836039e-17	6.446522916091164e-18
7290.249999999998	2.3924248726211925e-17	6.2527815001996066e-18
7290.499999999999	2.4245226236745777e-17	6.256485201392313e-18
7290.749999999999	2.723794584062793e-17	6.4045141350923524e-18
7290.999999999999	2.3778511082808658e-17	6.3066859655875435e-18
7291.249999999998	1.7092957785108045e-17	6.0765035214002685e-18
7291.499999999999	1.9981578363261625e-17	6.234206745954422e-18
7291.75	2.732960572430493e-17	6.521371594588944e-18
7291.999999999999	2.665275029883239e-17	6.381053224968817e-18
7292.249999999998	2.467160806401481e-17	6.140394951913864e-18
7292.499999999999	2.3097541260969278e-17	6.034382657428456e-18
7292.75	2.123373955912602e-17	5.937124828956002e-18
7292.999999999999	2.7282765794938503e-17	6.123976243935299e-18
7293.249999999998	3.233620075420461e-17	6.305669360614716e-18
7293.499999999999	3.246843384692734e-17	6.2786635679760846e-18
7293.749999999999	3.110883677874333e-17	6.23557655704881e-18
7293.999999999999	2.6327246455986648e-17	6.185391509285218e-18
7294.249999999999	2.212614170861763e-17	6.285733480671575e-18
7294.499999999999	2.7704212662673046e-17	6.945083696430963e-18
7294.749999999999	2.9047330638693773e-17	7.583033508972684e-18
7294.999999999999	3.246499608430157e-17	8.270993006988137e-18
7295.249999999999	3.111207601802209e-17	8.76358071612469e-18
7295.499999999999	2.9642791491891096e-17	8.945089785117814e-18
7295.749999999999	2.541685312817201e-17	8.803434278037495e-18
7295.999999999999	2.1182325320972175e-17	8.21406726441285e-18
7296.249999999999	2.335988159224047e-17	7.571498475330632e-18
7296.499999999999	2.5901165722460584e-17	6.863976155828301e-18
7296.749999999999	2.92481667826992e-17	6.4738442781334844e-18
7296.999999999998	2.621644230421272e-17	6.348854806034884e-18
7297.249999999999	2.3830080830917664e-17	6.0790520648675444e-18
7297.499999999999	1.854985114566299e-17	5.7231654645324235e-18
7297.749999999999	1.8991314129860092e-17	5.700208720992239e-18
7297.999999999998	2.152754253217628e-17	5.790188600845145e-18
7298.249999999999	2.142029525703633e-17	5.750906207145308e-18
7298.499999999999	2.0517098400550905e-17	5.680496179814488e-18
7298.749999999999	2.4427743638905603e-17	5.8920438991621685e-18
7298.999999999998	2.893875491149006e-17	6.134069501769671e-18
7299.249999999999	3.128710412691586e-17	6.185311686356106e-18
7299.5	3.356635067396897e-17	6.222988108896672e-18
7299.749999999999	2.8932087835752886e-17	6.055900520293104e-18
7299.999999999998	2.4717698567746266e-17	5.903355180448525e-18
7300.249999999999	2.3836463356524123e-17	5.862114023058162e-18
7300.499999999998	2.3203390600874014e-17	5.8311675419813284e-18
7300.749999999999	2.4690679540217834e-17	5.849046637331356e-18
7300.999999999999	2.6652177889848504e-17	5.934374039828957e-18
7301.249999999999	2.9875639525602323e-17	6.194050435937423e-18
7301.499999999999	3.009524274334535e-17	6.341361790456073e-18
7301.749999999999	2.459061715587852e-17	6.310845856888073e-18
7301.999999999999	2.5310993862099925e-17	6.591695595136058e-18
7302.249999999999	2.2376977611929435e-17	7.214354974054737e-18
7302.499999999999	2.0926015136366494e-17	8.275616946612309e-18
7302.749999999999	1.8345729440264506e-17	9.593697819852281e-18
7302.999999999999	1.1053668292285925e-17	1.0313440905724471e-17
7303.249999999999	1.5650425934348244e-17	1.0721765380221473e-17
7303.499999999999	1.0273695704471911e-17	1.0545151566093438e-17
7303.749999999998	1.751235489928468e-17	1.0094970098240028e-17
7303.999999999999	1.8287165052895752e-17	9.05129894858901e-18
7304.249999999999	1.8294914080874148e-17	7.648367542474573e-18
7304.499999999999	3.179989985841708e-17	7.128233891759391e-18
7304.749999999998	3.576797790106256e-17	6.7826531346760686e-18
7304.999999999999	2.8450238585328496e-17	6.475819585436261e-18
7305.249999999999	2.1800091926567603e-17	6.164734741438237e-18
7305.499999999999	2.329959832355883e-17	6.176161828010351e-18
7305.749999999998	2.4231519853995774e-17	6.1940818688007e-18
7305.999999999999	2.63370022241311e-17	6.251644126857346e-18
7306.25	2.7555396253029856e-17	6.301205066848767e-18
7306.499999999999	2.6646258585385074e-17	6.3049629483715955e-18
7306.749999999998	2.6403990618858093e-17	6.31160479510009e-18
7306.999999999999	2.811678553679612e-17	6.3274556435881374e-18
7307.249999999998	2.8093783298322245e-17	6.2714823994882054e-18
7307.499999999999	2.337024616531576e-17	6.061998909359151e-18
7307.749999999999	1.9930645544224284e-17	5.860609381523928e-18
7307.999999999999	1.7856033554549438e-17	5.678759927708739e-18
7308.249999999999	1.9476252072691755e-17	5.707744749962904e-18
7308.499999999999	2.6053474488649973e-17	5.9573535308359865e-18
7308.749999999999	2.5981119346108734e-17	5.920078704482816e-18
7308.999999999999	2.0537452006703385e-17	5.641858573402136e-18
7309.249999999999	2.369495591477345e-17	5.856202163220246e-18
7309.499999999999	3.1094708533880924e-17	6.3450075890059e-18
7309.749999999999	3.0170615440761183e-17	6.495273219082283e-18
7309.999999999999	2.603098841087833e-17	6.5038457053604764e-18
7310.249999999999	2.78614679689255e-17	6.766165770706662e-18
7310.499999999999	3.220171442149329e-17	7.084594324182931e-18
7310.749999999999	2.231077338442314e-17	6.7582695045792304e-18
7310.999999999999	1.2901368096325224e-17	6.2964789704189454e-18
7311.249999999999	1.970019302556701e-17	6.3652557296302794e-18
7311.499999999998	2.859551135322751e-17	6.467977086048646e-18
7311.749999999999	2.801336479916984e-17	6.31873922788336e-18
7311.999999999999	2.6085994267251882e-17	6.172914316925468e-18
7312.249999999999	2.474457201148689e-17	6.053095550835937e-18
7312.499999999998	2.3217343483446558e-17	5.94724414297967e-18
7312.749999999999	2.353284174960286e-17	5.927935265940844e-18
7313.0	2.3900609558666385e-17	5.933412442366864e-18
7313.249999999999	2.5040404885760353e-17	5.97197849765623e-18
7313.499999999998	2.505057424421108e-17	6.018401527993931e-18
7313.749999999999	2.339325336687331e-17	6.077685562495607e-18
7314.0	2.4939634434816693e-17	6.359646204306251e-18
7314.249999999999	2.8516052383585665e-17	6.957638643768293e-18
7314.499999999998	3.485510137704904e-17	7.9952862641987e-18
7314.749999999999	1.876688514042343e-17	9.364711065240452e-18
7314.999999999999	3.72504840821046e-17	1.2109554418042514e-17
7315.249999999999	5.05330790432402e-17	1.5324329830183915e-17
7315.499999999999	2.6598426039283583e-17	1.7351665139128905e-17
7315.749999999999	4.5622743021223316e-17	1.882653975183953e-17
7315.999999999999	3.4141691185946555e-17	1.867019765298333e-17
7316.249999999999	6.606895369763965e-17	1.783100472357481e-17
7316.499999999999	4.1531080886339963e-17	1.5406913888179984e-17
7316.749999999999	2.9479138770781155e-17	1.2185203393782939e-17
7316.999999999999	6.838589982829048e-17	1.053628749864932e-17
7317.249999999999	6.733762376416938e-17	8.843879274088275e-18
7317.499999999999	6.922094858283011e-17	8.074483844766977e-18
7317.749999999999	5.073414018037224e-17	7.329931957963096e-18
7317.999999999999	5.805224345557583e-17	7.317204129877743e-18
7318.249999999998	6.061299610869299e-17	7.289322352970418e-18
7318.499999999999	5.739014824095368e-17	7.14049022689559e-18
7318.749999999999	5.2098515043774355e-17	6.948594250950638e-18
7318.999999999999	4.139952939044198e-17	6.570791086695618e-18
7319.249999999998	3.417326632428893e-17	6.291303301326201e-18
7319.499999999999	3.4834418553012764e-17	6.31576013690725e-18
7319.75	3.352322809427536e-17	6.239889063172355e-18
7319.999999999999	2.8332778938345966e-17	5.983179350330811e-18
7320.249999999998	2.5447880672948875e-17	5.837881353423115e-18
7320.499999999999	2.5580241151485935e-17	5.848574730791894e-18
7320.75	2.4452044550941186e-17	5.7912751025797335e-18
7320.999999999999	2.131110410745688e-17	5.6789696179940215e-18
7321.249999999998	1.9206622625862745e-17	5.590986552139819e-18
7321.499999999999	1.8491000553802294e-17	5.517166886324055e-18
7321.749999999999	2.1492322836054998e-17	5.691864950153417e-18
7321.999999999999	2.6239489210439672e-17	5.9742329784157436e-18
7322.249999999999	2.4887222616844108e-17	5.86447355575547e-18
7322.499999999999	2.1636164581494294e-17	5.626901079975646e-18
7322.749999999999	2.3861330060098692e-17	5.748829570217494e-18
7322.999999999999	2.6591246111566622e-17	5.930926764626142e-18
7323.249999999999	2.898476600588271e-17	6.046359405517611e-18
7323.499999999999	3.190045855112393e-17	6.156309906899385e-18
7323.749999999999	2.0859666979433616e-17	5.64893262200069e-18
7323.999999999999	1.115031607505662e-17	5.160952308876057e-18
7324.249999999999	1.8267732925945656e-17	5.567260117039654e-18
7324.499999999999	2.4258105438883228e-17	5.8708672483001984e-18
7324.749999999999	2.2434964627230628e-17	5.762865998031906e-18
7324.999999999998	2.0837870770292843e-17	5.66435995401511e-18
7325.249999999999	1.954731681347741e-17	5.5875744321130375e-18
7325.499999999999	2.009788988355393e-17	5.614997950961008e-18
7325.749999999999	2.5682290423656602e-17	5.856009430137521e-18
7325.999999999998	2.958264222646869e-17	6.010518496756301e-18
7326.249999999999	3.148368194512786e-17	6.055025363205023e-18
7326.499999999999	3.13439545960554e-17	6.101435158652923e-18
7326.749999999999	2.848598602268059e-17	6.15130091470007e-18
7326.999999999998	2.849758309486858e-17	6.302784568228437e-18
7327.249999999999	2.945814161811211e-17	6.534879867582241e-18
7327.5	3.6869633584472934e-17	7.284429579647167e-18
7327.749999999999	2.968450124709847e-17	8.212861235079748e-18
7327.999999999998	3.478776556646477e-17	9.881234072581839e-18
7328.249999999999	4.00021963427133e-17	1.1574597690750382e-17
7328.499999999998	2.869086542552017e-17	1.2270243351017678e-17
7328.749999999999	3.766840219734599e-17	1.273054123776261e-17
7328.999999999999	2.295756741207428e-17	1.2109525466721075e-17
7329.249999999999	2.6423081947395817e-17	1.1291267651435656e-17
7329.499999999999	1.7025805608619765e-17	9.706283718665649e-18
7329.749999999999	1.1860937840314189e-17	7.836251692448642e-18
7329.999999999999	2.3288911150044646e-17	7.104562464169961e-18
7330.249999999999	2.1933282894439667e-17	6.354234788738929e-18
7330.499999999999	2.569972739096922e-17	6.331228827952298e-18
7330.749999999999	3.2714688824006825e-17	6.384307353498601e-18
7330.999999999999	4.044020502067238e-17	6.7366503120895445e-18
7331.249999999999	4.599090787698087e-17	6.991851661084098e-18
7331.499999999999	4.8310613482155176e-17	7.060149482720764e-18
7331.749999999999	5.128827178144396e-17	7.155701251179827e-18
7331.999999999999	5.672408255939128e-17	7.292483010090983e-18
7332.249999999999	6.187492961631409e-17	7.400206741263764e-18
7332.499999999999	6.599624121307379e-17	7.474476806923063e-18
7332.749999999998	6.582649051648811e-17	7.442582376864243e-18
7332.999999999999	6.125717128252478e-17	7.30807288309577e-18
7333.249999999999	5.717218945826841e-17	7.150073941472629e-18
7333.499999999999	5.34906401623664e-17	6.971113415946781e-18
7333.749999999998	5.008442951388124e-17	6.845178476408033e-18
7333.999999999999	4.7338150175535784e-17	6.7478892150723025e-18
7334.25	3.872737205242618e-17	6.459044776203992e-18
7334.499999999999	2.845578400415505e-17	6.095041879698501e-18
7334.749999999998	3.0545192600627246e-17	6.188365637177652e-18
7334.999999999999	3.523588239150925e-17	6.369804809409015e-18
7335.25	3.673526636576982e-17	6.3802458966909654e-18
7335.499999999999	3.748811321975638e-17	6.374934156387456e-18
7335.749999999998	3.4247606700300295e-17	6.266313761430668e-18
7335.999999999999	3.0602711431701733e-17	6.134832162294445e-18
7336.249999999999	2.547031877424499e-17	5.946472797058464e-18
7336.499999999999	2.1762489950282168e-17	5.830119504145224e-18
7336.749999999999	2.737593776477525e-17	6.05971754522973e-18
7336.999999999999	3.339305964436156e-17	6.281440826882731e-18
7337.249999999999	3.8994260222705187e-17	6.516755926770898e-18
7337.499999999999	3.892693764701072e-17	6.5175256183308784e-18
7337.749999999999	2.6670344430461393e-17	6.0133867455303286e-18
7337.999999999999	2.010543211637919e-17	5.7909458846959374e-18
7338.249999999999	2.224331018802454e-17	6.03353355652967e-18
7338.499999999999	2.410719957101273e-17	6.301550001164202e-18
7338.749999999999	2.261433212561785e-17	6.617639701458478e-18
7338.999999999999	3.202546208529294e-17	7.652353725846466e-18
7339.249999999999	2.4701115250825803e-17	9.028622619276481e-18
7339.499999999998	4.5359752525990656e-17	1.1953254505397557e-17
7339.749999999999	3.326677232588187e-17	1.4888395721201118e-17
7339.999999999999	1.843757130367627e-17	1.747936197337239e-17
7340.249999999999	4.158454984113539e-17	1.9833446859165628e-17
7340.499999999998	1.9366458735626366e-17	2.0175439720342002e-17
7340.749999999999	5.933649760484606e-17	2.0140430128096308e-17
7341.0	2.1448244035573272e-17	1.745313703923201e-17
7341.249999999999	1.1751687960911247e-17	1.3936051101440242e-17
7341.499999999998	2.2971804844777543e-17	1.1300678485264672e-17
7341.749999999999	9.357620266234494e-19	7.962238744365981e-18
7342.0	2.605163980205133e-17	7.302003031760856e-18
7342.249999999999	3.074776582391903e-17	6.636769080304379e-18
7342.499999999998	2.4808111063059537e-17	6.319946911577687e-18
7342.749999999999	2.3786814321797465e-17	6.0758153071306244e-18
7342.999999999999	2.613636294911146e-17	6.057602444403432e-18
7343.249999999999	2.6994878817629223e-17	6.0664342518036605e-18
7343.499999999999	2.7186308263708695e-17	6.151929985555916e-18
7343.749999999999	2.590241476518554e-17	6.1941964333155384e-18
7343.999999999999	2.3156307480407495e-17	6.1599383346563485e-18
7344.249999999999	2.3035588741811507e-17	6.2113273438015116e-18
7344.499999999999	2.6375677880851628e-17	6.3583636607664876e-18
7344.749999999999	2.639341759626844e-17	6.334131818312053e-18
7344.999999999999	2.396933503267974e-17	6.156877352799596e-18
7345.249999999999	2.4404688460872525e-17	6.108285454895781e-18
7345.499999999999	2.589387495254154e-17	6.139087179365418e-18
7345.749999999999	2.5957428893365216e-17	6.134501290049424e-18
7345.999999999999	2.5476836957471906e-17	6.114151819800007e-18
7346.249999999998	2.2052494509959584e-17	6.013559212688046e-18
7346.499999999999	1.7962723309956528e-17	5.886327667539121e-18
7346.749999999999	1.9870828805408125e-17	5.980777217831957e-18
7346.999999999999	2.3262322256434742e-17	6.1030138328519805e-18
7347.249999999998	2.458585755863389e-17	6.156732596192399e-18
7347.499999999999	2.5691554846517196e-17	6.204988658767518e-18
7347.749999999999	2.536473413213627e-17	6.052727869053657e-18
7347.999999999999	2.4433858157993595e-17	5.894892295601495e-18
7348.249999999998	1.8902685035947485e-17	5.742365980911004e-18
7348.499999999999	1.6113456825837053e-17	5.688068604732105e-18
7348.75	2.5960300864452e-17	6.0853448413775416e-18
7348.999999999999	3.140023927365596e-17	6.3033085871464895e-18
7349.249999999998	2.6109562297264743e-17	6.1156138615326945e-18
7349.499999999999	2.2074085578308443e-17	6.005081024999684e-18
7349.749999999998	2.1321910394979274e-17	6.027734193255061e-18
7349.999999999999	2.0456439591871166e-17	6.038216225977333e-18
7350.249999999999	2.002853078919136e-17	6.044352251761251e-18
7350.499999999999	2.0120212179564287e-17	6.071098723277847e-18
7350.749999999999	2.030871340627532e-17	6.1088607590118116e-18
7350.999999999999	1.866019869373879e-17	6.0428376840596666e-18
7351.249999999999	1.5514265388077116e-17	5.914467111207256e-18
7351.499999999999	1.8594249237861163e-17	6.079303941364067e-18
7351.749999999999	2.5541295833885714e-17	6.379177592929853e-18
7351.999999999999	2.943789223671681e-17	6.541444372923462e-18
7352.249999999999	3.3413845038793796e-17	6.6715102524413e-18
7352.499999999999	3.185884474886761e-17	6.488922126339101e-18
7352.749999999999	2.880426196133384e-17	6.2340338652063985e-18
7352.999999999999	2.7231778381980735e-17	6.1092958560140145e-18
7353.249999999999	2.5498447878155467e-17	5.996315392048459e-18
7353.499999999999	2.5611824561634435e-17	6.0369564299044146e-18
7353.749999999999	2.5813157014007392e-17	6.0727179293269196e-18
7353.999999999998	2.6770233106872072e-17	6.067510000190286e-18
7354.249999999999	2.7339826367953636e-17	6.042738008795854e-18
7354.499999999999	2.5762553412853848e-17	5.9595157809572e-18
7354.749999999999	2.505151723010939e-17	5.92716929669362e-18
7354.999999999998	2.801102553239754e-17	6.032106669973016e-18
7355.249999999999	2.870875899653092e-17	6.071260437087601e-18
7355.5	2.4658914150334572e-17	5.9684398189957284e-18
7355.749999999999	2.3776934476561132e-17	5.984001154269382e-18
7355.999999999998	2.6767293306975058e-17	6.157837295900464e-18
7356.249999999999	2.801777201747352e-17	6.254494177657898e-18
7356.5	2.5811461293751658e-17	6.2759007847301574e-18
7356.749999999999	2.6916961712649178e-17	6.552097632032532e-18
7356.999999999998	2.5713784498298946e-17	6.996099233529558e-18
7357.249999999999	3.073151668796604e-17	8.219859183061947e-18
7357.499999999999	2.521925126036167e-17	9.639929771468482e-18
7357.749999999999	1.9009247405540242e-17	1.0774794274931022e-17
7357.999999999999	2.088648913797626e-17	1.1775035133700557e-17
7358.249999999999	1.4359962967400192e-17	1.1888463102377503e-17
7358.499999999999	2.822614873994298e-17	1.1815385831161506e-17
7358.749999999999	1.7740153822536885e-17	1.0643013650003362e-17
7358.999999999999	1.636520428218389e-17	9.216346296211715e-18
7359.249999999999	2.4559907248456875e-17	8.149469421656134e-18
7359.499999999999	2.3778511082808658e-17	6.998768545366267e-18
7359.749999999999	3.0095451192859715e-17	6.731372899781456e-18
7359.999999999999	2.83418944686963e-17	6.475134266298761e-18
7360.249999999999	3.0084234623753496e-17	6.402481338737003e-18
7360.499999999999	2.888377387053489e-17	6.2877964691192825e-18
7360.749999999998	2.3182762370758166e-17	6.023719472152035e-18
7360.999999999999	1.9166226433468105e-17	5.8228800194241596e-18
7361.249999999999	2.045366688245789e-17	5.7752199404803855e-18
7361.499999999999	2.2413524105753253e-17	5.82834933763436e-18
7361.749999999998	2.4576404538593633e-17	6.00985551149534e-18
7361.999999999999	2.5571760895846042e-17	6.05365058902696e-18
7362.25	2.4500469358361265e-17	5.9567492753985165e-18
7362.499999999999	2.4955853792267633e-17	6.008810368791379e-18
7362.749999999998	2.7072127560674325e-17	6.182147720513091e-18
7362.999999999999	2.6341799871683906e-17	6.173496238486399e-18
7363.25	2.3891151575542454e-17	6.059843690273144e-18
7363.499999999999	1.91774347307682e-17	5.8560760181768314e-18
7363.749999999998	1.3819761087843862e-17	5.619135508384998e-18
7363.999999999999	2.2256351517562052e-17	5.994054707434352e-18
7364.249999999999	3.3662181202294465e-17	6.4757426576392936e-18
7364.499999999999	2.861826874624007e-17	6.3390460983312305e-18
7364.749999999999	2.199019457494454e-17	6.126625703437307e-18
7364.999999999999	2.0002906388175692e-17	5.974110969275392e-18
7365.249999999999	1.9939850410080775e-17	5.867866237037856e-18
7365.499999999999	3.463237472531301e-17	6.44596580994861e-18
7365.749999999999	4.513330687022059e-17	6.843632062252865e-18
7365.999999999999	3.348313961306859e-17	6.428418827614522e-18
7366.249999999999	2.4032710302491104e-17	6.062148215459717e-18
7366.499999999999	2.125183496220623e-17	5.937110766885589e-18
7366.749999999999	2.162511841159426e-17	5.9847778768645696e-18
7366.999999999999	2.752138754932535e-17	6.386757462472983e-18
7367.249999999999	3.509435509742388e-17	6.824636273075891e-18
7367.499999999998	2.7459014822416402e-17	7.345145463789172e-18
7367.749999999999	3.429585449106929e-17	8.779431151022431e-18
7367.999999999999	2.5508987813520618e-17	1.0794381911836278e-17
7368.249999999999	2.767510914000098e-17	1.323324288424885e-17
7368.499999999998	3.6636457987239136e-17	1.5903349641526133e-17
7368.749999999999	1.1391047140005478e-17	1.71066674765805e-17
7368.999999999999	1.8753354119963287e-17	1.7683510148550478e-17
7369.249999999999	1.6141570420111046e-18	1.669612781240308e-17
7369.499999999998	1.94695337117566e-17	1.5091743185546254e-17
7369.749999999999	1.7221356068510976e-17	1.2655866680783774e-17
7370.0	7.240371458680755e-18	9.545552599479245e-18
7370.249999999999	1.9867602801019168e-17	7.911666576075714e-18
7370.499999999998	1.095827451532386e-17	6.1003544471826225e-18
7370.749999999999	1.6931068613064067e-17	5.8027518199886005e-18
7370.999999999998	1.3638516716646755e-17	5.5861132175609626e-18
7371.249999999999	2.2374709482689815e-17	5.878288712756024e-18
7371.499999999999	2.799885274250321e-17	6.108668025929087e-18
7371.749999999999	2.5999843406454485e-17	6.0430887333755764e-18
7371.999999999999	2.3956126612658494e-17	5.982451017801458e-18
7372.249999999999	2.201554104327439e-17	5.897611651865263e-18
7372.499999999999	2.115486457899664e-17	5.9162703649426215e-18
7372.749999999999	2.373118477124205e-17	6.179965618057176e-18
7372.999999999999	2.483336488716078e-17	6.36450919912745e-18
7373.249999999999	2.5230894654663965e-17	6.437896249482849e-18
7373.499999999999	2.807373905771886e-17	6.674488929827103e-18
7373.749999999999	3.4418128329216877e-17	7.059316511843923e-18
7373.999999999999	3.154935346831967e-17	6.936764741010517e-18
7374.249999999998	2.1959085966467646e-17	6.399332262145014e-18
7374.499999999999	2.2662794983346108e-17	6.217225555159321e-18
7374.749999999999	2.761528909246237e-17	6.250628349065131e-18
7374.999999999999	3.1878088278638043e-17	6.3688709224974424e-18
7375.249999999998	3.534682716398731e-17	6.52168964553447e-18
7375.499999999999	3.2538436487806476e-17	6.38073186530084e-18
7375.749999999999	2.816730641988841e-17	6.166224080131139e-18
7375.999999999999	3.3685911359707387e-17	6.361699680176914e-18
7376.249999999998	3.9707726662089324e-17	6.589069296691202e-18
7376.499999999999	3.820667509171385e-17	6.588728911869137e-18
7376.75	3.6661710156979155e-17	6.5692525307562695e-18
7376.999999999999	3.2396151496280005e-17	6.342936742342374e-18
7377.249999999998	2.845465242107708e-17	6.148379726366839e-18
7377.499999999999	2.832538063494729e-17	6.2299041659982275e-18
7377.749999999998	2.766014047963622e-17	6.246586331001891e-18
7377.999999999999	2.324575879184898e-17	6.03384788516244e-18
7378.249999999998	1.9940677590693328e-17	5.891947532620806e-18
7378.499999999999	2.0146119476349448e-17	5.929835299807879e-18
7378.749999999999	2.1810415140612265e-17	5.998387893073211e-18
7378.999999999999	2.5359479880885333e-17	6.0973629484973245e-18
7379.249999999999	2.6820995526703226e-17	6.128677111356438e-18
7379.499999999999	2.6083684778981634e-17	6.089923699658329e-18
7379.749999999999	2.6760733764717513e-17	6.0832194007935866e-18
7379.999999999999	2.8034504226904245e-17	6.10142440530496e-18
7380.249999999999	2.6138272081965234e-17	5.976672747632469e-18
7380.499999999999	2.2292922826804247e-17	5.773597839299169e-18
7380.749999999999	2.0494665262338467e-17	5.7186842135639175e-18
7380.999999999999	1.9150349528790762e-17	5.72640925330455e-18
7381.249999999999	2.2329988790052748e-17	5.8935861774142736e-18
7381.499999999999	2.6020261532694744e-17	6.08995802765375e-18
7381.749999999999	2.3901349058134007e-17	6.011712531970521e-18
7381.999999999998	2.1453399025150703e-17	5.8974015479896744e-18
7382.249999999999	2.7699408397675338e-17	6.1869453680658986e-18
7382.499999999999	3.264889487808436e-17	6.4412897579458475e-18
7382.749999999999	2.9516107126717375e-17	6.306849333758523e-18
7382.999999999998	2.7522957538127976e-17	6.204686737843936e-18
7383.249999999999	2.9045325552888945e-17	6.2935594364469395e-18
7383.5	2.916470756761505e-17	6.302579427436524e-18
7383.749999999999	2.4290166959425783e-17	6.0531282244701325e-18
7383.999999999998	2.060195885959272e-17	5.8474129556215636e-18
7384.249999999999	1.94839647047232e-17	5.755140131110661e-18
7384.5	1.846762277533032e-17	5.6594638719694086e-18
7384.749999999999	1.7735498450049436e-17	5.5494004604340215e-18
7384.999999999998	1.9643372334929518e-17	5.6055143252380875e-18
7385.249999999999	2.4014080540735184e-17	5.8378896252292406e-18
7385.499999999999	2.5905839292921508e-17	5.932498407789993e-18
7385.749999999999	2.6100592350702218e-17	5.928698753646231e-18
7385.999999999999	2.4598407542887543e-17	5.856944144229706e-18
7386.249999999999	2.1667210324244635e-17	5.746067200561873e-18
7386.499999999999	2.1267870685561184e-17	5.7560177697405795e-18
7386.749999999999	2.20449373878833e-17	5.815785291310292e-18
7386.999999999999	2.155519848877638e-17	5.898368935716055e-18
7387.249999999999	2.0909484759005234e-17	5.9734521199174935e-18
7387.499999999999	2.378743139853443e-17	6.097082534269669e-18
7387.749999999999	2.724472706728964e-17	6.225563949324162e-18
7387.999999999999	2.5735818935456134e-17	6.127215069623751e-18
7388.249999999999	2.420338909572407e-17	6.034572908969343e-18
7388.499999999999	2.5889985549301317e-17	6.0985354770156184e-18
7388.749999999998	2.6820873103972568e-17	6.183776852729514e-18
7388.999999999999	2.7703858629370873e-17	6.355480522741434e-18
7389.249999999999	2.788108207561036e-17	6.501652435966292e-18
7389.499999999999	2.9399137170657477e-17	6.603831161902824e-18
7389.749999999998	2.9551675893057155e-17	6.62331209250906e-18
7389.999999999999	2.4477410871605737e-17	6.4865762421219006e-18
7390.249999999999	2.1293372663846194e-17	6.394386962852866e-18
7390.499999999999	2.129753834541101e-17	6.378492687382659e-18
7390.749999999998	2.667289049238683e-17	7.146755292855066e-18
7390.999999999999	2.9636819247868464e-17	8.466057084679167e-18
7391.25	2.5800001533545348e-17	9.438858708169092e-18
7391.499999999999	2.6429800308330973e-17	1.0222269885789489e-17
7391.749999999998	2.2660301860979873e-17	1.0490498915841447e-17
7391.999999999999	2.7109615386035228e-17	1.0552360445131838e-17
7392.249999999998	2.487572811505207e-17	9.809327261932604e-18
7392.499999999999	2.7311356465630786e-17	8.722721302587021e-18
7392.749999999999	2.6704654227908868e-17	7.694849302635765e-18
7392.999999999999	1.8710358926084006e-17	6.555199972919912e-18
7393.249999999999	2.1294720968244656e-17	6.321131020624557e-18
7393.499999999999	2.213306190162225e-17	6.159405630341864e-18
7393.749999999999	2.6441188931004603e-17	6.191424551082873e-18
7393.999999999999	2.878431698240396e-17	6.202008327020489e-18
7394.249999999999	2.48508415591428e-17	5.9610018109276516e-18
7394.499999999999	2.137153295992633e-17	5.780679746113542e-18
7394.749999999999	2.2848116527782488e-17	5.885664268687853e-18
7394.999999999999	2.3717076378714344e-17	5.9511132802948864e-18
7395.249999999999	2.360946514410487e-17	5.913314021433357e-18
7395.499999999998	2.3978473724087227e-17	5.9027819442840256e-18
7395.749999999999	2.4602778365244274e-17	5.949980042855689e-18
7395.999999999999	2.5114351523800144e-17	5.952601378216869e-18
7396.249999999999	2.4172182879934895e-17	5.889851870538903e-18
7396.499999999998	2.4587324977040558e-17	5.8910359795857726e-18
7396.749999999999	2.6570502076165018e-17	5.960719328748465e-18
7396.999999999999	2.5681704779782915e-17	5.927690834069835e-18
7397.249999999999	2.27508036917993e-17	5.823648056622915e-18
7397.499999999998	2.3023273676851817e-17	5.876912284216736e-18
7397.749999999999	2.5275600458050006e-17	5.999730407207384e-18
7398.0	2.836637239738297e-17	6.161854912135634e-18
7398.249999999999	3.165063346252066e-17	6.335874687862702e-18
7398.499999999998	2.6178802277619107e-17	6.1168269219010035e-18
7398.749999999999	1.973128674479288e-17	5.815971820538423e-18
7398.999999999998	2.7957920537071635e-17	6.172061493713926e-18
7399.249999999999	3.6148507452616555e-17	6.51999351168843e-18
7399.499999999999	2.62243021743932e-17	6.159511095869965e-18
7399.749999999999	1.7215802377878295e-17	5.9577034282350964e-18
7399.999999999999	2.9487089630829015e-17	6.964783002718913e-18
7400.249999999999	3.7511241189683365e-17	8.069867349768319e-18
7400.499999999999	3.916126467965719e-17	9.776075428488585e-18
7400.749999999999	3.579182055503879e-17	1.1402396058009705e-17
7400.999999999999	4.0523932242275e-17	1.3200237550627371e-17
7401.249999999999	3.170320244480963e-17	1.4196366494571905e-17
7401.499999999999	2.372822015592666e-17	1.4171529569499388e-17
7401.749999999999	1.3287026167677048e-17	1.356908813911273e-17
7401.999999999999	1.8677620771800382e-17	1.222364992147379e-17
7402.249999999999	2.221716300886174e-17	1.0555084350888975e-17
7402.499999999999	1.470451016230813e-17	8.407267704183798e-18
7402.749999999999	2.4913556738825347e-17	7.23550350077588e-18
7402.999999999999	3.468363676223415e-17	6.797781027308745e-18
7403.249999999998	2.7205856195944548e-17	6.3374202748372575e-18
7403.499999999999	1.9760036234162772e-17	5.8398293637656774e-18
7403.749999999999	2.349277642945324e-17	5.925072393840798e-18
7403.999999999999	2.9486282302551163e-17	6.155113390143327e-18
7404.249999999998	2.796020355556228e-17	6.069154435248041e-18
7404.499999999999	2.550733014357306e-17	5.9400360911218826e-18
7404.75	2.2033983862211872e-17	5.781028402741733e-18
7404.999999999999	1.9475759073046673e-17	5.623127482021179e-18
7405.249999999998	1.9840694615692818e-17	5.593538817919851e-18
7405.499999999999	2.0561026654161146e-17	5.619027147724754e-18
7405.75	2.6370956333915175e-17	5.960864912536274e-18
7405.999999999999	3.139660629640563e-17	6.239613612028375e-18
7406.249999999998	3.3868996207767424e-17	6.36081707846332e-18
7406.499999999999	3.4547247914113954e-17	6.395968532184067e-18
7406.749999999999	3.0788036284860564e-17	6.239827851807026e-18
7406.999999999999	2.7884132717709455e-17	6.076115573692981e-18
7407.249999999999	2.5239045692420063e-17	5.894692531483563e-18
7407.499999999999	2.4255084575286184e-17	5.796878837639474e-18
7407.749999999999	2.4854142009786888e-17	5.784694467216568e-18
7407.999999999999	2.516079275211132e-17	5.798590274326846e-18
7408.249999999999	2.4870344823625576e-17	5.831922757880589e-18
7408.499999999999	2.6917540739077965e-17	5.9523217911698264e-18
7408.749999999999	3.042635983382788e-17	6.117375342647126e-18
7408.999999999999	2.920011751527722e-17	6.077924617692635e-18
7409.249999999999	2.5434045250023313e-17	5.970202127290773e-18
7409.499999999999	2.2161746870904363e-17	5.8213497352909365e-18
7409.749999999999	1.9488560520206544e-17	5.660876282865343e-18
7409.999999999998	2.2196544704913243e-17	5.770681614049613e-18
7410.249999999999	2.496117918105125e-17	5.899979869959002e-18
7410.499999999999	2.824138540682621e-17	6.116635843179504e-18
7410.749999999999	3.061417946371417e-17	6.299556082297643e-18
7410.999999999998	2.5925961288502473e-17	6.191997373657066e-18
7411.249999999999	2.2146839421904932e-17	6.131886572133144e-18
7411.499999999999	2.438526295136733e-17	6.323132797706935e-18
7411.749999999999	2.4166994803132962e-17	6.37532251768505e-18
7411.999999999998	1.7324708977327027e-17	6.0231193526176275e-18
7412.249999999999	1.5850375340737012e-17	5.850260111289971e-18
7412.5	2.1420445803907815e-17	6.041230885719782e-18
7412.749999999999	2.394390419192741e-17	6.118946158630364e-18
7412.999999999998	2.3002595815899216e-17	6.04663278871006e-18
7413.249999999999	2.5501677191266874e-17	6.121292456437871e-18
7413.499999999998	3.1120122831021e-17	6.328425512856356e-18
7413.749999999999	3.2453901937926007e-17	6.353513487244783e-18
7413.999999999999	3.095256912614226e-17	6.268981418906151e-18
7414.249999999999	2.8373774009504094e-17	6.119672836798492e-18
7414.499999999999	2.4657440114483003e-17	5.93703507985954e-18
7414.749999999999	2.3852343569923916e-17	5.947280952516928e-18
7414.999999999999	2.3882477759639223e-17	6.010120209291357e-18
7415.249999999999	2.6140522013231378e-17	6.162859936579886e-18
7415.499999999999	2.885981871999535e-17	6.321047061792383e-18
7415.749999999999	2.834372419221127e-17	6.293109863784017e-18
7415.999999999999	2.837433980104308e-17	6.258462990236927e-18
7416.249999999999	2.793990785205268e-17	6.221425151129253e-18
7416.499999999999	2.7472420111423436e-17	6.169353304388427e-18
7416.749999999998	2.4913715557502957e-17	6.0325558290456324e-18
7416.999999999999	2.312548011333887e-17	5.971534301667289e-18
7417.249999999999	2.704075260004019e-17	6.194617881837634e-18
7417.499999999999	2.904335686303107e-17	6.283396281850807e-18
7417.749999999998	2.639457399476479e-17	6.092104147753019e-18
7417.999999999999	2.5798046078577273e-17	6.006078191228116e-18
7418.249999999999	2.7899260196751825e-17	6.094146870275718e-18
7418.499999999999	2.954674589660634e-17	6.15528627089135e-18
7418.749999999998	3.053356905865965e-17	6.1683292547900864e-18
7418.999999999999	2.974489535798219e-17	6.143008842649532e-18
7419.25	2.7962572600836633e-17	6.089444348493354e-18
7419.499999999999	2.9134406287416006e-17	6.11326508218335e-18
7419.749999999998	3.1729609358684775e-17	6.1760100403679475e-18
7419.999999999999	2.930198646207435e-17	6.015305390961145e-18
7420.249999999998	2.4479829547716842e-17	5.762858139816087e-18
7420.499999999999	2.581062253261053e-17	5.851299463729644e-18
7420.749999999999	2.8903397903387096e-17	6.010358023717466e-18
7420.999999999999	2.6129821604827392e-17	5.9139517776856354e-18
7421.249999999999	2.2066427540197427e-17	5.785378131992843e-18
7421.499999999999	2.5123528265515807e-17	5.9352123873797796e-18
7421.749999999999	2.7086045701661142e-17	6.068444300692164e-18
7421.999999999999	2.334156285039487e-17	5.986865267140347e-18
7422.249999999999	2.0937802460095375e-17	5.931504963874317e-18
7422.499999999999	2.334489638826346e-17	6.0133867455303286e-18
7422.749999999999	2.650836261418881e-17	6.121944688350869e-18
7422.999999999999	3.1422457344909135e-17	6.319092020414614e-18
7423.249999999999	3.4114258568111847e-17	6.3973168365825285e-18
7423.499999999999	3.17580445194219e-17	6.232383639884355e-18
7423.749999999999	2.8891860388203207e-17	6.054471979375225e-18
7423.999999999999	2.6216718582537313e-17	5.861319516079805e-18
7424.249999999999	2.4918066527524986e-17	5.79869201754219e-18
7424.499999999998	2.464672812555044e-17	5.857896229114754e-18
7424.749999999999	2.547470944893642e-17	5.914651572483855e-18
7424.999999999999	2.785069145990516e-17	5.974638710506201e-18
7425.249999999999	2.5890516599254576e-17	5.8398773402412055e-18
7425.499999999998	2.2112000228865424e-17	5.6090207438547e-18
7425.749999999999	1.9671455116725694e-17	5.5102884659403704e-18
7426.0	1.6898509129792755e-17	5.453485559686048e-18
7426.249999999999	2.170222322521278e-17	5.7206210569682104e-18
7426.499999999998	2.8013947134321077e-17	6.021747059981402e-18
7426.749999999999	2.548276453374146e-17	5.900122972204974e-18
7427.0	2.2918805728570045e-17	5.764733771855051e-18
7427.249999999999	2.576888796198478e-17	5.920602723400868e-18
7427.499999999998	2.798713986502946e-17	6.040373513014871e-18
7427.749999999999	2.3571047567735458e-17	5.901913818231151e-18
7427.999999999999	2.2280750036909916e-17	5.9580177568678666e-18
7428.249999999999	2.8548358749589536e-17	6.680042620459784e-18
7428.499999999999	3.312724680887887e-17	7.329965872368211e-18
7428.749999999999	2.863670494773265e-17	7.949754107380719e-18
7428.999999999999	2.0795348723723943e-17	8.391281611665598e-18
7429.249999999999	1.7969133959703814e-17	8.633836609865135e-18
7429.499999999999	1.7485904972017686e-17	8.612182675789722e-18
7429.749999999999	1.9794666977687917e-17	8.301355498552509e-18
7429.999999999999	2.1515885902984184e-17	7.725792474990149e-18
7430.249999999999	2.4522111711908102e-17	6.933700036841008e-18
7430.499999999999	2.7226944338480975e-17	6.405863680261733e-18
7430.749999999999	2.20554673970811e-17	6.034017043597707e-18
7430.999999999999	2.1606348029134208e-17	5.830282872316203e-18
7431.249999999998	2.0510737381640372e-17	5.686762072954577e-18
7431.499999999999	2.1877557390933194e-17	5.718502647419462e-18
7431.749999999999	2.3567945640438384e-17	5.790079413004288e-18
7431.999999999999	2.5665359690878867e-17	5.908505620532586e-18
7432.249999999998	2.7574411480951225e-17	6.032194351117947e-18
7432.499999999999	2.7609086892229448e-17	5.999878886127338e-18
7432.749999999999	2.773103812993814e-17	5.975285152154911e-18
7432.999999999999	2.7837817220851386e-17	6.022926619534903e-18
7433.249999999998	2.7852461626416025e-17	6.064528427672338e-18
7433.499999999999	2.7850731164574564e-17	6.096771927949655e-18
7433.75	2.8278651547782946e-17	6.1009872403512256e-18
7433.999999999999	2.989934321323564e-17	6.023511849818284e-18
7434.249999999998	2.975642956444363e-17	5.9520930757304555e-18
7434.499999999999	2.6402367690496264e-17	5.901683034840249e-18
7434.749999999998	2.398521690044076e-17	5.84582270089393e-18
7434.999999999999	2.3125349418802086e-17	5.785012931752401e-18
7435.249999999999	2.4295753737282966e-17	5.828632233403853e-18
7435.499999999999	2.7496864952885603e-17	5.957415569381928e-18
7435.749999999999	2.6818805152441185e-17	5.942121413446129e-18
7435.999999999999	2.2746068909973046e-17	5.8326572942645364e-18
7436.249999999999	2.4887189529619606e-17	6.0369638745299275e-18
7436.499999999999	2.7833889767302984e-17	6.35949524384446e-18
7436.749999999999	3.6746876672847615e-17	6.935580218373341e-18
7436.999999999999	3.701995546283097e-17	7.52169227628759e-18
7437.249999999999	3.2966006146435136e-17	8.590055594403929e-18
7437.499999999999	2.721007812579102e-17	9.60096129281111e-18
7437.749999999999	2.575244526576845e-17	1.0368502183199064e-17
7437.999999999998	3.2729895712388e-17	1.1010175962858499e-17
7438.249999999999	2.9392893611393926e-17	1.0740113900569124e-17
7438.499999999999	3.181264836601775e-17	1.0307869844298927e-17
7438.749999999999	2.2354913396270196e-17	9.010905237736208e-18
7438.999999999998	1.902062279332407e-17	7.75528311818889e-18
7439.249999999999	2.4836916800711083e-17	7.06729549603261e-18
7439.499999999999	2.7073335244368652e-17	6.468540809636101e-18
7439.749999999999	2.3906649631499247e-17	6.1351824732838615e-18
7439.999999999998	2.208957536245911e-17	5.849640966601475e-18
7440.249999999999	2.058458641236788e-17	5.649244469091622e-18
7440.5	2.2482578797650405e-17	5.703577827627168e-18
7440.749999999999	2.7872131981382536e-17	6.000523673414823e-18
7440.999999999998	3.058943683723148e-17	6.111551991134753e-18
7441.249999999999	3.2179502967685016e-17	6.093529793538754e-18
7441.499999999998	3.080141014100432e-17	6.0359079784780036e-18
7441.749999999999	2.7590465402279654e-17	5.9550456969269635e-18
7441.999999999999	2.896334202801759e-17	6.046013644021564e-18
7442.249999999999	3.2169063948354597e-17	6.1919754533708335e-18
7442.499999999999	2.7579768302598118e-17	5.9811490355172994e-18
7442.749999999999	2.1057548434291e-17	5.697505494750416e-18
7442.999999999999	2.153530479504448e-17	5.713457672863501e-18
7443.249999999999	2.250845797029474e-17	5.7499963084715e-18
7443.499999999999	2.24633964792453e-17	5.713273625177208e-18
7443.749999999999	2.2770336734784127e-17	5.6781722158835204e-18
7443.999999999999	2.446685273826711e-17	5.7813749914183926e-18
7444.249999999999	2.5188382534262415e-17	5.834594137668829e-18
7444.499999999999	2.1143552056939365e-17	5.6460904294159575e-18
7444.749999999998	1.7616515136378584e-17	5.492444939356683e-18
7444.999999999999	1.6252878118082866e-17	5.4395988515625075e-18
7445.249999999999	1.8870158639900675e-17	5.547284946017417e-18
7445.499999999999	2.7460512019325123e-17	5.887912545592772e-18
7445.749999999998	2.903181934784718e-17	5.984264197704174e-18
7445.999999999999	2.363690768810693e-17	5.8131763636583e-18
7446.249999999999	2.412634549347088e-17	5.843651765376285e-18
7446.499999999999	2.9363058861060364e-17	6.019784160387814e-18
7446.749999999998	2.99181268305855e-17	6.015927017191479e-18
7446.999999999999	2.7637947223801423e-17	5.9212901104898996e-18
7447.25	2.439525529316697e-17	5.769176558925073e-18
7447.499999999999	2.105502387906149e-17	5.592717841161892e-18
7447.749999999998	2.5835730772923964e-17	5.783652633235057e-18
7447.999999999999	3.270773058069403e-17	6.043137123441411e-18
7448.249999999998	2.9051268018409526e-17	5.909875018036668e-18
7448.499999999999	2.4055229467487247e-17	5.731117151760896e-18
7448.749999999998	2.426765772059699e-17	5.7314397521997914e-18
7448.999999999999	2.4407821821032876e-17	5.739791794844739e-18
7449.249999999999	2.6299168637274148e-17	5.850471042346172e-18
7449.499999999999	2.858885420365768e-17	5.956921742556234e-18
7449.749999999999	3.183610059074485e-17	6.081457092498542e-18
7449.999999999999	3.280900395745012e-17	6.135512104757964e-18
7450.249999999999	2.899754098326298e-17	5.9829663513230784e-18
7450.499999999999	2.594930432538872e-17	5.8512163320780824e-18
7450.749999999999	2.398119680266375e-17	5.769966102819755e-18
7450.999999999999	2.128474682441849e-17	5.6995238154450454e-18
7451.249999999999	1.79954184508483e-17	5.628263446444521e-18
7451.499999999999	2.0649980002873873e-17	5.7437961761901086e-18
7451.749999999999	2.808976320054524e-17	6.005566166428946e-18
7451.999999999999	2.9313315527743875e-17	6.033582360185811e-18
7452.249999999999	2.6993939140453363e-17	5.9174817709497054e-18
7452.499999999998	2.5208613717684237e-17	5.8216218777124665e-18
7452.749999999999	2.3043928376747266e-17	5.735128564141472e-18
7452.999999999999	2.1613187158438796e-17	5.668855267054029e-18
7453.249999999999	2.0173590144492334e-17	5.606579733867056e-18
7453.499999999998	2.4598528311256976e-17	5.829036724723392e-18
7453.749999999999	3.0208387816252805e-17	6.0718456673709824e-18
7454.0	2.9703268320836073e-17	6.031329120197216e-18
7454.249999999999	2.8825057281933424e-17	6.005105426827754e-18
7454.499999999998	3.360160511167598e-17	6.178760829494993e-18
7454.749999999999	3.6896182773413436e-17	6.2879714178188375e-18
7455.0	3.2389163474465157e-17	6.115539415277565e-18
7455.249999999999	2.8684075927052336e-17	5.9653333422052855e-18
7455.499999999998	2.708453857858507e-17	5.8798239599729226e-18
7455.749999999999	2.54034097888568e-17	5.784387996799617e-18
7455.999999999999	2.266088419613111e-17	5.66497082689748e-18
7456.249999999999	2.190308418463658e-17	5.64525373622636e-18
7456.499999999999	2.3681433166119434e-17	5.760203717230404e-18
7456.749999999999	2.4888436917983336e-17	5.828509397082889e-18
7456.999999999999	2.5218379411996038e-17	5.849006105481341e-18
7457.249999999999	2.42806791977998e-17	5.906777226642657e-18
7457.499999999999	2.3221201453823506e-17	5.993318103098873e-18
7457.749999999999	2.494193399691959e-17	6.086137280404367e-18
7457.999999999999	2.79293331751018e-17	6.182094367363581e-18
7458.249999999999	2.7762143429692585e-17	6.17033599495614e-18
7458.499999999999	2.756093836313396e-17	6.1356849855059874e-18
7458.749999999999	2.3951830236556894e-17	5.805870704488232e-18
7458.999999999999	1.9631376561686274e-17	5.4108344729415885e-18
7459.249999999998	2.4982646172308226e-17	5.748550810351063e-18
7459.499999999999	2.9614240525868216e-17	6.050300921136426e-18
7459.749999999999	2.5822702678276254e-17	5.8803099285827975e-18
7459.999999999999	2.2054592239993018e-17	5.75637759330704e-18
7460.249999999998	2.4451450635261373e-17	5.926499280397452e-18
7460.499999999999	2.528824143217104e-17	6.027245743103348e-18
7460.749999999999	2.1572855486131936e-17	5.927762798783127e-18
7460.999999999999	2.2300496492492782e-17	6.037542487368408e-18
7461.249999999998	3.0751703203634785e-17	6.5255596100303e-18
7461.499999999999	3.253627920076894e-17	6.7973082935886706e-18
7461.75	2.724489912085705e-17	6.8196454788500525e-18
7461.999999999999	2.4973229548214922e-17	6.828531052990097e-18
7462.249999999998	2.72327908510505e-17	6.82839746332117e-18
7462.499999999999	2.827603765704728e-17	6.776649457790159e-18
7462.749999999998	2.927113924267102e-17	6.692155853350011e-18
7462.999999999999	2.706750527541138e-17	6.417617503175805e-18
7463.249999999999	2.1688384493564767e-17	6.0375801240862795e-18
7463.499999999999	2.2620428446732367e-17	6.033246524857114e-18
7463.749999999999	2.4080597442513023e-17	6.146203414175212e-18
7463.999999999999	2.0735373166230173e-17	6.057233521850233e-18
7464.249999999999	1.7248714240090555e-17	5.9371177979207955e-18
7464.499999999999	2.1142190517651102e-17	6.1548739213559926e-18
7464.749999999999	2.538819131994705e-17	6.3630004216901536e-18
7464.999999999999	2.601855257754921e-17	6.4097985784356474e-18
7465.249999999999	2.7746660262986817e-17	6.522395230596978e-18
7465.499999999999	2.6163595389237932e-17	6.973509758181347e-18
7465.749999999999	2.3557233651505822e-17	7.375626242181138e-18
7465.999999999998	2.3598680363278404e-17	7.680939433455073e-18
7466.249999999999	2.5848176532420437e-17	7.816270317571811e-18
7466.499999999999	2.640276473719029e-17	7.59734952383414e-18
7466.749999999999	2.9152048395520537e-17	7.263322411956651e-18
7466.999999999998	3.1120288267143514e-17	6.7584283232568406e-18
7467.249999999999	2.8693274175463926e-17	6.374741423304731e-18
7467.499999999999	2.499072772689287e-17	6.127493415899875e-18
7467.749999999999	2.4809416354066145e-17	6.061780120087131e-18
7467.999999999998	2.7110417751229405e-17	6.112887887824026e-18
7468.249999999999	2.623662054807534e-17	6.03653043188895e-18
7468.5	2.3402722930525817e-17	5.900029914386062e-18
7468.749999999999	2.4501652226637216e-17	5.954914588799874e-18
7468.999999999998	2.553084523402672e-17	6.072266702302772e-18
7469.249999999999	2.5983681951646424e-17	6.1116620061562224e-18
7469.499999999998	2.3823989472886823e-17	6.1446743708129075e-18
7469.749999999999	2.664961362994959e-17	6.5764994601028465e-18
7469.999999999998	2.7290470155163822e-17	6.993742595964395e-18
7470.249999999999	2.960807637594347e-17	7.479165266635013e-18
7470.499999999999	3.0647488372620454e-17	7.875003449785527e-18
7470.749999999999	2.7476039853783968e-17	7.918984642954971e-18
7470.999999999999	2.6129573450643626e-17	7.901705667139351e-18
7471.249999999999	2.3681722679333828e-17	7.640057686040865e-18
7471.499999999999	2.1801115976165944e-17	7.252288649765807e-18
7471.749999999999	1.8896871610602463e-17	6.624593808868211e-18
7471.999999999999	1.9718323170232948e-17	6.374780300793521e-18
7472.249999999999	2.280494762597457e-17	6.742180841665074e-18
7472.499999999999	2.0378540684864597e-17	7.343255356089488e-18
7472.749999999999	1.6304378383020417e-17	8.113001509990509e-18
7472.999999999999	1.3144665902714834e-17	8.652345603251622e-18
7473.249999999999	1.8366020180690432e-17	9.024317144188143e-18
7473.499999999999	1.7004495781679174e-17	8.801384524479589e-18
7473.749999999998	1.6080128064596066e-17	8.259031148150008e-18
7473.999999999999	1.8999519761536618e-17	7.427000775665582e-18
7474.249999999999	1.7645798984424186e-17	6.4146611596665404e-18
7474.499999999999	2.5366294194771545e-17	6.2259121923620466e-18
7474.749999999998	2.844358474448112e-17	6.169558031590034e-18
7474.999999999999	2.3363812354511323e-17	5.7710662530344505e-18
7475.25	1.61742612183046e-17	5.375185883672697e-18
7475.499999999999	2.619102800707264e-17	5.808446958506028e-18
7475.749999999998	3.378233414935147e-17	6.133851539678264e-18
7475.999999999999	2.831957382704717e-17	5.9503220820389795e-18
7476.25	2.3977128728411215e-17	5.8168759289479435e-18
7476.499999999999	2.4180175099013382e-17	5.8724273109354734e-18
7476.749999999998	2.493800985209364e-17	5.905904551096413e-18
7476.999999999999	2.5995110278989456e-17	5.897601725697912e-18
7477.249999999999	2.6665550091631036e-17	5.9504718017298516e-18
7477.499999999999	2.4869676461690634e-17	6.096482414735262e-18
7477.749999999999	2.6867435100653178e-17	6.491081894918477e-18
7477.999999999999	2.9338564388761443e-17	7.088229782975102e-18
7478.249999999999	2.967375782530263e-17	7.684025644320509e-18
7478.499999999999	2.8935337001198994e-17	8.247667340894754e-18
7478.749999999999	2.910706300508745e-17	8.682523633539394e-18
7478.999999999999	3.179921164414744e-17	9.063247572537338e-18
7479.249999999999	3.152529574738418e-17	9.110074267013965e-18
7479.499999999999	3.274815324286827e-17	9.070158666555219e-18
7479.749999999999	3.1396907390148597e-17	8.542172590285072e-18
7479.999999999999	3.025684736525861e-17	7.910881581674402e-18
7480.249999999999	2.442818039026903e-17	7.293639408587332e-18
7480.499999999998	1.8752128238295484e-17	6.652769234892992e-18
7480.749999999999	2.656423039276064e-17	6.454596612459988e-18
7480.999999999999	2.6845415552747016e-17	6.271046061715084e-18
7481.249999999999	2.823050301868746e-17	6.202989776817283e-18
7481.499999999998	2.7492107010002198e-17	6.2033727614408954e-18
7481.749999999999	2.905570170649281e-17	6.4142301985674e-18
7481.999999999999	2.850297962118488e-17	6.962994638234573e-18
7482.249999999999	2.867069876218613e-17	8.055586903673203e-18
7482.499999999998	2.3338829845650996e-17	9.013377680587129e-18
7482.749999999999	2.0949748602501866e-17	9.86986861096536e-18
7483.0	2.169762575536821e-17	1.0250178132476416e-17
7483.249999999999	2.6461550808963208e-17	1.0237009417124572e-17
7483.499999999998	2.2321035387102474e-17	9.51727543023912e-18
7483.749999999999	1.2989544722442765e-17	8.201958167425687e-18
7483.999999999998	2.0523785328622784e-17	7.357497751876426e-18
7484.249999999999	2.9680232995137697e-17	6.735981950154602e-18
7484.499999999999	2.160825385326553e-17	6.095489798000198e-18
7484.749999999999	1.1524391136290864e-17	5.357043744887878e-18
7484.999999999999	2.2953289233946156e-17	5.82434288833746e-18
7485.249999999999	3.653215382071865e-17	6.4147165807675814e-18
7485.499999999999	2.823362314395801e-17	6.048515865374537e-18
7485.749999999999	2.0125666608523462e-17	5.671378581512622e-18
7485.999999999999	2.308900144832528e-17	5.722692317222043e-18
7486.249999999999	2.533852243288569e-17	5.770258924756599e-18
7486.499999999999	2.4317131393033787e-17	5.875151630282917e-18
7486.749999999999	2.3239161199283257e-17	5.959821837783845e-18
7486.999999999999	2.3933708363697082e-17	6.0103815983649234e-18
7487.249999999998	2.3272117729248595e-17	5.996256248634662e-18
7487.499999999999	1.99261920038063e-17	5.858483527349667e-18
7487.749999999999	2.0103375745376383e-17	5.885525302344944e-18
7487.999999999999	2.583564805486271e-17	6.123316153806482e-18
7488.249999999998	2.9459792670614765e-17	6.206598765829852e-18
7488.499999999999	3.029929165684993e-17	6.1430530968123035e-18
7488.749999999999	2.8760004489839804e-17	6.005743183080032e-18
7488.999999999999	2.6024483462541214e-17	5.81485140439872e-18
7489.249999999998	2.6206964468754087e-17	5.8036087791032054e-18
7489.499999999999	2.748504454193222e-17	5.8704561395357595e-18
7489.75	2.7867734689246204e-17	5.8818327680905076e-18
7489.999999999999	2.7555392944307405e-17	5.8753741418676936e-18
7490.249999999998	2.675116163066905e-17	5.8797342108764606e-18
7490.499999999999	2.6154893449193874e-17	5.882265383550873e-18
7490.749999999998	2.3716694221271345e-17	5.596022841299348e-18
7490.999999999999	2.085070365031599e-17	5.313901312859562e-18
7491.249999999998	1.9704052650305183e-17	5.410382005146522e-18
7491.499999999999	1.9055811056582077e-17	5.52324335510387e-18
7491.749999999999	2.1410372398408145e-17	5.7058869023071096e-18
7491.999999999999	2.3045966549776597e-17	5.912754847339271e-18
7492.249999999999	2.480607454439143e-17	6.213362208108392e-18
7492.499999999999	2.6120873164960793e-17	6.603595829018552e-18
7492.749999999999	2.3873570678803252e-17	7.139775542846344e-18
7492.999999999999	2.156822658342409e-17	7.429757768647221e-18
7493.249999999999	2.1091676252003714e-17	7.43142288322029e-18
7493.499999999999	2.2474667642271948e-17	7.278114882850937e-18
7493.749999999999	2.4791590611865628e-17	6.96328497862958e-18
7493.999999999999	2.4722911459966575e-17	6.47903649083848e-18
7494.249999999999	2.0658187288911625e-17	5.8549527069049844e-18
7494.499999999999	2.3620825642637674e-17	5.793565979286199e-18
7494.749999999999	2.7691055527849777e-17	5.9642323648099775e-18
7494.999999999998	2.946328999024464e-17	5.944775422441505e-18
7495.249999999999	2.984192695255711e-17	5.88136375668319e-18
7495.499999999999	3.3309620281612114e-17	6.0429526621648114e-18
7495.749999999999	3.7466494027266697e-17	6.227093406276772e-18
7495.999999999998	2.850783351701934e-17	5.84201725648588e-18
7496.249999999999	2.0518473174728968e-17	5.48460657587213e-18
7496.5	2.488381132399794e-17	5.765193270685324e-18
7496.749999999999	2.8375441605619e-17	5.948889818808344e-18
7496.999999999998	2.5722198579489836e-17	5.738660211766767e-18
7497.249999999999	2.372411568572717e-17	5.605600352021793e-18
7497.5	2.3385070896253936e-17	5.695645165552784e-18
7497.749999999999	2.3155711910366457e-17	5.755930502185955e-18
7497.999999999998	2.407172179454033e-17	5.760275681943696e-18
7498.249999999999	2.5637035372343826e-17	5.833672244876139e-18
7498.499999999999	2.684327811804418e-17	5.981075416442782e-18
7498.749999999999	2.494044010873332e-17	5.992291571958695e-18
7498.999999999999	2.1756471384145232e-17	5.892891759290035e-18
7499.249999999999	1.994103493271795e-17	5.830898708282249e-18
7499.499999999999	1.917425670285477e-17	5.788770813275229e-18
7499.749999999999	2.317590173475765e-17	5.930494149165777e-18
7499.999999999999	2.9246373455131183e-17	6.142793362099962e-18
7500.249999999999	3.017260398295376e-17	6.123580851602499e-18
7500.499999999999	2.9514694302231134e-17	6.056336030885613e-18
7500.749999999999	2.3532289192953673e-17	5.785966257408368e-18
7500.999999999999	1.6815476739904682e-17	5.4930218978339385e-18
7501.249999999999	2.1967066605017557e-17	5.676351177764985e-18
7501.499999999999	2.6394646786658694e-17	5.8350970634812615e-18
7501.749999999998	2.7150469836489222e-17	5.898553810582961e-18
7501.999999999999	2.793801195408871e-17	5.959979829280842e-18
7502.249999999999	2.836778522186921e-17	6.031590095680477e-18
7502.499999999999	2.923558040249859e-17	6.078164500070275e-18
7502.749999999998	3.06559851718726e-17	6.058846937635018e-18
7502.999999999999	3.090743484319892e-17	6.023452706404486e-18
7503.249999999999	2.97629973785073e-17	5.940330981010258e-18
7503.499999999999	2.8018238547339e-17	5.847080429015317e-18
7503.749999999998	2.5847178952601698e-17	5.7374392931826385e-18
7503.999999999999	2.5737129189546418e-17	5.7551111797892214e-18
7504.25	2.641463643334165e-17	5.854194182283273e-18
7504.499999999999	2.346377216845468e-17	5.74567428977091e-18
7504.749999999998	1.9222213326048144e-17	5.524597863356925e-18
7504.999999999999	2.033272149637406e-17	5.500947115282809e-18
7505.249999999998	2.3060157660365557e-17	5.544770730545562e-18
7505.499999999999	2.5194192650884987e-17	5.67533539997277e-18
7505.749999999999	2.688329215299582e-17	5.817803612004922e-18
7505.999999999999	2.1991933308592126e-17	5.64950130867182e-18
7506.249999999999	1.762923055675475e-17	5.467665089746432e-18
7506.499999999999	2.114884104977603e-17	5.571533745674409e-18
7506.749999999999	2.404068928667979e-17	5.6816244541700105e-18
7506.999999999999	2.5369741883564666e-17	5.753134631715526e-18
7507.249999999999	2.6124110749878326e-17	5.800172257248354e-18
7507.499999999999	2.4920230432007424e-17	5.767184294419739e-18
7507.749999999999	2.372745584104066e-17	5.7477984895839464e-18
7507.999999999999	2.3424158488919516e-17	5.758802059682433e-18
7508.249999999999	2.4196715402541992e-17	5.771418631975398e-18
7508.499999999998	2.5782455378391874e-17	5.7724257243711814e-18
7508.749999999999	2.8041972013474373e-17	5.839496837159431e-18
7508.999999999999	3.171076949305327e-17	5.971171996558991e-18
7509.249999999999	3.1165991650348293e-17	5.9662428272887876e-18
7509.499999999998	2.81250606516441e-17	5.876824603071805e-18
7509.749999999999	2.842740509169958e-17	5.863337009593822e-18
7509.999999999999	2.994019270060596e-17	5.880616398999748e-18
7510.249999999999	3.5717642306427484e-17	6.016230592476286e-18
7510.499999999998	4.3033945636618157e-17	6.1842979765154226e-18
7510.749999999999	4.134042899003629e-17	7.086388478931559e-18
7511.0	3.840374921829338e-17	7.992874205532495e-18
7511.249999999999	3.9111408849777397e-17	7.180582844005422e-18
7511.499999999998	3.9127151751195506e-17	6.2380349378293175e-18
7511.749999999999	2.8380778574931193e-17	5.8656158921814055e-18
7511.999999999998	2.0252261638191027e-17	5.53910495693988e-18
7512.249999999999	2.3490236984972702e-17	5.5827296352653144e-18
7512.499999999999	2.624974955875778e-17	5.688896198934964e-18
7512.749999999999	2.944991944282333e-17	5.959924408179801e-18
7512.999999999999	3.034775120585574e-17	6.0436139930645476e-18
7513.249999999999	2.5995479201542655e-17	5.79059019703254e-18
7513.499999999999	2.5221100836211337e-17	5.7192959136269004e-18
7513.749999999999	2.887961480641497e-17	5.887023740024584e-18
7513.999999999999	2.99470549909677e-17	5.945217964069221e-18
7514.249999999999	2.8718221942738525e-17	5.9147566244216495e-18
7514.499999999999	2.6805176524668762e-17	5.826546083898995e-18
7514.749999999999	2.4311179001345855e-17	5.701351057418175e-18
7514.999999999999	2.326563925069108e-17	5.675708044838725e-18
7515.249999999998	2.2499954553597694e-17	5.685433620890817e-18
7515.499999999999	2.092649324676055e-17	5.6638851523435045e-18
7515.749999999999	1.78620471576027e-17	5.638613957449397e-18
7515.999999999999	2.1919877605432632e-17	6.050098675476657e-18
7516.249999999998	2.564350392473399e-17	6.4755346217152365e-18
7516.499999999999	2.406370641440469e-17	6.7138867152223914e-18
7516.749999999999	2.6077484233109937e-17	6.9356033794304924e-18
7516.999999999999	2.974064364963367e-17	7.043021880957241e-18
7517.249999999998	3.263195421913927e-17	7.077430940078222e-18
7517.499999999999	3.153020589150029e-17	6.817663967692682e-18
7517.75	2.737583684874052e-17	6.482001519744176e-18
7517.999999999999	2.1333105457389566e-17	5.93449811692084e-18
7518.249999999998	1.9093879562732992e-17	5.646827033751436e-18
7518.499999999999	2.5147797744688113e-17	5.834898953724555e-18
7518.749999999998	2.601077377106876e-17	5.848440727532661e-18
7518.999999999999	2.261336266993994e-17	5.655119105801974e-18
7519.249999999998	2.2517968892977874e-17	5.675302726338574e-18
7519.499999999999	2.489364815584242e-17	5.8442568479943675e-18
7519.749999999999	2.4677088962753587e-17	5.917950782357023e-18
7519.999999999999	2.4242918402836754e-17	5.939605543613049e-18
7520.249999999999	2.402034891541711e-17	5.9150990771952464e-18
7520.499999999999	2.3091921395887593e-17	5.874755410769504e-18
7520.749999999999	2.2807262077328494e-17	5.868445263466643e-18
7520.999999999999	2.2208216223356367e-17	5.875347672088092e-18
7521.249999999999	2.725579805260805e-17	6.324251145895107e-18
7521.499999999999	3.11840738185387e-17	6.77672928071927e-18
7521.749999999999	3.231619621827063e-17	7.243078820825641e-18
7521.999999999999	3.3391712994324327e-17	7.695053616247066e-18
7522.249999999999	3.297341768472361e-17	8.215621536783837e-18
7522.499999999999	2.925455923447301e-17	9.278187973167405e-18
7522.749999999999	5.000442460503511e-17	1.1613959080198718e-17
7522.999999999998	3.93852420284794e-17	1.3363158216895203e-17
7523.249999999999	1.7394741396708216e-17	1.4565633154905377e-17
7523.499999999999	9.034828128231854e-18	1.519399925287006e-17
7523.749999999999	5.125377752271989e-18	1.5150034603312866e-17
7523.999999999998	1.94890518654904e-17	1.4375965603530643e-17
7524.249999999999	3.7554740963736304e-17	1.2751838656994014e-17
7524.499999999999	4.787144675133852e-17	1.0834084926877598e-17
7524.749999999999	3.008473424084348e-17	8.414139093532276e-18
7524.999999999998	2.3261695253530426e-17	6.911350857460744e-18
7525.249999999999	2.060897004246472e-17	5.82693651314812e-18
7525.5	1.7855232843716487e-17	5.6448910175277556e-18
7525.749999999999	2.0646841679629847e-17	5.7131367267858306e-18
7525.999999999998	2.6393210801115302e-17	5.914792193187989e-18
7526.249999999999	3.1329644371458235e-17	6.128838825166192e-18
7526.499999999998	3.110416486264363e-17	6.0952346127812256e-18
7526.749999999999	3.011052904106533e-17	6.056121791106962e-18
7526.999999999999	2.703990391273171e-17	6.021865346808997e-18
7527.249999999999	2.40108264122054e-17	6.0134119745390114e-18
7527.499999999999	2.455812384705621e-17	6.101083606892588e-18
7527.749999999999	2.4439473059991605e-17	6.154240714597083e-18
7527.999999999999	2.33435547013099e-17	6.114697759004292e-18
7528.249999999999	2.404153135654337e-17	6.119008610766612e-18
7528.499999999999	2.7314421996980908e-17	6.182713098461771e-18
7528.749999999999	2.951228224356493e-17	6.256862395751637e-18
7528.999999999999	2.783870395846804e-17	6.348598380044993e-18
7529.249999999999	2.7508999692471756e-17	6.853231079671237e-18
7529.499999999999	2.5705924628118468e-17	7.616547558670883e-18
7529.749999999998	2.439673925518589e-17	8.557122225495742e-18
7529.999999999999	3.399525374774507e-17	9.489496223727751e-18
7530.249999999999	3.124397823849979e-17	9.6265542609635e-18
7530.499999999999	3.1312515115333487e-17	9.511777987888092e-18
7530.749999999998	2.3448930893904254e-17	8.751192032090484e-18
7530.999999999999	1.8494415155370913e-17	7.750336578125822e-18
7531.249999999999	2.933724420850381e-17	7.149001088218148e-18
7531.499999999999	3.2685350382040794e-17	6.550406047679861e-18
7531.749999999998	2.845775931145783e-17	6.2074772316403835e-18
7531.999999999999	2.44222478509158e-17	5.8678968427205205e-18
7532.25	2.177586546078715e-17	5.622852030877199e-18
7532.499999999999	1.9037972079491758e-17	5.4742159466075455e-18
7532.749999999998	2.1518954743056755e-17	5.660425055841195e-18
7532.999999999999	2.3076486205657353e-17	5.738816135312233e-18
7533.249999999998	2.0856169659803742e-17	5.599217826415334e-18
7533.499999999999	2.053174446047677e-17	5.551874144055861e-18
7533.749999999999	2.2891707291702808e-17	5.6354317936329055e-18
7533.999999999999	2.2264299068887462e-17	5.6428445726922994e-18
7534.249999999999	1.9301774866085945e-17	5.5803560404975935e-18
7534.499999999999	2.1596511197289727e-17	5.67695377884123e-18
7534.749999999999	2.687106476918106e-17	5.868250048842081e-18
7534.999999999999	2.4559381161587292e-17	5.751412028089884e-18
7535.249999999999	1.865965110017328e-17	5.511146252235588e-18
7535.499999999999	2.0201576973337453e-17	5.5816873876934976e-18
7535.749999999999	2.3768063791672113e-17	5.7350040734592824e-18
7535.999999999999	2.377532974617278e-17	5.78777323345649e-18
7536.249999999999	2.3121868642784463e-17	5.8332586545698624e-18
7536.499999999998	2.1015345679438546e-17	5.679650387638153e-18
7536.749999999999	1.915851380143666e-17	5.564726049233098e-18
7536.999999999999	2.390014799188458e-17	5.833253277895881e-18
7537.249999999999	2.837370121761019e-17	6.023384877594257e-18
7537.499999999998	2.688995426564932e-17	5.900003031016154e-18
7537.749999999999	2.4618661887366517e-17	5.778750760925068e-18
7537.999999999999	2.130454621956056e-17	5.65193611480487e-18
7538.249999999999	2.024979994868807e-17	5.588556295500138e-18
7538.499999999998	2.18409926991359e-17	5.641581054306625e-18
7538.749999999999	2.555194495709172e-17	5.9304093631529904e-18
7539.0	3.1332936550296196e-17	6.448733556278212e-18
7539.249999999999	2.9805623649833385e-17	6.63109627566349e-18
7539.499999999998	2.4086127972088553e-17	6.57172166488474e-18
7539.749999999999	2.209805065501533e-17	6.682121738929436e-18
7539.999999999998	2.5751254125686373e-17	6.87299780117911e-18
7540.249999999999	2.4762080116332186e-17	6.723787653564345e-18
7540.499999999998	2.1112554290664552e-17	6.4688067482030365e-18
7540.749999999999	2.0837278508974256e-17	6.316409060097798e-18
7540.999999999999	2.5469529643940613e-17	6.176976600913716e-18
7541.249999999999	2.4168260389470168e-17	5.918021506299396e-18
7541.499999999999	1.9843157959557e-17	5.653468466889624e-18
7541.749999999999	2.5410786585559547e-17	5.904256807316208e-18
7541.999999999999	3.052169736250829e-17	6.127815602748464e-18
7542.249999999999	3.4027669301589796e-17	6.245623079178573e-18
7542.499999999999	3.456835425462386e-17	6.264608942188196e-18
7542.749999999999	2.818419744799674e-17	5.961942728874431e-18
7542.999999999999	2.3612742433691806e-17	5.723191107131413e-18
7543.249999999999	2.1508411498969155e-17	5.634586415046876e-18
7543.499999999999	1.976274442348827e-17	5.559238533049421e-18
7543.749999999999	1.8903891065280588e-17	5.499822563240043e-18
7543.999999999999	1.9423932898947776e-17	5.520266332079291e-18
7544.249999999998	2.0968737360643633e-17	5.6164256646982745e-18
7544.499999999999	2.0409733665763972e-17	5.594530193883996e-18
7544.749999999999	1.8299655480145302e-17	5.4996298301573184e-18
7544.999999999999	2.166723513966301e-17	5.70004204409881e-18
7545.249999999998	2.7500835419825858e-17	6.001862878826546e-18
7545.499999999999	2.5734247292292283e-17	5.927782237527522e-18
7545.749999999999	2.1982083241857845e-17	5.762751847107374e-18
7545.999999999999	2.4830588869025053e-17	5.773975860839106e-18
7546.249999999998	2.836701759826076e-17	5.7984397274553616e-18
7546.499999999999	2.6841822280166086e-17	5.839295832270581e-18
7546.75	2.5289358125997988e-17	5.84170292785311e-18
7546.999999999999	2.1578761555705564e-17	5.657848801823399e-18
7547.249999999998	1.8463438895792027e-17	5.5102003712051335e-18
7547.499999999999	1.9165481970916807e-17	5.5170266792102274e-18
7547.749999999998	1.9634033465813795e-17	5.523705749066287e-18
7547.999999999999	2.025409963351212e-17	5.536195349135225e-18
7548.249999999999	2.232446487792212e-17	5.6317926125279784e-18
7548.499999999999	2.7056162974852052e-17	5.841355925586144e-18
7548.749999999999	3.1453503087659475e-17	6.012121572783429e-18
7548.999999999999	3.4785171528063806e-17	6.118628521275144e-18
7549.249999999999	3.29389407967924e-17	6.0716215014249806e-18
7549.499999999999	2.807378868855561e-17	5.920126680958344e-18
7549.749999999999	2.6117627308237135e-17	5.806070468606163e-18
7549.999999999999	2.5230919470082342e-17	5.711970402122131e-18
7550.249999999999	2.4104689905034243e-17	5.678114726830948e-18
7550.499999999999	2.2564034581290952e-17	5.658689217325753e-18
7550.749999999999	2.119190076374309e-17	5.6115825222117766e-18
7550.999999999998	1.9487144386997853e-17	5.5606765865443444e-18
7551.249999999999	2.433229857674556e-17	5.743123678352103e-18
7551.499999999999	2.816361057691152e-17	5.907980360843615e-18
7551.749999999999	2.2609823991279437e-17	5.77732097923627e-18
7551.999999999998	1.7964488513383716e-17	5.676143141840928e-18
7552.249999999999	1.7780430900923317e-17	5.7421492595905155e-18
7552.499999999999	1.8735837743311864e-17	5.832804532413571e-18
7552.749999999999	2.3136150743240803e-17	5.9998892258849946e-18
7552.999999999998	2.626587130889644e-17	6.130284323286629e-18
7553.249999999999	2.762146813163814e-17	6.204374477162697e-18
7553.5	2.6260971090947675e-17	6.089017936887583e-18
7553.749999999999	2.072284965175612e-17	5.7365984640899784e-18
7553.999999999998	1.8836659479453503e-17	5.565188856785821e-18
7554.249999999999	2.0506838052232797e-17	5.5576180862294296e-18
7554.499999999998	2.0521838145460834e-17	5.534807340067361e-18
7554.749999999999	2.0042827778898726e-17	5.502388891090489e-18
7554.999999999999	2.3994620289644262e-17	5.710500088583318e-18
7555.249999999999	2.9315826848083586e-17	5.998710907102413e-18
7555.499999999999	2.9156558184220176e-17	6.05595759575537e-18
7555.749999999999	2.561261369193881e-17	6.079011119427223e-18
7555.999999999999	3.0381983248325633e-17	6.515013470810555e-18
7556.249999999999	2.493109627653392e-17	6.959369105609753e-18
7556.499999999999	2.0493343427719607e-17	7.64496783015698e-18
7556.749999999999	1.8692361130316077e-17	8.21666543871688e-18
7556.999999999999	1.4478706398693405e-17	8.375822433197595e-18
7557.249999999999	1.7268685688800035e-17	8.408748357480268e-18
7557.499999999999	1.8166012871658785e-17	8.059698818498204e-18
7557.749999999998	2.332569256316243e-17	7.532499390990595e-18
7557.999999999999	2.033887406577023e-17	6.637554901886304e-18
7558.249999999999	1.9765895981622098e-17	6.034358669190692e-18
7558.499999999999	2.2184507572639372e-17	5.963583028029123e-18
7558.749999999998	2.385608077193143e-17	5.880457166731832e-18
7558.999999999999	2.3589222380154473e-17	5.79480550943411e-18
7559.249999999999	2.4078469933977537e-17	5.812414943904445e-18
7559.499999999999	2.5288115700717933e-17	5.895042428882673e-18
7559.749999999998	2.4361077844617504e-17	5.858514546622638e-18
7559.999999999999	2.297829986694731e-17	5.774944075746099e-18
7560.25	2.15933397868212e-17	5.678268582424883e-18
7560.499999999999	1.9356152065193956e-17	5.576353313513449e-18
7560.749999999998	2.2910272533370948e-17	5.7986266702737986e-18
7560.999999999999	2.7305643956320495e-17	6.040663853409877e-18
7561.249999999998	2.855749082355212e-17	6.032806464771236e-18
7561.499999999999	2.9988777981064876e-17	6.01292559233883e-18
7561.749999999998	2.6382253966721425e-17	5.831213036915019e-18
7561.999999999999	2.3616676504685108e-17	5.707471780360761e-18
7562.249999999999	2.6034278935355067e-17	5.811761471220528e-18
7562.499999999999	2.6846183176355466e-17	5.871271739619737e-18
7562.749999999999	2.445935517319493e-17	5.816765913926474e-18
7562.999999999999	2.2157185797006745e-17	5.759253700296887e-18
7563.249999999999	2.0919104869529226e-17	5.702615402984462e-18
7563.499999999999	2.2353176316983834e-17	5.7430467505551355e-18
7563.749999999999	2.639527048084056e-17	5.872905421329529e-18
7563.999999999999	2.854729664968302e-17	5.957308449492602e-18
7564.249999999999	2.9785827563413766e-17	6.014500544225131e-18
7564.499999999999	2.7033225256465956e-17	5.875575146756544e-18
7564.749999999999	2.235216053919162e-17	5.646372084414532e-18
7564.999999999999	2.513794106050893e-17	5.762701802680314e-18
7565.249999999999	2.934024521976615e-17	5.968084544922637e-18
7565.499999999998	2.938701070287745e-17	5.970097488943285e-18
7565.749999999999	2.8195189023976346e-17	5.946130344284867e-18
7565.999999999999	3.0591263252024e-17	6.220202164593593e-18
7566.249999999999	3.122165428812821e-17	6.47759140630835e-18
7566.499999999998	2.839012902457549e-17	6.5977761998189355e-18
7566.749999999999	2.5378362759908694e-17	6.70686022950906e-18
7566.999999999999	2.508846242498846e-17	6.763399678738284e-18
7567.249999999999	2.5732367937940563e-17	6.78271848194446e-18
7567.499999999998	2.7697495956099115e-17	6.729671802851741e-18
7567.749999999999	2.928654465439921e-17	6.57735435126592e-18
7568.0	2.5425275481169026e-17	6.28469991849619e-18
7568.249999999999	2.683133859308259e-17	6.145956914352671e-18
7568.499999999998	3.410463018578173e-17	6.204801715949081e-18
7568.749999999999	3.3797239943989674e-17	6.1167177340601465e-18
7568.999999999999	2.766979202302349e-17	5.9191721145314576e-18
7569.249999999999	2.6620415808687692e-17	5.883760926098369e-18
7569.499999999999	2.7888520083678436e-17	5.934967541918464e-18
7569.749999999999	2.7390373720825527e-17	6.127832146360715e-18
7569.999999999999	1.9764496392025658e-17	6.382176122650358e-18
7570.249999999999	2.6758207555126776e-17	7.825624075938561e-18
7570.499999999999	1.1729827231682696e-17	9.20584027525168e-18
7570.749999999999	1.177020853482631e-17	1.1232973752127207e-17
7570.999999999999	2.0593025308977147e-17	1.2895167550453527e-17
7571.249999999999	6.371238313410569e-18	1.3281189581274873e-17
7571.499999999999	2.2405705594603402e-17	1.3429876950742505e-17
7571.749999999999	1.854318903300949e-17	1.2321148045914191e-17
7571.999999999999	3.1543817975660465e-17	1.0891066917734538e-17
7572.249999999998	3.504419486507866e-17	8.994000147557462e-18
7572.499999999999	2.8477826713118365e-17	7.330163568534611e-18
7572.749999999999	2.476792993762416e-17	6.6227264486353725e-18
7572.999999999999	1.9500476884110983e-17	6.362074806584707e-18
7573.249999999998	2.4977883266341145e-17	6.654263536669569e-18
7573.499999999999	2.682363423285727e-17	6.875504158435146e-18
7573.749999999999	3.023861630455794e-17	7.02903425679897e-18
7573.999999999999	3.206616598887545e-17	6.972076254179793e-18
7574.249999999998	2.955347252934762e-17	6.789182484841256e-18
7574.499999999999	2.8483941232206356e-17	6.60225869155836e-18
7574.75	2.815980223737133e-17	6.413405085906379e-18
7574.999999999999	2.5562842234481495e-17	6.106616204419649e-18
7575.249999999998	2.107451556301569e-17	5.763898319436372e-18
7575.499999999999	2.8642412493959266e-17	5.996663221496038e-18
7575.749999999998	3.499927564909458e-17	6.2124684394565285e-18
7575.999999999999	2.64169591565017e-17	5.8300938615462346e-18
7576.249999999999	1.9762185249394185e-17	5.509019157290408e-18
7576.499999999999	2.2536515936672538e-17	5.645531255321872e-18
7576.749999999999	2.322557393054146e-17	5.709598048125329e-18
7576.999999999999	1.977340016413918e-17	5.53093530762e-18
7577.249999999999	2.0136185037192686e-17	5.51193579613027e-18
7577.499999999999	2.6731489621341313e-17	5.806572567237983e-18
7577.749999999999	3.054178461650353e-17	5.988648254950705e-18
7577.999999999999	3.09695197112547e-17	6.047486852692521e-18
7578.249999999999	3.042109234768714e-17	5.984112410061771e-18
7578.499999999999	2.820287187750574e-17	5.792524972485301e-18
7578.749999999999	2.6226643095526724e-17	5.720979639763752e-18
7578.999999999998	2.4302946899889727e-17	5.7222381950657516e-18
7579.249999999999	2.4964822084468933e-17	5.761457309448728e-18
7579.499999999999	2.6738118646770313e-17	5.817443788438461e-18
7579.749999999999	2.6278786906980842e-17	5.78667142888057e-18
7579.999999999998	2.455638676776985e-17	5.7354184909461715e-18
7580.249999999999	2.6744416799954292e-17	5.832505506622133e-18
7580.499999999999	2.9289787202400416e-17	5.931136041321118e-18
7580.749999999999	2.591818413638325e-17	5.760515977911643e-18
7580.999999999998	2.2818589488636795e-17	5.592690130611372e-18
7581.249999999999	2.2267678928870354e-17	5.493941309084791e-18
7581.5	2.1913885509075298e-17	5.4416688710454215e-18
7581.749999999999	2.1581797308553634e-17	5.550781852056985e-18
7581.999999999998	2.33841394908842e-17	5.695076478881654e-18
7582.249999999999	2.8979799613484944e-17	5.913093991390418e-18
7582.499999999998	3.126090897127753e-17	5.999023994964264e-18
7582.749999999999	2.836730876583638e-17	5.9138037123559884e-18
7582.999999999998	2.5686657937290882e-17	5.811803657431768e-18
7583.249999999999	2.3365438591595602e-17	5.691295022711368e-18
7583.499999999999	2.284040885883472e-17	5.675781250322936e-18
7583.749999999999	2.3162982827950798e-17	5.719089118473762e-18
7583.999999999999	2.2324360653164937e-17	5.718167639271378e-18
7584.249999999999	1.887157973619304e-17	5.711037342391171e-18
7584.499999999999	2.4570126237744355e-17	6.260534664081066e-18
7584.749999999999	2.2118351321608606e-17	6.880137610636362e-18
7584.999999999999	2.3205724904562638e-17	7.888367379761933e-18
7585.249999999999	2.5876160052543106e-17	8.795043357903757e-18
7585.499999999999	3.150614486184235e-17	9.340609503732494e-18
7585.749999999998	4.391610398140391e-17	9.744851841906546e-18
7585.999999999999	4.0703129341456036e-17	9.361673658031157e-18
7586.249999999999	4.598333752001478e-17	8.826894774570724e-18
7586.499999999999	3.731869670413817e-17	7.668222358717683e-18
7586.749999999998	2.9180735019163876e-17	6.589620612569469e-18
7586.999999999999	2.2546020241910772e-17	6.042713606967784e-18
7587.249999999999	1.9832065467542665e-17	5.741509848977012e-18
7587.499999999999	2.4107515554006724e-17	5.824322208822146e-18
7587.749999999998	2.3641690446408712e-17	5.729608787913905e-18
7587.999999999999	1.8692364439038528e-17	5.4513237231551404e-18
7588.25	1.858195237087495e-17	5.4567967636780975e-18
7588.499999999999	2.1762792698386362e-17	5.635779623080484e-18
7588.749999999998	2.1790236896749646e-17	5.612763736126502e-18
7588.999999999999	2.0610578081575523e-17	5.520573629676855e-18
7589.249999999998	2.3001518826741672e-17	5.6718140921051315e-18
7589.499999999999	2.6634062634433592e-17	5.866920356007402e-18
7589.749999999998	2.795844000649632e-17	5.956459348593817e-18
7589.999999999999	2.902557578858363e-17	6.0252373485760695e-18
7590.249999999999	2.1668163236310296e-17	5.672797609853457e-18
7590.499999999999	1.5768328950139103e-17	5.3566888844050925e-18
7590.749999999999	1.9288976727648524e-17	5.461469093368103e-18
7590.999999999999	2.1728623521643022e-17	5.544924172549191e-18
7591.249999999999	2.185883829367112e-17	5.5365460737149475e-18
7591.499999999999	2.298643270672993e-17	5.568584846790658e-18
7591.749999999999	2.5581910401962067e-17	5.6923550546663546e-18
7591.999999999999	2.7308553977715457e-17	5.757571214930954e-18
7592.249999999999	2.6935603054933673e-17	5.74431026894081e-18
7592.499999999999	2.6512255326151484e-17	5.6941107455164984e-18
7592.749999999999	2.564908904822995e-17	5.616895503286205e-18
7592.999999999999	2.3941932193347084e-17	5.498116503226653e-18
7593.249999999999	2.1468332943929735e-17	5.351320068639317e-18
7593.499999999998	2.1352729490241774e-17	5.3229812744435566e-18
7593.749999999999	2.1987795751168136e-17	5.340282997726022e-18
7593.999999999999	2.1838246459502224e-17	5.243321299912862e-18
7594.249999999999	2.1346007820584168e-17	5.126535805129563e-18
7594.499999999998	1.9519224105513885e-17	5.055573221149558e-18
7594.749999999999	1.733505866115129e-17	4.987426359974683e-18
7594.999999999999	1.3616062071738391e-17	4.7706736066225126e-18
7595.249999999999	0.0	100000.0
7595.499999999998	0.0	100000.0
7595.749999999999	0.0	100000.0
7596.0	0.0	100000.0
7596.249999999999	0.0	100000.0
7596.499999999998	0.0	100000.0
7596.749999999999	0.0	100000.0
7596.999999999998	0.0	100000.0
7597.249999999999	0.0	100000.0
7597.499999999999	0.0	100000.0
7597.749999999999	0.0	100000.0
7597.999999999999	0.0	100000.0
7598.249999999999	0.0	100000.0
7598.499999999999	0.0	100000.0
7598.749999999999	0.0	100000.0
7598.999999999999	0.0	100000.0
7599.249999999999	0.0	100000.0
7599.499999999999	0.0	100000.0
7599.749999999999	0.0	100000.0
7599.999999999999	0.0	100000.0
7600.249999999998	0.0	100000.0
7600.499999999999	0.0	100000.0
7600.749999999999	0.0	100000.0
7600.999999999999	0.0	100000.0
7601.249999999998	0.0	100000.0
7601.499999999999	0.0	100000.0
7601.749999999999	0.0	100000.0
7601.999999999999	0.0	100000.0
7602.249999999998	0.0	100000.0
7602.499999999999	0.0	100000.0
7602.75	0.0	100000.0
7602.999999999999	0.0	100000.0
7603.249999999998	0.0	100000.0
7603.499999999999	0.0	100000.0
7603.749999999998	0.0	100000.0
7603.999999999999	0.0	100000.0
7604.249999999998	0.0	100000.0
7604.499999999999	0.0	100000.0
7604.749999999999	0.0	100000.0
7604.999999999999	0.0	100000.0
7605.249999999999	0.0	100000.0
7605.499999999999	0.0	100000.0
7605.749999999999	0.0	100000.0
7605.999999999999	0.0	100000.0
7606.249999999999	0.0	100000.0
7606.499999999999	0.0	100000.0
7606.749999999999	0.0	100000.0
7606.999999999998	0.0	100000.0
7607.249999999999	0.0	100000.0
7607.499999999999	0.0	100000.0
7607.749999999999	0.0	100000.0
7607.999999999998	0.0	100000.0
7608.249999999999	0.0	100000.0
7608.499999999999	0.0	100000.0
7608.749999999999	0.0	100000.0
7608.999999999998	0.0	100000.0
7609.249999999999	0.0	100000.0
7609.5	0.0	100000.0
7609.749999999999	0.0	100000.0
7609.999999999998	0.0	100000.0
7610.249999999999	0.0	100000.0
7610.499999999998	0.0	100000.0
7610.749999999999	0.0	100000.0
7610.999999999998	0.0	100000.0
7611.249999999999	0.0	100000.0
7611.499999999999	0.0	100000.0
7611.749999999999	0.0	100000.0
7611.999999999999	0.0	100000.0
7612.249999999999	0.0	100000.0
7612.499999999999	0.0	100000.0
7612.749999999999	0.0	100000.0
7612.999999999999	0.0	100000.0
7613.249999999999	0.0	100000.0
7613.499999999999	0.0	100000.0
7613.749999999999	0.0	100000.0
7613.999999999999	0.0	100000.0
7614.249999999999	0.0	100000.0
7614.499999999999	0.0	100000.0
7614.749999999998	0.0	100000.0
7614.999999999999	0.0	100000.0
7615.249999999999	0.0	100000.0
7615.499999999999	0.0	100000.0
7615.749999999998	0.0	100000.0
7615.999999999999	0.0	100000.0
7616.249999999999	0.0	100000.0
7616.499999999999	0.0	100000.0
7616.749999999998	0.0	100000.0
7616.999999999999	0.0	100000.0
7617.25	0.0	100000.0
7617.499999999999	0.0	100000.0
7617.749999999998	0.0	100000.0
7617.999999999999	0.0	100000.0
7618.249999999998	0.0	100000.0
7618.499999999999	0.0	100000.0
7618.749999999999	0.0	100000.0
7618.999999999999	0.0	100000.0
7619.249999999999	0.0	100000.0
7619.499999999999	0.0	100000.0
7619.749999999999	0.0	100000.0
7619.999999999999	0.0	100000.0
7620.249999999999	0.0	100000.0
7620.499999999999	0.0	100000.0
7620.749999999999	0.0	100000.0
7620.999999999999	0.0	100000.0
7621.249999999999	0.0	100000.0
7621.499999999998	0.0	100000.0
7621.749999999999	0.0	100000.0
7621.999999999999	0.0	100000.0
7622.249999999999	0.0	100000.0
7622.499999999998	0.0	100000.0
7622.749999999999	0.0	100000.0
7622.999999999999	0.0	100000.0
7623.249999999999	0.0	100000.0
7623.499999999998	0.0	100000.0
7623.749999999999	0.0	100000.0
7624.0	0.0	100000.0
7624.249999999999	0.0	100000.0
7624.499999999998	0.0	100000.0
7624.749999999999	0.0	100000.0
7624.999999999998	0.0	100000.0
7625.249999999999	0.0	100000.0
7625.499999999998	0.0	100000.0
7625.749999999999	0.0	100000.0
7625.999999999999	0.0	100000.0
7626.249999999999	0.0	100000.0
7626.499999999999	0.0	100000.0
7626.749999999999	0.0	100000.0
7626.999999999999	0.0	100000.0
7627.249999999999	0.0	100000.0
7627.499999999999	0.0	100000.0
7627.749999999999	0.0	100000.0
7627.999999999999	0.0	100000.0
7628.249999999998	0.0	100000.0
7628.499999999999	0.0	100000.0
7628.749999999999	0.0	100000.0
7628.999999999999	0.0	100000.0
7629.249999999998	0.0	100000.0
7629.499999999999	0.0	100000.0
7629.749999999999	0.0	100000.0
7629.999999999999	0.0	100000.0
7630.249999999998	0.0	100000.0
7630.499999999999	0.0	100000.0
7630.75	0.0	100000.0
7630.999999999999	0.0	100000.0
7631.249999999998	0.0	100000.0
7631.499999999999	0.0	100000.0
7631.749999999998	0.0	100000.0
7631.999999999999	0.0	100000.0
7632.249999999998	0.0	100000.0
7632.499999999999	0.0	100000.0
7632.749999999999	0.0	100000.0
7632.999999999999	0.0	100000.0
7633.249999999999	0.0	100000.0
7633.499999999999	0.0	100000.0
7633.749999999999	0.0	100000.0
7633.999999999999	0.0	100000.0
7634.249999999999	0.0	100000.0
7634.499999999999	0.0	100000.0
7634.749999999999	0.0	100000.0
7634.999999999999	0.0	100000.0
7635.249999999999	0.0	100000.0
7635.499999999999	0.0	100000.0
7635.749999999999	0.0	100000.0
7635.999999999998	0.0	100000.0
7636.249999999999	0.0	100000.0
7636.499999999999	0.0	100000.0
7636.749999999999	0.0	100000.0
7636.999999999998	0.0	100000.0
7637.249999999999	0.0	100000.0
7637.499999999999	0.0	100000.0
7637.749999999999	0.0	100000.0
7637.999999999998	0.0	100000.0
7638.249999999999	0.0	100000.0
7638.5	0.0	100000.0
7638.749999999999	0.0	100000.0
7638.999999999998	0.0	100000.0
7639.249999999999	0.0	100000.0
7639.499999999998	0.0	100000.0
7639.749999999999	0.0	100000.0
7639.999999999999	0.0	100000.0
7640.249999999999	0.0	100000.0
7640.499999999999	0.0	100000.0
7640.749999999999	0.0	100000.0
7640.999999999999	0.0	100000.0
7641.249999999999	0.0	100000.0
7641.499999999999	0.0	100000.0
7641.749999999999	0.0	100000.0
7641.999999999999	0.0	100000.0
7642.249999999999	0.0	100000.0
7642.499999999999	0.0	100000.0
7642.749999999998	0.0	100000.0
7642.999999999999	0.0	100000.0
7643.249999999999	0.0	100000.0
7643.499999999999	0.0	100000.0
7643.749999999998	0.0	100000.0
7643.999999999999	0.0	100000.0
7644.249999999999	0.0	100000.0
7644.499999999999	0.0	100000.0
7644.749999999998	0.0	100000.0
7644.999999999999	0.0	100000.0
7645.25	0.0	100000.0
7645.499999999999	0.0	100000.0
7645.749999999998	0.0	100000.0
7645.999999999999	0.0	100000.0
7646.249999999998	0.0	100000.0
7646.499999999999	0.0	100000.0
7646.749999999999	0.0	100000.0
7646.999999999999	0.0	100000.0
7647.249999999999	0.0	100000.0
7647.499999999999	0.0	100000.0
7647.749999999999	0.0	100000.0
7647.999999999999	0.0	100000.0
7648.249999999999	0.0	100000.0
7648.499999999999	0.0	100000.0
7648.749999999999	0.0	100000.0
7648.999999999999	0.0	100000.0
7649.249999999999	0.0	100000.0
7649.499999999998	0.0	100000.0
7649.749999999999	0.0	100000.0
7649.999999999999	0.0	100000.0
7650.249999999999	0.0	100000.0
7650.499999999998	0.0	100000.0
7650.749999999999	0.0	100000.0
7650.999999999999	0.0	100000.0
7651.249999999999	0.0	100000.0
7651.499999999998	0.0	100000.0
7651.749999999999	0.0	100000.0
7652.0	0.0	100000.0
7652.249999999999	0.0	100000.0
7652.499999999998	0.0	100000.0
7652.749999999999	0.0	100000.0
7652.999999999998	0.0	100000.0
7653.249999999999	0.0	100000.0
7653.499999999998	0.0	100000.0
7653.749999999999	0.0	100000.0
7653.999999999999	0.0	100000.0
7654.249999999999	0.0	100000.0
7654.499999999999	0.0	100000.0
7654.749999999999	0.0	100000.0
7654.999999999999	0.0	100000.0
7655.249999999999	0.0	100000.0
7655.499999999999	0.0	100000.0
7655.749999999999	0.0	100000.0
7655.999999999999	0.0	100000.0
7656.249999999998	0.0	100000.0
7656.499999999999	0.0	100000.0
7656.749999999999	0.0	100000.0
7656.999999999999	0.0	100000.0
7657.249999999998	0.0	100000.0
7657.499999999999	0.0	100000.0
7657.749999999999	0.0	100000.0
7657.999999999999	0.0	100000.0
7658.249999999998	0.0	100000.0
7658.499999999999	0.0	100000.0
7658.749999999999	0.0	100000.0
7658.999999999999	0.0	100000.0
7659.249999999998	0.0	100000.0
7659.499999999999	0.0	100000.0
7659.749999999998	0.0	100000.0
7659.999999999999	0.0	100000.0
7660.249999999998	0.0	100000.0
7660.499999999999	0.0	100000.0
7660.749999999998	0.0	100000.0
7660.999999999999	0.0	100000.0
7661.249999999999	0.0	100000.0
7661.499999999999	0.0	100000.0
7661.749999999999	0.0	100000.0
7661.999999999999	0.0	100000.0
7662.249999999999	0.0	100000.0
7662.499999999999	0.0	100000.0
7662.749999999999	0.0	100000.0
7662.999999999999	0.0	100000.0
7663.249999999999	0.0	100000.0
7663.499999999999	0.0	100000.0
7663.749999999999	0.0	100000.0
7663.999999999998	0.0	100000.0
7664.249999999999	0.0	100000.0
7664.499999999999	0.0	100000.0
7664.749999999999	0.0	100000.0
7664.999999999998	0.0	100000.0
7665.249999999999	0.0	100000.0
7665.499999999999	0.0	100000.0
7665.749999999999	0.0	100000.0
7665.999999999998	0.0	100000.0
7666.249999999999	0.0	100000.0
7666.5	0.0	100000.0
7666.749999999999	0.0	100000.0
7666.999999999998	0.0	100000.0
7667.249999999999	0.0	100000.0
7667.499999999998	0.0	100000.0
7667.749999999999	0.0	100000.0
7667.999999999999	0.0	100000.0
7668.249999999999	0.0	100000.0
7668.499999999999	0.0	100000.0
7668.749999999999	0.0	100000.0
7668.999999999999	0.0	100000.0
7669.249999999999	0.0	100000.0
7669.499999999999	0.0	100000.0
7669.749999999999	0.0	100000.0
7669.999999999999	0.0	100000.0
7670.249999999999	0.0	100000.0
7670.499999999999	0.0	100000.0
7670.749999999998	0.0	100000.0
7670.999999999999	0.0	100000.0
7671.249999999999	0.0	100000.0
7671.499999999999	0.0	100000.0
7671.749999999998	0.0	100000.0
7671.999999999999	0.0	100000.0
7672.249999999999	0.0	100000.0
7672.499999999999	0.0	100000.0
7672.749999999998	0.0	100000.0
7672.999999999999	0.0	100000.0
7673.25	0.0	100000.0
7673.499999999999	0.0	100000.0
7673.749999999998	0.0	100000.0
7673.999999999999	0.0	100000.0
7674.249999999998	0.0	100000.0
7674.499999999999	0.0	100000.0
7674.749999999998	0.0	100000.0
7674.999999999999	0.0	100000.0
7675.249999999999	0.0	100000.0
7675.499999999999	0.0	100000.0
7675.749999999999	0.0	100000.0
7675.999999999999	0.0	100000.0
7676.249999999999	0.0	100000.0
7676.499999999999	0.0	100000.0
7676.749999999999	0.0	100000.0
7676.999999999999	0.0	100000.0
7677.249999999999	0.0	100000.0
7677.499999999998	0.0	100000.0
7677.749999999999	0.0	100000.0
7677.999999999999	0.0	100000.0
7678.249999999999	0.0	100000.0
7678.499999999998	0.0	100000.0
7678.749999999999	0.0	100000.0
7678.999999999999	0.0	100000.0
7679.249999999999	0.0	100000.0
7679.499999999998	0.0	100000.0
7679.749999999999	0.0	100000.0
7679.999999999999	0.0	100000.0
7680.249999999999	0.0	100000.0
7680.499999999998	0.0	100000.0
7680.749999999999	0.0	100000.0
7680.999999999998	0.0	100000.0
7681.249999999999	0.0	100000.0
7681.499999999998	0.0	100000.0
7681.749999999999	0.0	100000.0
7681.999999999998	0.0	100000.0
7682.249999999999	0.0	100000.0
7682.499999999999	0.0	100000.0
7682.749999999999	0.0	100000.0
7682.999999999999	0.0	100000.0
7683.249999999999	0.0	100000.0
7683.499999999999	0.0	100000.0
7683.749999999999	0.0	100000.0
7683.999999999999	0.0	100000.0
7684.249999999999	0.0	100000.0
7684.499999999999	0.0	100000.0
7684.749999999999	0.0	100000.0
7684.999999999999	0.0	100000.0
7685.249999999998	0.0	100000.0
7685.499999999999	0.0	100000.0
7685.749999999999	0.0	100000.0
7685.999999999999	0.0	100000.0
7686.249999999998	0.0	100000.0
7686.499999999999	0.0	100000.0
7686.749999999999	0.0	100000.0
7686.999999999999	0.0	100000.0
7687.249999999998	0.0	100000.0
7687.499999999999	0.0	100000.0
7687.75	0.0	100000.0
7687.999999999999	0.0	100000.0
7688.249999999998	0.0	100000.0
7688.499999999999	0.0	100000.0
7688.749999999998	0.0	100000.0
7688.999999999999	0.0	100000.0
7689.249999999999	0.0	100000.0
7689.499999999999	0.0	100000.0
7689.749999999999	0.0	100000.0
7689.999999999999	0.0	100000.0
7690.249999999999	0.0	100000.0
7690.499999999999	0.0	100000.0
7690.749999999999	0.0	100000.0
7690.999999999999	0.0	100000.0
7691.249999999999	0.0	100000.0
7691.499999999999	0.0	100000.0
7691.749999999999	0.0	100000.0
7691.999999999998	0.0	100000.0
7692.249999999999	0.0	100000.0
7692.499999999999	0.0	100000.0
7692.749999999999	0.0	100000.0
7692.999999999998	0.0	100000.0
7693.249999999999	0.0	100000.0
7693.499999999999	0.0	100000.0
7693.749999999999	0.0	100000.0
7693.999999999998	0.0	100000.0
7694.249999999999	0.0	100000.0
7694.5	0.0	100000.0
7694.749999999999	0.0	100000.0
7694.999999999998	2.741813555654403e-17	6.106182761778671e-18
7695.249999999999	2.824575292046049e-17	6.161641085947289e-18
7695.499999999998	2.8780627756871976e-17	6.186630625842822e-18
7695.749999999999	2.9141900543765736e-17	6.151207029700545e-18
7695.999999999998	2.904318480946366e-17	6.063582546641884e-18
7696.249999999999	2.835467606352147e-17	5.917937547467222e-18
7696.499999999999	2.964502487954499e-17	6.026100097954962e-18
7696.749999999999	3.2201022898501196e-17	6.314265421540367e-18
7696.999999999999	3.1117353430330175e-17	6.3220620124039854e-18
7697.249999999999	2.7437585881467603e-17	6.19530816405881e-18
7697.499999999999	2.5944384255105254e-17	6.257179619516551e-18
7697.749999999999	2.288432387755516e-17	6.369866020774344e-18
7697.999999999999	2.3894968186888773e-17	6.609341839143652e-18
7698.249999999999	2.106382342641783e-17	6.8417688379230895e-18
7698.499999999999	2.965596020724294e-17	7.371403485154055e-18
7698.749999999998	3.668249555141139e-17	7.789544111980223e-18
7698.999999999999	2.507155981635155e-17	7.494556616292787e-18
7699.249999999999	1.892670801529725e-17	7.208268579107572e-18
7699.499999999999	2.359909395358468e-17	7.017356948091558e-18
7699.749999999998	2.680834793513729e-17	6.7480447250274624e-18
7699.999999999999	1.8563732890702856e-17	6.2787144395837566e-18
7700.249999999999	1.7841213786694938e-17	5.994917870403551e-18
7700.499999999999	2.2184060895108593e-17	6.024819208776424e-18
7700.749999999998	2.3384773111233417e-17	6.0417966772587686e-18
7700.999999999999	2.3566724721854256e-17	6.042240459657403e-18
7701.25	2.3542645494222837e-17	6.018323773016351e-18
7701.499999999999	2.2886567191376403e-17	5.98022259323124e-18
7701.749999999998	2.1079318173652172e-17	5.838393791812592e-18
7701.999999999999	1.8688180559500234e-17	5.653315852066608e-18
7702.249999999998	1.6664967918728208e-17	5.5944354817038586e-18
7702.499999999999	1.4658067279635728e-17	5.558820806840082e-18
7702.749999999998	1.9429721508874422e-17	5.760302565313604e-18
7702.999999999999	2.4531930345779107e-17	5.9670220314258125e-18
7703.249999999999	2.7692584157621775e-17	6.1158636700776855e-18
7703.499999999999	3.007839803735132e-17	6.230355393022375e-18
7703.749999999999	2.9348718857961144e-17	6.2089595392980786e-18
7703.999999999999	2.7907369875477295e-17	6.130991976300668e-18
7704.249999999999	2.2336311758655103e-17	5.871296141447807e-18
7704.499999999999	1.9968520490111862e-17	5.7685743714391345e-18
7704.749999999999	2.4430041546647275e-17	5.954151514684794e-18
7704.999999999999	2.8399194924089074e-17	6.0837099188968305e-18
7705.249999999999	3.1150407567607794e-17	6.144476674646507e-18
7705.499999999999	3.2247497214036875e-17	6.194521928886578e-18
7705.749999999999	3.1696876167484827e-17	6.228844134043241e-18
7705.999999999999	2.789713930566124e-17	6.0874388490982196e-18
7706.249999999999	2.2970787412624102e-17	5.842561127738634e-18
7706.499999999998	2.2484496202310303e-17	5.7581820878133245e-18
7706.749999999999	2.2784893459203835e-17	5.7166439725830554e-18
7706.999999999999	2.4292001646024426e-17	5.853277252574258e-18
7707.249999999999	2.6302277182016123e-17	6.007951755315549e-18
7707.499999999998	2.1189167758999214e-17	5.78301032748941e-18
7707.749999999999	1.7074379308550104e-17	5.585684324413354e-18
7707.999999999999	2.2948759592911815e-17	5.8566533902443934e-18
7708.249999999999	2.7647760894588752e-17	6.077298441968932e-18
7708.499999999998	2.918048024753521e-17	6.134430979697357e-18
7708.749999999999	3.0110747416747045e-17	6.181202253072943e-18
7709.0	2.9663388289143667e-17	6.2142572175311744e-18
7709.249999999999	2.9134733850938577e-17	6.226219076369304e-18
7709.499999999998	2.880125764134905e-17	6.2090716222710795e-18
7709.749999999999	2.999115695250658e-17	6.294591757851406e-18
7709.999999999998	3.020194242491979e-17	6.4864728445453315e-18
7710.249999999999	3.675650836390018e-17	7.062682309756402e-18
7710.499999999999	2.2698421652328767e-17	7.8355965654035e-18
7710.749999999999	4.370182118936082e-17	1.0591342985859624e-17
7710.999999999999	3.9400604426815736e-17	1.3364549534685517e-17
7711.249999999999	3.7941173276141477e-17	1.60755702994209e-17
7711.499999999999	5.147756048409815e-17	1.8365962278047553e-17
7711.749999999999	4.571805325294351e-18	1.8535003253667665e-17
7711.999999999999	5.297894127235742e-18	1.848944710861192e-17
7712.249999999999	-7.219835872793514e-18	1.6482700325113374e-17
7712.499999999999	1.8753959616171676e-17	1.4279331055649748e-17
7712.749999999999	1.7999314471533424e-17	1.1564118139569948e-17
7712.999999999999	1.6334434817758144e-17	8.858646929564185e-18
7713.249999999998	2.2459899159615426e-17	8.008140650917774e-18
7713.499999999999	2.5916898697711342e-17	7.873262234596102e-18
7713.749999999999	3.5978306769777644e-17	8.93032047528068e-18
7713.999999999999	3.58754286626332e-17	9.815226714061333e-18
7714.249999999998	3.238279087502605e-17	1.0567978442277451e-17
7714.499999999999	2.3936668015928797e-17	1.1130102262427662e-17
7714.749999999999	1.4805810008843824e-17	1.1514464968940227e-17
7714.999999999999	2.266405891532209e-17	1.2244889438062315e-17
7715.249999999998	2.660369021670187e-17	1.3150614985680315e-17
7715.499999999999	4.397152508244496e-17	1.4932737565117636e-17
7715.75	4.8715561405391735e-17	1.6806993175542338e-17
7715.999999999999	2.6837479581950183e-17	1.7360697951417984e-17
7716.249999999998	3.184032582931377e-17	1.7818415034651752e-17
7716.499999999999	2.1487166192116343e-17	1.7283841291983232e-17
7716.749999999998	2.890675625667406e-17	1.662504487364395e-17
7716.999999999999	1.1258916617678708e-17	1.4707516136654148e-17
7717.249999999998	1.3143325870122498e-17	1.2794569153077278e-17
7717.499999999999	2.0016176019562267e-17	1.158868126785971e-17
7717.749999999999	1.3788563971041424e-17	1.0335996466667567e-17
7717.999999999999	1.4376430479034898e-17	9.1394855008739e-18
7718.249999999999	2.0176801259630265e-17	7.940965313372343e-18
7718.499999999999	1.9376197960158566e-17	6.837747912965469e-18
7718.749999999999	2.290139192231458e-17	6.180745235784507e-18
7718.999999999999	2.1702004849531065e-17	6.066924356316598e-18
7719.249999999999	2.376178383646161e-17	6.063246297722881e-18
7719.499999999999	2.5200373344421983e-17	6.1183046800653295e-18
7719.749999999999	2.464591417982769e-17	6.0865339135080865e-18
7719.999999999998	2.3021817838973724e-17	6.02093311425865e-18
7720.249999999999	2.2596486531082632e-17	6.07612012318635e-18
7720.499999999999	2.3463050866960535e-17	6.1532104611441484e-18
7720.749999999999	1.9618958926330628e-17	5.8990141365938465e-18
7720.999999999998	1.5896679257066506e-17	5.635075692379201e-18
7721.249999999999	1.981266311909462e-17	5.714157467661721e-18
7721.499999999999	2.2553997571738233e-17	5.803576519059316e-18
7721.749999999999	1.9525899453057188e-17	5.9843080382766394e-18
7721.999999999998	2.095341797569915e-17	6.473284690449092e-18
7722.249999999999	3.361550174596687e-17	7.649308874011658e-18
7722.5	3.560133078613518e-17	8.445076475622372e-18
7722.749999999999	3.138662718949579e-17	8.8091608494182e-18
7722.999999999998	2.7423522156692977e-17	8.90982790278529e-18
7723.249999999999	3.087890042078829e-17	8.758870749716813e-18
7723.499999999998	2.5828383754723268e-17	8.192022901088312e-18
7723.749999999999	1.7618508641654836e-17	7.241629600392448e-18
7723.999999999998	2.5697333530276492e-17	7.100055984192772e-18
7724.249999999999	2.831551733332321e-17	7.329027849553576e-18
7724.499999999999	3.09804782000098e-17	8.10693331301682e-18
7724.749999999999	2.1233737904764796e-17	8.963922206123808e-18
7724.999999999999	3.23134069652451e-17	1.0145641528203802e-17
7725.249999999999	5.2459013589614765e-17	1.1192525447353976e-17
7725.499999999999	2.6959864262299853e-17	1.065487790152921e-17
7725.749999999999	2.0175429794174652e-17	1.0005464192878116e-17
7725.999999999999	2.0104335274886944e-17	8.801521836461272e-18
7726.249999999999	1.939069512757417e-17	7.570281692649567e-18
7726.499999999999	1.9968517181389412e-17	6.776592795918199e-18
7726.749999999998	2.195424034243931e-17	6.181262223667353e-18
7726.999999999999	2.045501518685635e-17	6.071074735040083e-18
7727.249999999999	2.3660399617503436e-17	6.080089762945992e-18
7727.499999999999	2.777344271686006e-17	6.2400243072025075e-18
7727.749999999998	2.86320032531309e-17	6.285140805762681e-18
7727.999999999999	2.7405122351147347e-17	6.235794932730524e-18
7728.249999999999	2.745876170514896e-17	6.22214190313003e-18
7728.499999999999	2.778952972541299e-17	6.224812455737657e-18
7728.749999999998	2.7298280394507548e-17	6.220815519017801e-18
7728.999999999999	2.652723225832237e-17	6.21202837937065e-18
7729.249999999999	2.3649862990860736e-17	6.1609181300919176e-18
7729.499999999999	2.1008898633744307e-17	6.099552081988446e-18
7729.749999999998	2.4222462226288318e-17	6.182378090313687e-18
7729.999999999999	2.7786780177056864e-17	6.2569653797379e-18
7730.249999999998	2.7192118380331267e-17	6.210053899248486e-18
7730.499999999999	2.6560084563530525e-17	6.153412706803918e-18
7730.749999999998	2.4411932908677264e-17	6.059779170185365e-18
7730.999999999999	2.346577063681461e-17	6.043967199186108e-18
7731.249999999998	2.7194982079611926e-17	6.18587003326958e-18
7731.499999999999	2.9352292278207373e-17	6.2777826206237156e-18
7731.749999999999	2.978776647476959e-17	6.310690760523219e-18
7731.999999999999	2.9728745483702707e-17	6.303248616552079e-18
7732.249999999999	2.7676341639113684e-17	6.251808735799244e-18
7732.499999999999	2.966064204950999e-17	6.3605697514601665e-18
7732.749999999999	3.2726828526676653e-17	6.557670347819302e-18
7732.999999999999	2.812205964038176e-17	6.543869666479467e-18
7733.249999999999	2.1333274202234527e-17	6.456824209849593e-18
7733.499999999999	2.5619045848382023e-17	6.674382223528084e-18
7733.749999999999	3.1380565609967e-17	6.936706011187026e-18
7733.999999999999	2.78832393626479e-17	6.937393398276057e-18
7734.249999999999	2.877101922687656e-17	6.94882834306399e-18
7734.499999999998	3.3606349819669586e-17	7.292739436080875e-18
7734.749999999999	3.728759471310618e-17	7.523696534911806e-18
7734.999999999999	3.065096914863808e-17	7.279186081744193e-18
7735.249999999999	2.564613105035946e-17	7.057236979783965e-18
7735.499999999998	2.5468004322891065e-17	6.851666881132899e-18
7735.749999999999	2.2723534855725877e-17	6.607251967326037e-18
7735.999999999999	1.9674838285431036e-17	6.294664136155004e-18
7736.249999999999	2.149413436159649e-17	6.111408061708169e-18
7736.499999999998	2.363222584583988e-17	6.075140327750781e-18
7736.749999999999	2.4760424100745855e-17	6.066697295238452e-18
7737.0	2.4965808083759096e-17	6.0757317618887566e-18
7737.249999999999	2.5458508289458957e-17	6.122080759561634e-18
7737.499999999998	2.6526668121144608e-17	6.180626535366606e-18
7737.749999999999	2.572436082961105e-17	6.158374963298623e-18
7737.999999999998	2.4986560390966827e-17	6.113722926652398e-18
7738.249999999999	2.3394009409953184e-17	6.006556715212478e-18
7738.499999999998	2.1395827254517012e-17	5.897423054685601e-18
7738.749999999999	2.1653255787310865e-17	6.019177836998812e-18
7738.999999999999	2.2029125003293736e-17	6.165137991986857e-18
7739.249999999999	2.7508604300138956e-17	6.4729261076535506e-18
7739.499999999999	3.089993727812674e-17	6.710311640614937e-18
7739.749999999999	3.027397000393846e-17	6.754349909246648e-18
7739.999999999999	2.7735109512913126e-17	6.685450727304656e-18
7740.249999999999	2.3093266391563604e-17	6.40982049872188e-18
7740.499999999999	2.181242188077832e-17	6.240115297069888e-18
7740.749999999999	2.2755973570627756e-17	6.193580597349493e-18
7740.999999999999	2.5470207932042907e-17	6.211811244459855e-18
7741.249999999998	2.931462909055661e-17	6.275782084312256e-18
7741.499999999999	3.0918320540060116e-17	6.250751185386095e-18
7741.749999999999	3.120105418215319e-17	6.185110681467256e-18
7741.999999999999	2.975627736321092e-17	6.152544580751043e-18
7742.249999999998	2.7539595448968868e-17	6.124317869528284e-18
7742.499999999999	2.5103088632579622e-17	6.007856215954799e-18
7742.749999999999	2.2234826623662197e-17	5.8840640877928694e-18
7742.999999999999	2.5000152622792298e-17	5.999180745690343e-18
7743.249999999998	2.714312447264975e-17	6.063975871023153e-18
7743.499999999999	2.043248113260918e-17	5.770109618656033e-18
7743.75	1.77123208492857e-17	5.636407866755718e-18
7743.999999999999	2.6940905282660138e-17	6.068638688136114e-18
7744.249999999998	2.921540050427475e-17	6.223596086646898e-18
7744.499999999999	1.7638662070099078e-17	5.867311612437139e-18
7744.749999999998	1.457455347063115e-17	5.859891388752232e-18
7744.999999999999	2.2889976829861347e-17	6.2872174426904954e-18
7745.249999999998	2.6216515096106625e-17	6.467364145214744e-18
7745.499999999999	2.5793202108910163e-17	6.454277734333849e-18
7745.749999999999	2.554141494789392e-17	6.381725722806823e-18
7745.999999999999	2.51795714063775e-17	6.268914003686228e-18
7746.249999999999	2.241705120388518e-17	6.013600158128367e-18
7746.499999999999	1.927955679483277e-17	5.701786568010684e-18
7746.749999999999	2.427146771449841e-17	5.946104701685878e-18
7746.999999999999	2.901251956979509e-17	6.252280642338706e-18
7747.249999999999	2.9119586519561506e-17	6.299502729148133e-18
7747.499999999999	2.7573212069063023e-17	6.3995022477608936e-18
7747.749999999999	3.1241999622474566e-17	6.976294048123201e-18
7747.999999999998	3.042222062204266e-17	7.662727397908493e-18
7748.249999999999	3.1726509085748926e-17	8.80786796612078e-18
7748.499999999999	3.77207891999002e-17	1.0046424522450516e-17
7748.749999999999	3.579153269618562e-17	1.15976950549947e-17
7748.999999999998	5.831149509443975e-17	1.4412545184578963e-17
7749.249999999999	6.082943287905116e-17	1.835571351025802e-17
7749.499999999999	3.965199454113795e-17	2.163002028390425e-17
7749.749999999999	5.131116483207698e-17	2.4082655467877055e-17
7749.999999999998	-1.135222589949714e-17	2.4277577270502726e-17
7750.249999999999	-1.7688842154778995e-17	2.325535574131582e-17
7750.499999999999	-3.957051725080148e-17	2.0654096053601937e-17
7750.749999999999	-2.6602016003142063e-17	1.6561639825330534e-17
7750.999999999998	1.0669695187841872e-17	1.3075181904079767e-17
7751.249999999999	-1.8124573604511716e-18	9.11333501298865e-18
7751.499999999998	2.2103235423094812e-17	7.81286481498993e-18
7751.749999999999	1.5127598156377978e-17	6.7241602984303e-18
7751.999999999998	2.8125768718248445e-17	6.895061189657737e-18
7752.249999999999	3.320767192547618e-17	7.005234616214594e-18
7752.499999999998	3.1905865003607574e-17	6.746908592456121e-18
7752.749999999999	2.9558094814610567e-17	6.463698494330215e-18
7752.999999999999	2.5091898533253004e-17	6.1209926034658206e-18
7753.249999999999	2.5018593787368555e-17	6.048239587049944e-18
7753.499999999999	3.203202659063416e-17	6.373150754986792e-18
7753.749999999999	3.3217733750447273e-17	6.40143867757488e-18
7753.999999999999	2.880920519267446e-17	6.143127543067433e-18
7754.249999999999	2.612455246432543e-17	6.002734313601871e-18
7754.499999999999	2.3228025693877068e-17	5.93664630497164e-18
7754.749999999999	2.254452966244695e-17	5.9686747382896935e-18
7754.999999999999	2.1819950878713776e-17	6.036766591953834e-18
7755.249999999999	2.5650591208222345e-17	6.3261127158636576e-18
7755.499999999999	2.7193522933011382e-17	6.639898304561667e-18
7755.749999999998	2.419208153675047e-17	6.724396458495184e-18
7755.999999999999	2.0457417319355204e-17	6.804434454565815e-18
7756.249999999999	2.2483223998528196e-17	6.951756562432428e-18
7756.499999999999	2.5294185552052847e-17	7.04016728066332e-18
7756.749999999998	2.8983872650821155e-17	6.84821671079794e-18
7756.999999999999	2.7916750103623646e-17	6.641129562903452e-18
7757.249999999999	2.6889175061512297e-17	6.3737951286839706e-18
7757.499999999999	2.6755719395844216e-17	6.265027909168454e-18
7757.749999999998	2.6901361086296428e-17	6.407020492348388e-18
7757.999999999999	3.4741790868019075e-17	6.99475837375661e-18
7758.25	2.9474308036003845e-17	7.936609380266638e-18
7758.499999999999	3.8823579775110995e-17	9.959610262801851e-18
7758.749999999998	3.569322062602247e-17	1.2249231309097606e-17
7758.999999999999	2.5731424952042252e-17	1.3930760454242353e-17
7759.249999999998	3.642420013333558e-17	1.529820415771704e-17
7759.499999999999	2.5769567904448297e-17	1.512663035506129e-17
7759.749999999999	3.9753105790493983e-17	1.461989454872763e-17
7759.999999999999	1.9708085982971992e-17	1.2486380681994108e-17
7760.249999999999	9.7696713961862e-18	9.740357769638545e-18
7760.499999999999	2.2588921137200222e-17	8.15482376176119e-18
7760.749999999999	1.998634623231238e-17	6.5213157598975964e-18
7760.999999999999	2.367013387895196e-17	6.2981527703884464e-18
7761.249999999999	2.5699628129295714e-17	6.176138253362893e-18
7761.499999999999	3.081606447273631e-17	6.283091052204775e-18
7761.749999999999	3.188487446838343e-17	6.298420776906914e-18
7761.999999999999	2.802166307507497e-17	6.165227741083319e-18
7762.249999999999	2.5488970042696834e-17	6.023217373520215e-18
7762.499999999998	2.357632663440477e-17	5.870779980745574e-18
7762.749999999999	2.422968847611958e-17	5.929138400141803e-18
7762.999999999999	2.651373763380918e-17	6.117255401458306e-18
7763.249999999999	2.856619607231863e-17	6.2405905123318e-18
7763.499999999998	3.078155118885815e-17	6.336088100460741e-18
7763.749999999999	3.189052576632839e-17	6.3460192308950525e-18
7763.999999999999	3.259562444663594e-17	6.339715287446786e-18
7764.249999999999	2.448673981455411e-17	5.996661567134813e-18
7764.499999999998	1.729252999713749e-17	5.6356907011646345e-18
7764.749999999999	2.2898728400742158e-17	5.906991466421308e-18
7765.0	2.734731566121969e-17	6.1285071257405585e-18
7765.249999999999	2.7059536217390043e-17	6.1323779174170004e-18
7765.499999999998	2.634215059626363e-17	6.108845042580173e-18
7765.749999999999	2.4663496730928116e-17	6.0060843950827105e-18
7765.999999999998	2.348488016332581e-17	5.944667061781261e-18
7766.249999999999	2.2624228514466436e-17	5.945807330255665e-18
7766.499999999998	2.345703560954605e-17	5.988096111891826e-18
7766.749999999999	2.5809805278165327e-17	6.067059186756444e-18
7766.999999999999	2.6398334357829455e-17	6.098793970957041e-18
7767.249999999999	2.5757553933231577e-17	6.094045954240987e-18
7767.499999999999	2.806234050887788e-17	6.215761445475102e-18
7767.749999999999	3.070970558957424e-17	6.386785173023503e-18
7767.999999999999	2.819980800051684e-17	6.384898787636576e-18
7768.249999999999	2.4775923811063873e-17	6.343619579938036e-18
7768.499999999999	2.0756257822335912e-17	6.2086452106653084e-18
7768.749999999999	1.830492296628604e-17	6.0722629799900154e-18
7768.999999999999	2.2364176164769565e-17	6.17515225407273e-18
7769.249999999998	2.5988653307127867e-17	6.222646483303687e-18
7769.499999999999	2.3912549083627975e-17	5.950191387502196e-18
7769.749999999999	2.3590269590809965e-17	5.831435962090102e-18
7769.999999999999	2.888207649591793e-17	6.156015430601316e-18
7770.249999999998	3.12401897512943e-17	6.390896260667892e-18
7770.499999999999	2.6626773518875775e-17	6.493405858849445e-18
7770.749999999999	2.8696192468665013e-17	6.71006141847964e-18
7770.999999999999	3.0200734741225464e-17	7.035025525975691e-18
7771.249999999998	2.7216531788930157e-17	7.224545012020778e-18
7771.499999999999	2.0634692050792668e-17	7.324218621472193e-18
7771.749999999999	2.4176355178944612e-17	7.92501727116232e-18
7771.999999999999	2.6438778526699623e-17	8.671134183685151e-18
7772.249999999998	3.2788327750858746e-17	9.594608545706702e-18
7772.499999999999	4.207700685573516e-17	1.0499424194650894e-17
7772.749999999998	3.6075973639063005e-17	1.0705090246253016e-17
7772.999999999999	3.774462854515398e-17	1.0806060874904914e-17
7773.249999999998	3.113516428327967e-17	1.0073562663987156e-17
7773.499999999999	3.343216543500062e-17	9.291814946578603e-18
7773.749999999998	3.709423628183823e-17	8.461886440030675e-18
7773.999999999999	3.963344915180451e-17	7.705127848927349e-18
7774.249999999999	3.918959065255346e-17	7.320816427612762e-18
7774.499999999999	3.02527544755877e-17	6.932491939556374e-18
7774.749999999999	2.2198835995210015e-17	6.524403625124257e-18
7774.999999999999	2.273629163513267e-17	6.424257695543074e-18
7775.249999999999	3.124625794826799e-17	6.6577012992953396e-18
7775.499999999999	2.990464378660088e-17	6.487519641610517e-18
7775.749999999999	2.20730218240407e-17	6.02456195560592e-18
7775.999999999999	2.402682904833585e-17	6.0086722296290826e-18
7776.249999999999	2.877052291850903e-17	6.176714798249843e-18
7776.499999999999	2.985013920167854e-17	6.154312679310375e-18
7776.749999999999	2.958899166485065e-17	6.088592352462425e-18
7776.999999999998	2.8510262119297794e-17	6.10533200651866e-18
7777.249999999999	2.719775975210888e-17	6.1273039915396e-18
7777.499999999999	2.7070873554865695e-17	6.143178414675105e-18
7777.749999999999	2.5620387535335584e-17	6.116197437454851e-18
7777.999999999998	1.9179671427144542e-17	5.828605763624252e-18
7778.249999999999	1.661944651525819e-17	5.820606099920251e-18
7778.499999999999	2.3767995962861884e-17	6.537569445343957e-18
7778.749999999999	3.189798362673117e-17	7.620561866183603e-18
7778.999999999998	3.413194368960823e-17	9.169609764421857e-18
7779.249999999999	3.346427658637993e-17	1.0647826186807195e-17
7779.5	4.016969049058794e-17	1.2094450927237908e-17
7779.749999999999	2.7932966152352135e-17	1.2557047548905126e-17
7779.999999999998	1.992970090396475e-17	1.2436605915814343e-17
7780.249999999999	9.980249246265662e-18	1.1469437392295903e-17
7780.499999999998	1.0001847759240034e-17	1.0008528897047625e-17
7780.749999999999	1.7373780639986123e-17	8.597221460050475e-18
7780.999999999999	1.7630451475338877e-17	7.00101185918751e-18
7781.249999999999	2.799092173479005e-17	6.616833613951545e-18
7781.499999999999	2.482888984004687e-17	6.329167493865816e-18
7781.749999999999	2.4409649890186618e-17	6.171852630609256e-18
7781.999999999999	2.3882932708976127e-17	6.081153103623429e-18
7782.249999999999	3.105502702553553e-17	6.351438504678194e-18
7782.499999999999	3.464822681457198e-17	6.4905756603835945e-18
7782.749999999999	2.942634810408802e-17	6.29249195986644e-18
7782.999999999999	2.5159993695639595e-17	6.136920793341142e-18
7783.249999999999	2.2789980619971036e-17	6.047959172822289e-18
7783.499999999999	2.270612435819286e-17	6.098180202942527e-18
7783.749999999998	2.5085894856367095e-17	6.276768910783032e-18
7783.999999999999	2.487687127865862e-17	6.2968052931705976e-18
7784.249999999999	2.2452198108112557e-17	6.20880609729445e-18
7784.499999999999	2.2163773463405118e-17	6.244259058348473e-18
7784.749999999998	2.2355881197586883e-17	6.3265895854867944e-18
7784.999999999999	1.9663161803904237e-17	6.292472521122045e-18
7785.249999999999	1.7933801767019224e-17	6.236201492001594e-18
7785.499999999999	2.0950000065408082e-17	6.328992131575955e-18
7785.749999999998	2.4099720203914024e-17	6.418277179714316e-18
7785.999999999999	2.45364831478706e-17	6.4140225762336495e-18
7786.25	2.4585639182952175e-17	6.406218540744518e-18
7786.499999999999	2.461822182728064e-17	6.379404654007999e-18
7786.749999999998	2.595623444456069e-17	6.402442461248213e-18
7786.999999999999	3.0594770497821224e-17	6.519708961557712e-18
7787.249999999998	3.296277021587883e-17	6.560069585186012e-18
7787.499999999999	3.1207172009963633e-17	6.4732970981582806e-18
7787.749999999998	3.023903320358667e-17	6.409279109010964e-18
7787.999999999999	2.892498731737473e-17	6.369599255026795e-18
7788.249999999999	2.4318403596815893e-17	6.223325598586593e-18
7788.499999999999	1.7857079110843705e-17	6.006713052348251e-18
7788.749999999999	1.9558970133947058e-17	6.146492927389605e-18
7788.999999999999	2.373176545203206e-17	6.408486669984138e-18
7789.249999999999	2.947158164870487e-17	6.826891167425711e-18
7789.499999999999	3.554891400507892e-17	7.258134335154719e-18
7789.749999999999	2.9277442358938675e-17	7.33155654068615e-18
7789.999999999999	2.3948629047586313e-17	7.405743888284194e-18
7790.249999999999	2.5359956336918164e-17	7.591334266419654e-18
7790.499999999998	2.876147025388525e-17	7.725801573976887e-18
7790.749999999999	3.121473574948482e-17	7.596973156655428e-18
7790.999999999999	3.247127273078962e-17	7.402076996628746e-18
7791.249999999999	2.972110895228762e-17	7.040935731452382e-18
7791.499999999998	2.5683246644444714e-17	6.769406250756338e-18
7791.749999999999	2.4951884979688604e-17	6.6436756248288905e-18
7791.999999999999	3.6362224453120656e-17	7.203623959968087e-18
7792.249999999999	3.4536014801395484e-17	8.272990648167453e-18
7792.499999999998	5.436776594030538e-17	1.149109877099683e-17
7792.749999999999	4.584043379739012e-17	1.498856398465884e-17
7792.999999999999	3.4013474882278386e-17	1.817975234163329e-17
7793.249999999999	3.6023877804084416e-17	2.1033861290269933e-17
7793.499999999998	8.072199171915106e-18	2.145905197745689e-17
7793.749999999999	4.801386078304055e-17	2.169476536481e-17
7793.999999999998	4.590711365374863e-18	1.8982716414573216e-17
7794.249999999999	1.0922246870539265e-18	1.5638023188243624e-17
7794.499999999998	1.2821146466158607e-17	1.2153337087864946e-17
7794.749999999999	1.263315643706613e-17	8.482048967461655e-18
7794.999999999998	2.3334157929551297e-17	7.397646617267912e-18
7795.249999999999	2.2359974087257795e-17	6.569562723485977e-18
7795.499999999999	2.2928915530016668e-17	6.45468636155645e-18
7795.749999999999	2.6638138980492254e-17	6.420944010009187e-18
7795.999999999999	3.0489149459765553e-17	6.4841798998873345e-18
7796.249999999999	2.888110373151757e-17	6.352402170091818e-18
7796.499999999999	2.199765905279222e-17	6.0455851644642615e-18
7796.749999999999	2.2347324841330634e-17	6.0331497447254455e-18
7796.999999999999	2.619380071648592e-17	6.172305925584935e-18
7797.249999999998	2.780042865716399e-17	6.3078601484670625e-18
7797.499999999999	2.926438614015014e-17	6.4433986549175514e-18
7797.749999999999	3.436685967485084e-17	6.6570234247833524e-18
7797.999999999999	4.075545016956124e-17	6.872675614330521e-18
7798.249999999998	3.5194794676122516e-17	6.52472870710499e-18
7798.499999999999	2.9166557143464717e-17	6.180411054817036e-18
7798.749999999999	2.5522005982000977e-17	6.0440147620713295e-18
7798.999999999999	2.1742644233025795e-17	5.9006908316954915e-18
7799.249999999998	1.8365389869063666e-17	5.7232163361400955e-18
7799.499999999999	2.0210432768975446e-17	5.771901291862823e-18
7799.749999999999	3.0176567832449115e-17	6.243756546126347e-18
7799.999999999999	3.136228822715203e-17	6.2702234305959e-18
7800.249999999998	2.087931913642665e-17	5.75046283833698e-18
7800.499999999999	1.9068501661539865e-17	5.654052869992393e-18
7800.749999999998	2.406625909377503e-17	5.90612375395874e-18
7800.999999999999	2.1331634730260447e-17	5.834886546015367e-18
7801.249999999998	1.5610539285210937e-17	5.60260719897527e-18
7801.499999999999	2.0758598743469437e-17	5.822542116143932e-18
7801.749999999998	2.855282552489732e-17	6.149226759314093e-18
7801.999999999999	2.940308447654058e-17	6.2222684617637505e-18
7802.249999999999	2.923497159756775e-17	6.2665077352843115e-18
7802.499999999999	2.8771707441146204e-17	6.2660515451764885e-18
7802.749999999999	2.7335377790619326e-17	6.248411091433183e-18
7802.999999999999	2.3529700117636382e-17	6.08903944358351e-18
7803.249999999999	2.198769979821708e-17	6.0104639028358725e-18
7803.499999999999	2.4489006289432505e-17	6.168059180320088e-18
7803.749999999999	2.6660026179500407e-17	6.244381894669437e-18
7803.999999999999	2.9086022839026554e-17	6.1702917407933685e-18
7804.249999999999	3.03471159311453e-17	6.098456894857426e-18
7804.499999999999	2.89666110457984e-17	6.0197808516653635e-18
7804.749999999999	3.0665120554557634e-17	6.156518770004054e-18
7804.999999999998	3.46891093891668e-17	6.43306758265707e-18
7805.249999999999	3.17011576543354e-17	6.3721585518420344e-18
7805.499999999999	2.4837254290401005e-17	6.158811301071745e-18
7805.749999999999	2.1918253022709578e-17	6.013779656321291e-18
7805.999999999998	2.023091376094226e-17	5.884782907745178e-18
7806.249999999999	2.3671425935068768e-17	6.2456106714693844e-18
7806.499999999999	2.82116069047743e-17	6.658317962441998e-18
7806.749999999999	3.024679877517732e-17	7.822982061062067e-18
7806.999999999998	2.383970590452533e-17	9.124538347205067e-18
7807.249999999999	3.4555225243941415e-17	1.152000956058617e-17
7807.5	3.3141034255328907e-17	1.3300074941840072e-17
7807.749999999999	3.894077141557506e-17	1.4476363823198654e-17
7807.999999999998	4.2668123356355355e-17	1.4869183624293962e-17
7808.249999999999	4.5364265623412745e-17	1.4010277326527075e-17
7808.499999999998	4.022834421346285e-17	1.2490713454042661e-17
7808.749999999999	2.143182946349777e-17	9.90261172833266e-18
7808.999999999998	2.6784525133495763e-17	8.072493648213175e-18
7809.249999999999	2.778753125705306e-17	6.909645624627966e-18
7809.499999999999	3.114476288710773e-17	6.5402189048459645e-18
7809.749999999999	2.800289600133737e-17	6.527156482202833e-18
7809.999999999999	2.5409956096224544e-17	6.375337820526382e-18
7810.249999999999	2.0489622769324344e-17	6.192103666365779e-18
7810.499999999999	2.1076098786708115e-17	6.204432379805576e-18
7810.749999999999	2.2239753311390563e-17	6.2266988411245845e-18
7810.999999999999	2.3486251628781422e-17	6.2625649788945775e-18
7811.249999999999	2.4097675413439793e-17	6.324749108623864e-18
7811.499999999999	2.5683787620565323e-17	6.497946253231748e-18
7811.749999999998	2.7316513109569442e-17	6.6286511297727835e-18
7811.999999999999	2.840955784280314e-17	6.646105467878265e-18
7812.249999999999	2.7386487626307753e-17	6.584431708586924e-18
7812.499999999999	2.3633501358344437e-17	6.393575498671951e-18
7812.749999999998	2.1125550952448986e-17	6.250891392499923e-18
7812.999999999999	1.897955823899449e-17	6.155218855671427e-18
7813.249999999999	2.0421520989492853e-17	6.2377702400333005e-18
7813.499999999999	2.3700830551483803e-17	6.421521382076749e-18
7813.749999999998	2.469295594126358e-17	6.542850166374496e-18
7813.999999999999	2.544754483762018e-17	6.643630543485506e-18
7814.249999999999	2.435066364070546e-17	6.631532613436612e-18
7814.499999999999	2.2761227821878693e-17	6.610480453256831e-18
7814.749999999998	2.1992866368323086e-17	6.635122577295092e-18
7814.999999999999	2.2008670481106524e-17	6.638054518976286e-18
7815.249999999998	1.712930575558485e-17	6.392887697992613e-18
7815.499999999999	1.5421837880791665e-17	6.249849972108719e-18
7815.749999999998	2.4640171892015346e-17	6.4563233519886925e-18
7815.999999999999	2.96888522171205e-17	6.488085019559197e-18
7816.249999999999	2.5697417902698972e-17	6.1445188608577475e-18
7816.499999999999	2.4485226074033138e-17	6.000814427400135e-18
7816.749999999999	2.562111214555218e-17	6.120505807675333e-18
7816.999999999999	2.6872980519479733e-17	6.197984506930725e-18
7817.249999999999	2.7234547782671562e-17	6.25126941403986e-18
7817.499999999999	2.58842515332951e-17	6.2682353019936285e-18
7817.749999999999	2.3008991576395477e-17	6.272971738181107e-18
7817.999999999999	2.2525590535141937e-17	6.3937674045740635e-18
7818.249999999999	2.2536749201605278e-17	6.546322670585993e-18
7818.499999999998	1.861730110717179e-17	6.6030978662897954e-18
7818.749999999999	1.5513674781119753e-17	6.652962381566023e-18
7818.999999999999	2.0268557096258322e-17	6.838216097192174e-18
7819.249999999999	3.1364280078067055e-17	7.076204231229806e-18
7819.499999999998	2.700866130099558e-17	7.615908975237992e-18
7819.749999999999	2.797972170929608e-17	9.325287637246174e-18
7819.999999999999	4.333401367562789e-17	1.3453177801417511e-17
7820.249999999999	2.870131437101794e-17	1.7075823565899622e-17
7820.499999999998	1.7188604679337552e-17	2.0778757134997354e-17
7820.749999999999	-9.378808704420193e-18	2.2887678922119675e-17
7820.999999999999	1.0090197912340451e-19	2.348581322305677e-17
7821.249999999999	-3.3924281651188018e-18	2.2534163435010437e-17
7821.499999999998	3.0895989972243635e-17	2.0134891326714653e-17
7821.749999999999	4.088337530565379e-17	1.6462469141691552e-17
7821.999999999998	8.454235846545172e-18	1.1355092907500248e-17
7822.249999999999	2.7396706615595233e-17	8.873110182574674e-18
7822.499999999998	2.131890607499448e-17	6.965430685138542e-18
7822.749999999999	2.8733799408034124e-17	6.671489986516292e-18
7822.999999999998	2.6697628155785842e-17	6.520664355165211e-18
7823.249999999999	2.850129879018017e-17	6.601404213985593e-18
7823.499999999999	2.8434313704175625e-17	6.636459714755284e-18
7823.749999999999	2.5441039889283062e-17	6.451330489811322e-18
7823.999999999999	2.339965574481447e-17	6.301553723476958e-18
7824.249999999999	2.267109325925124e-17	6.253329920945729e-18
7824.499999999999	2.1570587356892315e-17	6.191518022492092e-18
7824.749999999999	2.023185674684057e-17	6.095041879698501e-18
7824.999999999999	2.3095544446970575e-17	6.202636157105417e-18
7825.249999999999	2.930514960073675e-17	6.485709356839945e-18
7825.499999999999	2.97208508719365e-17	6.4776062955593756e-18
7825.749999999999	2.6802522929263692e-17	6.3036378050302856e-18
7825.999999999999	2.572104052663226e-17	6.17544218087743e-18
7826.249999999998	2.528441489465737e-17	6.057504009910538e-18
7826.499999999999	2.6448077691145944e-17	6.074033560091185e-18
7826.749999999999	2.693204452393847e-17	6.110798843187023e-18
7826.999999999999	3.150270048177168e-17	6.403000808161687e-18
7827.249999999998	3.422814479484815e-17	6.6782943742351535e-18
7827.499999999999	3.248902071801256e-17	6.8272526453533964e-18
7827.749999999999	2.922210728468133e-17	6.8854278442439446e-18
7827.999999999999	2.1262616434310247e-17	6.610428754468547e-18
7828.249999999998	1.7134374718378575e-17	6.482458950622918e-18
7828.499999999999	2.0492924874329655e-17	6.655910039678856e-18
7828.75	2.2509045268529652e-17	6.658579351515565e-18
7828.999999999999	2.199895276327025e-17	6.438437639193765e-18
7829.249999999998	2.1268236299391933e-17	6.249820193606667e-18
7829.499999999999	1.9619106164479663e-17	6.071101618409991e-18
7829.749999999998	2.4456871976996045e-17	6.147177419346493e-18
7829.999999999999	3.177446240021985e-17	6.3393050058629596e-18
7830.249999999998	3.0629260620642235e-17	6.2245419676773525e-18
7830.499999999999	2.7138007533380498e-17	6.022905112838976e-18
7830.749999999999	2.2955061054818244e-17	5.815814242631732e-18
7830.999999999999	1.860707550043941e-17	5.618979171249226e-18
7831.249999999999	2.2618793937841962e-17	5.736243603607193e-18
7831.499999999999	2.588833118807621e-17	5.8509293004055265e-18
7831.749999999999	2.402805989308733e-17	5.9279025923066485e-18
7831.999999999999	2.2636844673169094e-17	6.0181968007923244e-18
7832.249999999999	2.2781225740367775e-17	6.144274428986738e-18
7832.499999999999	2.387034302005307e-17	6.312102757828847e-18
7832.749999999999	2.7047707534630535e-17	6.544050819033616e-18
7832.999999999998	2.6333213736925606e-17	6.594861628930605e-18
7833.249999999999	2.3002579272286965e-17	6.4676565535612815e-18
7833.499999999999	2.6063757998025232e-17	6.549648350238763e-18
7833.749999999999	3.2827635373567266e-17	6.752565680665371e-18
7833.999999999998	3.0236138071442734e-17	6.5639726369063435e-18
7834.249999999999	2.3945700828217876e-17	6.219337760853475e-18
7834.499999999999	2.3391301220627685e-17	6.1524552452448875e-18
7834.749999999999	2.379081456723977e-17	6.1434807491889935e-18
7834.999999999998	2.833030732267566e-17	6.254062389378145e-18
7835.249999999999	3.2036900338803324e-17	6.359221447061705e-18
7835.5	3.152893203335696e-17	6.3268604871374055e-18
7835.749999999999	2.985970140955965e-17	6.258806683781443e-18
7835.999999999998	2.5805391442416744e-17	6.015424504969353e-18
7836.249999999999	2.3262806984273698e-17	5.852572908282669e-18
7836.499999999998	2.365315351533747e-17	5.873657742096646e-18
7836.749999999999	2.4522257295695912e-17	5.927220168301292e-18
7836.999999999998	2.5626320074688814e-17	6.021278875754697e-18
7837.249999999999	2.7735274949035637e-17	6.154315160852213e-18
7837.499999999999	3.099604573913805e-17	6.3204229540202116e-18
7837.749999999999	3.120492538741994e-17	6.381703388930284e-18
7837.999999999999	2.973270602447561e-17	6.3880987358362376e-18
7838.249999999999	2.603293228531783e-17	6.235086038945566e-18
7838.499999999999	2.190933436134503e-17	6.032719197216612e-18
7838.749999999999	2.226163223859259e-17	6.056358364762152e-18
7838.999999999999	2.2802969009949344e-17	6.1129408273832294e-18
7839.249999999999	2.7378518568286417e-17	6.487063037912388e-18
7839.499999999999	3.1214209662615235e-17	7.02685049998183e-18
7839.749999999998	3.1722882725943494e-17	8.54110304575304e-18
7839.999999999999	2.2690414543999254e-17	1.0079034463739194e-17
7840.249999999999	2.68439779128424e-17	1.2106820586118026e-17
7840.499999999999	2.1615736529086685e-17	1.3343835277785964e-17
7840.749999999998	1.3161054832191347e-17	1.3630391321489647e-17
7840.999999999999	1.1136533591690262e-17	1.3298614140878303e-17
7841.249999999999	2.3445249940178394e-17	1.2189867038076513e-17
7841.499999999999	3.227300084668311e-17	1.0576087293822309e-17
7841.749999999998	2.5870518680765494e-17	8.327977479386915e-18
7841.999999999999	2.829602564936901e-17	7.135547822735585e-18
7842.249999999999	2.6229563043089036e-17	6.474759553481274e-18
7842.499999999999	2.3196845947867494e-17	6.124239287370091e-18
7842.749999999998	1.990473990180035e-17	5.844129048589728e-18
7842.999999999999	2.258678866558106e-17	5.95864269182065e-18
7843.249999999998	2.534796056367492e-17	6.085322507501003e-18
7843.499999999999	2.8427431561479184e-17	6.128640715409486e-18
7843.749999999998	3.116391708137201e-17	6.171182614313088e-18
7843.999999999999	3.182221057389886e-17	6.201016123875732e-18
7844.249999999998	3.015869080505062e-17	6.186365928046805e-18
7844.499999999999	2.454978421212045e-17	6.058334499245541e-18
7844.749999999999	2.217386672123949e-17	5.9995302294991465e-18
7844.999999999999	2.3526917482055754e-17	6.027521607837635e-18
7845.249999999999	2.1877464746704588e-17	5.948733895262878e-18
7845.499999999999	1.7919613965152714e-17	5.774867975129744e-18
7845.749999999999	2.0990971975509058e-17	5.865519525640043e-18
7845.999999999999	2.7530297938883772e-17	6.090840629367344e-18
7846.249999999999	2.4851245223281727e-17	6.023854302591881e-18
7846.499999999999	2.0093047568248045e-17	5.868863403266289e-18
7846.749999999999	2.2547313952388805e-17	5.91410563327957e-18
7846.999999999999	2.4961126241492046e-17	5.984076014114818e-18
7847.249999999999	2.8598231123081583e-17	6.21344575335026e-18
7847.499999999998	3.1414989558339006e-17	6.434491160491274e-18
7847.749999999999	2.996589154787676e-17	6.630101590976895e-18
7847.999999999999	2.879633426234313e-17	6.976421433937534e-18
7848.249999999999	3.3083763578438185e-17	7.767990266758929e-18
7848.499999999998	3.4601560593134186e-17	8.456211981028561e-18
7848.749999999999	3.5782109454647417e-17	9.060254005900509e-18
7848.999999999999	3.022589426673688e-17	9.253271638756083e-18
7849.249999999999	2.1102561948864912e-17	9.0174217666019e-18
7849.499999999998	1.8907170009228748e-17	8.72773318991848e-18
7849.749999999999	2.3193462779162152e-17	8.39251990104259e-18
7850.0	2.3999280625215385e-17	7.762214891722084e-18
7850.249999999999	2.0262629519988767e-17	6.968901534988815e-18
7850.499999999998	2.808086935459907e-17	7.034229778226415e-18
7850.749999999999	3.43974322702908e-17	7.277604512412992e-18
7850.999999999998	2.5143051382333284e-17	7.365788583156045e-18
7851.249999999999	1.0234301227799073e-17	7.569626565604425e-18
7851.499999999998	2.2896384170886183e-17	9.286399395108219e-18
7851.749999999999	2.2415223134731437e-17	1.139962086705459e-17
7851.999999999999	3.2291648806412505e-17	1.5305030052131827e-17
7852.249999999999	1.7444832145881978e-17	1.8558680471521383e-17
7852.499999999999	3.010282964392369e-17	2.175925401972586e-17
7852.749999999999	2.833514136617542e-17	2.358917936676262e-17
7852.999999999999	3.326680210438392e-17	2.3443542639394084e-17
7853.249999999999	1.9816961149557447e-17	2.1998636780276256e-17
7853.499999999999	7.217378319193619e-19	1.8562098381812452e-17
7853.749999999999	1.3534984309637781e-17	1.4961321618365018e-17
7853.999999999999	7.26201298504698e-18	1.0600773672023341e-17
7854.249999999998	2.3123958101011772e-17	8.340749975225346e-18
7854.499999999999	1.9665451439839784e-17	6.782833046459299e-18
7854.749999999999	1.880994816311294e-17	6.257190372864514e-18
7854.999999999999	1.4174795278557747e-17	5.871875995057207e-18
7855.249999999998	1.9540093872368598e-17	6.0073197893275584e-18
7855.499999999999	2.25729730949902e-17	6.097278162484538e-18
7855.749999999999	1.938078715819701e-17	5.922726923213904e-18
7855.999999999999	1.8046768168914366e-17	5.852776808303664e-18
7856.249999999998	1.847557694410063e-17	6.0907442628259815e-18
7856.499999999999	2.028700818700193e-17	6.64252046710346e-18
7856.75	2.5191635008430973e-17	7.645081981081512e-18
7856.999999999999	2.6435172019228892e-17	8.443095378055308e-18
7857.249999999998	2.9402555080948546e-17	9.106105454434936e-18
7857.499999999999	2.786081284188036e-17	9.258988283969437e-18
7857.749999999998	2.6612575790841915e-17	9.087387184353473e-18
7857.999999999999	2.3211106541627908e-17	8.582226329906114e-18
7858.249999999998	2.2265864094606412e-17	7.894519949158103e-18
7858.499999999999	2.5779876229241933e-17	7.362056344232206e-18
7858.749999999999	2.0932554826289338e-17	6.831902641166863e-18
7858.999999999999	2.582949548546654e-17	7.961888846966872e-18
7859.249999999999	1.0457640820369003e-17	9.222048879354656e-18
7859.499999999999	3.2711856557589443e-17	1.2197181796233319e-17
7859.749999999999	3.9906289713771454e-17	1.4317536873782348e-17
7859.999999999999	2.4673649545766592e-17	1.4848950786510915e-17
7860.249999999999	1.9969797656977644e-17	1.4984823473928875e-17
7860.499999999999	1.7750281821956984e-17	1.4163011263551316e-17
7860.749999999999	2.4635162486225725e-17	1.2691877161570657e-17
7860.999999999998	2.0254061583203943e-17	9.948849470213149e-18
7861.249999999999	2.451690378277147e-17	7.87050441443385e-18
7861.499999999999	2.0562915934680217e-17	6.633991821397732e-18
7861.749999999999	1.4576934096434077e-17	6.048910844117031e-18
7861.999999999998	1.6310355590126725e-17	5.843933006784553e-18
7862.249999999999	1.5610082681512808e-17	5.721990454472292e-18
7862.499999999999	1.415824008577811e-17	5.621669989781861e-18
7862.749999999999	1.7846211611955984e-17	5.779580423079459e-18
7862.999999999998	2.143930055879035e-17	5.9499287576577105e-18
7863.249999999999	1.9264546775437383e-17	5.8604898539254144e-18
7863.499999999999	1.834048511518092e-17	5.808787343328094e-18
7863.749999999999	2.2001073654360837e-17	5.954037777350568e-18
7863.999999999998	2.4683895004833674e-17	6.062435660722579e-18
7864.249999999999	2.43637264769389e-17	6.0709407317808494e-18
7864.499999999998	2.4556246147065716e-17	6.089832296200642e-18
7864.749999999999	2.5879480355521894e-17	6.127061214029816e-18
7864.999999999998	2.6738904468352238e-17	6.154724615255427e-18
7865.249999999999	2.6867347419508247e-17	6.172413872654873e-18
7865.499999999998	2.568162537044411e-17	6.200459431323484e-18
7865.749999999999	2.3061070867761815e-17	6.2346037926484475e-18
7865.999999999999	2.807232292451017e-17	6.697813355149567e-18
7866.249999999999	2.6244417552529263e-17	7.270728159980839e-18
7866.499999999999	2.92880137271671e-17	8.57642531227028e-18
7866.749999999999	3.1413407989007804e-17	9.82336782565008e-18
7866.999999999999	1.5444252821030627e-17	1.0154025003712027e-17
7867.249999999999	1.1492643117200466e-17	1.0421778404911767e-17
7867.499999999999	1.2725615377214857e-17	1.0136749336618857e-17
7867.749999999998	2.1361902923234987e-17	9.66695376208059e-18
7867.999999999999	1.9682049646011273e-17	8.406388411192654e-18
7868.249999999999	2.2216665046132983e-17	7.3023090885875e-18
7868.499999999999	2.666646495338852e-17	6.771469652794352e-18
7868.749999999998	3.133749596983259e-17	6.807179453428572e-18
7868.999999999999	2.972174753572051e-17	7.475177428901895e-18
7869.249999999999	4.0221405822484755e-17	9.695096928061481e-18
7869.499999999999	4.3383022472560435e-17	1.2382342867630864e-17
7869.749999999998	2.4943115210834316e-17	1.4358254012254658e-17
7869.999999999999	2.0258750042915893e-17	1.5970903827792114e-17
7870.249999999999	8.688539718134492e-18	1.6240905505896773e-17
7870.499999999999	3.754470560854481e-17	1.6310382059906327e-17
7870.749999999998	1.8489572840065027e-17	1.4170799996199116e-17
7870.999999999999	1.642857789763403e-17	1.1546962413665598e-17
7871.249999999998	2.58705914726594e-17	9.405280138383115e-18
7871.499999999999	1.6050268498844127e-17	7.064128221467144e-18
7871.749999999998	2.098702963270963e-17	6.440873272507427e-18
7871.999999999999	1.5957101492091054e-17	6.033551754503146e-18
7872.249999999998	2.293947862643897e-17	6.2063956929894705e-18
7872.499999999999	2.631790924123215e-17	6.295271286724618e-18
7872.749999999998	2.623921954955998e-17	6.271455102527991e-18
7872.999999999999	2.6492042340703138e-17	6.24846692612453e-18
7873.249999999999	2.702711570046164e-17	6.220450732367665e-18
7873.499999999999	2.661053265472891e-17	6.160997953021029e-18
7873.749999999999	2.615773067869493e-17	6.08079203928605e-18
7873.999999999999	2.5171192066772338e-17	6.055046869900949e-18
7874.249999999999	2.3394722439641204e-17	6.046960765822937e-18
7874.499999999999	2.430276657451619e-17	6.091246361457801e-18
7874.749999999999	2.5683063010348727e-17	6.141373920168821e-18
7874.999999999999	2.1998744313755888e-17	5.9539343797739985e-18
7875.249999999999	1.9287626768888838e-17	5.827269453344672e-18
7875.499999999998	2.4155315012883713e-17	6.079336201407956e-18
7875.749999999999	2.795929034816602e-17	6.254397811116535e-18
7875.999999999999	2.830495258253968e-17	6.22670049548581e-18
7876.249999999999	2.731783163546585e-17	6.1858084083139444e-18
7876.499999999998	2.3752301037919302e-17	6.116344675603885e-18
7876.749999999999	2.4438864255060766e-17	6.332811638054418e-18
7876.999999999999	2.948759255664145e-17	6.809482737844226e-18
7877.249999999999	3.0179039448119423e-17	7.821321909572673e-18
7877.499999999998	2.1741727716907087e-17	9.005709716308762e-18
7877.749999999999	1.8331887399894044e-17	1.0463003432280184e-17
7878.0	2.772509566441756e-17	1.1915104108365998e-17
7878.249999999999	1.5992058144777545e-17	1.2013238334697452e-17
7878.499999999998	1.914288008785941e-17	1.188603532727966e-17
7878.749999999999	1.8893182385070476e-17	1.093528716610101e-17
7878.999999999998	2.971847520921725e-17	9.84170641983038e-18
7879.249999999999	2.842240230335486e-17	8.3183821842813e-18
7879.499999999998	2.3862350800974582e-17	6.952727672471565e-18
7879.749999999999	3.3837685767221066e-17	7.098487649751372e-18
7879.999999999999	3.696679421922341e-17	7.512162328450366e-18
7880.249999999999	3.6234312551917906e-17	8.364682791888343e-18
7880.499999999999	2.9880956642579814e-17	9.349378445406169e-18
7880.749999999999	2.5763316073378622e-17	1.0461571582639855e-17
7880.999999999999	2.0044781579505576e-17	1.1021663847205636e-17
7881.249999999999	2.3217561859128272e-17	1.1241711260937605e-17
7881.499999999999	1.7907596685213544e-17	1.0655161624479315e-17
7881.749999999999	1.784364735205707e-17	9.664053666852979e-18
7881.999999999999	2.73525020836604e-17	8.717557214022852e-18
7882.249999999998	3.009602029312115e-17	7.708221504418297e-18
7882.499999999999	3.4665339527084474e-17	7.21970848697918e-18
7882.749999999999	2.883907633895497e-17	6.771975473738928e-18
7882.999999999999	2.6613849648985246e-17	6.5697343634630816e-18
7883.249999999998	2.3476474353941045e-17	6.391047634719989e-18
7883.499999999999	2.2394553545584962e-17	6.3112693733617e-18
7883.749999999999	1.9744357852832442e-17	6.241292375081551e-18
7883.999999999999	1.6711642411972125e-17	6.1798001819346655e-18
7884.249999999998	1.574317604207259e-17	6.203608507915473e-18
7884.499999999999	1.684188530814105e-17	6.335539679714618e-18
7884.749999999999	1.939691552578057e-17	6.460676803552559e-18
7884.999999999999	2.2707279102327985e-17	6.5857084618623994e-18
7885.249999999998	2.4688285679525105e-17	6.756982411546098e-18
7885.499999999999	2.589543666953804e-17	6.938986548135834e-18
7885.749999999998	2.5406703622055985e-17	6.95560626100325e-18
7885.999999999999	2.5781653013197697e-17	6.923086068811034e-18
7886.249999999998	2.5633749810950766e-17	6.930021978247291e-18
7886.499999999999	2.550802001220393e-17	6.9337025183828456e-18
7886.749999999998	2.5092409730871562e-17	6.7614301616997955e-18
7886.999999999999	2.54217682353718e-17	6.6492785327080184e-18
7887.249999999999	3.1042655712294187e-17	6.9032866736689645e-18
7887.499999999999	3.229279362438028e-17	7.083217895643643e-18
7887.749999999999	2.4833576645397594e-17	7.069480080030362e-18
7887.999999999999	2.543659131194875e-17	7.77565657667607e-18
7888.249999999999	3.15163291095441e-17	9.338654048764419e-18
7888.499999999999	3.9051798906114375e-17	1.1636423651274433e-17
7888.749999999999	4.468784364058118e-17	1.4303802366891517e-17
7888.999999999998	4.2694811511638766e-17	1.6021035935996503e-17
7889.249999999999	6.629052560524056e-17	1.7415184338366852e-17
7889.499999999999	3.8023811928057974e-17	1.6860769841525635e-17
7889.749999999999	3.103536328801392e-17	1.5833265936946966e-17
7889.999999999998	1.9685785193657562e-17	1.379411269859043e-17
7890.249999999999	1.2841504208214149e-17	1.1261345219957163e-17
7890.499999999999	3.102960611095055e-17	9.57675219782352e-18
7890.749999999999	2.4402650287843194e-17	7.773598551312038e-18
7890.999999999998	2.7408172993246443e-17	7.214480705507845e-18
7891.249999999999	2.2745021699317554e-17	6.769246604898115e-18
7891.499999999999	2.157028460878812e-17	6.7367611542916266e-18
7891.749999999999	2.5172819958217842e-17	6.7854126091995455e-18
7891.999999999998	2.9894879746650307e-17	6.969500413752303e-18
7892.249999999999	2.851908317335006e-17	6.924476145830429e-18
7892.499999999998	2.150590514171312e-17	6.63130183004571e-18
7892.749999999999	1.752254080134766e-17	6.489151255368778e-18
7892.999999999998	1.5101866221882678e-17	6.448744723216482e-18
7893.249999999999	2.0792614064618842e-17	6.675604796473437e-18
7893.499999999998	2.991242590180378e-17	6.992328117116929e-18
7893.749999999999	2.7042527729634727e-17	6.84519212488814e-18
7893.999999999999	2.2161682350816583e-17	6.614769798323225e-18
7894.249999999999	2.4349186296131442e-17	6.642960940779645e-18
7894.499999999999	2.6537201439064858e-17	6.665755143329462e-18
7894.749999999999	2.3477447118341408e-17	6.5495598419132195e-18
7894.999999999999	2.184442053559432e-17	6.472243683648194e-18
7895.249999999999	2.43937547875358e-17	6.529640091992024e-18
7895.499999999999	2.5237482321062337e-17	6.464015718095129e-18
7895.749999999999	2.0383980224572746e-17	6.15022682067467e-18
7895.999999999999	2.0077595834405555e-17	6.13567133702588e-18
7896.249999999999	2.6351797176567222e-17	6.4815416073235966e-18
7896.499999999999	2.941677597003956e-17	6.631401091719216e-18
7896.749999999998	2.9867682048109563e-17	6.649393510813163e-18
7896.999999999999	2.9474910223489784e-17	6.70265484327484e-18
7897.249999999999	2.9479281045846514e-17	6.771054821717156e-18
7897.499999999999	2.655557312046966e-17	6.673441719171611e-18
7897.749999999998	2.3840109568664257e-17	6.53476447588679e-18
7897.999999999999	2.4616891720855653e-17	6.595851764123831e-18
7898.249999999999	2.651382200623166e-17	6.651809291792124e-18
7898.499999999999	2.7769167847454385e-17	6.5324487837619476e-18
7898.749999999998	2.8254011491696217e-17	6.392146544163766e-18
7898.999999999999	2.528391858628984e-17	6.146460667345716e-18
7899.25	2.299147354538283e-17	5.976121431754202e-18
7899.499999999999	2.232044478014511e-17	5.9913171531971075e-18
7899.749999999998	2.203855486227684e-17	5.993670482039821e-18
7899.999999999999	2.223807413474708e-17	5.9798896530346874e-18
7900.249999999998	2.2415386916492723e-17	5.956772850045974e-18
7900.499999999999	2.1528025605654012e-17	5.929791459235413e-18
7900.749999999998	1.6571522979289318e-17	5.695186080312817e-18
7900.999999999999	8.983480064527012e-18	5.344392017418879e-18
7901.249999999999	1.521967990216738e-17	5.74351162605939e-18
7901.499999999999	2.446882308248621e-17	6.284393034488933e-18
7901.749999999999	2.2608569985470807e-17	6.383609626651912e-18
7901.999999999999	1.9663257756855293e-17	6.449651726758146e-18
7902.249999999999	1.786644775846148e-17	6.452897169891498e-18
7902.499999999999	1.877787506204181e-17	6.509179365950218e-18
7902.749999999999	2.7514389601343152e-17	6.791101543862379e-18
7902.999999999999	3.403257613698346e-17	6.937484801733744e-18
7903.249999999999	3.200817731921303e-17	6.767995494221629e-18
7903.499999999998	2.9641183452780293e-17	6.550622355410044e-18
7903.749999999999	2.5834399012137754e-17	6.239504424187518e-18
7903.999999999999	2.514578107835471e-17	6.1589647430753736e-18
7904.249999999999	2.7398460238493845e-17	6.289831747016469e-18
7904.499999999998	2.7136040497883847e-17	6.368211659549238e-18
7904.749999999999	2.6583331647465715e-17	6.421044926043918e-18
7904.999999999999	2.1882245850645145e-17	6.316603447541748e-18
7905.249999999999	1.647985482380619e-17	6.1655486871609894e-18
7905.499999999998	2.1934161360250198e-17	6.442884975757156e-18
7905.749999999999	2.7832010412951263e-17	6.737705794551162e-18
7905.999999999999	2.7554463193298896e-17	6.6955013853374816e-18
7906.249999999999	2.702836639754782e-17	6.639908644319324e-18
7906.499999999998	2.3456236553074323e-17	6.489451935521441e-18
7906.749999999999	2.00997659291832e-17	6.293701297921992e-18
7906.999999999998	1.649343051201941e-17	5.976740990033004e-18
7907.249999999999	1.634146750732607e-17	5.824451248997704e-18
7907.499999999998	2.056741414285128e-17	5.939545986608945e-18
7907.749999999999	2.465116346799495e-17	6.0573762105058986e-18
7907.999999999998	2.81079082344622e-17	6.183517531607479e-18
7908.249999999999	2.8009884023152216e-17	6.277076208380595e-18
7908.499999999999	2.5939454258654438e-17	6.358277220392476e-18
7908.749999999999	2.2304622469388197e-17	6.367437004905582e-18
7908.999999999999	1.9462365364568215e-17	6.360061448973753e-18
7909.249999999999	2.0486130412778145e-17	6.513932759340254e-18
7909.499999999999	2.194073248303632e-17	6.680001261429157e-18
7909.749999999999	2.2962993716892628e-17	6.764609843974449e-18
7909.999999999999	2.4076820535836106e-17	6.8519965126070014e-18
7910.249999999998	2.5073819673785045e-17	6.945569251450531e-18
7910.499999999999	2.8412188277151057e-17	7.128999861006615e-18
7910.749999999999	2.760156120301644e-17	7.56975146987692e-18
7910.999999999999	2.7627274939538264e-17	8.275584686568419e-18
7911.249999999998	3.4442933821426117e-17	9.346549487711237e-18
7911.499999999999	3.2598969565033107e-17	1.0097330044527642e-17
7911.749999999999	2.1496789611362784e-17	1.057914289900508e-17
7911.999999999999	2.827903205086472e-17	1.225659073500749e-17
7912.249999999998	-1.0289611486638044e-17	1.4378104692594705e-17
7912.499999999999	1.8664746532746607e-17	1.9413341678384647e-17
7912.749999999999	5.635863416476536e-17	2.3897726007051025e-17
7912.999999999999	5.645395184111107e-18	2.5411243189257677e-17
7913.249999999998	5.957380579642017e-17	2.727164848750579e-17
7913.499999999999	-1.94909957399299e-17	2.5110855858531495e-17
7913.749999999998	2.527489900889056e-17	2.344498358802115e-17
7913.999999999999	1.780669884845555e-17	1.841924263566332e-17
7914.249999999998	2.8522441526637025e-17	1.3531463828950755e-17
7914.499999999999	3.813619930352433e-17	1.0381579908683527e-17
7914.749999999998	2.1526566459053468e-17	7.84752285547529e-18
7914.999999999999	3.111660235033398e-17	7.341357803764291e-18
7915.249999999999	3.2416463743401857e-17	7.014468433392523e-18
7915.499999999999	3.1138122281150157e-17	6.811630098714414e-18
7915.749999999999	2.79128855158018e-17	6.488191725858217e-18
7915.999999999999	2.0903752397360242e-17	6.0768414246804964e-18
7916.249999999999	2.4925822172948283e-17	6.232637584332409e-18
7916.499999999999	3.2588639733543544e-17	6.5816118498787305e-18
7916.749999999999	2.9412712858870697e-17	6.5543761010298095e-18
7916.999999999999	2.237071254596996e-17	6.468810056925487e-18
7917.249999999999	3.2992826650616555e-17	7.284063138635806e-18
7917.499999999999	3.67403849594003e-17	7.945854777973144e-18
7917.749999999999	2.5521612244029402e-17	7.876988683255654e-18
7917.999999999998	2.037617660267392e-17	7.863190483457657e-18
7918.249999999999	2.690001443625919e-17	8.037455104646041e-18
7918.499999999999	3.212329439070081e-17	8.04992567956089e-18
7918.749999999999	3.1277684194100104e-17	7.78063951268609e-18
7918.999999999998	3.312518878351484e-17	7.723808895881247e-18
7919.249999999999	3.005248081439881e-17	7.911161995902057e-18
7919.499999999999	3.422010790801658e-17	9.208593959510868e-18
7919.749999999999	1.3948298337589702e-17	1.0895115966832986e-17
7919.999999999998	1.0763963171990253e-17	1.3643910761421214e-17
7920.249999999999	2.7822497835906904e-17	1.6334697861192936e-17
7920.5	3.2605652357201923e-18	1.695686010456347e-17
7920.749999999999	2.1884265825701e-17	1.7484057050529242e-17
7920.999999999998	5.8206317425192405e-18	1.6123207630897828e-17
7921.249999999999	3.7416694445668554e-17	1.462512729328264e-17
7921.499999999998	2.3381376707638274e-17	1.1557805097134943e-17
7921.749999999999	6.702503469222743e-18	8.304911548005874e-18
7921.999999999998	2.0387282329578058e-17	7.304855150512939e-18
7922.249999999999	1.9404844879132502e-17	6.577738163070145e-18
7922.499999999999	1.901422703282781e-17	6.497652190523986e-18
7922.749999999999	2.4136915207338084e-17	6.61580005177616e-18
7922.999999999999	3.140027236088046e-17	6.940416743414939e-18
7923.249999999999	3.0596196557197266e-17	6.940714528435458e-18
7923.499999999999	2.4765251526800714e-17	6.726997527931357e-18
7923.749999999999	2.2668998837940256e-17	6.5922270586796235e-18
7923.999999999999	2.281653973507889e-17	6.496892838721662e-18
7924.249999999999	2.0168349128131198e-17	6.330946345773111e-18
7924.499999999999	1.8196168568070018e-17	6.148962888698689e-18
7924.749999999998	1.846356628160636e-17	5.996294712533145e-18
7924.999999999999	1.8634776124792586e-17	5.8541763979001034e-18
7925.249999999999	1.9647483422573907e-17	5.8815722061975534e-18
7925.499999999999	2.0882343308746144e-17	5.9423422706696804e-18
7925.749999999998	2.5932424877808963e-17	6.1195491732969155e-18
7925.999999999999	2.6821490180709533e-17	6.149570452858609e-18
7926.249999999999	2.115650735969317e-17	5.891488447380839e-18
7926.499999999999	2.034393144803538e-17	5.890054116198672e-18
7926.749999999998	2.449343666879334e-17	6.181121602963219e-18
7926.999999999999	2.6034432790949002e-17	6.435427115354378e-18
7927.249999999999	2.580517637545748e-17	6.6706797631062966e-18
7927.499999999999	2.3415306002003974e-17	6.733597188448611e-18
7927.749999999998	2.116346063992229e-17	6.728718063605467e-18
7927.999999999999	2.2637283078893748e-17	6.8103479687649565e-18
7928.249999999998	2.607059050988492e-17	6.904059260361089e-18
7928.499999999999	2.760296741005778e-17	6.94505060920646e-18
7928.749999999998	2.945096169039515e-17	6.974240158662232e-18
7928.999999999999	2.7465382458771835e-17	6.8919923495851654e-18
7929.249999999998	2.8005327912338274e-17	7.061709545356039e-18
7929.499999999999	3.411275640811945e-17	8.056866552080823e-18
7929.749999999999	3.346165938692181e-17	9.205672357587331e-18
7929.999999999999	2.6729305864524173e-17	1.0657762280325182e-17
7930.249999999999	1.8427833733505294e-17	1.1943667482098067e-17
7930.499999999999	1.6976771996268847e-17	1.3099828577611397e-17
7930.749999999999	7.895998120912735e-18	1.3666389394567342e-17
7930.999999999999	1.6557561824910648e-17	1.388867515903688e-17
7931.249999999999	9.502941217404188e-18	1.3097954186343352e-17
7931.499999999998	9.891008038699766e-18	1.177344198384078e-17
7931.749999999999	1.7196974092775363e-17	1.0449130786227057e-17
7931.999999999999	1.991054340097802e-17	8.98722140243759e-18
7932.249999999999	1.9767527181790052e-17	7.743006103537377e-18
7932.499999999998	7.872536797198893e-18	6.4261246421856065e-18
7932.749999999999	1.606520241762316e-17	6.354960226136138e-18
7932.999999999999	1.559926812218429e-17	6.353229764294677e-18
7933.249999999999	2.3282434325848356e-17	6.578456569432147e-18
7933.499999999998	2.5537398158839364e-17	6.602824896687653e-18
7933.749999999999	1.8465154468382462e-17	6.210119246516878e-18
7933.999999999999	1.7415568150171077e-17	6.172743504128976e-18
7934.249999999999	2.517698233106021e-17	6.547405450007825e-18
7934.499999999998	2.7370579288767133e-17	6.628002206582236e-18
7934.749999999999	2.593275078697031e-17	6.5106409940925996e-18
7934.999999999998	2.831244353016696e-17	6.455508579085328e-18
7935.249999999999	3.234005541585911e-17	6.429065682853539e-18
7935.499999999998	3.0177530670682127e-17	6.325612685183369e-18
7935.749999999999	2.713735406069658e-17	6.2128154417234945e-18
7935.999999999998	2.5741045062566244e-17	6.1219302126901494e-18
7936.249999999999	2.3663451913963757e-17	6.0356072983253406e-18
7936.499999999999	2.3312300509045196e-17	6.032774618317653e-18
7936.749999999999	2.387846593366834e-17	6.07629341752468e-18
7936.999999999999	2.8100023548863345e-17	6.287613662203908e-18
7937.249999999999	2.799547784560399e-17	6.306719879992658e-18
7937.499999999999	2.0380102401861098e-17	5.934673479210701e-18
7937.749999999999	2.1292236117684546e-17	5.993073671227864e-18
7937.999999999999	3.1834605048197356e-17	6.544249755970935e-18
7938.249999999998	3.362321768672077e-17	6.605303129802862e-18
7938.499999999999	2.99447091067505e-17	6.345319436096833e-18
7938.749999999999	3.01498135027167e-17	6.364429376198339e-18
7938.999999999999	3.180627907530109e-17	6.498674172170795e-18
7939.249999999998	2.4461206403405823e-17	6.215381355983634e-18
7939.499999999999	1.5499319888769508e-17	5.832002994400007e-18
7939.749999999999	1.7607955471399885e-17	5.931004106013416e-18
7939.999999999999	2.082528273573101e-17	6.059594708908766e-18
7940.249999999998	2.725122705254308e-17	6.298373214021692e-18
7940.499999999999	3.0823763869877954e-17	6.418350798788833e-18
7940.749999999999	2.5105690942786714e-17	6.1209863996112264e-18
7940.999999999999	2.1711492611157048e-17	5.9995976447190696e-18
7941.249999999998	2.3738564876667247e-17	6.2418072950128656e-18
7941.499999999999	2.431358113384471e-17	6.3252127433572e-18
7941.749999999998	2.3464748241577493e-17	6.2346203362606986e-18
7941.999999999999	1.9840684689525467e-17	6.133839131969075e-18
7942.249999999998	1.462432658244969e-17	6.028294194529759e-18
7942.499999999999	1.4968749700265745e-17	6.058578931116551e-18
7942.749999999998	1.760668988506268e-17	6.1437396567207226e-18
7942.999999999999	1.756436636184079e-17	6.1454134566902236e-18
7943.249999999998	1.7263499266359328e-17	6.129933598706906e-18
7943.499999999999	2.3653712689431557e-17	6.386683429808159e-18
7943.749999999999	2.864714727578552e-17	6.6055194375330444e-18
7943.999999999999	2.203451491216513e-17	6.39553054004972e-18
7944.249999999999	1.592061786399379e-17	6.290627081175439e-18
7944.499999999999	1.836356345427115e-17	6.5531138234150536e-18
7944.749999999999	1.9555823538896906e-17	6.733341176049026e-18
7944.999999999999	1.7619898305083925e-17	6.773089686024037e-18
7945.249999999999	1.7581472456908387e-17	6.863086936669806e-18
7945.499999999999	2.070054555371924e-17	7.002782852878987e-18
7945.749999999999	2.287404367690235e-17	6.944129130004076e-18
7945.999999999998	2.35342744264238e-17	6.7609185504909315e-18
7946.249999999999	2.5814765053118195e-17	6.677458921816475e-18
7946.499999999999	2.814081017050711e-17	6.6313791714329834e-18
7946.749999999999	2.610756548326604e-17	6.392912927001296e-18
7946.999999999998	2.2281221529859072e-17	6.1143007123102666e-18
7947.249999999999	2.3074218076417733e-17	6.238159842101813e-18
7947.499999999999	2.1597154743806294e-17	6.5403880632812316e-18
7947.749999999999	2.575999080731616e-17	8.015740786385911e-18
7947.999999999998	1.6892268879251655e-17	9.540590342984539e-18
7948.249999999999	1.7426569652318032e-17	1.1510037071121231e-17
7948.5	1.7352561802912912e-17	1.2792413520400965e-17
7948.749999999999	3.416764480484602e-17	1.338039417931897e-17
7948.999999999998	3.4429649300788515e-17	1.3151014513916178e-17
7949.249999999999	3.448366419478823e-17	1.2057218700686284e-17
7949.499999999998	3.295168930439307e-17	1.0404855116759544e-17
7949.749999999999	1.5940771292438032e-17	8.088740302624329e-18
7949.999999999998	2.3104863463751598e-17	6.907073506513232e-18
7950.249999999999	2.1346600081902756e-17	6.2466938644815226e-18
7950.499999999999	2.4884350645757324e-17	6.2110444480320185e-18
7950.749999999999	2.713926815663403e-17	6.284211881934784e-18
7950.999999999999	2.63912139871166e-17	6.331684604469815e-18
7951.249999999999	2.4603818958454865e-17	6.37860146163321e-18
7951.499999999999	2.387589671068575e-17	6.404968257248644e-18
7951.749999999999	2.441265751889386e-17	6.461369153725266e-18
7951.999999999999	2.6673773921281038e-17	6.611532213405692e-18
7952.249999999999	2.793584474088382e-17	6.6656794563034135e-18
7952.499999999999	2.8144496087316646e-17	6.5561619839723115e-18
7952.749999999998	2.6466996966116257e-17	6.352486956104605e-18
7952.999999999999	2.1764994653176978e-17	6.043416710488454e-18
7953.249999999999	2.3140787917754776e-17	6.023142513674779e-18
7953.499999999999	2.8539008299945237e-17	6.184920843516675e-18
7953.749999999998	2.997404754871653e-17	6.280829540410055e-18
7953.999999999999	2.995776532553904e-17	6.3552733139979895e-18
7954.249999999999	2.5281566084627738e-17	6.140904495171197e-18
7954.499999999999	2.0335305608607676e-17	5.87731057168168e-18
7954.749999999998	2.259468162298604e-17	6.002789734702912e-18
7954.999999999999	2.4635953270891325e-17	6.101363193939631e-18
7955.249999999999	2.494730901653996e-17	6.033557544767434e-18
7955.499999999999	2.5828302691023238e-17	6.002815377301901e-18
7955.749999999998	2.650307527571337e-17	6.069632545642097e-18
7955.999999999999	2.7478756314915593e-17	6.1409545395982565e-18
7956.249999999998	3.0222433343053955e-17	6.227332047883494e-18
7956.499999999999	3.292300268074973e-17	6.36500798903682e-18
7956.749999999998	3.531078525033715e-17	6.552266376877493e-18
7956.999999999999	3.149868369271712e-17	6.427671469931081e-18
7957.249999999998	2.4431877887607143e-17	6.121319753398085e-18
7957.499999999999	2.4691334667262976e-17	6.069799222535526e-18
7957.749999999999	2.7553564875153663e-17	6.104707485156183e-18
7957.999999999999	2.260862954247491e-17	5.902905194195296e-18
7958.249999999999	1.696872187454748e-17	5.674853153675651e-18
7958.499999999999	2.3249472832799343e-17	6.017673195464578e-18
7958.749999999999	2.834123603292871e-17	6.303771808289519e-18
7958.999999999999	2.9577857813805684e-17	6.349967363958768e-18
7959.249999999999	2.9957249164836805e-17	6.349910288496502e-18
7959.499999999998	2.7557376523416308e-17	6.224814523689189e-18
7959.749999999999	2.6130584265352166e-17	6.1605111572305415e-18
7959.999999999999	2.5979732991402095e-17	6.182712684871465e-18
7960.249999999999	2.6712062457474893e-17	6.188967824663591e-18
7960.499999999998	2.7862758370681085e-17	6.180595102503329e-18
7960.749999999999	2.4570978233775285e-17	6.0158066624123525e-18
7960.999999999999	1.8430798348820684e-17	5.756384624342247e-18
7961.249999999999	2.0104724049774844e-17	5.8626467273726464e-18
7961.499999999998	2.3561541608136e-17	6.067694461466885e-18
7961.749999999999	2.4566096213799997e-17	6.126204668505517e-18
7961.999999999999	2.5081899574008463e-17	6.169888903835055e-18
7962.249999999999	2.0265372450899993e-17	6.022746294161366e-18
7962.499999999998	1.6602100537812953e-17	6.066327545504641e-18
7962.749999999999	2.4355360372223538e-17	7.006829420435596e-18
7962.999999999998	3.117891221151637e-17	9.029391070065543e-18
7963.249999999999	9.911931572294294e-18	1.254006801247125e-17
7963.499999999998	-1.2977436452636213e-17	1.65108195028565e-17
7963.749999999999	1.0272023972453941e-18	2.0655427814388148e-17
7963.999999999998	-3.588632428566175e-17	2.258265110815707e-17
7964.249999999999	1.64437746530527e-18	2.3569480887655283e-17
7964.499999999998	-3.2589595954331656e-17	2.2201077654670034e-17
7964.749999999999	1.0075007748517286e-17	2.0070617738758058e-17
7964.999999999999	2.804771264692549e-17	1.6196358521188342e-17
7965.249999999999	3.3898593557265184e-18	1.1210870658979177e-17
7965.499999999999	4.004144109969527e-17	9.011571118129313e-18
7965.749999999999	2.3880277459209832e-17	6.8613465486609946e-18
7965.999999999999	2.9069181441754974e-17	6.524793227192769e-18
7966.249999999999	2.188768704471452e-17	6.339561431852851e-18
7966.499999999999	3.011982655115043e-17	6.717333163244594e-18
7966.749999999999	3.242056655924012e-17	7.128326535987997e-18
7966.999999999999	3.325542671660009e-17	7.629411044376695e-18
7967.249999999998	3.159728031301099e-17	8.03023299071784e-18
7967.499999999999	3.0801019711755196e-17	8.329865105544761e-18
7967.749999999999	2.3868400799974795e-17	8.306309483241089e-18
7967.999999999999	2.3590163711691558e-17	8.057248709523822e-18
7968.249999999998	2.180220289149084e-17	7.602447437949304e-18
7968.499999999999	2.0646383421570493e-17	7.039300395381365e-18
7968.749999999999	2.77990786984043e-17	6.845956439774139e-18
7968.999999999999	3.01763031346531e-17	6.73385278725789e-18
7969.249999999998	2.816660166200651e-17	6.522095377624928e-18
7969.499999999999	2.4529817726494646e-17	6.324678384681491e-18
7969.75	2.8830056761555695e-17	6.502584668516639e-18
7969.999999999999	3.150676028421809e-17	6.60090583766653e-18
7970.249999999998	2.7498889891025133e-17	6.398237075013994e-18
7970.499999999999	2.3681261112552023e-17	6.224570918998792e-18
7970.749999999998	2.070114774120518e-17	6.114299885129654e-18
7970.999999999999	2.050673217311439e-17	6.0945017307585036e-18
7971.249999999998	2.318576338202051e-17	6.183044797887405e-18
7971.499999999999	2.6099670871499834e-17	6.307585524503695e-18
7971.749999999999	2.851912287801946e-17	6.466902992023246e-18
7971.999999999999	2.9312226958057755e-17	6.5603710925192876e-18
7972.249999999999	3.014190234733824e-17	6.62931576939497e-18
7972.499999999999	2.9697382103597146e-17	6.600920726917556e-18
7972.749999999999	2.907098138676789e-17	6.551893318421232e-18
7972.999999999999	2.6832127723386964e-17	6.434051100405396e-18
7973.249999999999	2.5411757695598684e-17	6.333509364901107e-18
7973.499999999999	2.853863772303081e-17	6.394889061484685e-18
7973.749999999999	3.090729918557846e-17	6.43173582187086e-18
7973.999999999998	3.030968435406605e-17	6.365514223571702e-18
7974.249999999999	3.0084214771418794e-17	6.361614480573821e-18
7974.499999999999	3.0992078580920244e-17	6.470411065001083e-18
7974.749999999999	3.081790412241863e-17	6.479280922709489e-18
7974.999999999998	2.9249209030271015e-17	6.390956644852608e-18
7975.249999999999	2.8489559442926817e-17	6.462224458478646e-18
7975.499999999999	2.554115521318158e-17	6.632600503607418e-18
7975.749999999999	2.5600541818079212e-17	7.095090418975617e-18
7975.999999999998	2.051770224239807e-17	7.61557479427052e-18
7976.249999999999	2.4380744890861565e-17	8.363091296389791e-18
7976.499999999999	2.829261766524529e-17	9.074029044641354e-18
7976.749999999999	3.4299540407878824e-17	9.609554872194923e-18
7976.999999999998	4.303055750482914e-17	9.948803975279458e-18
7977.249999999999	2.689500833919202e-17	9.159838279845768e-18
7977.499999999998	1.9716864023632405e-17	8.43891646160069e-18
7977.749999999999	2.5273555667575775e-17	8.03495701919613e-18
7977.999999999998	3.439230044177052e-17	7.900609652827718e-18
7978.249999999999	2.2317266752231682e-17	8.253639584917387e-18
7978.499999999998	2.372049594336664e-17	9.817230972685549e-18
7978.749999999999	1.941150533742478e-17	1.2023808875745267e-17
7978.999999999999	7.20175205024188e-18	1.3543143619200004e-17
7979.249999999999	2.332740648139164e-17	1.4777859575945657e-17
7979.499999999999	1.1330503309430884e-17	1.450950398725998e-17
7979.749999999999	3.411539676863472e-17	1.3909784808269233e-17
7979.999999999999	2.3518620860511847e-17	1.192744895182774e-17
7980.249999999999	1.8266272124983887e-17	9.462588865582014e-18
7980.499999999999	2.531262175354543e-17	7.873509561599256e-18
7980.749999999998	1.5089362559743327e-17	6.2907834183112115e-18
7980.999999999999	2.0668594875378767e-17	6.298974987917324e-18
7981.249999999999	2.2980481969403224e-17	6.1904244897222966e-18
7981.499999999999	1.508856681199405e-17	5.735504104139571e-18
7981.749999999998	1.4470403159704597e-17	5.7098594371988955e-18
7981.999999999999	2.614149477763174e-17	6.263182055631542e-18
7982.249999999999	2.884374494633222e-17	6.3682443331834335e-18
7982.499999999999	2.4973067420814862e-17	6.134278364874341e-18
7982.749999999998	2.4865692759860578e-17	6.1797493103269935e-18
7982.999999999999	2.68100750882563e-17	6.352716498724588e-18
7983.249999999999	3.311473983801707e-17	6.5780384296325014e-18
7983.499999999999	4.0437610982271415e-17	6.811128000082594e-18
7983.749999999998	3.4527587485314794e-17	6.5879253059040415e-18
7983.999999999999	2.7629050069132802e-17	6.337095192856524e-18
7984.249999999998	2.4396449741971497e-17	6.176704872082492e-18
7984.499999999999	2.2019832456292315e-17	6.0456405855653025e-18
7984.749999999998	2.1980723356930808e-17	6.054386779772132e-18
7984.999999999999	2.1267268498075246e-17	6.074434329097967e-18
7985.249999999998	2.009568296567964e-17	6.125861388551308e-18
7985.499999999999	1.9558660768397963e-17	6.1444005740301524e-18
7985.749999999998	1.889135927900041e-17	6.1243009123257264e-18
7985.999999999999	2.0481711613945886e-17	6.224970033644349e-18
7986.249999999999	2.332397202748832e-17	6.411263515300479e-18
7986.499999999999	2.439480530691374e-17	6.590593376969831e-18
7986.749999999999	2.5788601330343143e-17	6.766253451851592e-18
7986.999999999999	2.787029233170022e-17	6.875634439381623e-18
7987.249999999999	3.1707589810778613e-17	6.974701725444036e-18
7987.499999999999	2.6312663261787338e-17	6.7451206415620875e-18
7987.749999999999	2.2078515957669277e-17	6.523099161298261e-18
7987.999999999999	2.3108362437742697e-17	6.448526761125074e-18
7988.249999999999	2.4348549367059776e-17	6.4311249489884896e-18
7988.499999999998	2.767699180307515e-17	6.593750725367946e-18
7988.749999999999	2.7865100946175835e-17	6.58940719997143e-18
7988.999999999999	2.3219676132773958e-17	6.29607861500247e-18
7989.249999999999	2.3360444075057007e-17	6.3265627021168865e-18
7989.499999999998	2.83013493837914e-17	6.6772384781832296e-18
7989.749999999999	3.0082054175658806e-17	6.774325907449497e-18
7989.999999999999	2.970388705193426e-17	6.7288276650366305e-18
7990.249999999999	2.7533163292525655e-17	6.6206233419279564e-18
7990.499999999998	2.4060730218560725e-17	6.493401722946382e-18
7990.749999999999	2.2814523068745485e-17	6.5346457754688884e-18
7991.0	2.1277366718993293e-17	6.607238732436236e-18
7991.249999999999	2.8221854018202605e-17	7.060989898223118e-18
7991.499999999998	3.052625016459978e-17	7.919040064056012e-18
7991.749999999999	2.3661082868689405e-17	1.0504140778503671e-17
7991.999999999998	2.2461168054675082e-17	1.41256872199517e-17
7992.249999999999	5.1308286243545296e-17	1.918611516411633e-17
7992.499999999998	2.1518711551956665e-17	2.2621358197740877e-17
7992.749999999999	4.3138292816530496e-17	2.475338479373303e-17
7992.999999999999	1.9855331163041638e-18	2.4654240579873648e-17
7993.249999999999	3.6637202449790434e-17	2.3555481682968435e-17
7993.499999999999	1.8968005834559573e-17	2.0317135759272336e-17
7993.749999999999	2.1414645613452594e-17	1.5836558115784927e-17
7993.999999999999	5.0112930849067366e-17	1.2318058526326305e-17
7994.249999999999	8.15003521319512e-18	8.679720318443452e-18
7994.499999999999	2.7298280394507548e-17	7.630868536616013e-18
7994.749999999999	2.5342858513656693e-17	6.993646643013338e-18
7994.999999999999	2.5688911177279477e-17	6.921631058113553e-18
7995.249999999998	2.5927691750343934e-17	6.83949285046765e-18
7995.499999999999	2.584978457153124e-17	6.634713536482185e-18
7995.749999999999	2.4543383488540516e-17	6.48005061426947e-18
7995.999999999999	2.2162605484380193e-17	6.458262676934823e-18
7996.249999999998	2.1824975173754423e-17	6.4515910517042766e-18
7996.499999999999	2.380490145307155e-17	6.463210871359115e-18
7996.749999999999	2.5049467476551484e-17	6.567436042131103e-18
7996.999999999999	2.57458063141721e-17	6.736022482004617e-18
7997.249999999998	2.3670031308556003e-17	6.74872259953945e-18
7997.499999999999	2.1646194973602112e-17	6.697555688388757e-18
7997.749999999999	2.045861176815973e-17	6.673375958312913e-18
7997.999999999999	2.0360061469980163e-17	6.648287983924486e-18
7998.249999999998	2.2697422418148803e-17	6.66843562210444e-18
7998.499999999999	2.503752629722867e-17	6.674079061833583e-18
7998.749999999998	2.2830568718267788e-17	6.578769243703692e-18
7998.999999999999	2.13121662073634e-17	6.511339134529594e-18
7999.249999999998	2.650736503437007e-17	6.5449379702405795e-18
7999.499999999999	2.926265567830868e-17	6.555953534457948e-18
7999.749999999998	2.765933315135837e-17	6.530223254323874e-18
7999.999999999999	2.813616141546456e-17	6.584282816076664e-18
8000.249999999999	3.109461588965232e-17	6.725087567896972e-18
8000.499999999999	3.0041787023439725e-17	6.67722731124496e-18
8000.749999999999	2.6108935294360428e-17	6.509058183990479e-18
8000.999999999999	2.742214572815369e-17	6.666473963281771e-18
8001.249999999999	3.113003576348184e-17	6.9236167051739865e-18
8001.499999999999	2.6929237072939465e-17	6.789019116670277e-18
8001.749999999999	2.213104027220517e-17	6.599375553533307e-18
8001.999999999998	2.4497941494409303e-17	6.618837872575761e-18
8002.249999999999	2.6335529842640754e-17	6.6090122076695496e-18
8002.499999999999	2.372915652438007e-17	6.433228882876518e-18
8002.749999999999	2.2633646792920964e-17	6.344078251587697e-18
8002.999999999998	2.7813312822385115e-17	6.488685966274217e-18
8003.249999999999	2.865446286112294e-17	6.492329696872513e-18
8003.499999999999	2.377270923799221e-17	6.2929522858773256e-18
8003.749999999999	2.3223277677161014e-17	6.25739634083704e-18
8003.999999999998	2.5453523699087712e-17	6.363299861071898e-18
8004.249999999999	2.5819939895030327e-17	6.340707077001237e-18
8004.499999999999	2.5636201574286373e-17	6.2585308190471564e-18
8004.749999999999	2.2969505282674645e-17	6.127468600481498e-18
8004.999999999998	1.921708315188909e-17	5.9800244834745336e-18
8005.249999999999	2.5064953951979702e-17	6.314159128831654e-18
8005.499999999998	3.1380009744595363e-17	6.6372186529673015e-18
8005.749999999999	2.849973707318367e-17	6.450314712019107e-18
8005.999999999998	2.6466409667881345e-17	6.289750683316439e-18
8006.249999999999	2.6541833650495155e-17	6.277412043709292e-18
8006.499999999998	2.6714325623630838e-17	6.258556048055839e-18
8006.749999999999	2.6919277818364326e-17	6.23313513347086e-18
8006.999999999999	2.6550193137765616e-17	6.2494310051284606e-18
8007.249999999999	2.6132193958824194e-17	6.3205573708697515e-18
8007.499999999999	2.373945988609003e-17	6.237080371402431e-18
8007.749999999999	2.0313150403081055e-17	6.045256360170772e-18
8007.999999999999	2.0188507519659115e-17	6.066234487685729e-18
8008.249999999999	2.1198706805823175e-17	6.168480215251877e-18
8008.499999999999	1.852761156771389e-17	5.9824547401142144e-18
8008.749999999998	1.5076101200162876e-17	5.728000748803102e-18
8008.999999999999	2.756843261948369e-17	6.273688076591578e-18
8009.249999999999	3.70844093761611e-17	6.706819697659045e-18
8009.499999999999	3.0032142097497356e-17	6.4931155184544386e-18
8009.749999999998	2.3300069816507987e-17	6.299255815735286e-18
8009.999999999999	2.0086835441847772e-17	6.182112151746751e-18
8010.249999999999	1.8514236057208908e-17	6.1208308896560665e-18
8010.499999999999	1.9749598869193578e-17	6.1545475986043404e-18
8010.749999999998	2.112157717678628e-17	6.25428283301139e-18
8010.999999999999	2.317174101627651e-17	6.421491189984391e-18
8011.249999999999	2.463486304684398e-17	6.538804425998499e-18
8011.499999999999	2.5971778822631785e-17	6.626624123681722e-18
8011.749999999998	2.555215175224486e-17	6.6402159419168874e-18
8011.999999999999	2.415098554955761e-17	6.6357483394284885e-18
8012.249999999998	3.1038149232317e-17	6.99113614985424e-18
8012.499999999999	2.687801474068773e-17	7.455272981822032e-18
8012.749999999998	3.5370444824836926e-17	9.404913697371754e-18
8012.999999999999	2.9895630826646505e-17	1.107590952459625e-17
8013.249999999998	3.40963319098766e-17	1.2658840395085902e-17
8013.499999999999	2.7027403559314808e-17	1.3580195520378092e-17
8013.749999999998	2.4655421793788373e-17	1.3526596698226493e-17
8013.999999999999	1.687556148523931e-17	1.286550319932615e-17
8014.249999999999	3.027489644622452e-17	1.1503134248909476e-17
8014.499999999999	3.5878651358299706e-17	9.866605383448839e-18
8014.749999999999	1.9911130699212933e-17	7.887459962629963e-18
8014.999999999999	2.7833307432151747e-17	7.088367094956786e-18
8015.249999999999	3.103070791552647e-17	6.939830272360638e-18
8015.499999999999	3.0889756339147435e-17	7.058857426603956e-18
8015.749999999999	3.764980386845335e-17	7.230210372036154e-18
8015.999999999999	3.2858327083015433e-17	6.936384651519049e-18
8016.249999999999	2.8103312418978856e-17	6.623214898787085e-18
8016.499999999998	2.653479434348233e-17	6.485227110542827e-18
8016.749999999999	2.4799122918523536e-17	6.342471039657506e-18
8016.999999999999	2.3264960962588786e-17	6.187392045596677e-18
8017.249999999999	2.4293278812890208e-17	6.1781023937274004e-18
8017.499999999998	3.1135422363630784e-17	6.447380702386382e-18
8017.749999999999	3.2095851846698754e-17	6.568325674879904e-18
8017.999999999999	2.7747810044038266e-17	6.5412942396422834e-18
8018.249999999999	2.552678543158031e-17	6.612706809875518e-18
8018.499999999998	2.5049662691176047e-17	6.744170211038264e-18
8018.749999999999	2.5615093579415245e-17	6.983766797777005e-18
8018.999999999999	2.7313245746149857e-17	7.252459876152605e-18
8019.249999999999	2.5150237927495144e-17	7.416272243120769e-18
8019.499999999998	2.3623212885885502e-17	7.561325808157455e-18
8019.749999999999	2.540520477078604e-17	7.669647590913112e-18
8019.999999999998	2.599877634346429e-17	7.75209185538566e-18
8020.249999999999	3.1716993199982116e-17	7.712127451270773e-18
8020.499999999998	3.532352052304802e-17	7.529501688450703e-18
8020.749999999999	2.911496423429856e-17	6.959922489439551e-18
8020.999999999998	2.2967577951847397e-17	6.497466074886161e-18
8021.249999999999	2.2571987095700037e-17	6.234637707053562e-18
8021.499999999999	2.343396057917827e-17	6.196524946739875e-18
8021.749999999999	2.711136570021139e-17	6.352041932935051e-18
8021.999999999999	2.66119686402723e-17	6.31794058500194e-18
8022.249999999999	2.3296498050622983e-17	6.191174328947576e-18
8022.499999999999	2.357335540164448e-17	6.261041725796561e-18
8022.749999999999	2.4481217556784706e-17	6.3787668977557206e-18
8022.999999999999	2.5545400304085202e-17	6.528899765343789e-18
8023.249999999998	2.692539564617477e-17	6.677504416750165e-18
8023.499999999999	2.982016548500207e-17	6.881676580166017e-18
8023.749999999999	3.395158853756962e-17	7.17248226426669e-18
8023.999999999999	2.4505141274460964e-17	7.780576646959536e-18
8024.249999999998	3.4789231330510217e-17	9.530804796338037e-18
8024.499999999999	2.1027255425898084e-17	1.2789532450327442e-17
8024.749999999999	1.2566646152733192e-17	1.5787282966695143e-17
8024.999999999999	1.399477596184783e-17	1.8659000936211814e-17
8025.249999999998	-5.1964888151719476e-18	1.972932963546358e-17
8025.499999999999	3.16231843010737e-17	2.0285886530091308e-17
8025.749999999999	1.9492127323007873e-17	1.8931695914390945e-17
8025.999999999999	5.251457696572118e-17	1.6907034053185726e-17
8026.249999999998	3.4268524443630536e-17	1.3586541650037598e-17
8026.499999999999	-4.711748568506685e-18	9.244910497124397e-18
8026.749999999998	2.3348820533089412e-17	8.15646654245772e-18
8026.999999999999	2.3639731682718186e-17	7.167844262572106e-18
8027.249999999998	3.093040399444829e-17	7.469000871267962e-18
8027.499999999999	3.473503445677574e-17	7.792375551216992e-18
8027.749999999998	3.517563717313579e-17	8.15491144290612e-18
8027.999999999999	3.1369610429934347e-17	8.307231789624085e-18
8028.249999999999	2.6762088686560875e-17	8.174649626682861e-18
8028.499999999999	2.326563925069108e-17	8.033920561888602e-18
8028.749999999999	2.5113875067767313e-17	7.883491150050933e-18
8028.999999999999	2.673188997675779e-17	7.624696942065755e-18
8029.249999999999	2.730031856753688e-17	7.299604207984452e-18
8029.499999999999	2.54938768780905e-17	6.9183562500684555e-18
8029.749999999999	1.8833306089250213e-17	6.497469797198918e-18
8029.999999999998	1.9754102040448317e-17	6.376742373206497e-18
8030.249999999999	1.8943989472654708e-17	6.294814683026489e-18
8030.499999999999	2.039205185299004e-17	6.44043197165063e-18
8030.749999999999	1.9116239909051526e-17	6.606330074533346e-18
8030.999999999998	2.049274785767857e-17	6.83830212397588e-18
8031.249999999999	2.4676025208485844e-17	7.073642452872729e-18
8031.499999999999	3.1445380174044204e-17	7.344049449477539e-18
8031.749999999999	3.354436090456486e-17	7.346199291889564e-18
8031.999999999998	2.9245443704122674e-17	7.034126380649846e-18
8032.249999999999	2.8515407182707874e-17	6.7686559979407525e-18
8032.499999999999	2.7850294413211136e-17	6.540093586983163e-18
8032.749999999999	2.883514888540657e-17	6.535876206630061e-18
8032.999999999998	2.9739475670608744e-17	6.6108353137396164e-18
8033.249999999999	2.785039036616219e-17	6.55950999750162e-18
8033.499999999998	2.601871470494927e-17	6.48379277936066e-18
8033.749999999999	2.955857457936585e-17	6.669618490380391e-18
8033.999999999998	3.094923062519e-17	6.783350447932451e-18
8034.249999999999	2.488664028169287e-17	6.522002733396322e-18
8034.499999999998	2.0579406607372074e-17	6.325474132430767e-18
8034.749999999999	2.003128530063116e-17	6.3394783002012894e-18
8034.999999999998	2.072161218955974e-17	6.373872056480938e-18
8035.249999999999	2.2966016234850897e-17	6.428587572459483e-18
8035.499999999999	2.1275702431600836e-17	6.275100073897206e-18
8035.749999999999	1.6654148396316015e-17	5.925653488221117e-18
8035.999999999999	1.666334499036638e-17	5.887436916740554e-18
8036.249999999999	1.849833102839074e-17	6.006752343427347e-18
8036.499999999999	1.746296725363159e-17	5.7796424616254e-18
8036.749999999999	1.5537471112981678e-17	5.4469309805121776e-18
8036.999999999999	2.60784636149552e-17	6.054557592568624e-18
8037.249999999999	3.6084400955143696e-17	6.609712416058076e-18
8037.499999999999	3.167948552228651e-17	6.488070130308171e-18
8037.749999999998	2.7425780359765246e-17	6.35777470817035e-18
8037.999999999999	2.506079654222101e-17	6.1971684932564414e-18
8038.249999999999	2.5066904443864102e-17	6.191384846413471e-18
8038.499999999999	2.9931987068929436e-17	6.493877765388906e-18
8038.749999999998	3.045778607965999e-17	6.564105399394658e-18
8038.999999999999	2.6194030672696208e-17	6.383664220572341e-18
8039.249999999999	2.473131396062889e-17	6.336174540834753e-18
8039.499999999999	2.5592316334067984e-17	6.3794935759238484e-18
8039.749999999998	2.581108906247601e-17	6.418181640353566e-18
8039.999999999999	2.5303062854386766e-17	6.452422368219892e-18
8040.249999999999	2.332944134569852e-17	6.393336443474923e-18
8040.499999999999	2.176492682436675e-17	6.32476730659734e-18
8040.749999999998	2.0283176686404584e-17	6.254751017238095e-18
8040.999999999999	1.993837141114553e-17	6.2117413476980944e-18
8041.249999999998	2.353606940835304e-17	6.36762601567555e-18
8041.499999999999	2.6081405069213438e-17	6.456459836789764e-18
8041.749999999998	2.6408904071696658e-17	6.390368519437083e-18
8041.999999999999	2.6576571927499932e-17	6.353088730000237e-18
8042.249999999998	2.735343514339136e-17	6.3575095967840266e-18
8042.499999999999	2.9023041307186766e-17	6.437853649681302e-18
8042.749999999999	3.15513453192347e-17	6.574761553635873e-18
8042.999999999999	3.0899613023326617e-17	6.501044044625759e-18
8043.249999999999	2.876867003393691e-17	6.322107920927982e-18
8043.499999999999	2.8684373712072856e-17	6.333097015365749e-18
8043.749999999999	2.893304736526345e-17	6.386506826747379e-18
8043.999999999999	2.843802278204231e-17	6.3477182598732364e-18
8044.249999999999	2.724948335581182e-17	6.295366826085368e-18
8044.499999999998	2.3677720779530296e-17	6.185413015981144e-18
8044.749999999999	2.2038682248091173e-17	6.1417366388674254e-18
8044.999999999999	2.6139822218433158e-17	6.33296921596111e-18
8045.249999999999	2.8631013945118285e-17	6.440988250612572e-18
8045.499999999998	2.905932475757579e-17	6.431514137466696e-18
8045.749999999999	2.4818654307147138e-17	6.253155799426787e-18
8045.999999999999	1.4864528251806513e-17	5.878956661100661e-18
8046.249999999999	1.527598443210264e-17	5.939351185574689e-18
8046.499999999998	2.221671302260851e-17	6.263634109836302e-18
8046.749999999999	2.739993592870664e-17	6.395108677937318e-18
8046.999999999999	3.1903204790757604e-17	6.46757011318727e-18
8047.249999999999	2.8084601593522906e-17	6.3700645441213565e-18
8047.499999999998	2.3437098902422296e-17	6.247243525998564e-18
8047.749999999999	2.3578708914568924e-17	6.1947543666387054e-18
8047.999999999998	2.399920452459903e-17	6.1791119676650214e-18
8048.249999999999	2.6895441781832998e-17	6.397627442902542e-18
8048.499999999998	2.9154963379999173e-17	6.62463392712792e-18
8048.749999999999	3.2992363429473526e-17	6.880447803366069e-18
8048.999999999998	3.198974773516535e-17	7.038938090273067e-18
8049.249999999999	2.6736879530212708e-17	7.068403090872818e-18
8049.499999999999	2.6231088364138584e-17	7.201148208394716e-18
8049.749999999999	3.0598396857626657e-17	7.403621342832383e-18
8049.999999999999	2.51655424231886e-17	7.155070112372449e-18
8050.249999999999	1.5305246773452316e-17	6.695310306615982e-18
8050.499999999999	2.5768853220399052e-17	7.386410195826992e-18
8050.749999999999	3.0100731913890253e-17	8.220875788034774e-18
8050.999999999999	3.150675035805074e-17	9.536641382740211e-18
8051.249999999998	2.7608560805359864e-17	1.0632503493140263e-17
8051.499999999999	3.522466913112548e-17	1.1215669133712598e-17
8051.749999999999	3.7573637077649465e-17	1.1414845126228629e-17
8051.999999999999	2.5537623151965978e-17	1.045508979535989e-17
8052.249999999998	1.9236234037430918e-17	9.406982476083749e-18
8052.499999999999	2.6304455975749587e-17	8.272797087904115e-18
8052.749999999999	3.4214850348043195e-17	7.401748605925563e-18
8052.999999999999	3.142942220566683e-17	6.883547249121305e-18
8053.249999999998	2.6147966638744355e-17	6.386220622255436e-18
8053.499999999999	2.07794652016017e-17	5.878071577845229e-18
8053.749999999999	2.2658455593852655e-17	5.9614786805507884e-18
8053.999999999999	2.607439388634144e-17	6.207934248928819e-18
8054.249999999998	2.835700209540397e-17	6.328224921557812e-18
8054.499999999999	3.004284581462379e-17	6.427848486582167e-18
8054.749999999998	2.792583916419438e-17	6.371086939358472e-18
8054.999999999999	2.6306181474507373e-17	6.332013822353611e-18
8055.249999999998	2.719940253280541e-17	6.378937710552213e-18
8055.499999999999	2.6735784343081688e-17	6.379150295969639e-18
8055.749999999998	2.3855710195017007e-17	6.2984997726554124e-18
8055.999999999999	2.1776833262103837e-17	6.215195653936116e-18
8056.249999999998	2.0454497371792892e-17	6.126741095132758e-18
8056.499999999999	2.044198709220864e-17	6.126426766499988e-18
8056.749999999999	2.238944322376061e-17	6.180487155433391e-18
8056.999999999999	2.500977273331629e-17	6.318483215483775e-18
8057.249999999999	2.795614375311587e-17	6.48262314597451e-18
8057.499999999999	2.510674642524833e-17	6.273507337627735e-18
8057.749999999999	2.0589834046173918e-17	5.994874443421392e-18
8057.999999999999	2.0522443641669223e-17	6.0874388490982196e-18
8058.249999999999	2.1663679917390258e-17	6.20574925134076e-18
8058.499999999999	3.002410521066579e-17	6.518962431054883e-18
8058.749999999999	3.393837019138102e-17	6.662998150347823e-18
8058.999999999998	2.632828043175234e-17	6.376489669529362e-18
8059.249999999999	2.3034263598470197e-17	6.2631886730764425e-18
8059.499999999999	2.6229255331901166e-17	6.421892786171785e-18
8059.749999999999	2.843456847580429e-17	6.519117527419737e-18
8059.999999999998	2.845838796872337e-17	6.575366222663649e-18
8060.249999999999	2.8068961262500754e-17	6.80837597018463e-18
8060.499999999999	1.9464008145264745e-17	7.130851091217509e-18
8060.749999999999	2.2186352185405365e-17	8.94993540914615e-18
8060.999999999998	1.2883926165928931e-17	1.0719172996181731e-17
8061.249999999999	1.5687589504909027e-17	1.271575703867445e-17
8061.499999999999	1.9259768980219277e-17	1.43390022106781e-17
8061.749999999999	2.3925922939771733e-17	1.4757833533315748e-17
8061.999999999998	1.940888482924421e-17	1.469570068878444e-17
8062.249999999999	8.91348238673155e-18	1.3082389955937554e-17
8062.499999999998	1.036805716002951e-17	1.1373246213223337e-17
8062.749999999999	2.222636125727333e-17	9.649367902257712e-18
8062.999999999998	3.620534137814385e-17	8.19850882427134e-18
8063.249999999999	2.9272452805483755e-17	7.17297443673116e-18
8063.499999999998	2.514613511165688e-17	6.6305565403137994e-18
8063.749999999999	2.7665591599872945e-17	6.4372737960719025e-18
8063.999999999999	2.7981151077394574e-17	6.416743173268336e-18
8064.249999999999	2.6482746484979267e-17	6.447928295951892e-18
8064.499999999999	2.3818918855731873e-17	6.2797285630147466e-18
8064.749999999999	2.0961006530638712e-17	6.1003035755749505e-18
8064.999999999999	2.622807080926399e-17	6.4244822750793825e-18
8065.249999999999	2.945891585916546e-17	6.6685034509146696e-18
8065.499999999999	2.8285963824397915e-17	6.614938956758492e-18
8065.749999999998	2.729846568296476e-17	6.5402871472465e-18
8065.999999999999	2.5386533649999492e-17	6.42852346596201e-18
8066.249999999999	2.2614725863589426e-17	6.2971374061865376e-18
8066.499999999999	1.9689874774606024e-17	6.144434902025573e-18
8066.749999999998	1.9706583822979596e-17	6.110661117615033e-18
8066.999999999999	2.1760479901393664e-17	6.163479908448994e-18
8067.249999999999	2.159255231087805e-17	6.184225598211824e-18
8067.499999999999	2.1046189590119423e-17	6.1916478898482625e-18
8067.749999999998	2.3288168341854574e-17	6.211970890318078e-18
8067.999999999999	2.5961922138452604e-17	6.227846967814808e-18
8068.249999999999	3.2289931579460845e-17	6.5611097648062974e-18
8068.499999999999	3.648922314692715e-17	6.810685044864572e-18
8068.749999999998	3.0041340345908946e-17	6.560886426040908e-18
8068.999999999999	2.5169833836206526e-17	6.3503015449262395e-18
8069.249999999998	2.5173724893807975e-17	6.292316183986272e-18
8069.499999999999	2.6473569743263604e-17	6.312367042034558e-18
8069.749999999998	2.9575227379457765e-17	6.446526638403921e-18
8069.999999999999	2.916410207140666e-17	6.4526395031306875e-18
8070.249999999998	2.5761486349863654e-17	6.3493411882350655e-18
8070.499999999999	2.596117602154008e-17	6.385312377942853e-18
8070.749999999999	2.827823795747667e-17	6.487001412956753e-18
8070.999999999999	2.7322660715881936e-17	6.4274828727514186e-18
8071.249999999999	2.551672526097044e-17	6.314065243832129e-18
8071.499999999999	2.3320583895699302e-17	6.203179201177558e-18
8071.749999999999	2.1676152146666333e-17	6.125341091946012e-18
8071.999999999999	2.751413979279816e-17	6.4178830281524344e-18
8072.249999999999	2.9467320014189e-17	6.549788970942897e-18
8072.499999999998	2.0918501027682062e-17	6.173584746811942e-18
8072.749999999999	1.5513795549489186e-17	5.900833933941463e-18
8072.999999999999	1.4805009298010873e-17	5.853174682178302e-18
8073.249999999999	1.602182506630088e-17	5.9782352918095814e-18
8073.499999999998	1.8727690014278217e-17	6.27333238892818e-18
8073.749999999999	2.2714406090485742e-17	6.552754413438899e-18
8073.999999999999	2.8864517105874654e-17	6.813779527536133e-18
8074.249999999999	2.767104602883212e-17	6.778903524959366e-18
8074.499999999998	2.494642393328453e-17	6.65035469468495e-18
8074.749999999999	2.573512741246404e-17	6.586102613424281e-18
8074.999999999999	2.763252588206675e-17	6.515750902326646e-18
8075.249999999999	2.3357854999739716e-17	6.237531184836273e-18
8075.499999999998	1.8491905489392427e-17	6.006962860893242e-18
8075.749999999999	1.8817372936291216e-17	6.0530653587435785e-18
8075.999999999998	1.903107173882184e-17	6.19048073800395e-18
8076.249999999999	2.0671716655010542e-17	6.5173060018782456e-18
8076.499999999998	2.1460180251812413e-17	6.770254524474511e-18
8076.749999999999	2.40466863461208e-17	6.940971781605962e-18
8076.999999999998	2.4796067313340765e-17	6.971318556738695e-18
8077.249999999999	2.5067559570909244e-17	6.904188300536647e-18
8077.499999999998	2.527955769010046e-17	6.8270479181517896e-18
8077.749999999999	2.656103251251251e-17	6.7437384227585114e-18
8077.999999999999	2.771465333636469e-17	6.575291362818213e-18
8078.249999999999	2.6751209607144577e-17	6.388889106911532e-18
8078.499999999999	2.8651590890036154e-17	6.4428754631801116e-18
8078.749999999999	2.9440750972913794e-17	6.490589722454008e-18
8078.999999999999	3.0103716381540345e-17	6.492666359381822e-18
8079.249999999998	2.8377390443142176e-17	6.408456064301474e-18
8079.499999999999	2.146925111440967e-17	6.099248093113333e-18
8079.749999999999	2.057154508283037e-17	6.054562969242606e-18
8079.999999999999	2.801227292076127e-17	6.3935953510066524e-18
8080.249999999998	2.839385133733198e-17	6.384670072197205e-18
8080.499999999999	2.2870872266433822e-17	6.08812416823572e-18
8080.749999999999	2.15910137549387e-17	6.077664469389987e-18
8080.999999999999	2.2146176023053664e-17	6.201167497927829e-18
8081.249999999998	2.6758735296357585e-17	6.460540318751488e-18
8081.499999999999	3.2448237405091244e-17	6.7393560198732054e-18
8081.749999999999	2.5380523355668682e-17	6.442231503073239e-18
8081.999999999999	1.9030097320060253e-17	6.142649432673378e-18
8082.249999999998	1.8644440903069655e-17	6.137157780586638e-18
8082.499999999999	1.869365484079411e-17	6.118381607862297e-18
8082.749999999998	1.8727089481153504e-17	6.0660707059244435e-18
8082.999999999999	2.324168244579032e-17	6.2739416074493256e-18
8083.249999999998	3.379893070116173e-17	6.8763561544660755e-18
8083.499999999999	3.2732155569821495e-17	7.057217127449264e-18
8083.749999999998	2.276272667314864e-17	6.868086829882383e-18
8083.999999999999	1.9719074250229146e-17	6.843724706481471e-18
8084.249999999998	2.0883559264246597e-17	6.907720775342555e-18
8084.499999999999	2.1229009740383443e-17	7.037801544111419e-18
8084.749999999999	2.1700300857469206e-17	7.171859397265438e-18
8084.999999999999	2.5635450494290175e-17	7.23884034736692e-18
8085.249999999999	3.1135270162398074e-17	7.273781283621772e-18
8085.499999999999	2.7015842883073767e-17	7.007965139416631e-18
8085.749999999999	2.424349412054309e-17	6.766621960814485e-18
8085.999999999999	2.6713488516850934e-17	6.713836257205026e-18
8086.249999999999	2.7760118491553055e-17	6.599451654149662e-18
8086.499999999999	2.4431727340735658e-17	6.353205362466607e-18
8086.749999999999	2.0886967248370316e-17	6.16388026386547e-18
8086.999999999998	1.8155343896118076e-17	6.033992641769637e-18
8087.249999999999	1.9511458533923237e-17	6.073728330445153e-18
8087.499999999999	2.245526033074023e-17	6.219219060435574e-18
8087.749999999999	2.701082851420047e-17	6.3992971069689805e-18
8087.999999999998	3.2145783777194905e-17	6.587812809340734e-18
8088.249999999999	2.75435973487724e-17	6.373503547518046e-18
8088.499999999999	2.1093664794196292e-17	6.114654745612439e-18
8088.749999999999	2.1987938026233495e-17	6.1617142914315e-18
8088.999999999998	2.4197585596546398e-17	6.2361981832791435e-18
8089.249999999999	3.0926737929973456e-17	6.456353130490744e-18
8089.499999999999	3.314963031625456e-17	6.4412120029682675e-18
8089.749999999999	2.409599623679631e-17	5.8988689663963435e-18
8089.999999999998	1.8761281818953996e-17	5.656622092974983e-18
8090.249999999999	1.798523585750777e-17	5.833819069434867e-18
8090.499999999998	1.8055814216093246e-17	5.9505913293283655e-18
8090.749999999999	1.928375556362209e-17	6.0167967976055784e-18
8090.999999999998	1.8857393588687757e-17	5.971602130477519e-18
8091.249999999999	1.783975298573317e-17	5.876944957850932e-18
8091.499999999998	2.0033201050929834e-17	5.9774263091705045e-18
8091.749999999999	2.2015268073672247e-17	6.106315524266986e-18
8091.999999999999	2.4621820062945244e-17	6.369197658839401e-18
8092.249999999999	2.7517764498242368e-17	6.720531043492724e-18
8092.499999999999	3.547641327874987e-17	7.611345419798537e-18
8092.749999999999	3.5851801075616234e-17	8.324677855923441e-18
8092.999999999999	3.1272711184257435e-17	8.761016456225776e-18
8093.249999999999	3.0020419293856255e-17	9.031458194416313e-18
8093.499999999999	3.7861251085356603e-17	9.067643210312445e-18
8093.749999999998	3.513937026635901e-17	8.625023827618995e-18
8093.999999999999	2.7231513684184718e-17	7.710043783307752e-18
8094.249999999999	2.466607091699438e-17	7.134153196222821e-18
8094.499999999999	2.1690230760691985e-17	6.733367645828628e-18
8094.749999999998	2.3866038372145344e-17	6.6791261043410756e-18
8094.999999999999	2.7334677995821106e-17	6.6902558194829766e-18
8095.249999999999	2.6644607532882418e-17	6.475620648498942e-18
8095.499999999999	2.475621706015041e-17	6.26771417820772e-18
8095.749999999998	2.4486248469270253e-17	6.270876076099204e-18
8095.999999999999	2.375804167137042e-17	6.260214131593702e-18
8096.249999999999	2.300789804362568e-17	6.191986206718797e-18
8096.499999999999	2.3702163966631238e-17	6.241224959861628e-18
8096.749999999998	2.822398483546054e-17	6.476472644529872e-18
8096.999999999999	2.7708050780715292e-17	6.4393769027793186e-18
8097.249999999998	2.1500146310288525e-17	6.152893650969541e-18
8097.499999999999	2.4219797050354672e-17	6.224478274770186e-18
8097.749999999998	3.2328140706315895e-17	6.474441916126054e-18
8097.999999999999	3.4223257811789184e-17	6.623563555415276e-18
8098.249999999998	3.387003183789434e-17	6.742165952414048e-18
8098.499999999999	2.9428105035709084e-17	6.577952816439102e-18
8098.749999999998	2.4972531407777927e-17	6.3946529014198015e-18
8098.999999999999	2.3530358553403975e-17	6.276380135895132e-18
8099.249999999999	2.3118040450909567e-17	6.2133911594298314e-18
8099.499999999999	2.5439729635192778e-17	6.357856185460686e-18
8099.749999999999	2.804438076341813e-17	6.519627484267376e-18
8099.999999999999	3.1355693943308755e-17	6.713103375182304e-18
8100.249999999999	3.134203222831183e-17	6.7527832291664725e-18
8100.499999999998	2.6537472754305775e-17	6.631990044315354e-18
8100.749999999999	2.7153859622639465e-17	6.8885926372675725e-18
8100.999999999999	2.619873236729796e-17	7.344736009385958e-18
8101.249999999999	2.552222766640514e-17	8.213332728028903e-18
8101.499999999998	2.133994624105538e-17	9.116422051034697e-18
8101.749999999999	2.1813656034252248e-17	9.994489160510762e-18
8101.999999999999	2.5697045671423323e-17	1.0726594460637557e-17
8102.249999999999	2.2543260767387295e-17	1.0439886215701165e-17
8102.499999999998	2.0354320836529045e-17	1.0064832599802271e-17
8102.749999999999	2.4612699569511235e-17	9.232861784321949e-18
8102.999999999999	2.773806254769994e-17	8.38725158772124e-18
8103.249999999999	2.674751376416769e-17	7.57911184568857e-18
8103.499999999998	2.8819300104870055e-17	7.007234738935747e-18
8103.749999999999	2.310106339601753e-17	6.757511807138132e-18
8103.999999999998	2.6930967534780926e-17	6.84364488355236e-18
8104.249999999999	3.4763300872667904e-17	7.134106874108518e-18
8104.499999999998	3.143952704402978e-17	6.957162187735462e-18
8104.749999999999	2.4401866120622494e-17	6.617600410379381e-18
8104.999999999998	1.8943655291687237e-17	6.312173068180914e-18
8105.249999999999	1.436546702719612e-17	6.020962892760702e-18
8105.499999999998	2.4328837653062637e-17	6.448743896035869e-18
8105.749999999999	3.0935750889927833e-17	6.741993485256331e-18
8105.999999999999	2.460794493535028e-17	6.479787157244372e-18
8106.249999999999	1.980720372705177e-17	6.305536598126401e-18
8106.499999999999	2.013907686061417e-17	6.354605779243659e-18
8106.749999999999	2.1120288429391923e-17	6.373250016660298e-18
8106.999999999999	2.2455660686156704e-17	6.35163992315735e-18
8107.249999999999	2.3982316805213148e-17	6.3962654900239736e-18
8107.499999999999	2.5140470578822118e-17	6.4804120921971555e-18
8107.749999999999	2.222775092070242e-17	6.352323174343319e-18
8107.999999999999	1.793013901126684e-17	6.1329763825901826e-18
8108.249999999998	1.921208036354437e-17	6.2170423346536405e-18
8108.499999999999	2.1635676544932888e-17	6.339585420090615e-18
8108.749999999999	2.2563735141909208e-17	6.3433598452256945e-18
8108.999999999999	2.3164809242743315e-17	6.356696064651581e-18
8109.249999999998	2.4234721042966354e-17	6.42274312784149e-18
8109.499999999999	2.45708012171242e-17	6.4482240130208795e-18
8109.749999999999	2.267383122707879e-17	6.381303033513808e-18
8109.999999999999	2.3271991997795487e-17	6.415122312858039e-18
8110.249999999998	2.784212517748156e-17	6.581378998536297e-18
8110.499999999999	2.687824138817557e-17	6.49731511442437e-18
8110.749999999999	2.1875424919314032e-17	6.206139266999579e-18
8110.999999999999	2.5316047935642624e-17	6.385017074464171e-18
8111.249999999998	3.1758914713426304e-17	6.736198257884784e-18
8111.499999999999	3.005577630195922e-17	6.643538312847207e-18
8111.749999999998	2.6870464236056347e-17	6.45669351531281e-18
8111.999999999999	2.4117952918975918e-17	6.3028569465320355e-18
8112.249999999998	2.1954329677945466e-17	6.1755029786524525e-18
8112.499999999999	2.3972511406231944e-17	6.254189361602172e-18
8112.749999999998	2.513233277595582e-17	6.305047734384382e-18
8112.999999999999	2.4694717835968318e-17	6.290968293178117e-18
8113.249999999999	2.372628289893206e-17	6.274020189607518e-18
8113.499999999999	2.2044128405244222e-17	6.250026575169499e-18
8113.749999999999	2.4680713668197795e-17	6.4069075821947746e-18
8113.999999999999	3.146984817656352e-17	6.700071971812143e-18
8114.249999999999	3.074737870339236e-17	6.57787754300336e-18
8114.499999999999	2.6089362546706198e-17	6.252293050047894e-18
8114.749999999999	2.2726499471041267e-17	6.18436042865167e-18
8114.999999999998	2.0141210986594558e-17	6.166912707991089e-18
8115.249999999999	1.8678628277786472e-17	5.969254591899093e-18
8115.499999999999	1.7495453945008998e-17	5.808328258088127e-18
8115.749999999999	2.0769950970196114e-17	6.054445509595623e-18
8115.999999999998	2.4151409066031238e-17	6.272176817612444e-18
8116.249999999999	2.8431689887272607e-17	6.433759519239471e-18
8116.499999999999	2.954407244886657e-17	6.479856640415826e-18
8116.749999999999	2.5673002839738857e-17	6.3432101255348224e-18
8116.999999999998	2.8893865474008035e-17	6.485375175872474e-18
8117.249999999999	3.8250475959509755e-17	6.855947127212555e-18
8117.499999999999	3.6332753662256617e-17	6.78558424917665e-18
8117.749999999999	2.938640851539151e-17	6.499528649743562e-18
8117.999999999998	2.953492052256928e-17	6.481143319858652e-18
8118.249999999999	3.0680549127342973e-17	6.520134545982871e-18
8118.499999999998	2.783894549520691e-17	6.443550856150261e-18
8118.749999999999	2.6073113410753207e-17	6.382041705800818e-18
8118.999999999998	2.8709457136967914e-17	6.498914881729048e-18
8119.249999999999	2.920547102820166e-17	6.553207708414578e-18
8119.499999999998	2.477890331563029e-17	6.4043780638815874e-18
8119.749999999999	2.129501709890395e-17	6.241156717461093e-18
8119.999999999998	1.728238214538269e-17	6.053842908519378e-18
8120.249999999999	2.0583178550965316e-17	6.142848783201003e-18
8120.499999999999	2.9827792090249806e-17	6.479534867157543e-18
8120.749999999999	3.017069154137754e-17	6.541144519951411e-18
8120.999999999999	2.67277722716685e-17	6.456293987076947e-18
8121.249999999999	2.4108202113915143e-17	6.3436994028671475e-18
8121.499999999999	2.149545619621535e-17	6.221840395796754e-18
8121.749999999998	2.1247474066016852e-17	6.188353229468464e-18
8121.999999999999	2.1498794697167613e-17	6.1752697137197126e-18
8122.249999999999	2.4280474057007887e-17	6.392342999559247e-18
8122.499999999999	2.6891554032954e-17	6.570760481012954e-18
8122.749999999998	3.010645269500667e-17	6.643611931921724e-18
8122.999999999999	3.111729387332607e-17	6.676944001885161e-18
8123.249999999999	2.8838947298779415e-17	6.640517035659857e-18
8123.499999999999	2.9032368595773914e-17	6.635613922578949e-18
8123.749999999998	3.074160829143919e-17	6.650532538516649e-18
8123.999999999999	2.9760866561249366e-17	6.574479071456686e-18
8124.249999999999	2.7482169262122986e-17	6.445680432637279e-18
8124.499999999999	2.037310114515645e-17	6.098159109836907e-18
8124.749999999998	1.1332295809818287e-17	5.658243780565893e-18
8124.999999999999	1.6245660140057728e-17	5.8612512736792695e-18
8125.249999999998	2.137350661286788e-17	6.103717349962957e-18
8125.499999999999	2.1775147468015454e-17	6.298855046728504e-18
8125.749999999998	2.2213925423944208e-17	6.448279020531614e-18
8125.999999999999	2.311027818804137e-17	6.449082212906403e-18
8126.249999999998	2.3749192493177328e-17	6.444884271297697e-18
8126.499999999999	2.3027472445641136e-17	6.439476164452825e-18
8126.749999999998	2.3198152893235328e-17	6.503575630890478e-18
8126.999999999999	2.4843132235833807e-17	6.634872768750101e-18
8127.249999999999	2.4770775438931343e-17	6.6464098703436845e-18
8127.499999999999	2.3711167000418266e-17	6.588831068674787e-18
8127.749999999999	2.5786801385330227e-17	6.545304824842247e-18
8127.999999999999	2.875903503416189e-17	6.5060534504153805e-18
8128.249999999999	2.5313394340237554e-17	6.403780839479324e-18
8128.499999999999	2.1621482125621478e-17	6.3011459234349696e-18
8128.749999999999	2.568037798208038e-17	6.3576005866514074e-18
8128.999999999999	2.717256548501174e-17	6.3586072654568845e-18
8129.249999999999	2.1677655961019954e-17	6.114822249686481e-18
8129.499999999998	1.867157077280017e-17	6.0131278379985995e-18
8129.749999999999	2.079018049925671e-17	6.1994345545445305e-18
8129.999999999999	2.0922876813122468e-17	6.2574525891186935e-18
8130.249999999999	1.853734748352364e-17	6.184598656668086e-18
8130.499999999998	1.6928590379948858e-17	6.114514124908305e-18
8130.749999999999	1.5090934202907177e-17	6.0343342673626215e-18
8130.999999999999	1.874842412351247e-17	6.285602372544486e-18
8131.249999999999	2.5013485119905428e-17	6.622309963196952e-18
8131.499999999998	2.6225068143640423e-17	6.6753491976641584e-18
8131.749999999999	2.685414892565435e-17	6.692322116653134e-18
8131.999999999999	2.974099106549094e-17	6.836649417111999e-18
8132.249999999999	3.188258483244788e-17	6.906509369335471e-18
8132.499999999998	2.7968839321157335e-17	6.6720483334297656e-18
8132.749999999999	2.5211508849828172e-17	6.456043351351343e-18
8132.999999999998	2.4588243147520492e-17	6.304290036943284e-18
8133.249999999999	2.473445724695659e-17	6.262954994553396e-18
8133.499999999998	2.4934117140130965e-17	6.343135265689386e-18
8133.749999999999	2.262349397808249e-17	6.311412889197978e-18
8133.999999999998	1.852454272764132e-17	6.2024814743308695e-18
8134.249999999999	2.353043465402033e-17	6.446517953007489e-18
8134.499999999999	3.149788959932907e-17	6.786155830979924e-18
8134.749999999999	2.5348073060238227e-17	6.5983204846619954e-18
8134.999999999999	1.9234286854268968e-17	6.3644004248768996e-18
8135.249999999999	2.718186464945806e-17	6.718136769209689e-18
8135.499999999999	3.192137629445417e-17	6.944316900003126e-18
8135.749999999999	2.481852857569403e-17	6.696144104673435e-18
8135.999999999999	2.2434418688026343e-17	6.589058543343239e-18
8136.249999999998	2.806686353246732e-17	6.7778488696783606e-18
8136.499999999999	3.03955357754817e-17	6.795581554059966e-18
8136.749999999999	2.8173199254572236e-17	6.609807541828519e-18
8136.999999999999	2.7892669221631e-17	6.590037925188502e-18
8137.249999999998	2.695093402040673e-17	6.669543630534955e-18
8137.499999999999	2.613054952376644e-17	6.8211621145031685e-18
8137.749999999999	2.3752458202235688e-17	6.991208941748145e-18
8137.999999999999	2.7015430947128715e-17	7.317363775735966e-18
8138.249999999998	2.834924314125822e-17	7.632716458104457e-18
8138.499999999999	2.4402236697536918e-17	7.76017589151214e-18
8138.749999999999	2.3023334888217146e-17	7.816343109465716e-18
8138.999999999999	2.099716094085218e-17	7.590565815630592e-18
8139.249999999998	2.0272774063021117e-17	7.401058737294694e-18
8139.499999999999	2.6946301808976434e-17	7.317736007011615e-18
8139.749999999998	3.151518429157633e-17	7.222464652780207e-18
8139.999999999999	3.246018851058141e-17	7.091558357760015e-18
8140.249999999998	3.121867643792302e-17	6.950722586666737e-18
8140.499999999999	2.819226742205281e-17	6.792627278502233e-18
8140.749999999998	2.4936967604521822e-17	6.510278275393995e-18
8140.999999999999	2.0770874103759724e-17	6.170168490882098e-18
8141.249999999999	2.231708808121937e-17	6.297684999752048e-18
8141.499999999999	2.456288344430084e-17	6.475523868367273e-18
8141.749999999999	2.8215286204138934e-17	6.555648304811916e-18
8141.999999999999	3.037643121205418e-17	6.566213055595443e-18
8142.249999999999	2.3913440784328308e-17	6.239580524803873e-18
8142.499999999999	2.1207479883399913e-17	6.091768726014628e-18
8142.749999999999	2.671270600399146e-17	6.370897928588504e-18
8142.999999999998	2.84214560087341e-17	6.4428378264622404e-18
8143.249999999999	2.6241800353071146e-17	6.282056249258471e-18
8143.499999999999	2.5904499260329172e-17	6.2948399120351716e-18
8143.749999999999	2.7004819874230885e-17	6.419043562551846e-18
8143.999999999998	2.592458651432441e-17	6.3625442315823306e-18
8144.249999999999	2.394141603264485e-17	6.242182421420658e-18
8144.499999999999	2.605429670617885e-17	6.3048343217863435e-18
8144.749999999999	2.7611484061644626e-17	6.379438154822807e-18
8144.999999999998	2.0519803281153953e-17	6.3470618920571756e-18
8145.249999999999	1.1868282376973047e-17	6.41301176152511e-18
8145.499999999999	1.827226422134122e-17	6.938359545231519e-18
8145.749999999999	2.02549549382655e-17	7.498862918561739e-18
8145.999999999998	2.4431573485141723e-17	8.170513723620096e-18
8146.249999999999	2.3620790901051947e-17	8.444363445934351e-18
8146.499999999998	2.0920575596658345e-17	8.265752817807614e-18
8146.749999999999	2.500577745095766e-17	8.163614210130791e-18
8146.999999999998	3.136074305376778e-17	8.11055553691919e-18
8147.249999999999	3.1578632353281596e-17	7.811398223763874e-18
8147.499999999998	3.0228336103905134e-17	7.393837450547106e-18
8147.749999999999	2.2449781086362677e-17	6.857167632206377e-18
8147.999999999998	1.804440739544614e-17	6.278492755179592e-18
8148.249999999999	2.1105538144708878e-17	6.263720136620008e-18
8148.499999999999	2.1730205090974223e-17	6.237704892764909e-18
8148.749999999999	2.1765067445070883e-17	6.175455829357537e-18
8148.999999999999	2.1534985503328033e-17	6.130879893327667e-18
8149.249999999999	2.180104980171694e-17	6.132941227414149e-18
8149.499999999999	2.349994643100285e-17	6.2234964113830855e-18
8149.749999999998	2.678519514979193e-17	6.39907831769696e-18
8149.999999999999	2.3991634167632945e-17	6.196269347930596e-18
8150.249999999999	1.6353671730083677e-17	5.721279079145496e-18
8150.499999999999	1.7359576294507362e-17	5.845738742061756e-18
8150.749999999998	2.1914542290481665e-17	6.166405646275594e-18
8150.999999999999	2.305467014418188e-17	6.26428303302685e-18
8151.249999999999	2.4333852021935934e-17	6.330180376525887e-18
8151.499999999999	2.5152567268100094e-17	6.422423008944432e-18
8151.749999999998	2.5606255981750728e-17	6.49149920753751e-18
8151.999999999999	2.6493359212238322e-17	6.444985187332428e-18
8152.249999999999	2.7078708609627797e-17	6.421839846612582e-18
8152.499999999999	2.6643510691390173e-17	6.4495760397320974e-18
8152.749999999998	2.88348279393289e-17	6.508487429367818e-18
8152.999999999999	3.289684392105835e-17	6.5886792810323836e-18
8153.249999999998	3.174515704547832e-17	6.526972020926234e-18
8153.499999999999	2.7631950164360413e-17	6.369703479783977e-18
8153.749999999998	2.9012082818431664e-17	6.480136641053175e-18
8153.999999999999	3.194383259372376e-17	6.679109974319131e-18
8154.249999999998	2.912822890260146e-17	6.476037961117975e-18
8154.499999999999	2.5388270729285854e-17	6.219534629839263e-18
8154.749999999998	2.5336153387611338e-17	6.27888401160933e-18
8154.999999999999	2.5333728094055332e-17	6.3461300730971346e-18
8155.249999999998	2.699084052187874e-17	6.4230959203727436e-18
8155.499999999999	2.6711604199415538e-17	6.4137070068299605e-18
8155.749999999999	2.2437219521580447e-17	6.2082159039273934e-18
8155.999999999999	2.2839454292407833e-17	6.237068377283549e-18
8156.249999999999	2.870157576009151e-17	6.522743473634863e-18
8156.499999999999	2.8338708168976746e-17	6.4688290820795754e-18
8156.749999999999	2.3291680550735474e-17	6.190527060118253e-18
8156.999999999999	2.241915058827984e-17	6.05990862395123e-18
8157.249999999999	2.3107447575985213e-17	5.977412247100091e-18
8157.499999999998	2.0157895219549753e-17	5.9274269634544305e-18
8157.749999999999	1.6605811270040866e-17	5.886406249697313e-18
8157.999999999999	1.8053655274694482e-17	5.9706624533016584e-18
8158.249999999999	2.0036461796904518e-17	6.105256319492612e-18
8158.499999999998	2.531324048464362e-17	6.423365581252436e-18
8158.749999999999	2.8140922667070417e-17	6.592006201456072e-18
8158.999999999999	2.538649063660764e-17	6.4656134174482755e-18
8159.249999999999	2.4581624048258843e-17	6.4610246330001376e-18
8159.499999999998	2.6043227375221666e-17	6.573251535427657e-18
8159.749999999999	2.7806897209554154e-17	6.633465320937842e-18
8159.999999999999	2.994421279838297e-17	6.649075873457943e-18
8160.249999999999	2.4255043216255557e-17	6.361611585441677e-18
8160.499999999998	1.5893056205983524e-17	5.956951521058286e-18
8160.749999999999	2.0459409170270232e-17	6.16756907580715e-18
8160.999999999998	2.5356237332884125e-17	6.406545277086476e-18
8161.249999999999	2.265151720287456e-17	6.239246757426708e-18
8161.499999999998	2.0566509207261147e-17	6.0929234701497524e-18
8161.749999999999	1.9393942638659053e-17	6.0123337446105486e-18
8161.999999999998	2.0408464770704316e-17	6.084554470302247e-18
8162.249999999999	2.703945061775603e-17	6.435231900729815e-18
8162.499999999999	2.7656170012695966e-17	6.475477132662664e-18
8162.749999999999	2.1522189019251838e-17	6.187562444802863e-18
8162.999999999999	2.064166187463404e-17	6.0595016510898536e-18
8163.249999999999	2.2590593696398804e-17	6.02437087688442e-18
8163.499999999999	2.2759355084971873e-17	6.072940854502003e-18
8163.749999999999	2.214118481523752e-17	6.141468218758652e-18
8163.999999999999	2.2460392159260508e-17	6.154266357196072e-18
8164.249999999998	2.2494637436620203e-17	6.1611125175358675e-18
8164.499999999999	2.3232075570156128e-17	6.190763220183137e-18
8164.749999999999	2.4304634348339336e-17	6.2543113707425234e-18
8164.999999999999	2.7020145876620268e-17	6.421365872121589e-18
8165.249999999998	2.6873208821328798e-17	6.449454444182052e-18
8165.499999999999	2.1437565133865213e-17	6.212288114082992e-18
8165.749999999999	2.086245788682037e-17	6.197302910105981e-18
8165.999999999999	2.4391018474069473e-17	6.3989203261999625e-18
8166.249999999998	2.813581069088484e-17	6.557654217797357e-18
8166.499999999999	3.1635052688502613e-17	6.6883351061006284e-18
8166.749999999999	3.043594520276614e-17	6.623672743256133e-18
8166.999999999999	2.804461237398964e-17	6.504824673615433e-18
8167.249999999998	2.4153837668309694e-17	6.336516166427737e-18
8167.499999999999	2.068382988790077e-17	6.175922359223017e-18
8167.749999999998	2.4641609531919963e-17	6.278803361499606e-18
8167.999999999999	2.780400207741022e-17	6.3690624148092485e-18
8168.249999999998	2.911002431168039e-17	6.399856281063066e-18
8168.499999999999	2.833395022609334e-17	6.3726403845488466e-18
8168.749999999998	2.3951062612948444e-17	6.2361175331694196e-18
8168.999999999999	1.9315833627776896e-17	6.010453149487909e-18
8169.249999999998	1.4229954990525233e-17	5.678252038812632e-18
8169.499999999999	1.6129848236855404e-17	5.8172961366991204e-18
8169.749999999999	2.1692591534160212e-17	6.185148318185127e-18
8169.999999999999	2.4066409640646514e-17	6.260733187428079e-18
8170.249999999999	2.5316851955198025e-17	6.269144373486824e-18
8170.499999999999	2.1973545083575073e-17	6.192017639582074e-18
8170.749999999999	1.9616952186164575e-17	6.138992467185281e-18
8170.999999999998	2.4578743805365933e-17	6.416730765559148e-18
8171.249999999999	2.78060700289416e-17	6.592825523852806e-18
8171.499999999999	2.5690100663000328e-17	6.464592262982079e-18
8171.749999999999	2.3437413231055066e-17	6.360321183686094e-18
8171.999999999998	2.1985659970826524e-17	6.285450171311776e-18
8172.249999999999	2.3340939156213007e-17	6.318533259910834e-18
8172.499999999999	2.7744981086343334e-17	6.4415337762265506e-18
8172.749999999999	2.6165229898128337e-17	6.382468530996895e-18
8172.999999999998	2.1157948308320238e-17	6.220173213272154e-18
8173.249999999999	2.5070459666136855e-17	6.386829427186275e-18
8173.499999999999	3.0569210616893336e-17	6.621000122696974e-18
8173.749999999999	2.796579529650314e-17	6.4880854331495036e-18
8173.999999999998	2.4937334872713796e-17	6.326497354848495e-18
8174.249999999999	2.183897437844127e-17	6.11694396795768e-18
8174.499999999998	2.1637140654617107e-17	6.060787503352067e-18
8174.749999999999	2.9238736923716094e-17	6.428427513010954e-18
8174.999999999998	3.1086469814979896e-17	6.57832959720812e-18
8175.249999999999	2.4963776528174666e-17	6.4110893937815364e-18
8175.499999999998	2.335862758643184e-17	6.394605752124886e-18
8175.749999999999	2.5256105465373356e-17	6.494465063623819e-18
8175.999999999998	2.3673060443959173e-17	6.375070227598221e-18
8176.249999999999	2.0602784385844048e-17	6.155096432940769e-18
8176.499999999998	2.0078272468146623e-17	6.124023806820521e-18
8176.749999999999	1.96149901137516e-17	6.125085493136733e-18
8176.999999999999	1.9350206290950924e-17	6.084395238034331e-18
8177.249999999999	1.880948494196991e-17	6.025082252211216e-18
8177.499999999999	1.4599496274822073e-17	5.796808940877713e-18
8177.749999999999	1.3441668410374449e-17	5.71683339694333e-18
8177.999999999999	2.0047855382661823e-17	6.0223236048683515e-18
8178.249999999999	2.379678515690118e-17	6.251977067053899e-18
8178.499999999999	2.4358961916610593e-17	6.384749895126317e-18
8178.749999999998	2.658107179003222e-17	6.4733794026292296e-18
8178.999999999999	2.931538347927526e-17	6.518907423544148e-18
8179.249999999999	3.079889551194216e-17	6.510457773586919e-18
8179.499999999999	3.175340899926915e-17	6.477191050891874e-18
8179.749999999998	2.7395153170404858e-17	6.3983727326344524e-18
8179.999999999999	2.235359652473501e-17	6.309726267928982e-18
8180.249999999999	2.2896162486482018e-17	6.374674835265421e-18
8180.499999999999	2.3387623575624274e-17	6.406570092504853e-18
8180.749999999998	2.1175886547084063e-17	6.234058680624775e-18
8180.999999999999	2.0357652720036408e-17	6.152126440951398e-18
8181.249999999999	2.344520692678654e-17	6.283405794427851e-18
8181.499999999999	2.4558147008113362e-17	6.299545742539986e-18
8181.749999999998	2.4157885890227528e-17	6.150752080363641e-18
8181.999999999999	2.6415544677654234e-17	6.280582213406901e-18
8182.249999999998	2.978541728182994e-17	6.5904022982483315e-18
8182.499999999999	3.209236445323623e-17	6.760538047409157e-18
8182.749999999998	3.4648474968755743e-17	6.877986941043724e-18
8182.999999999999	2.9533712838874954e-17	6.728468255060476e-18
8183.249999999998	2.3709815387297354e-17	6.536985455831495e-18
8183.499999999999	2.5598012299766025e-17	6.585540544198051e-18
8183.749999999999	2.6292175652375625e-17	6.585035136843781e-18
8183.999999999999	2.0490977691167705e-17	6.301734876031107e-18
8184.249999999999	1.802728144804384e-17	6.1843546383873825e-18
8184.499999999999	2.3329939308427276e-17	6.4335957374781855e-18
8184.749999999999	2.622573154249169e-17	6.5419419220619124e-18
8184.999999999999	2.6399004374125623e-17	6.484686548012523e-18
8185.249999999999	2.5502416690734496e-17	6.4092782818303516e-18
8185.499999999998	2.4098360318986987e-17	6.315286162416257e-18
8185.749999999999	2.1962530346538317e-17	6.168722992761662e-18
8185.999999999999	1.8648381591507858e-17	6.0040995752028895e-18
8186.249999999999	2.416664738727569e-17	6.317217629146569e-18
8186.499999999998	2.958530905676356e-17	6.6443667342306785e-18
8186.749999999999	2.486180831970403e-17	6.485143565300959e-18
8186.999999999999	2.0757175992815845e-17	6.42432924666606e-18
8187.249999999999	2.1478548624494765e-17	6.7555518026766875e-18
8187.499999999998	2.0892903096445996e-17	7.008695539897516e-18
8187.749999999999	2.2414364521255607e-17	7.127560566740773e-18
8187.999999999999	2.1094809612164065e-17	7.118089348727041e-18
8188.249999999999	1.8125871450892812e-17	6.952848440840998e-18
8188.499999999998	1.773681201286217e-17	6.7937754051924566e-18
8188.749999999999	1.9358981022888887e-17	6.630511458970415e-18
8188.999999999998	2.117953441358542e-17	6.4748149745823154e-18
8189.249999999999	2.069034972548891e-17	6.3099301679499764e-18
8189.499999999998	2.7056869387095172e-17	6.4978771836506e-18
8189.749999999999	3.220152251559118e-17	6.688105563480645e-18
8189.999999999998	2.846556127899543e-17	6.552153053133573e-18
8190.249999999999	2.5723844668908816e-17	6.438129100825282e-18
8190.499999999998	2.4672092791853767e-17	6.41615297990128e-18
8190.749999999999	2.4249051119898222e-17	6.3996784372313674e-18
8190.999999999999	2.4891356865545648e-17	6.3908656549852274e-18
8191.249999999999	2.465448707969619e-17	6.389647631533243e-18
8191.499999999999	2.382301339976401e-17	6.393663593407188e-18
8191.749999999999	2.5139650015654466e-17	6.4516820415716574e-18
8191.999999999999	2.8023264496740874e-17	6.536781142220194e-18
8192.249999999998	2.2520541424682914e-17	6.2813275031388116e-18
8192.499999999998	1.4909234055192554e-17	5.926391333327514e-18
8192.75	1.7861630258573972e-17	5.999464055050142e-18
8192.999999999998	2.157594417853921e-17	6.107062054769815e-18
8193.249999999998	2.4849848942407737e-17	6.371015388235486e-18
8193.499999999998	2.5776173768820146e-17	6.5712509991161976e-18
8193.75	2.344371634732272e-17	6.623044085990593e-18
8193.999999999998	2.0624686474103227e-17	6.779484619339684e-18
8194.249999999998	1.960683576727305e-17	7.078092684568264e-18
8194.499999999998	2.287701160094019e-17	7.366129381568417e-18
8194.75	2.951287781360597e-17	7.631987711984798e-18
8194.999999999998	2.993129223721489e-17	7.622222844853609e-18
8195.249999999998	2.843576623333127e-17	7.477782220650825e-18
8195.499999999998	2.2013974363194214e-17	7.075569783699978e-18
8195.749999999998	1.492514073837195e-17	6.581573385980247e-18
8195.999999999998	2.0103671876035677e-17	6.582100300030443e-18
8196.249999999998	2.5169550940437032e-17	6.597068960395203e-18
8196.499999999998	2.802458798572096e-17	6.667437215105089e-18
8196.749999999998	2.778018920193604e-17	6.654741647063625e-18
8197.0	2.3486943151773516e-17	6.41317388892517e-18
8197.249999999998	2.1920681624988034e-17	6.289950861024677e-18
8197.5	2.3289018683524278e-17	6.333291816400005e-18
8197.749999999998	2.7142525593886263e-17	6.4248069434698095e-18
8198.0	3.1417454556564414e-17	6.549693845172453e-18
8198.249999999998	2.950274981418587e-17	6.468212005342611e-18
8198.5	2.458040147531349e-17	6.296799916496616e-18
8198.749999999998	2.4722018104905018e-17	6.380225630765958e-18
8199.0	2.6270754983232952e-17	6.499205222124054e-18
8199.249999999998	2.4499633905942586e-17	6.304270598198889e-18
8199.5	2.2382534611284567e-17	6.152413059033647e-18
8199.749999999998	2.1833898798202645e-17	6.242318492631423e-18
8199.999999999998	2.1985951138402143e-17	6.282892942448068e-18
8200.249999999998	2.2971060382226245e-17	6.211638777302138e-18
8200.5	2.327274142343046e-17	6.21830419867809e-18
8200.749999999998	2.2719949854951072e-17	6.308360179147351e-18
8200.999999999998	2.3627054312650198e-17	6.358188298476626e-18
8201.249999999998	2.505847051033851e-17	6.370560438898582e-18
8201.5	2.253421637456964e-17	6.2855903784256036e-18
8201.749999999998	1.9634867263871248e-17	6.158767874089586e-18
8201.999999999998	2.0955674524410195e-17	6.18571452331442e-18
8202.249999999998	2.266015131410839e-17	6.237930713072136e-18
8202.5	2.523480391023889e-17	6.400797612600152e-18
8202.749999999998	2.7374847540727906e-17	6.535622262182007e-18
8202.999999999998	2.739434418776578e-17	6.569341039081813e-18
8203.249999999998	2.674320415317629e-17	6.5464368215105256e-18
8203.499999999998	2.428370502448052e-17	6.4009034917185584e-18
8203.749999999998	2.545966303359408e-17	6.464275452807471e-18
8203.999999999998	3.031031632005404e-17	6.73599104914134e-18
8204.25	3.238606981897421e-17	6.86441497514326e-18
8204.499999999998	3.347813682472387e-17	6.913078424170061e-18
8204.75	2.816594984368382e-17	6.707788326156344e-18
8204.999999999998	2.1776929215054893e-17	6.4191994860973126e-18
8205.25	2.2224288342658272e-17	6.442218268183438e-18
8205.499999999998	2.2932796661450767e-17	6.480406715523174e-18
8205.75	2.473015756213254e-17	6.48906440140446e-18
8205.999999999998	2.5134145955858538e-17	6.502881626356546e-18
8206.25	2.3454525943567563e-17	6.54220207036456e-18
8206.499999999998	2.2439765583505885e-17	6.563101202131019e-18
8206.749999999998	2.194985959391523e-17	6.539962065265767e-18
8206.999999999998	2.4250892423941765e-17	6.701229197489105e-18
8207.25	2.954006889470181e-17	7.004265160536682e-18
8207.499999999998	2.943350156202538e-17	7.03531007610641e-18
8207.749999999998	2.76902333103209e-17	6.930961655423151e-18
8207.999999999998	2.3065617052408407e-17	6.675996466493481e-18
8208.25	1.7172861777919442e-17	6.376833363073878e-18
8208.499999999998	1.8192482651260482e-17	6.2765244789120224e-18
8208.749999999998	2.039363342232124e-17	6.2448657953277804e-18
8208.999999999998	2.816668107134532e-17	6.6853737995076886e-18
8209.25	3.2161986591033593e-17	6.940013079276013e-18
8209.499999999998	2.6242753265136807e-17	6.710277312619516e-18
8209.749999999998	2.3802914565240197e-17	6.5709354297125086e-18
8209.999999999998	2.5789392115008743e-17	6.571067778610517e-18
8210.25	2.8970167922432377e-17	6.682073348863602e-18
8210.499999999998	3.362781681092656e-17	6.872196676755853e-18
8210.749999999998	3.5343445649643195e-17	6.965381881482401e-18
8211.0	3.526677593302688e-17	7.022932145420166e-18
8211.25	2.692648752458334e-17	6.646093473759383e-18
8211.499999999998	1.790901778150591e-17	6.1698880766544426e-18
8211.749999999998	2.498534939855005e-17	6.520525802412608e-18
8212.0	3.127262846619618e-17	6.802298674224203e-18
8212.249999999998	3.124393853383039e-17	6.777918766440121e-18
8212.499999999998	3.03822115501747e-17	6.729889351352842e-18
8212.749999999998	2.7709768007666952e-17	6.648486920861805e-18
8213.0	2.5263601376084312e-17	6.552224190666253e-18
8213.249999999998	2.370975583029325e-17	6.4355193459926775e-18
8213.499999999998	2.1095939540880812e-17	6.3413241537382015e-18
8213.749999999998	1.73917685095867e-17	6.267098755831981e-18
8214.0	2.1562757265213888e-17	6.521898095048834e-18
8214.249999999998	2.923778070292798e-17	6.87795178586769e-18
8214.499999999998	3.017168084939015e-17	6.880950729178501e-18
8214.749999999998	2.9907042610377287e-17	6.840661656673187e-18
8215.0	2.5461954323890852e-17	6.617203777275662e-18
8215.249999999998	2.270048298641525e-17	6.488833618013558e-18
8215.499999999998	2.7815658706602315e-17	6.753947899468947e-18
8215.749999999998	3.141144591659483e-17	6.890275122633505e-18
8216.0	3.284359003322219e-17	6.7807204271748384e-18
8216.249999999998	3.063899488209076e-17	6.623612359071417e-18
8216.499999999998	2.43750605056921e-17	6.405466219977401e-18
8216.749999999998	2.233783707970465e-17	6.388610760635408e-18
8217.0	2.2924430556735406e-17	6.490923489831173e-18
8217.249999999998	2.927583762855032e-17	6.713864794936159e-18
8217.499999999998	3.737390604694241e-17	6.962580220747684e-18
8217.749999999998	2.3768955492372445e-17	6.346922925714267e-18
8218.0	1.0211009476110805e-17	5.704783443369964e-18
8218.25	2.0269596035107688e-17	6.1933200354565385e-18
8218.499999999998	2.7209601669758188e-17	6.5097418487667544e-18
8218.75	2.4123943360972027e-17	6.362501631780784e-18
8218.999999999998	2.2646506142723714e-17	6.3097328853738826e-18
8219.249999999998	2.397362479133644e-17	6.411721359769527e-18
8219.499999999998	2.5582759089270547e-17	6.490429249415173e-18
8219.75	2.6844047396013854e-17	6.535211980598181e-18
8219.999999999998	2.5545243139768817e-17	6.466584941077719e-18
8220.249999999998	2.3897780600971454e-17	6.3404940779935045e-18
8220.499999999998	1.831192753171314e-17	6.092275787730123e-18
8220.75	1.2145568207551848e-17	5.809638925768717e-18
8220.999999999998	2.1608354769300262e-17	6.309452057555921e-18
8221.249999999998	2.939680783005253e-17	6.718774525461967e-18
8221.499999999998	2.737015742665473e-17	6.601130003612532e-18
8221.75	2.692596309207498e-17	6.536051155329616e-18
8221.999999999998	2.8663446042575264e-17	6.6117328047042365e-18
8222.249999999998	2.8101568722247594e-17	6.613908703305557e-18
8222.499999999998	2.3371041913065036e-17	6.5168258235326586e-18
8222.75	2.0698386612320477e-17	6.4186518925318025e-18
8222.999999999998	1.9563403822030342e-17	6.3228846435231694e-18
8223.249999999998	2.402896648303869e-17	6.578797781434825e-18
8223.499999999998	3.027135280448034e-17	6.951314847985325e-18
8223.75	2.6294323013245813e-17	6.804796759674113e-18
8223.999999999998	2.0603055701084965e-17	6.574740046939946e-18
8224.249999999998	2.3267877601428648e-17	6.582780242493962e-18
8224.499999999998	2.4946021923506828e-17	6.5892161212499305e-18
8224.75	2.4974951738250257e-17	6.57428757914488e-18
8225.0	2.4069743178515103e-17	6.535676856102436e-18
8225.249999999998	2.088070879985574e-17	6.430402820313731e-18
8225.5	2.0362129421511545e-17	6.393838542106743e-18
8225.749999999998	2.2983024722606212e-17	6.423106673720707e-18
8225.999999999998	2.4094462643940637e-17	6.397158845085531e-18
8226.249999999998	2.3974283227104033e-17	6.340543708830258e-18
8226.5	2.241252156285084e-17	6.259626419768483e-18
8226.749999999998	2.014535516146345e-17	6.176182921115971e-18
8226.999999999998	1.414288926797035e-17	5.789476811928043e-18
8227.249999999998	9.890371936808712e-18	5.421587407314472e-18
8227.5	2.0142706529142054e-17	6.019566198296406e-18
8227.749999999998	2.7538963482980877e-17	6.418274284582172e-18
8227.999999999998	2.3706198953659272e-17	6.260238533421772e-18
8228.249999999998	2.3009425019036454e-17	6.250547285365101e-18
8228.5	2.736079374212063e-17	6.474860469516006e-18
8228.749999999998	2.6268283367562643e-17	6.453687127376486e-18
8228.999999999998	2.0606993080800718e-17	6.201359403829941e-18
8229.249999999998	2.2986245763911493e-17	6.336894187967674e-18
8229.5	2.915868569275566e-17	6.64932278687079e-18
8229.749999999998	3.0442519634274714e-17	6.7426304143279966e-18
8229.999999999998	3.1210814913381317e-17	6.7900762534931194e-18
8230.249999999998	2.616223384994967e-17	6.514103985727053e-18
8230.5	2.189573882079711e-17	6.255654298467003e-18
8230.749999999998	2.5886574256455148e-17	6.285999005648205e-18
8230.999999999998	2.74843381296891e-17	6.286139626352339e-18
8231.249999999998	2.2522602758769396e-17	6.18550566020975e-18
8231.5	2.123284785842569e-17	6.2154959204984726e-18
8231.749999999998	2.493575164902137e-17	6.403530617344027e-18
8231.999999999998	2.7415774783075805e-17	6.567129158123846e-18
8232.25	2.865635545036446e-17	6.71360588740443e-18
8232.5	2.889191001903996e-17	6.763653623186338e-18
8232.749999999998	2.926126270615714e-17	6.7712165355269104e-18
8232.999999999998	2.5379032776204862e-17	6.512104690186512e-18
8233.25	2.080543701847464e-17	6.204526678395407e-18
8233.499999999998	1.8067368274889386e-17	6.107003324946324e-18
8233.749999999998	1.6419219176183604e-17	6.051079711683145e-18
8233.999999999998	2.0218418370609033e-17	6.199059014546431e-18
8234.25	2.4064985235631698e-17	6.3314120484579786e-18
8234.499999999998	2.6310540716335527e-17	6.401966005215383e-18
8234.749999999998	2.843190495423187e-17	6.541081240634551e-18
8234.999999999998	3.0432676184985333e-17	6.733943777125271e-18
8235.25	2.865917448189204e-17	6.691703385554944e-18
8235.499999999998	2.4803875898323265e-17	6.498658869329463e-18
8235.749999999998	2.6339401047907502e-17	6.596580096653184e-18
8235.999999999998	2.939026317704601e-17	6.780067368081228e-18
8236.25	2.785631297934807e-17	6.657843987951005e-18
8236.499999999998	2.635697036411813e-17	6.5380425926543374e-18
8236.749999999998	2.948249050662322e-17	6.676544060058991e-18
8236.999999999998	3.030157136661813e-17	6.70403664848811e-18
8237.25	2.1878645960619314e-17	6.360557343750978e-18
8237.499999999998	1.8165948351571006e-17	6.2439058522269126e-18
8237.749999999998	2.3280978487970263e-17	6.519706066425568e-18
8237.999999999998	2.7630623366657878e-17	6.723791789467408e-18
8238.25	3.1173949127841054e-17	6.86626331022201e-18
8238.499999999998	3.0986642349934546e-17	6.854137669622595e-18
8238.749999999998	2.926304279883535e-17	6.761433470422246e-18
8238.999999999998	2.8153525590883275e-17	6.6763976490905694e-18
8239.25	2.7545508135987397e-17	6.597875461492442e-18
8239.5	2.668162551965539e-17	6.581831052741057e-18
8239.749999999998	2.567710896429957e-17	6.567154800722835e-18
8240.0	2.3548088342653436e-17	6.554016691053655e-18
8240.249999999998	2.1979533871209957e-17	6.590685607608131e-18
8240.499999999998	2.3273006121226477e-17	6.733978518710998e-18
8240.749999999998	2.4502390071743613e-17	6.929452050805242e-18
8241.0	2.589392623773952e-17	7.179819356300036e-18
8241.249999999998	2.5489669837495054e-17	7.27042706623787e-18
8241.499999999998	2.509088275546079e-17	7.25090643096223e-18
8241.749999999998	2.4078038145697784e-17	7.110256775506776e-18
8242.0	2.3724383692245638e-17	6.921873835623337e-18
8242.249999999998	2.5567967445556874e-17	6.8793579929090305e-18
8242.499999999998	2.738197949196934e-17	6.844934044537024e-18
8242.749999999998	2.4833871121695663e-17	6.6986781724799915e-18
8243.0	2.2595431048621015e-17	6.586428522585627e-18
8243.249999999998	2.4889795148549148e-17	6.594881481265306e-18
8243.499999999998	2.5726513153564912e-17	6.598766748602468e-18
8243.749999999998	2.4268417072399314e-17	6.585418121467393e-18
8244.0	2.3804180151577403e-17	6.5509569499678216e-18
8244.249999999998	2.4553054884262486e-17	6.488600353080818e-18
8244.499999999998	2.335852005295221e-17	6.4866403486193735e-18
8244.749999999998	2.0787705574863953e-17	6.512709772804595e-18
8245.0	2.2450025931823993e-17	6.630790218836846e-18
8245.249999999998	2.56935781302955e-17	6.773030129019933e-18
8245.499999999998	2.4825632402794635e-17	6.7594705708286574e-18
8245.749999999998	2.364574363141022e-17	6.755309025166903e-18
8246.0	2.520486328078692e-17	6.8796930010571145e-18
8246.25	2.614966566772254e-17	6.995459822916055e-18
8246.499999999998	2.6694761147782733e-17	7.064532712786683e-18
8246.75	2.6685868956197788e-17	7.176436187594694e-18
8246.999999999998	2.610711218829036e-17	7.321270549769054e-18
8247.249999999998	2.4171764326544943e-17	7.345588005416888e-18
8247.499999999998	2.2819451410835076e-17	7.262669766453347e-18
8247.75	2.514648749059783e-17	7.301157653174827e-18
8247.999999999998	2.9425034541275287e-17	7.391076321662404e-18
8248.249999999998	2.507803664054784e-17	7.079982792267948e-18
8248.499999999998	1.9491177719664662e-17	6.677677711088495e-18
8248.75	2.0726469394116652e-17	6.4124612728274556e-18
8248.999999999998	2.1628322909287292e-17	6.228315979222126e-18
8249.249999999998	2.4558312444235873e-17	6.5318457690953964e-18
8249.499999999998	2.6414110346472067e-17	6.730991569519069e-18
8249.75	2.5841175275715788e-17	6.695889746635075e-18
8249.999999999998	2.4855167713746453e-17	6.6922733129969934e-18
8250.249999999998	2.405287200274147e-17	6.718066458857622e-18
8250.499999999998	2.4492851024919652e-17	6.672998763953589e-18
8250.75	2.510797065255491e-17	6.580321448123148e-18
8250.999999999998	2.4379143469195662e-17	6.5347789515475095e-18
8251.249999999998	2.3515295594449384e-17	6.497655912836742e-18
8251.499999999998	2.7739599449278064e-17	6.643656599674802e-18
8251.75	3.210406078709773e-17	6.782684153949039e-18
8251.999999999998	2.650501584143042e-17	6.5873524833298485e-18
8252.249999999998	2.412867483407583e-17	6.535807137048913e-18
8252.499999999998	3.437437047481282e-17	7.006147823610852e-18
8252.75	3.6562809134219865e-17	7.076720391932039e-18
8252.999999999998	2.4699308688367987e-17	6.454873304374887e-18
8253.249999999998	2.056943908099081e-17	6.291880259803457e-18
8253.5	2.4681423389163365e-17	6.586900015534782e-18
8253.749999999998	2.5112619407597458e-17	6.692741083633392e-18
8253.999999999998	2.320139709559776e-17	6.704566044080144e-18
8254.249999999998	2.551901324254476e-17	6.9299975764192206e-18
8254.5	2.9409281713689827e-17	7.187500555468203e-18
8254.749999999998	2.2453910371980542e-17	6.900501142956192e-18
8254.999999999998	1.7725858487190743e-17	6.6762586827476605e-18
8255.249999999998	2.4647126826605692e-17	6.999667690692112e-18
8255.5	3.051058005507558e-17	7.172584834662647e-18
8255.749999999998	3.072569002773122e-17	6.968092552349738e-18
8255.999999999998	3.0127297646443006e-17	6.790346327963118e-18
8256.249999999998	2.883201221652377e-17	6.643243009368525e-18
8256.5	2.6437059645386738e-17	6.572467781797263e-18
8256.749999999998	2.3917856274438116e-17	6.563189710456562e-18
8256.999999999998	2.249129231822304e-17	6.4979946432975826e-18
8257.249999999998	2.091362397079045e-17	6.414019267511199e-18
8257.5	2.1654218625543877e-17	6.445912043208794e-18
8257.749999999998	2.3593824813082718e-17	6.498272989573707e-18
8257.999999999998	2.7001281195570383e-17	6.6037232148328855e-18
8258.249999999998	2.861342808529541e-17	6.66043595840044e-18
8258.5	2.442754180683614e-17	6.5062449427271865e-18
8258.749999999998	2.0930043505949627e-17	6.392649056385892e-18
8258.999999999998	1.906670833397185e-17	6.3509492273458685e-18
8259.249999999998	1.8171516931454713e-17	6.312949790776101e-18
8259.5	1.8683025569922804e-17	6.279597041297351e-18
8259.749999999998	2.058037771741121e-17	6.393916297084323e-18
8259.999999999998	2.35494697342764e-17	6.58673251146074e-18
8260.249999999998	2.4564061349493117e-17	6.674476522117915e-18
8260.5	2.5267838195181808e-17	6.743359160447656e-18
8260.749999999998	2.5484496649944148e-17	6.7411315630580505e-18
8260.999999999998	2.5487701147637178e-17	6.73405048342429e-18
8261.25	2.553594232096127e-17	6.714101782181655e-18
8261.499999999998	2.510022989638264e-17	6.65675376390366e-18
8261.749999999998	2.1387866468301802e-17	6.490780387585201e-18
8261.999999999998	1.9382428284532315e-17	6.37696198965913e-18
8262.25	1.9655864416540294e-17	6.329596387013425e-18
8262.499999999998	2.050157387481451e-17	6.35922310142293e-18
8262.749999999998	2.0912608192998235e-17	6.4594376869949546e-18
8262.999999999998	2.3677181457770912e-17	6.634911646238891e-18
8263.25	2.801568421360744e-17	6.836247820924604e-18
8263.499999999998	2.5990124034256987e-17	6.705493313546816e-18
8263.749999999998	2.2940744212776176e-17	6.527618462574944e-18
8263.999999999998	2.7193137466845933e-17	6.702165152352209e-18
8264.25	3.070698581972017e-17	6.846033781161413e-18
8264.499999999998	3.020517504675365e-17	6.863539404464873e-18
8264.749999999998	2.784242627122453e-17	6.791405532737492e-18
8264.999999999998	2.193357902509896e-17	6.519464943277009e-18
8265.25	2.109591968854611e-17	6.465789193328443e-18
8265.499999999998	2.5616331041611624e-17	6.642641649063199e-18
8265.749999999998	2.740687597404596e-17	6.722426527866389e-18
8265.999999999998	2.6823422474620456e-17	6.744389000310284e-18
8266.25	2.239716412759818e-17	6.509789411651976e-18
8266.499999999998	1.6747340218487464e-17	6.191886117864678e-18
8266.749999999998	2.607775058526718e-17	6.647742871900814e-18
8266.999999999998	3.481830838340268e-17	7.068182233649267e-18
8267.25	3.310645148827929e-17	6.968415979969246e-18
8267.5	3.2624066224817966e-17	6.915369714466833e-18
8267.749999999998	3.479100811446598e-17	6.993119728963142e-18
8268.0	3.419265212912472e-17	7.012790083929653e-18
8268.249999999998	2.9443596474220977e-17	6.95066220248202e-18
8268.499999999998	2.7277367614260982e-17	6.879840239206149e-18
8268.749999999998	2.7101293949072945e-17	6.792875432685999e-18
8269.0	2.3559485237133192e-17	6.5359502392948846e-18
8269.249999999998	1.794054659773398e-17	6.190993176393427e-18
8269.499999999998	2.1722128499473255e-17	6.332434443695094e-18
8269.749999999998	2.726447186851128e-17	6.550621528229431e-18
8270.0	2.533539899889269e-17	6.600517476368936e-18
8270.249999999998	2.4794545301013667e-17	6.6608483079357976e-18
8270.499999999998	2.886354765019674e-17	6.7892552767351606e-18
8270.749999999998	2.981566562246978e-17	6.824747115277973e-18
8271.0	2.4532431617230314e-17	6.636620601384426e-18
8271.249999999998	2.4561556646598306e-17	6.643556924410989e-18
8271.499999999998	3.025461397760472e-17	6.865101121461373e-18
8271.749999999998	2.9336387249389204e-17	6.817070052012869e-18
8272.0	2.36668681698936e-17	6.6025043642002886e-18
8272.249999999998	2.662441936285245e-17	6.822529030465412e-18
8272.499999999998	3.2790630621684093e-17	7.153740005947464e-18
8272.749999999998	2.2957600499298782e-17	6.6704551835699885e-18
8273.0	1.353434241748244e-17	6.171804654133728e-18
8273.249999999998	1.9656923207724362e-17	6.422394884803605e-18
8273.499999999998	2.5271012914372787e-17	6.647519533135424e-18
8273.749999999998	2.889382907806108e-17	6.827914389843439e-18
8274.0	2.7876334058894305e-17	6.798683067766734e-18
8274.249999999998	2.013182579536453e-17	6.4206247182927414e-18
8274.499999999998	1.870205237837275e-17	6.374564820243951e-18
8274.75	2.358666142897801e-17	6.6125570901846456e-18
8274.999999999998	2.6357718135391877e-17	6.7827383342791615e-18
8275.249999999998	2.8530422165186936e-17	6.925004300651544e-18
8275.499999999998	2.5135457864310047e-17	6.8650647255144204e-18
8275.75	2.0353303404375605e-17	6.7759926763837916e-18
8275.999999999998	1.982398060423557e-17	6.8277088354612194e-18
8276.249999999998	2.0214848259085254e-17	6.875063271168655e-18
8276.499999999998	2.0180847827186874e-17	6.92345416418362e-18
8276.75	2.441022395353173e-17	7.343588709876347e-18
8276.999999999998	2.2860423320936052e-17	8.465599653800425e-18
8277.249999999998	2.3515376658149414e-17	9.938120110487723e-18
8277.499999999998	2.325434492660728e-17	1.1658783997592967e-17
8277.75	1.8193114617248472e-17	1.2590602957633952e-17
8277.999999999998	2.501554314526946e-17	1.3148647123003052e-17
8278.249999999998	3.050389643572615e-17	1.2890267332504763e-17
8278.499999999998	4.6562433431973356e-17	1.2397748279359052e-17
8278.75	3.3799159003010797e-17	1.0841062195344483e-17
8278.999999999998	2.014920486003427e-17	9.115579981171118e-18
8279.249999999998	3.2762582581473645e-17	9.098624432975006e-18
8279.499999999998	4.098064843696758e-17	9.119337862693947e-18
8279.75	3.4653957521855745e-17	9.240854830581049e-18
8279.999999999998	3.0791189497355616e-17	9.97495446316471e-18
8280.249999999998	1.7503403150695632e-17	1.1486802394895229e-17
8280.499999999998	1.7929062022109295e-17	1.360831800684367e-17
8280.75	2.3585857409422607e-17	1.5930926188787426e-17
8280.999999999998	1.2226109129434911e-17	1.6819640767108274e-17
8281.249999999998	1.1482271099499664e-17	1.738169510408703e-17
8281.499999999998	1.0402732571307733e-17	1.671758653185393e-17
8281.75	3.2030650162094874e-17	1.5902711058093243e-17
8281.999999999998	2.4371030481747742e-17	1.3706008037186182e-17
8282.249999999998	2.342398147226843e-17	1.1369756338218976e-17
8282.5	2.442466487266568e-17	1.0089380011660395e-17
8282.749999999998	2.5935642610391794e-17	8.972026921765603e-18
8282.999999999998	2.644014502907156e-17	8.378586870804747e-18
8283.249999999998	2.7555947155317816e-17	7.917054003405272e-18
8283.5	2.9260587726777295e-17	7.6125224978102e-18
8283.749999999998	2.820288842111799e-17	7.428246509668087e-18
8283.999999999998	2.813944035941272e-17	7.328248645416551e-18
8284.249999999998	2.856696369592708e-17	7.256836488773623e-18
8284.5	2.70097366357919e-17	7.199008292150041e-18
8284.749999999998	3.4806208385402255e-17	7.710144699342483e-18
8284.999999999998	3.633279667564847e-17	8.322029223602046e-18
8285.249999999998	2.8929291965282456e-17	9.633451292910967e-18
8285.5	1.823896027551861e-17	1.079261670840909e-17
8285.749999999998	2.3914373844059267e-17	1.1870731658766816e-17
8285.999999999998	2.029078013059517e-17	1.2350403769818966e-17
8286.249999999998	1.8522410256022157e-17	1.2064013989418407e-17
8286.5	1.7563875016556934e-17	1.135002311752591e-17
8286.749999999998	2.384080770910125e-17	1.0237313819589991e-17
8286.999999999998	2.5287604503099375e-17	1.0524476186682675e-17
8287.249999999998	-1.0053134611579547e-17	1.152932444146413e-17
8287.5	1.4643333538564933e-17	1.6107046176089767e-17
8287.749999999998	2.885196381289855e-17	2.0031328314023014e-17
8287.999999999998	3.537723266894354e-18	2.133674174336235e-17
8288.249999999998	1.076011740252734e-18	2.220882337392598e-17
8288.5	1.3728810925132431e-17	2.1007325336219232e-17
8288.75	1.6506696834683537e-17	1.9105350903467878e-17
8288.999999999998	1.3086703702832018e-17	1.514423275849642e-17
8289.25	3.2089320428582035e-17	1.1719872940191233e-17
8289.499999999998	1.7462624800857993e-17	9.37018948243739e-18
8289.749999999998	2.0207734505817298e-17	8.387812416176551e-18
8289.999999999998	2.380562771764937e-17	8.426938059150309e-18
8290.25	2.542851306608656e-17	8.365856561177556e-18
8290.499999999998	2.664697326943432e-17	8.289039606412207e-18
8290.749999999998	2.751850730643244e-17	7.99272365866101e-18
8290.999999999998	2.9993439970997225e-17	7.670970252712584e-18
8291.25	3.2705179555684915e-17	7.471225159935117e-18
8291.499999999998	3.406638135425728e-17	7.291095828203732e-18
8291.749999999998	3.204400747462638e-17	7.152648127538894e-18
8291.999999999998	3.052404324672549e-17	7.073869927541181e-18
8292.25	2.9890353414338417e-17	7.074231405468867e-18
8292.499999999998	2.8382363452984845e-17	7.004014524811078e-18
8292.749999999998	2.532883780227392e-17	6.874819252887952e-18
8292.999999999998	2.1965205448639313e-17	6.695313615338432e-18
8293.25	1.8756234362856197e-17	6.4900669443068744e-18
8293.499999999998	1.9495472441405037e-17	6.4394745100916e-18
8293.749999999998	2.049044829557567e-17	6.414273625549559e-18
8293.999999999998	2.154201488417351e-17	6.485327612987252e-18
8294.25	2.412568705770329e-17	6.693783744795515e-18
8294.499999999998	3.069769823580242e-17	7.446357629179935e-18
8294.749999999998	4.05933988701172e-17	8.615442594583794e-18
8294.999999999998	3.6911465762410966e-17	1.0436807449461242e-17
8295.25	3.4400175201202026e-17	1.2335059569456108e-17
8295.499999999998	3.8078574593331435e-17	1.42501299256654e-17
8295.749999999998	3.1303591490885264e-17	1.49536238755846e-17
8296.0	3.764499298601074e-17	1.5229501844760835e-17
8296.249999999998	2.7651033221092012e-17	1.4032558263506804e-17
8296.499999999998	2.4589258925312707e-17	1.2357498497932834e-17
8296.749999999998	1.589572469063962e-17	1.0252782097044733e-17
8297.0	1.0905632741140985e-17	8.18645266684338e-18
8297.249999999998	1.8639515869702515e-17	9.58373112065163e-18
8297.499999999998	3.7440080495946653e-17	1.2422972324958244e-17
8297.749999999998	4.0064956190148925e-17	1.7456482157629174e-17
8298.0	1.93833431462898e-17	2.1232101741513166e-17
8298.249999999998	1.7640650612291656e-17	2.395569151565629e-17
8298.499999999998	6.53100452641243e-18	2.467190915775778e-17
8298.749999999998	5.381710188036148e-17	2.4732832664233536e-17
8299.0	4.2242419817188615e-17	2.2029608076771467e-17
8299.249999999998	4.753289165278792e-17	1.798693654084718e-17
8299.499999999998	3.484842768386696e-17	1.3826388458911637e-17
8299.749999999998	-6.220659285279605e-19	8.771919523879837e-18
8300.0	1.8457953033969575e-17	7.85360759606123e-18
8300.249999999998	2.3421316296334784e-17	7.094156532064044e-18
8300.499999999998	2.6525179196042012e-17	7.189060618103478e-18
8300.749999999998	2.979287183351027e-17	7.329760731576298e-18
8301.0	2.7424774508140382e-17	7.525232609309317e-18
8301.249999999998	2.829357719475585e-17	7.72137036743544e-18
8301.499999999998	2.8204867037143216e-17	7.93191843901285e-18
8301.749999999998	2.6754549762458066e-17	8.096741620689554e-18
8302.0	2.6337635844480314e-17	8.246407544821836e-18
8302.249999999998	2.584106608787493e-17	8.07737484100785e-18
8302.499999999998	2.604018996801237e-17	7.835608145932076e-18
8302.75	2.4816460624162647e-17	7.550924011954601e-18
8303.0	2.5377426391455284e-17	7.295868660338163e-18
8303.249999999998	2.1901582024644184e-17	7.212325900012145e-18
8303.499999999998	1.960993934893135e-17	7.221085742699081e-18
8303.75	2.4023710577426527e-17	7.451660684087013e-18
8303.999999999998	2.1673493588177587e-17	7.342628353185173e-18
8304.249999999998	1.1089402494748216e-17	6.796196562845399e-18
8304.499999999998	1.0737926835029534e-17	6.710716545524782e-18
8304.75	1.677684575093723e-17	6.9338580283380055e-18
8304.999999999998	2.223735117889171e-17	7.102769963782559e-18
8305.249999999998	2.7868704144924116e-17	7.263445661867922e-18
8305.499999999998	2.8520720990962914e-17	7.17410850135097e-18
8305.75	2.776641499037581e-17	7.055020135742323e-18
8305.999999999998	2.585587923828453e-17	6.846611153228975e-18
8306.249999999998	2.274517555491149e-17	6.616499019393767e-18
8306.499999999998	1.729162671590858e-17	6.335904052774448e-18
8306.75	1.5473894011100853e-17	6.289467787546946e-18
8306.999999999998	1.934186169293149e-17	6.598959895275499e-18
8307.249999999998	2.182844106052102e-17	6.75636574839944e-18
8307.499999999998	2.3532911232774313e-17	6.7958036520544366e-18
8307.75	2.742567117192439e-17	6.995569010756912e-18
8307.999999999998	3.28422136046829e-17	7.250918838671419e-18
8308.249999999998	3.210997016539381e-17	7.27211203314564e-18
8308.499999999998	3.0306345853113785e-17	7.261171742364013e-18
8308.75	2.1789790219218868e-17	6.970868570485466e-18
8308.999999999998	1.7818108977825107e-17	7.038071204991111e-18
8309.249999999998	2.1835305005243986e-17	8.632139235248176e-18
8309.499999999998	3.1657227746363935e-17	1.0548682800128427e-17
8309.75	3.4667222190158645e-17	1.3040645459144453e-17
8310.0	2.395412648993734e-17	1.45776669784568e-17
8310.249999999998	2.7114894452704542e-17	1.541246923317389e-17
8310.5	2.270651644180321e-17	1.5169451841011936e-17
8310.749999999998	2.57216625664529e-17	1.4372003408396514e-17
8310.999999999998	2.2026966061894972e-17	1.2413396055006717e-17
8311.249999999998	1.9915145833906266e-17	9.784943631835766e-18
8311.5	2.828764134668017e-17	8.528819413656628e-18
8311.749999999998	2.7621335782740133e-17	7.348129931439263e-18
8311.999999999998	2.5735800737482658e-17	7.151399911994551e-18
8312.249999999998	2.685786131224349e-17	6.953525074582066e-18
8312.5	2.2885323111735124e-17	6.7485832196062345e-18
8312.749999999998	2.0528348056881626e-17	6.634186208841682e-18
8312.999999999998	2.0614229256799332e-17	6.6516612264624774e-18
8313.249999999998	2.2436746374270067e-17	6.7100068245592115e-18
8313.5	2.558523897674698e-17	6.79578214535851e-18
8313.749999999998	2.118901059468283e-17	6.486728856944917e-18
8313.999999999998	1.3879208904106823e-17	6.008865376302114e-18
8314.249999999998	2.247172618801371e-17	6.534024562828861e-18
8314.5	3.161975315589283e-17	7.068757951355604e-18
8314.749999999998	2.4484408819587935e-17	6.743695822956965e-18
8314.999999999998	2.0326919651557613e-17	6.529158672875518e-18
8315.249999999998	2.6242526617648967e-17	6.776596104640649e-18
8315.5	2.809931217353655e-17	6.872463028913095e-18
8315.749999999998	2.342812233841487e-17	6.703182584505649e-18
8315.999999999998	2.4240241646374533e-17	6.7537224927520264e-18
8316.249999999998	2.8659396166296204e-17	6.99979011342277e-18
8316.5	2.547277880938672e-17	7.037580686887867e-18
8316.749999999998	1.8571372730840396e-17	6.976409853408958e-18
8316.999999999998	1.873391868429074e-17	7.187066285646613e-18
8317.25	1.9931709298492028e-17	7.441409434755643e-18
8317.499999999998	1.9852065040392972e-17	7.649958210792512e-18
8317.749999999998	2.0942345336019516e-17	7.800203988534194e-18
8317.999999999998	1.9984051633293158e-17	7.652838453685422e-18
8318.25	1.9544691342213167e-17	7.522451628089913e-18
8318.499999999998	1.8623327945114852e-17	7.402247395834932e-18
8318.749999999998	1.9393752387118166e-17	7.272163318343618e-18
8318.999999999998	2.1643473549386813e-17	7.137551254179189e-18
8319.25	2.4861816591510155e-17	7.10238780633956e-18
8319.499999999998	2.806692308947142e-17	7.127201570354925e-18
8319.749999999998	2.662605221738163e-17	7.038886805075089e-18
8319.999999999998	2.4162058189237246e-17	6.918932381365099e-18
8320.25	2.568476534804936e-17	6.92099826494495e-18
8320.499999999998	2.6624217530782986e-17	6.913487051392662e-18
8320.749999999998	2.3745129382008468e-17	6.757649946300428e-18
8320.999999999998	2.155429520754747e-17	6.6287677622391535e-18
8321.25	2.1781199121376892e-17	6.57001560487135e-18
8321.499999999998	2.2928700463057404e-17	6.6325086865594246e-18
8321.749999999998	2.6138950370067527e-17	6.856981516568552e-18
8321.999999999998	2.912871197607919e-17	7.073670577013556e-18
8322.25	3.1124199177079664e-17	7.283048188024203e-18
8322.499999999998	2.91646976414477e-17	7.159610506754753e-18
8322.749999999998	2.5885773545622197e-17	6.904685436084792e-18
8322.999999999998	2.2408097800934905e-17	6.732614497880898e-18
8323.25	1.9248049485300626e-17	6.584267926825638e-18
8323.499999999998	2.1386794442227933e-17	6.657553647555999e-18
8323.749999999998	2.3355315555259178e-17	6.712012323954346e-18
8324.0	2.5490930460748585e-17	6.713440037691613e-18
8324.249999999998	2.559094155988992e-17	6.683069687911422e-18
8324.499999999998	2.209339197380543e-17	6.581716074635912e-18
8324.749999999998	2.1285071079218612e-17	6.5837418399560546e-18
8325.0	2.4038487331889174e-17	6.6894017555005156e-18
8325.249999999998	2.646944045764574e-17	6.8022829577925645e-18
8325.499999999998	2.8313743858089896e-17	6.919809606404711e-18
8325.749999999998	2.9319717905685035e-17	6.961173186525732e-18
8326.0	2.95453330721201e-17	6.991211423289982e-18
8326.249999999998	2.5789383843202618e-17	6.8146542710339076e-18
8326.499999999998	2.4107024208722868e-17	6.705099989165547e-18
8326.749999999998	2.95570294059816e-17	6.977156797502094e-18
8327.0	3.2774752062645525e-17	7.132424388742585e-18
8327.249999999998	3.1042142860314404e-17	7.040398891234836e-18
8327.499999999998	2.842920172799005e-17	6.921315075119558e-18
8327.749999999998	2.4857897409767878e-17	6.772885372412736e-18
8328.0	2.3837909268234866e-17	6.718953610064585e-18
8328.249999999998	2.474209708709413e-17	6.732090892553152e-18
8328.499999999998	2.3390290405919145e-17	6.617085076857761e-18
8328.749999999998	2.1576422288933264e-17	6.4611081782420054e-18
8329.0	1.4716323955816612e-17	6.203499733664922e-18
8329.249999999998	9.127023197765177e-18	6.001073334931864e-18
8329.499999999998	1.7821943787144903e-17	6.413732235838643e-18
8329.749999999998	2.3623148365797723e-17	6.6875587970957474e-18
8330.0	2.1546668602299732e-17	6.609398501015612e-18
8330.249999999998	2.0406345533974955e-17	6.561508052271242e-18
8330.499999999998	1.9867659049300822e-17	6.560815702098535e-18
8330.749999999998	2.2614906188962963e-17	6.694937661750027e-18
8331.0	2.751677022714608e-17	6.914624011144616e-18
8331.249999999998	2.3571658027027522e-17	6.6421531989114866e-18
8331.499999999998	1.5955958328484506e-17	6.17094355911606e-18
8331.75	2.0042510141543506e-17	6.454599921182438e-18
8331.999999999998	2.483997075153263e-17	6.785470511842424e-18
8332.249999999998	1.8804826260760012e-17	6.5149679758768645e-18
8332.499999999998	1.451800244087335e-17	6.299384855910844e-18
8332.75	1.6836392828873698e-17	6.340354284469983e-18
8332.999999999998	1.9124941849095584e-17	6.432704863958466e-18
8333.249999999998	2.200733706595909e-17	6.6067730297513685e-18
8333.499999999998	2.4187343446201767e-17	6.726384173507149e-18
8333.75	2.4815501094652086e-17	6.799471784480803e-18
8333.999999999998	2.6965353432844755e-17	6.865484933265597e-18
8334.249999999998	2.916252381079791e-17	6.929263867215886e-18
8334.499999999998	3.045803754256621e-17	7.041609056471e-18
8334.75	3.1511233676970776e-17	7.15485008232951e-18
8334.999999999998	2.687157927552207e-17	6.910096438061807e-18
8335.249999999998	2.366656376742818e-17	6.733321737304631e-18
8335.499999999998	2.651882148585393e-17	6.951395911685355e-18
8335.75	2.824173282268348e-17	7.070776272050233e-18
8335.999999999998	2.6747014147077708e-17	6.998134925017051e-18
8336.249999999998	2.714132287327561e-17	7.081461791203193e-18
8336.499999999998	3.099234327871626e-17	7.318569805069068e-18
8336.75	2.6188576243737034e-17	7.200065428972884e-18
8336.999999999998	1.6440221291936325e-17	6.876325135193105e-18
8337.249999999998	2.2830107151485984e-17	7.375932299007783e-18
8337.499999999998	3.3821750959900845e-17	8.03572464280458e-18
8337.75	3.005106798991257e-17	8.034276249552e-18
8337.999999999998	2.823225333286362e-17	7.977094080986821e-18
8338.249999999998	2.8558179037821766e-17	7.791303525143123e-18
8338.5	2.852303709667806e-17	7.612404210982605e-18
8338.749999999998	2.7654336980458548e-17	7.436867386012114e-18
8338.999999999998	2.6619707742083347e-17	7.221116348381746e-18
8339.249999999998	2.381162808581283e-17	6.941435829929604e-18
8339.5	2.553828820517847e-17	6.950533989487075e-18
8339.749999999998	3.03736320328613e-17	7.161474971855447e-18
8339.999999999998	3.092338950285384e-17	7.141600303277636e-18
8340.249999999998	2.964831044093805e-17	7.045405815482619e-18
8340.5	2.2430114040118617e-17	6.7641958400778666e-18
8340.749999999998	1.5960059489961544e-17	6.504076902341685e-18
8340.999999999998	2.0871403017964518e-17	6.8463667213579655e-18
8341.249999999998	2.414662796209068e-17	7.253539346851987e-18
8341.5	2.2711140381427382e-17	7.926330006794442e-18
8341.749999999998	2.657725848740835e-17	9.285975051453979e-18
8341.999999999998	2.99993096446239e-17	1.1422091228394593e-17
8342.249999999998	2.782057877688578e-17	1.2895088141114722e-17
8342.5	2.4838614175328042e-17	1.403025373832023e-17
8342.749999999998	1.8440003214677175e-17	1.5065038486650592e-17
8342.999999999998	1.3103103127162553e-19	1.6241168549331565e-17
8343.249999999998	6.538536005889725e-19	2.3044264212075963e-17
8343.5	-2.1062387440874436e-17	2.943492431267897e-17
8343.749999999998	1.6499277024588936e-17	3.6751578367449366e-17
8343.999999999998	9.51177261121411e-19	4.014704228541624e-17
8344.249999999998	3.742244500528702e-17	4.0867864014807197e-17
8344.5	2.1102915982167085e-17	3.909401820457908e-17
8344.749999999998	7.355195377359446e-17	3.449824904334876e-17
8344.999999999998	6.372702009504482e-17	2.765952174853803e-17
8345.25	3.160785829868432e-17	1.8340902014209646e-17
8345.499999999998	4.019126005224087e-17	1.2573352933139771e-17
8345.749999999998	3.5902060569634956e-17	9.21368112027807e-18
8345.999999999998	3.0588553408337276e-17	8.09518817549918e-18
8346.25	3.1015769033663763e-17	7.529372648275144e-18
8346.499999999998	2.5857535253870862e-17	7.286929319458302e-18
8346.749999999998	2.24232269343385e-17	7.072877310806118e-18
8346.999999999998	2.2716690763337613e-17	7.047278552389439e-18
8347.25	2.1880976955585488e-17	6.959437761600595e-18
8347.499999999998	1.9070639096242702e-17	6.7320478791612994e-18
8347.749999999998	2.1716101661530194e-17	6.846375406754397e-18
8347.999999999998	3.0083754858998215e-17	7.340265925355721e-18
8348.25	3.249202503799735e-17	7.711460743697055e-18
8348.499999999998	2.9028014317029435e-17	8.012686008383753e-18
8348.749999999998	2.874215062349846e-17	8.512017721054451e-18
8348.999999999998	2.989808258998211e-17	9.04585279143596e-18
8349.25	2.443465390574287e-17	9.145454436174083e-18
8349.499999999998	1.8098749852968423e-17	9.179822136264437e-18
8349.749999999998	2.0315757676371823e-17	8.859666843259462e-18
8349.999999999998	2.560728664879397e-17	8.478726182941029e-18
8350.25	2.7334605203927202e-17	7.933464439577712e-18
8350.499999999998	2.4948068368342284e-17	7.495749410736089e-18
8350.749999999998	2.0092056605874207e-17	7.225267140695537e-18
8350.999999999998	2.534873480472827e-17	7.827025319896226e-18
8351.25	2.6859062378492916e-17	8.991774204529081e-18
8351.499999999998	1.6684456293959958e-17	1.2734878972894839e-17
8351.749999999998	-1.9612706681670646e-18	1.6465317951721184e-17
8351.999999999998	1.132821450067595e-17	2.0154703956746523e-17
8352.25	2.828352529595211e-17	2.293972843498396e-17
8352.499999999998	3.410397505873659e-17	2.3363514569490804e-17
8352.749999999998	4.5118258800517025e-17	2.2976633925193627e-17
8353.0	3.919288283139142e-17	2.0005887547103333e-17
8353.249999999998	2.4783246013846193e-17	1.652070761989896e-17
8353.499999999998	1.7980319095946756e-17	1.2208298276485419e-17
8353.749999999998	2.8187516096614304e-17	9.191391084311603e-18
8354.0	3.3715057895771305e-17	8.137678789204803e-18
8354.249999999998	3.1371304495828855e-17	7.540968893282525e-18
8354.499999999998	2.5372923220200545e-17	7.14529531907391e-18
8354.749999999998	2.661595068774113e-17	7.128568072726863e-18
8355.0	2.6684992144748482e-17	7.168144529134462e-18
8355.249999999998	2.4725981954400372e-17	7.134333521596357e-18
8355.499999999998	2.2779556489891643e-17	7.086084076466139e-18
8355.749999999998	2.102959965575406e-17	6.951861614370222e-18
8356.0	2.3260249341819684e-17	7.010555869095147e-18
8356.249999999998	3.2369923253417173e-17	7.420820909309198e-18
8356.499999999998	3.3563885675743564e-17	7.409521622141724e-18
8356.749999999998	2.5707875120002868e-17	6.982957815137928e-18
8357.0	2.0809443881361846e-17	6.736450961561919e-18
8357.249999999998	1.7785580927417072e-17	6.5868408721209845e-18
8357.499999999998	1.9809521487128145e-17	6.704780283858795e-18
8357.749999999998	2.3211799718981228e-17	6.87822061956677e-18
8358.0	2.1215048586004773e-17	6.76906834747611e-18
8358.249999999998	2.0076240912562193e-17	6.692596740616502e-18
8358.499999999998	2.3423771368392842e-17	6.84920312367841e-18
8358.749999999998	2.5773793143017218e-17	6.984794983278408e-18
8359.0	2.5770166783211786e-17	7.0669522160784e-18
8359.25	2.763532506125963e-17	7.282452617983165e-18
8359.499999999998	3.029191651450841e-17	7.64337054439414e-18
8359.75	2.9508748527988103e-17	7.847437655872197e-18
8359.999999999998	2.270219359592201e-17	7.970288038906735e-18
8360.249999999998	2.314958581074989e-17	8.174255888711286e-18
8360.499999999998	2.5306199523269568e-17	8.398579826210154e-18
8360.75	2.869132533794075e-17	8.485045015640322e-18
8360.999999999998	3.269541551573434e-17	8.540699381614115e-18
8361.249999999998	3.2572433610982406e-17	8.332124135797644e-18
8361.499999999998	2.952869350691798e-17	8.091292981994667e-18
8361.75	2.0977851236632742e-17	7.79202482663727e-18
8361.999999999998	1.7829113788694513e-17	7.639866607319365e-18
8362.249999999998	2.0652605474138117e-17	7.690259277416708e-18
8362.499999999998	2.6004849503521656e-17	7.777509461248189e-18
8362.75	3.2755849331287464e-17	7.900725458113476e-18
8362.999999999998	2.98908530314284e-17	8.178340506576072e-18
8363.249999999998	1.8833617109160533e-17	8.509646194238261e-18
8363.499999999998	1.5822631702991984e-17	1.012095515000277e-17
8363.75	1.4246799696519263e-17	1.1623441878741026e-17
8363.999999999998	3.42983856637437e-17	1.3361795850426328e-17
8364.249999999998	4.010232821022407e-17	1.4397260541220208e-17
8364.499999999998	2.0450907407934412e-17	1.3829428347662769e-17
8364.75	1.0750408990472959e-17	1.3026214466177853e-17
8364.999999999998	2.294674954402331e-17	1.1800531321721279e-17
8365.249999999998	3.058614796711597e-17	1.0504777707575337e-17
8365.499999999998	3.1886995359474014e-17	9.064515640416382e-18
8365.75	2.4793139093972327e-17	8.137462067884314e-18
8365.999999999998	1.508904657674933e-17	7.420793612348984e-18
8366.249999999998	1.8209272763334083e-17	7.450826058848947e-18
8366.5	2.7131037709539127e-17	7.567842337023148e-18
8366.749999999998	1.9283972284942578e-17	7.123660410152586e-18
8366.999999999998	1.359638840804943e-17	6.75736539616971e-18
8367.249999999998	1.6213292562688528e-17	6.758987910941233e-18
8367.5	1.7834966918708938e-17	6.738655397894373e-18
8367.749999999998	1.8765834621045487e-17	6.682275594523371e-18
8367.999999999998	1.9935719470101685e-17	6.693583153496971e-18
8368.249999999998	2.0395633545042393e-17	6.769190770206768e-18
8368.5	1.9532427562451456e-17	6.703826131022215e-18
8368.749999999998	1.8081966358339722e-17	6.571490881493838e-18
8368.999999999998	2.10458322480948e-17	6.674059623089188e-18
8369.249999999998	2.507553524637548e-17	6.81428741643224e-18
8369.5	2.1495601780003158e-17	6.701232506211555e-18
8369.749999999998	1.9648454532613044e-17	6.6540799025735824e-18
8369.999999999998	2.5543914687705057e-17	6.9219371149401976e-18
8370.249999999998	2.934008970981099e-17	7.094769472897946e-18
8370.5	2.945264913884476e-17	7.084617485240083e-18
8370.749999999998	2.745719667943001e-17	7.007499436731764e-18
8370.999999999998	2.2852765282825036e-17	6.853820859447987e-18
8371.249999999998	2.4000332798954553e-17	6.915177394974414e-18
8371.5	2.8189408685855825e-17	7.083581855113166e-18
8371.749999999998	2.752419665468558e-17	7.03509666350837e-18
8371.999999999998	2.587476542603034e-17	6.939783950246335e-18
8372.249999999998	2.658190393372845e-17	7.02857765310084e-18
8372.5	2.6703390295932887e-17	7.090784116706666e-18
8372.749999999998	2.441411501113318e-17	6.943301122210911e-18
8372.999999999998	2.3897242933573294e-17	6.896074485908115e-18
8373.249999999998	2.6176084162126258e-17	7.089594630985814e-18
8373.5	2.566228919644507e-17	7.057547172513672e-18
8373.749999999998	2.1352600450066216e-17	6.756692484741398e-18
8373.999999999998	2.2115390015015666e-17	6.766987161054927e-18
8374.25	2.569580324614327e-17	6.962502465770104e-18
8374.499999999998	2.3497294489959005e-17	6.8622692686342975e-18
8374.749999999998	1.9381627573699364e-17	6.675783467485749e-18
8374.999999999998	2.216995581130334e-17	6.826697607162373e-18
8375.25	2.374515585178807e-17	6.973602402409953e-18
8375.499999999998	2.116069951103759e-17	6.965134554479248e-18
8375.749999999998	1.9802429240556115e-17	6.966268619099058e-18
8375.999999999998	1.98279560342595e-17	6.961476761810539e-18
8376.25	2.1303814991899064e-17	6.944742898018591e-18
8376.499999999998	2.530835184722343e-17	6.918589928591502e-18
8376.749999999998	2.6093491832324063e-17	6.920126002989013e-18
8376.999999999998	2.3691976410207035e-17	6.947625622453338e-18
8377.25	2.5999500953680888e-17	7.019027852928915e-18
8377.499999999998	2.889972191274491e-17	7.1036095521043e-18
8377.749999999998	2.870428229505578e-17	7.038188664638094e-18
8377.999999999998	2.854752495153208e-17	6.966438191124632e-18
8378.25	2.9119265573483835e-17	7.0375169939807e-18
8378.499999999998	2.876571865351132e-17	7.222736795201737e-18
8378.749999999998	3.0743107142709134e-17	7.71333182624265e-18
8378.999999999998	3.5311761323459964e-17	8.171215999960153e-18
8379.25	3.634685543733942e-17	8.59271911597635e-18
8379.499999999998	3.065572709152148e-17	8.794039160640118e-18
8379.749999999998	2.212418129056588e-17	8.855401072840526e-18
8379.999999999998	1.8332353929759524e-17	8.791203585500286e-18
8380.25	1.848337229419333e-17	8.676904595638321e-18
8380.5	2.4758422323663476e-17	8.788682338993224e-18
8380.749999999998	2.3092417704255125e-17	9.114418619591094e-18
8381.0	2.4819771000974084e-17	1.1534524925975251e-17
8381.249999999998	2.7656103838246962e-17	1.3910332401834743e-17
8381.499999999998	2.2213844360244177e-17	1.6681374218997585e-17
8381.749999999998	7.003651392522167e-18	1.8342710231028687e-17
8382.0	-5.198430621659916e-18	1.8888996851170958e-17
8382.249999999998	2.6626664744625224e-18	1.8302459622421857e-17
8382.499999999998	2.3123920050703594e-17	1.6777641498686506e-17
8382.749999999998	2.6708300440049e-17	1.4116771867309602e-17
8383.0	1.556496328782049e-17	1.0303995330309728e-17
8383.249999999998	2.6162553141666115e-17	8.800943637213098e-18
8383.499999999998	3.127103697069763e-17	7.666343004365963e-18
8383.749999999998	2.4860319394601434e-17	7.285542137571051e-18
8384.0	2.246244687590209e-17	6.958398822751229e-18
8384.249999999998	2.0618060757396677e-17	6.8361837144271315e-18
8384.499999999998	2.1615581019131525e-17	6.861246459806876e-18
8384.749999999998	2.8662350855444244e-17	7.1542958713191e-18
8385.0	2.82031001793548e-17	7.137423041184243e-18
8385.249999999998	2.0803069627561513e-17	6.841514893475036e-18
8385.499999999998	1.7352012554986177e-17	6.617903572073882e-18
8385.749999999998	1.500574287162034e-17	6.4244657314671314e-18
8386.0	2.0500217298609923e-17	6.7835878487682535e-18
8386.249999999998	2.730290102540927e-17	7.204124404238681e-18
8386.499999999998	2.800774658844938e-17	7.25760990264636e-18
8386.749999999998	2.784033846735845e-17	7.274528227714907e-18
8387.0	2.5899046485731223e-17	7.131151357779866e-18
8387.249999999998	2.2623151525308892e-17	6.93938028610741e-18
8387.499999999998	1.599859783470039e-17	6.6297624469257485e-18
8387.75	1.405880801306556e-17	6.511220847701999e-18
8387.999999999998	1.65802199562497e-17	6.568958468048507e-18
8388.249999999998	2.0615185477587443e-17	6.6594437552556825e-18
8388.499999999998	2.42837761620132e-17	6.771645015084213e-18
8388.75	2.7521968230115363e-17	7.029115320499e-18
8388.999999999998	3.028447188899543e-17	7.304526759809755e-18
8389.249999999998	2.792443626587549e-17	7.338906867609297e-18
8389.499999999998	2.5776360711638583e-17	7.340444596368033e-18
8389.75	2.0801200199377143e-17	7.188297957578704e-18
8389.999999999998	2.0740197283562582e-17	7.245844085613406e-18
8390.249999999998	3.141828835462187e-17	7.738914041047077e-18
8390.499999999998	3.146326051016515e-17	7.789874984225244e-18
8390.75	2.06242695750745e-17	7.391361698973735e-18
8390.999999999998	2.19373244989126e-17	7.42206581613109e-18
8391.249999999998	3.0298567046633336e-17	7.693055147887138e-18
8391.499999999998	2.01414839561967e-17	7.13192394447199e-18
8391.75	5.665897682773846e-18	6.291158544719004e-18
8391.999999999998	1.8492603629829422e-17	6.665152542253217e-18
8392.249999999998	2.909146568745715e-17	6.993601148079648e-18
8392.499999999998	2.6922503822753283e-17	6.968324162921253e-18
8392.75	2.6544970319377956e-17	6.983712203856577e-18
8392.999999999998	2.944315310541265e-17	7.087214832363499e-18
8393.249999999998	2.8061966623241005e-17	6.989948318494614e-18
8393.499999999998	2.267375016337876e-17	6.653458276343249e-18
8393.75	2.3669930392521272e-17	6.682036125736037e-18
8393.999999999998	2.820630633140906e-17	6.922335402405142e-18
8394.249999999998	3.126092882361223e-17	7.144593042733853e-18
8394.499999999998	3.445501065836939e-17	7.354771364577451e-18
8394.749999999998	3.0455029913858966e-17	7.167893893408859e-18
8394.999999999998	2.684023574775121e-17	7.005005487184917e-18
8395.249999999998	3.0340690392146986e-17	7.205633181675978e-18
8395.5	3.162301886495119e-17	7.260154310210573e-18
8395.749999999998	2.643903660705074e-17	6.947857233024853e-18
8395.999999999998	2.4507659212245576e-17	6.8634988726148576e-18
8396.249999999998	2.5467582460778663e-17	7.06683889233448e-18
8396.5	2.4517193295985862e-17	6.977380963448096e-18
8396.749999999998	2.1415375186752865e-17	6.6952722563078044e-18
8396.999999999998	2.5549322794549928e-17	7.079641993855576e-18
8397.249999999998	2.128887445567513e-17	7.653955147512368e-18
8397.5	2.8296439239675286e-17	1.112305468360871e-17
8397.749999999998	-1.832574186153308e-18	1.5511572088002643e-17
8397.999999999998	1.7048126250268896e-17	2.4470240870056127e-17
8398.249999999998	3.075634534123243e-17	3.083836526205074e-17
8398.5	3.7546919143864e-17	3.479939903459972e-17
8398.749999999998	3.192250787753214e-17	3.6176280868863636e-17
8398.999999999998	8.485338664757778e-18	3.5348594021775726e-17
8399.249999999998	3.7974551668219217e-17	3.166561866649767e-17
8399.5	3.485135259451295e-17	2.53999174323106e-17
8399.749999999998	3.095265184420352e-17	1.9225417823741175e-17
8399.999999999998	5.059159462695281e-18	1.1733572705496336e-17
8400.249999999998	2.5251064626720458e-17	9.680964547296013e-18
8400.5	2.981957653240593e-17	8.245253627867325e-18
8400.749999999998	2.608480478153103e-17	7.564885993513884e-18
8400.999999999998	1.981797030990476e-17	7.078549288266394e-18
8401.249999999998	2.7160258691858175e-17	7.205485116346331e-18
8401.5	2.9759437193150874e-17	7.220350379134522e-18
8401.749999999998	2.6447627704892716e-17	7.072620057635614e-18
8401.999999999998	2.3186373841312573e-17	6.950385924157428e-18
8402.25	1.967309955178345e-17	6.850151072660396e-18
8402.499999999998	2.3383712665688124e-17	7.042346901577398e-18
8402.749999999998	3.0289014764919573e-17	7.321142336774108e-18
8402.999999999998	2.5839817045149976e-17	7.077091796027075e-18
8403.25	2.0417098881938144e-17	6.802481067549271e-18
8403.499999999998	2.3357087376131267e-17	6.977720934679855e-18
8403.749999999998	2.700254678190759e-17	7.138608391002031e-18
8403.999999999998	3.3109366472757926e-17	7.287745746722892e-18
8404.25	3.245346849528503e-17	7.176799319883605e-18
8404.499999999998	2.020210140584581e-17	6.630913882338422e-18
8404.749999999998	1.8527178125072913e-17	6.590367556662604e-18
8404.999999999998	2.5258322309414998e-17	6.950666338385083e-18
8405.25	2.594001508710975e-17	7.011879358075232e-18
8405.499999999998	2.447417824977188e-17	6.964472809989206e-18
8405.749999999998	2.6989426043031273e-17	6.971046414317165e-18
8405.999999999998	2.932168990426536e-17	6.974331148529613e-18
8406.25	2.3302882230590667e-17	6.753094662667099e-18
8406.499999999998	1.7559087295171477e-17	6.524452015190091e-18
8406.749999999998	1.2629430815587191e-17	6.290782591130599e-18
8406.999999999998	1.4650698754739105e-17	6.3191064960753335e-18
8407.25	2.6225609119761033e-17	6.7544136021538145e-18
8407.499999999998	2.816907989512172e-17	6.835701881720319e-18
8407.749999999998	2.2533162546469248e-17	6.639825099077456e-18
8407.999999999998	2.468960916850519e-17	6.719260080481536e-18
8408.25	2.944181969026521e-17	6.906949429421349e-18
8408.499999999998	2.750883921943292e-17	6.8880318088122615e-18
8408.749999999998	2.471754471215233e-17	6.844007188660658e-18
8409.0	2.4553403954480983e-17	6.9221104092785274e-18
8409.249999999998	2.4155076784867298e-17	6.951539841111939e-18
8409.499999999998	2.216379993318472e-17	6.784494852309918e-18
8409.749999999998	2.1009514056120047e-17	6.690752541440815e-18
8410.0	2.196681183338889e-17	6.715368195699474e-18
8410.249999999998	2.0573282162116732e-17	6.59314274761772e-18
8410.499999999998	1.6246151485341584e-17	6.337720127809308e-18
8410.749999999998	2.000639212727699e-17	6.541259498056556e-18
8411.0	2.7154566034882585e-17	6.9172912550297935e-18
8411.249999999998	2.4746625073767245e-17	6.835451245994716e-18
8411.499999999998	2.078166219330864e-17	6.693826344597062e-18
8411.749999999998	2.21888320728818e-17	6.73106477500328e-18
8412.0	2.3048444782891806e-17	6.741718447702657e-18
8412.249999999998	2.1189038718823656e-17	6.648292533417855e-18
8412.499999999998	2.1794807896814614e-17	6.6661100038122474e-18
8412.749999999998	2.57832345825289e-17	6.874356031744922e-18
8413.0	2.908081821861237e-17	7.140258616324075e-18
8413.249999999998	3.007988696245392e-17	7.449881418589411e-18
8413.499999999998	3.298856501610068e-17	8.466903290445809e-18
8413.749999999998	2.062659891567945e-17	9.811463042274216e-18
8414.0	2.2152138340908947e-17	1.4139757562171226e-17
8414.249999999998	3.268952268105051e-17	1.7851058890345544e-17
8414.499999999998	2.822227422595378e-17	2.0405946832919704e-17
8414.749999999998	3.149695984832056e-17	2.196003391544963e-17
8415.0	5.161080521871003e-18	2.1318467669269828e-17
8415.249999999998	1.0085550992604887e-17	1.986046919541651e-17
8415.499999999998	1.8901379744940877e-17	1.6592485390372637e-17
8415.75	2.203662091400469e-17	1.3169283624925025e-17
8415.999999999998	2.4559172712072928e-17	9.591114534799278e-18
8416.249999999998	2.2993076621409956e-17	7.874673404721118e-18
8416.499999999998	2.4889252518067313e-17	7.339634786548343e-18
8416.75	1.761617102924376e-17	6.990707670296937e-18
8416.999999999998	1.546325315970097e-17	6.682653616063308e-18
8417.249999999998	2.1999817994190982e-17	6.930495952738284e-18
8417.499999999998	2.6878749277071678e-17	7.13426321124429e-18
8417.75	3.013076849629328e-17	7.166281718394993e-18
8417.999999999998	3.10085295489427e-17	7.132235791562923e-18
8418.249999999998	2.6812123187452982e-17	6.979661500396904e-18
8418.499999999998	2.4523747875159732e-17	6.909686570068287e-18
8418.75	2.299596513610899e-17	6.917761920798336e-18
8418.999999999998	2.8504028486201594e-17	7.206841692550918e-18
8419.249999999998	3.7739447085796945e-17	7.608380804483147e-18
8419.499999999998	3.3029457516862854e-17	7.402866126933122e-18
8419.75	2.594613291492019e-17	7.07841528500716e-18
8419.999999999998	1.975416490617487e-17	6.778459328970425e-18
8420.249999999998	1.6852139039014257e-17	6.611823794571617e-18
8420.499999999998	2.701536477267971e-17	7.102583848144734e-18
8420.75	3.011050257128573e-17	7.194288399574813e-18
8420.999999999998	1.989148846838725e-17	6.544820510593597e-18
8421.249999999998	1.7700197690228123e-17	6.4348282365908895e-18
8421.499999999998	2.3064847774438732e-17	6.863844634110905e-18
8421.75	2.5536843947828953e-17	7.024153891184907e-18
8421.999999999998	2.616323804721331e-17	7.064633628821414e-18
8422.249999999998	2.6598191119989618e-17	7.234954252849145e-18
8422.499999999998	2.6263919162650814e-17	7.42304106207329e-18
8422.75	1.8542666254862356e-17	7.169610293179906e-18
8422.999999999998	1.3053495709960464e-17	6.984608040459971e-18
8423.249999999998	1.810057295903849e-17	7.243427891044138e-18
8423.5	2.1001190964796538e-17	7.386053680982982e-18
8423.749999999998	1.9243804394397003e-17	7.336371559031822e-18
8423.999999999998	1.79299255986688e-17	7.252410245315852e-18
8424.249999999998	1.7559184902483758e-17	7.135644602867254e-18
8424.5	2.1421939692094086e-17	7.151575274284413e-18
8424.749999999998	2.743333086439663e-17	7.226303598003066e-18
8424.999999999998	2.7478762932360493e-17	7.293990960347667e-18
8425.249999999998	2.4756643885346487e-17	7.364353424793266e-18
8425.5	1.9654018149413076e-17	7.114080004297996e-18
8425.749999999998	1.6007046657477006e-17	6.950854935564745e-18
8425.999999999998	1.7899687184196312e-17	7.204348570184683e-18
8426.249999999998	1.7202751122173434e-17	7.418043236812245e-18
8426.5	1.4350526490972187e-17	7.556524024701585e-18
8426.749999999998	1.313400519898025e-17	7.623400750045885e-18
8426.999999999998	1.430105281853539e-17	7.626853401922681e-18
8427.249999999998	1.4996695170080236e-17	7.671832174910865e-18
8427.5	1.6645462999884208e-17	7.73917708448187e-18
8427.749999999998	2.1925411443730612e-17	7.765932241394897e-18
8427.999999999998	2.6519461723648046e-17	7.788891466476919e-18
8428.249999999998	3.130363119555467e-17	8.676424003702428e-18
8428.5	5.729554607583783e-18	1.118018887569836e-17
8428.749999999998	2.6336658116996277e-17	1.765044939382796e-17
8428.999999999998	7.636163319716965e-18	2.540114827706208e-17
8429.249999999998	-8.165525824526401e-18	3.272151140969916e-17
8429.5	-1.610255954844728e-19	3.6938597286502705e-17
8429.749999999998	2.396456550926776e-17	3.85390131007805e-17
8429.999999999998	3.026856686017726e-17	3.6738277303199513e-17
8430.25	6.335148009694574e-17	3.4508575566115875e-17
8430.499999999998	8.537214635129551e-17	2.800868295690279e-17
8430.749999999998	6.896148104982632e-18	1.8600965944435093e-17
8430.999999999998	4.1759971688000737e-17	1.4474601928493916e-17
8431.25	2.11741097631283e-17	9.822315651910912e-18
8431.499999999998	3.794154054433345e-17	8.909718714944434e-18
8431.749999999998	3.274547648640605e-17	8.286959247171636e-18
8431.999999999998	2.635151428079773e-17	7.763731113784893e-18
8432.25	2.024358285920412e-17	7.425752560121239e-18
8432.499999999998	2.1659340527896805e-17	7.264059429882436e-18
8432.749999999998	2.5440237524088885e-17	7.318854355199786e-18
8432.999999999998	2.635466749329278e-17	7.48125058895926e-18
8433.25	2.1688496990128074e-17	7.595725768291698e-18
8433.499999999998	2.030814596037511e-17	7.703094638981694e-18
8433.749999999998	1.9960101445837298e-17	7.974806926593112e-18
8433.999999999998	2.215577131815928e-17	8.210409471744141e-18
8434.25	2.5645876278730793e-17	8.313477830429473e-18
8434.499999999998	2.746984592535717e-17	8.204579502786867e-18
8434.749999999998	2.3252349766969802e-17	7.655870070630429e-18
8434.999999999998	2.2737340500149387e-17	7.236096589275081e-18
8435.25	1.9866325634153386e-17	6.972366594574799e-18
8435.499999999998	2.3650592564161007e-17	7.104354014655598e-18
8435.749999999998	3.163841765923448e-17	7.421654707366651e-18
8435.999999999998	2.9417371540080595e-17	7.288385984517008e-18
8436.25	2.4987117910699687e-17	7.061452292185535e-18
8436.499999999998	2.4993396211548965e-17	7.002863089398404e-18
8436.749999999998	2.52567804447532e-17	6.955915626552345e-18
8437.0	2.542619696037141e-17	6.969764284367707e-18
8437.249999999998	2.484994985844247e-17	6.945184612465694e-18
8437.499999999998	2.2041625356710637e-17	6.856590260138815e-18
8437.749999999998	2.333703651808298e-17	6.863854973868562e-18
8438.0	2.850490198892845e-17	6.967154529535103e-18
8438.249999999998	2.7695581860161668e-17	6.929001650961707e-18
8438.499999999998	2.416930429140321e-17	6.816036489837484e-18
8438.749999999998	2.4843913094332057e-17	6.891240442408355e-18
8439.0	2.6525549772956436e-17	6.993231398345837e-18
8439.249999999998	2.0450561646438364e-17	6.764450198116227e-18
8439.499999999998	1.682138611820076e-17	6.660366888819292e-18
8439.749999999998	2.758829984343599e-17	7.176520560017174e-18
8440.0	3.355044233642835e-17	7.444260726327113e-18
8440.249999999998	3.092912021013761e-17	7.286989703643019e-18
8440.499999999998	2.8912602769243587e-17	7.180688723123829e-18
8440.749999999998	2.6669677722887675e-17	7.125943428643232e-18
8441.0	2.865576980649077e-17	7.204465202651053e-18
8441.249999999998	3.26581758445572e-17	7.339939189013763e-18
8441.499999999998	3.157006276213555e-17	7.272992980498009e-18
8441.749999999998	2.944431115827022e-17	7.166581157776737e-18
8442.0	2.136692556391441e-17	6.76347453858372e-18
8442.249999999998	1.6012056063266627e-17	6.500267735620878e-18
8442.499999999998	2.5346359142009017e-17	6.954899021579517e-18
8442.749999999998	3.1578913594689864e-17	7.22465254550041e-18
8443.0	3.0659495726392274e-17	7.188636274449238e-18
8443.249999999998	2.7058043983564997e-17	6.991396711747194e-18
8443.499999999998	2.073929234797245e-17	6.638001165826777e-18
8443.749999999998	2.1120561398994066e-17	6.651712511660456e-18
8444.0	2.524265054552957e-17	6.833949913182932e-18
8444.249999999998	2.2353199478040986e-17	6.718028822139751e-18
8444.499999999998	1.8050429270305525e-17	6.554295864510392e-18
8444.75	2.0566482737481546e-17	6.77152093799233e-18
8444.999999999998	2.0122735080432574e-17	6.9332355749270594e-18
8445.249999999998	1.3338784512965716e-17	6.8798667089857506e-18
8445.499999999998	1.1242355634634783e-17	7.075008128064054e-18
8445.75	2.0789975358464798e-17	7.678572869722559e-18
8445.999999999998	2.192552063157147e-17	7.801102306679427e-18
8446.249999999998	1.4919054343424784e-17	7.511555177880752e-18
8446.499999999998	1.8026750398090582e-17	7.499882832257016e-18
8446.75	2.68517931152698e-17	7.616430926204513e-18
8446.999999999998	2.795414197603349e-17	7.428435934028361e-18
8447.249999999998	2.6163443188005222e-17	7.18507939781526e-18
8447.499999999998	2.6836255354643604e-17	7.101166060574819e-18
8447.75	2.555014666644003e-17	6.994398550190149e-18
8447.999999999998	2.1613119329628567e-17	6.790812444238292e-18
8448.249999999998	1.987877470237231e-17	6.729552275253227e-18
8448.499999999998	2.3819645120309695e-17	6.906858025963662e-18
8448.75	2.2800833229607732e-17	6.843562992671717e-18
8448.999999999998	1.7004556993044503e-17	6.556107390051883e-18
8449.249999999998	1.9187250055916753e-17	6.626471508858706e-18
8449.499999999998	2.4234406714333584e-17	6.8488780416976765e-18
8449.75	2.5717175938810414e-17	7.031136122735467e-18
8449.999999999998	2.6223648701709282e-17	7.21419367383529e-18
8450.249999999998	3.3575141949519186e-17	7.731605073154559e-18
8450.499999999998	3.368516027971119e-17	8.3815490045783e-18
8450.75	1.716742720129497e-17	9.50299994722768e-18
8450.999999999998	-7.059702805189986e-18	1.2284439424690313e-17
8451.249999999998	5.170307721604032e-18	1.6354020800302174e-17
8451.5	2.049604334523898e-17	1.8956332661755225e-17
8451.749999999998	4.288241276584334e-17	2.057052434195448e-17
8451.999999999998	3.1660331328022234e-17	2.0201136913251575e-17
8452.249999999998	3.6372822291128685e-17	1.910973496071441e-17
8452.5	4.038077374802167e-17	1.6192442648168516e-17
8452.749999999998	2.3773273375169972e-17	1.2385065119026776e-17
8452.999999999998	2.4922225591644902e-17	1.0183044153961612e-17
8453.249999999998	1.1070091136167553e-17	8.072175183677342e-18
8453.5	2.4004422379903015e-17	7.760853352433821e-18
8453.749999999998	2.2489646228804058e-17	7.481860221070711e-18
8453.999999999998	1.9990164498019925e-17	7.196047812737714e-18
8454.249999999998	2.1430482813460534e-17	7.115759180941479e-18
8454.5	2.6515171964991346e-17	7.200632047692483e-18
8454.749999999998	2.714745559033708e-17	7.121437775846656e-18
8454.999999999998	2.5768585213880584e-17	6.973379063644564e-18
8455.249999999998	2.7082454083441437e-17	7.002097947331793e-18
8455.5	2.81383319373919e-17	7.05264116430062e-18
8455.749999999998	2.898881257343932e-17	7.190544580122398e-18
8455.999999999998	2.8707455359885535e-17	7.264544984902005e-18
8456.249999999998	2.43602275029478e-17	7.129600394131329e-18
8456.5	2.4667462234784695e-17	7.121683448488584e-18
8456.749999999998	2.9997182136088415e-17	7.314369381918524e-18
8456.999999999998	2.962784599258349e-17	7.244515633549646e-18
8457.249999999998	2.4445829115818462e-17	6.967838607901684e-18
8457.5	1.771892671365755e-17	6.585904917257881e-18
8457.749999999998	1.006153049479696e-17	6.1463750541523165e-18
8457.999999999998	2.0455081361305354e-17	6.688133687621472e-18
8458.25	3.198282588779951e-17	7.221311563006308e-18
8458.499999999998	2.659626048043992e-17	6.977816887630911e-18
8458.749999999998	2.2637881957657236e-17	6.809073283441012e-18
8458.999999999998	2.5074519468583265e-17	6.8881947633929345e-18
8459.25	2.7534897063089567e-17	7.004172516308076e-18
8459.499999999998	2.9391288881005573e-17	7.174685873418532e-18
8459.749999999998	2.8245068014913293e-17	7.248430679388859e-18
8459.999999999998	2.5758566402301342e-17	7.240737072511503e-18
8460.25	2.3675158173992607e-17	7.192860685837547e-18
8460.499999999998	2.2282664132847364e-17	7.136766259777876e-18
8460.749999999998	2.2746017624775068e-17	7.158107519581744e-18
8460.999999999998	2.3491499262587458e-17	7.190575185805063e-18
8461.25	2.3928108350950098e-17	7.226312696989804e-18
8461.499999999998	2.444519053238557e-17	7.245474335879595e-18
8461.749999999998	2.487513750809471e-17	7.221015432347014e-18
8461.999999999998	2.667022366209196e-17	7.273944238202445e-18
8462.25	3.0327101469043965e-17	7.435774680422932e-18
8462.499999999998	3.1419181709683425e-17	7.431180519300812e-18
8462.749999999998	3.098421043893364e-17	7.306301062223682e-18
8462.999999999998	2.815062715001689e-17	7.319632732156199e-18
8463.25	2.127117775365017e-17	7.373822988445773e-18
8463.499999999998	2.492564019321352e-17	8.58486255451832e-18
8463.749999999998	-1.1684263642001438e-17	1.0768496121747043e-17
8463.999999999998	1.5402066609790423e-17	1.7197131257091748e-17
8464.25	-1.0488846208977566e-17	2.2696762328019986e-17
8464.499999999998	-1.4906324033797593e-17	2.779952537593508e-17
8464.749999999998	1.9494273029516835e-18	3.096676023673122e-17
8464.999999999998	3.320079640022464e-17	3.21659603666963e-17
8465.249999999998	1.346388565444701e-17	3.0007449101851423e-17
8465.499999999998	-1.8269190418184974e-17	2.6523314730941318e-17
8465.749999999998	1.491329882072264e-17	2.143424648524765e-17
8466.0	-1.4134187327926294e-17	1.4475086656332873e-17
8466.249999999998	2.470543644234578e-17	1.1549410868278755e-17
8466.499999999998	1.9154865934935302e-17	8.570258680803697e-18
8466.749999999998	3.0531901462544744e-17	7.997384821412747e-18
8467.0	2.4851556243192047e-17	7.59442709472999e-18
8467.249999999998	2.768994876019018e-17	7.410901359403462e-18
8467.499999999998	2.6981093025540414e-17	7.240679169868625e-18
8467.749999999998	2.4322827358731827e-17	7.088712856452833e-18
8468.0	2.6558853718779046e-17	7.178138525295328e-18
8468.249999999998	3.2424702462302885e-17	7.405067254543126e-18
8468.499999999998	3.1933168581266724e-17	7.283642930884629e-18
8468.749999999998	2.932417806354792e-17	7.067311212464248e-18
8469.0	3.06973408937778e-17	7.143555758245711e-18
8469.249999999998	3.135924420249783e-17	7.195008873888347e-18
8469.499999999998	2.6690501167628085e-17	7.036401127334367e-18
8469.749999999998	2.4090890878055633e-17	6.91390270965047e-18
8470.0	2.3858486213152735e-17	6.88596592523241e-18
8470.249999999998	2.359792432019853e-17	6.889780882217505e-18
8470.499999999998	2.4242519701781504e-17	6.928557868563072e-18
8470.749999999998	2.2515297099599327e-17	6.835146016348684e-18
8471.0	2.029075366081557e-17	6.66926652502975e-18
8471.249999999998	2.211607161184041e-17	6.724191731293577e-18
8471.499999999998	2.4113198284814963e-17	6.826979675751254e-18
8471.749999999998	2.690282354161942e-17	6.980875801536132e-18
8472.0	2.769849849900153e-17	7.047697105779391e-18
8472.249999999998	1.9055466949447255e-17	6.683990339933194e-18
8472.499999999998	1.418726419911137e-17	6.436889157087065e-18
8472.75	1.5132114562522517e-17	6.482831181898567e-18
8472.999999999998	1.9344882556528533e-17	6.77078226570532e-18
8473.249999999998	2.4796884567785967e-17	7.271358471607604e-18
8473.499999999998	2.588590093143653e-17	7.728896056648448e-18
8473.75	2.7350589642084176e-17	8.149945050508352e-18
8473.999999999998	3.178629439170181e-17	8.632062307451209e-18
8474.249999999998	4.112935896749236e-17	9.086749428101195e-18
8474.499999999998	3.4439760756596363e-17	8.694176954009041e-18
8474.75	2.891219910510466e-17	8.257059149569681e-18
8474.999999999998	2.034457003146827e-17	7.638312334948378e-18
8475.249999999998	1.774812288055822e-17	7.120618867040228e-18
8475.499999999998	1.8234561329021054e-17	6.863245755347416e-18
8475.75	1.8958567703770343e-17	6.780305596097643e-18
8475.999999999998	2.0495355130969336e-17	6.859942823161492e-18
8476.249999999998	2.107240294373123e-17	6.848313904519915e-18
8476.499999999998	2.1696436269647358e-17	6.796016651062169e-18
8476.75	2.506616494439648e-17	6.8834024925141085e-18
8476.999999999998	2.858539658869721e-17	6.983145585136978e-18
8477.249999999998	2.886519539397695e-17	7.042674465099969e-18
8477.499999999998	2.9038297826404694e-17	7.090131471203361e-18
8477.75	2.857997028387886e-17	7.073678021639069e-18
8477.999999999998	2.863998720040326e-17	7.055970566266146e-18
8478.249999999998	2.826111531879682e-17	7.031672135772401e-18
8478.499999999998	2.789836353296782e-17	7.006439818367084e-18
8478.75	2.7388944352727035e-17	6.97912548735997e-18
8478.999999999998	2.6133477743134876e-17	6.919020062510029e-18
8479.249999999998	2.4926574907305706e-17	6.843545208288547e-18
8479.5	3.109898009456415e-17	7.054292216803276e-18
8479.749999999998	3.704275917795783e-17	7.270069724213246e-18
8479.999999999998	3.1347091264938203e-17	7.139147712761416e-18
8480.249999999998	2.6523870596312953e-17	7.010667538477842e-18
8480.5	2.509853583048813e-17	6.901212518282988e-18
8480.749999999998	2.30167554936249e-17	6.755887224415078e-18
8480.999999999998	1.958139169163092e-17	6.5596080184042074e-18
8481.249999999998	1.9794430404032727e-17	6.577468915780759e-18
8481.5	2.3393640487399985e-17	6.7595111026786725e-18
8481.749999999998	2.332073609693201e-17	6.770413756742428e-18
8481.999999999998	2.1922072942778348e-17	6.720588532545296e-18
8482.249999999998	2.1664861131304984e-17	6.7207328755621866e-18
8482.5	2.1435287078458242e-17	6.731069324496649e-18
8482.749999999998	2.3086703540583608e-17	6.8196305895990266e-18
8482.999999999998	2.4158253158419502e-17	6.861718366346337e-18
8483.249999999998	2.3052074451419688e-17	6.7758640497985396e-18
8483.5	2.1712496808420688e-17	6.705691009713216e-18
8483.749999999998	1.9530865845454956e-17	6.6446268825333264e-18
8483.999999999998	2.3120657650367685e-17	6.787460708396227e-18
8484.249999999998	3.1092683595741394e-17	7.05722870797784e-18
8484.5	2.8526488094193634e-17	7.031977365418433e-18
8484.749999999998	2.261242630148653e-17	6.9153482077709064e-18
8484.999999999998	2.950467879937434e-17	7.248934432381904e-18
8485.249999999998	3.5301606854260263e-17	7.514230279981749e-18
8485.5	2.587763243403345e-17	7.04198790519155e-18
8485.749999999998	2.0261102544577994e-17	6.730850121634323e-18
8485.999999999998	2.470170420342194e-17	6.9198460023516635e-18
8486.249999999998	2.5451091788086806e-17	6.877763188688028e-18
8486.499999999998	2.0910184553803454e-17	6.536515203653258e-18
8486.749999999998	2.426337788810764e-17	6.748054237604507e-18
8486.999999999998	3.296627084423115e-17	7.275046869958978e-18
8487.25	3.2641509809575484e-17	7.262347166014451e-18
8487.499999999998	2.964858506490142e-17	7.111799467349188e-18
8487.749999999998	2.0655852985223e-17	6.673060388909224e-18
8487.999999999998	1.387003547111361e-17	6.303005839042295e-18
8488.25	2.0530172817312918e-17	6.61678191516326e-18
8488.499999999998	2.495425898804663e-17	6.847186870935312e-18
8488.749999999998	2.584044735677674e-17	6.9101923910128634e-18
8488.999999999998	2.5646165791945187e-17	6.907197170014809e-18
8489.25	2.3004319660295777e-17	6.8243508957645604e-18
8489.499999999998	2.252789836905096e-17	6.819491623256118e-18
8489.749999999998	2.3676802609050363e-17	6.853305939516673e-18
8489.999999999998	2.6806713426246885e-17	7.020022951205817e-18
8490.25	2.980341011451419e-17	7.208675551968948e-18
8490.499999999998	2.8471464039846607e-17	7.141031203016199e-18
8490.749999999998	2.6497337950984702e-17	7.021946146130003e-18
8490.999999999998	2.0618653018715265e-17	6.663688018978692e-18
8491.25	1.66539366380792e-17	6.474415032756146e-18
8491.499999999998	1.4679817166662197e-17	6.654057155106737e-18
8491.749999999998	1.9401185432102568e-17	7.644064548928072e-18
8491.999999999998	1.7159092529442885e-17	9.212517277156207e-18
8492.25	1.3410256226612747e-17	1.1765983296257389e-17
8492.499999999998	1.7144492791631324e-17	1.4276129866679168e-17
8492.749999999998	1.7533811964374307e-17	1.5731018141429286e-17
8492.999999999998	4.2726912736850724e-17	1.6872553856532066e-17
8493.25	1.018446276871214e-17	1.589926006057767e-17
8493.499999999998	1.1930488840578872e-17	1.4714433020936316e-17
8493.749999999998	1.734471682198346e-17	1.2550059527090278e-17
8494.0	2.5456071415374375e-17	1.0556624561189549e-17
8494.249999999998	3.1704942832818444e-17	9.394308414738211e-18
8494.499999999998	3.402072760188925e-17	8.483762885690865e-18
8494.749999999998	3.0249571484590595e-17	7.896882376987554e-18
8495.0	2.606909000425375e-17	7.443646131131986e-18
8495.249999999998	2.2717759480689032e-17	7.039674281018239e-18
8495.499999999998	2.4325363494489915e-17	7.126910402779306e-18
8495.749999999998	2.5171511358488783e-17	7.262945217597327e-18
8496.0	2.2722778812646003e-17	7.252643510248592e-18
8496.249999999998	2.0751112758925832e-17	7.263489502440387e-18
8496.499999999998	2.2011696307787243e-17	7.346201773431402e-18
8496.749999999998	2.1015089253448654e-17	7.337947338098735e-18
8497.0	1.6380002543342465e-17	7.177912704988101e-18
8497.249999999998	1.6439220403395136e-17	7.139164256373667e-18
8497.499999999998	1.9686035002202553e-17	7.196334017229657e-18
8497.749999999998	2.6465117611764537e-17	7.397946056649657e-18
8498.0	3.4733687806738506e-17	7.653616830641834e-18
8498.249999999998	2.8994788126184405e-17	7.326247695514785e-18
8498.499999999998	2.277332781987912e-17	6.97248984448607e-18
8498.749999999998	2.6703636795755427e-17	7.111679526160368e-18
8499.0	2.7302575116247923e-17	7.11125931840919e-18
8499.249999999998	2.0348621562108554e-17	6.713217939697142e-18
8499.499999999998	1.9937997525508656e-17	6.771294704094797e-18
8499.749999999998	2.7944368009915566e-17	7.40502341397066e-18
8500.0	3.0081753081915837e-17	7.66910578761189e-18
8500.249999999998	3.027168698544781e-17	7.731705162008678e-18
8500.499999999998	2.3366315403044908e-17	7.530010404527423e-18
8500.75	1.670592824830061e-17	7.248140338993853e-18
8500.999999999998	1.700551155947139e-17	7.16168342136981e-18
8501.249999999998	1.8189066395330638e-17	7.161539491943226e-18
8501.499999999998	2.7721543750867257e-17	7.662205446941972e-18
8501.75	3.36736029121926e-17	8.005360496878983e-18
8501.999999999998	3.3096399589475545e-17	8.049153092868766e-18
8502.249999999998	2.855837425244633e-17	7.948227131969946e-18
8502.499999999998	2.19482499004432e-17	7.67099175940851e-18
8502.75	2.3591151365342947e-17	7.7408198651784e-18
8502.999999999998	1.0851833741281148e-17	8.021373059176785e-18
8503.249999999998	2.956449388382928e-17	1.0828840601794012e-17
8503.499999999998	1.5391463808698718e-17	1.3613803868666121e-17
8503.75	1.837903834917079e-17	1.7419872798078803e-17
8503.999999999998	1.6562180801451144e-17	2.045468762333378e-17
8504.249999999998	3.2774149875159587e-17	2.2459114992394726e-17
8504.499999999998	4.313745901847304e-17	2.3134670089944333e-17
8504.75	2.964533589945531e-17	2.1863440726599364e-17
8504.999999999998	1.9674307235477776e-17	1.9369704592350024e-17
8505.249999999998	1.9003419918124806e-18	1.542922294930054e-17
8505.499999999998	2.0084805540624567e-17	1.2238911403775394e-17
8505.75	2.1807582874194883e-17	9.357062126116174e-18
8505.999999999998	2.7323658295700675e-17	8.171426103835742e-18
8506.249999999998	2.1556978581454593e-17	7.34300306600266e-18
8506.499999999998	2.0742852533328877e-17	7.210637624381924e-18
8506.75	2.27250585224142e-17	7.106163058655251e-18
8506.999999999998	2.3554977102794778e-17	7.045948445964454e-18
8507.249999999998	2.355842810031035e-17	7.003812692741615e-18
8507.499999999998	2.3380557798831846e-17	6.986490703534142e-18
8507.749999999998	2.5325282580001166e-17	7.07049006755829e-18
8507.999999999998	2.8974204563821636e-17	7.225090951225063e-18
8508.249999999998	2.835790868535533e-17	7.174799197162451e-18
8508.5	2.6656017662251975e-17	7.040545302203257e-18
8508.749999999998	2.3819454868768807e-17	6.825791017211015e-18
8508.999999999998	2.1013118909229553e-17	6.622109785488714e-18
8509.249999999998	2.2409186370621025e-17	6.741375581338754e-18
8509.5	2.3692828406237965e-17	6.845783145435809e-18
8509.749999999998	2.4622245233780097e-17	6.908175311089153e-18
8509.999999999998	2.473701654377183e-17	6.958032381739868e-18
8510.249999999998	2.368860813075272e-17	6.991145248840978e-18
8510.5	2.4013215309814454e-17	6.9485851519639e-18
8510.749999999998	2.5111520911743987e-17	6.8488540534599125e-18
8510.999999999998	3.015259282957488e-17	7.077492978624163e-18
8511.249999999998	3.584382043706632e-17	7.400521069896534e-18
8511.5	3.045761071737013e-17	7.301057564320708e-18
8511.749999999998	2.4944877105539054e-17	7.191797758750416e-18
8511.999999999998	2.6766969052174937e-17	7.247395876442555e-18
8512.249999999998	2.9390554344621626e-17	7.233872300607926e-18
8512.5	3.177617962717151e-17	7.025345858447596e-18
8512.749999999998	3.0108090512619525e-17	6.8385155365739185e-18
8512.999999999998	2.2487988558856502e-17	6.671167799667703e-18
8513.249999999998	2.5440133299331704e-17	6.954665756646777e-18
8513.5	3.577471776869364e-17	7.481751033229854e-18
8513.749999999998	3.028881624157256e-17	7.253627027996917e-18
8513.999999999998	2.0309962449000276e-17	6.815255217748927e-18
8514.249999999998	2.861188952935606e-17	7.071471103764777e-18
8514.5	3.4723354666526494e-17	7.261389290865115e-18
8514.749999999998	2.6596614513742092e-17	7.002795260588175e-18
8514.999999999998	2.2925201489066305e-17	6.914647585792074e-18
8515.25	2.958280435386875e-17	7.192427243196569e-18
8515.499999999998	3.160817262731709e-17	7.282255748997378e-18
8515.749999999998	2.9771289036967534e-17	7.187407911239597e-18
8515.999999999998	2.527506113629062e-17	6.829279651444458e-18
8516.25	1.891587360363403e-17	6.2972540386529076e-18
8516.499999999998	1.7922527295270126e-17	6.319895626379709e-18
8516.749999999998	1.7743467508070772e-17	6.449973500016429e-18
8516.999999999998	2.1798751893975267e-17	6.803656904790015e-18
8517.25	2.5231161006821207e-17	7.078823085049149e-18
8517.499999999998	2.579946386614719e-17	7.063775842526197e-18
8517.749999999998	2.7362039476123135e-17	7.112994743334327e-18
8517.999999999998	3.1111414273532045e-17	7.265911487273942e-18
8518.25	3.227850656084026e-17	7.294516220036639e-18
8518.499999999998	3.1066471896490814e-17	7.207267690566383e-18
8518.749999999998	2.805113055721656e-17	7.099246174373083e-18
8518.999999999998	2.3637437083698964e-17	6.985655251115464e-18
8519.25	2.339987908357986e-17	7.102954425059158e-18
8519.499999999998	2.2663322724576917e-17	7.267177900791761e-18
8519.749999999998	2.856170282723124e-17	7.675590056433693e-18
8519.999999999998	3.236342823124741e-17	7.960426391643878e-18
8520.25	2.723457259808994e-17	7.882468754813818e-18
8520.499999999998	2.5489391904809236e-17	7.829683878384971e-18
8520.749999999998	2.7848080877891944e-17	7.811192255791348e-18
8520.999999999998	2.6712755634828212e-17	7.500685197451193e-18
8521.25	2.0593634113907986e-17	6.945996076646609e-18
8521.499999999998	2.1296648299071904e-17	6.8443756976235504e-18
8521.749999999998	2.3541753793522505e-17	6.897610973895932e-18
8522.0	2.484294860173782e-17	7.044222120026056e-18
8522.249999999998	2.5747809745615703e-17	7.172749443604545e-18
8522.499999999998	2.7526122331151604e-17	7.141515103674543e-18
8522.749999999998	2.9243891913293524e-17	7.106156441210351e-18
8523.0	3.149113980553064e-17	7.056231955339713e-18
8523.249999999998	2.9531730914127277e-17	6.966468796807296e-18
8523.499999999998	2.1238289052495063e-17	6.8213730455593695e-18
8523.749999999998	2.1738412377011974e-17	6.9134949096084814e-18
8524.0	2.7388423228941127e-17	7.140769813942632e-18
8524.249999999998	2.8494373634091875e-17	7.212387111377474e-18
8524.499999999998	2.786864789664246e-17	7.243222750252225e-18
8524.749999999998	2.4742193040045186e-17	7.02978616397578e-18
8525.0	2.176940187148066e-17	6.790384791861602e-18
8525.249999999998	1.6891349054410496e-17	6.497374257838168e-18
8525.499999999998	1.6082589754099024e-17	6.451846236923249e-18
8525.749999999998	2.3781747013364965e-17	6.92298432559569e-18
8526.0	2.968414390507385e-17	7.212622030671439e-18
8526.249999999998	3.345026745552573e-17	7.34185328495121e-18
8526.499999999998	3.010350131458108e-17	7.217571052276343e-18
8526.749999999998	2.3093539361165747e-17	6.960190495958019e-18
8527.0	2.2243502093926654e-17	6.876172933960395e-18
8527.249999999998	2.2567664249818835e-17	6.826141741790738e-18
8527.499999999998	2.5849197273296327e-17	7.067462586516345e-18
8527.749999999998	2.89970215138383e-17	7.27584758079193e-18
8528.0	3.2692546853370006e-17	7.380704303961601e-18
8528.249999999998	3.317210646785885e-17	7.386272883845308e-18
8528.499999999998	2.956393140101274e-17	7.21701932280777e-18
8528.749999999998	2.756561027923366e-17	7.07565498330307e-18
8528.999999999998	2.625762266382806e-17	6.9544498625069e-18
8529.249999999998	2.62964769915609e-17	6.951646547410958e-18
8529.499999999998	2.7448230041589936e-17	6.99230578324039e-18
8529.75	2.8242920654043106e-17	7.076596314840156e-18
8529.999999999998	2.837046197833143e-17	7.130811386548107e-18
8530.249999999998	1.9930101259381225e-17	6.682385609544841e-18
8530.499999999998	1.431935170804629e-17	6.393634642085749e-18
8530.75	1.9226289672106806e-17	6.669441473729305e-18
8530.999999999998	2.2940046072339182e-17	6.8797724103959196e-18
8531.249999999998	2.6361541364183097e-17	7.018134497867358e-18
8531.499999999998	2.5579832524263334e-17	7.003657182786455e-18
8531.75	2.1964853069698365e-17	6.8758569509664e-18
8531.999999999998	2.5685336102672023e-17	7.048606177272587e-18
8532.249999999998	3.254957364757389e-17	7.30238353484263e-18
8532.499999999998	2.451223517539422e-17	6.9345967006250154e-18
8532.75	1.6680858058295352e-17	6.598476408207462e-18
8532.999999999998	2.2063721005233153e-17	6.880448630546682e-18
8533.249999999998	2.5724177195515063e-17	7.082187228600402e-18
8533.499999999998	2.6255035242871994e-17	7.100594478771544e-18
8533.75	2.3882669665541335e-17	6.973836494523306e-18
8533.999999999998	1.7567506339446042e-17	6.677381166838895e-18
8534.249999999998	1.9261783992191456e-17	6.780233217794045e-18
8534.499999999998	2.5516367918945816e-17	7.09143345348752e-18
8534.75	2.4502537309892648e-17	7.094442736555988e-18
8534.999999999998	2.2403621099459768e-17	7.03119567973957e-18
8535.249999999998	2.6389647307036424e-17	7.054687609136077e-18
8535.499999999998	2.750835283723274e-17	6.974368371657178e-18
8535.749999999998	1.7201258888348388e-17	6.3765037315997755e-18
8535.999999999998	1.3138462875301299e-17	6.182602256259689e-18
8536.249999999998	2.0926268253633935e-17	6.783851305793352e-18
8536.5	2.5991242382445158e-17	7.1268045236609e-18
8536.749999999998	2.8056493996308354e-17	7.26666256727014e-18
8536.999999999998	3.348234882840299e-17	7.804631059172578e-18
8537.249999999998	2.8856089789793964e-17	8.49748581205312e-18
8537.5	3.201499328746047e-17	9.860956567045714e-18
8537.749999999998	3.07004974149953e-17	1.1136139026538074e-17
8537.999999999998	2.565049194654884e-17	1.191400974841559e-17
8538.249999999998	2.6141661868115476e-17	1.2410326387753533e-17
8538.5	2.8298732184333283e-17	1.2193645599114655e-17
8538.749999999998	2.9078062052811344e-17	1.1496640881100935e-17
8538.999999999998	2.6877007234701642e-17	9.989607140535474e-18
8539.249999999998	2.886759421775335e-17	8.733922982442214e-18
8539.5	2.3887487165428844e-17	7.707580439443569e-18
8539.749999999998	2.1107080009370677e-17	7.25343015901113e-18
8539.999999999998	2.3211630974136267e-17	7.010752738080935e-18
8540.249999999998	2.3870242104018338e-17	6.956660916284255e-18
8540.5	2.272224941705397e-17	6.929798225891595e-18
8540.749999999998	2.339124497234603e-17	7.029412278338906e-18
8540.999999999998	2.3615096589715132e-17	7.173365693160897e-18
8541.249999999998	2.675804046464304e-17	7.444230947825061e-18
8541.5	2.719023075417342e-17	7.587915528947972e-18
8541.749999999998	2.5019554971240342e-17	7.574301790426575e-18
8541.999999999998	2.3511478983103064e-17	7.475990547444035e-18
8542.249999999998	2.4669052075922022e-17	7.343505991815092e-18
8542.5	2.1386270009719574e-17	6.941258813278517e-18
8542.749999999998	1.520226113282824e-17	6.450517784859489e-18
8542.999999999998	2.1395873576631315e-17	6.730038243863102e-18
8543.25	2.5953738013472004e-17	6.962378388678221e-18
8543.499999999998	2.3175704865771864e-17	6.901711308192357e-18
8543.749999999998	2.2550606131226766e-17	6.907427539815405e-18
8543.999999999998	2.579622462686843e-17	7.038464115782074e-18
8544.25	2.4208426625654518e-17	6.954498666163041e-18
8544.499999999998	1.874762010395707e-17	6.647531940844613e-18
8544.749999999998	2.2304098036879838e-17	6.850763186313685e-18
8544.999999999998	2.92139016530048e-17	7.252377985271962e-18
8545.25	2.7554170371362052e-17	7.212170390056985e-18
8545.499999999998	2.448666867702143e-17	7.10665523111972e-18
8545.749999999998	2.4728026744874603e-17	7.210262084383825e-18
8545.999999999998	2.5026741516402202e-17	7.2761751443145e-18
8546.25	2.5220018883970118e-17	7.204789457451174e-18
8546.499999999998	2.476596951957241e-17	7.177408124814444e-18
8546.749999999998	1.707033108663227e-17	7.221247870099142e-18
8546.999999999998	1.921880037884075e-17	7.988877268812639e-18
8547.25	9.259015580929651e-18	9.169379808211567e-18
8547.499999999998	1.4877491826366444e-17	1.1325792515842395e-17
8547.749999999998	2.2544476722887748e-17	1.3434007063540983e-17
8547.999999999998	1.7822082753487812e-17	1.4697020869042075e-17
8548.25	2.780324107124667e-17	1.5688094085082684e-17
8548.499999999998	3.919337913975895e-17	1.5455399906965392e-17
8548.749999999998	4.836314275977474e-17	1.4751282262864328e-17
8548.999999999998	2.7028157948033456e-17	1.2720448807108851e-17
8549.25	2.1393570705805967e-17	1.080321785513957e-17
8549.499999999998	2.2693574373939206e-17	9.231019653097794e-18
8549.749999999998	2.721328924092895e-17	8.315451483371025e-18
8550.0	2.6784973465387767e-17	7.880950878389783e-18
8550.249999999998	2.202022288554144e-17	7.531151913772746e-18
8550.499999999998	1.7779964371057837e-17	7.188674324757416e-18
8550.749999999998	2.264939465742275e-17	7.335191999478321e-18
8551.0	2.6014929526466227e-17	7.453109077339593e-18
8551.249999999998	2.631090467580505e-17	7.415810676338964e-18
8551.499999999998	2.8482650830450774e-17	7.483526990005005e-18
8551.749999999998	3.4370343759590913e-17	7.751214216755741e-18
8552.0	3.449195254452601e-17	7.79241029280272e-18
8552.249999999998	2.859938917593916e-17	7.607484967879752e-18
8552.499999999998	2.550315619020212e-17	7.505692121698976e-18
8552.749999999998	2.462637451939796e-17	7.449382628680042e-18
8553.0	3.1258662348733834e-17	7.72357976685157e-18
8553.249999999998	3.848954108270493e-17	8.005585490005598e-18
8553.499999999998	3.098200352105935e-17	7.478203255582614e-18
8553.749999999998	2.6029524301194112e-17	7.067381522816315e-18
8554.0	2.7165357433153952e-17	7.169865891989185e-18
8554.249999999998	2.8643626795098493e-17	7.292999170793216e-18
8554.499999999998	3.3509917103858154e-17	7.433793582855867e-18
8554.749999999998	3.1263843808090866e-17	7.216408863515706e-18
8555.0	2.3392331887670926e-17	6.7067849560733174e-18
8555.249999999998	2.2971492170505998e-17	6.806988788297379e-18
8555.499999999998	2.540357522497931e-17	7.102253803080326e-18
8555.749999999998	2.663278546756781e-17	7.164676160826027e-18
8556.0	2.7075335367089806e-17	7.191690225270784e-18
8556.249999999998	2.518317791384823e-17	7.086773117916396e-18
8556.499999999998	2.414231835109928e-17	7.041463472683191e-18
8556.749999999998	2.6156170616059656e-17	7.151890430097795e-18
8556.999999999998	2.872310230835259e-17	7.212110005872268e-18
8557.249999999998	3.154284851998255e-17	7.207036079994868e-18
8557.499999999998	3.247815487348606e-17	7.278642624081746e-18
8557.75	3.222930585800561e-17	7.395088147633286e-18
8557.999999999998	2.5799065165091938e-17	7.124340352616104e-18
8558.249999999998	1.7993962612970205e-17	6.744111481214773e-18
8558.499999999998	1.9100361350012958e-17	6.741843765565459e-18
8558.75	2.1028863465008887e-17	6.7796256536341245e-18
8558.999999999998	2.4595591820082413e-17	6.965618455137592e-18
8559.249999999998	2.6649974280696662e-17	7.126596901327149e-18
8559.499999999998	2.7168416347059173e-17	7.251456506069578e-18
8559.75	2.785243846535887e-17	7.250560669466183e-18
8559.999999999998	2.865635214164201e-17	7.13323916164595e-18
8560.249999999998	3.2639326052758344e-17	7.322492295533795e-18
8560.499999999998	3.769332018611854e-17	7.628721175745826e-18
8560.75	3.0832267286575e-17	7.285067335899445e-18
8560.999999999998	2.3803118051670885e-17	6.871635848300542e-18
8561.249999999998	2.938544236843605e-17	7.208903853818013e-18
8561.499999999998	3.097145531388807e-17	7.35381845251179e-18
8561.75	2.136162168182672e-17	6.87987125847912e-18
8561.999999999998	1.6259606405185372e-17	6.622565975596537e-18
8562.249999999998	1.7719917676031387e-17	6.700768044297607e-18
8562.499999999998	1.9133129282798633e-17	6.8271554516314215e-18
8562.75	2.0249361542963416e-17	6.976098833498638e-18
8562.999999999998	2.2067835401599992e-17	7.051296995805222e-18
8563.249999999998	2.4339210497944052e-17	7.10068712300015e-18
8563.499999999998	2.5985720124675754e-17	7.194437292085073e-18
8563.75	2.6750984614017963e-17	7.252152992145348e-18
8563.999999999998	2.257973777803966e-17	7.042378334440675e-18
8564.249999999998	1.8007849321093746e-17	6.804367452936198e-18
8564.5	1.2242353302304227e-17	6.509508997424321e-18
8564.749999999998	1.6799507190998733e-17	6.726430495621452e-18
8564.999999999998	3.298432654264196e-17	7.44717571080575e-18
8565.249999999998	3.440818892697644e-17	7.529146827967917e-18
8565.5	2.811618334931018e-17	7.292506171148135e-18
8565.749999999998	2.3946817522044822e-17	7.095748854743209e-18
8565.999999999998	2.012456149522509e-17	6.907803079813504e-18
8566.249999999998	2.1054916345581858e-17	6.884240840064931e-18
8566.5	1.9956627287264575e-17	6.794776707323952e-18
8566.749999999998	1.1362237266450869e-17	6.397786675170459e-18
8566.999999999998	1.1061605917443984e-17	6.385169275696881e-18
8567.249999999998	2.392602220144524e-17	7.023631113037773e-18
8567.5	2.7518694249250878e-17	7.225301055100651e-18
8567.749999999998	2.4489307383175474e-17	7.096706729892545e-18
8567.999999999998	2.441499347694371e-17	7.073713590405409e-18
8568.249999999998	2.6560943177006355e-17	7.0874257634197e-18
8568.5	2.232431598541186e-17	6.8544317323303576e-18
8568.749999999998	1.8338830753955814e-17	6.644434563040908e-18
8568.999999999998	2.5468819922975043e-17	7.075416755286655e-18
8569.249999999998	2.9370113057324216e-17	7.337745506029272e-18
8569.5	2.490191996196795e-17	7.166315632800108e-18
8569.749999999998	2.090155209693085e-17	6.97219205946555e-18
8569.999999999998	1.7440191662645555e-17	6.779437883635075e-18
8570.249999999998	2.008866185664029e-17	6.818662374692033e-18
8570.5	2.590967906532498e-17	6.996581479826677e-18
8570.749999999998	2.585750878409126e-17	7.144665834627757e-18
8570.999999999998	2.3465590311441072e-17	7.283813330090815e-18
8571.25	1.923175071851088e-17	7.252012371441214e-18
8571.499999999998	1.6086229348794257e-17	7.206873125414195e-18
8571.749999999998	1.461440206946028e-17	7.134942326527196e-18
8571.999999999998	1.6255917179653385e-17	7.193335487509152e-18
8572.25	2.4258088895270977e-17	7.493963527793587e-18
8572.499999999998	2.6718785781493724e-17	7.536272161764449e-18
8572.749999999998	2.245918447556618e-17	7.329268559111829e-18
8572.999999999998	2.3280253877753666e-17	7.389517913388354e-18
8573.25	2.628313125955797e-17	7.564680025541358e-18
8573.499999999998	2.4960886359114406e-17	7.372530105148352e-18
8573.749999999998	2.377598487321792e-17	7.12789971079192e-18
8573.999999999998	2.4694719490329543e-17	7.076650908760585e-18
8574.25	2.4814438994745567e-17	7.061170223596655e-18
8574.499999999998	2.3118808074518016e-17	7.166301570729694e-18
8574.749999999998	2.062426626635205e-17	7.258599210658974e-18
8574.999999999998	1.9740936633818923e-17	7.347209279417492e-18
8575.25	2.0009007672373883e-17	7.376517115700858e-18
8575.499999999998	2.20605413229585e-17	7.344400174057261e-18
8575.749999999998	1.854396989150774e-17	7.15152895217011e-18
8575.999999999998	1.5021446068369048e-17	6.9018763307245616e-18
8576.25	2.2293025397200203e-17	7.14932286147643e-18
8576.499999999998	2.757857054507114e-17	7.411342246669953e-18
8576.749999999998	2.857684023244096e-17	7.612074165918196e-18
8576.999999999998	2.6849844277746625e-17	7.67547590550916e-18
8577.25	2.043233224009892e-17	7.401479772226483e-18
8577.499999999998	2.0732956144480293e-17	7.363145741098938e-18
8577.749999999998	2.866369088803658e-17	7.586184239925899e-18
8577.999999999998	3.093239915408577e-17	7.494944564000075e-18
8578.249999999998	3.00765451527792e-17	7.23101935467523e-18
8578.499999999998	2.4454486388109442e-17	7.005783864141329e-18
8578.749999999998	1.7625321301179823e-17	6.787653027888645e-18
8579.0	2.1477195357012628e-17	6.796092338088218e-18
8579.249999999998	2.5578811783387444e-17	6.865686351744754e-18
8579.499999999998	3.10748198032327e-17	7.164296484924866e-18
8579.749999999998	3.0961658186712994e-17	7.213961236083162e-18
8580.0	2.1646350483557272e-17	6.8261429825616566e-18
8580.249999999998	2.204518057898339e-17	6.876945934242826e-18
8580.499999999998	2.928160142305859e-17	7.289709473497093e-18
8580.749999999998	2.94931313580231e-17	7.256153237587654e-18
8581.0	2.737169929131653e-17	7.06102960289252e-18
8581.249999999998	2.062277237816578e-17	6.707719670165502e-18
8581.499999999998	1.420676580923292e-17	6.403919805822233e-18
8581.749999999998	2.2141889573119415e-17	6.935850706433646e-18
8582.0	2.6764712503463893e-17	7.249190858371795e-18
8582.249999999998	2.3391369049437914e-17	7.03469796245312e-18
8582.499999999998	2.0597485466840033e-17	6.868160035366594e-18
8582.749999999998	1.9552888702083568e-17	6.7534520046917216e-18
8583.0	1.7965103935759455e-17	6.6707513142292824e-18
8583.249999999998	1.6017929045615754e-17	6.5996534862191246e-18
8583.499999999998	2.220376268293838e-17	6.859156174398954e-18
8583.749999999998	3.0638458869053825e-17	7.190757165539824e-18
8584.0	2.821036944257792e-17	7.180208958368548e-18
8584.249999999998	2.5086624429667366e-17	7.115828664112934e-18
8584.499999999998	1.8753412022606166e-17	6.8315080760146755e-18
8584.749999999998	1.749430747268e-17	6.766969376671757e-18
8585.0	2.6840875985545325e-17	7.12521054662051e-18
8585.249999999998	3.249854983866917e-17	7.347173710651152e-18
8585.499999999998	3.311765482249571e-17	7.448873085422709e-18
8585.75	3.2159514975363285e-17	7.475448744142813e-18
8585.999999999998	3.04259462435216e-17	7.450751612593817e-18
8586.249999999998	3.017177018489631e-17	7.456612187233755e-18
8586.499999999998	2.777909732352747e-17	7.485603213342514e-18
8586.75	2.4889702504320542e-17	7.75485877453465e-18
8586.999999999998	1.9605520550099092e-17	8.238716419486318e-18
8587.249999999998	2.3653977387227574e-17	9.303411191585984e-18
8587.499999999998	2.233682626499611e-17	9.949055438185674e-18
8587.75	1.991870105617902e-17	1.0094012223090692e-17
8587.999999999998	2.4369903861753445e-17	1.0311001550098052e-17
8588.249999999998	4.000399628772622e-17	1.0555509521723827e-17
8588.499999999998	3.557923513761266e-17	9.641106022299533e-18
8588.75	2.413687881139113e-17	8.244886359675351e-18
8588.999999999998	2.888274485785287e-17	7.982963754613498e-18
8589.249999999998	2.598036661175131e-17	7.749568954517373e-18
8589.499999999998	2.5609432355302932e-17	7.429435168208325e-18
8589.75	2.3968124040262963e-17	7.189619792197564e-18
8589.999999999998	2.362926123052449e-17	7.1566351380914e-18
8590.249999999998	2.7464760418951195e-17	7.36590025253874e-18
8590.499999999998	3.465969815530686e-17	7.784309713063988e-18
8590.75	2.925864219797657e-17	7.422550543970046e-18
8590.999999999998	1.713016436906068e-17	6.640254405815371e-18
8591.249999999998	2.0927288994509826e-17	6.988519777576735e-18
8591.499999999998	2.810618439006564e-17	7.468400338143248e-18
8591.75	2.410610438388171e-17	7.239095118995586e-18
8591.999999999998	2.086122042462399e-17	7.058653112992656e-18
8592.249999999998	2.2175663357529955e-17	7.082824157672068e-18
8592.5	2.5028867370576464e-17	7.217385763819132e-18
8592.749999999998	2.997071235648672e-17	7.507544179090483e-18
8592.999999999998	3.186897274828771e-17	7.586825304900628e-18
8593.249999999998	3.241294657143728e-17	7.516865677413343e-18
8593.5	2.916611377465639e-17	7.324236819445669e-18
8593.749999999998	2.4622642280474122e-17	7.082172339349376e-18
8593.999999999998	2.5131232625741126e-17	7.17835938251888e-18
8594.249999999998	2.6624483882940228e-17	7.298565269135086e-18
8594.5	3.007103282117715e-17	7.391234313159401e-18
8594.749999999998	3.062360601397482e-17	7.43835961983716e-18
8594.999999999998	2.4165689512126353e-17	7.361314363222746e-18
8595.249999999998	2.2305927760394806e-17	7.656851934017529e-18
8595.5	3.38733107818425e-17	8.301717803660807e-18
8595.749999999998	2.912740833943381e-17	9.114350790780864e-18
8595.999999999998	2.360319180633927e-17	9.978099403853636e-18
8596.249999999998	2.5050367449057942e-17	1.0675765039176786e-17
8596.5	2.8054184508038106e-17	1.1323492953739497e-17
8596.749999999998	3.281115462704276e-17	1.1375514342462957e-17
8596.999999999998	3.8106357935745866e-17	1.1214203369667154e-17
8597.249999999998	2.7084922390389295e-17	1.0172281707011685e-17
8597.5	2.0496622371667767e-17	9.129667694183509e-18
8597.749999999998	1.790053918022724e-17	8.150165080551291e-18
8597.999999999998	2.4614469736022098e-17	7.697852795439945e-18
8598.249999999998	3.096130746213327e-17	7.716133486977367e-18
8598.5	3.1277416187581636e-17	7.587719487142797e-18
8598.749999999998	2.69375618186242e-17	7.403431918472108e-18
8598.999999999998	3.084299747348104e-17	7.498579195611633e-18
8599.249999999998	3.3957147191285975e-17	7.585612658122625e-18
8599.499999999998	2.8582954751528954e-17	7.39348589878677e-18
8599.749999999998	2.4638732597749504e-17	7.246637351820844e-18
8599.999999999998	2.4010642778109414e-17	7.209911359804102e-18
8600.25	2.5104104410371837e-17	7.230739767628188e-18
8600.499999999998	2.7660466388797566e-17	7.318579731236419e-18
8600.749999999998	2.8358348745441205e-17	7.320177016999259e-18
8600.999999999998	2.844080210890049e-17	7.274225479610713e-18
8601.25	2.475208281144887e-17	7.176116068697636e-18
8601.499999999998	1.934801757105011e-17	7.06164833399071e-18
8601.749999999998	1.864560226464968e-17	7.017748204521296e-18
8601.999999999998	2.0163306635117075e-17	7.058360291055812e-18
8602.25	2.6718899932418256e-17	7.402996821469905e-18
8602.499999999998	2.962036497112356e-17	7.545653217091413e-18
8602.749999999998	2.6325022994500106e-17	7.36999893247394e-18
8602.999999999998	2.122132688685405e-17	7.127609370396914e-18
8603.25	1.540929451398291e-17	6.835731246632065e-18
8603.499999999998	2.2241078454731873e-17	7.180280095901228e-18
8603.749999999998	3.372228745432502e-17	7.720382713784052e-18
8603.999999999998	2.8723651556279323e-17	7.463810312924191e-18
8604.25	2.239077167582437e-17	7.151129423934247e-18
8604.499999999998	2.1926261785400316e-17	7.027162347072762e-18
8604.749999999998	2.3179897017116283e-17	7.025265621928178e-18
8604.999999999998	2.668409382660325e-17	7.30440847298216e-18
8605.25	2.62227801620661e-17	7.351758772786533e-18
8605.499999999998	2.3346176863851692e-17	7.12169172029471e-18
8605.749999999998	2.6332750515782576e-17	7.301335497006526e-18
8605.999999999998	3.253947873537829e-17	7.693464602290351e-18
8606.249999999998	2.8658181865156976e-17	7.45475103085551e-18
8606.499999999998	2.2308935389102048e-17	7.076583079950355e-18
8606.749999999998	2.2817902928728376e-17	7.08355703969479e-18
8607.0	2.3326210378225887e-17	7.126161804324946e-18
8607.249999999998	2.5434758279711334e-17	7.303589564175733e-18
8607.499999999998	2.6436361504949743e-17	7.455615434595629e-18
8607.749999999998	2.725955014386659e-17	7.572362051890138e-18
8608.0	2.5618534650763465e-17	7.48633113228156e-18
8608.249999999998	2.1554482150365908e-17	7.23054620736485e-18
8608.499999999998	2.013251897271785e-17	7.174154823465273e-18
8608.749999999998	2.045671256147331e-17	7.195845153487638e-18
8609.0	1.6433699799986957e-17	6.997363165505539e-18
8609.249999999998	1.1829851565713833e-17	6.851516747851721e-18
8609.499999999998	1.9869614504268897e-17	7.34914322768964e-18
8609.749999999998	2.668933649732561e-17	7.76114782873189e-18
8610.0	3.0273612661913836e-17	8.023184584718276e-18
8610.249999999998	2.786741374316853e-17	7.918553681855831e-18
8610.499999999998	1.798849164039878e-17	7.351726512742644e-18
8610.749999999998	1.7004222812077032e-17	7.184112423679186e-18
8611.0	1.9225566716251434e-17	7.25839737858951e-18
8611.249999999998	1.402079906391875e-17	7.111371814972498e-18
8611.499999999998	6.1358285013422654e-18	6.912408407873893e-18
8611.749999999998	2.094477062957552e-17	7.869579626509016e-18
8612.0	2.96708957803832e-17	8.540318051351728e-18
8612.249999999998	2.195986186188222e-17	8.295389871974776e-18
8612.499999999998	1.6631391003303456e-17	8.091853810449978e-18
8612.749999999998	1.3298514879204797e-17	7.973762197479458e-18
8613.0	1.5951279794939906e-17	7.955319378541975e-18
8613.249999999998	2.194875778933931e-17	8.012036671602899e-18
8613.499999999998	2.0987471347156734e-17	8.00247280936056e-18
8613.75	1.5401717539571926e-17	7.969880238864746e-18
8613.999999999998	2.2454853357878853e-17	8.315166933240306e-18
8614.249999999998	2.911689321948703e-17	8.673956523935182e-18
8614.499999999998	3.13119294714598e-17	8.962245511022163e-18
8614.75	2.9633570082422355e-17	9.182721404311435e-18
8614.999999999998	2.309321014328195e-17	9.240551255296242e-18
8615.249999999998	2.322158857435018e-17	9.228411552626414e-18
8615.499999999998	2.8007988125188245e-17	9.139549193781067e-18
8615.75	2.910885964137792e-17	9.003886610238695e-18
8615.999999999998	2.8025176938317097e-17	8.846273961961616e-18
8616.249999999998	2.6995029364500708e-17	8.758566347251394e-18
8616.499999999998	2.3598609225745725e-17	8.692861736835082e-18
8616.75	2.1417821987004797e-17	8.899070418919038e-18
8616.999999999998	2.106570278076955e-17	9.166851117078992e-18
8617.249999999998	2.253063633687851e-17	9.636399364614106e-18
8617.499999999998	2.2302695138560948e-17	1.0052868259422304e-17
8617.75	2.7101426297970953e-17	1.036685195787702e-17
8617.999999999998	2.4771240314435598e-17	1.0287373963081088e-17
8618.249999999998	1.6948613113856317e-17	9.874272520546593e-18
8618.499999999998	1.8641699626519655e-17	9.632793684323987e-18
8618.75	2.1214582056139293e-17	9.451171291586944e-18
8618.999999999998	2.3167141892070715e-17	9.718827085474403e-18
8619.249999999998	2.308339316377217e-17	9.995931763499054e-18
8619.499999999998	2.285408546308267e-17	1.0134253732710784e-17
8619.75	2.4470518802741945e-17	1.0243420066871858e-17
8619.999999999998	2.3334918935714846e-17	1.0233995998153041e-17
8620.249999999998	2.3587331445274177e-17	1.0499674003195885e-17
8620.499999999998	2.3330103090188562e-17	1.1035257733392332e-17
8620.749999999998	2.348464028094817e-17	1.1396721599007592e-17
8620.999999999998	2.9603788271647996e-17	1.165995776688218e-17
8621.249999999998	2.0969200581786663e-17	1.1248946609755606e-17
8621.5	1.301052533149956e-17	1.0682456103151728e-17
8621.749999999998	1.9750616301347018e-17	1.0691037274826353e-17
8621.999999999998	2.326988103287225e-17	1.0754352987633612e-17
8622.249999999998	2.2876809768870728e-17	1.1005803486140544e-17
8622.5	2.2107394487214728e-17	1.1123048893344423e-17
8622.749999999998	2.4265682413294214e-17	1.0992575213784596e-17
8622.999999999998	2.5514212286269502e-17	1.082061677214401e-17
8623.249999999998	2.2744512156060222e-17	1.0610205185367671e-17
8623.5	2.249879319201767e-17	1.113510422359177e-17
8623.749999999998	2.0666459095037155e-17	1.1860081708380196e-17
8623.999999999998	1.6128630626993725e-17	1.2302117928741796e-17
8624.249999999998	1.4037979605241476e-17	1.2599279255079021e-17
8624.5	1.568801136702143e-17	1.2243096937674912e-17
8624.749999999998	2.113893308039887e-17	1.1940166853745743e-17
8624.999999999998	2.15855510541734e-17	1.182711277070567e-17
8625.249999999998	2.3561955198442275e-17	1.1968286858669483e-17
8625.5	2.5792421250411913e-17	1.2328457840987322e-17
8625.749999999998	1.3888236753312227e-17	1.201091809307924e-17
8625.999999999998	3.492099706618685e-18	1.1340203656474294e-17
8626.249999999998	1.6972530214087675e-17	1.0927035212310182e-17
8626.5	3.283427597952484e-17	1.0633671472165188e-17
8626.749999999998	3.5635787821731687e-17	1.1432355712615764e-17
8626.999999999998	2.892809420775548e-17	1.2319666565437109e-17
8627.249999999998	3.626588107281538e-17	1.3481972785721095e-17
8627.499999999998	3.882460547907056e-17	1.409030374206913e-17
8627.749999999998	3.9118585468771907e-17	1.398354284912936e-17
8627.999999999998	2.7886789621836975e-17	1.3373640249617475e-17
8628.25	5.53518288006546e-18	1.2369733326373106e-17
8628.499999999998	1.0987582351607226e-17	1.2443692372122084e-17
8628.749999999998	2.268715379802457e-17	1.2842630828208446e-17
8628.999999999998	3.077485102589647e-17	1.3117246519769926e-17
8629.25	4.041179302099241e-17	1.3188004376548325e-17
8629.499999999998	2.634920479252748e-17	1.1702993492611476e-17
8629.749999999998	2.4812806140216388e-17	1.0521669562864283e-17
8629.999999999998	3.513481746426752e-17	1.0459090040802196e-17
8630.25	4.158093671621976e-17	1.1162550903496892e-17
8630.499999999998	3.2288687499819566e-17	1.2422806888835733e-17
8630.749999999998	3.117375391321649e-17	1.3493801468480603e-17
8630.999999999998	4.144678787319836e-17	1.4430352728806005e-17
8631.25	2.953143974655166e-17	1.4083383549064512e-17
8631.499999999998	1.8862009256505803e-17	1.3498641302244651e-17
8631.749999999998	9.900786967901368e-18	1.279920632759125e-17
8631.999999999998	6.9231141929518605e-18	1.2363062941913478e-17
8632.25	2.1177436683551987e-17	1.2855953399154226e-17
8632.499999999998	2.613526445325799e-17	1.3040902712314957e-17
8632.749999999998	2.8598277445195886e-17	1.2790687194462567e-17
8632.999999999998	2.4646475008283e-17	1.1925060881399299e-17
8633.25	1.9254084595049812e-17	1.0488788306334687e-17
8633.499999999998	1.9191154348408003e-17	9.419717748794615e-18
8633.749999999998	1.2367504074622275e-17	8.440875225291215e-18
8633.999999999998	2.8874506138951844e-17	1.006889488379052e-17
8634.25	3.479069047711076e-17	1.1507281732500817e-17
8634.499999999998	3.288789382683053e-17	1.271423419916674e-17
8634.749999999998	2.9439387779264307e-17	1.3482424426335549e-17
8635.0	2.975426896868364e-17	1.349995321069616e-17
8635.249999999998	2.920933230730106e-17	1.3178314782852878e-17
8635.499999999998	2.785333512914288e-17	1.2501470110728301e-17
8635.749999999998	3.217490715220167e-17	1.2254408632551575e-17
8636.0	3.540937856190857e-17	1.2208229620494577e-17
8636.249999999998	2.642104212000526e-17	1.1914692172420947e-17
8636.499999999998	1.9218897986153032e-17	1.1561062534387177e-17
8636.749999999998	2.0963974454676553e-17	1.08943657140174e-17
8637.0	2.3237041962553896e-17	1.002831092139683e-17
8637.249999999998	1.83206559415368e-17	8.554612559517256e-18
8637.499999999998	1.80625259595835e-17	7.65311307764879e-18
8637.749999999998	1.5596017302376956e-17	7.77283423642604e-18
8638.0	2.0463583123641174e-17	8.731395118490252e-18
8638.249999999998	2.529299110324832e-17	1.0038151889144374e-17
8638.499999999998	2.048783605920123e-17	1.0735273239624464e-17
8638.749999999998	1.699709416955805e-17	1.1289367617568622e-17
8639.0	1.6369836493614188e-17	1.1202813092632298e-17
8639.249999999998	2.1550839246948224e-17	1.1004105284342972e-17
8639.499999999998	2.264550029109885e-17	1.0427351120698536e-17
8639.749999999998	2.3529868862481343e-17	1.0008172382203614e-17
8640.0	2.5777702398592144e-17	9.860856478191595e-18
8640.249999999998	2.884463499267133e-17	9.80577782992414e-18
8640.499999999998	2.8132644243499986e-17	9.822644869794708e-18
8640.749999999998	2.8500279703665504e-17	9.876810310665905e-18
8641.0	3.092433248875215e-17	9.955249366612471e-18
8641.249999999998	3.272755975433815e-17	1.0033833179166234e-17
8641.499999999998	3.451143099359041e-17	1.0087594955898506e-17
8641.749999999998	3.3008106330891635e-17	9.851324048812534e-18
8641.999999999998	2.87856570149963e-17	9.427720721221066e-18
8642.249999999998	1.7914765032401928e-17	8.488165968091484e-18
8642.499999999998	1.8159079443764365e-17	7.972033389999222e-18
8642.75	2.5363918532052293e-17	8.045568092093961e-18
8642.999999999998	2.3643965193093232e-17	7.754471654007975e-18
8643.249999999998	1.4150848399824337e-17	7.235910473637257e-18
8643.499999999998	1.762683007861712e-17	7.21696721042918e-18
8643.75	2.307969897515651e-17	7.310661131232449e-18
8643.999999999998	2.195595426066852e-17	7.300690296128734e-18
8644.249999999998	2.1891262119321973e-17	7.342612636753534e-18
8644.499999999998	2.7103452890471708e-17	7.578793381152738e-18
8644.75	3.131289561841526e-17	7.739182047565545e-18
8644.999999999998	3.3038506872764184e-17	7.779450854145851e-18
8645.249999999998	2.5603536211896654e-17	7.670839558175801e-18
8645.499999999998	1.1703954676483262e-17	7.466828694979397e-18
8645.75	1.0326665869357969e-17	8.521877713956083e-18
8645.999999999998	1.4426193664686088e-17	9.80118366880202e-18
8646.249999999998	2.5841128953601485e-17	1.0684500893625959e-17
8646.499999999998	3.710587636741808e-17	1.1307314128138573e-17
8646.75	2.502879457868256e-17	1.060838704238128e-17
8646.999999999998	1.7564013982899843e-17	9.762552679834568e-18
8647.249999999998	1.9704403374884906e-17	8.668533527839285e-18
8647.499999999998	2.5933281836923568e-17	8.048187773093916e-18
8647.75	2.7619415069357785e-17	8.06314816165255e-18
8647.999999999998	2.9057825906305846e-17	8.099704581643719e-18
8648.249999999998	1.4133006114011568e-17	8.16258685181e-18
8648.499999999998	2.44772040764526e-17	1.0060270698724041e-17
8648.749999999998	3.3823458260685154e-17	1.1845936092724927e-17
8648.999999999998	1.484020086999133e-17	1.247933393035577e-17
8649.249999999998	6.518083138063739e-18	1.3095585968249613e-17
8649.5	3.076112644517299e-17	1.3701099547431292e-17
8649.749999999998	4.030429262858502e-17	1.3735425888491018e-17
8649.999999999998	1.9154483777492302e-17	1.3073594544484278e-17
8650.249999999998	1.511149294985157e-17	1.3212927328404547e-17
8650.5	2.1103538021987724e-17	1.382570934362873e-17
8650.749999999998	2.597463425010632e-17	1.4163729256323012e-17
8650.999999999998	3.579166504508363e-17	1.437848519567648e-17
8651.249999999998	2.4779239150958986e-17	1.31053309830461e-17
8651.5	1.9182109955590348e-17	1.1622104327690528e-17
8651.749999999998	1.1602626705806742e-17	9.815910792427914e-18
8651.999999999998	1.0657998853980372e-17	8.273026216933792e-18
8652.249999999998	1.4512743226538737e-17	7.783550361261664e-18
8652.5	1.1725733514831171e-17	7.701856349604702e-18
8652.749999999998	1.2991370310054669e-17	7.980172020046131e-18
8652.999999999998	1.870877901111403e-17	9.453916704040008e-18
8653.249999999998	2.2531844020572838e-17	1.113805229529491e-17
8653.5	2.8477039237175214e-17	1.2772198053410781e-17
8653.749999999998	3.9080803167112934e-17	1.414670257059422e-17
8653.999999999998	3.938714454388827e-17	1.431710012241892e-17
8654.249999999998	3.84680046082765e-17	1.4328988362182532e-17
8654.5	2.5052104528344303e-17	1.3946754818566678e-17
8654.749999999998	2.835329301753728e-17	1.424028647637602e-17
8654.999999999998	3.766578830661032e-17	1.5287144752927206e-17
8655.249999999998	2.5085803866499714e-17	1.541400778911324e-17
8655.5	6.866674418986449e-18	1.4996026808145293e-17
8655.749999999998	1.699384500411194e-17	1.4559210924629515e-17
8655.999999999998	4.7526763898810126e-17	1.4043594507239486e-17
8656.25	3.522452354733767e-17	1.1672343969374548e-17
8656.499999999998	2.598237500627859e-17	9.271421635756721e-18
8656.749999999998	3.084147215243149e-17	8.637763236232924e-18
8656.999999999998	2.3251261197283683e-17	8.182248107789773e-18
8657.25	2.0783174279468387e-17	8.047949545077501e-18
8657.499999999998	2.5339632509267736e-17	8.491016432482342e-18
8657.749999999998	2.1988900864466507e-17	9.322083139553144e-18
8657.999999999998	2.7290787792519043e-17	1.1229320922542173e-17
8658.25	3.397256252918151e-17	1.3124931027660544e-17
8658.499999999998	1.7681786304153918e-17	1.377015920241212e-17
8658.749999999998	1.070529869576738e-17	1.4310729177341036e-17
8658.999999999998	3.086878565625799e-17	1.4635625869617164e-17
8659.25	4.611509746542713e-17	1.4773659152795113e-17
8659.499999999998	3.079811465344391e-17	1.4557037093979726e-17
8659.749999999998	2.8219183879185284e-17	1.4855543415992962e-17
8659.999999999998	3.6201390763538295e-17	1.554589842906237e-17
8660.25	2.7284658384180025e-17	1.5460869225175593e-17
8660.499999999998	2.541494068659579e-17	1.502516341804186e-17
8660.749999999998	2.426837736772991e-17	1.3421669664704754e-17
8660.999999999998	2.6417941847069412e-17	1.140668085358273e-17
8661.25	2.7411011877108725e-17	9.702128790448795e-18
8661.499999999998	2.465856342575485e-17	8.061920625623522e-18
8661.749999999998	1.637151897898012e-17	7.54958563372349e-18
8661.999999999998	1.9384110769898248e-17	7.364795966420981e-18
8662.25	2.6852851906453868e-17	7.641029623260615e-18
8662.499999999998	3.259523070866437e-17	8.311575315020601e-18
8662.749999999998	2.8762211407714095e-17	9.190091583569282e-18
8663.0	3.2859915269791535e-17	1.1128353602612725e-17
8663.249999999998	3.935001736927444e-17	1.2959678539245925e-17
8663.499999999998	1.603636028402466e-17	1.3349506428065628e-17
8663.749999999998	5.457214489887437e-18	1.3717271755587317e-17
8664.0	2.0942115379809226e-17	1.3968895134842272e-17
8664.249999999998	3.269028368721406e-17	1.408937729978307e-17
8664.499999999998	2.6480499862435573e-17	1.3965604610365536e-17
8664.749999999998	2.648225513969541e-17	1.4342731140879488e-17
8665.0	3.245565225210217e-17	1.4976523543662518e-17
8665.249999999998	2.2709891338702427e-17	1.4626004104731947e-17
8665.499999999998	1.594367304202687e-17	1.3896951928246085e-17
8665.749999999998	1.772597760119895e-17	1.2370251141436564e-17
8666.0	2.7402938594330207e-17	1.0643589367709699e-17
8666.249999999998	2.891938565026652e-17	9.377131182137935e-18
8666.499999999998	2.6454992921066888e-17	8.312489349597472e-18
8666.749999999998	1.8910412557229956e-17	8.00460776252156e-18
8667.0	2.3850525426937524e-17	7.915547707509813e-18
8667.249999999998	3.206709573988396e-17	8.077666008583469e-18
8667.499999999998	3.484622738343757e-17	8.17733548213182e-18
8667.749999999998	3.238468346426757e-17	8.251177068233817e-18
8668.0	2.842583675725818e-17	9.453717353512382e-18
8668.249999999998	2.110305660287122e-17	1.0709719976141475e-17
8668.499999999998	2.779978676500865e-17	1.2265110695316786e-17
8668.749999999998	2.9598596886123613e-17	1.3337510654822384e-17
8669.0	2.2600691917316852e-17	1.3175251733044595e-17
8669.249999999998	2.894074345368264e-17	1.3212947180739249e-17
8669.499999999998	4.231648556923661e-17	1.3481658457088325e-17
8669.749999999998	3.815555863858052e-17	1.3581854844686873e-17
8669.999999999998	2.1031048876187252e-17	1.3564265676141545e-17
8670.249999999998	1.2950183332994429e-17	1.3454984363875327e-17
8670.499999999998	1.4422984203909382e-17	1.3336967197159937e-17
8670.75	1.1471000763653629e-17	1.2224395211205701e-17
8670.999999999998	1.7035055142229333e-17	1.0975990242502908e-17
8671.249999999998	2.9583191474395426e-17	9.909209320898382e-18
8671.499999999998	3.785929232166608e-17	8.875476746307188e-18
8671.75	2.2830332144612598e-17	8.004845990537975e-18
8671.999999999998	2.3576078480221005e-17	7.646379827462608e-18
8672.249999999998	3.336739388431527e-17	7.80750882052365e-18
8672.499999999998	3.1988722031205786e-17	7.611857444597707e-18
8672.75	2.513416249947079e-17	7.263968440015055e-18
8672.999999999998	2.6483992218981772e-17	7.89224768401542e-18
8673.249999999998	2.763539289006986e-17	8.617441062943722e-18
8673.499999999998	2.809197011841953e-17	9.725022668262425e-18
8673.75	2.4370377009063825e-17	1.0611225099062949e-17
8673.999999999998	1.7676234267882462e-17	1.1136759411997489e-17
8674.249999999998	1.8324594975613776e-17	1.1514110935638055e-17
8674.499999999998	2.924807744719304e-17	1.1723089845593452e-17
8674.75	2.157408136779974e-17	1.152051165921799e-17
8674.999999999998	3.1342164990800144e-18	1.1129889677010236e-17
8675.249999999998	1.1216897496922239e-17	1.1583050649430062e-17
8675.499999999998	2.5950899129609722e-17	1.2144418426500399e-17
8675.75	2.2554837987240587e-17	1.1986824803377409e-17
8675.999999999998	2.1268477836130798e-17	1.1651693405382162e-17
8676.249999999998	2.398242764741523e-17	1.0678035649958244e-17
8676.499999999998	2.5538475147996908e-17	9.59774438740889e-18
8676.749999999998	2.091252878365943e-17	8.412752738825637e-18
8676.999999999998	1.850413452756841e-17	7.779639451325513e-18
8677.249999999998	2.3799559520675682e-17	7.59190005795864e-18
8677.5	3.008709666867293e-17	7.774389335977639e-18
8677.749999999998	3.573897033134155e-17	8.060086766205492e-18
8677.999999999998	2.8174873468132043e-17	7.683117400007925e-18
8678.249999999998	2.1921702365863924e-17	7.38899513524122e-18
8678.5	2.464614744476043e-17	7.737846978056884e-18
8678.749999999998	3.1924456715055316e-17	8.259756585547217e-18
8678.999999999998	3.0481373962007555e-17	9.064229435924439e-18
8679.249999999998	3.242607558211972e-17	9.766085568230782e-18
8679.5	3.5743883784180116e-17	1.038708893156313e-17
8679.749999999998	3.106566787693541e-17	1.0533767906503483e-17
8679.999999999998	2.931543641883446e-17	1.0511960116834135e-17
8680.249999999998	3.543257932372946e-17	1.060489468583508e-17
8680.5	3.8274053915689967e-17	1.068667224273391e-17
8680.749999999998	2.4954937276148924e-17	1.0585906754873926e-17
8680.999999999998	1.8136315433306906e-17	1.0589636512255927e-17
8681.249999999998	2.858271652351254e-17	1.0894728019125698e-17
8681.5	2.9843194193255543e-17	1.0586479163857812e-17
8681.749999999998	2.1523347072109412e-17	9.531079420301404e-18
8681.999999999998	2.2279466252599234e-17	8.778450114815943e-18
8682.249999999998	2.805622268106744e-17	8.203082305878146e-18
8682.5	2.3284929102575816e-17	7.9032574579685e-18
8682.749999999998	2.2197565445789134e-17	7.667563922950091e-18
8682.999999999998	2.466384745550784e-17	7.68673135210417e-18
8683.249999999998	2.55750332223493e-17	7.68064330279578e-18
8683.5	2.5549830683446036e-17	7.566924166543214e-18
8683.749999999998	2.7215362155544007e-17	7.598472835105987e-18
8683.999999999998	3.0073934570765985e-17	7.848448470580737e-18
8684.25	2.88152766983706e-17	7.912794850431237e-18
8684.499999999998	2.2365454985996572e-17	7.847716415738627e-18
8684.749999999998	1.8185148867949587e-17	7.99708124612794e-18
8684.999999999998	1.1554125797770307e-17	8.213330246487066e-18
8685.25	2.8313406368399974e-17	9.272142937250867e-18
8685.499999999998	4.672676444118559e-17	1.0132415737389691e-17
8685.749999999998	4.9003039755478415e-17	1.0251510720443239e-17
8685.999999999998	4.430730747158229e-17	1.0101513096885323e-17
8686.25	2.6421371337889057e-17	9.447458904997806e-18
8686.499999999998	1.804116153872248e-17	9.217424112549872e-18
8686.749999999998	1.9866208174506404e-17	9.366880759987178e-18
8686.999999999998	2.339846956781607e-17	9.418589474439093e-18
8687.25	2.9067775234713634e-17	9.438331794118896e-18
8687.499999999998	2.77826972135533e-17	8.844862791836601e-18
8687.749999999998	2.1547150021416238e-17	8.165843461881621e-18
8687.999999999998	2.140099713334547e-17	7.655680646270154e-18
8688.25	1.982900820799867e-17	7.317300082828799e-18
8688.499999999998	2.2290482643997215e-17	7.484651128457465e-18
8688.749999999998	2.29208389385157e-17	7.55445855471204e-18
8688.999999999998	2.2995240525892395e-17	7.520455641271823e-18
8689.25	2.246836287164307e-17	7.472009327155817e-18
8689.499999999998	2.1313885088676284e-17	7.4362602354425e-18
8689.749999999998	2.5023495659678544e-17	7.52890777277089e-18
8689.999999999998	2.979771249445493e-17	7.644736219585465e-18
8690.25	2.6393142972305073e-17	7.582247687390759e-18
8690.499999999998	2.2500072013244676e-17	7.642265431095769e-18
8690.749999999998	2.633836045469691e-17	8.105915053682767e-18
8690.999999999998	2.749468946787459e-17	8.421486111732972e-18
8691.249999999998	2.4907228807139316e-17	8.571781520311407e-18
8691.499999999998	2.4547320868256268e-17	8.698702459140319e-18
8691.749999999998	2.5519325916816305e-17	8.834872931578798e-18
8692.0	2.3114299940179602e-17	8.815296875202118e-18
8692.249999999998	1.971957717604158e-17	8.756858219286472e-18
8692.499999999998	2.573148616340758e-17	8.886830627395091e-18
8692.749999999998	2.975329620428328e-17	8.93820350651831e-18
8693.0	2.3276961698915705e-17	8.579260887410112e-18
8693.249999999998	2.062817386756575e-17	8.261590444965247e-18
8693.499999999998	1.9183994273025744e-17	8.048787479038017e-18
8693.749999999998	2.1400977281010767e-17	7.90582337222864e-18
8694.0	2.5005059458185962e-17	7.82283068700997e-18
8694.249999999998	2.440252290202886e-17	7.665462884194206e-18
8694.499999999998	2.194205431765518e-17	7.480053658612895e-18
8694.749999999998	2.56533754981642e-17	7.633473328364943e-18
8695.0	2.912555214613924e-17	7.77981977669905e-18
8695.249999999998	2.7155545416727848e-17	7.637394991649057e-18
8695.499999999998	2.4906093915338893e-17	7.493074308635092e-18
8695.749999999998	2.0729045234544142e-17	7.329950155936573e-18
8696.0	2.1025344638683087e-17	7.402543526494226e-18
8696.249999999998	2.5424299408046213e-17	7.702854756604053e-18
8696.499999999998	3.049581653550273e-17	8.075687392558242e-18
8696.749999999998	3.56476760614953e-17	8.46745750145622e-18
8697.0	3.445480882629993e-17	8.586769205830255e-18
8697.249999999998	3.3000631926876606e-17	8.65554927376404e-18
8697.499999999998	2.6276920787518922e-17	8.438499562571963e-18
8697.749999999998	2.0911483227365163e-17	8.176007857248673e-18
8697.999999999998	1.5538428988131015e-17	7.80485853384103e-18
8698.249999999998	1.7490073962304953e-17	7.836148294872073e-18
8698.499999999998	2.7511755858272783e-17	8.36692362416775e-18
8698.75	2.8490442871821023e-17	8.601452488883684e-18
8698.999999999998	2.4152366941180574e-17	8.684355838596199e-18
8699.249999999998	3.066398897147966e-17	8.914204515406309e-18
8699.499999999998	3.0746852616522774e-17	9.172998723391487e-18
8699.75	2.8818062642673676e-17	9.224958073569005e-18
8699.999999999998	2.781218123930714e-17	9.198770362556189e-18
8700.249999999998	2.332280239410217e-17	8.838665554687354e-18
8700.499999999998	2.3884251234872536e-17	8.585114017424537e-18
8700.75	2.4147678481468624e-17	8.512609982373039e-18
8700.999999999998	2.814877426544477e-17	8.42082767596538e-18
8701.249999999998	3.0442989472862644e-17	8.298955847595492e-18
8701.499999999998	2.736860894454803e-17	8.04539603852655e-18
8701.75	2.184886249548373e-17	7.741997770370675e-18
8701.999999999998	2.1497242906338464e-17	7.603201826667952e-18
8702.249999999998	2.197800855016041e-17	7.51315825390788e-18
8702.499999999998	2.3039196903643463e-17	7.636251000861896e-18
8702.75	2.3146717148385556e-17	7.702423795504913e-18
8702.999999999998	2.1593604484617216e-17	7.683033027585445e-18
8703.249999999998	2.4361982780207637e-17	7.867219680221403e-18
8703.499999999998	3.107808220356861e-17	8.231959181062372e-18
8703.75	3.06489872238904e-17	8.273504327327848e-18
8703.999999999998	2.824318204311667e-17	8.192749992846746e-18
8704.249999999998	2.5435061027815528e-17	8.037593243808337e-18
8704.499999999998	2.239372967369486e-17	7.88987946592168e-18
8704.75	2.381553237830408e-17	7.907340421472062e-18
8704.999999999998	2.6876021235411478e-17	7.942336778827956e-18
8705.249999999998	3.2395502986679763e-17	8.040750592206452e-18
8705.5	3.191158909344644e-17	8.180581338855479e-18
8705.749999999998	2.4134387343386122e-17	8.366312337695073e-18
8705.999999999998	2.2302817561291606e-17	8.709014919837017e-18
8706.249999999998	3.1057614446491596e-17	9.108027822178509e-18
8706.5	2.3460150771732924e-17	9.017581412460123e-18
8706.749999999998	1.5092884694791577e-17	8.857110855166674e-18
8706.999999999998	2.069573136255418e-17	9.153053744461608e-18
8707.249999999998	2.4971193029546816e-17	9.306802632097452e-18
8707.5	2.2427673857311585e-17	9.01241236081228e-18
8707.749999999998	1.935208068221897e-17	8.618811701218722e-18
8707.999999999998	8.449063486174878e-18	8.099625172304914e-18
8708.249999999998	1.5254972390182568e-17	7.951778218339636e-18
8708.5	2.6452886919227328e-17	8.077943114088674e-18
8708.749999999998	2.3236137026963763e-17	7.847906667279515e-18
8708.999999999998	1.6298088501642564e-17	7.519522581540863e-18
8709.249999999998	1.786629886595122e-17	7.435280026416625e-18
8709.5	2.086158603845474e-17	7.522065334743851e-18
8709.749999999998	3.653416883269083e-17	8.331425168180036e-18
8709.999999999998	4.2645511547130606e-17	8.615779257093103e-18
8710.249999999998	3.1320429579434394e-17	8.097718520992979e-18
8710.5	2.454256457973409e-17	7.772411547133025e-18
8710.749999999998	2.212934951503311e-17	7.621585088601331e-18
8710.999999999998	2.339441307409211e-17	7.639827729830575e-18
8711.249999999998	2.6353659987306692e-17	7.721422479814031e-18
8711.5	3.3379526969540195e-17	8.054964863852563e-18
8711.749999999998	3.9092029662386504e-17	8.304452462765907e-18
8711.999999999998	3.2945227369447804e-17	8.006691430484581e-18
8712.249999999998	2.8455668198869294e-17	7.771057452470275e-18
8712.499999999998	2.6722628862619645e-17	7.699019947284257e-18
8712.749999999998	2.461331333752575e-17	7.563727113475697e-18
8712.999999999998	2.0574092799117034e-17	7.375471559406591e-18
8713.25	1.9888417973953452e-17	7.21596963061044e-18
8713.499999999998	1.99671721857134e-17	7.067703296074598e-18
8713.749999999998	2.3139446230801214e-17	7.456479838335747e-18
8713.999999999998	2.792832401475449e-17	7.869481192016123e-18
8714.25	3.202542568934599e-17	8.119206191765269e-18
8714.499999999998	3.318615530338245e-17	8.205580391328056e-18
8714.749999999998	2.6405699574003628e-17	7.877145020391426e-18
8714.999999999998	2.0262224201488616e-17	7.522759339277783e-18
8715.25	1.4252247508033537e-17	7.132854522661113e-18
8715.499999999998	1.892731020278319e-17	7.334560860670943e-18
8715.749999999998	2.9402687429846554e-17	7.823953171101204e-18
8715.999999999998	2.8189263102068016e-17	7.755521346205305e-18
8716.25	2.5662704441112572e-17	7.62215501604338e-18
8716.499999999998	2.320164028669785e-17	7.57193853541651e-18
8716.749999999998	2.1378309223504364e-17	7.518725179430362e-18
8716.999999999998	2.086113605220151e-17	7.480707958477425e-18
8717.25	2.1425615682736272e-17	7.501077281061543e-18
8717.499999999998	2.3031055792054716e-17	7.599879042147327e-18
8717.749999999998	2.098742833376488e-17	7.544426508242997e-18
8717.999999999998	1.7677700031927906e-17	7.381519076864966e-18
8718.25	1.7865211950626327e-17	7.397604431056672e-18
8718.499999999998	1.8950477877379574e-17	7.466211618242433e-18
8718.749999999998	2.9173733762459227e-17	7.93054780073785e-18
8718.999999999998	3.4622746342982894e-17	8.153996581148637e-18
8719.249999999998	2.1849769085435088e-17	7.326304770977051e-18
8719.499999999998	1.5914308130281236e-17	6.965622591040654e-18
8719.749999999998	2.1530080322295594e-17	7.480809701692769e-18
8720.0	2.5200778662922134e-17	7.732560466762058e-18
8720.249999999998	2.7821091628865564e-17	7.802420832575836e-18
8720.499999999998	2.530663462027177e-17	7.627928736719e-18
8720.749999999998	2.0384327640430018e-17	7.366432956853224e-18
8721.0	2.425110749090103e-17	7.670669986150227e-18
8721.249999999998	2.80346067973002e-17	7.916178019136579e-18
8721.499999999998	2.3635387330141058e-17	7.648546213486884e-18
8721.749999999998	2.231865310693832e-17	7.567602454645508e-18
8722.0	2.8509669857979206e-17	7.898694729709658e-18
8722.249999999998	2.72261618256215e-17	7.85579797032327e-18
8722.499999999998	1.8288807833592282e-17	7.491475368511027e-18
8722.749999999998	2.107263951738642e-17	7.546738478055083e-18
8723.0	2.890344753422385e-17	7.769920906308628e-18
8723.249999999998	3.186572689156405e-17	7.952644276440979e-18
8723.499999999998	3.345277215842054e-17	8.103613837218645e-18
8723.749999999998	3.277134738724426e-17	8.036075367384302e-18
8724.0	3.2480557005984916e-17	8.020114917465092e-18
8724.249999999998	3.426623811641744e-17	8.131857919234268e-18
8724.499999999998	3.449914901585522e-17	8.151496014156889e-18
8724.749999999998	3.295160327760936e-17	8.085596189116014e-18
8725.0	3.2314402890702614e-17	8.06754462660827e-18
8725.249999999998	3.1852061867844675e-17	8.088708042580439e-18
8725.499999999998	2.866680439586223e-17	8.255016840637288e-18
8725.749999999998	2.4961549757965673e-17	8.412571586271488e-18
8726.0	1.6118547295326704e-17	8.156014901843266e-18
8726.249999999998	1.434402485135752e-17	8.089253154604111e-18
8726.499999999998	2.73763166134958e-17	8.61562622867978e-18
8726.75	3.2677564958115445e-17	8.767738125883382e-18
8726.999999999998	2.902703824390662e-17	8.457840699654678e-18
8727.249999999998	2.6847471923749823e-17	8.173215295500694e-18
8727.499999999998	2.4894081598483398e-17	7.887794143597434e-18
8727.75	2.4223698034123472e-17	7.73469293838122e-18
8727.999999999998	2.2758021669824438e-17	7.611094784072933e-18
8728.249999999998	2.0893511901376835e-17	7.562825486608014e-18
8728.499999999998	1.9149861492229356e-17	7.49445073717438e-18
8728.75	1.8113816120645464e-17	7.399283607700155e-18
8728.999999999998	1.9189260104805257e-17	7.398195038014035e-18
8729.249999999998	2.3500576742629615e-17	7.565551873906989e-18
8729.499999999998	2.487039114573988e-17	7.648546213486884e-18
8729.75	2.4398966025394883e-17	7.678989768751286e-18
8729.999999999998	2.3782964623226643e-17	7.664157593187598e-18
8730.249999999998	2.276857814880184e-17	7.650497532551897e-18
8730.499999999998	2.017220213542447e-17	7.467064441453975e-18
8730.75	1.9232208976570235e-17	7.354266784403794e-18
8730.999999999998	2.5477386205398642e-17	7.659852945279872e-18
8731.249999999998	2.821693725664159e-17	7.803714543053869e-18
8731.499999999998	2.4809872957764275e-17	7.677308110565966e-18
8731.75	2.5664626808856145e-17	7.735851818419406e-18
8731.999999999998	3.014127038135025e-17	7.949571300465344e-18
8732.249999999998	2.8363341607618575e-17	7.884726130705475e-18
8732.499999999998	2.3829127918852003e-17	7.722194239325543e-18
8732.75	2.5844397971382295e-17	7.71513342561679e-18
8732.999999999998	2.784942752792918e-17	7.734075861644255e-18
8733.249999999998	2.958500796302059e-17	7.8997452490876e-18
8733.499999999998	2.9910275232211144e-17	7.940828828571271e-18
8733.749999999998	2.7374250316325643e-17	7.713576671703966e-18
8733.999999999998	2.94112437861028e-17	7.793325154560203e-18
8734.249999999998	3.5875392266686247e-17	8.159049000330111e-18
8734.5	3.020111524430724e-17	7.889881947463518e-18
8734.749999999998	1.9422958480186188e-17	7.31497735966875e-18
8734.999999999998	2.3123205366654348e-17	7.518721870707912e-18
8735.249999999998	2.8253515183328685e-17	7.828807894116278e-18
8735.5	3.5357620216619904e-17	8.267078788329536e-18
8735.749999999998	3.909488839858349e-17	8.518536731461981e-18
8735.999999999998	3.446002668160391e-17	8.339817742675e-18
8736.249999999998	3.2432332376273074e-17	8.28121613217868e-18
8736.5	3.279321142519526e-17	8.348570967917035e-18
8736.749999999998	3.1023895256001484e-17	8.333410401650163e-18
8736.999999999998	2.938953525810696e-17	8.263063653636204e-18
8737.249999999998	2.718005974136147e-17	8.229949959354481e-18
8737.5	2.6580085790742057e-17	8.21448499062219e-18
8737.749999999998	3.2985203354091267e-17	8.43001930693207e-18
8737.999999999998	3.524712873911752e-17	8.52533367455533e-18
8738.249999999998	2.9245460247734925e-17	8.25887646537546e-18
8738.5	2.6728983264085277e-17	8.112832765145548e-18
8738.749999999998	2.795222291701237e-17	8.141153774958139e-18
8738.999999999998	2.6325985832733117e-17	8.025676879903898e-18
8739.249999999998	2.3540675150003736e-17	7.812143513495784e-18
8739.5	2.1547742282734826e-17	7.819106719892256e-18
8739.749999999998	2.077324149467285e-17	7.88411236269096e-18
8739.999999999998	1.654775146284577e-17	7.980109154319577e-18
8740.249999999998	1.557158238708214e-17	8.076952151714835e-18
8740.499999999998	2.0125090890817125e-17	8.189556248501679e-18
8740.749999999998	2.0898031616243825e-17	8.044644131349739e-18
8740.999999999998	1.4650017157914362e-17	7.47751173259052e-18
8741.25	1.637682616979026e-17	7.394362710236077e-18
8741.499999999998	2.216286687345376e-17	7.659252412155158e-18
8741.749999999998	2.7527897460746143e-17	7.94112992231424e-18
8741.999999999998	3.2841849645213377e-17	8.223066162296815e-18
8742.25	2.881830748813499e-17	8.149236983904007e-18
8742.499999999998	2.5718333991667988e-17	8.08497911237905e-18
8742.749999999998	2.6795852544804064e-17	8.118960519123341e-18
8742.999999999998	2.6489708037014513e-17	8.009210195449805e-18
8743.25	2.175200957192112e-17	7.643722096154475e-18
8743.499999999998	2.1132456256202578e-17	7.534315052435149e-18
8743.749999999998	2.3932568508812984e-17	7.637263469931661e-18
8743.999999999998	2.1990235933975168e-17	7.612372778119328e-18
8744.25	1.8106293740154907e-17	7.53527127322326e-18
8744.499999999998	2.2487474052515494e-17	7.799267620080784e-18
8744.749999999998	2.6863284308339387e-17	8.00974620848674e-18
8744.999999999998	2.3089891494664388e-17	7.778856111285425e-18
8745.25	2.0842052995469912e-17	7.622318797804665e-18
8745.499999999998	2.0694871094717126e-17	7.594794362921963e-18
8745.749999999998	2.0931821944266616e-17	7.586854256222067e-18
8745.999999999998	2.153672092825317e-17	7.594823314243403e-18
8746.25	2.3670663274543994e-17	7.780972866472949e-18
8746.499999999998	2.7433643538668176e-17	8.02202901340254e-18
8746.749999999998	2.3265212425495002e-17	7.873989326354537e-18
8746.999999999998	1.854888168998508e-17	7.71520787187192e-18
8747.249999999998	2.1827827292506506e-17	7.781901790300846e-18
8747.499999999998	2.4934314009116752e-17	7.83176671916738e-18
8747.749999999998	2.4152730900650098e-17	7.83991196665919e-18
8748.0	2.4439570667303886e-17	7.890165670413624e-18
8748.249999999998	2.7029081081597065e-17	8.013810146836213e-18
8748.499999999998	2.280556304835031e-17	7.768848880234759e-18
8748.749999999998	1.4154155467913324e-17	7.33171205064131e-18
8749.0	1.8228837239182187e-17	7.71379504738568e-18
8749.249999999998	2.2972271374643022e-17	8.168272064160077e-18
8749.499999999998	2.176019369690172e-17	8.25946293642976e-18
8749.749999999998	2.2254579696689964e-17	8.402441932490164e-18
8750.0	2.6381210064788383e-17	8.664147816231528e-18
8750.249999999998	2.613261747529782e-17	8.496422057785376e-18
8750.499999999998	2.104288086766921e-17	7.79276680764673e-18
8750.749999999998	1.9667137233928167e-17	7.571828520395041e-18
8751.0	1.7774281640249597e-17	7.629469774200186e-18
8751.249999999998	2.5279431958647352e-17	7.859496294841995e-18
8751.499999999998	3.361432053205215e-17	8.098142037466606e-18
8751.749999999998	2.4059077511696844e-17	7.734081651908543e-18
8752.0	1.824752324921976e-17	7.503309841534824e-18
8752.249999999998	2.524058755708186e-17	7.746829332328597e-18
8752.499999999998	3.0010271442101454e-17	7.990631718891864e-18
8752.749999999998	3.2909354200642604e-17	8.23294021726886e-18
8753.0	3.239654854297403e-17	8.202192259539039e-18
8753.249999999998	2.8319947712684043e-17	7.997630494054675e-18
8753.499999999998	2.6275972838536936e-17	7.915350838524026e-18
8753.749999999998	2.5134978099554766e-17	7.86596815595461e-18
8754.0	2.3634495629440725e-17	7.793753634117505e-18
8754.249999999998	2.3226346517233585e-17	7.771983067575722e-18
8754.499999999998	2.70647127136634e-17	7.96903568745933e-18
8754.749999999998	2.656257437717431e-17	7.97621230645384e-18
8754.999999999998	2.0351149426060516e-17	7.679842591962828e-18
8755.249999999998	2.0060967849732014e-17	7.616755181004634e-18
8755.499999999998	2.3520179268785897e-17	7.726556789876148e-18
8755.75	2.235364780993299e-17	7.766917413504448e-18
8755.999999999998	2.0084448198599944e-17	7.789584643830238e-18
8756.249999999998	2.0371681703225308e-17	7.79449726948819e-18
8756.499999999998	2.00135753637164e-17	7.789156164272936e-18
8756.75	1.798507373010771e-17	7.732383450110971e-18
8756.999999999998	2.7018180495484842e-17	8.224518691452458e-18
8757.249999999998	2.3058208822842382e-17	9.56190347864758e-18
8757.499999999998	2.1835214015376605e-17	1.1959495583119269e-17
8757.75	1.4781241090289774e-17	1.4554515847472664e-17
8757.999999999998	2.355742390304671e-17	1.642086691996381e-17
8758.249999999998	4.9030482299480474e-17	1.795119902966244e-17
8758.499999999998	3.221274901086475e-17	1.7181629892412505e-17
8758.75	1.9687959024307352e-17	1.6122406920064876e-17
8758.999999999998	1.4506641942340545e-17	1.4575870342166333e-17
8759.249999999998	1.764128423264087e-17	1.3538807538429001e-17
8759.499999999998	1.8777302653057923e-17	1.3638679671227428e-17
8759.75	2.842787493028751e-17	1.5243277710682294e-17
8759.999999999998	1.5262678404769112e-17	1.7951551408603387e-17
8760.249999999998	2.108942962946002e-17	2.2258847948650737e-17
8760.499999999998	2.692004378761155e-17	2.6092401608276718e-17
8760.75	1.1814652121958171e-17	2.7651646989106526e-17
8760.999999999998	1.3704750722655101e-17	2.865479042464551e-17
8761.249999999998	3.235459725102779e-17	2.7189145493209752e-17
8761.499999999998	3.6218083268299615e-17	2.484038268747768e-17
8761.749999999998	1.262691618652503e-17	1.9522266475806855e-17
8761.999999999998	2.0707700666017824e-17	1.5171700117916855e-17
8762.249999999998	2.541676544702708e-17	1.2198895714462529e-17
8762.5	2.833143559703118e-17	1.0585293814040024e-17
8762.749999999998	2.1732810709903765e-17	9.733497960818643e-18
8762.999999999998	2.894090227236025e-17	9.665130656010523e-18
8763.249999999998	3.6795885469780156e-17	9.650563178242852e-18
8763.5	2.9269795901356235e-17	9.106279989544184e-18
8763.749999999998	2.100462541869986e-17	8.641819729956885e-18
8763.999999999998	2.0977149787473297e-17	8.468367400130028e-18
8764.249999999998	2.584898386069829e-17	8.586243118960672e-18
8764.5	3.558906204328979e-17	9.005151369395289e-18
8764.749999999998	2.5257715158845384e-17	9.862373527435017e-18
8764.999999999998	-1.7465556742539187e-18	1.096741816981502e-17
8765.249999999998	1.0648026364515433e-17	1.4818265694507648e-17
8765.5	2.221964124197695e-17	1.807795784109129e-17
8765.749999999998	7.467378770086745e-18	1.921249560821187e-17
8765.999999999998	-4.112125342466995e-18	1.9969599133630632e-17
8766.249999999998	-1.7519169213170893e-17	1.973981828563075e-17
8766.5	-1.26605534861345e-18	2.160871376568611e-17
8766.749999999998	-4.5199634347638154e-18	2.5064442754361144e-17
8766.999999999998	-1.1533130299462486e-17	2.8715892602133576e-17
8767.249999999998	-6.008467916017782e-18	3.199442626870995e-17
8767.5	-7.655701325785468e-18	3.231556756100509e-17
8767.749999999998	1.9414906704103597e-17	3.233589635173919e-17
8767.999999999998	3.633183383741546e-17	2.837499492808822e-17
8768.249999999998	6.639960094953425e-17	2.3795762761664064e-17
8768.499999999998	3.2929160213229574e-17	1.7685204214444987e-17
8768.749999999998	3.28399074251351e-17	1.3178640692014224e-17
8768.999999999998	3.4089912988323186e-17	1.1411828398534648e-17
8769.25	3.545960165998034e-17	1.0499176040467128e-17
8769.499999999998	3.2110876755345167e-17	1.0022557880236524e-17
8769.749999999998	2.5976890798817363e-17	9.523012754967787e-18
8769.999999999998	1.9091975392962895e-17	8.99974739845348e-18
8770.25	2.4210666630753312e-17	9.066088110760845e-18
8770.499999999998	2.6152363930880687e-17	9.025027692334326e-18
8770.749999999998	2.4452228185037172e-17	8.563323598548052e-18
8770.999999999998	2.3791145439484793e-17	8.223626990752126e-18
8771.25	2.5332361591683395e-17	8.105771124256183e-18
8771.499999999998	2.5403143436699557e-17	8.025649582943684e-18
8771.749999999998	2.5328318332849235e-17	7.97302435237306e-18
8771.999999999998	2.3729752094421107e-17	7.89794695843591e-18
8772.25	2.1542756038002356e-17	7.81678813263527e-18
8772.499999999998	2.2395613991130255e-17	7.862664396588073e-18
8772.749999999998	2.4104820599571026e-17	7.961156792124762e-18
8772.999999999998	3.212638804619176e-17	8.262461466150265e-18
8773.25	3.202549186379499e-17	8.288035409148567e-18
8773.499999999998	1.9887690055014406e-17	7.854783019711668e-18
8773.749999999998	1.519930313495775e-17	7.77121461678666e-18
8773.999999999998	1.542337809109224e-17	7.943134180938457e-18
8774.25	1.9897230756199592e-17	8.445293196942861e-18
8774.499999999998	1.64565878875363e-17	9.050904383436822e-18
8774.749999999998	1.956765056729519e-17	1.2216412918294564e-17
8774.999999999998	1.9759407576897232e-17	1.5419890697629716e-17
8775.25	2.8260880399502857e-17	1.9394879007112463e-17
8775.499999999998	2.1663674954306583e-17	2.1934482306327868e-17
8775.749999999998	2.9275235441064384e-17	2.291833754434334e-17
8775.999999999998	2.586061236574956e-17	2.2481046859155957e-17
8776.249999999998	4.578722954039071e-17	2.1296295920130957e-17
8776.499999999998	2.4353438004479964e-17	1.8275920359648706e-17
8776.749999999998	-2.6777348514501253e-17	1.484815834748409e-17
8777.0	-1.1741449946469679e-17	2.096917742072951e-17
8777.249999999998	-1.6067708774879195e-17	2.6578974059998786e-17
8777.499999999998	-6.5801369868465485e-18	3.161346658323743e-17
8777.749999999998	-1.3896874173268505e-17	3.46056998049194e-17
8778.0	1.647282047987704e-17	3.531780966809895e-17
8778.249999999998	-6.469631447273752e-18	3.3138820720009715e-17
8778.499999999998	1.2222916212270456e-17	2.9040832307801557e-17
8778.749999999998	1.9201504032232267e-17	2.2933188745061117e-17
8779.0	4.739603048453796e-18	1.5017305202222607e-17
8779.249999999998	1.9188638064984617e-17	1.2097585941759484e-17
8779.499999999998	2.849416849329996e-17	9.508208703544926e-18
8779.749999999998	3.539017804552999e-17	9.20702645225008e-18
8780.0	3.108246956953759e-17	8.975707048310851e-18
8780.249999999998	3.3746245913587005e-17	8.68593409920495e-18
8780.499999999998	3.044164282282541e-17	8.457621496792351e-18
8780.749999999998	2.4778225027527996e-17	8.277220849820049e-18
8781.0	2.3547757470408415e-17	8.104263173999499e-18
8781.249999999998	2.4289645835639875e-17	7.92482619244082e-18
8781.499999999998	2.0532404550605586e-17	7.742839840234254e-18
8781.749999999998	1.6611196215828586e-17	7.598076615592574e-18
8782.0	2.1163584717014174e-17	7.792938034033528e-18
8782.249999999998	2.4862934939698326e-17	7.986695166356724e-18
8782.499999999998	2.7320981539238453e-17	8.170928968287597e-18
8782.749999999998	2.7179250758722392e-17	8.15354411335357e-18
8782.999999999998	2.3952634256112295e-17	7.924614434204007e-18
8783.249999999998	2.1654337739552084e-17	7.831347338596815e-18
8783.499999999998	2.0588035755522227e-17	7.795697508557005e-18
8783.75	2.5072516037139662e-17	7.975333840643308e-18
8783.999999999998	2.9345469692515036e-17	8.15610341016881e-18
8784.249999999998	2.5697571758292907e-17	8.000364325979163e-18
8784.499999999998	2.2643520020712397e-17	7.858190176654774e-18
8784.75	1.9680598771216855e-17	7.724161274822194e-18
8784.999999999998	1.6993580306315924e-17	7.589318427266862e-18
8785.249999999998	1.565978465579867e-17	7.44560737636435e-18
8785.499999999998	2.5149230421509055e-17	7.811981386095724e-18
8785.75	3.937586841777795e-17	8.372258939118716e-18
8785.999999999998	3.223146314504315e-17	8.250736180967326e-18
8786.249999999998	2.3274422254435167e-17	8.036372325224209e-18
8786.499999999998	2.4650404116192627e-17	7.967563305968985e-18
8786.75	2.6851665729455467e-17	8.00831435884641e-18
8786.999999999998	3.208362942596767e-17	8.335135073227337e-18
8787.249999999998	3.1180652599525183e-17	8.336461043749259e-18
8787.499999999998	2.373379039017159e-17	7.958433713548238e-18
8787.75	2.3064856046244858e-17	7.960004529531476e-18
8787.999999999998	2.6632252763253326e-17	8.156669201707796e-18
8788.249999999998	2.0717736021209317e-17	7.767450944999544e-18
8788.499999999998	1.2757512288815515e-17	7.30724652966383e-18
8788.75	1.674877124094718e-17	7.802249606189038e-18
8788.999999999998	2.081341765702455e-17	8.501469513883175e-18
8789.249999999998	3.961442068899334e-17	9.750279801086119e-18
8789.499999999998	4.17282278048134e-17	1.1013457388348497e-17
8789.749999999998	1.6603131204856194e-17	1.2509573999189483e-17
8789.999999999998	1.7443033855230287e-17	1.6222992082551325e-17
8790.249999999998	2.5899195378241482e-17	1.9913675106777147e-17
8790.5	2.3076850165126877e-17	2.1597305290677778e-17
8790.749999999998	2.7333127859353182e-17	2.2777286706290798e-17
8790.999999999998	1.8666558058288098e-17	2.1613752949977783e-17
8791.249999999998	1.5104739847330687e-17	1.9898623728351132e-17
8791.5	2.456482731874034e-17	1.614212028842324e-17
8791.749999999998	3.0443135056650454e-17	1.2749624294494209e-17
8791.999999999998	1.6233785135183917e-17	1.001082763196991e-17
8792.249999999998	1.620700764439435e-17	8.516078350681474e-18
8792.5	9.91093233811433e-18	8.057387675866731e-18
8792.749999999998	2.5863246108819928e-17	8.298375993986093e-18
8792.999999999998	3.939054921928954e-17	8.642065402598813e-18
8793.249999999998	2.895383937714058e-17	8.151395098122158e-18
8793.5	2.0167339967783883e-17	7.767053071124906e-18
8793.749999999998	2.1018368197396815e-17	7.814994805067255e-18
8793.999999999998	2.025627346416191e-17	7.770575206173157e-18
8794.249999999998	1.824079992520093e-17	7.58714046071401e-18
8794.5	2.3934788661577076e-17	7.876273172025796e-18
8794.749999999998	3.4666596841615555e-17	8.41331108573911e-18
8794.999999999998	2.5187446165809005e-17	7.959112828831144e-18
8795.249999999998	1.1528378974023982e-17	7.247200661817993e-18
8795.5	1.8042043313255463e-17	7.568039206008936e-18
8795.749999999998	2.2730499716483573e-17	7.797010244189127e-18
8795.999999999998	2.151864537750766e-17	7.729048257881157e-18
8796.249999999998	2.0495681040130682e-17	7.717165808381833e-18
8796.5	2.013398969984697e-17	7.787053471155826e-18
8796.749999999998	2.0175361965364422e-17	7.82124994485938e-18
8796.999999999998	2.0887759687397142e-17	7.824762980920893e-18
8797.25	1.9913966274352765e-17	7.761192496484968e-18
8797.499999999998	1.809877135966435e-17	7.684813120263659e-18
8797.749999999998	2.2249126922092014e-17	7.847865308248887e-18
8797.999999999998	2.5186005217181937e-17	7.97817603322804e-18
8798.25	2.3319973436407237e-17	7.984623906102891e-18
8798.499999999998	2.4583741630626978e-17	8.017432370738582e-18
8798.749999999998	2.8003011806623126e-17	8.07955859782499e-18
8798.999999999998	3.058690897327952e-17	8.240682627802357e-18
8799.25	3.310944588209673e-17	8.457063149878878e-18
8799.499999999998	2.4571904676061344e-17	8.017041114308845e-18
8799.749999999998	1.2757813382558484e-17	7.3596310506762e-18
8799.999999999998	1.2375805659249857e-17	7.267209333655038e-18
8800.25	1.458697606907047e-17	7.335771853087721e-18
8800.499999999998	2.685164091403709e-17	8.013461903798328e-18
8800.749999999998	3.182190617143344e-17	8.366387611130815e-18
8800.999999999998	2.7325057885297115e-17	8.28138156830119e-18
8801.25	2.4248860868357335e-17	8.175785345663896e-18
8801.499999999998	2.2684242122268383e-17	8.046862629752606e-18
8801.749999999998	2.0966012627705883e-17	7.937709530481334e-18
8801.999999999998	1.9832642839610227e-17	7.825297339596603e-18
8802.25	2.3877565961161883e-17	7.871955289228269e-18
8802.499999999998	2.6606385171137568e-17	7.926764276616032e-18
8802.749999999998	2.617426767350109e-17	7.991364600914586e-18
8802.999999999998	2.5730003855749886e-17	8.017759934261153e-18
8803.25	2.56900725388595e-17	7.990848440212353e-18
8803.499999999998	2.3793183612514123e-17	7.798315535195735e-18
8803.749999999998	1.9684473285206053e-17	7.47723628144654e-18
8803.999999999998	2.40903482475738e-17	7.714823232887083e-18
8804.249999999998	3.051690964112283e-17	8.106764568171859e-18
8804.499999999998	3.1268016107100584e-17	8.134253434288221e-18
8804.749999999998	3.029378594269278e-17	8.136165048683831e-18
8805.0	2.7264586019435813e-17	8.063615518698643e-18
8805.249999999998	2.5013476848099302e-17	7.967896659755844e-18
8805.499999999998	2.377753335532462e-17	7.819126572226957e-18
8805.749999999998	2.142478519340127e-17	7.660831499944522e-18
8806.0	1.806272613729174e-17	7.49740211759997e-18
8806.249999999998	2.333242912207106e-17	7.790281129906008e-18
8806.499999999998	3.1771094120765534e-17	8.197134050093277e-18
8806.749999999998	2.8720882155588496e-17	8.013715021065769e-18
8807.0	2.3952293457699923e-17	7.80268139446879e-18
8807.249999999998	1.893482100274517e-17	7.548057831132105e-18
8807.499999999998	1.8722994937121366e-17	7.60537813885958e-18
8807.749999999998	2.526715163527339e-17	8.180003139607304e-18
8808.0	2.8550241412663707e-17	8.655678313939598e-18
8808.249999999998	2.964148785524571e-17	9.05536205975787e-18
8808.499999999998	3.434952196921173e-17	9.461516839508145e-18
8808.749999999998	3.7091791135947526e-17	9.835380142505575e-18
8809.0	2.973546549899909e-17	9.871766163290557e-18
8809.249999999998	2.2767077643170668e-17	9.947093365772699e-18
8809.499999999998	2.9943359147990815e-17	1.0195797624645955e-17
8809.749999999998	3.214166441774439e-17	1.0193704857696195e-17
8810.0	2.2350638526864522e-17	9.68650417585828e-18
8810.249999999998	2.220181549977643e-17	9.426632978715559e-18
8810.499999999998	3.0730821856251496e-17	9.378624243143594e-18
8810.749999999998	2.96038279763174e-17	9.12169119153666e-18
8810.999999999998	3.035389550344578e-17	8.777413657508414e-18
8811.249999999998	2.2452436336128973e-17	8.197872722380287e-18
8811.499999999998	1.4802469853530335e-17	7.70289280691223e-18
8811.75	2.1798070297150524e-17	7.939028883558356e-18
8811.999999999998	2.488130662110313e-17	8.033289423081224e-18
8812.249999999998	2.2573694396484346e-17	7.881002163587761e-18
8812.499999999998	2.3056888642584747e-17	7.925012308078645e-18
8812.75	2.6681709892077872e-17	8.116762700235787e-18
8812.999999999998	2.3787679552718195e-17	7.9512157355231e-18
8813.249999999998	1.8047911332520914e-17	7.656770043136886e-18
8813.499999999998	2.3826315504769322e-17	7.887346638886043e-18
8813.75	2.867956282963025e-17	8.090584915390322e-18
8813.999999999998	2.6597539301666926e-17	8.027538036282143e-18
8814.249999999998	2.5949433365564278e-17	7.98632789816475e-18
8814.499999999998	2.615496954981023e-17	7.98030106022169e-18
8814.75	2.5532286182653786e-17	7.988064977451112e-18
8814.999999999998	2.4194581276561606e-17	8.003852546622299e-18
8815.249999999998	2.3624686921737072e-17	7.943296308338517e-18
8815.499999999998	2.290997143962798e-17	7.850734797793833e-18
8815.75	2.983642454712241e-17	8.230605086399623e-18
8815.999999999998	3.639704213946424e-17	8.552822540671692e-18
8816.249999999998	3.662452011663877e-17	8.499204693366004e-18
8816.499999999998	3.398113542905001e-17	8.335729816087762e-18
8816.75	2.565372953146637e-17	7.943302925783418e-18
8816.999999999998	2.2026140535643644e-17	7.644756899100779e-18
8817.249999999998	2.3295477309747092e-17	7.421500024592104e-18
8817.499999999998	2.326298234656356e-17	7.606383163303831e-18
8817.749999999998	2.211832981491268e-17	7.92403871649767e-18
8817.999999999998	2.0178501942969674e-17	7.858122347844544e-18
8818.249999999998	1.906561314684083e-17	7.770005278731108e-18
8818.5	1.909392092176362e-17	7.726340895736271e-18
8818.749999999998	1.966555731895819e-17	7.677513251357879e-18
8818.999999999998	2.011845690230445e-17	7.625919515011109e-18
8819.249999999998	2.016542752620766e-17	7.674765357362978e-18
8819.5	1.9679131352810186e-17	7.803477142218066e-18
8819.749999999998	2.4526126846601435e-17	8.00066790126397e-18
8819.999999999998	3.088870416540827e-17	8.208480486555667e-18
8820.249999999998	2.394466519809096e-17	7.991750067080036e-18
8820.5	1.7913309194523835e-17	7.796277362166405e-18
8820.749999999998	2.241722325745259e-17	7.925555765741092e-18
8820.999999999998	2.5553124516645222e-17	8.03031074569542e-18
8821.249999999998	2.700941238099178e-17	8.099208273276187e-18
8821.5	2.1912790321944278e-17	7.839663812475424e-18
8821.749999999998	1.1339751188679227e-17	7.287386750337044e-18
8821.999999999998	1.3941513802205542e-17	7.412179353449857e-18
8822.249999999998	2.071653164623744e-17	7.762338141633354e-18
8822.5	2.8566457461392196e-17	8.096013701750507e-18
8822.749999999998	3.4895262650149714e-17	8.372569131848424e-18
8822.999999999998	3.105504026042533e-17	8.356625225541464e-18
8823.249999999998	2.951925703048998e-17	8.40061965360071e-18
8823.5	2.928844055236318e-17	8.555276785549137e-18
8823.749999999998	3.51859703133478e-17	9.31328855528048e-18
8823.999999999998	3.428247070875818e-17	1.0559546163113086e-17
8824.249999999998	3.777123398237613e-17	1.3728017658924993e-17
8824.5	4.7352652306035064e-17	1.687057524050684e-17
8824.749999999998	2.9191316313559654e-17	1.8417431110121828e-17
8824.999999999998	2.2757755317667196e-17	1.9640328310275323e-17
8825.249999999998	3.520511127272228e-17	2.0374709184267252e-17
8825.499999999998	5.4238722456024656e-17	2.4727499003643794e-17
8825.749999999998	5.44952278552549e-17	3.4671272066437705e-17
8825.999999999998	5.210234323564925e-17	4.570341298328194e-17
8826.25	3.659146597936115e-17	5.4612621327788425e-17
8826.499999999998	5.652262768428767e-17	5.917456872813268e-17
8826.749999999998	7.379893666961299e-17	5.953600695114895e-17
8826.999999999998	8.215245500477371e-17	5.725525162665854e-17
8827.25	7.970906935441047e-17	5.1617115779603194e-17
8827.499999999998	9.159557865618112e-18	3.670627533966106e-17
8827.749999999998	-1.6095447863130854e-18	2.4855731850924215e-17
8827.999999999998	1.5287947118121382e-17	1.819659704762732e-17
8828.25	3.2439747223284e-17	1.2625462830188775e-17
8828.499999999998	3.7455538847234044e-17	1.0410039884839026e-17
8828.749999999998	2.1674125554165578e-17	9.43948984697647e-18
8828.999999999998	2.223719566893655e-17	8.883686513886777e-18
8829.25	1.646140869614626e-17	8.864492614953097e-18
8829.499999999998	1.900289631279706e-17	9.024077261810502e-18
8829.749999999998	3.095953729562241e-17	9.916730874208327e-18
8829.999999999998	3.739287164402703e-17	1.045993045630455e-17
8830.25	3.098434940527655e-17	1.0450506387585733e-17
8830.499999999998	2.438193603094364e-17	1.0393108324880679e-17
8830.749999999998	1.964950339762976e-17	1.0287275528588194e-17
8830.999999999998	2.7637649438780904e-17	1.0295697881585209e-17
8831.25	3.752251069834879e-17	1.0335457144908183e-17
8831.499999999998	3.4422482607961356e-17	1.0461839589158322e-17
8831.749999999998	3.149942153782352e-17	1.082037688976637e-17
8831.999999999998	3.650831447546487e-17	1.2201948838103462e-17
8832.249999999998	3.7818717458259127e-17	1.3102915615657445e-17
8832.499999999998	2.6903142833335867e-17	1.3314953439518063e-17
8832.749999999998	1.7395920956261717e-17	1.3120242567948593e-17
8833.0	1.0086731379339e-17	1.2520545722834386e-17
8833.249999999998	1.8804111576710766e-17	1.1975503182333395e-17
8833.499999999998	3.157389426273289e-17	1.1438949996459036e-17
8833.749999999998	2.7744107583616478e-17	1.082726234118526e-17
8834.0	2.286242840674088e-17	1.0278631491187015e-17
8834.249999999998	2.870632377680756e-17	1.0196839872217771e-17
8834.499999999998	3.443239223169974e-17	1.0518508905743718e-17
8834.749999999998	3.5020871680527116e-17	1.1707911908533716e-17
8835.0	2.6409210128523303e-17	1.7110383171892087e-17
8835.249999999998	2.909566776496892e-17	2.330618433559598e-17
8835.499999999998	3.843926173635151e-17	2.9082601620013035e-17
8835.749999999998	6.657624040626127e-17	3.356104348315883e-17
8836.0	5.3897530305681233e-17	3.446171082133107e-17
8836.249999999998	4.934472821418937e-17	3.3930779982080234e-17
8836.499999999998	5.990621990610318e-17	3.034354251089907e-17
8836.749999999998	5.717866131938103e-17	2.571245439187396e-17
8837.0	5.065661681336377e-17	1.9118673474413657e-17
8837.249999999998	4.1984121090390356e-17	1.458914989972026e-17
8837.499999999998	3.5834509692091426e-17	1.1593389579906362e-17
8837.749999999998	3.18742633954856e-17	1.0315204454790434e-17
8838.0	3.871947744065997e-17	9.749375692676599e-18
8838.249999999998	2.6180772621838208e-17	9.07233001566317e-18
8838.499999999998	2.0159169077693084e-17	8.430793547985419e-18
8838.749999999998	1.8991241337966187e-17	8.121971456553034e-18
8838.999999999998	1.793694670770815e-17	7.982359085585721e-18
8839.249999999998	2.0904061762909337e-17	8.15504710052658e-18
8839.499999999998	2.474965917225409e-17	8.207406806120573e-18
8839.75	2.820354354816313e-17	8.175753912800619e-18
8839.999999999998	2.824762565736731e-17	8.110993942643843e-18
8840.249999999998	2.591959034342459e-17	8.043284246422702e-18
8840.499999999998	2.0991233364582625e-17	7.906525648568697e-18
8840.75	1.6959722149482904e-17	7.818651770555352e-18
8840.999999999998	1.988737407202041e-17	7.96228341211906e-18
8841.249999999998	1.9191194053077406e-17	7.909213985559495e-18
8841.499999999998	1.178441288030507e-17	7.489494270943963e-18
8841.75	1.618218229985041e-17	7.591608063202409e-18
8841.999999999998	2.9510164661196794e-17	8.065810028863746e-18
8842.249999999998	2.5254811754895323e-17	7.930818288798155e-18
8842.499999999998	1.6577849256614123e-17	7.616203451536061e-18
8842.75	1.3179981551787173e-17	7.422820204849739e-18
8842.999999999998	1.2032849959840472e-17	7.329778102369162e-18
8843.249999999998	2.0575029167570444e-17	7.670811434034974e-18
8843.499999999998	2.5143043110527158e-17	7.874915768640596e-18
8843.75	2.145553645985354e-17	7.887411986154435e-18
8843.999999999998	2.0440551106665248e-17	8.142215047684044e-18
8844.249999999998	1.8957330241573964e-17	8.554479383438635e-18
8844.499999999998	2.0116210279760755e-17	8.989085867538284e-18
8844.75	2.1270784015678596e-17	9.414312123491581e-18
8844.999999999998	2.1070808139510226e-17	9.50425726175876e-18
8845.249999999998	2.232557660866539e-17	9.548976300034602e-18
8845.499999999998	2.6140758586886568e-17	9.39318675782759e-18
8845.75	2.425577609827828e-17	9.14941249540515e-18
8845.999999999998	1.924872777340292e-17	8.737996846959038e-18
8846.249999999998	1.4868245601479327e-17	8.345409483615858e-18
8846.499999999998	1.0462294538495226e-17	7.944329456923596e-18
8846.749999999998	1.3217771298071658e-17	7.929750398627349e-18
8846.999999999998	1.8097704296674156e-17	8.020123189271217e-18
8847.249999999998	2.79300776376531e-17	8.412819740455254e-18
8847.5	3.3754858518124907e-17	8.653248057299917e-18
8847.749999999998	2.4944812585451275e-17	8.343746023404014e-18
8847.999999999998	2.5101181154087075e-17	8.927208621816255e-18
8848.249999999998	2.938592875063623e-17	1.0619063462547501e-17
8848.5	1.9818142363472172e-17	1.2838301364882344e-17
8848.749999999998	4.444526217260204e-18	1.5148916255124694e-17
8848.999999999998	2.6519483230343972e-17	1.7807380445280294e-17
8849.249999999998	6.26348108142298e-17	2.0146883791235447e-17
8849.5	6.000654698823851e-17	2.0106194776903963e-17
8849.749999999998	5.6513766925566e-17	1.944378523364905e-17
8849.999999999998	3.0528020331110645e-17	1.6694518118931053e-17
8850.249999999998	1.963841255997665e-17	1.4013296535762894e-17
8850.5	2.84759969896034e-17	1.1672548282985849e-17
8850.749999999998	3.073911682343418e-17	1.0159853318308075e-17
8850.999999999998	3.328535741988471e-17	9.249180403446395e-18
8851.249999999998	2.1031247399534265e-17	8.631526294414275e-18
8851.5	1.7600525735137934e-17	8.06267832306462e-18
8851.749999999998	1.6636471546625756e-17	7.761553147232041e-18
8851.999999999998	1.4993277259789167e-17	7.58743824573453e-18
8852.249999999998	1.7319818685545613e-17	7.853269279190696e-18
8852.5	1.9571687208684448e-17	8.085525878763947e-18
8852.749999999998	2.3798791897067233e-17	8.254355096147246e-18
8852.999999999998	2.742286206656416e-17	8.384836220332585e-18
8853.249999999998	3.058038748133015e-17	8.485748119160992e-18
8853.499999999998	3.0983968902194775e-17	8.526475183800653e-18
8853.749999999998	3.0771965819919884e-17	8.539789482940306e-18
8853.999999999998	2.319504931157703e-17	7.92299233302279e-18
8854.25	1.971266690920431e-17	7.611000485483102e-18
8854.499999999998	3.01537608085998e-17	8.395699583317244e-18
8854.749999999998	3.317958748931878e-17	8.690613459930163e-18
8854.999999999998	2.7552309214983808e-17	8.414792566216193e-18
8855.25	2.6399231021613463e-17	8.393907910110454e-18
8855.499999999998	2.8305151105886695e-17	8.513059141445655e-18
8855.749999999998	2.5577554468856363e-17	8.426664262367554e-18
8855.999999999998	2.2295108237982612e-17	8.307369928786382e-18
8856.25	2.3615094935353907e-17	8.276585575109608e-18
8856.499999999998	2.4630619610301583e-17	8.253581682274508e-18
8856.749999999998	2.514697387279801e-17	8.254354268966633e-18
8856.999999999998	2.814972386878798e-17	8.355663214489065e-18
8857.25	3.3031495689892184e-17	8.582303257703082e-18
8857.499999999998	3.3766214053574035e-17	8.665730212743342e-18
8857.749999999998	3.27385149343708e-17	8.661937589634787e-18
8857.999999999998	3.055447025837764e-17	8.452812268710968e-18
8858.25	2.7513405256414214e-17	8.213991990977108e-18
8858.499999999998	2.0779425496932297e-17	7.976851717067343e-18
8858.749999999998	1.6675397011891277e-17	7.867307361366333e-18
8858.999999999998	2.1358698425541957e-17	8.108022709883552e-18
8859.25	2.442893147026523e-17	8.265334264417662e-18
8859.499999999998	2.5382520169667385e-17	8.32525440081039e-18
8859.749999999998	2.9806387964719384e-17	8.498847351341382e-18
8859.999999999998	3.4833535124118557e-17	8.725236758829795e-18
8860.249999999998	2.6823905548098187e-17	8.513275035585531e-18
8860.499999999998	1.6379271315680968e-17	8.278379729858236e-18
8860.749999999998	1.7230254877540822e-17	8.584685537867234e-18
8861.0	1.8229555231953883e-17	8.883413544284635e-18
8861.249999999998	1.8338501536072018e-17	9.177992412749469e-18
8861.499999999998	2.2113229419255677e-17	9.452111795943417e-18
8861.749999999998	2.6543418528548806e-17	9.697489961573597e-18
8862.0	2.820801032347092e-17	9.800712175852865e-18
8862.249999999998	2.79605211929175e-17	9.834758929865547e-18
8862.499999999998	3.254922292299417e-17	1.0146646552648054e-17
8862.749999999998	3.7697158304160784e-17	1.0384613179989759e-17
8863.0	2.943658860007143e-17	9.709808335255737e-18
8863.249999999998	2.2236783732991498e-17	9.142032389979951e-18
8863.499999999998	2.662559230496105e-17	8.924287019892718e-18
8863.749999999998	2.4630526966072978e-17	8.598180162380424e-18
8864.0	1.6656992243261972e-17	8.128722077532079e-18
8864.249999999998	2.0337911227537218e-17	8.230592678690435e-18
8864.499999999998	2.9914027323469684e-17	8.578062302702522e-18
8864.749999999998	3.1091422972487863e-17	8.474684578468095e-18
8865.0	2.8972606450878183e-17	8.340558896503847e-18
8865.249999999998	2.370443871331576e-17	8.305861978529697e-18
8865.499999999998	2.2713784050665102e-17	8.574071983427566e-18
8865.749999999998	2.4341910415463425e-17	9.483507436092867e-18
8866.0	2.2754067746496434e-17	1.2586727616464141e-17
8866.249999999998	3.235204622601868e-17	1.6831299050661596e-17
8866.499999999998	-1.1825780389534e-18	2.1342164739458247e-17
8866.749999999998	-2.712568585097591e-17	2.5445275054019333e-17
8867.0	-1.9644905927785192e-17	2.7490048984638167e-17
8867.249999999998	-1.9381486694501288e-19	2.836700436337096e-17
8867.499999999998	9.68644544603479e-18	2.6975466543013828e-17
8867.749999999998	2.372501896695608e-17	2.4099081620481133e-17
8867.999999999998	2.3855180799424973e-17	1.8423578716434322e-17
8868.249999999998	1.580861099160921e-17	1.3915303757316187e-17
8868.499999999998	2.259959342146338e-17	1.0922410445505398e-17
8868.75	1.704560004067816e-17	9.383331728009633e-18
8868.999999999998	1.7542394790410157e-17	8.445180700379554e-18
8869.249999999998	1.355543800464438e-17	8.239158133933421e-18
8869.499999999998	1.7406138291187972e-17	8.094224510085555e-18
8869.75	2.0803668506325e-17	8.009351643334552e-18
8869.999999999998	2.219908084067133e-17	7.997210286303498e-18
8870.249999999998	2.3727240774081396e-17	8.089711412663466e-18
8870.499999999998	2.2217043894853532e-17	7.925008999356195e-18
8870.75	1.8732371856545267e-17	7.53433490476985e-18
8870.999999999998	1.2771308834252287e-17	7.374955398704358e-18
8871.249999999998	6.044271601651527e-18	7.286547162015303e-18
8871.499999999998	1.6765705282447366e-17	7.775606945839317e-18
8871.75	2.7208671918749678e-17	8.200438636640427e-18
8871.999999999998	3.0835609096249714e-17	8.339842558093376e-18
8872.249999999998	3.105320061074301e-17	8.356333230785233e-18
8872.499999999998	2.6410935627281088e-17	8.159435293676173e-18
8872.75	2.423186230676937e-17	7.998356758632497e-18
8872.999999999998	2.3551324273209744e-17	7.855918738692703e-18
8873.249999999998	3.0380123746308614e-17	8.224946343829148e-18
8873.499999999998	3.945452667658684e-17	8.705209889019273e-18
8873.75	3.269482987186065e-17	8.42600499941935e-18
8873.999999999998	2.7502986089418496e-17	8.162724990972296e-18
8874.249999999998	2.501588394368183e-17	8.029026134204125e-18
8874.499999999998	2.454097142987431e-17	7.984236785576217e-18
8874.749999999998	2.7498277777371844e-17	8.065221076267608e-18
8874.999999999998	2.564534357441631e-17	7.967229952182126e-18
8875.249999999998	2.0182239144977188e-17	7.737121540659675e-18
8875.5	1.8714268181658932e-17	7.676452805812586e-18
8875.749999999998	1.849297586110507e-17	7.653821971433747e-18
8875.999999999998	1.8062482946191648e-17	7.734620146487315e-18
8876.249999999998	1.8749138807561717e-17	7.83570988914742e-18
8876.5	2.3637506566870418e-17	8.003863299970262e-18
8876.749999999998	2.668704520702884e-17	8.113857641924501e-18
8876.999999999998	2.5821102910971576e-17	8.135083923623224e-18
8877.249999999998	2.7707274885300717e-17	8.117258181422707e-18
8877.5	3.024525029307062e-17	8.081375086450156e-18
8877.749999999998	2.7366524449404398e-17	8.03760068843385e-18
8877.999999999998	2.4804688189684792e-17	7.9917674378729e-18
8878.249999999998	2.7929690517126425e-17	8.173915090298914e-18
8878.5	2.874265024058844e-17	8.184325985488506e-18
8878.749999999998	2.259558490421495e-17	7.652091509592286e-18
8878.999999999998	2.0916441347956805e-17	7.530098085672353e-18
8879.249999999998	2.4450057663109833e-17	7.914968681081026e-18
8879.5	2.489154877144776e-17	8.023177967273376e-18
8879.749999999998	2.3760832578757174e-17	7.99133978549621e-18
8879.999999999998	2.7419260522177104e-17	8.059647533300226e-18
8880.249999999998	3.150664117020988e-17	8.125343871910413e-18
8880.5	3.008894293580015e-17	8.086095806205997e-18
8880.749999999998	2.7689000811208196e-17	8.00078784245279e-18
8880.999999999998	2.2322305936523355e-17	7.750366356627874e-18
8881.249999999998	2.2124970420870255e-17	7.84946672991479e-18
8881.499999999998	2.9079802440820155e-17	8.336858090443285e-18
8881.749999999998	2.383074422976893e-17	8.112420002019884e-18
8881.999999999998	1.295297672192302e-17	7.502626590348855e-18
8882.25	1.638701207185324e-17	7.594842339397491e-18
8882.499999999998	2.0770008872838993e-17	7.796183063576574e-18
8882.749999999998	2.4842930403764344e-17	8.103713098892151e-18
8882.999999999998	2.847913696720865e-17	8.410607859497287e-18
8883.25	3.374008176366226e-17	8.713852272059227e-18
8883.499999999998	3.426437861440042e-17	9.05906865608272e-18
8883.749999999998	3.497261396359077e-17	9.424160535864638e-18
8883.999999999998	2.913537243437147e-17	1.111681443306761e-17
8884.25	-3.19452785054345e-17	1.4701100523823186e-17
8884.499999999998	4.026934424770465e-18	2.856729125944965e-17
8884.749999999998	5.4105324692999454e-17	3.8452619048883014e-17
8884.999999999998	-1.689937601507471e-17	4.60663335139559e-17
8885.25	-2.0056433245613998e-17	5.106901928828066e-17
8885.499999999998	-7.866734456074079e-17	5.195865534580389e-17
8885.749999999998	-6.058888875692074e-17	4.9081525960719896e-17
8885.999999999998	-8.22615965235164e-17	4.307578112327864e-17
8886.25	-2.5408955207683355e-17	3.3455041942021386e-17
8886.499999999998	-2.0571899116132543e-17	2.1810972660345126e-17
8886.749999999998	8.744900496351405e-18	1.7248037606349487e-17
8886.999999999998	2.2998736191161044e-17	1.2104049531065974e-17
8887.25	4.051939929251821e-17	1.0841895993401936e-17
8887.499999999998	3.407720418539192e-17	1.0118136118475189e-17
8887.749999999998	3.0763392920051384e-17	9.661843440256237e-18
8887.999999999998	2.8743970420846076e-17	9.647208133678336e-18
8888.249999999998	3.4792665784413537e-17	9.951013374695587e-18
8888.499999999998	2.6562407286690574e-17	9.567285942893463e-18
8888.749999999998	1.3990130515527734e-17	8.935807164283744e-18
8888.999999999998	2.1660526704895206e-17	9.28396996564915e-18
8889.249999999998	2.852265659359629e-17	9.580321482166686e-18
8889.499999999998	2.671520739816382e-17	9.444480227612003e-18
8889.749999999998	2.3762048534257627e-17	9.27631689062181e-18
8890.0	2.1212107131746534e-17	9.028566370994828e-18
8890.249999999998	2.164622309774294e-17	8.84656678389846e-18
8890.499999999998	2.3231890281698916e-17	8.715313073020996e-18
8890.749999999998	3.1651920555553795e-17	8.914683452980977e-18
8891.0	4.100750533709595e-17	9.203692087200879e-18
8891.249999999998	3.188068893448391e-17	8.716683711295996e-18
8891.499999999998	2.2891220909502627e-17	8.246848432088327e-18
8891.749999999998	1.9299002156672667e-17	7.945695959295533e-18
8892.0	1.9406097230579907e-17	7.8697235559356e-18
8892.249999999998	2.462220056602702e-17	8.13992293020666e-18
8892.499999999998	2.3853442065777386e-17	8.139361274570736e-18
8892.749999999998	2.0828669213158804e-17	7.980401976256421e-18
8893.0	2.5330391247464293e-17	8.02585224219376e-18
8893.249999999998	3.0252079496207856e-17	8.106871274470878e-18
8893.499999999998	1.655807136816798e-17	7.646127537375779e-18
8893.749999999998	9.618131080785872e-18	7.524174645305861e-18
8894.0	2.564356844482177e-17	8.54113861451938e-18
8894.249999999998	3.240217337113939e-17	9.045306025051063e-18
8894.499999999998	3.0177679563192386e-17	8.991088471801275e-18
8894.749999999998	2.938124359964673e-17	9.090597472310792e-18
8895.0	2.9410006323906423e-17	9.272565626543882e-18
8895.249999999998	2.0639823879312947e-17	8.958983937866867e-18
8895.499999999998	1.17269610508602e-17	8.570158591949578e-18
8895.749999999998	1.9473624947066286e-17	8.833874524579447e-18
8895.999999999998	2.507210410119461e-17	9.073915720897435e-18
8896.249999999998	2.6566131253808287e-17	9.233991713038697e-18
8896.499999999998	2.335517328019382e-17	9.135625876135728e-18
8896.75	1.5092404930036297e-17	8.749612117120507e-18
8896.999999999998	1.6976269070456415e-17	8.647354395435477e-18
8897.249999999998	2.3981353966980136e-17	8.690829354070039e-18
8897.499999999998	2.0064094592447464e-17	8.107130182002607e-18
8897.75	1.3827481991681432e-17	7.468512834706555e-18
8897.999999999998	1.6081578939390484e-17	7.739872743377026e-18
8898.249999999998	1.873476737159922e-17	7.943087031643541e-18
8898.499999999998	2.2178222654345194e-17	7.973109551976153e-18
8898.75	2.4482974488405768e-17	8.081952458517718e-18
8898.999999999998	2.6766666304070743e-17	8.27458710674968e-18
8899.249999999998	2.6756131331789268e-17	8.27521576401522e-18
8899.499999999998	2.6348442132002707e-17	8.202725791034136e-18
8899.75	2.6928433053384063e-17	8.25084454162757e-18
8899.999999999998	2.7344824193214682e-17	8.296980540292716e-18
8900.249999999998	2.6096204984733237e-17	8.162854858328467e-18
8900.499999999998	2.5737011729899435e-17	8.152078349308126e-18
8900.75	2.6718309325460893e-17	8.415178859562255e-18
8900.999999999998	2.499194037367087e-17	8.620931765128695e-18
8901.249999999998	2.434580643614855e-17	8.794773697024065e-18
8901.499999999998	3.7669434518750457e-17	1.180780885675052e-17
8901.75	1.6528588996775365e-17	1.5724551243400346e-17
8901.999999999998	1.3016321386051719e-17	2.3066057112494285e-17
8902.249999999998	2.9368250246584746e-17	2.837063403189884e-17
8902.499999999998	-5.6811310409346226e-18	3.063512036810156e-17
8902.749999999998	5.5538862608958966e-18	3.1831140815791984e-17
8902.999999999998	4.368136087690932e-18	3.087582992635449e-17
8903.249999999998	3.567862916001703e-17	2.7600343593154762e-17
8903.5	1.9636061712675775e-17	2.1349592821358973e-17
8903.749999999998	1.3031763193726859e-17	1.6719407983562773e-17
8903.999999999998	2.429916875244189e-18	1.2045979797703526e-17
8904.249999999998	1.941189742103513e-17	1.0786045585622968e-17
8904.5	2.3414710431962936e-17	9.616319555244381e-18
8904.749999999998	1.8153927762909385e-17	8.700748076795162e-18
8904.999999999998	1.2532427345153098e-17	8.325316439356332e-18
8905.249999999998	2.5872093632651795e-17	8.814363815471158e-18
8905.5	2.7514510369712585e-17	8.799015479205237e-18
8905.749999999998	2.263147792535485e-17	8.43265387718305e-18
8905.999999999998	2.7537706168449797e-17	8.566885438265706e-18
8906.249999999998	3.442128815915683e-17	8.81075482645859e-18
8906.5	3.510590253877512e-17	8.733550751166565e-18
8906.749999999998	3.288558433856028e-17	8.632973860486242e-18
8906.999999999998	2.0976388781309748e-17	8.40180583059911e-18
8907.249999999998	1.6034586808791347e-17	8.590821563651153e-18
8907.5	2.411113364200603e-17	9.27689674423121e-18
8907.749999999998	2.1884131822441766e-17	9.519703205336963e-18
8907.999999999998	1.5401102117196186e-17	9.521288910571227e-18
8908.249999999998	1.7046256822084526e-17	9.502181038421252e-18
8908.5	2.3314927634670664e-17	9.471845016636482e-18
8908.749999999998	1.5251226916368928e-17	9.071809719057875e-18
8908.999999999998	1.1030278106104763e-17	8.942663664381196e-18
8909.249999999998	2.5353686307875012e-17	9.591731611536243e-18
8909.499999999998	3.126216628580861e-17	9.86429589517859e-18
8909.749999999998	2.999705640463531e-17	9.737488280093599e-18
8909.999999999998	3.026678015005415e-17	9.606392560713132e-18
8910.25	3.3023366158832013e-17	9.458848354852049e-18
8910.499999999998	3.208736497361396e-17	9.138552441142941e-18
8910.749999999998	2.8541321096937935e-17	8.771339670270438e-18
8910.999999999998	1.8559759115040152e-17	8.164323931096361e-18
8911.25	1.3889874570925082e-17	7.810130983065443e-18
8911.499999999998	2.170748243954739e-17	8.092752955775823e-18
8911.749999999998	2.5755107132979645e-17	8.217852442895893e-18
8911.999999999998	2.565393301789706e-17	8.192510937649718e-18
8912.25	2.893406314305566e-17	8.182599659550108e-18
8912.499999999998	3.3044915868150245e-17	8.184766045574384e-18
8912.749999999998	3.298290710071082e-17	8.437085083724497e-18
8912.999999999998	3.2069851905684987e-17	8.5907851677042e-18
8913.25	2.143512164233573e-17	8.068972340345536e-18
8913.499999999998	1.749827297653658e-17	7.926165397852544e-18
8913.749999999998	2.799368451803598e-17	8.539287384308487e-18
8913.999999999998	3.193963382493444e-17	8.802313448307486e-18
8914.25	2.981832583531975e-17	8.801099147168258e-18
8914.499999999998	3.2775503142641724e-17	8.915934150067157e-18
8914.749999999998	3.748199208322349e-17	9.077774518454995e-18
8914.999999999998	3.930173649128095e-17	9.086832973343063e-18
8915.25	3.9193134294297636e-17	8.987446395564204e-18
8915.499999999998	2.6323590317679164e-17	8.365244447524267e-18
8915.749999999998	1.9514451273379454e-17	8.070447203377718e-18
8915.999999999998	2.352270051529296e-17	8.378828407543613e-18
8916.25	2.5999941013766766e-17	8.605477549744367e-18
8916.499999999998	2.799243051222735e-17	8.793590828748114e-18
8916.749999999998	2.5717811213520855e-17	8.740643824919207e-18
8916.999999999998	2.1727379442001742e-17	8.63516340756767e-18
8917.249999999998	2.1022537187684082e-17	8.818490619547185e-18
8917.499999999998	2.405519803462397e-17	9.133383389495097e-18
8917.749999999998	1.8630473131246085e-17	1.0114125946865531e-17
8918.0	-4.739244052067948e-18	1.7009339751346285e-17
8918.249999999998	2.672270827195845e-17	2.8293917993168225e-17
8918.499999999998	-4.977905097533891e-17	3.915603028074096e-17
8918.749999999998	-2.5628464126836552e-17	4.887943911962829e-17
8919.0	-9.168080307469246e-18	5.3552979802050845e-17
8919.249999999998	1.0283379011594702e-16	5.608242863206655e-17
8919.499999999998	2.488454089729821e-17	5.424191206446666e-17
8919.749999999998	8.375912430448241e-17	4.8697604968654434e-17
8920.0	7.661232351669365e-17	3.722039456014237e-17
8920.249999999998	2.922842694456123e-17	2.6980760498934168e-17
8920.499999999998	4.880077755209695e-17	1.9663219706547116e-17
8920.749999999998	2.800763409188607e-17	1.4923635269657102e-17
8921.0	4.034625715542106e-17	1.1642902957012561e-17
8921.249999999998	2.7294495216024505e-17	1.0236874586684725e-17
8921.499999999998	1.8297900202885465e-17	9.15324565036372e-18
8921.749999999998	2.3014940659360958e-17	9.167720483902786e-18
8922.0	2.886491746129113e-17	9.139803965409734e-18
8922.249999999998	2.6445161052306082e-17	8.969147506053306e-18
8922.499999999998	2.4408541468165797e-17	8.797360290799518e-18
8922.749999999998	2.270298768931006e-17	8.610491091437051e-18
8923.0	2.0798377859127112e-17	8.644967152187649e-18
8923.249999999998	1.8989987332157557e-17	8.787480445563185e-18
8923.499999999998	2.6267065757700965e-17	9.152554127371626e-18
8923.749999999998	3.384006473866277e-17	9.422757637545748e-18
8923.999999999998	2.8325135789485976e-17	9.062160657212444e-18
8924.249999999998	2.45357122155397e-17	8.757215561311095e-18
8924.499999999998	2.2501102680287918e-17	8.577187145614441e-18
8924.75	2.1773656888551633e-17	8.461219732456957e-18
8924.999999999998	2.095050133685929e-17	8.384708834518252e-18
8925.249999999998	1.8607651218145747e-17	8.396358019084836e-18
8925.499999999998	1.444414679270094e-17	8.426365650166423e-18
8925.75	1.9904696888408496e-17	8.839254507283491e-18
8925.999999999998	2.381643896825544e-17	9.149122155010143e-18
8926.249999999998	1.9733958538171426e-17	8.934609406756767e-18
8926.499999999998	1.8086208140520894e-17	8.895986689595441e-18
8926.75	1.5259791544431302e-17	9.14973675020527e-18
8926.999999999998	2.4801415863181533e-17	9.636842733422435e-18
8927.249999999998	3.232138429507256e-17	1.0249669416399696e-17
8927.499999999998	3.527064052084873e-17	1.0581259654192603e-17
8927.75	4.1491822894468197e-17	1.085052183282964e-17
8927.999999999998	3.1761895872353945e-17	1.0057631165389385e-17
8928.249999999998	2.5113709631644803e-17	9.346667774538832e-18
8928.499999999998	1.4625277840154126e-17	9.079614168137313e-18
8928.75	1.466285334665996e-17	8.901726495865946e-18
8928.999999999998	1.8420443701912746e-17	8.825174238896614e-18
8929.249999999998	2.068869701862503e-17	8.850922717004164e-18
8929.499999999998	2.1735118543812788e-17	8.934913809222186e-18
8929.75	2.184027966944788e-17	8.937081849607688e-18
8929.999999999998	2.3562319157911798e-17	8.908739333099171e-18
8930.249999999998	2.348775709749627e-17	8.731979108002714e-18
8930.499999999998	2.2449943213762738e-17	8.567890462709958e-18
8930.749999999998	2.24485568590561e-17	8.482997743624253e-18
8930.999999999998	2.2290666278093202e-17	8.410532586061545e-18
8931.249999999998	2.2339718088417597e-17	8.370339880097593e-18
8931.5	1.9194790634380786e-17	8.174774530955356e-18
8931.749999999998	1.4110212325052057e-17	7.905452795314216e-18
8931.999999999998	1.1298951332145662e-17	7.897822054163414e-18
8932.249999999998	9.816150674805554e-18	7.960994664724702e-18
8932.5	1.9498145889144808e-17	8.370810545866136e-18
8932.749999999998	2.5820037502342608e-17	8.722610460384939e-18
8932.999999999998	2.5342425071015715e-17	8.967812436544645e-18
8933.249999999998	2.2092884084909323e-17	8.914243392895099e-18
8933.5	1.398225575609623e-17	8.601012428797806e-18
8933.749999999998	1.1006059084949823e-17	8.501178346307556e-18
8933.999999999998	1.0559659486857006e-17	8.473469450148255e-18
8934.249999999998	1.484527810459118e-17	8.573981820740798e-18
8934.5	2.0495821660834816e-17	8.710421126878357e-18
8934.749999999998	2.4631243304483448e-17	9.003296003281333e-18
8934.999999999998	2.974235425914043e-17	9.32713638591523e-18
8935.249999999998	3.8000280293992066e-17	9.723879504655877e-18
8935.5	3.35917087228274e-17	9.3952960683896e-18
8935.749999999998	1.9744346272303866e-17	8.487051755806375e-18
8935.999999999998	1.8314149338838456e-17	8.471196357824959e-18
8936.249999999998	2.133306740708139e-17	8.695151372770628e-18
8936.5	2.2271953798276028e-17	8.45826587048953e-18
8936.749999999998	2.1856199587517075e-17	8.32634627921896e-18
8936.999999999998	2.3637615754711275e-17	8.531834486989384e-18
8937.249999999998	1.925755709926131e-17	8.409603662233648e-18
8937.5	8.50626302553292e-18	7.801744198834768e-18
8937.749999999998	1.4414738867563454e-17	8.041233665684183e-18
8937.999999999998	3.0473393323457643e-17	8.757897158135838e-18
8938.249999999998	2.2581585699528102e-17	8.397178582252489e-18
8938.499999999998	1.0464154040512246e-17	7.849020052384011e-18
8938.749999999998	1.7981377887130824e-17	8.392423948091534e-18
8938.999999999998	2.2324196871403652e-17	8.676395052380989e-18
8939.25	1.741837229244763e-17	8.343824605562206e-18
8939.499999999998	1.8037197689227127e-17	8.299260250060912e-18
8939.749999999998	2.475959361141085e-17	8.595617556842735e-18
8939.999999999998	2.7398385792238715e-17	8.50173669322103e-18
8940.25	2.6393202529309177e-17	8.220850972616398e-18
8940.499999999998	2.4434902059926637e-17	8.274811272695682e-18
8940.749999999998	2.2218297900662163e-17	8.399472354091098e-18
8940.999999999998	2.5659751406325758e-17	8.712006004932009e-18
8941.25	2.759673708568403e-17	8.944219591113408e-18
8941.499999999998	2.652095064875064e-17	8.970247656268001e-18
8941.749999999998	3.173268647056347e-17	1.0915556426949783e-17
8941.999999999998	3.12674569330065e-17	1.4456260025591166e-17
8942.25	8.889267501479673e-18	2.0389315539523713e-17
8942.499999999998	3.2616257639835465e-17	2.5596973360916658e-17
8942.749999999998	2.745017557039066e-17	2.8253343129761274e-17
8942.999999999998	5.4853631979784326e-17	2.9892490849041254e-17
8943.25	4.445459856017593e-17	2.894819800536297e-17
8943.499999999998	7.442372272988655e-17	2.6635609462179066e-17
8943.749999999998	4.060977704624575e-17	2.0463346549985984e-17
8943.999999999998	1.761733735390746e-17	1.571400634495152e-17
8944.25	2.8189746175545747e-17	1.2227716341365101e-17
8944.499999999998	2.7200304159673092e-17	1.04053464620434e-17
8944.749999999998	2.5642484838219326e-17	9.180436731459563e-18
8944.999999999998	1.980771823339278e-17	9.02564146034884e-18
8945.249999999998	2.4296298022126026e-17	8.811994770196806e-18
8945.499999999998	2.1482699416808556e-17	8.191912886066843e-18
8945.749999999998	2.0912664441279888e-17	7.999143407395035e-18
8946.0	2.4497663561723485e-17	8.4055347608005e-18
8946.249999999998	2.8929986796997e-17	8.649266009831087e-18
8946.499999999998	3.3911460351693446e-17	8.801688926945008e-18
8946.749999999998	2.4787653232149875e-17	8.406645664363158e-18
8947.0	1.391845035236634e-17	7.935359510361071e-18
8947.249999999998	2.4013527984086e-17	8.635368548359583e-18
8947.499999999998	2.983879359239676e-17	9.017552461138684e-18
8947.749999999998	2.1859099682744686e-17	8.601684926635812e-18
8948.0	2.1622800651517888e-17	8.496034110078089e-18
8948.249999999998	2.8958418649011674e-17	8.7526098196604e-18
8948.499999999998	3.330318481644645e-17	8.924062026766103e-18
8948.749999999998	3.735297506872237e-17	9.050724058063285e-18
8949.0	2.9018035210119595e-17	8.632173976833904e-18
8949.249999999998	2.0461458923828138e-17	8.1986577167816e-18
8949.499999999998	2.6428842433181636e-17	8.424497876343278e-18
8949.749999999998	2.980581886445795e-17	8.430878747588512e-18
8950.0	2.470637281079919e-17	7.941698195395065e-18
8950.249999999998	2.414070204018235e-17	7.93623384026854e-18
8950.499999999998	2.843895584177327e-17	8.348714070163007e-18
8950.749999999998	3.00803931969888e-17	8.520962025017987e-18
8951.0	2.905675057150953e-17	8.59639014353486e-18
8951.249999999998	2.4441865266323108e-17	8.370616158422186e-18
8951.499999999998	2.0618653018715265e-17	8.149538077646976e-18
8951.749999999998	1.859231694395024e-17	8.067536354802144e-18
8951.999999999998	2.2152935743019448e-17	8.239645343314215e-18
8952.249999999998	3.3932192806566475e-17	8.824062508153342e-18
8952.499999999998	3.134192634919342e-17	8.71545700244758e-18
8952.75	1.8664768039442533e-17	8.071271075267821e-18
8952.999999999998	2.1395478184298515e-17	8.239814915339788e-18
8953.249999999998	2.8169109673623774e-17	8.598978391671538e-18
8953.499999999998	2.3692648080864428e-17	8.487859084084227e-18
8953.75	2.132047110071343e-17	8.4073074088532e-18
8953.999999999998	2.3524232453787407e-17	8.405013637014591e-18
8954.249999999998	2.343129044016095e-17	8.369974266266845e-18
8954.499999999998	2.0825297624982037e-17	8.279709009102608e-18
8954.75	2.1321579522734252e-17	8.340206517562899e-18
8954.999999999998	2.2310224136496406e-17	8.490907244641485e-18
8955.249999999998	2.2086385754017106e-17	8.607536402289012e-18
8955.499999999998	2.2309544194032887e-17	8.752108548209192e-18
8955.75	2.7669553795007074e-17	9.333763756983005e-18
8955.999999999998	3.762086247318134e-17	1.00633320941711e-17
8956.249999999998	2.6685566208093594e-17	1.1452691120794767e-17
8956.499999999998	1.944763493221987e-17	1.7552435108685326e-17
8956.75	3.8155032551710937e-17	2.6317133345817575e-17
8956.999999999998	9.11331929655701e-18	3.5265604645279505e-17
8957.249999999998	7.508828625145655e-17	4.3057632780639225e-17
8957.499999999998	-6.126073808532611e-17	4.482257151003137e-17
8957.75	-7.019139687747733e-17	4.619222047701912e-17
8957.999999999998	-8.173476188265893e-17	4.340788752177378e-17
8958.249999999998	6.808235349480496e-18	3.9341788576540765e-17
8958.499999999998	3.358851580566294e-17	3.045809379084786e-17
8958.749999999998	2.7302647908141828e-17	2.278926924464424e-17
8958.999999999998	2.2595910813376295e-17	1.6311664189855784e-17
8959.249999999998	1.5899853976257484e-17	1.2618248160886087e-17
8959.499999999998	2.3978146160564656e-17	1.0502240744636637e-17
8959.749999999998	3.5971762116771125e-17	1.0225495890178446e-17
8959.999999999998	3.272177610749518e-17	9.970641543450858e-18
8960.249999999998	2.5749718878469475e-17	9.130666928363473e-18
8960.5	2.3060594411728985e-17	8.667880055155368e-18
8960.749999999998	2.9311277354714544e-17	8.863134384387285e-18
8960.999999999998	2.5279857129482204e-17	8.635658061573977e-18
8961.249999999998	1.563256214183955e-17	8.155570705854325e-18
8961.5	2.1042071885030134e-17	8.316222415701924e-18
8961.749999999998	2.8989163298019045e-17	8.603117603456753e-18
8961.999999999998	2.99556080385015e-17	8.697557641172545e-18
8962.249999999998	3.1476899064104925e-17	8.879703639237334e-18
8962.5	3.902602064950477e-17	9.327909799787967e-18
8962.749999999998	3.727372454859489e-17	9.288500433864103e-18
8962.999999999998	2.354745803102667e-17	8.648843320538072e-18
8963.249999999998	2.3812170716294666e-17	8.53843621545817e-18
8963.5	2.984387248135784e-17	8.69583545113721e-18
8963.749999999998	2.212495222289678e-17	8.494746189864344e-18
8963.999999999998	1.4187202987746042e-17	8.25903528405307e-18
8964.249999999998	1.403677192154715e-17	8.176351137202882e-18
8964.5	1.6333031919439254e-17	8.236769236324368e-18
8964.749999999998	2.4966122412391866e-17	8.632213681503306e-18
8964.999999999998	2.7897834137375783e-17	8.71646119971122e-18
8965.249999999998	2.540498143202065e-17	8.517106536182877e-18
8965.5	2.881379769943535e-17	8.62774028875062e-18
8965.749999999998	3.5226578263979254e-17	8.862634767297303e-18
8965.999999999998	4.1644017509733053e-17	9.107469475265036e-18
8966.249999999998	4.3006125898256773e-17	9.201357783512255e-18
8966.499999999998	2.7551048591730277e-17	8.473089774247093e-18
8966.749999999998	2.0172875460443088e-17	8.1089747947686e-18
8966.999999999998	2.4328993163017797e-17	8.443101995500208e-18
8967.25	2.5428754602825424e-17	8.559377119845562e-18
8967.499999999998	2.547953687499128e-17	8.519460692206203e-18
8967.749999999998	2.674354495158866e-17	8.654912344692374e-18
8967.999999999998	2.98682246785914e-17	8.837371017028708e-18
8968.25	3.2968461218493193e-17	9.100853684725837e-18
8968.499999999998	3.2482274232936576e-17	9.160516567948061e-18
8968.749999999998	1.774233923371525e-17	8.504292681313818e-18
8968.999999999998	1.1443654999783238e-17	8.22023306869882e-18
8969.25	1.6687571456146832e-17	8.453706450953138e-18
8969.499999999998	1.8957126755143276e-17	8.635705210868893e-18
8969.749999999998	1.6379971110479188e-17	8.784901296413244e-18
8969.999999999998	2.0464704780551796e-17	9.355799848501418e-18
8970.25	3.012030300718326e-17	9.926326169313942e-18
8970.499999999998	2.0777565994915278e-17	9.937442649566042e-18
8970.749999999998	1.727595495202315e-17	1.0093262797455719e-17
8970.999999999998	2.952565609970869e-17	1.0586482472580263e-17
8971.25	3.5339531430984595e-17	1.0508896239845239e-17
8971.499999999998	2.7949493220990945e-17	9.849414915958762e-18
8971.749999999998	2.1319844097809116e-17	9.122570484527804e-18
8971.999999999998	1.1725915494565933e-17	8.32395159134562e-18
8972.25	2.2994252872241007e-17	8.63285970956171e-18
8972.499999999998	3.4094287119402366e-17	8.973543143828413e-18
8972.749999999998	3.652876238020718e-17	9.060410343036281e-18
8972.999999999998	3.5493840319895137e-17	9.06350730724968e-18
8973.249999999998	3.086693938913077e-17	8.892836785822839e-18
8973.499999999998	2.8505308961789826e-17	8.785145314693948e-18
8973.749999999998	2.6859393250737937e-17	8.727840723398112e-18
8974.0	2.359387113519702e-17	8.479620365183199e-18
8974.249999999998	1.9690869045702313e-17	8.161474293886116e-18
8974.499999999998	2.5337083138619847e-17	8.676529882820835e-18
8974.749999999998	2.9084451195862703e-17	9.016837777089438e-18
8975.0	2.7166934039401478e-17	8.737957142289635e-18
8975.249999999998	2.4634747241558223e-17	8.586246427683122e-18
8975.499999999998	2.2388748392046065e-17	8.602073701523712e-18
8975.749999999998	2.545755703175452e-17	8.734926352525241e-18
8976.0	3.165608623711861e-17	8.940866200910118e-18
8976.249999999998	3.0297617443290125e-17	8.878130341712259e-18
8976.499999999998	2.6547834018658614e-17	8.766412155361459e-18
8976.749999999998	2.3228925666383526e-17	8.716397506804053e-18
8977.0	2.1108229790422125e-17	8.781813431186584e-18
8977.249999999998	2.521653976231372e-17	9.087352442767746e-18
8977.499999999998	2.4543471169685447e-17	9.10538415294079e-18
8977.749999999998	1.764509422654229e-17	8.795863093890797e-18
8978.0	1.8310992817620954e-17	8.821316268519666e-18
8978.249999999998	2.2263716733736225e-17	8.987533249528522e-18
8978.499999999998	1.889090267530228e-17	8.849652167583283e-18
8978.749999999998	1.529877822106215e-17	8.69005842173914e-18
8979.0	1.538226556028713e-17	8.611630119140537e-18
8979.249999999998	1.4966220181952557e-17	8.510053167099637e-18
8979.499999999998	1.2096051521723198e-17	8.352835911155359e-18
8979.749999999998	1.6894378189813665e-17	8.652296799595481e-18
8979.999999999998	2.4524237566082364e-17	9.28966593134719e-18
8980.249999999998	2.3738856044242866e-17	9.466645359305974e-18
8980.499999999998	2.102907191452325e-17	9.520790120661857e-18
8980.749999999998	1.230880981989735e-17	9.340725309018251e-18
8980.999999999998	9.43405278881016e-18	9.273732778388194e-18
8981.249999999998	2.0589058150759343e-17	9.701279275959703e-18
8981.499999999998	2.5646246855645217e-17	9.7704621808518e-18
8981.75	1.8509231614502963e-17	9.351887284204042e-18
8981.999999999998	1.630420798381423e-17	9.16505199924669e-18
8982.249999999998	1.868147543345488e-17	9.109438165122912e-18
8982.499999999998	2.448160798603383e-17	9.099776695568293e-18
8982.75	2.980477992560858e-17	9.067313992428649e-18
8982.999999999998	2.219048147102323e-17	8.518243082344525e-18
8983.249999999998	1.617781478621613e-17	8.138921214484858e-18
8983.499999999998	1.9554534791502548e-17	8.282829961553771e-18
8983.75	2.420329479713424e-17	8.477006474447531e-18
8983.999999999998	2.8604183514769515e-17	8.711191232028644e-18
8984.249999999998	2.5102306119720147e-17	8.79314580557856e-18
8984.499999999998	1.568777148464379e-17	8.812995658737996e-18
8984.75	2.529222017091742e-17	9.600651100081402e-18
8984.999999999998	3.4713259754330896e-17	1.0300711423277893e-17
8985.249999999998	3.128507918877633e-17	1.0378329088876194e-17
8985.499999999998	2.7011228869616946e-17	1.0201274387481668e-17
8985.75	1.8526084592303118e-17	9.507454314826277e-18
8985.999999999998	1.2942759386996765e-17	8.928431194761608e-18
8986.249999999998	6.6838120825111885e-18	8.458763833218287e-18
8986.499999999998	1.4694746122357554e-17	8.718936124103978e-18
8986.75	-2.2969558635824155e-18	9.277558488721252e-18
8986.999999999998	3.0676039338643334e-17	1.3703267587816794e-17
8987.249999999998	3.8410968850679744e-17	1.7587835130180145e-17
8987.499999999998	4.8084889127879255e-17	2.1587604116453756e-17
8987.749999999998	4.757302645610899e-17	2.366726025350395e-17
8987.999999999998	1.5633208997078566e-17	2.380155798903561e-17
8988.249999999998	1.1314113552773759e-17	2.27714617004172e-17
8988.5	3.023233304062499e-17	2.1066687125698487e-17
8988.749999999998	4.302318567121007e-17	1.7369648045645808e-17
8988.999999999998	1.8266890856082077e-17	1.2647705716860325e-17
8989.249999999998	2.0850587845030234e-17	1.0780189974066706e-17
8989.5	1.4630454336427483e-17	9.119565337362399e-18
8989.749999999998	8.538668653210297e-18	8.806597416699898e-18
8989.999999999998	1.65372958999031e-17	8.700058208164293e-18
8990.249999999998	2.523130824497024e-17	8.769566195037124e-18
8990.5	2.1826293699650833e-17	8.404568613845038e-18
8990.749999999998	1.092108282062225e-17	7.816640067305623e-18
8990.999999999998	1.026435435381435e-17	8.154186832689524e-18
8991.249999999998	7.44858191784709e-18	8.646012708481916e-18
8991.5	2.1233751139654597e-17	9.657789428074115e-18
8991.749999999998	2.51514737353303e-17	1.0281930287469876e-17
8991.999999999998	2.1365041246479014e-17	1.0326794909533527e-17
8992.249999999998	2.727906829760039e-17	1.0402308227653493e-17
8992.5	3.4595293872813484e-17	1.0481413991173777e-17
8992.749999999998	2.6437201920452097e-17	9.741400844390975e-18
8992.999999999998	1.4428337716833826e-17	8.67758784682429e-18
8993.249999999998	1.7661426080556538e-17	8.627699756900604e-18
8993.5	2.0208323458413435e-17	8.654985136586279e-18
8993.749999999998	2.7777413183800313e-17	8.907761605615133e-18
8993.999999999998	3.337760791051907e-17	9.087113387570718e-18
8994.249999999998	3.731304540619321e-17	9.177223134779795e-18
8994.499999999998	3.265304070731447e-17	8.839534921511147e-18
8994.749999999998	2.270438397018405e-17	8.232013774982801e-18
8994.999999999998	2.3459331862926496e-17	8.288831156897843e-18
8995.25	2.5660499177599505e-17	8.456461789573552e-18
8995.499999999998	2.2563300044907005e-17	8.404372572039863e-18
8995.749999999998	2.0434861758412108e-17	8.337046687622947e-18
8995.999999999998	1.860310999658283e-17	8.208285271931105e-18
8996.25	2.290692906933501e-17	8.422637547145646e-18
8996.499999999998	3.3439911154256567e-17	8.955862158235092e-18
8996.749999999998	3.168084540721355e-17	8.884797417449436e-18
8996.999999999998	2.567945815723922e-17	8.578363396445492e-18
8997.25	2.177026048495649e-17	8.470030860341872e-18
8997.499999999998	1.95104874238841e-17	8.383699674170937e-18
8997.749999999998	2.0122058446691505e-17	8.369694679219802e-18
8997.999999999998	2.2988494040816412e-17	8.513726676199985e-18
8998.25	2.912460916024093e-17	8.902854770221469e-18
8998.499999999998	2.651158034677164e-17	8.785518373150209e-18
8998.749999999998	1.6939199798485463e-17	8.268451080965762e-18
8998.999999999998	1.389883955440393e-17	8.159433639314948e-18
8999.25	1.2497950457221888e-17	8.1836534876505e-18
8999.499999999998	2.0107289964034983e-17	1.0472362980911222e-17
8999.749999999998	3.6724300432389205e-18	1.3939108360984238e-17
8999.999999999998	3.3907999428010524e-17	2.0280445336021934e-17
9000.25	3.668863323155653e-17	2.5861222825041623e-17
9000.499999999998	2.804024816907781e-17	3.0945124500629284e-17
9000.749999999998	8.93617794799332e-19	3.378575205964254e-17
9000.999999999998	3.416957379003449e-17	3.547471921285536e-17
9001.249999999998	3.333405519690693e-17	3.347815005961367e-17
9001.499999999998	5.767500277413734e-17	3.048241951830182e-17
9001.749999999998	4.611374088922254e-17	2.4904140114732043e-17
9001.999999999998	2.7563912904616702e-17	1.922146720913562e-17
9002.249999999998	3.2691716364035e-17	1.5026602712307703e-17
9002.499999999998	2.263186008279785e-17	1.169139228452042e-17
9002.749999999998	2.1839475649892478e-17	1.0056014027291844e-17
9003.0	2.1254821084217548e-17	9.300317536095036e-18
9003.249999999998	1.719510631895222e-17	8.962070148732302e-18
9003.499999999998	2.1506282336072443e-17	8.921691327130526e-18
9003.749999999998	2.2692831565749134e-17	8.88611428898462e-18
9004.0	2.384747809356088e-17	8.769672901336143e-18
9004.249999999998	2.4547974340940185e-17	8.754595053130527e-18
9004.499999999998	2.530133404690653e-17	8.879961719588451e-18
9004.749999999998	2.2004503145180482e-17	8.708187739224464e-18
9005.0	1.665219294134794e-17	8.320304552024873e-18
9005.249999999998	1.586390470683593e-17	8.279720589631184e-18
9005.499999999998	1.5702156155496086e-17	8.301736001634283e-18
9005.749999999998	2.029646286140341e-17	8.414685032736561e-18
9006.0	2.3425311578693415e-17	8.516661513013324e-18
9006.249999999998	2.295810507947244e-17	8.544592093576789e-18
9006.499999999998	2.4574889143711436e-17	8.670508835142061e-18
9006.749999999998	2.867370639089337e-17	8.911850359382983e-18
9007.0	2.2721743182519087e-17	8.554904554273488e-18
9007.249999999998	1.154733216339941e-17	7.896132951352581e-18
9007.499999999998	1.393891149199845e-17	8.151296663629264e-18
9007.749999999998	1.8969681702480605e-17	8.475376928640802e-18
9008.0	2.5320319496325848e-17	8.534708939618006e-18
9008.249999999998	2.790094433647898e-17	8.558975110067861e-18
9008.499999999998	2.324224327424563e-17	8.542600242661761e-18
9008.749999999998	1.9012326171780164e-17	8.441536969781258e-18
9008.999999999998	1.614225925476615e-17	8.265846289216832e-18
9009.249999999998	1.632019407633243e-17	8.21481255414476e-18
9009.499999999998	1.6839031535027742e-17	8.204528217588889e-18
9009.75	3.0238192788084315e-17	8.904823460079345e-18
9009.999999999998	3.9095794988534846e-17	9.336646481417752e-18
9010.249999999998	2.8916030605702006e-17	8.787755896707165e-18
9010.499999999998	2.3797842293724022e-17	8.483169797191664e-18
9010.75	2.6175749981158786e-17	8.549201143949935e-18
9010.999999999998	2.800038798972011e-17	8.566133531088895e-18
9011.249999999998	2.818855503546367e-17	8.553275835647371e-18
9011.499999999998	2.1185556288444807e-17	8.274048612170908e-18
9011.75	1.4601284639306413e-17	8.00495435119822e-18
9011.999999999998	2.810679319499648e-17	8.682932260761995e-18
9012.249999999998	3.3869657952257466e-17	8.968336869053004e-18
9012.499999999998	1.9737447585995174e-17	8.313909618709226e-18
9012.75	1.4992049723760138e-17	8.076348309867672e-18
9012.999999999998	2.0454287267917303e-17	8.289793167950242e-18
9013.249999999998	1.7691778645953558e-17	8.132583356631477e-18
9013.499999999998	1.2167655584268239e-17	7.814509250047686e-18
9013.75	1.5790277360512585e-17	7.9254838010278e-18
9013.999999999998	1.9926393835875762e-17	8.101377968022914e-18
9014.249999999998	2.5888986315121353e-17	8.511363421189921e-18
9014.499999999998	2.96873235873485e-17	8.756751512987452e-18
9014.75	2.777973921568281e-17	8.733549923985953e-18
9014.999999999998	3.038517616549009e-17	8.81341834803101e-18
9015.249999999998	3.657774801608257e-17	8.956094595987219e-18
9015.499999999998	3.449523479719662e-17	8.755390800879803e-18
9015.749999999998	2.9127987365862594e-17	8.453912418925663e-18
9015.999999999998	2.3126715921174023e-17	8.161265844371753e-18
9016.249999999998	1.7445217612047427e-17	7.809146638136505e-18
9016.5	9.233096703615914e-18	7.26900514276489e-18
9016.749999999998	7.01660586809536e-18	7.18222810624379e-18
9016.999999999998	1.3411428341540735e-17	7.660046505543209e-18
9017.249999999998	1.8625060061317538e-17	8.023471616390832e-18
9017.5	2.2766508542909232e-17	8.330600469109321e-18
9017.749999999998	2.3033098928167722e-17	8.321360034486491e-18
9017.999999999998	2.287303947963871e-17	8.269799385364223e-18
9018.249999999998	1.9888264118359518e-17	8.145013399696311e-18
9018.5	1.7570699256610496e-17	8.052580929327185e-18
9018.749999999998	1.7447341811860463e-17	8.056887231596137e-18
9018.999999999998	2.217474187832757e-17	8.304599700914942e-18
9019.249999999998	2.880786846880457e-17	8.785038608394928e-18
9019.5	3.137648926390834e-17	9.042546550527586e-18
9019.749999999998	2.964390984007927e-17	9.226303069245016e-18
9019.999999999998	2.6209652805744885e-17	9.459672226742152e-18
9020.249999999998	2.370710554361063e-17	9.746065315865161e-18
9020.5	2.7572522200432154e-17	1.0203288572273235e-17
9020.749999999998	2.8381281500743625e-17	1.0304442007840507e-17
9020.999999999998	2.2725258700122437e-17	9.881270468528791e-18
9021.249999999998	2.1666237559844272e-17	9.464646890946046e-18
9021.5	2.1969965045883943e-17	9.042961795195088e-18
9021.749999999998	2.778232994536133e-17	8.952170451161268e-18
9021.999999999998	3.1476720393092613e-17	8.91632706085812e-18
9022.249999999998	2.958298633360351e-17	8.677731776250874e-18
9022.499999999998	2.87950405518651e-17	8.542359533103508e-18
9022.749999999998	3.21862693050957e-17	8.658213622517073e-18
9022.999999999998	3.137497717774859e-17	8.653775798530726e-18
9023.249999999998	2.6124425078511096e-17	8.525090483455239e-18
9023.499999999998	2.5376124409171125e-17	8.54180945799616e-18
9023.749999999998	2.6481201311595018e-17	8.624321551278938e-18
9023.999999999998	2.336847103572122e-17	8.442617267661252e-18
9024.25	2.1441661332258575e-17	8.302680641893819e-18
9024.499999999998	2.494340141532626e-17	8.533317621827691e-18
9024.749999999998	2.6748043159759724e-17	8.642950485854245e-18
9024.999999999998	2.6269320652050785e-17	8.544244677719517e-18
9025.25	2.6386563577712826e-17	8.500844992520697e-18
9025.499999999998	2.7104936852490628e-17	8.48954156945016e-18
9025.749999999998	2.3799655473626738e-17	8.347379827834959e-18
9025.999999999998	1.9903849855461242e-17	8.181822109774308e-18
9026.25	2.3355945866885944e-17	8.390584298409216e-18
9026.499999999998	2.414246724360954e-17	8.525355181251256e-18
9026.749999999998	1.7080899146138247e-17	8.46790831489006e-18
9026.999999999998	1.657695093846889e-17	8.687008606820656e-18
9027.25	2.4452555748559743e-17	9.215735836919651e-18
9027.499999999998	2.2994962593206577e-17	9.388646363445286e-18
9027.749999999998	1.6842894468488364e-17	9.40232379487385e-18
9027.999999999998	1.4578659595191862e-17	9.353546608512823e-18
9028.25	1.5036780342564556e-17	9.342210925398397e-18
9028.499999999998	2.2587521547603783e-17	9.579270135608131e-18
9028.749999999998	2.669469497333373e-17	9.589791045819193e-18
9028.999999999998	1.9520901627796142e-17	9.112893298541546e-18
9029.249999999998	1.5978211141323408e-17	8.676076587845156e-18
9029.499999999998	1.4668656845837632e-17	8.268768718320982e-18
9029.749999999998	1.8061253755801394e-17	8.362696731237603e-18
9029.999999999998	2.2231488122709933e-17	8.610352125094142e-18
9030.249999999998	3.283427928824729e-17	9.185903568127926e-18
9030.499999999998	3.777288834360124e-17	9.461916367744008e-18
9030.749999999998	2.215586892547156e-17	8.642292877267265e-18
9031.0	1.3506233165906663e-17	8.300356264372544e-18
9031.249999999998	1.5530122440419757e-17	8.719497779739902e-18
9031.499999999998	1.5077361823416407e-17	8.705212370561111e-18
9031.749999999998	1.2663288972420212e-17	8.436176839411914e-18
9032.0	1.5448661693695535e-17	8.6169191119772e-18
9032.249999999998	1.9513814344307788e-17	8.815332443968458e-18
9032.499999999998	1.8302601897487216e-17	8.525475122440076e-18
9032.749999999998	1.856302482409851e-17	8.421574620058515e-18
9033.0	2.32336025455669e-17	8.727462701858175e-18
9033.249999999998	2.377847964994538e-17	8.745117217671894e-18
9033.499999999998	2.143721771800794e-17	8.504355547040372e-18
9033.749999999998	2.589821268767377e-17	8.74411467476948e-18
9034.0	3.267810758859728e-17	9.150135451260521e-18
9034.249999999998	2.9854433923418914e-17	9.03696225421224e-18
9034.499999999998	2.6262036499576643e-17	8.884764330224934e-18
9034.749999999998	2.208075265404562e-17	8.64666866270767e-18
9035.0	2.152175557661086e-17	8.593456961082747e-18
9035.249999999998	2.6498036091421697e-17	8.823636510137878e-18
9035.499999999998	2.4687501512304405e-17	8.763163817095963e-18
9035.749999999998	1.7898353769048876e-17	8.514773886855478e-18
9036.0	1.2763771564510704e-17	8.248578893929788e-18
9036.249999999998	6.445701939333205e-18	8.093270770839281e-18
9036.499999999998	2.2351751911969018e-17	9.988150475476768e-18
9036.749999999998	2.3136028320510145e-17	1.2279690580793646e-17
9036.999999999998	3.4332488666038037e-17	1.558006760580571e-17
9037.249999999998	2.714296565397214e-17	1.7652839945798237e-17
9037.499999999998	1.6723902883011386e-17	1.8800061700431707e-17
9037.75	1.8949031965668832e-17	1.890853485723946e-17
9037.999999999998	3.724454161658402e-17	1.8650403220924938e-17
9038.249999999998	2.255645595251874e-17	1.6171839233471045e-17
9038.499999999998	7.034588774612263e-18	1.3280639506167526e-17
9038.75	2.245066286089566e-17	1.172942687626622e-17
9038.999999999998	2.54927304057615e-17	1.0290333615312803e-17
9039.249999999998	1.5250115185625657e-17	9.317783454729093e-18
9039.499999999998	1.496673965137724e-17	8.790044705462099e-18
9039.75	1.8939744381751086e-17	8.644091995099568e-18
9039.999999999998	2.1035712520480826e-17	8.733250484604208e-18
9040.249999999998	2.1093721042477945e-17	8.880102340292585e-18
9040.499999999998	2.62777628573825e-17	9.0271543736892e-18
9040.75	2.936608965082476e-17	9.075784321901192e-18
9040.999999999998	2.458047592156862e-17	8.81981410852727e-18
9041.249999999998	2.2353267306851215e-17	8.723048866109592e-18
9041.499999999998	2.3107507132989317e-17	8.806760371280571e-18
9041.75	2.3266522679585286e-17	8.788725352385077e-18
9041.999999999998	2.197248794675223e-17	8.722673326111493e-18
9042.249999999998	2.074344975773114e-17	8.661619125098954e-18
9042.499999999998	1.8062698013150912e-17	8.680045400424185e-18
9042.75	2.034653044952002e-17	9.280844050114313e-18
9042.999999999998	1.9502061762164634e-17	9.531306894969856e-18
9043.249999999998	1.2670237289565657e-17	9.131525541839303e-18
9043.499999999998	1.5852936291913477e-17	9.22129862653907e-18
9043.749999999998	2.813970505720874e-17	9.672245236459092e-18
9043.999999999998	2.5969796897884108e-17	9.416887963919071e-18
9044.249999999998	1.8892120285163958e-17	8.940991932363226e-18
9044.5	2.6784862623185684e-17	9.018589745626825e-18
9044.749999999998	3.0004342211470674e-17	9.003550774909999e-18
9044.999999999998	1.8944598277585547e-17	8.581192354140423e-18
9045.249999999998	1.4475667337122885e-17	8.411525202796609e-18
9045.5	1.7125457711375254e-17	8.587163770982443e-18
9045.749999999998	2.4274867426816002e-17	8.85975369722378e-18
9045.999999999998	3.525334582860147e-17	9.1732104816283e-18
9046.249999999998	2.699903788174914e-17	8.809261765452931e-18
9046.5	1.6512194277034564e-17	8.410649218527915e-18
9046.749999999998	2.136242901010457e-17	8.776423522315189e-18
9046.999999999998	2.423248434659001e-17	9.040046810716451e-18
9047.249999999998	2.3284968807245218e-17	9.125483814645216e-18
9047.5	3.098201675594915e-17	9.785818788923847e-18
9047.749999999998	2.360907967793942e-17	1.0922661081231001e-17
9047.999999999998	2.2230768475577012e-17	1.3484044045974928e-17
9048.249999999998	8.680956126278606e-18	1.6036158451955197e-17
9048.5	2.9872837037686994e-17	1.991419126747938e-17
9048.749999999998	4.407987912524451e-17	2.2788203836015273e-17
9048.999999999998	2.2755280393274437e-17	2.4153728480468837e-17
9049.249999999998	1.6714547470283412e-17	2.427991819163625e-17
9049.5	1.2332598707133763e-17	2.2727736933237646e-17
9049.749999999998	1.934430849318342e-17	2.0569576392972494e-17
9049.999999999998	2.6136007261448064e-17	1.7858887327662746e-17
9050.249999999998	2.870518557628469e-17	1.5041043631441654e-17
9050.499999999998	1.3121935806662489e-17	1.1743671753594996e-17
9050.749999999998	2.0353051941469388e-17	1.0654844814304708e-17
9050.999999999998	2.3997040620116592e-17	9.760328391167413e-18
9051.249999999998	2.0070371238935517e-17	9.527004728603968e-18
9051.499999999998	2.056937786962548e-17	9.363081519433722e-18
9051.749999999998	1.8417285526334018e-17	9.267077283179593e-18
9051.999999999998	2.90313925226511e-17	9.642017575334566e-18
9052.25	4.2575803382549537e-17	1.0163897404322847e-17
9052.499999999998	3.2608468907187666e-17	9.591902837923041e-18
9052.749999999998	2.4120330236056396e-17	9.070487884439015e-18
9052.999999999998	2.6404791329691044e-17	9.169158123807403e-18
9053.25	2.5616824041256706e-17	9.095600260655512e-18
9053.499999999998	1.9281841467684642e-17	8.736901659828017e-18
9053.749999999998	2.3273601691267515e-17	9.039177443892658e-18
9053.999999999998	3.361922405872336e-17	9.717473817992266e-18
9054.25	2.859345332786348e-17	9.439890202392946e-18
9054.499999999998	2.071671031724975e-17	9.006812348065295e-18
9054.749999999998	2.169124984720665e-17	9.145662885688447e-18
9054.999999999998	2.383577183353203e-17	9.340946166241803e-18
9055.25	3.035759796386757e-17	9.653257305497937e-18
9055.499999999998	3.098480270025223e-17	9.74893563259072e-18
9055.749999999998	2.7249829117307867e-17	9.613783419486294e-18
9055.999999999998	2.6012668014671507e-17	9.71640923654391e-18
9056.25	2.6249991095496646e-17	9.913484190304057e-18
9056.499999999998	1.992606627235319e-17	9.668817400000672e-18
9056.749999999998	1.4875473505671815e-17	9.400332771139435e-18
9056.999999999998	1.5347648051651784e-17	9.152185204818427e-18
9057.25	1.862284818035957e-17	9.05333050417344e-18
9057.499999999998	2.371488765881353e-17	9.170647876090611e-18
9057.749999999998	2.6858470117174328e-17	9.272458920244863e-18
9057.999999999998	2.801336149044739e-17	9.350556350598444e-18
9058.249999999998	2.4123412311018768e-17	9.08475509564433e-18
9058.499999999998	2.0241112897895037e-17	8.764913304091513e-18
9058.749999999998	2.288574001076385e-17	8.995364995568174e-18
9059.0	2.4384367941944547e-17	9.158330329589084e-18
9059.249999999998	2.4315384387580075e-17	9.169354165612578e-18
9059.499999999998	2.563333952936694e-17	9.214038462302692e-18
9059.749999999998	2.866568935639651e-17	9.294222042161133e-18
9060.0	2.841611903942191e-17	9.268035985509542e-18
9060.249999999998	2.686296170790049e-17	9.205137998911622e-18
9060.499999999998	2.98113444309498e-17	9.093384243794483e-18
9060.749999999998	3.074737539466991e-17	8.980829777844392e-18
9061.0	2.5660767184117973e-17	8.85135533246453e-18
9061.249999999998	2.1186084029675616e-17	8.715787874692601e-18
9061.499999999998	1.63766508075004e-17	8.587319280937603e-18
9061.749999999998	2.0947879174317496e-17	8.719994088107434e-18
9062.0	3.051393179091764e-17	9.019982717778365e-18
9062.249999999998	2.6907902430580497e-17	8.835011897921707e-18
9062.499999999998	2.048980640342033e-17	8.57623423354878e-18
9062.749999999998	2.4753285532059522e-17	9.126880922699818e-18
9063.0	2.6939844837114845e-17	9.602984576589414e-18
9063.249999999998	3.176637919127398e-17	9.931114717880012e-18
9063.499999999998	3.0489629224520834e-17	1.0105460402768426e-17
9063.749999999998	2.4262947754189113e-17	1.0082712935923218e-17
9064.0	1.8297795978128283e-17	9.84802442534906e-18
9064.249999999998	1.3408463726225345e-17	9.525198993326765e-18
9064.499999999998	2.0132092147521773e-17	9.817021695990573e-18
9064.749999999998	2.8477346948363084e-17	1.0175198345851547e-17
9064.999999999998	4.2225604889696637e-17	1.0662885009858723e-17
9065.249999999998	4.4693213697117877e-17	1.0670840005809645e-17
9065.499999999998	2.8395469302610135e-17	9.858456827234579e-18
9065.75	2.5960123847800913e-17	9.64667791090569e-18
9065.999999999998	3.22658705498029e-17	9.883859543846082e-18
9066.249999999998	3.1427298005853795e-17	9.664149619804035e-18
9066.499999999998	3.0057566320804786e-17	9.346894422026672e-18
9066.75	3.3493419813721397e-17	9.500448095037953e-18
9066.999999999998	3.271956918962089e-17	9.541814570291118e-18
9067.249999999998	2.484386180913408e-17	9.298422465311677e-18
9067.499999999998	1.565747847625087e-17	9.173150097443584e-18
9067.75	7.022041271900446e-18	9.178986683845758e-18
9067.999999999998	2.7520427192634176e-18	9.15140186477834e-18
9068.249999999998	3.000685973566498e-18	9.107409918260932e-18
9068.499999999998	1.0620361308928597e-17	9.306993710818952e-18
9068.75	1.9309762122080757e-17	9.470566195409475e-18
9068.999999999998	1.836824860526065e-17	9.179138057897855e-18
9069.249999999998	1.9359187818042025e-17	9.175971610513002e-18
9069.499999999998	2.6772352343601432e-17	9.657528039000548e-18
9069.75	2.825155972836061e-17	9.983024437220777e-18
9069.999999999998	2.7603069980453737e-17	1.0207062997408314e-17
9070.249999999998	2.0568688000994612e-17	9.919736848554345e-18
9070.499999999998	1.5515392008071413e-17	9.537202211195522e-18
9070.75	2.5046269596303354e-17	9.823971667497243e-18
9070.999999999998	3.0739556883520056e-17	9.85378821985733e-18
9071.249999999998	2.2089050929950752e-17	9.154431000181509e-18
9071.499999999998	1.5173394183811364e-17	8.639586342302991e-18
9071.749999999998	1.124636580624444e-17	8.350713365703548e-18
9071.999999999998	7.582020212722307e-18	8.064977885167518e-18
9072.249999999998	2.992562853156074e-18	7.75727579628453e-18
9072.499999999998	2.262539649349136e-17	8.844793308665146e-18
9072.749999999998	3.8634529300473225e-17	9.62616879479805e-18
9072.999999999998	2.1913825952071194e-17	8.68912867073063e-18
9073.249999999998	1.5088771952785964e-17	8.29599702254439e-18
9073.5	2.5143152298368015e-17	8.933802905659528e-18
9073.749999999998	2.698139908236706e-17	9.047810727945874e-18
9073.999999999998	2.275113787276677e-17	8.824192375509513e-18
9074.249999999998	2.098890236961645e-17	8.850955804228667e-18
9074.5	2.1266363562485113e-17	8.920942728676166e-18
9074.749999999998	2.5628507140228405e-17	8.906345472406442e-18
9074.999999999998	2.709146869775704e-17	8.895599569068766e-18
9075.249999999998	2.4907807833568103e-17	8.892696992299317e-18
9075.5	2.427723812645158e-17	8.934703705346598e-18
9075.749999999998	2.4518837731043617e-17	9.030363007285293e-18
9075.999999999998	1.94921752994834e-17	8.875968918771658e-18
9076.249999999998	1.3575684077317227e-17	8.605634714060752e-18
9076.5	2.1165636124933305e-17	8.896064444573021e-18
9076.749999999998	2.7129737381616193e-17	9.140181159769058e-18
9076.999999999998	2.3100338785800932e-17	8.87323508684717e-18
9077.249999999998	2.077470560435707e-17	8.731268559856531e-18
9077.5	2.352239280410509e-17	8.792575050955899e-18
9077.749999999998	2.1745099305083853e-17	8.716465335614282e-18
9077.999999999998	1.592911631760716e-17	8.546955348586853e-18
9078.249999999998	1.6645681375565922e-17	8.631077135341658e-18
9078.5	1.959855734370262e-17	8.763553419164476e-18
9078.749999999998	2.0162333870716712e-17	8.79146414739324e-18
9078.999999999998	2.011723267499787e-17	8.799002244315436e-18
9079.249999999998	1.9862614901925473e-17	8.735503724592803e-18
9079.499999999998	1.926405046706985e-17	8.696728806198767e-18
9079.749999999998	1.8321555914043256e-17	8.686832417350183e-18
9079.999999999998	1.615616250650194e-17	8.64618889795239e-18
9080.25	1.3717765582413011e-17	8.587851158071475e-18
9080.499999999998	1.9994862883899226e-17	8.85767995542811e-18
9080.749999999998	2.5475134619771272e-17	9.051482582684997e-18
9080.999999999998	1.8518259463708366e-17	8.716262676364207e-18
9081.25	1.4232534139675173e-17	8.481361580372623e-18
9081.499999999998	1.3108887032499465e-17	8.430050739795346e-18
9081.749999999998	1.1641877253052995e-17	8.407673849864562e-18
9081.999999999998	1.0396638731735055e-17	8.400416167170021e-18
9082.25	2.2418664206079658e-17	9.060908305765038e-18
9082.499999999998	3.5714714087059046e-17	9.734924020194685e-18
9082.749999999998	2.6613197830662555e-17	9.369561652352463e-18
9082.999999999998	1.9525707547155075e-17	9.08486841938825e-18
9083.25	1.7564311767920362e-17	9.007935659337142e-18
9083.499999999998	2.027507197076279e-17	9.218644203953388e-18
9083.749999999998	2.819994696685975e-17	9.683425409618358e-18
9083.999999999998	2.7099383161857947e-17	9.471629949677218e-18
9084.25	2.0458406627367817e-17	8.935735199570451e-18
9084.499999999998	1.7788935971981587e-17	9.054255292098274e-18
9084.749999999998	1.569911543956434e-17	9.139985117963883e-18
9084.999999999998	1.0832940936090437e-17	8.825940208143838e-18
9085.25	1.1965581978066434e-17	8.76607549285215e-18
9085.499999999998	2.2041913215563805e-17	9.115054721482147e-18
9085.749999999998	1.841277904635683e-17	8.940650306770242e-18
9085.999999999998	5.290843653284646e-18	8.41170387380892e-18
9086.249999999998	1.2049099095793463e-17	8.778527042612911e-18
9086.499999999998	2.215860358457666e-17	9.234610444136886e-18
9086.749999999998	1.505524301383674e-17	8.542837643497564e-18
9087.0	1.3560643452239176e-17	8.21889799919016e-18
9087.249999999998	2.4705869884986757e-17	8.97259602202704e-18
9087.499999999998	2.868194841851685e-17	9.209279692238675e-18
9087.749999999998	2.511283116583427e-17	9.001650741042965e-18
9088.0	2.3936047630469382e-17	8.914604870822784e-18
9088.249999999998	2.344970348059638e-17	8.883265478954988e-18
9088.499999999998	2.142123824293464e-17	8.974893929768712e-18
9088.749999999998	1.926395285975757e-17	9.012910323541036e-18
9089.0	1.6540252243412363e-17	8.834612369685844e-18
9089.249999999998	2.0276810704410376e-17	9.074169665345488e-18
9089.499999999998	3.517468756979258e-17	9.87645875890557e-18
9089.749999999998	3.4905877031769994e-17	9.92632865085578e-18
9090.0	2.52489718597707e-17	9.534380698126104e-18
9090.249999999998	2.388885035907833e-17	9.49621541184352e-18
9090.499999999998	2.3536135582802045e-17	9.537158370623057e-18
9090.749999999998	1.8896593677916645e-17	9.645868101086e-18
9091.0	2.1750209626908205e-17	1.0241358732785375e-17
9091.249999999998	3.335369908209384e-17	1.1828556200874575e-17
9091.499999999998	3.243573043422944e-17	1.3166111387275884e-17
9091.749999999998	2.1147881520265467e-17	1.4321280693234763e-17
9092.0	1.6467394175058692e-17	1.4976275389478752e-17
9092.249999999998	2.010894432526009e-17	1.5448327512728064e-17
9092.499999999998	3.533683730372951e-18	1.456176525836108e-17
9092.749999999998	1.2683875843505432e-18	1.3611015442821205e-17
9092.999999999998	1.773610560061905e-17	1.2723574722643689e-17
9093.249999999998	2.799135848615348e-17	1.1893978742702007e-17
9093.499999999998	3.0059908896299536e-17	1.1161983457596681e-17
9093.749999999998	2.0469265854449414e-17	1.0470383537705382e-17
9093.999999999998	1.4811343847141804e-17	9.785191786019532e-18
9094.249999999998	1.8836358385710533e-17	9.478597291976752e-18
9094.499999999998	2.304477210097207e-17	9.292362540144114e-18
9094.75	2.8797919140396785e-17	9.702970033131761e-18
9094.999999999998	3.165062684507576e-17	9.898757893858775e-18
9095.249999999998	2.958143454277436e-17	9.6460591798075e-18
9095.499999999998	3.085023364947965e-17	9.747925645062793e-18
9095.75	3.4462584324057927e-17	1.014525523485774e-17
9095.999999999998	3.382400089116699e-17	1.000416634649702e-17
9096.249999999998	3.1920843590139684e-17	9.701294165210729e-18
9096.499999999998	2.1142738111216612e-17	9.378285099092447e-18
9096.75	1.3698317739031277e-17	9.162145286574178e-18
9096.999999999998	1.8422890502164677e-17	9.321250995856916e-18
9097.249999999998	2.1674299262094214e-17	9.438062133239204e-18
9097.499999999998	2.3375528540707524e-17	9.503374660045166e-18
9097.75	2.558742604228657e-17	9.672934277909348e-18
9097.999999999998	2.716430360505356e-17	9.905731026422597e-18
9098.249999999998	1.6315882810979805e-17	9.0694721066468e-18
9098.499999999998	6.319818698582742e-18	8.214404754102772e-18
9098.75	1.4565178205568473e-17	8.877461979777316e-18
9098.999999999998	2.1739717668018583e-17	9.382482213520541e-18
9099.249999999998	2.7060522216680206e-17	9.663348908971084e-18
9099.499999999998	2.6915204781028115e-17	9.54915083514385e-18
9099.749999999998	2.1957018014936263e-17	9.126728721467108e-18
9099.999999999998	2.2566296093085672e-17	9.205330731994347e-18
9100.249999999998	2.3751923843559978e-17	9.403500872885513e-18
9100.499999999998	1.9404059057550577e-17	9.332005171000717e-18
9100.749999999998	1.8846254774559118e-17	9.644131021799639e-18
9100.999999999998	2.2940530800178138e-17	1.1021378469894305e-17
9101.249999999998	1.3723398682384497e-17	1.2392947323083794e-17
9101.5	-2.1066029930701814e-18	1.3795652081710391e-17
9101.749999999998	1.1037170174968555e-17	1.573194623807657e-17
9101.999999999998	3.5563522014696604e-17	1.7763468735282304e-17
9102.249999999998	3.0767909326195924e-17	1.8227581579012332e-17
9102.5	4.3288340070925165e-17	1.827910335064581e-17
9102.749999999998	2.6730402706016418e-17	1.6704556782844996e-17
9102.999999999998	1.1545133517331243e-17	1.5072764353571838e-17
9103.249999999998	9.735341746404024e-18	1.3385306804976923e-17
9103.5	2.0224026655162142e-17	1.2080287113609163e-17
9103.749999999998	3.330757218241543e-17	1.1083835569225734e-17
9103.999999999998	3.21183908640296e-17	1.0746263988423456e-17
9104.249999999998	3.8148464737647266e-17	1.0540886622855115e-17
9104.5	3.06903098585711e-17	9.707793323283558e-18
9104.749999999998	2.0884733860716423e-17	8.961051062217637e-18
9104.999999999998	1.244971093825902e-17	8.653904838706284e-18
9105.249999999998	1.4698514757228346e-17	8.802482193152447e-18
9105.5	2.7438884555029312e-17	9.41919414346687e-18
9105.749999999998	2.936567936924093e-17	9.508743062220635e-18
9105.999999999998	2.7050169224133492e-17	9.400842314396768e-18
9106.249999999998	2.3919204578836577e-17	9.274431746005802e-18
9106.5	2.1174611034579506e-17	9.15000558390435e-18
9106.749999999998	2.03029264507099e-17	9.063531295487444e-18
9106.999999999998	2.2382622292429497e-17	9.18350722589336e-18
9107.249999999998	2.83402930470304e-17	9.579081538428469e-18
9107.499999999998	2.970711636504567e-17	9.613060463630922e-18
9107.749999999998	2.90555892099295e-17	9.446724368613859e-18
9107.999999999998	2.8226870041437127e-17	9.432682977715772e-18
9108.25	2.768171500437283e-17	9.436754360690758e-18
9108.499999999998	2.4730131092352938e-17	9.26438067438267e-18
9108.749999999998	2.358763088465592e-17	9.138152912907078e-18
9108.999999999998	2.6449895834132336e-17	9.105651332278644e-18
9109.25	2.4950407635114584e-17	9.106785396898454e-18
9109.499999999998	1.9097123765095425e-17	9.151043695573104e-18
9109.749999999998	2.2576917092150853e-17	9.489401097957308e-18
9109.999999999998	3.0374697441490266e-17	9.918969224945896e-18
9110.25	2.2351407804834196e-17	9.447980028783715e-18
9110.499999999998	1.5807368566329155e-17	9.040066663051152e-18
9110.749999999998	1.7846549101645905e-17	9.04872310816152e-18
9110.999999999998	2.1140317780744282e-17	9.206056169391556e-18
9111.25	2.6821017033399152e-17	9.535074702660036e-18
9111.499999999998	3.1123408392414064e-17	9.778469289181314e-18
9111.749999999998	3.5087913014813314e-17	9.971716878247177e-18
9111.999999999998	2.738425092993141e-17	9.492416171290063e-18
9112.25	1.873623148128344e-17	8.98574074914112e-18
9112.499999999998	2.2675725470681537e-17	9.293924257140614e-18
9112.749999999998	2.3190200378826243e-17	9.419635857913973e-18
9112.999999999998	1.8907701059182007e-17	9.153799034193518e-18
9113.25	2.2456204970999764e-17	9.269315633917161e-18
9113.499999999998	3.1117637980460894e-17	9.679329211224996e-18
9113.749999999998	3.380999176031279e-17	9.826283637309329e-18
9113.999999999998	3.5441708088969595e-17	9.894575668681707e-18
9114.249999999998	3.4328547977599834e-17	9.64020439543185e-18
9114.499999999998	3.2376954288623874e-17	9.441805125511006e-18
9114.749999999998	2.5878055950507077e-17	9.427722375582291e-18
9114.999999999998	2.6692943004796342e-17	9.597315907851588e-18
9115.249999999998	3.484029815280679e-17	9.979093674949925e-18
9115.499999999998	3.453582951293827e-17	9.987439927330585e-18
9115.749999999998	3.079688711741488e-17	9.834703508764506e-18
9116.0	2.5265338455370673e-17	9.528570581503531e-18
9116.249999999998	2.0184631351308692e-17	9.255811910417233e-18
9116.499999999998	2.2723926939336227e-17	9.330276363520482e-18
9116.749999999998	2.592848418937076e-17	9.400322017791472e-18
9117.0	2.918014937529019e-17	9.469999576689876e-18
9117.249999999998	3.1938922449607643e-17	9.597951182562029e-18
9117.499999999998	3.325422565035066e-17	9.770789744374371e-18
9117.749999999998	3.312050032380289e-17	9.678514438321631e-18
9118.0	3.2717957841787635e-17	9.528558173794343e-18
9118.249999999998	2.4568193943833432e-17	9.153222489306569e-18
9118.499999999998	2.1778763901653536e-17	9.034311967529621e-18
9118.749999999998	3.330111355619262e-17	9.643773679775016e-18
9119.0	4.3902792990986706e-17	1.0161150337508559e-17
9119.249999999998	5.084520737558096e-17	1.0596330057772706e-17
9119.499999999998	4.4369349326246215e-17	1.0301054703232102e-17
9119.749999999998	3.2108686381083126e-17	9.721187031762017e-18
9120.0	2.4786432313565747e-17	9.49586220572196e-18
9120.249999999998	1.9423262882651608e-17	9.266265818998678e-18
9120.499999999998	1.592628074246733e-17	8.90599143910427e-18
9120.749999999998	1.4525968190172234e-17	8.816827159335341e-18
9120.999999999998	1.7227468933237743e-17	9.081626698567654e-18
9121.249999999998	2.6537434703997598e-17	9.601028294440726e-18
9121.499999999998	4.024439151734638e-17	1.022091909984919e-17
9121.749999999998	2.8513405405625495e-17	9.662804624128024e-18
9121.999999999998	1.5253792830629068e-17	8.98589625909628e-18
9122.249999999998	2.9933224531125815e-17	9.585337505401208e-18
9122.499999999998	3.590665307639585e-17	9.843942289026111e-18
9122.75	2.3701884379584195e-17	9.40881964422423e-18
9122.999999999998	2.3345700407818862e-17	9.434996601889082e-18
9123.249999999998	3.247747327666132e-17	9.840414363713572e-18
9123.499999999998	2.887706047268341e-17	9.62768170813841e-18
9123.75	2.168349916486703e-17	9.239427116843783e-18
9123.999999999998	2.8238252046665856e-17	9.496626520607958e-18
9124.249999999998	3.194635384023082e-17	9.650586339300003e-18
9124.499999999998	2.8342589300410845e-17	9.395416836759033e-18
9124.75	2.7141276551161308e-17	9.259233129430752e-18
9124.999999999998	2.773268091063467e-17	9.278952288053404e-18
9125.249999999998	2.804958207510986e-17	9.284250379876806e-18
9125.499999999998	2.82202592139816e-17	9.302000848641581e-18
9125.75	2.6536890419154538e-17	9.384891790644908e-18
9125.999999999998	2.3450308976804768e-17	9.395049568567059e-18
9126.249999999998	1.5576016075165424e-17	8.880316580071236e-18
9126.499999999998	1.3813855018270233e-17	8.790477320922464e-18
9126.75	2.3899251328100573e-17	9.441154134368927e-18
9126.999999999998	2.455467615826309e-17	9.391065866737004e-18
9127.249999999998	1.910904840080599e-17	8.837165876236795e-18
9127.499999999998	1.7947748032146868e-17	8.856734487987962e-18
9127.75	1.7763036947002552e-17	9.00716059110318e-18
9127.999999999998	2.5104910084288464e-17	9.0870199161615e-18
9128.249999999998	2.7683210546920324e-17	9.133283300640978e-18
9128.499999999998	2.058165653863822e-17	9.072191049320262e-18
9128.749999999998	1.6310693079816647e-17	8.867136284190816e-18
9128.999999999998	1.429501274570253e-17	8.51762269688511e-18
9129.249999999998	1.432219720935347e-17	8.554345380179402e-18
9129.5	1.4817286312662385e-17	8.72977798039271e-18
9129.749999999998	3.1746933829434086e-17	9.645177405274519e-18
9129.999999999998	4.35697138280912e-17	1.0231485504993942e-17
9130.249999999998	2.7988516293568747e-17	9.463840389848806e-18
9130.5	1.7848357318464946e-17	8.916214564294813e-18
9130.749999999998	1.5278872946801675e-17	8.740827459015194e-18
9130.999999999998	1.851802785313685e-17	8.985048398968413e-18
9131.249999999998	2.7171806133209415e-17	9.458204808335483e-18
9131.5	2.0727976517192724e-17	9.20437616556746e-18
9131.749999999998	1.2084207122532052e-17	8.827213239106557e-18
9131.999999999998	6.524689416025894e-18	8.522060520871457e-18
9132.249999999998	4.89156688032775e-18	8.440995993660648e-18
9132.5	1.1471618667571206e-17	8.846190416719749e-18
9132.749999999998	1.97866135472441e-17	9.354487112869296e-18
9132.999999999998	2.938659049512627e-17	9.929518259297784e-18
9133.249999999998	2.0338213975641412e-17	9.441126837408713e-18
9133.5	6.939424126679875e-18	8.62517437449048e-18
9133.749999999998	2.1585562634701975e-17	9.477888398191794e-18
9133.999999999998	3.1707143133247835e-17	1.0020441952229613e-17
9134.249999999998	2.803881218353442e-17	9.844426189684454e-18
9134.5	2.7203670784766183e-17	9.776933214783803e-18
9134.749999999998	3.0047405234160185e-17	9.850489423574468e-18
9134.999999999998	2.5172879515221946e-17	9.480001844656867e-18
9135.249999999998	1.6081534271637406e-17	8.879376075714763e-18
9135.499999999998	1.9443055660348777e-17	9.272599540948997e-18
9135.749999999998	2.5652907313937494e-17	9.7464764246296e-18
9135.999999999998	3.71467787943476e-17	1.0290313762978101e-17
9136.249999999998	3.921798610862118e-17	1.0383674329994511e-17
9136.499999999998	2.6211308821331216e-17	9.747325939118692e-18
9136.749999999998	1.723591775601436e-17	9.199272461188008e-18
9136.999999999998	1.0019507238137428e-17	8.722953740339148e-18
9137.25	1.4745212411529414e-17	9.032923958461757e-18
9137.499999999998	2.0901287399134834e-17	9.42045807544285e-18
9137.749999999998	1.1433123336224213e-17	8.918404938556853e-18
9137.999999999998	9.813697257108722e-18	8.853473742013278e-18
9138.25	2.802773788949356e-17	9.828481456196882e-18
9138.499999999998	3.41041801995285e-17	1.0210263359198282e-17
9138.749999999998	3.184108021803242e-17	1.0114081279112454e-17
9138.999999999998	3.5457758701575574e-17	1.0267792943620733e-17
9139.25	4.062252224512397e-17	1.050470077977837e-17
9139.499999999998	2.465695042356037e-17	9.72201421237457e-18
9139.749999999998	1.5087423648387502e-17	9.096960972763162e-18
9139.999999999998	2.2804446354523364e-17	9.455799367114178e-18
9140.25	2.3744227755140785e-17	9.518764355341715e-18
9140.499999999998	1.7002896014374497e-17	9.184578424786616e-18
9140.749999999998	2.4143532652238508e-17	9.599572456562633e-18
9140.999999999998	3.750354510126417e-17	1.0356182155155699e-17
9141.25	3.078411875747951e-17	9.926596657374247e-18
9141.499999999998	2.3422590154478116e-17	9.424541866127025e-18
9141.749999999998	2.780354878243454e-17	9.685868073967227e-18
9141.999999999998	2.854698232105025e-17	9.775008365498392e-18
9142.249999999998	2.3533824440170572e-17	9.555378677975762e-18
9142.499999999998	1.7047727549213646e-17	9.185367555090992e-18
9142.749999999998	1.0177878411036218e-17	8.690969974774173e-18
9142.999999999998	1.4264539411936075e-17	8.988055200495043e-18
9143.249999999998	2.1061398132861823e-17	9.459976629207571e-18
9143.499999999998	3.2202743434175306e-17	1.0024683734410785e-17
9143.749999999998	4.084809439816718e-17	1.0465280660506543e-17
9144.0	4.278083829534428e-17	1.0642522304719505e-17
9144.249999999998	3.7267586868449746e-17	1.0370927476755069e-17
9144.499999999998	2.5661351173630435e-17	9.603552022489625e-18
9144.749999999998	2.1611258173250323e-17	9.372751260794467e-18
9145.0	1.919600658988124e-17	9.35119327967011e-18
9145.249999999998	2.428941753379081e-17	9.690099929981049e-18
9145.499999999998	2.7891765940402094e-17	9.932356315979454e-18
9145.749999999998	2.4786402535063695e-17	9.742661467644506e-18
9146.0	2.408301611862413e-17	9.666519492259e-18
9146.249999999998	2.7529454214658968e-17	9.742429029892378e-18
9146.499999999998	2.793565283498171e-17	9.879769135717008e-18
9146.749999999998	2.6939426283724893e-17	1.0064447133636822e-17
9147.0	2.1100985342617386e-17	9.715528289191541e-18
9147.249999999998	1.656243888180226e-17	9.326671510410976e-18
9147.499999999998	2.4394022794054266e-17	9.590129362689727e-18
9147.749999999998	2.802853198288161e-17	9.787770935169472e-18
9148.0	2.5414315338052698e-17	9.860735709822163e-18
9148.249999999998	2.2089472792063154e-17	9.629101977250163e-18
9148.499999999998	1.8216518865500048e-17	9.144813371199355e-18
9148.749999999998	1.772230326491799e-17	9.261067816029395e-18
9149.0	1.8268636207174564e-17	9.538150160177508e-18
9149.249999999998	2.1563741610142827e-17	9.785111549500115e-18
9149.499999999998	2.3160560843117243e-17	9.963756092031967e-18
9149.749999999998	2.2187842764869186e-17	9.951952224690835e-18
9149.999999999998	1.9122442109284448e-17	1.0124423518311204e-17
9150.249999999998	1.1345559650940574e-17	1.0518896853451005e-17
9150.499999999998	1.997828783878489e-17	1.1576676395629728e-17
9150.75	2.932417144610302e-17	1.2789459658433538e-17
9150.999999999998	3.4580672628305997e-17	1.4091432016424653e-17
9151.249999999998	3.9717550259044004e-17	1.5109736018230508e-17
9151.499999999998	3.486320112960716e-17	1.5043068569581184e-17
9151.75	3.522137033484262e-17	1.4774674930587328e-17
9151.999999999998	3.3811937289113516e-17	1.4176998887709588e-17
9152.249999999998	3.500194247938945e-17	1.3422799593421502e-17
9152.499999999998	3.7357137441564736e-17	1.2566079534013593e-17
9152.75	3.047833324607581e-17	1.1618248838855418e-17
9152.999999999998	1.6633908941088067e-17	1.0716899076677823e-17
9153.249999999998	2.130158160424517e-17	1.0445364632898104e-17
9153.499999999998	2.14794734124196e-17	1.0273861967775034e-17
9153.75	1.8290053567594787e-17	1.0309380276097449e-17
9153.999999999998	1.5883580024886116e-17	1.0352190181519518e-17
9154.249999999998	1.745876848484227e-17	1.0409487328189841e-17
9154.499999999998	2.235084532201766e-17	1.0567505294967071e-17
9154.75	2.9304090809552683e-17	1.0749351853650116e-17
9154.999999999998	2.82178405378705e-17	1.04252203034406e-17
9155.249999999998	2.2936856463897177e-17	1.003442792202666e-17
9155.499999999998	1.1369027592099316e-17	9.39721430023011e-18
9155.75	1.0421460767556546e-17	9.548972164131539e-18
9155.999999999998	2.3858438236677207e-17	1.0553529251337375e-17
9156.249999999998	2.091462816805409e-17	1.0746010043975402e-17
9156.499999999998	1.2951060144443735e-17	1.058253516669716e-17
9156.749999999998	1.876376832387533e-17	1.0899203893420223e-17
9156.999999999998	2.4918179024088293e-17	1.1026850269646343e-17
9157.249999999998	8.467135728197936e-18	9.797576334150676e-18
9157.5	4.230307118124284e-18	9.343962893935784e-18
9157.749999999998	2.3006587789535397e-17	1.030433281999965e-17
9157.999999999998	2.3827089745822672e-17	1.04336087420325e-17
9158.249999999998	1.276503053340301e-17	1.0070405315589041e-17
9158.5	1.9426771782810058e-17	1.0666708238649943e-17
9158.749999999998	2.909283549855154e-17	1.1337096766093544e-17
9158.999999999998	2.172538924544794e-17	1.1120442447234268e-17
9159.249999999998	2.014224496236025e-17	1.1329486704458057e-17
9159.5	2.1574293126036553e-17	1.2451302433757572e-17
9159.749999999998	2.7339907431653666e-17	1.3518764125006228e-17
9159.999999999998	3.5873800771187695e-17	1.452261645433017e-17
9160.249999999998	5.0072048274472545e-17	1.5408123226235536e-17
9160.5	6.376489173220995e-17	1.6239904617355584e-17
9160.749999999998	5.2014278278914405e-17	1.6060366719762174e-17
9160.999999999998	4.701265791321862e-17	1.5672111301286935e-17
9161.249999999998	3.486494482633842e-17	1.4588711493995607e-17
9161.5	2.959838181916435e-17	1.3720876608696823e-17
9161.749999999998	4.017121912035994e-17	1.315886859383237e-17
9161.999999999998	4.1559638469807744e-17	1.2086570377542116e-17
9162.249999999998	2.1735447761696584e-17	1.0649133132175029e-17
9162.5	2.1255501026681066e-17	1.0155650413615693e-17
9162.749999999998	1.9957729091840496e-17	9.853676550474635e-18
9162.999999999998	2.8725219890720724e-17	1.0156654610879333e-17
9163.249999999998	2.789575625967705e-17	1.0042913967930841e-17
9163.499999999998	1.647548731017191e-17	9.229894687464721e-18
9163.749999999998	2.1732901699771146e-17	9.619275898753646e-18
9163.999999999998	3.7536678647880596e-17	1.0693285551731272e-17
9164.249999999998	3.288927687281472e-17	1.0428056705761044e-17
9164.499999999998	2.5814963576465208e-17	9.978616391736482e-18
9164.749999999998	3.114164276183718e-17	1.0360367689055217e-17
9164.999999999998	3.3445972733785355e-17	1.0475396252217454e-17
9165.25	2.7701808875812967e-17	1.00060035146375e-17
9165.499999999998	2.2378435104168754e-17	9.683760417766442e-18
9165.749999999998	2.0015649932692684e-17	9.545989350842673e-18
9165.999999999998	2.3945891079758763e-17	9.661352922152993e-18
9166.25	2.970388043448936e-17	9.846679429673049e-18
9166.499999999998	2.7573423827299836e-17	9.947871742729111e-18
9166.749999999998	2.7353251509295372e-17	1.0085726354894748e-17
9166.999999999998	3.302405437310166e-17	1.0346470227583714e-17
9167.25	3.5814687135892205e-17	1.0384149131666117e-17
9167.499999999998	3.2502057084466394e-17	1.0158285811047287e-17
9167.749999999998	3.111400169448811e-17	1.016336387282775e-17
9167.999999999998	3.048397130913097e-17	1.02822942469394e-17
9168.25	2.4956872878782298e-17	1.012240354325535e-17
9168.499999999998	2.1658653967988386e-17	9.99636107023697e-18
9168.749999999998	2.8095646109061714e-17	1.0209090417089682e-17
9168.999999999998	2.6587067195112004e-17	1.0118210564730318e-17
9169.25	1.5202395136087473e-17	9.541153652981688e-18
9169.499999999998	1.7526774311722706e-17	9.571593072343027e-18
9169.749999999998	2.5831285504312104e-17	9.973118949385455e-18
9169.999999999998	2.3646860325237168e-17	9.968892056455309e-18
9170.249999999998	2.1747089501637655e-17	9.899325339758986e-18
9170.499999999998	2.320764396358376e-17	9.926500704423191e-18
9170.749999999998	2.5769784625768786e-17	1.0008072293349495e-17
9170.999999999998	3.0862307177700475e-17	1.0198363538906094e-17
9171.249999999998	3.0172531191059856e-17	1.0232952096219999e-17
9171.499999999998	2.486986340450907e-17	1.0141709111571725e-17
9171.749999999998	2.997478870254538e-17	1.0358185586599302e-17
9172.0	3.846705169621084e-17	1.0654363395188202e-17
9172.249999999998	2.628766751803721e-17	1.0114874545319892e-17
9172.499999999998	1.847095300447646e-17	9.730196682993944e-18
9172.749999999998	2.455771191111116e-17	9.884189588910491e-18
9173.0	2.7330452757252185e-17	9.96092878869826e-18
9173.249999999998	2.6178019764759632e-17	9.937153963532261e-18
9173.499999999998	2.2110438511868923e-17	9.727229586136716e-18
9173.749999999998	1.602205833123362e-17	9.421468062970778e-18
9174.0	1.5024323002539507e-17	9.440207839748166e-18
9174.249999999998	1.4655799150396107e-17	9.447654946802981e-18
9174.499999999998	1.143277592036694e-17	9.307368423636438e-18
9174.749999999998	1.0143903621736828e-17	9.354350628068225e-18
9175.0	1.2408134359130267e-17	9.643220295945218e-18
9175.249999999998	1.734402695335259e-17	9.879401867525034e-18
9175.499999999998	2.4173822351908975e-17	1.0083376334774485e-17
9175.749999999998	2.58706245598839e-17	1.0052049350615877e-17
9176.0	2.5654698987144284e-17	9.97568982672927e-18
9176.249999999998	1.919499908389515e-17	9.752573572924729e-18
9176.499999999998	1.3015251014339075e-17	9.532857031437781e-18
9176.749999999998	8.609976585096043e-18	9.29924633720178e-18
9177.0	1.1942226533471e-17	9.531222522547376e-18
9177.249999999998	2.1658739994772092e-17	1.0096876749551963e-17
9177.499999999998	2.099109274387849e-17	1.0118347876712002e-17
9177.749999999998	1.752997715505451e-17	1.0014683120805019e-17
9177.999999999998	2.468867941749668e-17	1.0381758579695838e-17
9178.249999999998	2.833984306077717e-17	1.0561528915041375e-17
9178.499999999998	2.243989627804267e-17	1.0163494567364534e-17
9178.75	1.8277137969510384e-17	9.904392648191486e-18
9178.999999999998	1.5426018451607508e-17	9.831081284862136e-18
9179.249999999998	1.5605400839245758e-17	9.89260367010138e-18
9179.499999999998	1.838681384692879e-17	1.0001491244396023e-17
9179.75	2.4315705333657745e-17	1.038479185100207e-17
9179.999999999998	2.94314666977185e-17	1.070858094843799e-17
9180.249999999998	3.033969777541192e-17	1.0803508195534575e-17
9180.499999999998	2.782648484645941e-17	1.0701841080806908e-17
9180.75	2.1195012617207514e-17	1.0298203411660632e-17
9180.999999999998	1.7113825897601533e-17	9.929433886875304e-18
9181.249999999998	1.46814185883281e-17	9.554433210535614e-18
9181.499999999998	2.3731381640227836e-17	1.0146260259301991e-17
9181.75	3.1043555684800644e-17	1.0756289417447598e-17
9181.999999999998	3.3276390782044634e-17	1.0857236885042345e-17
9182.249999999998	3.234941248294831e-17	1.0746029896310103e-17
9182.499999999998	2.2192307885815747e-17	1.02487735797963e-17
9182.75	2.4471824093748554e-17	1.041363398460057e-17
9182.999999999998	3.6976631051067893e-17	1.1033417256529402e-17
9183.249999999998	3.292053106507942e-17	1.0908572541037998e-17
9183.499999999998	2.5297707687101098e-17	1.0608114072779137e-17
9183.75	2.573020568781935e-17	1.0476825620315945e-17
9183.999999999998	2.6752203878240866e-17	1.0381141502958874e-17
9184.249999999998	2.782930387798699e-17	1.0349946040517662e-17
9184.499999999998	2.774825837593027e-17	1.0368817339012446e-17
9184.749999999998	2.6772345726156532e-17	1.0449169663715847e-17
9184.999999999998	2.7241524223957834e-17	1.0502246534900925e-17
9185.249999999998	2.9047803786004154e-17	1.0535782918475662e-17
9185.499999999998	2.837576916914157e-17	1.04958069338322e-17
9185.749999999998	2.709028913820354e-17	1.0438465946589411e-17
9185.999999999998	2.5209526925080495e-17	1.0305557874486841e-17
9186.249999999998	2.569081369268835e-17	1.0305360178320441e-17
9186.5	2.7951392427677367e-17	1.048531911084564e-17
9186.749999999998	3.045895074996247e-17	1.0715506104526284e-17
9186.999999999998	3.426767741068328e-17	1.0964152460756661e-17
9187.249999999998	3.176523106458376e-17	1.0516246566768385e-17
9187.5	2.9797328682650703e-17	1.0133185015359366e-17
9187.749999999998	4.0645891751789817e-17	1.0767951009723371e-17
9187.999999999998	4.388442296394313e-17	1.0907900043199993e-17
9188.249999999998	3.3242102491293086e-17	1.019732873595979e-17
9188.5	3.128652179176462e-17	1.0158551336023917e-17
9188.749999999998	3.5220076624364587e-17	1.0553903964154862e-17
9188.999999999998	2.944898307436992e-17	1.0347338767226894e-17
9189.249999999998	2.139081784872739e-17	1.0017402063478481e-17
9189.5	1.4633756441432794e-17	9.506641196284138e-18
9189.749999999998	1.0444395177220191e-17	9.242597700131698e-18
9189.999999999998	1.3105700732779911e-17	9.572823089913893e-18
9190.249999999998	1.9408046068103082e-17	9.92996410964795e-18
9190.5	2.7647949491768414e-17	1.0316124279631593e-17
9190.749999999998	3.608420574051913e-17	1.0767441466466038e-17
9190.999999999998	4.4651381519179845e-17	1.1209972340833945e-17
9191.249999999998	3.91559475626797e-17	1.0979325434732721e-17
9191.499999999998	3.610441541724503e-17	1.0857404802706693e-17
9191.749999999998	3.9727228272210875e-17	1.1057861270810956e-17
9191.999999999998	3.8375578755352275e-17	1.0934504653241536e-17
9192.249999999998	3.3022446333990854e-17	1.0427236969774004e-17
9192.499999999998	3.03284084144118e-17	1.0348399212772187e-17
9192.749999999998	2.935478043748993e-17	1.0441629912432427e-17
9192.999999999998	2.4754551118396728e-17	1.0246001697563636e-17
9193.25	2.0088000112150247e-17	1.0025549792512128e-17
9193.499999999998	1.7293863412284924e-17	9.764788549030299e-18
9193.749999999998	1.5653279707461552e-17	9.566596074262594e-18
9193.999999999998	1.589277000149158e-17	9.469315498323295e-18
9194.25	2.2518493325486232e-17	9.768644037865409e-18
9194.499999999998	3.1802765212058965e-17	1.0248175528213425e-17
9194.749999999998	2.776851602913169e-17	1.0073977081474045e-17
9194.999999999998	2.0989962815161744e-17	9.875824311375742e-18
9195.25	2.2420540251708928e-17	1.0166579123868744e-17
9195.499999999998	2.460145156754174e-17	1.035289080349835e-17
9195.749999999998	2.7276088793033975e-17	1.035912443659455e-17
9195.999999999998	2.996921681393922e-17	1.0489667599325831e-17
9196.25	3.396112096694868e-17	1.0695928393788379e-17
9196.499999999998	3.385223421983465e-17	1.0503918266918895e-17
9196.749999999998	3.170423807493655e-17	1.0242531674893976e-17
9196.999999999998	2.743271213329844e-17	1.0187319850547899e-17
9197.25	2.4534592212990302e-17	1.0161630929444452e-17
9197.499999999998	2.480122395727942e-17	1.0198720880930717e-17
9197.749999999998	2.548290019136192e-17	1.0279246086382142e-17
9197.999999999998	2.6848178335992943e-17	1.0396903429531072e-17
9198.25	3.3115289085943806e-17	1.0839900006583846e-17
9198.499999999998	4.301372603372491e-17	1.1390557449082847e-17
9198.749999999998	3.985349904707832e-17	1.1267450640058417e-17
9198.999999999998	3.6123562994064406e-17	1.114070258197753e-17
9199.249999999998	3.4480332311280864e-17	1.1058778614110277e-17
9199.499999999998	3.810858801467731e-17	1.1216215900097495e-17
9199.749999999998	4.663738923036046e-17	1.1661195229078559e-17
9200.0	4.0081976258432816e-17	1.1300697510418761e-17
9200.249999999998	2.742707737896573e-17	1.0546455202738822e-17
9200.499999999998	3.219999719454163e-17	1.0815256641774666e-17
9200.749999999998	3.619940222134572e-17	1.0995931912710336e-17
9201.0	2.3518083193113688e-17	1.023191233019002e-17
9201.249999999998	1.8790211633697425e-17	1.000811613392196e-17
9201.499999999998	2.8181937590563246e-17	1.0657525706669992e-17
9201.749999999998	2.8954865081100146e-17	1.0751653897294851e-17
9202.0	2.3729255786053575e-17	1.0531469171581198e-17
9202.249999999998	2.0904847584491262e-17	1.0483142798654013e-17
9202.499999999998	1.9733637592093755e-17	1.0492166511956354e-17
9202.749999999998	2.828508039550371e-17	1.0898907762760929e-17
9203.0	3.393581585764946e-17	1.1107215829239545e-17
9203.249999999998	3.147827880136666e-17	1.092401517589375e-17
9203.499999999998	2.8227141356678044e-17	1.074784638493527e-17
9203.749999999998	2.4486003623808938e-17	1.056749536879972e-17
9204.0	2.503286430729632e-17	1.0858568645828555e-17
9204.249999999998	2.782139272260853e-17	1.1208672840091624e-17
9204.499999999998	2.108433915997037e-17	1.0714926250916884e-17
9204.749999999998	1.6183795302044887e-17	1.0337616086306946e-17
9205.0	1.69261154555561e-17	1.0336425773405482e-17
9205.249999999998	2.0561162311781605e-17	1.0548868915766251e-17
9205.499999999998	2.750150047303835e-17	1.0939826733302702e-17
9205.749999999998	3.3661248142563506e-17	1.1243056256613616e-17
9205.999999999998	3.9002836431296136e-17	1.1503923379213852e-17
9206.249999999998	3.9910819354805794e-17	1.1476095369046343e-17
9206.499999999998	3.720514465836934e-17	1.1299527877032611e-17
9206.749999999998	2.4349828188286783e-17	1.0489122487302159e-17
9206.999999999998	1.8773009585678772e-17	1.01549787429583e-17
9207.249999999998	2.1516051339106694e-17	1.042105710341762e-17
9207.499999999998	2.288761936511557e-17	1.0596044680461376e-17
9207.75	2.235504409080698e-17	1.0737073184637379e-17
9207.999999999998	2.6934024794324922e-17	1.0857820874554807e-17
9208.249999999998	3.279603376544529e-17	1.0997940307237615e-17
9208.499999999998	3.744186389734732e-17	1.127599872450854e-17
9208.75	3.400538505588762e-17	1.1166272389072768e-17
9208.999999999998	1.9303306804580393e-17	1.0423161450895955e-17
9209.249999999998	1.7300796840179344e-17	1.0282893125702888e-17
9209.499999999998	2.2403991676374192e-17	1.0521161673968175e-17
9209.75	1.9766049837216033e-17	1.0473731137644385e-17
9209.999999999998	1.7339816604034695e-17	1.0413419744821918e-17
9210.249999999998	2.4829222366653115e-17	1.0888139525546713e-17
9210.499999999998	3.22899745928527e-17	1.124282133731965e-17
9210.75	3.657769838524582e-17	1.141998770809687e-17
9210.999999999998	3.46953959618222e-17	1.1183307346607685e-17
9211.249999999998	2.775226358445625e-17	1.065489113641901e-17
9211.499999999998	2.4134812514220974e-17	1.0515272148006798e-17
9211.75	2.173404982646137e-17	1.0506708347125036e-17
9211.999999999998	3.2257023025971036e-17	1.098414624334268e-17
9212.249999999998	3.6415107764042396e-17	1.1179347633015394e-17
9212.499999999998	2.537488198389107e-17	1.0657154302574956e-17
9212.749999999998	2.0465654383895007e-17	1.0350098241750371e-17
9212.999999999998	2.0231689656356833e-17	1.0264528888923598e-17
9213.249999999998	2.3553966288086238e-17	1.0449006709135175e-17
9213.499999999998	2.957155800626048e-17	1.0727108966978565e-17
9213.749999999998	1.8976117167646268e-17	1.0273823917466857e-17
9213.999999999998	1.2829473693385178e-17	1.0031616335124592e-17
9214.249999999998	2.3885364619977033e-17	1.0648472214865599e-17
9214.5	2.5037415455026587e-17	1.0952573586542144e-17
9214.749999999998	1.1401688818585973e-17	1.0909892721295633e-17
9214.999999999998	1.2101350440727213e-17	1.1690862888928386e-17
9215.249999999998	2.8116891415914526e-17	1.2754929830943124e-17
9215.5	3.2216941162209166e-17	1.4020810644447325e-17
9215.749999999998	3.838350314562053e-17	1.512726232104928e-17
9215.999999999998	4.435332518341984e-17	1.5688836893272757e-17
9216.249999999998	4.683252113686172e-17	1.56466275209754e-17
9216.5	3.63075345797411e-17	1.4639536779553315e-17
9216.749999999998	3.1306238468845434e-17	1.3550707358721189e-17
9216.999999999998	2.832786217678495e-17	1.2371065914339929e-17
9217.249999999998	1.5081984108679354e-17	1.1370802721693855e-17
9217.5	1.0109135566229999e-17	1.0473247236986041e-17
9217.749999999998	2.4346479761167168e-17	1.0969254510774888e-17
9217.999999999998	3.3160201684482985e-17	1.1365675029076639e-17
9218.249999999998	3.7279567752441964e-17	1.1547902918022071e-17
9218.5	3.710340475174777e-17	1.1507562973909085e-17
9218.749999999998	3.3312773494107166e-17	1.1275073936583706e-17
9218.999999999998	3.1045464817654417e-17	1.1197554705478299e-17
9219.249999999998	2.8687315166331094e-17	1.1159502742939634e-17
9219.5	2.6573685067162122e-17	1.100379012852959e-17
9219.749999999998	2.6177237251900157e-17	1.0905827128584935e-17
9219.999999999998	2.498279010173481e-17	1.0922192069823684e-17
9220.249999999998	2.1083541757859868e-17	1.0749490819993025e-17
9220.499999999998	1.4297295764193175e-17	1.0398913478419576e-17
9220.749999999998	1.587507660818907e-17	1.0586476682315975e-17
9220.999999999998	2.0172326212516353e-17	1.0940636543122391e-17
9221.25	2.0962267153892243e-17	1.0873164247737053e-17
9221.499999999998	2.040503197116222e-17	1.0753079956670893e-17
9221.749999999998	1.3383800509081464e-17	1.0487080178369765e-17
9221.999999999998	1.040244305809334e-17	1.0412136787691848e-17
9222.25	1.3426566573931068e-17	1.055427619543051e-17
9222.499999999998	2.3630561558447423e-17	1.1382294741944054e-17
9222.749999999998	3.178441503735009e-17	1.2426874135907656e-17
9222.999999999998	3.715499104346903e-17	1.3316133826252176e-17
9223.25	4.2855453295319014e-17	1.4090836446383615e-17
9223.499999999998	3.3620696440213706e-17	1.455662350367345e-17
9223.749999999998	3.5573358846541084e-17	1.5180304450648632e-17
9223.999999999998	5.2551045704567415e-17	1.601858582702212e-17
9224.25	4.442777805599451e-17	1.584138057875611e-17
9224.499999999998	2.5501579583954593e-17	1.5063753047978685e-17
9224.749999999998	1.7976138525130913e-17	1.4356399473321314e-17
9224.999999999998	1.423982325523299e-17	1.3767838960793908e-17
9225.25	2.8413703672033254e-17	1.4152593750916824e-17
9225.499999999998	3.459909228618633e-17	1.3927913298573945e-17
9225.749999999998	1.9788762562475514e-17	1.2537784993980604e-17
9225.999999999998	1.673333935943939e-17	1.1865997704121175e-17
9226.25	1.9494456663612822e-17	1.1755009091070648e-17
9226.499999999998	2.4941760288990955e-17	1.1800498234496776e-17
9226.749999999998	3.011108821515942e-17	1.1842396586883812e-17
9226.999999999998	2.6802197020102346e-17	1.1543378240071406e-17
9227.249999999998	2.920560337709967e-17	1.1429248822235014e-17
9227.499999999998	3.986165173919564e-17	1.179857503957259e-17
9227.749999999998	4.117364621748845e-17	1.188662179833396e-17
9227.999999999998	3.585019965395033e-17	1.1763983173536236e-17
9228.249999999998	2.8356654679546697e-17	1.1390577301417548e-17
9228.499999999998	2.0113965311578286e-17	1.0976671839327651e-17
9228.749999999998	3.5608143445660164e-17	1.187596523050244e-17
9229.0	4.497543779595362e-17	1.2374928847800551e-17
9229.249999999998	3.473436940356325e-17	1.1844691185903034e-17
9229.499999999998	2.8005049979652456e-17	1.1305395896298062e-17
9229.749999999998	2.3591287022963405e-17	1.0750246035892286e-17
9230.0	1.9455953060459704e-17	1.0428417356508117e-17
9230.249999999998	1.4509606557655935e-17	1.0184115352854868e-17
9230.499999999998	2.969323296564458e-17	1.1181206307851801e-17
9230.749999999998	4.157266491009423e-17	1.1922651304274932e-17
9231.0	4.0774256947968246e-17	1.184650436580575e-17
9231.249999999998	3.4935546345981046e-17	1.1469709534717433e-17
9231.499999999998	2.3533475369952074e-17	1.0660877442512057e-17
9231.749999999998	2.41352294132497e-17	1.0702831216000134e-17
9232.0	2.781075848865355e-17	1.116735847721705e-17
9232.249999999998	2.2717997708705447e-17	1.0995113831084521e-17
9232.499999999998	1.8995031479532905e-17	1.0741546577390066e-17
9232.749999999998	1.9258951725774074e-17	1.0638373993947552e-17
9233.0	2.1237488341662112e-17	1.080027309215888e-17
9233.249999999998	2.8006734119379614e-17	1.1341175593694043e-17
9233.499999999998	3.3047860631130934e-17	1.171032396719992e-17
9233.749999999998	3.822480689074101e-17	1.1977787028004654e-17
9233.999999999998	3.6344721311359034e-17	1.1660804799829434e-17
9234.249999999998	3.268589962996753e-17	1.1289610808668713e-17
9234.499999999998	3.554987022586703e-17	1.1307142074571162e-17
9234.749999999998	3.6034915702178323e-17	1.1307946094126563e-17
9234.999999999998	3.095031919487612e-17	1.1274642975484566e-17
9235.249999999998	2.7867281394270525e-17	1.104543370928796e-17
9235.499999999998	2.6285971797781477e-17	1.065838349296521e-17
9235.75	2.3089567239864267e-17	1.0610014106646171e-17
9235.999999999998	2.1490089448401105e-17	1.0632532444461702e-17
9236.249999999998	2.429057062356471e-17	1.080721644622065e-17
9236.499999999998	2.7896778654914166e-17	1.1043766113173052e-17
9236.75	3.5758531498467205e-17	1.1424733243271087e-17
9236.999999999998	3.882408931836833e-17	1.1539637729341441e-17
9237.249999999998	3.857264626448691e-17	1.1433892614193887e-17
9237.499999999998	3.3933271450085244e-17	1.1168028493513219e-17
9237.75	2.6424101033910482e-17	1.0847175887251862e-17
9237.999999999998	3.0315424987517167e-17	1.1198410010231679e-17
9238.249999999998	3.33679100450175e-17	1.1446001711181051e-17
9238.499999999998	3.29614963577355e-17	1.1400530765728398e-17
9238.75	3.412730155201058e-17	1.1463239327966043e-17
9238.999999999998	3.694509892611737e-17	1.1637604038008546e-17
9239.249999999998	3.3849203430070255e-17	1.1383502425638382e-17
9239.499999999998	2.75201980636045e-17	1.0922781022419822e-17
9239.75	2.7598879483470543e-17	1.110685435131186e-17
9239.999999999998	2.855516148294717e-17	1.1259284713051294e-17
9240.249999999998	2.8981070162905826e-17	1.1167036703958767e-17
9240.499999999998	3.1955459444413803e-17	1.1393589066027853e-17
9240.749999999998	3.738822619770693e-17	1.1961489915576135e-17
9240.999999999998	3.641329127541723e-17	1.1984460721186732e-17
9241.249999999998	3.190674512377933e-17	1.1718412966410077e-17
9241.499999999998	3.469673268569209e-17	1.1869474344235736e-17
9241.749999999998	3.442597661886878e-17	1.1948325336127353e-17
9241.999999999998	2.6070329120811353e-17	1.137740114144019e-17
9242.249999999998	2.1481241924569238e-17	1.1023371147989945e-17
9242.5	2.2722365222339727e-17	1.1039312572755067e-17
9242.749999999998	2.468250699576581e-17	1.097730297813503e-17
9242.999999999998	2.6413738115196418e-17	1.085408946281158e-17
9243.249999999998	3.6718044465416466e-17	1.1561379344561785e-17
9243.5	4.4898625804271945e-17	1.2163295515259472e-17
9243.749999999998	3.084864546270355e-17	1.1367225992725176e-17
9243.999999999998	3.372387894982357e-17	1.1281869225315829e-17
9244.249999999998	2.2589346308035075e-17	1.3540724115908286e-17
9244.5	6.143622610664046e-17	1.30891538118064e-17
9244.749999999998	2.039730444987975e-17	1.3222585489236717e-17
9244.999999999998	2.404771039571914e-17	1.2893790294733626e-17
9245.249999999998	3.615841376763249e-17	1.2412986600603503e-17
9245.5	1.8439333198381007e-17	1.1181989647891889e-17
9245.749999999998	7.81697921135677e-18	1.0416865779253814e-17
9245.999999999998	1.419420093572824e-17	1.1029032372102258e-17
9246.249999999998	1.383248726156799e-17	1.1224337986532153e-17
9246.5	7.33861321849184e-18	1.107524860728682e-17
9246.749999999998	1.4806476716417542e-17	1.1841419686580387e-17
9246.999999999998	2.7064611797628668e-17	1.277077199403474e-17
9247.249999999998	1.831886095960756e-17	1.2236003036741658e-17
9247.5	1.6588122839822032e-17	1.1959574992458074e-17
9247.749999999998	2.792992874514284e-17	1.2476977292790606e-17
9247.999999999998	3.1464253126900214e-17	1.2609696767713514e-17
9248.249999999998	2.4821832335060566e-17	1.2348582318110125e-17
9248.499999999998	2.7464355100451044e-17	1.2525842987477176e-17
9248.749999999998	3.3779184245578866e-17	1.286266514264448e-17
9248.999999999998	4.161449377930981e-17	1.3259419841913703e-17
9249.249999999998	4.590643619282695e-17	1.3416310361516023e-17
9249.499999999998	3.438089527548464e-17	1.2748974957713355e-17
9249.749999999998	2.756698670777295e-17	1.2439879896678827e-17
9249.999999999998	2.6398994447958273e-17	1.2623314642137974e-17
9250.25	2.842080088168896e-17	1.3110297375443868e-17
9250.499999999998	3.572392887908289e-17	1.370905950646589e-17
9250.749999999998	4.065873621234154e-17	1.3964999114157148e-17
9250.999999999998	4.4979735826416445e-17	1.4026705133492378e-17
9251.25	3.3150834691226435e-17	1.3224775036318144e-17
9251.499999999998	3.221369530548551e-17	1.2750927931139593e-17
9251.749999999998	4.13000030191396e-17	1.2800821811327566e-17
9251.999999999998	3.538458299586668e-17	1.2233376738296802e-17
9252.25	2.155982904584545e-17	1.1277304842695761e-17
9252.499999999998	2.9152779623182033e-17	1.1907233484837556e-17
9252.749999999998	3.5890314604936703e-17	1.2600544014235615e-17
9252.999999999998	3.3025860935559473e-17	1.2572427318034325e-17
9253.25	2.8648010852345024e-17	1.2535011457386714e-17
9253.499999999998	2.3428529311276247e-17	1.2479773990441647e-17
9253.749999999998	2.577629122846713e-17	1.258288784406067e-17
9253.999999999998	3.357599890863379e-17	1.2762569671080664e-17
9254.25	2.963328553229164e-17	1.231286962234376e-17
9254.499999999998	2.410782161083337e-17	1.1756580734234499e-17
9254.749999999998	2.448984670493486e-17	1.153427511743026e-17
9254.999999999998	2.3898804650569794e-17	1.1334982492447859e-17
9255.249999999998	2.3433305452133128e-17	1.1201772499421707e-17
9255.499999999998	2.3811836535327194e-17	1.1291039349586592e-17
9255.749999999998	2.513611960880009e-17	1.1534530716239539e-17
9255.999999999998	1.9746124710620855e-17	1.1154244355785635e-17
9256.249999999998	1.1603228066112068e-17	1.0636875969858218e-17
9256.499999999998	1.377193185046482e-17	1.0666047321340513e-17
9256.749999999998	1.4215373450687148e-17	1.0567846093379443e-17
9257.0	8.219483643063848e-18	1.0110514476311125e-17
9257.249999999998	1.0946304384679605e-17	1.0300895884554492e-17
9257.499999999998	2.047753931493617e-17	1.1039118185311117e-17
9257.749999999998	1.6357241841607456e-17	1.0871754731973263e-17
9258.0	7.95148787794463e-18	1.0430507641916039e-17
9258.249999999998	1.6935689243965788e-17	1.0833476949127372e-17
9258.499999999998	2.2743509613157807e-17	1.0980353620234125e-17
9258.749999999998	1.6763096354795374e-17	1.0336241312128883e-17
9259.0	1.9357991714876274e-17	1.0624158067940215e-17
9259.249999999998	3.030375512343527e-17	1.1801050791145962e-17
9259.499999999998	3.138343096360888e-17	1.2009296819078637e-17
9259.749999999998	2.7594227419705545e-17	1.1869892070445075e-17
9260.0	2.418919798513511e-17	1.1545897832217242e-17
9260.249999999998	2.109957748121482e-17	1.1290744873288523e-17
9260.499999999998	1.6411857268731882e-17	1.1358629104618912e-17
9260.749999999998	1.7910084844496103e-17	1.1591864258856814e-17
9261.0	2.4187958868577506e-17	1.2026996002645434e-17
9261.249999999998	1.8330267780254665e-17	1.1961225217780118e-17
9261.499999999998	5.696064546123349e-18	1.1674756028040753e-17
9261.749999999998	1.788606517386879e-17	1.2787015339723444e-17
9261.999999999998	3.268934070131575e-17	1.375668443023363e-17
9262.249999999998	3.4077114849885765e-17	1.3932538892559342e-17
9262.499999999998	3.61024103314402e-17	1.3853169258423654e-17
9262.749999999998	3.478658435255005e-17	1.333467425250194e-17
9262.999999999998	3.2575097132554826e-17	1.2818578897537242e-17
9263.249999999998	2.7296399385794602e-17	1.2281401190300405e-17
9263.499999999998	2.446211630207963e-17	1.2044547948063197e-17
9263.75	2.191998348455104e-17	1.1861881653393112e-17
9263.999999999998	2.5998395840382517e-17	1.1872231337217375e-17
9264.249999999998	2.480886379741696e-17	1.1774236904409443e-17
9264.499999999998	1.7226287719323017e-17	1.1481869089721963e-17
9264.75	1.9850258477935156e-17	1.1925014559284996e-17
9264.999999999998	2.9625427316472383e-17	1.2767024038679262e-17
9265.249999999998	3.446168766027392e-17	1.3039895206328867e-17
9265.499999999998	4.030973878573807e-17	1.3194443150436437e-17
9265.75	3.9488249175799404e-17	1.3081197988674865e-17
9265.999999999998	3.7125493782825386e-17	1.2860759318513159e-17
9266.249999999998	3.0363616530004506e-17	1.241188066012452e-17
9266.499999999998	3.6175162520675464e-17	1.2593552683698316e-17
9266.75	4.87181686786825e-17	1.3235512667849695e-17
9266.999999999998	4.467980344502717e-17	1.2794886790432498e-17
9267.249999999998	3.6252990290149353e-17	1.2070365909342202e-17
9267.499999999998	2.1976390584882255e-17	1.1379235828038833e-17
9267.75	1.4432682069410954e-17	1.1095795773702638e-17
9267.999999999998	2.6203513471238516e-17	1.1836898317352172e-17
9268.249999999998	3.701118734833791e-17	1.2309139864961759e-17
9268.499999999998	4.510273096605818e-17	1.257102276535421e-17
9268.75	4.42302638693291e-17	1.2661543621327725e-17
9268.999999999998	4.1172637057141135e-17	1.2687619662957847e-17
9269.249999999998	3.001192249460411e-17	1.200693935433286e-17
9269.499999999998	2.1808499390313592e-17	1.1520606784988434e-17
9269.749999999998	2.3540241707362758e-17	1.1661177031105083e-17
9269.999999999998	2.4923782345557727e-17	1.1737459627194723e-17
9270.249999999998	2.681341193484734e-17	1.1738047752610248e-17
9270.499999999998	2.4873234992685837e-17	1.1681320533381974e-17
9270.749999999998	2.2032580963892982e-17	1.1601908713035046e-17
9270.999999999998	1.8106790048522438e-17	1.1482446461789525e-17
9271.249999999998	1.8515916888213616e-17	1.1571020961781703e-17
9271.5	3.33305016289954e-17	1.2371836019490215e-17
9271.749999999998	3.375900434735502e-17	1.2353151663813868e-17
9271.999999999998	1.7505234528571825e-17	1.1423731527549286e-17
9272.249999999998	1.536044784445043e-17	1.1245976204175928e-17
9272.5	1.877170925775584e-17	1.138913966151293e-17
9272.749999999998	1.5951719855025784e-17	1.1104434020839529e-17
9272.999999999998	1.2323759455108021e-17	1.0878837052377942e-17
9273.249999999998	9.106893757558699e-18	1.1058434506975455e-17
9273.5	1.5658259334749122e-17	1.1644288484538587e-17
9273.749999999998	3.695849594331828e-17	1.2693720119975425e-17
9273.999999999998	3.6878686249096714e-17	1.2618300273264678e-17
9274.249999999998	2.762283794273253e-17	1.198297262326475e-17
9274.5	2.1627659510436024e-17	1.1506828437525138e-17
9274.749999999998	1.599238736266134e-17	1.1098417936244431e-17
9274.999999999998	1.4285233816500927e-17	1.1092548262617755e-17
9275.249999999998	1.619041274694531e-17	1.1223950038824866e-17
9275.5	2.4857490436906502e-17	1.1550305050520925e-17
9275.749999999998	2.6516794893353175e-17	1.1726263737603818e-17
9275.999999999998	2.533877555015313e-17	1.1822219170201806e-17
9276.249999999998	3.298980578701951e-17	1.2289576216294267e-17
9276.499999999998	3.8535138586791304e-17	1.2587668948001227e-17
9276.749999999998	1.9253939011262003e-17	1.1214553267066264e-17
9276.999999999998	1.1250246110497927e-17	1.0660740957710986e-17
9277.249999999998	2.3848297002367306e-17	1.1724223910213262e-17
9277.499999999998	3.6274530073300234e-17	1.2470272993925863e-17
9277.749999999998	4.8949991008434164e-17	1.303127102126239e-17
9277.999999999998	4.115930621438923e-17	1.2607406304597355e-17
9278.25	3.0874135860459984e-17	1.202416621776989e-17
9278.499999999998	2.369095732369237e-17	1.1660473927584412e-17
9278.749999999998	2.4266213463247473e-17	1.1802930972678295e-17
9278.999999999998	4.45501114511462e-17	1.2868920282436607e-17
9279.25	4.6398635127075605e-17	1.2914133147538143e-17
9279.499999999998	3.46673181431097e-17	1.2228644438012386e-17
9279.749999999998	3.145526994544789e-17	1.196937790989744e-17
9279.999999999998	2.9085414034095715e-17	1.1860154500274101e-17
9280.25	3.887953027174408e-17	1.2585822680874008e-17
9280.499999999998	4.298375562577089e-17	1.2902823107022705e-17
9280.749999999998	3.0655902453811343e-17	1.2383338793088378e-17
9280.999999999998	2.7393025661869372e-17	1.2277300028823368e-17
9281.25	3.1405923658825425e-17	1.252886715979667e-17
9281.499999999998	3.136977255733441e-17	1.2506577123830203e-17
9281.749999999998	2.973675590075467e-17	1.2393852258673927e-17
9281.999999999998	2.5666150475544468e-17	1.1861098313353024e-17
9282.25	2.577601660450376e-17	1.163507782841781e-17
9282.499999999998	3.1831451835702304e-17	1.2299662029503126e-17
9282.749999999998	3.622378419708133e-17	1.2855950917612388e-17
9282.999999999998	3.9252883204303566e-17	1.3303587977901584e-17
9283.249999999998	2.948173942662702e-17	1.275131257012443e-17
9283.499999999998	1.5792626553452235e-17	1.1804020369545027e-17
9283.749999999998	1.5961918991978563e-17	1.1948131775864016e-17
9283.999999999998	1.8173933953204593e-17	1.2112147629262868e-17
9284.249999999998	2.5239661114795802e-17	1.2475706743369724e-17
9284.499999999998	3.1752558657599446e-17	1.320423862325029e-17
9284.749999999998	3.6963882543467226e-17	1.424107726104162e-17
9285.0	3.368472352834776e-17	1.4893812099852116e-17
9285.249999999998	3.69564941662359e-17	1.538066248426e-17
9285.499999999998	1.2887137281066862e-17	1.4948217423100953e-17
9285.749999999998	-1.5690885199264591e-18	1.474855752992658e-17
9286.0	1.6430786469869546e-17	1.5552663112111827e-17
9286.249999999998	3.014845692651211e-17	1.574396682673819e-17
9286.499999999998	3.5321902557769864e-17	1.5257353015985496e-17
9286.749999999998	2.5963164563732658e-17	1.4555313249583166e-17
9287.0	1.8684431776964144e-17	1.3720199147775142e-17
9287.249999999998	2.3335165435537386e-17	1.349176908571556e-17
9287.499999999998	2.293829906688547e-17	1.3353374324609926e-17
9287.749999999998	1.936854323077e-17	1.3350434524712912e-17
9288.0	2.4650073243947606e-17	1.3818530243092383e-17
9288.249999999998	4.4267013849583604e-17	1.4835345319795642e-17
9288.499999999998	3.3437697618937375e-17	1.412695446065013e-17
9288.749999999998	7.399077639727629e-18	1.2451520809439286e-17
9289.0	2.7724531527239798e-17	1.2867394961387059e-17
9289.249999999998	4.5157582966837796e-17	1.328757458842317e-17
9289.499999999998	3.347267743268102e-17	1.2721683787763393e-17
9289.749999999998	2.5067079806153963e-17	1.2325759577829174e-17
9290.0	2.3389827184776116e-17	1.2112502489745653e-17
9290.249999999998	2.225001696843112e-17	1.1907704977786712e-17
9290.499999999998	2.1488802355367972e-17	1.1713046218595833e-17
9290.749999999998	2.3192695155553703e-17	1.2020669725320628e-17
9290.999999999998	2.5810521616575798e-17	1.2423993065834134e-17
9291.249999999998	3.701772869262198e-17	1.3038644509242687e-17
9291.499999999998	3.6654407806531537e-17	1.3181405129621377e-17
9291.75	1.580016713191627e-17	1.2540901810528704e-17
9291.999999999998	1.7417440887077897e-17	1.3625210689313227e-17
9292.249999999998	3.528845468252067e-17	1.5539128782929235e-17
9292.499999999998	2.1594640114744132e-17	1.551503466604679e-17
9292.75	1.1913566379607262e-17	1.5292059860126996e-17
9292.999999999998	2.62477014595611e-17	1.596566942887588e-17
9293.249999999998	3.845924972867324e-17	1.6314557667638495e-17
9293.499999999998	4.564772718444487e-17	1.6107310873885784e-17
9293.75	3.900558597965226e-17	1.5785339092255643e-17
9293.999999999998	2.2933939825057315e-17	1.5350917069432594e-17
9294.249999999998	3.28890121750187e-17	1.5590981426807734e-17
9294.499999999998	4.261612016560537e-17	1.585554852828792e-17
9294.75	2.6466169785503704e-17	1.457510768164156e-17
9294.999999999998	2.143976708865583e-17	1.3686737210455534e-17
9295.249999999998	3.487929475560499e-17	1.3808537901292742e-17
9295.499999999998	3.283050734465405e-17	1.3412267929862476e-17
9295.75	2.0052337047220636e-17	1.2568980456421816e-17
9295.999999999998	2.214205666360315e-17	1.2480060194933591e-17
9296.249999999998	2.561961163992101e-17	1.2571199782005296e-17
9296.499999999998	2.6470385097905274e-17	1.2541731472683094e-17
9296.75	2.611332927777431e-17	1.2497977754182102e-17
9296.999999999998	2.6621039502869557e-17	1.2389489708123322e-17
9297.249999999998	2.585556490965176e-17	1.221189816651125e-17
9297.499999999998	2.286996402212124e-17	1.2035398503307748e-17
9297.749999999998	2.5083610183515223e-17	1.2370297463550867e-17
9297.999999999998	2.886818647907194e-17	1.2816635023097742e-17
9298.249999999998	2.809263848035447e-17	1.2840911946895561e-17
9298.499999999998	3.08603384878426e-17	1.3018113886439121e-17
9298.749999999998	4.387576734601337e-17	1.3629686563607752e-17
9298.999999999998	4.563143834382247e-17	1.3777194373521883e-17
9299.249999999998	3.661579501553756e-17	1.3481714705369978e-17
9299.5	3.0692255387371824e-17	1.326495285303107e-17
9299.749999999998	2.6968253528072366e-17	1.3088737739958286e-17
9299.999999999998	2.3907180681452506e-17	1.2777469675454582e-17
9300.249999999998	2.3279896535729043e-17	1.2595030028272336e-17
9300.5	3.100039340043763e-17	1.2817222321332655e-17
9300.749999999998	3.3411492537131695e-17	1.3018707802118934e-17
9300.999999999998	2.7475933974665562e-17	1.3154513487907278e-17
9301.249999999998	2.504828626263676e-17	1.3008761782433597e-17
9301.5	2.1860371886526792e-17	1.2747403314549504e-17
9301.749999999998	2.427863771604802e-17	1.3084968277906882e-17
9301.999999999998	2.533230534340174e-17	1.3126506806727457e-17
9302.249999999998	1.4167565720004033e-17	1.2052037241329252e-17
9302.5	1.2554483289006212e-17	1.1924311455764326e-17
9302.749999999998	2.23339261697685e-17	1.2900879232583206e-17
9302.999999999998	2.8940994916588857e-17	1.3420496722596154e-17
9303.249999999998	3.3355475866049604e-17	1.3772669695571218e-17
9303.5	2.3715170554583022e-17	1.3204055816334916e-17
9303.749999999998	1.4140879219081848e-17	1.2897651573833024e-17
9303.999999999998	1.6214331501537894e-17	1.38929003976058e-17
9304.249999999998	1.7403473115254326e-17	1.571376646257388e-17
9304.499999999998	-1.1628651462238885e-17	1.8516126992089205e-17
9304.749999999998	1.2088922879204216e-17	2.5847878747399918e-17
9304.999999999998	5.3834363485384234e-17	3.2985937890475214e-17
9305.249999999998	2.4046477896606436e-17	3.5733729314980415e-17
9305.499999999998	3.113306986196868e-17	3.81529282042326e-17
9305.749999999998	4.533531099325094e-17	4.0318106544814654e-17
9305.999999999998	4.855602142628741e-17	4.3171512389930626e-17
9306.25	4.634665509738277e-17	4.6640866697655634e-17
9306.499999999998	4.513280725313061e-17	4.9723739062138716e-17
9306.749999999998	7.538281548908463e-17	5.2502056759969574e-17
9306.999999999998	4.769837409741283e-17	5.1840209699531196e-17
9307.25	6.238609414764736e-17	5.0038378714819187e-17
9307.499999999998	3.5723986781725766e-18	4.269803420730527e-17
9307.749999999998	-8.845431064917425e-19	3.596871478339448e-17
9307.999999999998	-8.701280781109646e-18	3.108700913673928e-17
9308.25	-4.377596448959125e-19	2.898536819336865e-17
9308.499999999998	8.463726916893605e-18	2.857184406154114e-17
9308.749999999998	-6.69668673515527e-19	2.731112816378172e-17
9308.999999999998	7.259922699639058e-18	2.588690843742262e-17
9309.25	2.41687699327275e-17	2.388610577380588e-17
9309.499999999998	3.5613010576384426e-17	2.2698074236471495e-17
9309.749999999998	3.8188536675241784e-17	2.2928778218034984e-17
9309.999999999998	3.131926490913192e-17	2.309608707745241e-17
9310.25	2.96880879022345e-17	2.3278594553444885e-17
9310.499999999998	2.5454580835910555e-17	2.2705854697313168e-17
9310.749999999998	2.679985940769127e-17	2.18714230195105e-17
9310.999999999998	1.8487443677168316e-17	2.0088554323160657e-17
9311.249999999998	2.2359257748847324e-17	2.082720344911336e-17
9311.499999999998	-8.505500365008146e-18	2.5484402351354316e-17
9311.749999999998	2.3128343812619528e-17	3.7244981676669896e-17
9311.999999999998	-2.1379683997682427e-17	4.972050644030486e-17
9312.249999999998	-1.5894761852406608e-17	6.27377914917702e-17
9312.499999999998	6.637219149275669e-17	7.337246881556025e-17
9312.749999999998	9.430162558389322e-18	7.676328066976213e-17
9313.0	2.0011130217825694e-17	7.711206633812879e-17
9313.249999999998	-3.8556208531354255e-17	7.010813618574019e-17
9313.499999999998	-2.6003754316390635e-17	5.894823226020347e-17
9313.749999999998	-5.0632357260358814e-17	4.3151977692584573e-17
9314.0	1.3633835908355471e-18	3.3913174269922656e-17
9314.249999999998	-2.7075523964269468e-17	2.3896002162654465e-17
9314.499999999998	1.5323254495387596e-17	1.9508745381514063e-17
9314.749999999998	3.5020666539735203e-17	1.5932984214151458e-17
9315.0	3.903753500363151e-17	1.532388480701436e-17
9315.249999999998	2.1273933919451198e-17	1.4666319233426557e-17
9315.499999999998	1.0929536606482542e-17	1.390792696061344e-17
9315.749999999998	5.823838308163802e-18	1.3723885064584678e-17
9316.0	1.0041058601816885e-18	1.3828988287576891e-17
9316.249999999998	7.603895831201884e-18	1.6046921726085737e-17
9316.499999999998	5.9529186019817834e-18	1.864809704137714e-17
9316.749999999998	1.6200338914295947e-17	2.211270167802487e-17
9317.0	1.6784739535522824e-18	2.4068959011294402e-17
9317.249999999998	-9.729753314185616e-18	2.49346597706128e-17
9317.499999999998	-8.292895922427929e-18	2.466114588362724e-17
9317.749999999998	1.3695513596754722e-17	2.392448033678344e-17
9318.0	1.8333157949314925e-17	2.1023491754110968e-17
9318.249999999998	1.821443271599519e-17	1.800465640392929e-17
9318.499999999998	8.847297184379344e-18	1.5452977922131837e-17
9318.749999999998	2.43823748502586e-18	1.445178332411603e-17
9318.999999999998	2.777675805675517e-17	1.489981743109925e-17
9319.249999999998	3.3215427570899476e-17	1.4611023863838612e-17
9319.499999999998	2.776097875939011e-17	1.408376239778506e-17
9319.749999999998	2.1112023240711293e-17	1.3859555919933175e-17
9319.999999999998	1.400005999160082e-17	1.3690508326868163e-17
9320.249999999998	8.739940721398537e-18	1.363175947822281e-17
9320.499999999998	1.3521495475388879e-17	1.4438032273612947e-17
9320.75	2.1084972780319584e-17	1.594893887380638e-17
9320.999999999998	5.5040518549939656e-17	2.133028146277831e-17
9321.249999999998	7.286862317828685e-17	2.6438743785113896e-17
9321.499999999998	5.738407342653509e-17	3.031457464584746e-17
9321.75	4.138785952636008e-17	3.335680597247459e-17
9321.999999999998	-4.7440644470876005e-17	3.536976322801218e-17
9322.249999999998	8.376935094519055e-19	4.396242609570688e-17
9322.499999999998	9.965987825324635e-17	5.608682923292533e-17
9322.75	1.2229697273496043e-16	6.53880980267248e-17
9322.999999999998	2.4556832452683893e-16	7.344129685996957e-17
9323.249999999998	1.6275620290972153e-16	7.448106950739362e-17
9323.499999999998	1.0427144987289888e-16	7.356489087837479e-17
9323.75	-2.3074438933641285e-18	6.470553505502565e-17
9323.999999999998	2.77194906885869e-17	5.248578446295943e-17
9324.249999999998	-4.841431876991217e-18	3.712976534350861e-17
9324.499999999998	1.1369447799850493e-17	2.838745557683572e-17
9324.75	-4.811545014279064e-18	2.0984096450257518e-17
9324.999999999998	1.8594563566493933e-17	1.760062168808899e-17
9325.249999999998	2.217459629453976e-17	1.4638428357532494e-17
9325.499999999998	1.6567524388208236e-17	1.440219219203225e-17
9325.749999999998	2.199048574252016e-17	1.3935880702234056e-17
9325.999999999998	1.4070537434151563e-17	1.3098328071980226e-17
9326.249999999998	9.49626752422211e-18	1.2818737716214852e-17
9326.499999999998	9.096013850961789e-18	1.2736948578787447e-17
9326.749999999998	7.733068355658165e-18	1.2363566694906523e-17
9326.999999999998	8.87112577628516e-18	1.2290662304438549e-17
9327.249999999998	2.3519486091432578e-17	1.3224682392089538e-17
9327.5	3.1188021124421806e-17	1.3646201224537373e-17
9327.749999999998	2.7899749887674456e-17	1.3498131758987318e-17
9327.999999999998	1.9997293140538907e-17	1.339773105777747e-17
9328.249999999998	1.3084684554956776e-17	1.326394203832253e-17
9328.5	2.1774111837888538e-17	1.382527507380714e-17
9328.749999999998	2.4095845689924826e-17	1.4223757753375986e-17
9328.999999999998	1.159472382223441e-17	1.406774321804236e-17
9329.249999999998	2.4067076348220232e-17	1.567062899362924e-17
9329.5	6.736090393532907e-17	1.8776275294737132e-17
9329.749999999998	5.524307522961919e-17	1.9872433535796478e-17
9329.999999999998	2.2618812135815438e-17	2.0248999237855118e-17
9330.249999999998	1.7016293031575405e-17	2.098781710865278e-17
9330.5	2.4059317394074484e-17	2.154201488417351e-17
9330.749999999998	4.033784638295262e-17	2.1588967310103244e-17
9330.999999999998	5.0980861687317206e-17	2.0893303451862472e-17
9331.249999999998	5.443033057311644e-17	1.9160520541602714e-17
9331.5	5.106623334397758e-17	1.7441634265633848e-17
9331.749999999998	2.6969997224803628e-17	1.5604962433521105e-17
9331.999999999998	3.007091039844649e-17	1.4774736141952657e-17
9332.249999999998	3.034359875918072e-17	1.418390419146318e-17
9332.499999999998	3.680309848472162e-17	1.4408491999577453e-17
9332.749999999998	3.259529688311337e-17	1.406199927586879e-17
9332.999999999998	1.6202418446355906e-17	1.2930073745122652e-17
9333.249999999998	4.58564447053267e-18	1.2094993557719743e-17
9333.499999999998	-4.887703533276821e-18	1.1378684925750873e-17
9333.749999999998	1.161328906390255e-17	1.214981991590037e-17
9333.999999999998	2.5510762943115156e-17	1.2907620754575513e-17
9334.25	2.19548458386477e-17	1.3283934993727937e-17
9334.499999999998	1.4309701819020245e-17	1.3182821262830067e-17
9334.749999999998	4.1131576638714615e-18	1.2487570994895572e-17
9334.999999999998	1.0133540703022764e-17	1.2913222421683722e-17
9335.25	2.317541866127992e-17	1.3847655272460375e-17
9335.499999999998	2.2214125601652445e-17	1.4182461588474888e-17
9335.749999999998	1.4991986858033584e-17	1.4543431627264454e-17
9335.999999999998	1.0376849262760336e-17	1.5403117129168365e-17
9336.25	2.708665450659198e-17	1.9560619532088488e-17
9336.499999999998	3.956229176679025e-17	2.6404017088637695e-17
9336.749999999998	2.5916028503706937e-17	3.293631697988938e-17
9336.999999999998	3.644232862364029e-17	3.896043184437422e-17
9337.25	3.032822974339949e-17	4.151593024624044e-17
9337.499999999998	6.430157974852415e-17	4.28341815186866e-17
9337.749999999998	7.089741207390359e-17	4.0191746434441053e-17
9337.999999999998	7.151814164045318e-17	3.525323002331571e-17
9338.25	1.1186300086063902e-17	2.6523705160190443e-17
9338.499999999998	7.299284916268007e-18	2.070443992004314e-17
9338.749999999998	3.0324621167977225e-18	1.6573132672761346e-17
9338.999999999998	1.46599631775997e-17	1.5160061686698234e-17
9339.25	7.734482007325018e-19	1.4212557727882018e-17
9339.499999999998	1.620047622627763e-17	1.43405970148991e-17
9339.749999999998	2.2822412717428016e-17	1.44657444784947e-17
9339.999999999998	2.837884297229782e-17	1.4469160734424543e-17
9340.249999999998	3.045123480920857e-17	1.4807848181873155e-17
9340.499999999998	3.038960323612847e-17	1.5071143079571234e-17
9340.749999999998	3.7893739431095236e-17	1.519480988987036e-17
9340.999999999998	4.429315937438518e-17	1.5235535300148797e-17
9341.249999999998	3.632670531761763e-17	1.4947049444076028e-17
9341.499999999998	2.5455641281455848e-17	1.4331269726311953e-17
9341.749999999998	1.0061668633959256e-17	1.3142920551622347e-17
9342.0	1.114550767415585e-17	1.315467644248795e-17
9342.249999999998	1.9916904419888554e-17	1.3789097502536521e-17
9342.499999999998	7.4694053625875e-18	1.287918559383839e-17
9342.749999999998	-1.996490984673807e-18	1.2025487225208137e-17
9343.0	1.8293856944051306e-17	1.3213759472100776e-17
9343.249999999998	2.7267400087879718e-17	1.3807885255789438e-17
9343.499999999998	2.0943637392136324e-17	1.3602481420441495e-17
9343.749999999998	1.6884784549069275e-17	1.344320117604951e-17
9344.0	1.4007789167244516e-17	1.3313314794724595e-17
9344.249999999998	5.2144344985612855e-18	1.2594826541841648e-17
9344.499999999998	-9.373199179096164e-19	1.1962580966804092e-17
9344.749999999998	8.363025121940787e-18	1.2688402175817322e-17
9345.0	1.3076632778874185e-17	1.3288673911457253e-17
9345.249999999998	1.5426963091867044e-17	1.3711101815398284e-17
9345.499999999998	1.0549206405456173e-17	1.3431703365535022e-17
9345.749999999998	1.3315525370288158e-20	1.2919660368391222e-17
9346.0	7.368212222350825e-18	1.3254494808546562e-17
9346.249999999998	1.5635890716624463e-17	1.3650916981209538e-17
9346.499999999998	5.9238163200806365e-18	1.3552393979990184e-17
9346.749999999998	3.3928334836189528e-18	1.4140647608510333e-17
9346.999999999998	1.3564743786535601e-17	1.5793046761203412e-17
9347.249999999998	1.3506806402071162e-17	1.6805763985152084e-17
9347.499999999998	1.817578683777671e-17	1.748418278198235e-17
9347.749999999998	1.996971493891639e-17	1.8514379986635493e-17
9347.999999999998	2.5901364245807596e-17	1.939684438824789e-17
9348.249999999998	1.7178814169607374e-17	1.9218831811704028e-17
9348.499999999998	1.6379708067044396e-17	1.9570734296618787e-17
9348.75	3.697813651978274e-17	2.061772161334553e-17
9348.999999999998	2.2371423921296754e-17	1.995865718848778e-17
9349.249999999998	-1.3660556116887618e-17	1.8184010667426714e-17
9349.499999999998	3.4615080860246365e-18	1.829743201865876e-17
9349.75	2.3774621679568433e-17	1.849010223565706e-17
9349.999999999998	2.1113922447397715e-17	1.7261684432095387e-17
9350.249999999998	1.0111637787582972e-17	1.6331422225967226e-17
9350.499999999998	1.821631207034691e-17	1.614483178647119e-17
9350.75	3.037664297029099e-17	1.6781918022453405e-17
9350.999999999998	4.410893301707982e-17	1.7545207204492837e-17
9351.249999999998	4.508527745513331e-17	1.757767569789677e-17
9351.499999999998	4.512706661967949e-17	1.7374721971523208e-17
9351.75	3.6154102502279864e-17	1.6519212077351464e-17
9351.999999999998	3.147202862465821e-17	1.5647593667930863e-17
9352.249999999998	2.5794012745910465e-17	1.4770684611312372e-17
9352.499999999998	2.070701245174818e-17	1.421881121331292e-17
9352.75	1.7796775989827364e-17	1.387829404234934e-17
9352.999999999998	1.7022027047581623e-17	1.3692470399281139e-17
9353.249999999998	1.951634882570465e-17	1.3737988494028707e-17
9353.499999999998	3.9673259700325465e-17	1.510908916299149e-17
9353.749999999998	4.4334869129592554e-17	1.5749609852877028e-17
9353.999999999998	2.994652228665322e-17	1.526250304247925e-17
9354.249999999998	3.0084042717851383e-17	1.53006989344445e-17
9354.499999999998	3.755635562029201e-17	1.5660103947515115e-17
9354.749999999998	3.919273393888116e-17	1.5970893901624764e-17
9354.999999999998	3.7051672876238704e-17	1.6095510315267102e-17
9355.249999999998	2.314153734338975e-17	1.506217975045361e-17
9355.5	2.082937727976315e-17	1.481627384359262e-17
9355.749999999998	3.603857514920826e-17	1.59726557963295e-17
9355.999999999998	3.1721046384983626e-17	1.565029523981146e-17
9356.249999999998	1.750825870089132e-17	1.4373758685656352e-17
9356.5	1.481485440166148e-17	1.3822544550605103e-17
9356.749999999998	1.3451830324199663e-17	1.3429750392108785e-17
9356.999999999998	1.501773037305746e-17	1.3425937089484915e-17
9357.249999999998	1.3677832611161401e-17	1.3220986549112652e-17
9357.5	3.9849810648726945e-18	1.247501191165518e-17
9357.749999999998	1.1756597071051596e-18	1.2315622479422337e-17
9357.999999999998	1.0175354476192166e-18	1.2417177097586697e-17
9358.249999999998	5.188022621602467e-18	1.2912252138825197e-17
9358.5	1.1187761714206284e-17	1.3475311500248205e-17
9358.749999999998	2.174567833151264e-17	1.422266091188374e-17
9358.999999999998	3.346753567799339e-17	1.5013688768584525e-17
9359.249999999998	4.856075951683611e-17	1.5885247621001023e-17
9359.5	4.929354227788459e-17	1.620902596508898e-17
9359.749999999998	3.924231514479759e-17	1.6181757129015556e-17
9359.999999999998	3.7284398487219273e-17	1.6601288246451426e-17
9360.249999999998	3.418500236281983e-17	1.7133325853361858e-17
9360.5	3.257323763053781e-17	1.768946915768331e-17
9360.749999999998	2.884101194158835e-17	1.8113946815182247e-17
9360.999999999998	1.978145855766667e-17	1.8251889108492815e-17
9361.249999999998	1.625083167324741e-17	1.8250932887704704e-17
9361.499999999998	1.944476130677186e-17	1.815796605865987e-17
9361.749999999998	1.8943615587017834e-17	1.779914007201804e-17
9361.999999999998	1.7435547870686682e-17	1.734716031351294e-17
9362.249999999998	1.6043467419847716e-17	1.673192653495315e-17
9362.499999999998	1.994482838300712e-17	1.6136503732064005e-17
9362.749999999998	2.2896696845157728e-17	1.5572770218441766e-17
9362.999999999998	2.1267840907059132e-17	1.4992337582613307e-17
9363.25	1.702659473892414e-17	1.4377975652419147e-17
9363.499999999998	2.076130196971126e-17	1.462848399220838e-17
9363.749999999998	2.5115706445643506e-17	1.4886281447555433e-17
9363.999999999998	2.162799203704227e-17	1.45160684926012e-17
9364.25	2.4716464414272337e-17	1.465715076351702e-17
9364.499999999998	3.994333086160158e-17	1.560463983308221e-17
9364.749999999998	3.130616567695153e-17	1.5153103443385438e-17
9364.999999999998	8.7863612701944e-18	1.3777868525721114e-17
9365.25	1.6425126900118458e-17	1.4000710155562287e-17
9365.499999999998	2.4534976024794527e-17	1.4332330171857246e-17
9365.749999999998	1.1988811691208761e-17	1.377562190317742e-17
9365.999999999998	1.0062426331400355e-17	1.3889105292955407e-17
9366.25	2.111306217956066e-17	1.5137797293330757e-17
9366.499999999998	2.3099708474174167e-17	1.6158324756623154e-17
9366.749999999998	1.9507608835352415e-17	1.7076458840610062e-17
9366.999999999998	2.743761400560843e-17	1.867752647321055e-17
9367.25	3.832793315206922e-17	1.9918916123138283e-17
9367.499999999998	2.1406305978516834e-17	1.883935774261165e-17
9367.749999999998	2.151894647125063e-17	1.8262649073900905e-17
9367.999999999998	3.872599893260934e-17	1.8603243999842064e-17
9368.249999999998	3.827860340905901e-17	1.7710568880748313e-17
9368.499999999998	2.2637817437569457e-17	1.5995677887138077e-17
9368.749999999998	1.4792533760012348e-17	1.491758527065689e-17
9368.999999999998	9.273236470020662e-18	1.4076696620992633e-17
9369.249999999998	1.6414064186606174e-17	1.4360067192157374e-17
9369.499999999998	1.5654449340847702e-17	1.4407812057113935e-17
9369.749999999998	8.045276924518342e-18	1.4061737886795224e-17
9370.0	1.0179920513173459e-18	1.353203541075403e-17
9370.249999999998	-5.816824643749965e-18	1.2834320144594126e-17
9370.499999999998	-5.8829904073577756e-18	1.3461801159303377e-17
9370.749999999998	-7.449512496036212e-18	1.4357550908733988e-17
9371.0	8.984219563994635e-18	1.5962246555501134e-17
9371.249999999998	1.5547197102624077e-17	1.6938020238931963e-17
9371.499999999998	7.428780041163183e-18	1.709505551514148e-17
9371.749999999998	8.588995976039248e-18	1.7607009176779124e-17
9372.0	2.0569674000284775e-17	1.8364216926955066e-17
9372.249999999998	3.308302904205424e-17	2.0156985320875944e-17
9372.499999999998	4.103390894224864e-17	2.20972118938742e-17
9372.749999999998	2.3406392303723102e-17	2.4939766783714702e-17
9373.0	1.2404755326327988e-17	2.97739227800379e-17
9373.249999999998	5.231542496144291e-17	3.676302985584955e-17
9373.499999999998	5.423304799702254e-17	4.0930551070348915e-17
9373.749999999998	6.509701647788984e-17	4.3651171266092975e-17
9374.0	3.2422376430420386e-17	4.429224616698892e-17
9374.249999999998	4.101564727586531e-18	4.873620121603616e-17
9374.499999999998	1.1245243818461574e-16	7.031476590275594e-17
9374.749999999998	-1.6884423898322202e-17	9.184443759782893e-17
9374.999999999998	9.490411912665847e-18	1.1414647760934473e-16
9375.249999999998	-1.768524061039194e-16	1.2530527642158309e-16
9375.499999999998	-1.6989498335429098e-16	1.3208095766446625e-16
9375.749999999998	-3.0240812634520393e-16	1.2535331907156017e-16
9375.999999999998	-7.89606892757317e-17	1.173624234820529e-16
9376.249999999998	-1.605657227685627e-16	8.836601077314544e-17
9376.499999999998	-1.3051945242620295e-16	6.392412730884885e-17
9376.75	-8.333917463365658e-17	4.8247102554723354e-17
9376.999999999998	3.210908342777715e-17	3.719542694053307e-17
9377.249999999998	1.129587388939472e-16	2.6778885416079376e-17
9377.499999999998	7.05965697938405e-17	2.0506101861487625e-17
9377.75	-2.218123896844887e-18	1.6095407744871146e-17
9377.999999999998	-3.7691530994453586e-18	1.6920768560076557e-17
9378.249999999998	1.4390545489007503e-17	1.690017010846276e-17
9378.499999999998	5.576304923447615e-18	1.5549705114241338e-17
9378.75	4.155093239386062e-18	1.5337309948356097e-17
9378.999999999998	5.981671813664433e-18	1.570931126779467e-17
9379.249999999998	2.18249999891728e-17	1.6516791746879134e-17
9379.499999999998	3.20536954139606e-17	1.6997841940831798e-17
9379.75	1.6957007342712505e-17	1.5876507630648788e-17
9379.999999999998	1.5103967260638563e-17	1.5591143554207794e-17
9380.249999999998	3.0841551561770295e-17	1.6450461787919732e-17
9380.499999999998	2.936538158422041e-17	1.6017935663060654e-17
9380.75	1.7518917750264677e-17	1.5041776513464376e-17
9380.999999999998	1.7371444681936273e-17	1.5515807252738914e-17
9381.249999999998	1.2582362584371699e-17	1.6474182019165303e-17
9381.499999999998	2.0120723377182845e-17	1.8927895846656877e-17
9381.749999999998	2.4485118540553506e-17	2.1567690570387155e-17
9381.999999999998	3.684805409665265e-17	2.4482878535454712e-17
9382.249999999998	4.3204904016898166e-17	2.6227071575084026e-17
9382.499999999998	6.691174486271278e-17	2.750256588166732e-17
9382.749999999998	6.722662274340967e-17	2.5970476840347627e-17
9382.999999999998	6.671970661170247e-17	2.4020107378678246e-17
9383.249999999998	4.180116528250588e-17	2.1363137076708916e-17
9383.499999999998	2.842318647057556e-17	1.8826443798888473e-17
9383.749999999998	-3.781165881589948e-19	1.656593454707091e-17
9383.999999999998	6.7354149178446965e-18	1.6224835040956093e-17
9384.249999999998	1.8035528438750995e-17	1.6833631699988996e-17
9384.5	1.695059338424277e-17	1.6560835805775133e-17
9384.749999999998	1.1787164910203034e-17	1.6465107847845596e-17
9384.999999999998	1.1230093509234297e-17	1.722545226690434e-17
9385.249999999998	1.7364967857739983e-17	2.0310293321245297e-17
9385.5	3.2115035819465083e-17	2.5250442586899818e-17
9385.749999999998	5.341670675921641e-17	2.956201895943652e-17
9385.999999999998	9.520018361150345e-17	3.340970582700858e-17
9386.249999999998	4.0781287983174947e-17	3.295907106417949e-17
9386.5	5.393751125340837e-18	3.1786393653375315e-17
9386.749999999998	-9.519068344216828e-19	2.8824299584492326e-17
9386.999999999998	1.884769406882496e-17	2.5816197729939137e-17
9387.249999999998	3.4697487074410735e-17	2.2743198593247487e-17
9387.5	4.5235079864066664e-17	2.0565807758101702e-17
9387.749999999998	4.543699796031331e-17	1.867102648795711e-17
9387.999999999998	2.9482239043717004e-17	1.7935509067803533e-17
9388.249999999998	3.3149921483830176e-17	1.714917959698205e-17
9388.5	2.4837490864056195e-17	1.6083663434534118e-17
9388.749999999998	1.600805912654677e-17	1.542656935389547e-17
9388.999999999998	9.847477658964163e-18	1.5285927143065528e-17
9389.249999999998	1.198805978403195e-17	1.566133313790537e-17
9389.499999999998	1.5999340642890462e-17	1.621378887105606e-17
9389.749999999998	3.5609374290411643e-17	1.707564489488731e-17
9389.999999999998	4.8689015525173684e-17	1.7593757743366025e-17
9390.249999999998	4.022662698651119e-17	1.7203902557586107e-17
9390.499999999998	2.9048889046967823e-17	1.6540761786669696e-17
9390.749999999998	1.3621125244267828e-17	1.5503904123724276e-17
9390.999999999998	2.0065859795874653e-17	1.594149921137708e-17
9391.25	3.105190690026498e-17	1.6856068146923884e-17
9391.499999999998	2.279932941525411e-17	1.6161511056342708e-17
9391.749999999998	2.011183449432035e-17	1.5860498377073436e-17
9391.999999999998	2.9113650671485825e-17	1.687216673600539e-17
9392.25	2.4806205238928215e-17	1.681211673225649e-17
9392.499999999998	1.0967287475278237e-17	1.5676061915892488e-17
9392.749999999998	2.5714838739989645e-18	1.553502265836852e-17
9392.999999999998	-3.435049059770903e-18	1.572821730787518e-17
9393.25	6.3591577541545385e-18	1.6419349870720387e-17
9393.499999999998	1.8225775016554516e-17	1.7073993842384654e-17
9393.749999999998	3.2833855771773664e-17	1.776215186374712e-17
9393.999999999998	4.611791980567716e-17	1.835405749467169e-17
9394.25	5.990904555507566e-17	1.8832596368284642e-17
9394.499999999998	4.507295908145117e-17	1.8019007987557086e-17
9394.749999999998	2.274549319226671e-17	1.6793793027327217e-17
9394.999999999998	2.155285591328163e-17	1.660158106838827e-17
9395.25	1.456090664488525e-17	1.6245718042700607e-17
9395.499999999998	-2.6689635936707355e-18	1.550286849359736e-17
9395.749999999998	3.295908130053957e-19	1.6558762891160075e-17
9395.999999999998	2.0708413695705844e-17	1.888284759049724e-17
9396.249999999998	3.1026108791320676e-17	1.9559817166894312e-17
9396.499999999998	4.6479281928077075e-17	1.990965170027769e-17
9396.749999999998	4.835768005900944e-17	2.1090046706196985e-17
9396.999999999998	4.31968671300666e-17	2.117607018118005e-17
9397.249999999998	7.918095423796477e-18	1.8595610777149425e-17
9397.499999999998	8.863113704871971e-18	1.758181656404321e-17
9397.749999999998	3.0262869240118e-17	1.801951753081442e-17
9398.0	3.027880404743822e-17	1.7315988839309493e-17
9398.249999999998	2.3003156644354527e-17	1.6337442446465387e-17
9398.499999999998	1.6239807010043303e-17	1.5820894623705623e-17
9398.749999999998	1.3487156726619965e-17	1.565470411247637e-17
9399.0	2.1388998051379774e-17	1.6253149433323783e-17
9399.249999999998	2.5931266824951388e-17	1.6703395421264972e-17
9399.499999999998	2.582983959260136e-17	1.7051588828313043e-17
9399.749999999998	2.519798444681293e-17	1.7687296981394746e-17
9400.0	1.7088462885659432e-17	1.8507588833806432e-17
9400.249999999998	1.0727478716712376e-17	2.0875527340498708e-17
9400.499999999998	2.8301105779101004e-18	2.4778655161446523e-17
9400.749999999998	6.316737864391288e-18	3.10248779465692e-17
9401.0	1.0067948175579452e-18	3.633377274877128e-17
9401.249999999998	1.2716846435541183e-17	4.1167164430208484e-17
9401.499999999998	-1.576430388927842e-17	4.2355214165516346e-17
9401.749999999998	-6.2103818763613635e-18	4.262408756926548e-17
9402.0	-1.1885611397215726e-18	3.990043989247948e-17
9402.249999999998	1.361184675933682e-17	3.639016992293515e-17
9402.499999999998	2.1658718488076165e-17	3.1306413831135295e-17
9402.749999999998	4.686203494111761e-17	2.7188660765370796e-17
9402.999999999998	4.538356871018728e-17	2.3553413731437053e-17
9403.249999999998	5.4175367038547995e-17	2.1252506632863624e-17
9403.499999999998	5.030421802008148e-17	1.915312223820404e-17
9403.749999999998	1.2215445116977877e-17	1.7847427567456437e-17
9403.999999999998	8.38131904836801e-18	1.7012754352914904e-17
9404.249999999998	1.949397028141264e-17	1.7039257219741103e-17
9404.499999999998	3.154172355434948e-17	1.7524299387329947e-17
9404.75	4.6502810253420534e-17	1.8254355761079448e-17
9404.999999999998	4.460278631255358e-17	1.804135840770827e-17
9405.249999999998	4.1323630606156564e-17	1.7707516584287992e-17
9405.499999999998	4.255199712452026e-17	1.7339532053903977e-17
9405.75	3.7097531769398644e-17	1.692313760535091e-17
9405.999999999998	2.1641749704990252e-17	1.6430718641059316e-17
9406.249999999998	2.4880041034765923e-17	1.688673007787e-17
9406.499999999998	3.6973213140776824e-17	1.7826771213199762e-17
9406.75	4.8296749935088787e-17	1.806791421409367e-17
9406.999999999998	5.0826757939198577e-17	1.8069163256818626e-17
9407.249999999998	3.07964073526596e-17	1.7221989688860192e-17
9407.499999999998	2.37300283727457e-17	1.6860652381878653e-17
9407.75	3.027214028042349e-17	1.7283052161678856e-17
9407.999999999998	2.6617925995043908e-17	1.6926266002427584e-17
9408.249999999998	1.8390197015634132e-17	1.6123755224463338e-17
9408.499999999998	2.2962454395133243e-17	1.6232476535454858e-17
9408.75	2.5078220274643828e-17	1.6254865005914218e-17
9408.999999999998	1.5078147644998333e-17	1.5481887884540565e-17
9409.249999999998	1.4440457567168953e-17	1.5405095745193592e-17
9409.499999999998	2.5521334311343584e-17	1.6245082767990166e-17
9409.75	3.0870403621536144e-17	1.6592286867025624e-17
9409.999999999998	3.157493651030471e-17	1.672701473647581e-17
9410.249999999998	3.684396451570419e-17	1.720799875597947e-17
9410.499999999998	4.190353715511544e-17	1.755174689441568e-17
9410.749999999998	3.930923074763068e-17	1.7271749565788932e-17
9410.999999999998	3.344107251583659e-17	1.7163038180964763e-17
9411.249999999998	2.4884441635624705e-17	1.7266756703611562e-17
9411.499999999998	2.704397695006792e-17	1.7277921987519803e-17
9411.749999999998	3.2688192574625526e-17	1.7246020940016082e-17
9411.999999999998	2.3520088278918516e-17	1.6603002164680636e-17
9412.249999999998	1.695037335419983e-17	1.623100911704819e-17
9412.5	2.7010618410324882e-17	1.6999191899591484e-17
9412.749999999998	2.932680188045094e-17	1.728858765433806e-17
9412.999999999998	2.091700383077334e-17	1.7064860114060844e-17
9413.249999999998	1.497103602747884e-17	1.655741954984529e-17
9413.5	1.0271443291663929e-17	1.5908301144672876e-17
9413.749999999998	1.84263580432925e-17	1.649738939843109e-17
9413.999999999998	2.473476826686691e-17	1.697395792782494e-17
9414.249999999998	2.410100233386348e-17	1.708649915888523e-17
9414.5	2.3495026360719385e-17	1.6899653947760528e-17
9414.749999999998	2.188589537150773e-17	1.6380947183602e-17
9414.999999999998	6.3534531030600666e-18	1.593401157247225e-17
9415.249999999998	-1.4705425024065614e-17	1.5520796806193834e-17
9415.5	1.6122334128170972e-17	1.7630509377981756e-17
9415.749999999998	3.8118977403170975e-17	1.9135715049393474e-17
9415.999999999998	3.929410988603321e-17	1.9447902938738337e-17
9416.249999999998	3.6779977132239537e-17	1.9518764193093305e-17
9416.5	3.1879848518981556e-17	1.936682931254079e-17
9416.749999999998	2.547229242718654e-17	1.8881517484072253e-17
9416.999999999998	1.6410290588651707e-17	1.8276147007136545e-17
9417.249999999998	1.1297757710521747e-17	1.793271485169433e-17
9417.499999999998	1.093075752506667e-17	1.80667892484606e-17
9417.749999999998	1.3328740885968097e-17	1.9389274031281804e-17
9417.999999999998	3.741393827986753e-17	2.4468775106010683e-17
9418.249999999998	2.0493275598909378e-17	3.142553776551028e-17
9418.499999999998	-4.344962209239953e-18	4.067341039640823e-17
9418.749999999998	-3.6763754466066147e-17	4.897064736269084e-17
9418.999999999998	3.112879499256301e-17	5.551006597029416e-17
9419.25	6.703026330087938e-17	5.875111842895453e-17
9419.499999999998	-5.2861068035068614e-18	5.559539792228513e-17
9419.749999999998	-4.108909512399573e-17	4.984144024586011e-17
9419.999999999998	-4.2411075326643277e-17	4.110097674631444e-17
9420.25	-2.6740218031164972e-18	3.451990132306295e-17
9420.499999999998	-6.470528938238372e-18	2.785739162286684e-17
9420.749999999998	1.706645657264307e-17	2.4435866552520873e-17
9420.999999999998	1.9932112962630954e-17	2.1450907557145693e-17
9421.25	3.577012278039091e-19	2.00287574366792e-17
9421.499999999998	1.0407531046041153e-17	2.13671687550145e-17
9421.749999999998	5.644325143270708e-17	2.4269460974332356e-17
9421.999999999998	3.1449165352527247e-17	2.3651929288030893e-17
9422.25	7.67526166573051e-18	2.2582125021287487e-17
9422.499999999998	3.0159699965397934e-17	2.3210075874584667e-17
9422.749999999998	4.731110467822775e-17	2.299517104272094e-17
9422.999999999998	2.2657095708925618e-17	2.1220428568708818e-17
9423.25	2.17848172093762e-17	1.9825022851807388e-17
9423.499999999998	2.1622822158213814e-17	1.8590452478849544e-17
9423.749999999998	2.0720751921722685e-17	1.831209958528055e-17
9423.999999999998	1.7363258902594448e-17	1.8070888755576412e-17
9424.249999999998	9.927786970275711e-18	1.7274034238640803e-17
9424.499999999998	7.986916850760888e-18	1.7037859284505888e-17
9424.749999999998	1.6179755351933178e-17	1.7686291129769882e-17
9424.999999999998	2.2320051042173536e-17	1.822429270889682e-17
9425.249999999998	2.8115604322881394e-17	1.8694988255941546e-17
9425.499999999998	1.4268738180725394e-17	1.7461064738222718e-17
9425.749999999998	-3.4279199519628263e-19	1.6125164740227128e-17
9426.0	-4.276228463420472e-18	1.5714947676488606e-17
9426.249999999998	-1.9169459882482575e-18	1.5637478903400564e-17
9426.499999999998	6.084832816578371e-18	1.6020051591067565e-17
9426.749999999998	5.245378498096282e-18	1.6138201106680964e-17
9427.0	2.9499467147924952e-18	1.6127136738807455e-17
9427.249999999998	1.6253111383015605e-17	1.676731001283572e-17
9427.499999999998	3.01623403259132e-17	1.7550502814774402e-17
9427.749999999998	4.744901884739749e-17	1.8710534288373867e-17
9428.0	4.865433680517301e-17	1.8784843231521956e-17
9428.249999999998	2.7512151250605583e-17	1.7474072980535727e-17
9428.499999999998	2.804615754737389e-17	1.787586272819356e-17
9428.749999999998	3.9723019577254205e-17	1.8964111468235673e-17
9429.0	2.665462634446166e-17	1.8183458110777528e-17
9429.249999999998	1.5981890440688043e-17	1.7516778661200615e-17
9429.499999999998	1.7406090314712444e-17	1.7707372654861408e-17
9429.749999999998	1.6142105399172214e-17	1.747023155377103e-17
9430.0	1.2075725212530933e-17	1.6872780504019905e-17
9430.249999999998	6.088287536406699e-18	1.6427608441956117e-17
9430.499999999998	-2.5323387922808113e-18	1.6028735333138147e-17
9430.749999999998	2.202833463221844e-18	1.667063245156297e-17
9431.0	1.1676684186048614e-17	1.746407567565241e-17
9431.249999999998	3.1568302521792034e-17	1.8719790439428336e-17
9431.499999999998	3.6384528551157536e-17	1.885751766577964e-17
9431.749999999998	2.6753481045106648e-17	1.792736630185356e-17
9431.999999999998	1.5168861234054573e-17	1.7447403023225792e-17
9432.249999999998	3.479535246704311e-18	1.709903094516541e-17
9432.499999999998	1.395421764205313e-17	1.7500279716702632e-17
9432.749999999998	1.870158584850727e-17	1.7632489648368208e-17
9432.999999999998	5.23418219491507e-18	1.7061476945355502e-17
9433.249999999998	1.6770004346885957e-18	1.7220289005520783e-17
9433.499999999998	7.269203666111903e-18	1.7995565688997333e-17
9433.75	9.616599969472037e-18	1.7953465504540834e-17
9433.999999999998	1.1859296713978883e-17	1.7766478018350772e-17
9434.249999999998	1.3517989883952879e-17	1.806697453691781e-17
9434.499999999998	1.1562883986096019e-17	1.8218047495272046e-17
9434.75	1.3431863218188398e-18	1.8398485365371913e-17
9434.999999999998	-5.707670303707774e-18	1.8372326605680536e-17
9435.249999999998	-6.904874860445066e-18	1.822864367891885e-17
9435.499999999998	-1.0333370995403324e-17	1.8251283612284426e-17
9435.75	-1.1228237315939728e-17	1.8287168361618202e-17
9435.999999999998	-9.40866413426907e-18	1.8375238281436723e-17
9436.249999999998	-5.368769030070817e-18	1.83744921645242e-17
9436.499999999998	-1.9180395210180526e-18	1.8190164891184108e-17
9436.75	3.6959190775032825e-18	1.8885911467486135e-17
9436.999999999998	8.900766139174772e-18	2.0074323507902295e-17
9437.249999999998	7.387311719297098e-19	2.048954666870799e-17
9437.499999999998	-8.647580215742704e-18	2.149487055234166e-17
9437.75	1.6436679304553373e-17	2.7264801086395077e-17
9437.999999999998	1.2566089791053188e-16	4.0341442964256e-17
9438.249999999998	2.0429680299055076e-16	6.100715759674186e-17
9438.499999999998	1.9000606015117023e-16	7.979833206867229e-17
9438.749999999998	2.2108065496127631e-16	9.70931434299392e-17
9438.999999999998	1.7812979796282788e-16	1.0756376105975794e-16
9439.249999999998	2.333878583964241e-16	1.1337913193358134e-16
9439.499999999998	4.715289811427086e-17	1.0418971119348884e-16
9439.749999999998	-1.3842257918963467e-17	9.065456144772855e-17
9439.999999999998	-1.8473051396254383e-16	6.963596825720512e-17
9440.249999999998	-9.355551694317652e-17	5.690980115052169e-17
9440.5	-4.407506493407945e-17	4.458411519176703e-17
9440.749999999998	1.8444339295448178e-17	3.451429303850984e-17
9440.999999999998	4.635941022242834e-17	2.4198507075748782e-17
9441.249999999998	3.9908983013845926e-17	2.3268643570675872e-17
9441.5	3.89360035465243e-17	2.2894127622175138e-17
9441.749999999998	2.6648147865904145e-17	2.279228183643516e-17
9441.999999999998	1.871621536482088e-17	2.1794384380340987e-17
9442.249999999998	-3.360758831584173e-19	2.031602568289029e-17
9442.5	1.0026031211628634e-17	2.0092923491156163e-17
9442.749999999998	1.559926481346184e-17	1.9590293809383216e-17
9442.999999999998	-4.348424373693794e-18	1.7729195333781782e-17
9443.249999999998	-9.071870930423204e-18	1.7244606461168617e-17
9443.5	4.415593507384631e-18	1.8291769140185222e-17
9443.749999999998	1.058087666956899e-17	1.8397532453306252e-17
9443.999999999998	1.2095206970317782e-17	1.8193989774336553e-17
9444.249999999998	2.6662608637372797e-17	1.9228832425309794e-17
9444.5	3.2250769540540135e-17	1.9859653595332533e-17
9444.749999999998	2.2708413994128408e-17	1.939106074140492e-17
9444.999999999998	1.8690096309798907e-17	1.916168190318274e-17
9445.249999999998	1.4911103483376924e-17	1.9142496276055184e-17
9445.499999999998	1.9321263241317694e-17	1.962020962341681e-17
9445.749999999998	2.2755950409570605e-17	2.023233651159585e-17
9445.999999999998	2.1584419471095427e-17	2.0657264155348015e-17
9446.249999999998	1.7162177913127708e-17	2.0538348670487392e-17
9446.499999999998	-9.009265765762128e-18	1.9025362538234e-17
9446.749999999998	-1.3908669768803511e-18	2.0090721536365546e-17
9446.999999999998	3.40339823440248e-17	2.301223577875791e-17
9447.25	4.218179409573338e-17	2.3904455948514757e-17
9447.499999999998	4.279684920328086e-17	2.4329744243013995e-17
9447.749999999998	2.149961360597404e-17	2.3919236011699854e-17
9447.999999999998	6.90785353783087e-18	2.3261898739961115e-17
9448.25	1.9427848358377296e-18	2.210195825622903e-17
9448.499999999998	5.566747678650177e-18	2.15321234584086e-17
9448.749999999998	9.699083111433375e-18	2.14404966619561e-17
9448.999999999998	1.236586625700942e-17	2.1205537663321638e-17
9449.25	1.1252488597138558e-17	2.1019716501795276e-17
9449.499999999998	2.454329415303436e-17	2.1927858243982544e-17
9449.749999999998	2.876145701899545e-17	2.2106158679379574e-17
9449.999999999998	1.5819796127852152e-17	2.0929343711151408e-17
9450.25	1.3743203040610241e-17	2.0536800188380693e-17
9450.499999999998	1.7602765740236727e-17	2.0533979502491887e-17
9450.749999999998	1.9103246555989543e-17	2.0195105112224838e-17
9450.999999999998	2.287319829831632e-17	2.0224387305909215e-17
9451.25	4.097774337865629e-17	2.1115240973294125e-17
9451.499999999998	4.463851389757097e-17	2.130468187718102e-17
9451.749999999998	2.5820652924718347e-17	2.0444763110344368e-17
9451.999999999998	2.7319300708233745e-17	2.016999852627263e-17
9452.249999999998	4.069650197038826e-17	2.019800520745245e-17
9452.499999999998	2.956153257723634e-17	2.0123883207122797e-17
9452.749999999998	2.0578940077506594e-17	2.01866943397564e-17
9452.999999999998	3.4073531503472186e-17	2.0875772185960023e-17
9453.249999999998	3.533742377478381e-17	2.0959127176286992e-17
9453.499999999998	2.2611177258761574e-17	2.0296189891801268e-17
9453.749999999998	3.754621107725966e-17	2.0979517178386424e-17
9453.999999999998	6.220552392864948e-17	2.2185017115896704e-17
9454.249999999998	3.731243329253992e-17	2.1111617922211142e-17
9454.499999999998	1.730308647611489e-17	2.0276415312077576e-17
9454.749999999998	2.186681231477613e-17	2.081151183289323e-17
9455.0	2.1508671233681496e-17	2.092383303391058e-17
9455.249999999998	1.4785476255026046e-17	2.05918755279257e-17
9455.499999999998	4.238322498259923e-18	1.9884612943135708e-17
9455.749999999998	-8.273262790588983e-18	1.9049913258814574e-17
9456.0	1.1012649232890033e-17	2.0387595003849603e-17
9456.249999999998	2.19486188229964e-17	2.150009006200687e-17
9456.499999999998	1.160871392793452e-17	2.2148258863836073e-17
9456.749999999998	4.47279354305104e-17	2.6905513532971444e-17
9457.0	6.048627203884986e-17	3.409844287479983e-17
9457.249999999998	9.826526497537174e-17	4.531968389711859e-17
9457.499999999998	9.27144396963326e-17	5.596235509434835e-17
9457.749999999998	1.2397060395961652e-16	6.335061321166379e-17
9458.0	1.2585064652560665e-16	6.798709951136642e-17
9458.249999999998	6.137146117340001e-17	6.803760385084645e-17
9458.499999999998	-2.411745495624716e-17	6.311326531542027e-17
9458.749999999998	-1.54258993375993e-17	5.381545082785882e-17
9459.0	-9.56973770622907e-18	4.523627100414874e-17
9459.249999999998	-4.1897707186158166e-17	3.5123193922299926e-17
9459.499999999998	-1.109301975556691e-17	2.9017386700519354e-17
9459.749999999998	4.705603443736029e-18	2.2832975813850318e-17
9459.999999999998	-1.4675762327299462e-17	1.9720774933568555e-17
9460.249999999998	-3.826476964049467e-17	1.8950932826716478e-17
9460.499999999998	-5.868062692433337e-18	1.984456085787589e-17
9460.749999999998	-9.30555772527556e-18	1.9441778493482995e-17
9460.999999999998	-1.3863534658679556e-17	1.9212697440281334e-17
9461.249999999998	2.056085956367741e-17	2.1475532723981397e-17
9461.499999999998	3.059953174942708e-17	2.214251988474618e-17
9461.75	7.825064901844475e-18	2.0416291553660293e-17
9461.999999999998	1.5222024132023356e-17	2.060525765587558e-17
9462.249999999998	3.475699113895535e-17	2.1796473838568296e-17
9462.499999999998	9.58167392246821e-18	2.00849527787736e-17
9462.75	-8.827035395274858e-18	1.8424061789912053e-17
9462.999999999998	1.6432626119551864e-17	2.0109405892041894e-17
9463.249999999998	2.2974731409784755e-17	2.0542712875399222e-17
9463.499999999998	8.167798916849697e-18	1.9282039991031655e-17
9463.75	2.2757978656432585e-17	2.0162701138908686e-17
9463.999999999998	4.837310863179478e-17	2.1843371670577603e-17
9464.249999999998	2.471325826221808e-17	2.0757798032636485e-17
9464.499999999998	4.901118748451206e-18	1.9718438975518706e-17
9464.75	6.876687026711097e-18	1.953905493351923e-17
9464.999999999998	7.355054260346944e-18	1.944014067587014e-17
9465.249999999998	4.623274157368626e-18	1.9379055041994324e-17
9465.499999999998	-2.460304182226937e-18	1.9207535833259003e-17
9465.75	-8.600559133822127e-18	1.9026573530650778e-17
9465.999999999998	1.4284234582320963e-18	1.9755892059293882e-17
9466.249999999998	1.046493324464927e-17	2.0377518289627482e-17
9466.499999999998	2.2313233419564874e-17	2.077106766402306e-17
9466.749999999998	2.648274152189559e-17	2.094609577291683e-17
9466.999999999998	2.3914344065557216e-17	2.0910144849134052e-17
9467.249999999998	2.2091802132668104e-17	2.080192150087129e-17
9467.499999999998	1.734559859651644e-17	2.0633039343928787e-17
9467.749999999998	8.687949111177129e-18	1.973478902750643e-17
9467.999999999998	9.490554187731206e-18	1.9530352993475173e-17
9468.249999999998	2.4896250466049512e-17	2.0896398761714646e-17
9468.5	2.2922585943969412e-17	2.0915777949105538e-17
9468.749999999998	8.063888488300785e-18	1.9876978066081844e-17
9468.999999999998	7.555892885894207e-18	2.0241898719476963e-17
9469.249999999998	1.1005793559973193e-17	2.089676272118417e-17
9469.5	2.922679905311573e-17	2.1712344607187978e-17
9469.749999999998	3.687296215925785e-17	2.2036647383784293e-17
9469.999999999998	2.5723925732608846e-17	2.1464860439718238e-17
9470.249999999998	3.409463784398209e-17	2.2027751883476898e-17
9470.5	5.31427875537307e-17	2.3285726504686317e-17
9470.749999999998	3.374294380858169e-17	2.2182480980138617e-17
9470.999999999998	7.801150283154955e-18	2.0665428427993914e-17
9471.249999999998	-1.5393884139171048e-17	1.9613946211818557e-17
9471.5	-1.914003624091345e-17	1.9505100823735154e-17
9471.749999999998	6.655154410189289e-18	2.0886361752161927e-17
9471.999999999998	1.3868175141915978e-17	2.1520853949743177e-17
9472.249999999998	1.2372652446754805e-17	2.1723010274006237e-17
9472.5	3.365647365606785e-17	2.2803715126861867e-17
9472.749999999998	4.312853870274727e-17	2.348140104166941e-17
9472.999999999998	2.211234929908392e-17	2.203784514131127e-17
9473.249999999998	9.14628906141215e-18	2.128074161589251e-17
9473.499999999998	3.921036694799895e-18	2.141770287299659e-17
9473.749999999998	2.0475635145166072e-17	2.2739517639521626e-17
9473.999999999998	4.532033240671883e-17	2.442982978841046e-17
9474.249999999998	1.873600152507315e-17	2.290641125427155e-17
9474.499999999998	4.625465772401585e-19	2.1986718762010592e-17
9474.749999999998	1.4985276768904554e-17	2.3786571130697374e-17
9474.999999999998	5.0639394913010416e-17	2.891557400200388e-17
9475.249999999998	6.427203947448866e-17	3.6293250824923534e-17
9475.499999999998	1.2867241767537614e-16	5.061244536865344e-17
9475.749999999998	2.115720053704649e-17	6.474283759192934e-17
9475.999999999998	5.786496976489382e-17	8.083805839398205e-17
9476.25	7.723980949448658e-17	9.384805432988957e-17
9476.499999999998	1.2665769687077258e-16	1.0171304641272137e-16
9476.749999999998	-1.6245039754598313e-17	9.946353204560586e-17
9476.999999999998	-7.505765409901249e-17	9.017578269173796e-17
9477.25	-1.1659719538865764e-16	7.63058630259101e-17
9477.499999999998	-1.0851223281989084e-16	6.144533832826835e-17
9477.749999999998	-4.33973459320474e-17	5.015741000496557e-17
9477.999999999998	-7.383860825179104e-18	3.739435064296227e-17
9478.25	6.91332740553444e-17	3.1187230339756205e-17
9478.499999999998	5.756371058580201e-17	2.685671483991449e-17
9478.749999999998	-3.459073445327709e-17	2.3909419032190075e-17
9478.999999999998	7.853435542493819e-18	2.449338538359536e-17
9479.25	3.692711932832292e-17	2.526489343220112e-17
9479.499999999998	3.654375585599032e-18	2.262888885003756e-17
9479.749999999998	-1.5377266080664858e-17	2.0832201274374405e-17
9479.999999999998	-1.4390775445217793e-17	2.0827347378539944e-17
9480.25	-1.4156863657238822e-17	2.0778949040899466e-17
9480.499999999998	-1.2466784773282727e-17	2.068782847898185e-17
9480.749999999998	1.7401949448566004e-17	2.2280374496911817e-17
9480.999999999998	4.0509046299971494e-17	2.354853998326789e-17
9481.249999999998	2.709678250601208e-17	2.2769883439808448e-17
9481.499999999998	1.5405274416205904e-17	2.2050022894289275e-17
9481.749999999998	4.617816006096695e-18	2.141699646075347e-17
9481.999999999998	1.0419257158404705e-17	2.203230799429084e-17
9482.249999999998	2.6564769714520025e-17	2.3180528983104273e-17
9482.499999999998	-1.6027301622341439e-18	2.1726677992842297e-17
9482.749999999998	-2.2111657776091827e-17	2.0806216222611664e-17
9483.0	-3.8502784244311905e-18	2.2494660597677355e-17
9483.249999999998	1.225229435890589e-17	2.331573992603219e-17
9483.499999999998	2.0684673612125573e-17	2.329187411099881e-17
9483.749999999998	9.159844070110056e-18	2.2237882228844968e-17
9484.0	-7.955086113609235e-18	2.0932778165054728e-17
9484.249999999998	1.2336422763105595e-17	2.2442179296533315e-17
9484.499999999998	2.5284264347785886e-17	2.325194444846965e-17
9484.749999999998	1.8484488988020276e-17	2.2303368463579566e-17
9485.0	1.4826694664949563e-17	2.1712703603573826e-17
9485.249999999998	1.2893465212752893e-17	2.1357032483788275e-17
9485.499999999998	2.9815268575775753e-17	2.279231161493721e-17
9485.749999999998	5.0455813756582847e-17	2.4429419506826635e-17
9486.0	4.314709401824806e-17	2.401719239419961e-17
9486.249999999998	3.563384560165341e-17	2.3483745271525386e-17
9486.499999999998	2.7512965196328336e-17	2.2702516196360904e-17
9486.749999999998	2.101837646920294e-17	2.2288654574843473e-17
9487.0	1.7441276923609225e-17	2.2157313182821078e-17
9487.249999999998	2.5472785426831622e-17	2.2721753108686438e-17
9487.499999999998	3.718922639466137e-17	2.3373005639839237e-17
9487.749999999998	5.182893688214332e-17	2.3985281420528538e-17
9487.999999999998	5.0492126985473925e-17	2.3890908384442363e-17
9488.249999999998	2.098399057113911e-17	2.2558279058588808e-17
9488.499999999998	1.6651413737210914e-17	2.2512964450271928e-17
9488.749999999998	2.686257293301259e-17	2.324022826227345e-17
9488.999999999998	2.6604040941281593e-17	2.333647899835012e-17
9489.249999999998	2.3235930231810625e-17	2.3352413805670342e-17
9489.499999999998	1.3211770929908198e-17	2.3190039905787408e-17
9489.75	6.664419246640189e-18	2.3284323606367427e-17
9489.999999999998	7.57239183039219e-18	2.3570427182276043e-17
9490.249999999998	1.2669835279787957e-17	2.4271674509651548e-17
9490.499999999998	1.9283396567236242e-17	2.5042884773236787e-17
9490.75	8.47424865428528e-18	2.4327204798533458e-17
9490.999999999998	8.104815730648684e-18	2.3581612318518985e-17
9491.249999999998	2.001068188593369e-17	2.4038960479199554e-17
9491.499999999998	1.4494252431125726e-17	2.3769552716774708e-17
9491.75	-2.2547864027496153e-18	2.2732655349159887e-17
9491.999999999998	7.409524930864174e-18	2.2980829385260496e-17
9492.249999999998	2.3783717357584066e-17	2.3631861886370357e-17
9492.499999999998	-7.443492275538051e-19	2.2283349038394558e-17
9492.75	-1.6489484860497534e-17	2.1194724758354345e-17
9492.999999999998	-1.587529994695446e-17	2.0901825066532993e-17
9493.249999999998	-7.232889610040213e-18	2.1429442220249942e-17
9493.499999999998	8.786965939222177e-18	2.260059431000457e-17
9493.75	1.3418379140228018e-17	2.275049928933388e-17
9493.999999999998	1.3480741940969616e-17	2.2577681407036852e-17
9494.249999999998	-1.2340734028458222e-17	2.1414101328609534e-17
9494.499999999998	-2.2822419334872916e-17	2.0976210110297437e-17
9494.749999999998	-5.321035745642832e-18	2.2049063364778714e-17
9494.999999999998	6.290388853159024e-18	2.3158046214055082e-17
9495.249999999998	1.78819342338897e-17	2.4173019986714798e-17
9495.499999999998	1.6124218445606368e-17	2.39846792330426e-17
9495.749999999998	1.389766992101778e-17	2.3754483140375217e-17
9495.999999999998	2.939900482175947e-17	2.456707890436771e-17
9496.249999999998	3.589776584789458e-17	2.4770429677435296e-17
9496.499999999998	2.2715901633033238e-17	2.400208145876949e-17
9496.749999999998	1.9213724798602125e-17	2.3746090565880254e-17
9496.999999999998	1.9362991194498544e-17	2.3761431457520663e-17
9497.249999999998	2.690625137807784e-17	2.4026590820319436e-17
9497.5	3.1262123272416756e-17	2.4139616779218682e-17
9497.749999999998	2.592652046259656e-17	2.3599931060364585e-17
9497.999999999998	2.082387652868967e-17	2.3391554337895126e-17
9498.249999999998	1.5958554021246697e-17	2.3611306448148414e-17
9498.5	1.2923256949694603e-17	2.3739072765563354e-17
9498.749999999998	1.516559717935744e-17	2.3737936219401707e-17
9498.999999999998	-1.6652441302326858e-18	2.246901138124331e-17
9499.249999999998	-1.487104312631098e-17	2.1540914733958813e-17
9499.5	-1.1970454071874372e-17	2.201731948159138e-17
9499.749999999998	1.6574986177718924e-18	2.2718631329054663e-17
9499.999999999998	1.8912397790700083e-17	2.3594187118191016e-17
9500.249999999998	8.7253227856135e-18	2.3283567563287554e-17
9500.5	-5.7773424859321966e-18	2.2729096818164683e-17
9500.749999999998	6.57994466735413e-18	2.3942904957747446e-17
9500.999999999998	1.6040891579420226e-17	2.5330599696978657e-17
9501.249999999998	2.3070611568947002e-17	2.713749302703949e-17
9501.5	4.962274361806844e-17	3.188392486504022e-17
9501.749999999998	4.2258159409884274e-17	3.8204779193749876e-17
9501.999999999998	3.266926006476541e-17	4.5407020934914386e-17
9502.249999999998	2.0780889606616516e-17	5.2105221824180935e-17
9502.499999999998	2.0172089638861163e-18	5.628392321183957e-17
9502.749999999998	-4.332010049772475e-17	5.72437968295359e-17
9502.999999999998	-1.140366412588875e-16	5.2490373660997875e-17
9503.249999999998	0.0	100000.0
9503.499999999998	0.0	100000.0
9503.749999999998	0.0	100000.0
9503.999999999998	0.0	100000.0
9504.25	0.0	100000.0
9504.499999999998	0.0	100000.0
9504.749999999998	0.0	100000.0
9504.999999999998	0.0	100000.0
