3599.999999999999	-3.2852628139467188e-15	1.7128035338512867e-15
3600.249999999999	-2.0654599839682207e-15	1.7239695456784665e-15
3600.499999999999	4.2687750036185523e-16	1.7770838054272315e-15
3600.749999999999	-1.687358558236649e-15	1.7247608862094388e-15
3600.9999999999995	-1.2494461243962016e-15	1.7257730905814077e-15
3601.2499999999995	-1.0389123795870011e-16	1.7366038891197116e-15
3601.4999999999995	1.4693128487951645e-16	1.7278206868522766e-15
3601.7499999999995	-3.0114054153963787e-16	1.7315840542369274e-15
3601.9999999999995	6.228296788631914e-16	1.7495115065655647e-15
3602.2499999999995	1.065525307756784e-15	1.7433086842928215e-15
3602.4999999999995	-9.983228783919302e-16	1.6380268299929666e-15
3602.7499999999995	-1.0733608919144782e-15	1.6439389082065648e-15
3602.9999999999995	-5.6514917037489695e-16	1.653826006162509e-15
3603.2499999999995	-2.2074742690587055e-16	1.6620510137177035e-15
3603.4999999999995	-4.4199513264621317e-16	1.6357833573530452e-15
3603.749999999999	-8.078466620154746e-16	1.6356054804341218e-15
3603.999999999999	-5.315128567647182e-16	1.6375194572575613e-15
3604.249999999999	7.481553502499576e-16	1.6460362676630849e-15
3604.499999999999	1.5014765426869824e-15	1.6751948474767221e-15
3604.749999999999	2.7245869304453902e-15	1.7145419630964077e-15
3604.999999999999	1.561870732980043e-15	1.6584773817132376e-15
3605.249999999999	-1.427727607431037e-15	1.5477982334734784e-15
3605.499999999999	3.634353255355712e-15	1.7421379788805976e-15
3605.749999999999	2.030209437318812e-15	1.6612922839552005e-15
3605.999999999999	1.5048379929381611e-15	1.6411070653056569e-15
3606.249999999999	5.210884858103306e-15	1.767743996634332e-15
3606.499999999999	2.372903085910141e-15	1.637576631981501e-15
3606.749999999999	-1.805384552623537e-16	1.5603068984011747e-15
3606.999999999999	-1.401949853747247e-15	1.5035114334636425e-15
3607.249999999999	-1.2743773745283295e-15	1.4525504373459164e-15
3607.499999999999	-2.5813506944493726e-15	1.4603843274377162e-15
3607.749999999999	-1.9909062615332653e-15	1.4488810906184107e-15
3607.9999999999995	-1.188400142250229e-15	1.430122169572925e-15
3608.2499999999995	-1.4429369310319353e-15	1.4056538229464716e-15
3608.4999999999995	-8.605357641642772e-16	1.4027113363668285e-15
3608.7499999999995	-2.909437471623538e-16	1.4406510008655327e-15
3608.9999999999995	-1.4258511912248524e-16	1.4751166656101918e-15
3609.2499999999995	-6.580217272996803e-16	1.4546538319121856e-15
3609.4999999999995	1.6507007192849367e-16	1.4691746236060845e-15
3609.7499999999995	8.129483414567873e-17	1.4679874010513892e-15
3609.9999999999995	-1.9479608771617495e-17	1.4554065265649395e-15
3610.2499999999995	-2.184777061707516e-17	1.4386319919566337e-15
3610.4999999999995	1.0399039375308806e-15	1.4489753230337928e-15
3610.749999999999	4.856643397583823e-16	1.3947484855088093e-15
3610.999999999999	-8.511531272679821e-16	1.3418525485021991e-15
3611.249999999999	1.5996613196800303e-15	1.4393321705666578e-15
3611.499999999999	-1.1236978365083148e-15	1.3394529041626277e-15
3611.749999999999	-1.2444806055011601e-15	1.3360331145172068e-15
3611.999999999999	2.1844838096367537e-16	1.3929853864290995e-15
3612.249999999999	-1.2415246722734794e-15	1.3219481212746703e-15
3612.499999999999	-7.207540461645178e-16	1.3088808381182598e-15
3612.749999999999	-7.781102469131323e-16	1.2947324232837976e-15
3612.999999999999	-1.9856461339912569e-16	1.2939968810482256e-15
3613.249999999999	2.663554818463929e-15	1.4214429405997654e-15
3613.499999999999	1.5711841778724592e-15	1.3551671652792079e-15
3613.749999999999	1.0183669601766376e-15	1.319508666386578e-15
3613.999999999999	1.7528316639605647e-15	1.347743450892116e-15
3614.249999999999	1.4664521273647112e-16	1.2677753879791927e-15
3614.499999999999	-5.216010889741852e-16	1.2244812047044204e-15
3614.749999999999	-7.644347941005933e-16	1.2118998008223787e-15
3614.9999999999995	-7.215304048002356e-16	1.2223484816223525e-15
3615.2499999999995	1.9123435056891757e-16	1.2487764389722787e-15
3615.4999999999995	-1.6768203037025031e-15	1.1948347339131647e-15
3615.7499999999995	-2.1883045370338014e-15	1.1581722892198016e-15
3615.9999999999995	-1.3993967640953245e-16	1.1831934307234568e-15
3616.2499999999995	7.676376903719578e-16	1.2046288700031478e-15
3616.4999999999995	-9.400870339275921e-16	1.1536183224580073e-15
3616.7499999999995	-1.717867626205565e-15	1.142260351789156e-15
3616.9999999999995	1.7095407629384631e-15	1.2502497469049092e-15
3617.2499999999995	-5.840873844725148e-17	1.1459989434600996e-15
3617.4999999999995	4.4054244467189245e-16	1.1579013445557986e-15
3617.749999999999	1.018292103639924e-15	1.1814260964790107e-15
3617.999999999999	-2.990067067268267e-16	1.1311497147409029e-15
3618.249999999999	5.016049704301162e-16	1.134272089942719e-15
3618.499999999999	-3.961546359830965e-16	1.1106588230765189e-15
3618.749999999999	-1.2166517615355937e-15	1.0904177002524565e-15
3618.999999999999	7.495847845228983e-17	1.1156340828504538e-15
3619.249999999999	-9.253463313047623e-16	1.0514692195135724e-15
3619.499999999999	-1.2300314939704226e-15	1.0361083828942341e-15
3619.749999999999	-1.3756582687018287e-15	1.0490913862723928e-15
3619.999999999999	-1.1308359949130636e-15	1.0426539358732601e-15
3620.249999999999	-9.619793416032084e-16	1.0083695361793135e-15
3620.499999999999	-8.992567636172642e-16	9.965363800270525e-16
3620.749999999999	-1.1275359545505608e-15	9.993808225430508e-16
3620.999999999999	-1.347847318307273e-15	9.93834556683548e-16
3621.249999999999	1.7940811626402243e-16	1.0520048619735924e-15
3621.499999999999	9.582678549865768e-16	1.0656090581394437e-15
3621.749999999999	4.842524417144277e-16	1.033063087690618e-15
3621.999999999999	2.0573354292266146e-16	1.0011238045902634e-15
3622.2499999999995	-1.843776453306736e-16	9.971300442439593e-16
3622.4999999999995	-5.705478936828998e-16	9.801683153543104e-16
3622.7499999999995	-6.00069532993554e-16	9.606636876778856e-16
3622.9999999999995	6.995792283347852e-16	1.0290308932243324e-15
3623.2499999999995	-1.063065418198839e-15	9.746206730662683e-16
3623.4999999999995	-2.4146738804292764e-15	9.211283189856727e-16
3623.7499999999995	-2.225716500006366e-15	9.152982970888398e-16
3623.9999999999995	7.495919710680601e-16	1.0091564297873127e-15
3624.2499999999995	6.743567576874795e-16	9.919882366167705e-16
3624.4999999999995	5.985571556662314e-16	9.788542496157637e-16
3624.749999999999	1.449069343690938e-15	1.0033804062408672e-15
3624.999999999999	-4.0361659920171286e-16	9.583542523471968e-16
3625.249999999999	5.309220512840084e-16	9.881360366517764e-16
3625.499999999999	2.818305461526244e-16	9.759792080345458e-16
3625.749999999999	-2.7582736425159305e-15	8.594025928995285e-16
3625.999999999999	-2.134214786497375e-16	9.129920381317031e-16
3626.249999999999	-6.583996628128333e-16	9.022459428881247e-16
3626.499999999999	-1.360177365162217e-15	8.823230397544339e-16
3626.749999999999	-2.026096986480774e-16	8.87613025207833e-16
3626.999999999999	7.905133503597771e-17	8.962330677538032e-16
3627.249999999999	-2.1249052326625603e-16	8.967673337852838e-16
3627.499999999999	-2.6655049530063043e-16	9.065314002056394e-16
3627.749999999999	7.31941498513175e-16	9.512235054807364e-16
3627.999999999999	9.791308455777117e-17	8.919198701072659e-16
3628.249999999999	-7.976071454139134e-16	8.430552275944349e-16
3628.499999999999	-1.0535917782002733e-15	8.171390899028871e-16
3628.749999999999	-4.599475724467944e-16	8.406872411112671e-16
3628.999999999999	2.985670701574221e-16	8.617452742733971e-16
3629.2499999999995	5.878945461075167e-16	8.685071912308874e-16
3629.4999999999995	8.744822675199376e-16	8.819814737184536e-16
3629.7499999999995	1.9583386917442847e-15	9.2979706592611e-16
3629.9999999999995	-3.8206506346868886e-16	8.217710366353881e-16
3630.2499999999995	-1.2220866955020917e-16	8.294845421695594e-16
3630.4999999999995	9.937745232234114e-16	8.834471583545587e-16
3630.7499999999995	-1.2503039570135334e-15	7.908318347479447e-16
3630.9999999999995	-3.168759520101198e-16	8.132478734827601e-16
3631.2499999999995	-3.8790646737075054e-16	7.938684478638513e-16
3631.4999999999995	-1.1116899798106826e-15	7.600274169782331e-16
3631.7499999999995	7.194235691626181e-16	8.20090629147154e-16
3631.999999999999	-2.0073501621245662e-16	7.789773439533247e-16
3632.249999999999	-5.995977885814925e-16	7.755893180434259e-16
3632.499999999999	-1.6735455949190792e-16	7.949555087725338e-16
3632.749999999999	-1.9334325349632192e-15	7.333534494966887e-16
3632.999999999999	4.901386754969673e-18	7.939593450870036e-16
3633.249999999999	2.990976833593177e-16	8.041169112509179e-16
3633.499999999999	-1.1077748876493548e-15	7.508564324396332e-16
3633.749999999999	-5.42316020853118e-16	7.696613579620667e-16
3633.999999999999	-7.221368274509105e-16	7.468058150067447e-16
3634.249999999999	-7.958948683110389e-16	7.313591104223785e-16
3634.499999999999	-8.805804282841358e-16	7.387178679703278e-16
3634.749999999999	-7.367898621636994e-16	7.313029944896229e-16
3634.999999999999	-3.8718106306076603e-16	7.338248233318358e-16
3635.249999999999	-8.65230920730467e-17	7.422375545639655e-16
3635.499999999999	2.3093241576145227e-16	7.552808561000568e-16
3635.749999999999	-2.26747543606424e-16	7.175037160481071e-16
3635.999999999999	3.872583018776438e-16	7.296314279077757e-16
3636.2499999999995	6.882117285452773e-16	7.346822324326939e-16
3636.4999999999995	-2.3154714330547718e-17	7.084229934579489e-16
3636.7499999999995	-1.283318442561309e-15	6.933253193874107e-16
3636.9999999999995	-1.5278448900932456e-15	6.865648847375781e-16
3637.2499999999995	-9.723473425149562e-16	6.962660060220408e-16
3637.4999999999995	5.159914015227568e-16	7.251092248815034e-16
3637.7499999999995	-7.186488251834561e-17	7.109793918323216e-16
3637.9999999999995	2.9289176412236107e-16	7.142427980198556e-16
3638.2499999999995	5.794177580087509e-16	7.198698496467028e-16
3638.4999999999995	-1.6071816222928888e-16	7.176583525005402e-16
3638.749999999999	9.651473507050578e-16	7.381928663617078e-16
3638.999999999999	1.5006197159212755e-16	6.936021403424852e-16
3639.249999999999	-9.750586949791172e-16	6.429914982275672e-16
3639.499999999999	-6.162129751165961e-16	6.586629312407518e-16
3639.749999999999	-1.5305197142615563e-16	6.736080335016659e-16
3639.999999999999	5.804182097985766e-16	6.90841289390469e-16
3640.249999999999	7.833460222579072e-16	6.915862548675792e-16
3640.499999999999	-2.6818709530362374e-16	6.520749736748039e-16
3640.749999999999	-4.3944916336500356e-16	6.544766826571842e-16
3640.999999999999	-4.551899472007446e-16	6.441518274861871e-16
3641.249999999999	1.973263174046889e-16	6.538472312982559e-16
3641.499999999999	2.37684665955432e-15	7.412797720588577e-16
3641.749999999999	7.294361868134336e-16	6.731964813684187e-16
3641.999999999999	2.4505157818073216e-17	6.459134971977985e-16
3642.249999999999	1.2041481258660218e-16	6.505651903858823e-16
3642.499999999999	-2.440953607013433e-16	6.29230124510441e-16
3642.749999999999	3.3369082656253856e-16	6.479535760512605e-16
3642.999999999999	6.265853700117578e-16	6.577547001630584e-16
3643.2499999999995	1.7296948795969747e-16	6.453215270467861e-16
3643.4999999999995	-6.678094047634405e-16	5.936617287475752e-16
3643.7499999999995	8.121831001285022e-16	6.458926919510315e-16
3643.9999999999995	7.864562743006658e-16	6.488650893816245e-16
3644.2499999999995	-1.9341933823080904e-16	6.111384536691548e-16
3644.4999999999995	5.908808666421801e-16	6.209851587414268e-16
3644.7499999999995	-5.259008929122441e-16	5.788919093671835e-16
3644.9999999999995	-1.0835526040940788e-15	5.539628826965422e-16
3645.2499999999995	-8.97480535526872e-16	5.53560436167478e-16
3645.4999999999995	-1.3686199543057375e-15	5.410328188775869e-16
3645.7499999999995	-4.0710312577895447e-17	5.944174938947628e-16
3645.999999999999	8.57328791546854e-16	6.219587701747364e-16
3646.249999999999	8.029905691893065e-16	6.141876664001518e-16
3646.499999999999	1.0403729820254227e-15	6.214952313943515e-16
3646.749999999999	8.788054707431644e-16	6.038516409821628e-16
3646.999999999999	2.2753944000276796e-16	5.745349836447442e-16
3647.249999999999	-7.271163753291409e-16	5.456198728638834e-16
3647.499999999999	-3.4869575052535247e-16	5.532644510919719e-16
3647.749999999999	4.240422296244889e-18	5.548594141316517e-16
3647.999999999999	2.0842423572384335e-16	5.560276843241522e-16
3648.249999999999	3.3962640994042307e-16	5.600442616204729e-16
3648.499999999999	5.331510714242673e-16	5.691120140186262e-16
3648.749999999999	-3.51680337289452e-17	5.487819527351021e-16
3648.999999999999	-4.173975340859647e-16	5.397035594855489e-16
3649.249999999999	-4.244860285667358e-17	5.572201478952086e-16
3649.499999999999	8.028974485046678e-16	5.621781493728433e-16
3649.749999999999	1.0057912737669898e-16	5.366605936225378e-16
3649.999999999999	7.826716119783254e-17	5.37389941929683e-16
3650.249999999999	1.951032397299506e-15	5.916889890134199e-16
3650.4999999999995	9.833278541266873e-16	5.510239430673658e-16
3650.7499999999995	1.082392592472814e-15	5.650692316404998e-16
3650.9999999999995	7.164548775011694e-16	5.59509413253841e-16
3651.2499999999995	-1.5097623248561424e-15	4.769575822144369e-16
3651.4999999999995	-5.280902083831004e-16	4.964487103032648e-16
3651.7499999999995	-2.2767358884578936e-16	4.931281293917911e-16
3651.9999999999995	-3.465076791341374e-16	4.818703733085118e-16
3652.2499999999995	-4.608620503924739e-16	4.698400702377774e-16
3652.4999999999995	-5.080498853070965e-16	4.8684669187363085e-16
3652.7499999999995	-6.652921287233192e-16	4.877034656997786e-16
3652.999999999999	-7.051077594419548e-16	4.814715796090327e-16
3653.249999999999	-8.55653095679389e-17	4.793221276262565e-16
3653.499999999999	3.2713148282834006e-16	4.998300128891448e-16
3653.749999999999	4.600241759889618e-16	5.087443464447266e-16
3653.999999999999	3.9745951670812135e-16	5.055539439093341e-16
3654.249999999999	4.266261698045371e-16	4.86409728751966e-16
3654.499999999999	4.922015812266133e-16	4.978356208752753e-16
3654.749999999999	-3.2782514325513723e-17	4.861262903519911e-16
3654.999999999999	-5.350333903913031e-16	4.644855514617094e-16
3655.249999999999	3.456172026611118e-17	4.608670796505982e-16
3655.499999999999	5.400139441211584e-16	4.937520750365623e-16
3655.749999999999	7.919932227977487e-16	4.962291170116891e-16
3655.999999999999	5.376466458522603e-16	4.756151938117164e-16
3656.249999999999	-3.5634331983853593e-16	4.473479044168275e-16
3656.499999999999	2.0536642031447573e-16	4.759165257827022e-16
3656.749999999999	9.984084551893825e-17	4.733058114205868e-16
3656.999999999999	-4.0029985640828143e-16	4.474335076840594e-16
3657.249999999999	-3.8956760485943463e-16	4.4132992061504293e-16
3657.4999999999995	-5.763894564036391e-16	4.42400861427948e-16
3657.7499999999995	-1.7213950155050667e-16	4.577049997793795e-16
3657.9999999999995	3.0881963636032695e-16	4.679287403922981e-16
3658.2499999999995	-3.6135680197421573e-16	4.2199226430834566e-16
3658.4999999999995	-2.0624226561682648e-16	4.2474411553529727e-16
3658.7499999999995	-1.9517326553188688e-16	4.2791530101069896e-16
3658.9999999999995	-2.1063129918192264e-16	4.2544696759306113e-16
3659.2499999999995	-1.9742064246429955e-16	4.1476792030121373e-16
3659.4999999999995	-1.0748780602719087e-16	4.1871811139029336e-16
3659.7499999999995	2.2914115283624624e-16	4.44756142416907e-16
3659.999999999999	6.776649507420995e-16	4.701498725382357e-16
3660.249999999999	-7.308107624681497e-17	4.14148527458534e-16
3660.499999999999	-4.150239343551601e-18	4.203127038530588e-16
3660.749999999999	3.018708956984079e-16	4.3803882703804555e-16
3660.999999999999	5.339080012417574e-16	4.474436720794265e-16
3661.249999999999	-7.247591091067118e-17	4.1820491530337566e-16
3661.499999999999	2.211754300071402e-16	4.3500922841373333e-16
3661.749999999999	6.306107882144655e-16	4.451687533413382e-16
3661.999999999999	5.11190312898601e-16	4.3446185984134984e-16
3662.249999999999	1.333343811379454e-16	4.1762271250103634e-16
3662.499999999999	-3.6431138524313674e-17	4.1212226583002413e-16
3662.749999999999	-5.769427939113228e-17	4.093330128044953e-16
3662.999999999999	-4.2836117121319975e-17	4.0371318742747945e-16
3663.249999999999	-4.920160280716054e-16	3.7877174643020494e-16
3663.499999999999	-5.368438174369408e-16	3.7642869447942194e-16
3663.749999999999	-5.705660519517066e-16	3.765043980490828e-16
3663.999999999999	-7.357418706497091e-16	3.755329571377005e-16
3664.249999999999	5.881754434086499e-17	4.095929725099636e-16
3664.4999999999995	2.040212128802277e-16	4.108302229481061e-16
3664.7499999999995	2.9485073957112346e-16	4.1353008752792e-16
3664.9999999999995	5.949246019323721e-16	4.2903838728941936e-16
3665.2499999999995	-1.9141630383389963e-16	4.029308201517921e-16
3665.4999999999995	-2.651011954580987e-16	3.8838374396674873e-16
3665.7499999999995	-3.7691258852032056e-16	3.78223345536417e-16
3665.9999999999995	-7.959322965793957e-16	3.652575475149994e-16
3666.2499999999995	-3.8857731746497594e-16	3.629789230077669e-16
3666.4999999999995	7.01036429406528e-17	3.8191476806011043e-16
3666.7499999999995	-5.659066163530893e-17	3.843193093089082e-16
3666.9999999999995	-7.91589346900586e-16	3.4966846198615563e-16
3667.249999999999	-3.6427567751045405e-16	3.5246592064336097e-16
3667.499999999999	-4.454194221541663e-17	3.7177427490403916e-16
3667.749999999999	2.2382048890828875e-16	3.8618008187534826e-16
3667.999999999999	1.9218235249046254e-16	3.814244948023278e-16
3668.249999999999	1.8023818208255204e-16	3.6433520804477826e-16
3668.499999999999	2.362118927123495e-16	3.672402134165053e-16
3668.749999999999	3.185341513532681e-17	3.6735501285063785e-16
3668.999999999999	-6.2555331330508765e-16	3.4477883194923217e-16
3669.249999999999	-1.399030289996739e-16	3.529706199310265e-16
3669.499999999999	-7.087701049127558e-17	3.530887810271685e-16
3669.749999999999	-1.1833029097318894e-16	3.480600522984381e-16
3669.999999999999	-2.2098267376335818e-17	3.4341661768159005e-16
3670.249999999999	-1.2989872285965336e-16	3.5153786370074587e-16
3670.499999999999	-2.1055356405667736e-17	3.5357601026029693e-16
3670.749999999999	-1.1638043436349935e-16	3.475982605235069e-16
3670.999999999999	-6.921142740310738e-16	3.305515636413365e-16
3671.249999999999	-1.216521424340835e-16	3.481783457434781e-16
3671.4999999999995	-4.0567094526638015e-17	3.5002935096124517e-16
3671.7499999999995	8.406278561607307e-17	3.5343410577185223e-16
3671.9999999999995	7.688135838609836e-16	3.8120074575535466e-16
3672.2499999999995	-3.028727239167729e-16	3.288088198221404e-16
3672.4999999999995	-2.957310979708963e-16	3.2234725545379056e-16
3672.7499999999995	-3.290181693090102e-17	3.3584041089421276e-16
3672.9999999999995	-3.7118151065963876e-16	3.2800628257439654e-16
3673.2499999999995	-9.595879425999828e-17	3.372369035264391e-16
3673.4999999999995	-1.4236418910703967e-16	3.2686133225772514e-16
3673.7499999999995	-2.5771437994377157e-16	3.11956040545332e-16
3673.999999999999	-2.1857621676426176e-16	3.200435905350549e-16
3674.249999999999	4.5426790551554404e-17	3.3275766095246034e-16
3674.499999999999	2.87225034295891e-16	3.4146052743880425e-16
3674.749999999999	3.592535132870649e-16	3.389015879655898e-16
3674.999999999999	-1.2622961229221261e-18	3.155236109702691e-16
3675.249999999999	-2.0886616192918348e-16	3.132176961202673e-16
3675.499999999999	-2.447708165372194e-16	3.129044792182404e-16
3675.749999999999	-9.780111739005599e-17	3.159691767703045e-16
3675.999999999999	1.888621156861237e-16	3.280179822169805e-16
3676.249999999999	3.336246785833139e-16	3.3284400537352107e-16
3676.499999999999	2.1376201236431334e-16	3.213057755055822e-16
3676.749999999999	-9.507510728544053e-17	3.009690967771577e-16
3676.999999999999	-3.941349653297074e-16	2.8884784354371183e-16
3677.249999999999	2.259050899310408e-16	3.2040188547174345e-16
3677.499999999999	1.485107498632395e-16	3.2234707016533335e-16
3677.749999999999	-2.9814066847781836e-16	3.055227459015968e-16
3677.999999999999	-2.587181404560475e-16	3.0303577775911937e-16
3678.249999999999	2.5538607496894916e-17	3.050939619418289e-16
3678.499999999999	2.2964953142327643e-16	3.0947809859769877e-16
3678.7499999999995	1.9467204702023895e-16	3.128714449332975e-16
3678.9999999999995	1.248563621944281e-16	3.0938720137454654e-16
3679.2499999999995	-7.717043220215053e-17	2.9578477868392853e-16
3679.4999999999995	-8.105352239993986e-17	2.9247023288220405e-16
3679.7499999999995	-1.2638393317524203e-16	2.966122239942776e-16
3679.9999999999995	-3.2752572372572774e-16	2.9194118139730493e-16
3680.2499999999995	1.6910656773396463e-16	3.0363015666007547e-16
3680.4999999999995	1.5765232647670194e-16	2.9783163380096855e-16
3680.7499999999995	-2.3393459169409713e-16	2.79244289866861e-16
3680.9999999999995	-3.24650338037375e-16	2.8373949371793955e-16
3681.249999999999	7.345885955873529e-17	3.04346455365877e-16
3681.499999999999	5.3323202262773415e-17	2.9704545487701855e-16
3681.749999999999	-3.2784402282543814e-16	2.654380763430895e-16
3681.999999999999	-4.3789549318150236e-16	2.6697964983731274e-16
3682.249999999999	-3.5821401857232666e-16	2.7716479751157207e-16
3682.499999999999	-3.2604751888387097e-16	2.7476065330946835e-16
3682.749999999999	-3.3043035852054034e-16	2.6382884609220435e-16
3682.999999999999	-1.61740054540592e-16	2.8118558350284943e-16
3683.249999999999	9.806433784149894e-18	2.8061995078254077e-16
3683.499999999999	1.3457505941254634e-16	2.811058829964687e-16
3683.749999999999	2.120718639971858e-16	2.8627738971637065e-16
3683.999999999999	3.4534345881791597e-16	2.8443019614686623e-16
3684.249999999999	4.147505825955746e-16	2.88404633554061e-16
3684.499999999999	4.93403468039208e-16	2.915602018594977e-16
3684.749999999999	4.665828579786702e-16	2.9019764348472076e-16
3684.999999999999	2.174413315812839e-17	2.744194843201821e-16
3685.249999999999	-1.942406425522905e-16	2.6347769799600824e-16
3685.499999999999	-9.258139596660957e-17	2.6643238714404765e-16
3685.7499999999995	2.340070924204262e-16	2.7845887856651943e-16
3685.9999999999995	2.5156510603516256e-16	2.7597151337734797e-16
3686.2499999999995	-9.143073479498911e-17	2.6275112901572126e-16
3686.4999999999995	-4.2212806751259216e-17	2.6234373263787155e-16
3686.7499999999995	3.084363010121352e-16	2.7547062573794506e-16
3686.9999999999995	-6.397901239685297e-17	2.5835637797823113e-16
3687.2499999999995	-1.4298176876981666e-16	2.4808816813558167e-16
3687.4999999999995	1.184275889199211e-17	2.4690250729788286e-16
3687.7499999999995	2.0675393969141708e-16	2.5519964500249196e-16
3687.9999999999995	4.179342088673891e-16	2.6970773120218203e-16
3688.249999999999	3.7629293097984483e-16	2.7099064201013747e-16
3688.499999999999	4.607885702842996e-16	2.78423885517886e-16
3688.749999999999	7.220909288530811e-16	2.9145503742514017e-16
3688.999999999999	3.7198793896498405e-16	2.645452506771243e-16
3689.249999999999	4.435042806604243e-16	2.646846405365068e-16
3689.499999999999	4.133523429578946e-16	2.6741944522539493e-16
3689.749999999999	2.5272255008780596e-16	2.616658151124925e-16
3689.999999999999	-2.0158412703740966e-16	2.3865068585595187e-16
3690.249999999999	-2.1055648234987844e-16	2.340618848642017e-16
3690.499999999999	-2.261624820678877e-16	2.371598019896659e-16
3690.749999999999	-2.1447397002626018e-16	2.4259256543423657e-16
3690.999999999999	2.346484816499549e-16	2.5001582983507525e-16
3691.249999999999	3.0073475981834386e-16	2.516705351673161e-16
3691.499999999999	2.0532193784985508e-16	2.4784790194613707e-16
3691.749999999999	8.617580194722753e-17	2.429094351658485e-16
3691.999999999999	5.465863374567006e-16	2.6471208969795377e-16
3692.249999999999	4.973946872866702e-16	2.5811028843727415e-16
3692.499999999999	3.054554332520697e-16	2.4891905451727894e-16
3692.7499999999995	2.365750845582644e-16	2.478216439247722e-16
3692.9999999999995	-1.866332411296526e-16	2.3135040005114267e-16
3693.2499999999995	-1.6554090313315885e-16	2.3164953503042145e-16
3693.4999999999995	-5.416924259329265e-17	2.325594601740094e-16
3693.7499999999995	-5.0557335287522705e-17	2.261314065466353e-16
3693.9999999999995	-7.780399961180694e-17	2.2766540968389244e-16
3694.2499999999995	5.0721739088628844e-18	2.274728949768493e-16
3694.4999999999995	-1.4786509899919492e-16	2.209446135290134e-16
3694.7499999999995	-6.14679369026033e-16	2.092267332669178e-16
3694.9999999999995	-2.741340077471778e-16	2.1657211034127849e-16
3695.249999999999	-1.2899080941931515e-16	2.1891561227831472e-16
3695.499999999999	1.296401213847509e-17	2.257225278611279e-16
3695.749999999999	2.3519190622517774e-16	2.3965018473371194e-16
3695.999999999999	2.6902168745446525e-16	2.3745430475751437e-16
3696.249999999999	2.9888288109784994e-16	2.4183243277341464e-16
3696.499999999999	2.314400796644332e-16	2.408255752969253e-16
3696.749999999999	2.7090831768685374e-17	2.2818662611402945e-16
3696.999999999999	-1.467524418136376e-16	2.170108337032868e-16
3697.249999999999	-1.1439052897727238e-16	2.1377177971298637e-16
3697.499999999999	3.9624578466915494e-17	2.1664343316241526e-16
3697.749999999999	1.3615983158707953e-16	2.2375161454176514e-16
3697.999999999999	-8.718529316678725e-17	2.1006485913333613e-16
3698.249999999999	-8.354808075171808e-17	2.1062777870123562e-16
3698.499999999999	3.752952188122079e-17	2.1613921033078253e-16
3698.749999999999	2.0691739058045755e-16	2.208683540939809e-16
3698.999999999999	1.9071141360310645e-16	2.165208648479696e-16
3699.249999999999	1.200268053223107e-16	2.1568514773149503e-16
3699.499999999999	-1.0715180526237183e-16	2.121484145997939e-16
3699.7499999999995	-4.268366310221502e-16	2.0132770104751822e-16
3699.9999999999995	4.9608274574793664e-17	2.1320032364116533e-16
3700.2499999999995	3.8723413496886743e-16	2.2251671991400717e-16
3700.4999999999995	4.406493296419241e-16	2.250424398138215e-16
3700.7499999999995	1.0152767854617069e-16	2.1755173041455769e-16
3700.9999999999995	2.766832129589437e-17	2.041366608239605e-16
3701.2499999999995	-1.1120625419585765e-16	2.0093248076828528e-16
3701.4999999999995	-2.1317979632708422e-16	1.9969214660081917e-16
3701.7499999999995	-2.2715276946234637e-16	1.951985838760759e-16
3701.9999999999995	4.137780762755634e-17	2.0708584425784275e-16
3702.2499999999995	-9.976641249869828e-17	2.0033022710789767e-16
3702.499999999999	-1.1550098917112277e-16	1.9935387605239928e-16
3702.749999999999	2.708196737036901e-16	2.188246885853829e-16
3702.999999999999	-1.1013490310136877e-16	1.9971996633918055e-16
3703.249999999999	-5.719167121605526e-17	1.9614560641577561e-16
3703.499999999999	8.716595037534331e-17	2.0136440139693597e-16
3703.749999999999	1.2753808174032502e-16	2.0840260991390877e-16
3703.999999999999	1.370202582428123e-16	2.04266150985772e-16
3704.249999999999	1.0402502945969688e-16	1.9635530000978026e-16
3704.499999999999	3.538730607444321e-17	1.9336987944762327e-16
3704.749999999999	-1.1519908644551439e-17	1.9974537732759818e-16
3704.999999999999	-1.7018180988605496e-16	1.8584903420428294e-16
3705.249999999999	-1.957151019203336e-17	1.9537881660538386e-16
3705.499999999999	1.61890045546705e-16	2.012027239831288e-16
3705.749999999999	-5.47424919926817e-17	1.8594010348100257e-16
3705.999999999999	-1.586517327102334e-16	1.8068096855572923e-16
3706.249999999999	-1.3051039976157917e-16	1.836287755610722e-16
3706.499999999999	-1.415924229780828e-16	1.865285663862177e-16
3706.749999999999	-1.6438806482216615e-16	1.8541093288209525e-16
3706.9999999999995	-6.084816024811936e-17	1.9168438976170562e-16
3707.2499999999995	9.107756837809837e-17	1.964276022127623e-16
3707.4999999999995	1.6556391860652253e-16	1.9755828531822838e-16
3707.7499999999995	8.021035404050741e-17	1.9572179877457284e-16
3707.9999999999995	1.985509086707369e-17	1.8579608141018974e-16
3708.2499999999995	1.35173455102557e-17	1.863789856616885e-16
3708.4999999999995	3.0174695095542295e-17	1.8928990702915652e-16
3708.7499999999995	3.472315283445703e-17	1.8766700513710708e-16
3708.9999999999995	1.736798309650886e-16	1.8918958656446609e-16
3709.249999999999	-3.1484995507940594e-17	1.7945048114627495e-16
3709.499999999999	-1.5794287201249997e-16	1.7419049918805435e-16
3709.749999999999	1.666632350231606e-16	1.8588050677222935e-16
3709.999999999999	1.2303510900893335e-16	1.8128526038914617e-16
3710.249999999999	4.962303478564406e-17	1.811827826374182e-16
3710.499999999999	1.9164931068628847e-17	1.8177663214278227e-16
3710.749999999999	5.0054889239845745e-17	1.8059884606451496e-16
3710.999999999999	2.5834293133019347e-16	1.8642227698622708e-16
3711.249999999999	3.051280020783967e-16	1.870728379943878e-16
3711.499999999999	2.221945297566953e-16	1.8303073059564126e-16
3711.749999999999	4.534128323727357e-17	1.7485679648018826e-16
3711.999999999999	-4.643463402733391e-17	1.7360424650943597e-16
3712.249999999999	7.39304170279783e-18	1.7545507967363562e-16
3712.499999999999	5.668031477881988e-17	1.739306321268147e-16
3712.749999999999	-1.121367595930859e-16	1.65486931252551e-16
3712.999999999999	6.482693208172393e-17	1.7102189451616382e-16
3713.249999999999	4.1267829002033737e-16	1.9047075036696782e-16
3713.499999999999	4.1819234215806486e-16	1.9475333571339576e-16
3713.749999999999	-1.5262301541282033e-16	1.6531622764389965e-16
3713.9999999999995	-9.338536919989681e-17	1.6647000563206821e-16
3714.2499999999995	-1.128060479703148e-16	1.684009231144528e-16
3714.4999999999995	-1.7869120875329007e-16	1.6680418659953964e-16
3714.7499999999995	-2.9585074137469596e-16	1.596093431617738e-16
3714.9999999999995	-8.088201808045557e-17	1.6389675924297905e-16
3715.2499999999995	5.633868918583548e-17	1.690139499751383e-16
3715.4999999999995	8.732564917312524e-17	1.7169993115555109e-16
3715.7499999999995	8.787806685596776e-17	1.7054952806428174e-16
3715.9999999999995	2.5502981489656748e-16	1.7900318157567567e-16
3716.2499999999995	9.312112139013307e-17	1.7253525122533164e-16
3716.499999999999	-1.0273078958607191e-16	1.6235766067314859e-16
3716.749999999999	-1.2642582160146172e-16	1.56155592789124e-16
3716.999999999999	-1.1715324604875049e-16	1.5618660213592738e-16
3717.249999999999	6.150448505078834e-17	1.624266409187906e-16
3717.499999999999	4.8374693509848434e-17	1.6228840249482075e-16
3717.749999999999	-3.0457994529174356e-16	1.4872494331977644e-16
3717.999999999999	-1.7707344199848336e-16	1.5706767521974946e-16
3718.249999999999	-1.225959488955616e-16	1.541511025543365e-16
3718.499999999999	-1.2262114812574242e-16	1.5211637059635405e-16
3718.749999999999	-1.2237508505456504e-16	1.583863466999468e-16
3718.999999999999	9.398042308023276e-17	1.6253236121851978e-16
3719.249999999999	1.0805476223647962e-16	1.632702857342559e-16
3719.499999999999	5.154703372938525e-17	1.5900043235181637e-16
3719.749999999999	3.87984475465598e-18	1.5103531832764115e-16
3719.999999999999	2.328279166787298e-16	1.6449275280049086e-16
3720.249999999999	1.9470198434096847e-16	1.6036052903709036e-16
3720.499999999999	6.54223896261988e-17	1.5241079395486373e-16
3720.749999999999	-3.053715902251813e-17	1.5044768922048348e-16
3720.9999999999995	3.0981924111720544e-16	1.7199853673923783e-16
3721.2499999999995	2.052191954003311e-16	1.669735534843211e-16
3721.4999999999995	-3.843973819238434e-17	1.530173357195468e-16
3721.7499999999995	-2.148064569278371e-16	1.4219655599282213e-16
3721.9999999999995	-1.2946843012244817e-16	1.4720614707090047e-16
3722.2499999999995	-3.8669624919502625e-17	1.4918676156448724e-16
3722.4999999999995	-3.0574941324177103e-17	1.4864088853465125e-16
3722.7499999999995	-4.8218746803325036e-17	1.4694536680226456e-16
3722.9999999999995	3.174483080544473e-16	1.6599589217473242e-16
3723.2499999999995	8.179154617734947e-17	1.5835550940671082e-16
3723.499999999999	-1.226333506941388e-16	1.461647068273615e-16
3723.749999999999	-9.665274585437107e-17	1.4407653238436325e-16
3723.999999999999	6.321513591657863e-18	1.4967047031692865e-16
3724.249999999999	-2.6462096748167493e-17	1.440602402350184e-16
3724.499999999999	-4.362116115346955e-17	1.4198972113501447e-16
3724.749999999999	5.227918783316819e-17	1.5052476921868362e-16
3724.999999999999	1.0730800343180144e-16	1.5176805476657532e-16
3725.249999999999	9.829519567865636e-17	1.5021748154728752e-16
3725.499999999999	8.641375203095699e-17	1.4861766130305076e-16
3725.749999999999	2.957958993000837e-18	1.4771123017037025e-16
3725.999999999999	-1.7433423009129156e-16	1.3682255545896722e-16
3726.249999999999	-5.243878075183172e-17	1.3728430752922902e-16
3726.499999999999	-4.885914755202175e-18	1.3744672609686503e-16
3726.749999999999	-1.5982016172141152e-16	1.3408595082506618e-16
3726.999999999999	-6.937070136092671e-17	1.3836565096551754e-16
3727.249999999999	-9.101430229612786e-18	1.383776285407873e-16
3727.499999999999	4.8139439802271355e-20	1.3808200080730576e-16
3727.749999999999	-2.6513242979802872e-17	1.3900391676105326e-16
3727.9999999999995	8.665565272929199e-17	1.4418746723067396e-16
3728.2499999999995	-1.1412453416205493e-16	1.36656828168881e-16
3728.4999999999995	-1.876955395595177e-16	1.3315308961745338e-16
3728.7499999999995	3.236349440569641e-17	1.3843584882102124e-16
3728.9999999999995	-1.3775456963363277e-16	1.3157114970933757e-16
3729.2499999999995	3.8192930658655666e-18	1.3613798078401833e-16
3729.4999999999995	-5.805570437925875e-17	1.346288724744766e-16
3729.7499999999995	-3.909677767910256e-16	1.2318818374436997e-16
3729.9999999999995	-3.971940562515796e-18	1.296075288142551e-16
3730.2499999999995	-1.4701909837334508e-16	1.283754002784655e-16
3730.499999999999	-1.2555069098316022e-16	1.3178899599545953e-16
3730.749999999999	2.1145945917632093e-16	1.4071007934483983e-16
3730.999999999999	-1.373292399801029e-16	1.2648457127728769e-16
3731.249999999999	-1.4420416966160263e-16	1.2603473060784665e-16
3731.499999999999	-6.427949733489144e-17	1.2951759773805832e-16
3731.749999999999	2.7599787727783126e-17	1.327822744750132e-16
3731.999999999999	1.13414177921774e-16	1.367738245947205e-16
3732.249999999999	4.105681853649391e-17	1.370455104125523e-16
3732.499999999999	-3.9292660665600016e-17	1.3555219132654298e-16
3732.749999999999	-1.2246431302724114e-17	1.3268094815869791e-16
3732.999999999999	-2.879116868485386e-16	1.2053033993967378e-16
3733.249999999999	-1.5941787401102493e-16	1.2207265458772585e-16
3733.499999999999	-3.997134829612936e-18	1.2606397971430652e-16
3733.749999999999	2.164126332279007e-17	1.2958510891093245e-16
3733.999999999999	9.900576367717412e-17	1.3259673455489512e-16
3734.249999999999	3.407046762648329e-17	1.3026666603100674e-16
3734.499999999999	1.0537527442387537e-17	1.2876789417039946e-16
3734.749999999999	6.389166874161227e-17	1.2923775922810918e-16
3734.999999999999	-1.124127864547724e-16	1.2431715954905174e-16
3735.2499999999995	-1.9644720308455735e-16	1.2429368085454504e-16
3735.4999999999995	-6.860643941448692e-17	1.2720116115066482e-16
3735.7499999999995	8.841961869428377e-17	1.2968503232892886e-16
3735.9999999999995	-2.0948775176357013e-16	1.1943680716987868e-16
3736.2499999999995	-2.3030653782277015e-16	1.1727012336058178e-16
3736.4999999999995	-6.756421169500481e-17	1.2158230192060442e-16
3736.7499999999995	9.03277258440966e-17	1.2828149873532848e-16
3736.9999999999995	7.400986772581402e-17	1.2942639611244068e-16
3737.2499999999995	-7.257427922911598e-17	1.2398685640429197e-16
3737.4999999999995	-1.1811793716633433e-16	1.2321760490439725e-16
3737.749999999999	5.999897663127243e-17	1.269868882847891e-16
3737.999999999999	1.7929718141771172e-16	1.270212328238223e-16
3738.249999999999	8.619141249974763e-17	1.238141410923909e-16
3738.499999999999	1.5004466035626804e-16	1.2738365704612872e-16
3738.749999999999	3.0291406971251077e-16	1.336524155398598e-16
3738.999999999999	2.2282224072761486e-17	1.2459641572384964e-16
3739.249999999999	-9.442468524362274e-18	1.2091319883183273e-16
3739.499999999999	-6.539776776808555e-18	1.207600579219471e-16
3739.749999999999	4.533443418180163e-17	1.2250878391133321e-16
3739.999999999999	1.1578417610819152e-16	1.2430972154098366e-16
3740.249999999999	1.426110992111643e-16	1.2368360537428513e-16
3740.499999999999	9.74612123327457e-17	1.204447234375521e-16
3740.749999999999	9.280494152715203e-18	1.1541705350000579e-16
3740.999999999999	-6.734312947832653e-17	1.1180428592639878e-16
3741.249999999999	2.790135130934036e-17	1.1859513435299372e-16
3741.499999999999	1.4109297794166818e-16	1.243038849545815e-16
3741.749999999999	1.5444700822050386e-16	1.2588014709497274e-16
3741.999999999999	-8.521965395101014e-18	1.1804473499084584e-16
3742.2499999999995	-5.65590633359094e-17	1.1222062908975387e-16
3742.4999999999995	-3.8378669102120773e-17	1.1262075951310293e-16
3742.7499999999995	3.473719505253573e-17	1.1616245572847937e-16
3742.9999999999995	-2.647029576239912e-17	1.1600728988045422e-16
3743.2499999999995	-4.8221072835207535e-17	1.145156516254496e-16
3743.4999999999995	-4.8678291955712546e-17	1.1448988329500735e-16
3743.7499999999995	-1.6006755489901387e-17	1.1567968665321382e-16
3743.9999999999995	8.196784814438657e-17	1.1667326953523292e-16
3744.2499999999995	6.609592640305378e-17	1.1406898732956077e-16
3744.499999999999	-2.3218103662429494e-18	1.099248720176742e-16
3744.749999999999	8.92760628889574e-19	1.1000790109883982e-16
3744.999999999999	2.5062100840610884e-16	1.2243028777992438e-16
3745.249999999999	1.5652668586424998e-16	1.1425563898042213e-16
3745.499999999999	6.602660205027694e-17	1.0917064873514835e-16
3745.749999999999	-1.869740031460775e-17	1.0826729471434654e-16
3745.999999999999	-2.862425091643005e-17	1.1089530045998671e-16
3746.249999999999	1.7768588983274007e-17	1.1269258526005213e-16
3746.499999999999	8.6861284866489e-18	1.112009867097169e-16
3746.749999999999	-8.975472129016886e-18	1.1095722650936488e-16
3746.999999999999	1.3934569455527037e-16	1.18056686096336e-16
3747.249999999999	7.160707348246998e-17	1.1352640978728518e-16
3747.499999999999	5.096611140263416e-17	1.1008761484011033e-16
3747.749999999999	1.1716373966200134e-17	1.075116354462773e-16
3747.999999999999	-9.440393955385991e-17	1.0399114814180671e-16
3748.249999999999	1.7445642369291973e-18	1.0737313894195632e-16
3748.499999999999	8.188451135203308e-18	1.0764144986288892e-16
3748.749999999999	2.5506094335737907e-17	1.0867487638065347e-16
3748.999999999999	1.6642241296834436e-16	1.1575373586164957e-16
3749.2499999999995	1.2207825294611161e-16	1.144486036737185e-16
3749.4999999999995	1.2829039258127465e-16	1.120681631592481e-16
3749.7499999999995	1.2553545762499944e-16	1.0908335801946686e-16
3749.9999999999995	2.533696402461164e-18	1.0473608714913727e-16
3750.2499999999995	-5.453608396007012e-17	1.0234343744882558e-16
3750.4999999999995	-5.5143902891618984e-17	1.0398392189197545e-16
3750.7499999999995	1.2143590418707233e-17	1.0638493604264127e-16
3750.9999999999995	1.2866640903540656e-16	1.0626800579125077e-16
3751.2499999999995	1.6709176752002227e-16	1.1229048283812275e-16
3751.4999999999995	1.0685559519373904e-16	1.0919366420851203e-16
3751.749999999999	8.530463021533771e-18	1.0424471539550117e-16
3751.999999999999	-8.098912804361383e-17	1.0298933315833149e-16
3752.249999999999	-1.4148041610569822e-16	9.94080183003362e-17
3752.499999999999	-4.988922316112485e-18	1.0366056706436112e-16
3752.749999999999	2.8280352231122355e-17	1.0554109932127387e-16
3752.999999999999	-1.6794357826249468e-16	9.937325686227427e-17
3753.249999999999	-1.435468191549741e-16	9.685064716156316e-17
3753.499999999999	-1.4302629093910672e-16	9.599286748379057e-17
3753.749999999999	-7.082806786879204e-17	9.784631453872589e-17
3753.999999999999	5.1377203623460764e-17	1.014420818963837e-16
3754.249999999999	-7.567981303366057e-17	9.615492870940196e-17
3754.499999999999	3.8496249517472736e-18	1.0020868942861813e-16
3754.749999999999	9.59137029904468e-17	1.0530700059047647e-16
3754.999999999999	1.3393464956486289e-16	1.0729845445881013e-16
3755.249999999999	9.895126901841912e-17	1.0537035600795313e-16
3755.499999999999	8.420443864161155e-17	1.0250725229733558e-16
3755.749999999999	2.1781194158293217e-17	9.955695051526515e-17
3755.999999999999	-7.161630481810607e-17	9.634012452238523e-17
3756.2499999999995	-1.0074882513372546e-16	9.377737340090814e-17
3756.4999999999995	-5.858420661623113e-17	9.55348145652281e-17
3756.7499999999995	-1.631950089897911e-17	9.664115870835043e-17
3756.9999999999995	-2.0758206659859087e-17	9.650119974870646e-17
3757.2499999999995	1.1264913677119717e-18	1.0002067458410728e-16
3757.4999999999995	2.9901708949787545e-17	9.833611795792059e-17
3757.7499999999995	8.317760971641273e-18	9.537000048253814e-17
3757.9999999999995	-7.404558538466406e-18	9.332310566082872e-17
3758.2499999999995	2.81281576158575e-17	9.656378092512977e-17
3758.499999999999	4.942780940773358e-18	9.565257199723115e-17
3758.7499999999995	-2.695449296499224e-18	9.458910889706358e-17
3758.999999999999	-1.5411891861106328e-17	9.453113346229096e-17
3759.249999999999	3.4315763074052214e-17	9.248728928268064e-17
3759.499999999999	4.1760577184209125e-17	9.503175640389786e-17
3759.749999999999	-5.293718354067452e-17	9.394639617855478e-17
3759.999999999999	-1.4819796971257606e-16	9.052669917736255e-17
3760.249999999999	-6.623254189866181e-18	9.518275326163574e-17
3760.499999999999	-5.4338712048470066e-17	9.162760378077673e-17
3760.749999999999	3.588369716003628e-17	9.67921026265291e-17
3760.999999999999	1.9104069766135156e-16	1.0465765057473254e-16
3761.249999999999	-6.431112872151546e-17	9.119574932657504e-17
3761.499999999999	-9.04462508997081e-17	9.323870015112381e-17
3761.749999999999	5.171733367389767e-18	9.563559163361667e-17
3761.999999999999	1.022157406145821e-16	9.553969823956462e-17
3762.249999999999	-3.0156304388983403e-18	9.139121541404377e-17
3762.499999999999	-1.1911213050764549e-17	9.053234385786261e-17
3762.749999999999	6.23570965040937e-17	9.36425363436171e-17
3762.999999999999	1.3530340186806663e-16	9.779131695415846e-17
3763.249999999999	1.236270129854967e-16	9.677984711857352e-17
3763.4999999999995	2.0205858460188027e-17	9.107096416808774e-17
3763.7499999999995	-5.524197011632082e-17	8.817024028321129e-17
3763.9999999999995	-1.1398936623251886e-16	8.683868463779283e-17
3764.2499999999995	-1.5783367093675317e-16	8.260972706483792e-17
3764.4999999999995	-1.4359881903700162e-17	9.10501059817616e-17
3764.7499999999995	3.7411886871948396e-17	9.333467957195956e-17
3764.9999999999995	2.5366598597236964e-17	9.224191442577291e-17
3765.2499999999995	8.783423951839225e-17	9.253589441547425e-17
3765.4999999999995	1.7697613577994508e-17	8.982752641896333e-17
3765.749999999999	2.3428850257353917e-17	9.043646369870037e-17
3765.999999999999	4.757048866598968e-17	9.030373098888766e-17
3766.249999999999	-5.808108889789678e-17	8.417771078165874e-17
3766.499999999999	1.0837505318710505e-16	9.309434720806596e-17
3766.749999999999	1.2190279801202176e-16	9.309781474919378e-17
3766.999999999999	5.559006426169539e-17	8.818209874447285e-17
3767.249999999999	6.8674205358989715e-18	8.323111175843266e-17
3767.499999999999	-1.5832505592527907e-16	8.107676948387505e-17
3767.749999999999	-8.509640403973973e-17	8.28278181964212e-17
3767.999999999999	1.0790060885752423e-16	8.917743524939056e-17
3768.249999999999	2.9138319844330116e-16	1.0000371407282749e-16
3768.499999999999	5.148868110025331e-17	8.946858297267452e-17
3768.749999999999	-1.965314133796377e-17	8.667277205924939e-17
3768.999999999999	-1.9688916899456688e-17	8.621966898947244e-17
3769.249999999999	-4.4365580691375423e-17	8.333599164265948e-17
3769.499999999999	-2.7360241185471445e-17	8.27044954932569e-17
3769.749999999999	6.31807500185148e-18	8.243920874464379e-17
3769.999999999999	4.0404388100148835e-17	8.399497665817843e-17
3770.249999999999	4.826204143658606e-17	8.756430732345904e-17
3770.4999999999995	1.0372882931723144e-17	8.446307485809973e-17
3770.7499999999995	5.113890943259649e-17	8.451887977094501e-17
3770.9999999999995	4.6934896318193733e-17	8.354415660689213e-17
3771.2499999999995	-1.56224242162521e-17	8.063735129015218e-17
3771.4999999999995	2.3650352681783367e-17	8.414307507504992e-17
3771.7499999999995	1.2554923514528213e-16	8.857370589879015e-17
3771.9999999999995	1.2941833606455196e-16	8.851105193047294e-17
3772.2499999999995	-2.5337418973948544e-17	8.284305155458198e-17
3772.4999999999995	1.0293423134900688e-17	8.415007633175457e-17
3772.7499999999995	8.741158331260215e-18	8.520143612519927e-17
3772.999999999999	-8.820617300902059e-18	8.391177552344539e-17
3773.249999999999	-1.519493893004592e-17	8.035976932891409e-17
3773.499999999999	-3.3190005829133883e-18	7.982470258660048e-17
3773.749999999999	-7.472660980042386e-17	7.703683922450076e-17
3773.999999999999	-6.075185657248349e-17	7.746742312928157e-17
3774.249999999999	4.371290210084658e-17	8.138970183577121e-17
3774.499999999999	1.0032917324792015e-16	8.407157358290084e-17
3774.749999999999	1.40416264791261e-16	8.512882951975181e-17
3774.999999999999	8.844134376589187e-17	8.307096297439749e-17
3775.249999999999	1.0763505741111511e-17	8.063573001615158e-17
3775.499999999999	1.7770640060320894e-16	8.783687987890752e-17
3775.749999999999	7.036816868310236e-17	8.364304770348407e-17
3775.999999999999	2.3146866040895815e-17	8.039672775868295e-17
3776.249999999999	4.207744360709859e-17	7.952483307093776e-17
3776.499999999999	-3.420404736924325e-17	7.687074797494502e-17
3776.749999999999	-1.305842769164475e-16	7.433148216541953e-17
3776.999999999999	-1.0474786620106002e-16	7.505350496105992e-17
3777.249999999999	2.7015679514902788e-18	7.768521647584433e-17
3777.4999999999995	3.820292713635837e-18	7.780382755823953e-17
3777.7499999999995	-4.6490680476918056e-17	7.605017818984751e-17
3777.9999999999995	-4.9714957712755853e-17	7.626092395759132e-17
3778.2499999999995	4.799724189735375e-18	7.803375068130477e-17
3778.4999999999995	4.837437256377076e-17	8.057124963304184e-17
3778.7499999999995	1.489631183966325e-16	8.427353800126178e-17
3778.9999999999995	6.697489513939753e-17	8.029883589627098e-17
3779.2499999999995	-5.190207288318281e-17	7.427299056994468e-17
3779.4999999999995	2.0533051405844603e-17	7.632154637032411e-17
3779.749999999999	7.692071630138812e-17	7.929568418892587e-17
3779.999999999999	2.8793895733897327e-17	7.636368625945001e-17
3780.249999999999	-4.651567787502941e-17	7.25604950913884e-17
3780.499999999999	-5.491403932555785e-17	7.483156247654459e-17
3780.749999999999	-3.454609316997883e-17	7.59297803973292e-17
3780.999999999999	-9.228194831305925e-18	7.670028921175499e-17
3781.249999999999	6.092167427069879e-18	7.654152347370401e-17
3781.499999999999	-2.128378729490793e-17	7.488706298692445e-17
3781.749999999999	2.36457949166082e-17	7.553146315388286e-17
3781.999999999999	4.282514539767507e-17	7.692733374628854e-17
3782.249999999999	2.4378466835454594e-17	7.726368523568731e-17
3782.499999999999	1.6990054862545223e-17	7.564877721707758e-17
3782.749999999999	-3.0596507577107586e-17	7.160187878822315e-17
3782.999999999999	8.876442066082038e-17	7.798557568242968e-17
3783.249999999999	1.817475153852204e-16	8.203176604467977e-17
3783.499999999999	1.0345013231652763e-16	7.796201757858417e-17
3783.749999999999	8.972263329984671e-17	7.721639697442887e-17
3783.999999999999	1.0777734074828036e-17	7.440612694389632e-17
3784.249999999999	-3.500267370705095e-17	7.150393398625197e-17
3784.4999999999995	-2.3756999423798604e-17	6.972020171334262e-17
3784.7499999999995	-8.877637838375545e-17	6.915563440166293e-17
3784.9999999999995	-7.282796559681865e-17	6.932879308237233e-17
3785.2499999999995	-5.630980403884513e-17	6.957598773662767e-17
3785.4999999999995	-6.314072109431213e-17	6.989588164055908e-17
3785.7499999999995	-1.1458247458405408e-16	6.896758646992757e-17
3785.9999999999995	-1.4691220016842363e-16	6.55315509972762e-17
3786.2499999999995	-8.604562357114639e-17	6.743047975101213e-17
3786.4999999999995	8.841192260586458e-17	7.41048280601351e-17
3786.7499999999995	8.092952471739571e-17	7.558328436489808e-17
3786.999999999999	8.394640461260931e-17	7.563931427086997e-17
3787.249999999999	7.243241444534069e-17	7.338308319718053e-17
3787.499999999999	4.066700801846707e-17	7.010554214733922e-17
3787.749999999999	-3.7555252988535474e-18	6.979883019364946e-17
3787.999999999999	6.669420297905623e-17	7.318880163234898e-17
3788.249999999999	-3.1882907432886777e-18	7.106706350881576e-17
3788.499999999999	-1.3240813737523303e-16	6.592359490295693e-17
3788.749999999999	-2.5543868365590754e-17	6.903527631381401e-17
3788.999999999999	-1.4662588979736188e-16	6.538072619310573e-17
3789.249999999999	-1.2528870633955242e-16	6.652873376932113e-17
3789.499999999999	-1.2223854235085091e-17	6.978410637874602e-17
3789.749999999999	-2.6431509263476507e-17	6.748205611656604e-17
3789.999999999999	-1.1917216231342091e-16	6.539778596605902e-17
3790.249999999999	-5.9118724110618e-17	6.883566770583762e-17
3790.499999999999	5.218299003665072e-17	7.38771217811115e-17
3790.749999999999	8.967140104142762e-17	7.414261367051653e-17
3790.999999999999	4.631481526124438e-17	7.238219465599137e-17
3791.249999999999	4.5082220195589314e-17	7.236586280197712e-17
3791.499999999999	1.6974449273108798e-17	7.139953717550288e-17
3791.7499999999995	-1.1122183166115325e-16	6.553517735708163e-17
3791.9999999999995	-1.0276940237706589e-16	6.620130259564814e-17
3792.2499999999995	-6.039976879911152e-17	6.688049067044808e-17
3792.4999999999995	-4.9339020667962753e-17	6.664862863602701e-17
3792.7499999999995	-8.37340177185302e-17	6.475303507452089e-17
3792.9999999999995	-5.828301361158832e-17	6.598742677646642e-17
3793.2499999999995	-6.195792561025521e-17	6.575674926468254e-17
3793.4999999999995	-5.634435371867024e-17	6.650718736872534e-17
3793.749999999999	2.539539109999871e-17	6.943094657930018e-17
3793.9999999999995	1.0734204522273045e-17	6.718607104105987e-17
3794.249999999999	5.476060393937416e-17	6.791172681395058e-17
3794.499999999999	5.0231131649878743e-17	6.802782988472853e-17
3794.749999999999	-2.902796799491513e-17	6.590505282234594e-17
3794.999999999999	4.450612198617063e-17	6.813301417142077e-17
3795.249999999999	2.7544384411125244e-18	6.652032961429759e-17
3795.499999999999	-3.8228138774248373e-17	6.478556643365138e-17
3795.749999999999	-1.0141136702587838e-17	6.434699527287576e-17
3795.999999999999	-5.265888358666473e-17	6.239805187058242e-17
3796.249999999999	2.2438197249064485e-17	6.699728195549566e-17
3796.499999999999	4.0273988039663525e-17	6.85405428981685e-17
3796.749999999999	-1.8605935645555312e-17	6.564760112849494e-17
3796.999999999999	-1.1105346401055175e-17	6.479423528647093e-17
3797.249999999999	-5.848030611384957e-17	6.398009104037174e-17
3797.499999999999	-9.526561028923395e-17	6.307548632248375e-17
3797.749999999999	-8.56543274367394e-17	6.320273978791891e-17
3797.999999999999	-6.271651144333166e-18	6.604696392823554e-17
3798.249999999999	1.2047675187087015e-16	7.019618790758523e-17
3798.499999999999	9.93190996932092e-17	6.816914542057709e-17
3798.7499999999995	-5.594194027683054e-17	6.172037257321978e-17
3798.9999999999995	-6.668710246067808e-17	6.183695871747545e-17
3799.2499999999995	7.598268025186319e-17	6.962589650606667e-17
3799.4999999999995	9.282650612572128e-17	7.02111830377296e-17
3799.7499999999995	2.3942797424267815e-17	6.520030817534057e-17
3799.9999999999995	-1.9296237719065515e-17	6.245032968529577e-17
3800.2499999999995	-5.567409257704097e-17	6.207226182324474e-17
3800.4999999999995	-2.29836434537044e-17	6.29578016823746e-17
3800.7499999999995	2.5181518175949143e-18	6.352146902154784e-17
3800.999999999999	-1.0205996596162611e-16	6.072954254827926e-17
3801.249999999999	-2.304048565103782e-17	6.32276081458547e-17
3801.499999999999	2.664090176373818e-17	6.526673408725102e-17
3801.749999999999	3.328254500580203e-17	6.620173934701156e-17
3801.999999999999	4.191290083964954e-17	6.551038840848464e-17
3802.249999999999	-1.5462980190098828e-17	6.36347795305778e-17
3802.499999999999	5.589103889065648e-17	6.681440224822754e-17
3802.749999999999	1.1817115465822354e-16	6.911853700555115e-17
3802.999999999999	3.45347045473052e-17	6.592256258155247e-17
3803.249999999999	-6.343533966744637e-18	6.221582067291454e-17
3803.499999999999	-1.9785708611653968e-17	6.071558635698427e-17
3803.749999999999	-2.8936127785864595e-17	6.061756214567428e-17
3803.999999999999	-4.565179691305863e-17	6.119003730400998e-17
3804.249999999999	-3.174635149428285e-17	6.103516262356045e-17
3804.499999999999	-7.436570097299963e-17	5.830984735065954e-17
3804.749999999999	-6.60416037978662e-17	5.784471376605362e-17
3804.999999999999	1.5953369253167215e-17	6.140137864179483e-17
3805.249999999999	-6.690049520638206e-17	5.749901182701056e-17
3805.499999999999	3.2112739566084636e-17	6.299325795215108e-17
3805.7499999999995	6.009303037564216e-17	6.465361458233692e-17
3805.9999999999995	-2.8777831886401547e-17	6.048955429152048e-17
3806.2499999999995	7.477132387561603e-17	6.480996495299924e-17
3806.4999999999995	2.888381026648184e-17	6.094457642031855e-17
3806.7499999999995	3.3960442678846386e-17	5.873095507434294e-17
3806.9999999999995	9.83581275796594e-17	6.073241451936604e-17
3807.2499999999995	3.106474143464935e-17	6.166088174356496e-17
3807.4999999999995	-2.2988682637996075e-17	5.844312269095409e-17
3807.7499999999995	-3.7596789862994825e-18	5.886270178486548e-17
3807.9999999999995	4.949624123262948e-17	6.177908916182124e-17
3808.249999999999	1.930966947785215e-17	6.009168041688247e-17
3808.499999999999	-5.61978401798524e-18	5.9639742017408e-17
3808.749999999999	1.5034596585747416e-17	5.92310221505782e-17
3808.999999999999	3.201432492552553e-17	5.836193987691568e-17
3809.249999999999	-7.08008172306921e-17	5.609078646497579e-17
3809.499999999999	-1.75926162341207e-17	5.794590773347091e-17
3809.749999999999	-9.191879948053622e-18	5.816119968586131e-17
3809.999999999999	-1.989694455170765e-17	5.75400796900626e-17
3810.249999999999	2.9809715712323685e-18	5.794231446088998e-17
3810.499999999999	7.895697027169766e-17	6.024066557137062e-17
3810.749999999999	3.40885696470084e-17	5.838354583451557e-17
3810.999999999999	-3.2611294556160147e-17	5.63625252223668e-17
3811.249999999999	4.834953729305947e-17	5.97100126648056e-17
3811.499999999999	-2.998965479251418e-17	5.788920284811918e-17
3811.749999999999	3.922130641159997e-18	5.92404586270062e-17
3811.999999999999	3.761585306739172e-17	5.992417303411803e-17
3812.249999999999	-1.3810923490179345e-17	5.627284560907626e-17
3812.499999999999	-4.174553573195046e-17	5.610375665698062e-17
3812.749999999999	-4.2166894918540073e-17	5.565374393397217e-17
3812.9999999999995	-2.3489384988941773e-17	5.60021391730897e-17
3813.2499999999995	1.0738469051921062e-18	5.736882683348452e-17
3813.4999999999995	2.335768573790687e-19	5.880385946481091e-17
3813.7499999999995	3.834975086790592e-17	6.057452890148682e-17
3813.9999999999995	4.1941991127431805e-17	6.002743164434425e-17
3814.2499999999995	-3.226895758784895e-17	5.649999602272822e-17
3814.4999999999995	5.57384339938078e-17	5.88878943976014e-17
3814.7499999999995	6.798129601218874e-17	5.953339306041328e-17
3814.999999999999	2.9940536807740784e-17	5.92154380678377e-17
3815.249999999999	-1.2251772407939369e-17	5.80064904415343e-17
3815.499999999999	-2.7837476422439014e-17	5.4484395097952905e-17
3815.749999999999	3.581783703966481e-17	5.774496240162463e-17
3815.999999999999	4.4807851003850376e-17	5.766785593364489e-17
3816.249999999999	-2.7213175090004417e-17	5.348987915620285e-17
3816.499999999999	-9.095421258770956e-17	5.134799422167029e-17
3816.749999999999	1.852824684242433e-17	5.65449152387123e-17
3816.999999999999	5.453859445322922e-18	5.644993505205651e-17
3817.249999999999	-4.6527347739111307e-17	5.346180133749035e-17
3817.499999999999	8.482377854473206e-17	5.882826460160368e-17
3817.749999999999	3.6454736332828586e-17	5.554882434507594e-17
3817.999999999999	-1.6003491435204253e-17	5.308415368319049e-17
3818.249999999999	-4.82689037269478e-17	5.23947945955786e-17
3818.499999999999	-4.80754228729492e-17	5.3476372951161084e-17
3818.749999999999	1.1132402651711172e-17	5.5454823540265416e-17
3818.999999999999	2.831585482301313e-17	5.579359701449773e-17
3819.249999999999	2.452504323999899e-17	5.571523984943181e-17
3819.499999999999	5.2293994366132886e-17	5.70504284721006e-17
3819.749999999999	4.022646734065297e-18	5.4393769190041596e-17
3819.9999999999995	-1.8002126885616104e-17	5.374317178593394e-17
3820.2499999999995	8.863098815620945e-18	5.53040417494868e-17
3820.4999999999995	1.0548948325105056e-16	5.80018648475489e-17
3820.7499999999995	4.145378251245811e-17	5.5198344610814774e-17
3820.9999999999995	3.1158034172855533e-17	5.5080114031501345e-17
3821.2499999999995	2.2443919684542127e-17	5.5141748913303896e-17
3821.4999999999995	-1.0906831325848574e-17	5.342549141732172e-17
3821.7499999999995	-1.9967374017782864e-17	5.4890097409908113e-17
3821.9999999999995	2.0545743665163616e-17	5.564819851514561e-17
3822.249999999999	5.954202220856343e-17	5.573941337565306e-17
3822.499999999999	5.1587466317726843e-17	5.521462683399227e-17
3822.749999999999	6.570813834162463e-18	5.311444503722218e-17
3822.999999999999	5.665747549492668e-18	5.4018761896257005e-17
3823.249999999999	-1.9496223521401235e-17	5.3548764489649275e-17
3823.499999999999	-6.141355474041161e-17	5.176435392863763e-17
3823.749999999999	6.072465225649785e-17	5.51176382528092e-17
3823.999999999999	2.803338587871607e-17	5.2488325561801194e-17
3824.249999999999	4.738399087072225e-18	5.0982274511803446e-17
3824.499999999999	-2.828753588115207e-18	5.153502968433588e-17
3824.749999999999	5.522728745365285e-19	5.2144049682134174e-17
3824.999999999999	4.191162449996437e-18	5.3129598986044154e-17
3825.249999999999	1.0181120959037426e-18	5.2895176000446626e-17
3825.499999999999	2.597256133549126e-18	5.1871721972147016e-17
3825.749999999999	-2.3093016583018613e-17	5.113178906188363e-17
3825.999999999999	4.0899207542578056e-17	5.351231229441529e-17
3826.249999999999	2.8009854244650164e-17	5.326886973141848e-17
3826.499999999999	-1.5358679332300792e-17	5.137569484602347e-17
3826.749999999999	-2.1512724418683006e-17	4.9874593644811237e-17
3826.9999999999995	2.559606346224285e-17	5.242589989533304e-17
3827.2499999999995	6.768818290776935e-17	5.417983712257823e-17
3827.4999999999995	6.224420289409246e-17	5.431773143941327e-17
3827.7499999999995	-6.408320406681015e-18	5.228360166891677e-17
3827.9999999999995	-2.564270321390104e-17	5.224521717977186e-17
3828.2499999999995	-2.0504181148105277e-17	5.173001600704933e-17
3828.4999999999995	-9.151553238830437e-18	5.0674626189660274e-17
3828.7499999999995	-2.7929839409636685e-17	4.9263853111338834e-17
3828.999999999999	8.906829373064786e-18	4.990229757788686e-17
3829.2499999999995	5.751135997919475e-17	5.235629099242548e-17
3829.499999999999	7.699858377553141e-17	5.3548115980049034e-17
3829.749999999999	4.049695622813842e-17	5.23745849188527e-17
3829.999999999999	6.757113354237065e-17	5.2915786032589e-17
3830.249999999999	-3.503993736646585e-18	5.024512092839824e-17
3830.499999999999	-2.3316451301358987e-17	5.0226502747170897e-17
3830.749999999999	2.3038834598535165e-17	5.2976123895191065e-17
3830.999999999999	-2.6835284244604467e-17	5.0055845460633856e-17
3831.249999999999	4.1356863414446495e-17	5.276496784586343e-17
3831.499999999999	4.442729498251678e-17	5.2906531535895754e-17
3831.749999999999	-2.0997574531158457e-17	4.964438928033773e-17
3831.999999999999	-4.683250790197192e-17	4.768059964041029e-17
3832.249999999999	7.376807456095864e-18	5.04207876207249e-17
3832.499999999999	2.9944434482787134e-17	5.1416531098503985e-17
3832.749999999999	1.4492880965670113e-17	5.044398176510089e-17
3832.999999999999	9.254824256765845e-18	4.9927751579696345e-17
3833.249999999999	7.828726499544002e-17	5.370622989977732e-17
3833.499999999999	6.676461259279675e-17	5.330562302039544e-17
3833.749999999999	5.9001283488789555e-18	5.029534071774756e-17
3833.9999999999995	-4.13280609855174e-17	4.8442409823514475e-17
3834.2499999999995	6.49598997108306e-18	5.0106660820024214e-17
3834.4999999999995	7.684097609033801e-17	5.3404040969677e-17
3834.7499999999995	9.625752557513814e-17	5.414236253210713e-17
3834.9999999999995	-6.518332533018424e-18	4.7903131077521753e-17
3835.2499999999995	-1.0008014390706617e-17	4.7399781748615885e-17
3835.4999999999995	-2.562061666436526e-19	4.835168796265211e-17
3835.7499999999995	-3.0942818734671793e-18	4.8330098548664475e-17
3835.9999999999995	-3.0983178117529174e-17	4.558724042933254e-17
3836.249999999999	-7.305760416975317e-17	4.482194616148828e-17
3836.499999999999	-2.2424265873187867e-17	4.8065529792823064e-17
3836.749999999999	4.6397543248667035e-17	5.141813913761479e-17
3836.999999999999	1.0373994331594171e-16	5.439737900623478e-17
3837.249999999999	-2.6161694528190285e-17	5.66947540435926e-17
3837.499999999999	2.084497922960488e-16	6.290612605514719e-17
3837.749999999999	9.805739117871472e-17	5.604382245851747e-17
3837.999999999999	-1.4322240222745324e-17	4.7974453898658526e-17
3838.249999999999	-2.1093439801069677e-17	4.782917120459216e-17
3838.499999999999	1.1370438762224332e-17	4.841505661501857e-17
3838.749999999999	2.882300256529184e-17	4.881534916576768e-17
3838.999999999999	2.679595842392247e-17	4.8934751032828487e-17
3839.249999999999	4.163784343364096e-17	4.945717845538228e-17
3839.499999999999	4.436835919105299e-18	4.7921851829145053e-17
3839.749999999999	-4.060166405879783e-17	4.5802757374849556e-17
3839.999999999999	-6.831712472344037e-17	4.4567485552732267e-17
3840.249999999999	-2.4373690694597713e-17	4.6478487834689024e-17
3840.499999999999	1.548689563596896e-17	4.691222495196488e-17
3840.749999999999	5.357143916460058e-17	4.877136962695946e-17
3840.999999999999	7.623776290043984e-17	5.039801699282254e-17
3841.2499999999995	5.740004793852472e-17	4.936597352104218e-17
3841.4999999999995	-2.8596973808550503e-18	4.710345918341979e-17
3841.7499999999995	4.950149548388042e-17	5.025510003530808e-17
3841.9999999999995	1.0395606244894466e-16	5.280443097852711e-17
3842.2499999999995	3.5609059961778873e-17	4.9552595393401495e-17
3842.4999999999995	-3.7502039632549325e-17	4.729376366386619e-17
3842.7499999999995	-2.6910066335062936e-17	4.542892798625724e-17
3842.9999999999995	4.736360914042894e-18	4.5271002663708617e-17
3843.2499999999995	8.334091171294295e-18	4.722221915832525e-17
3843.499999999999	5.987802772967099e-19	4.583188736730122e-17
3843.749999999999	5.518893791288882e-17	4.872441223794605e-17
3843.999999999999	5.625299327437498e-17	4.967014106716773e-17
3844.249999999999	9.418541497963565e-18	4.717023581990997e-17
3844.499999999999	2.4540129360010732e-17	4.8278188002143097e-17
3844.749999999999	-2.109565995383377e-17	4.5938461317422555e-17
3844.999999999999	-6.283999296517358e-18	4.6364793513854836e-17
3845.249999999999	5.569252877853355e-17	4.904053419828422e-17
3845.499999999999	2.8221761373974e-17	4.6749157874728626e-17
3845.749999999999	1.7544029299300562e-17	4.8245693038959564e-17
3845.999999999999	-1.0192369788187535e-17	4.7033522716989656e-17
3846.249999999999	-3.5684111713117034e-17	4.423123001628456e-17
3846.499999999999	-1.415462365214003e-17	4.557162325936754e-17
3846.749999999999	-6.141581956092878e-18	4.564265160420624e-17
3846.999999999999	-3.2839688635863082e-18	4.5379541994965375e-17
3847.249999999999	1.97452313555593e-18	4.4303078924290916e-17
3847.499999999999	-2.839350392147471e-17	4.1713275688060893e-17
3847.749999999999	-4.006811932881133e-17	4.1501636565255526e-17
3847.999999999999	-1.892731351150564e-17	4.280625590120681e-17
3848.2499999999995	1.3744147680869777e-18	4.467911523075752e-17
3848.4999999999995	5.526840763587863e-18	4.644677373000374e-17
3848.7499999999995	1.2673019925146286e-17	4.451417541661445e-17
3848.9999999999995	-9.249610537364923e-18	4.3778312234964825e-17
3849.2499999999995	1.5389518228199205e-19	4.5346137133108033e-17
3849.4999999999995	8.143354240823652e-17	4.870279635417882e-17
3849.7499999999995	8.035505770814498e-17	4.793863366941253e-17
3849.9999999999995	9.792625327312301e-17	4.8686047601135843e-17
3850.249999999999	7.636876845713354e-17	4.746956270509086e-17
3850.499999999999	3.728634484320061e-18	4.3469730853090693e-17
3850.749999999999	-3.9256456624549795e-17	4.268347582852434e-17
3850.999999999999	-2.2038050282103183e-17	4.3143295604875217e-17
3851.249999999999	-6.4712882900406956e-18	4.332675764729458e-17
3851.499999999999	2.5423023895541657e-18	4.354987803700218e-17
3851.749999999999	6.916376062400065e-17	4.707242005811435e-17
3851.999999999999	6.23883639312482e-17	4.672687362902645e-17
3852.249999999999	-2.3025698970407823e-17	4.350287432587447e-17
3852.499999999999	-1.0066449903335935e-16	4.013444928777073e-17
3852.749999999999	1.6105620116713725e-17	4.444737892778957e-17
3852.999999999999	6.095527021127763e-17	4.5786663748851724e-17
3853.249999999999	1.8269309532193182e-17	4.396990380844436e-17
3853.499999999999	3.07335896025811e-18	4.334253694465964e-17
3853.749999999999	1.5900624246843894e-16	5.075103120848057e-17
3853.999999999999	8.165717895864636e-17	4.6914653554243335e-17
3854.249999999999	5.231949469005667e-17	4.581841424948396e-17
3854.499999999999	3.683045500193997e-17	4.525309254908562e-17
3854.749999999999	-2.1776236037701574e-17	4.164539062954989e-17
3854.999999999999	2.2798354996492523e-17	4.449298966676574e-17
3855.2499999999995	1.110671538496895e-17	4.365657771857662e-17
3855.4999999999995	3.447711954178171e-18	4.2518344108479153e-17
3855.7499999999995	4.3095398538685946e-17	4.387521148064174e-17
3855.9999999999995	8.100698852740008e-17	4.661693470817325e-17
3856.2499999999995	8.297213805225456e-17	4.624533539851238e-17
3856.4999999999995	4.934113825033089e-17	4.446877643587509e-17
3856.7499999999995	7.912818011488388e-18	4.257589271805569e-17
3856.9999999999995	4.798136912857947e-17	4.348232054201375e-17
3857.2499999999995	9.272442376632612e-18	4.2581242922257686e-17
3857.499999999999	2.408046013053134e-17	4.4023180857337673e-17
3857.749999999999	9.54349440867909e-17	4.6942744607845636e-17
3857.999999999999	5.729714667032312e-17	4.358421926731293e-17
3858.249999999999	5.980306717499537e-17	4.491601314074781e-17
3858.499999999999	5.619178190904606e-17	4.467546240117249e-17
3858.749999999999	3.3884001264079136e-17	4.2476561561377875e-17
3858.999999999999	-3.299650594998119e-17	4.005101323374373e-17
3859.249999999999	3.9158849105473385e-19	4.208339269006407e-17
3859.499999999999	-7.72939567373843e-18	4.1824207225649155e-17
3859.749999999999	-3.5111623319891534e-17	4.1011350072583095e-17
3859.999999999999	2.7626594997074745e-17	4.312263925061854e-17
3860.249999999999	1.2368136040610266e-17	4.2259565616925614e-17
3860.499999999999	1.406316560053249e-17	4.2612133155052866e-17
3860.749999999999	2.8349147188307165e-17	4.362314969566213e-17
3860.999999999999	6.701902026199356e-17	4.447071534723091e-17
3861.249999999999	2.610953251876269e-17	4.201970640034239e-17
3861.499999999999	-1.1910437155349974e-17	4.045435642659194e-17
3861.749999999999	-1.3697999274495444e-17	4.033441523777175e-17
3861.999999999999	-2.0654318616885502e-19	4.156274205146604e-17
3862.2499999999995	-1.8527475910093432e-17	4.122251273935563e-17
3862.4999999999995	-3.6432230402722244e-17	4.055450814643741e-17
3862.7499999999995	-1.5583877599707128e-17	4.116177452133709e-17
3862.9999999999995	6.091166124938383e-17	4.33457894188282e-17
3863.2499999999995	8.014801770954541e-17	4.463059612474761e-17
3863.4999999999995	8.945941781148743e-18	4.146862213264731e-17
3863.7499999999995	-8.92482882319394e-18	4.0881436394297967e-17
3863.9999999999995	2.6696812555701865e-17	4.2982306405337696e-17
3864.249999999999	2.4834147400020256e-17	4.189403450423843e-17
3864.4999999999995	4.061378721785541e-17	4.148465620164104e-17
3864.749999999999	4.0932417189810835e-17	4.1068739863482024e-17
3864.999999999999	1.988983907024582e-17	4.033913347598575e-17
3865.249999999999	-1.2565120004503031e-17	3.969360834339427e-17
3865.499999999999	7.463885586359934e-18	3.9577061903808e-17
3865.749999999999	3.0847666080858287e-17	4.070662004364101e-17
3865.999999999999	5.96070121349305e-17	4.246935185515886e-17
3866.249999999999	8.507522821605838e-17	4.427147731616894e-17
3866.499999999999	3.1560699077601447e-17	4.166050818242491e-17
3866.749999999999	-7.382865106516743e-19	4.0103628538147004e-17
3866.999999999999	-3.3964816809925566e-17	3.889994178053944e-17
3867.249999999999	-6.955812063539653e-17	3.779055692148537e-17
3867.499999999999	5.9127118339474184e-18	4.056640300364592e-17
3867.749999999999	-3.607697287324297e-17	3.9159120627509455e-17
3867.999999999999	-4.848615775175118e-17	3.813559380731594e-17
3868.249999999999	1.777902303952075e-17	3.920914520223421e-17
3868.499999999999	-4.679579411086921e-19	3.869324588907469e-17
3868.749999999999	1.448844727758683e-17	3.9727416869390537e-17
3868.999999999999	2.464669834704839e-17	4.06572903006308e-17
3869.249999999999	2.4549863621459256e-17	4.094782921898392e-17
3869.4999999999995	-2.7345229511714833e-17	3.8624712320963446e-17
3869.7499999999995	-4.2603834879147734e-17	3.7746342463383187e-17
3869.9999999999995	-1.6617706127249378e-17	3.88899957608541e-17
3870.2499999999995	3.2166092715594306e-17	4.0828073318620946e-17
3870.4999999999995	4.1717997234997346e-17	4.0407643883039844e-17
3870.7499999999995	9.382273764006177e-18	4.011632741491092e-17
3870.9999999999995	6.630254205799911e-18	4.0117190991470424e-17
3871.2499999999995	-3.943421856536805e-18	3.981826446170601e-17
3871.499999999999	-3.047943835937418e-17	3.8617208138446365e-17
3871.749999999999	7.302460462639598e-18	3.946028716237266e-17
3871.999999999999	-5.0053013194216475e-18	3.8587704260357824e-17
3872.249999999999	1.2306490405459751e-17	3.935930495319219e-17
3872.499999999999	1.2137548029768656e-16	4.412783905716033e-17
3872.749999999999	3.3367026616123294e-17	4.0337307061193235e-17
3872.999999999999	1.546549151043854e-17	3.8481203102130396e-17
3873.249999999999	7.804483821023543e-18	3.819998154619707e-17
3873.499999999999	-2.3890718132901476e-17	3.910957250881753e-17
3873.749999999999	2.238198536335783e-17	4.0423449650184507e-17
3873.999999999999	-3.3051649531926733e-18	3.9053218348045516e-17
3874.249999999999	-2.532073267304182e-19	3.9267970978676533e-17
3874.499999999999	3.586222686005685e-17	4.1272610105974294e-17
3874.749999999999	-1.020246387320252e-17	3.8031590734538423e-17
3874.999999999999	-1.1133003184835886e-17	3.690820997951996e-17
3875.249999999999	7.854677140593261e-18	3.824006340995894e-17
3875.499999999999	2.0966460959597887e-17	3.96971619113058e-17
3875.749999999999	-6.786908399901225e-17	3.641487946219333e-17
3875.999999999999	-6.77388923880413e-17	3.65102930914901e-17
3876.249999999999	-5.629832277194289e-17	3.712487836044965e-17
3876.4999999999995	-2.5228957397669366e-17	3.8086985365799874e-17
3876.7499999999995	2.1879021500617413e-17	3.964450359351067e-17
3876.9999999999995	1.8086818599812958e-17	3.921141167711261e-17
3877.2499999999995	1.85589451693174e-17	3.837095977881178e-17
3877.4999999999995	2.3610747274054328e-17	3.822766893566044e-17
3877.7499999999995	2.9532511772625527e-17	3.9723505959454386e-17
3877.9999999999995	7.798189803742627e-18	3.8160333125076176e-17
3878.2499999999995	-6.312584590535659e-18	3.815931403856151e-17
3878.4999999999995	3.1004921387110743e-18	3.878375268297779e-17
3878.749999999999	2.8470527671393197e-17	3.914097890231494e-17
3878.999999999999	-4.6083247703121387e-17	3.5964271169143844e-17
3879.249999999999	-4.440924921027332e-17	3.5744959118976435e-17
3879.499999999999	-4.1562146481425005e-17	3.5970183856162374e-17
3879.749999999999	-4.3247487274832396e-17	3.59082313370046e-17
3879.999999999999	-1.4920366251876293e-17	3.743891582564418e-17
3880.249999999999	-2.4496176290982115e-17	3.616057767211493e-17
3880.499999999999	-2.42568712854093e-17	3.619150760957951e-17
3880.749999999999	9.614098575299676e-18	3.749679199874329e-17
3880.999999999999	1.199042800212569e-17	3.771298392364015e-17
3881.249999999999	4.624119949544961e-17	3.881278341375595e-17
3881.499999999999	1.8000277309766435e-17	3.767217744966168e-17
3881.749999999999	-1.1880518859774544e-17	3.68332310200757e-17
3881.999999999999	7.808537336897298e-17	4.1299453771212864e-17
3882.249999999999	4.528559412971405e-17	3.971246806136048e-17
3882.499999999999	2.752933510065076e-17	3.9219345993548216e-17
3882.749999999999	1.3735654190340083e-17	3.843465930342326e-17
3882.999999999999	-1.5672614227099367e-17	3.550432897006231e-17
3883.249999999999	-1.524721674475927e-17	3.565563353898806e-17
3883.4999999999995	-1.029688405858361e-17	3.652293902869481e-17
3883.7499999999995	-8.03101054049364e-18	3.7465666846654144e-17
3883.9999999999995	1.93213426506565e-17	3.794920685425059e-17
3884.2499999999995	3.0281384850949384e-17	3.802844083076582e-17
3884.4999999999995	2.4678431063297455e-18	3.7714462922575393e-17
3884.7499999999995	2.364112630923095e-17	3.8907952197591404e-17
3884.9999999999995	7.054466917348647e-17	4.071565616465254e-17
3885.2499999999995	-1.635628065773567e-17	3.717753006079987e-17
3885.499999999999	-6.448294736963253e-18	3.693449777938689e-17
3885.749999999999	4.7566277954780266e-20	3.661767767861173e-17
3885.999999999999	-7.837719110855311e-18	3.6000319700238905e-17
3886.249999999999	-1.7218255795575128e-17	3.651923656827302e-17
3886.499999999999	-3.753888887447734e-17	3.534679076804036e-17
3886.749999999999	-7.843990794259688e-18	3.5790493757336254e-17
3886.999999999999	9.615111251164594e-19	3.612598497889796e-17
3887.249999999999	-8.083480261109104e-17	3.356214528773475e-17
3887.499999999999	-3.5132683338287134e-17	3.450291434200356e-17
3887.749999999999	-4.90213576701434e-18	3.666760299166298e-17
3887.999999999999	-2.5758735147146303e-18	3.767306749600079e-17
3888.249999999999	-1.0641141740277154e-17	3.567628658452228e-17
3888.499999999999	-2.2992052571811616e-17	3.4626018669486154e-17
3888.749999999999	-1.380604229738467e-17	3.5310983773684164e-17
3888.999999999999	-1.8260857400694115e-17	3.538206505808207e-17
3889.249999999999	-4.460665751782033e-17	3.3991491730319176e-17
3889.499999999999	-7.404353397674492e-18	3.532617742717554e-17
3889.749999999999	1.3338774586798365e-17	3.687845132980275e-17
3889.999999999999	4.014660222533036e-17	3.834164118918045e-17
3890.249999999999	6.420988843198387e-17	3.9348799759412765e-17
3890.4999999999995	6.110086061653186e-17	3.909417702325669e-17
3890.7499999999995	1.9424966874713467e-17	3.596637220789973e-17
3890.9999999999995	1.6910399023917592e-17	3.57654632720004e-17
3891.2499999999995	2.793677780061478e-17	3.736372510796311e-17
3891.4999999999995	-3.207288931289428e-17	3.561709353988799e-17
3891.7499999999995	5.0151897673363514e-17	3.806676576290663e-17
3891.9999999999995	1.4098317467843544e-17	3.611658820713936e-17
3892.2499999999995	-3.358891285235697e-17	3.3858735859449316e-17
3892.4999999999995	4.588393357144306e-17	3.763716123997109e-17
3892.749999999999	-1.764068328592585e-18	3.5729643042754403e-17
3892.999999999999	-1.3408764819968314e-17	3.507790082067897e-17
3893.249999999999	-4.669808857089021e-19	3.5221155267883356e-17
3893.499999999999	1.4163507571918848e-17	3.5589564969102223e-17
3893.749999999999	3.356505034604604e-17	3.7491891780794525e-17
3893.999999999999	-8.087020594130831e-18	3.520830749860918e-17
3894.249999999999	-2.6977321081947172e-17	3.3935637186637146e-17
3894.499999999999	5.417968388736976e-19	3.553974222644693e-17
3894.749999999999	-2.2762897072354825e-17	3.43724580332366e-17
3894.999999999999	3.241657541278455e-18	3.5054544548902925e-17
3895.249999999999	3.718355524438171e-17	3.6656882730924295e-17
3895.499999999999	5.877680735005798e-17	3.79142369666743e-17
3895.749999999999	2.912606499811902e-17	3.630492068900543e-17
3895.999999999999	8.623136098063573e-19	3.475368572522759e-17
3896.249999999999	-2.1951692626152647e-17	3.4014090304654125e-17
3896.499999999999	-2.1490124189986832e-17	3.3942952771974565e-17
3896.749999999999	-1.171601331545306e-17	3.403424373309837e-17
3896.999999999999	-1.8009665809718912e-17	3.2826093508905467e-17
3897.249999999999	-7.343566375999808e-18	3.3215424262177025e-17
3897.499999999999	1.4247342327001098e-17	3.471927170302293e-17
3897.7499999999995	1.6483954330922004e-17	3.641249718202918e-17
3897.9999999999995	-1.3335203648093974e-17	3.4952076723342306e-17
3898.2499999999995	1.078765941499806e-18	3.5193361999301574e-17
3898.4999999999995	2.7468560486685264e-17	3.607491153915649e-17
3898.7499999999995	4.902293510357154e-17	3.667580862333951e-17
3898.9999999999995	3.1219510235980474e-17	3.507708356623377e-17
3899.2499999999995	-1.4978768511844987e-17	3.3752956002716035e-17
3899.499999999999	-2.4190152551561997e-17	3.3884778813854935e-17
3899.7499999999995	5.8756918826204905e-19	3.5146560120243324e-17
3899.999999999999	3.0097628332231954e-17	3.578431306379926e-17
3900.249999999999	1.4336528940646565e-17	3.603022393374392e-17
3900.499999999999	-5.131099360569018e-18	3.546991494785765e-17
3900.749999999999	-9.526838465300845e-18	3.465876178685345e-17
3900.999999999999	1.2967500359118226e-17	3.499458718938263e-17
3901.249999999999	-3.2197558666095824e-17	3.267468967830621e-17
3901.499999999999	-2.394998231506845e-17	3.2453769589028e-17
3901.749999999999	-1.0154438180427997e-18	3.304248726587179e-17
3901.999999999999	-3.7689210752835374e-17	3.204055647711081e-17
3902.249999999999	1.871400182950169e-17	3.4768922392110815e-17
3902.499999999999	-2.843872381761145e-18	3.3767957750305296e-17
3902.749999999999	-1.231921988790633e-17	3.298445227409507e-17
3902.999999999999	3.271542005166832e-17	3.53949823105277e-17
3903.249999999999	1.0672055961310098e-17	3.298694705082253e-17
3903.499999999999	-3.4890580807882664e-17	3.2337984155605276e-17
3903.749999999999	-4.772725924440318e-17	3.278056548799055e-17
3903.999999999999	2.2536676409711373e-18	3.424974744372558e-17
3904.249999999999	8.97022250997738e-17	3.813219244063712e-17
3904.499999999999	4.85161281597052e-17	3.5915000983137736e-17
3904.7499999999995	3.5418490783536456e-17	3.5294923234910835e-17
3904.9999999999995	4.276230614090064e-17	3.636544714878716e-17
3905.2499999999995	-1.8743007744861474e-17	3.3514006684806617e-17
3905.4999999999995	-5.0442499457443193e-17	3.1893526777590733e-17
3905.7499999999995	-6.704100341395277e-17	3.154440361953415e-17
3905.9999999999995	-4.3340144738328136e-17	3.2958637621538514e-17
3906.249999999999	4.827589174876265e-17	3.6559255566308337e-17
3906.4999999999995	2.369484838129382e-17	3.5450132096327835e-17
3906.749999999999	1.2786307273119098e-17	3.466383405836963e-17
3906.9999999999995	6.801708894447453e-18	3.427138648854997e-17
3907.249999999999	-5.912810268440312e-18	3.412262632718843e-17
3907.499999999999	-6.9014395793611336e-18	3.343090481174709e-17
3907.749999999999	-4.569281183655146e-18	3.33928710471819e-17
3907.999999999999	-1.2107680026774469e-17	3.315982779884611e-17
3908.249999999999	-1.1558570239201555e-17	3.275139909959193e-17
3908.499999999999	3.202510143454587e-17	3.510081372364669e-17
3908.749999999999	-3.796621037892223e-17	3.325695865509454e-17
3908.999999999999	-4.4313054722478306e-17	3.2598625457898285e-17
3909.249999999999	1.2039291215270422e-17	3.37555235713374e-17
3909.499999999999	-3.650355487822024e-18	3.2584096857619403e-17
3909.749999999999	2.6429049228334775e-17	3.4954214158045143e-17
3909.999999999999	-2.7336297615460485e-17	3.382357075724846e-17
3910.249999999999	-7.889579861103814e-17	3.180674229644412e-17
3910.499999999999	2.706300541287909e-17	3.5831545076776036e-17
3910.749999999999	6.662107276828103e-18	3.374207361457729e-17
3910.999999999999	-4.938183057338482e-18	3.2445008091979837e-17
3911.249999999999	-3.203341087738927e-18	3.249274964821395e-17
3911.499999999999	2.715393241453337e-17	3.410387579706308e-17
3911.7499999999995	1.7395198000406346e-17	3.370530378198808e-17
3911.9999999999995	2.6056515204581718e-17	3.4227645177758165e-17
3912.2499999999995	3.464636400383251e-17	3.423602617172455e-17
3912.4999999999995	2.2974228483972323e-17	3.3030261536418255e-17
3912.7499999999995	-4.6518408398231446e-18	3.3241447364247944e-17
3912.9999999999995	-1.7039452434365665e-17	3.201421904640712e-17
3913.2499999999995	-2.2860257884813542e-17	3.138889035565173e-17
3913.499999999999	-6.942431755387118e-18	3.1908356471612584e-17
3913.7499999999995	-6.419673046997999e-18	3.277153267570147e-17
3913.999999999999	2.2676918265124838e-17	3.4188165501482234e-17
3914.249999999999	2.0736964661728725e-17	3.378515979832395e-17
3914.499999999999	4.354636913684373e-18	3.280724040838416e-17
3914.749999999999	2.2224758181246202e-17	3.48957953544642e-17
3914.999999999999	-1.4249347412805926e-17	3.289120585800319e-17
3915.249999999999	2.4781909289976307e-17	3.439886163838929e-17
3915.499999999999	7.123905090177779e-17	3.691373554601181e-17
3915.749999999999	7.903952289683045e-17	3.6854684776442876e-17
3915.999999999999	3.423256855676408e-17	3.406779087002107e-17
3916.249999999999	-4.5256639499552246e-18	3.197352176026951e-17
3916.499999999999	-1.6993227927374977e-17	3.186119725052971e-17
3916.749999999999	2.032462505253839e-17	3.397344264935327e-17
3916.999999999999	4.5500442713296125e-17	3.304172956843069e-17
3917.249999999999	1.6031254925283983e-17	3.19405801195552e-17
3917.499999999999	-3.385607337185266e-19	3.159784279582753e-17
3917.749999999999	2.337872145787198e-17	3.228535230758975e-17
3917.999999999999	4.155362652111571e-17	3.37079805384503e-17
3918.249999999999	3.34123561136912e-17	3.3146331519971696e-17
3918.499999999999	9.837538256723725e-18	3.2091484333064474e-17
3918.7499999999995	-2.145150312718673e-17	3.14515343978016e-17
3918.9999999999995	4.5340188877323164e-18	3.262284530623384e-17
3919.2499999999995	-1.2426287664853356e-17	3.1703374498377043e-17
3919.4999999999995	1.5711556235977138e-17	3.30341195067952e-17
3919.7499999999995	3.6591039154165074e-17	3.392529081153533e-17
3919.9999999999995	-1.196438173899762e-17	3.0829729496455687e-17
3920.2499999999995	1.278968051565709e-17	3.2321764798154336e-17
3920.4999999999995	2.4175729830401522e-17	3.282584866344415e-17
3920.749999999999	3.681618448201221e-17	3.361955162224593e-17
3920.9999999999995	5.823092770277708e-17	3.5027260823578476e-17
3921.249999999999	-2.0245080056112842e-17	3.0904582724446835e-17
3921.499999999999	4.132434529020581e-17	3.397893512862062e-17
3921.749999999999	6.061832315183783e-17	3.514901850102383e-17
3921.999999999999	1.7524006565393103e-17	3.261930828193456e-17
3922.249999999999	2.5500649832946083e-17	3.297671317228402e-17
3922.499999999999	2.566484187581541e-17	3.316100901276084e-17
3922.749999999999	2.6710164905149696e-17	3.3146960177237236e-17
3922.999999999999	7.887623744391248e-18	3.248766745053042e-17
3923.249999999999	-3.1234942117488264e-17	3.0489927009541353e-17
3923.499999999999	1.4592170763317303e-17	3.3072858029242286e-17
3923.749999999999	-7.529375129816982e-18	3.214552900556624e-17
3923.999999999999	-2.2702049666495425e-17	3.0702568675249135e-17
3924.249999999999	3.0157522826025694e-17	3.302008059743895e-17
3924.499999999999	-1.2325097833339132e-17	3.133522618623174e-17
3924.749999999999	-2.7798949244638438e-18	3.0464810497421793e-17
3924.999999999999	-7.708487029394927e-18	2.981334951675463e-17
3925.249999999999	-4.489542296094014e-17	2.906695798026843e-17
3925.499999999999	-3.537112973038412e-17	3.009492841471258e-17
3925.749999999999	9.16097317164619e-18	3.217350425388278e-17
3925.9999999999995	4.646215928939723e-17	3.355310254927832e-17
3926.2499999999995	5.629918965722485e-17	3.3673708791311004e-17
3926.4999999999995	1.7088651482839094e-17	3.2135639234162554e-17
3926.7499999999995	2.0412560969097678e-17	3.2301601443542743e-17
3926.9999999999995	4.431900711416624e-17	3.3774972241899746e-17
3927.2499999999995	6.13166422598449e-17	3.484749131541355e-17
3927.499999999999	1.6383349316100855e-17	3.2371025057993094e-17
3927.7499999999995	1.3887737136222245e-17	3.124222461560118e-17
3927.999999999999	1.3480222471544933e-17	3.138868521485982e-17
3928.2499999999995	1.5651241534432222e-17	3.174455154926993e-17
3928.499999999999	2.0169892647154222e-17	3.122615084193805e-17
3928.749999999999	5.232037811895088e-17	3.258109253763461e-17
3928.999999999999	4.6873493046962697e-17	3.269040941866717e-17
3929.249999999999	1.9773919633563862e-17	3.1907066069857e-17
3929.499999999999	-8.450643401144854e-18	3.0512274120970086e-17
3929.749999999999	-2.1694737240669174e-17	3.009152373931131e-17
3929.999999999999	2.341749803062724e-17	3.191364711881047e-17
3930.249999999999	3.797288076338186e-17	3.230680937267938e-17
3930.499999999999	8.309772061285236e-18	3.076677774311795e-17
3930.749999999999	-5.820704534413145e-18	3.048405733591468e-17
3930.999999999999	1.608746184790696e-17	3.1278170576300285e-17
3931.249999999999	3.149992446363595e-17	3.1776394694130774e-17
3931.499999999999	2.681292886136961e-17	3.185042074150937e-17
3931.749999999999	1.9967987785797378e-17	3.1883081140815414e-17
3931.999999999999	-5.680965191221806e-18	3.049818227205463e-17
3932.249999999999	-2.8546806958760387e-17	2.890887714776465e-17
3932.499999999999	-2.900310956314669e-17	2.892978827364999e-17
3932.749999999999	1.459899004028719e-17	3.158553765703519e-17
3932.9999999999995	-5.837221676884604e-18	3.039500968861212e-17
3933.2499999999995	1.3176597555901218e-17	3.0474984818956195e-17
3933.4999999999995	7.619651967509794e-18	3.014681910889926e-17
3933.7499999999995	-5.140898390259505e-17	2.848492392277407e-17
3933.9999999999995	-3.9587497614415967e-17	2.8983075248710654e-17
3934.2499999999995	-1.0212274235267398e-17	3.0030087380855775e-17
3934.4999999999995	2.3365103997037824e-18	3.0384501186110245e-17
3934.749999999999	-2.812333225775417e-18	3.042422901656994e-17
3934.9999999999995	5.169315353023152e-17	3.2877841928026784e-17
3935.249999999999	4.7625201700426386e-17	3.2390096534196117e-17
3935.499999999999	1.1979327238305228e-17	3.1018753501313855e-17
3935.749999999999	-1.1552870137600452e-17	3.029444437846037e-17
3935.999999999999	3.6307915082822874e-17	3.19569285171817e-17
3936.249999999999	5.5001783336215023e-17	3.228403543605457e-17
3936.499999999999	2.3565417776486422e-17	3.076736007826919e-17
3936.749999999999	-1.3454569946388438e-17	2.912698151423773e-17
3936.999999999999	5.541104252480421e-18	2.95180394206283e-17
3937.249999999999	-3.279866750851566e-17	2.8435101180118776e-17
3937.499999999999	-4.3358028900159415e-19	2.9951167732973315e-17
3937.749999999999	3.192016861075984e-17	3.1318421184907115e-17
3937.999999999999	2.400737541468983e-17	3.159134115621286e-17
3938.249999999999	3.160985014959935e-17	3.232601981522531e-17
3938.499999999999	2.0989468161155437e-18	3.008168359874438e-17
3938.749999999999	2.2466734980197564e-17	3.1156938985724513e-17
3938.999999999999	6.990685998164889e-17	3.3766670657272164e-17
3939.249999999999	-1.0099178793196698e-17	2.994717741369836e-17
3939.499999999999	-4.440422574241329e-18	2.982131030296984e-17
3939.749999999999	2.5966251601778706e-17	3.161358569724564e-17
3939.9999999999995	4.483383440125189e-17	3.2870546195024067e-17
3940.2499999999995	-2.884277673142523e-18	3.0583553928715005e-17
3940.4999999999995	3.0110125376926406e-17	3.1492668435302636e-17
3940.7499999999995	2.4367442172250487e-17	3.113196143994786e-17
3940.9999999999995	4.476296983817447e-18	3.019393531659028e-17
3941.2499999999995	1.1853507276871625e-17	2.914476258868517e-17
3941.499999999999	-8.400374808139394e-18	2.9941949632227024e-17
3941.7499999999995	-7.691726695823377e-18	2.960747418845753e-17
3941.999999999999	2.130983107649416e-18	2.9430930684681565e-17
3942.2499999999995	1.1953613501783405e-17	2.987778357775006e-17
3942.499999999999	3.451613268819216e-17	3.122269653570003e-17
3942.749999999999	1.3602973592905964e-17	3.0115720426589714e-17
3942.999999999999	-1.1903881748995491e-17	2.9302853347356304e-17
3943.249999999999	-1.6722557887335375e-17	2.937973151348698e-17
3943.499999999999	-7.758312253592058e-18	2.987422670111608e-17
3943.749999999999	2.122605422405479e-18	3.050371114726894e-17
3943.999999999999	1.2778927994874513e-17	3.0896777448186785e-17
3944.249999999999	2.2611946536731248e-17	3.137824950425185e-17
3944.499999999999	3.611534743622053e-17	3.2109285259846615e-17
3944.749999999999	-1.4896186108210143e-17	2.8659720421096325e-17
3944.999999999999	3.5659451804695604e-17	3.171318486044192e-17
3945.249999999999	6.924671029582747e-17	3.3745921658786884e-17
3945.499999999999	5.04620771681811e-17	3.209234129217908e-17
3945.749999999999	9.104249592012612e-17	3.3942009786076254e-17
3945.999999999999	7.868185827176865e-18	3.056837681883588e-17
3946.249999999999	-3.548480750760606e-18	3.053966703413539e-17
3946.499999999999	6.027966879161372e-17	3.362322099544322e-17
3946.749999999999	4.085809335741172e-17	3.15841943157204e-17
3946.9999999999995	3.579727663835919e-17	3.1719769218117844e-17
3947.2499999999995	3.495073338202752e-17	3.1862179941097424e-17
3947.4999999999995	2.7125846324014744e-17	3.1606518266091984e-17
3947.7499999999995	-8.811752406277328e-18	3.0477310850838694e-17
3947.9999999999995	3.4394027181299225e-18	2.977430990056458e-17
3948.2499999999995	-1.0417300876256017e-17	2.893764318074679e-17
3948.4999999999995	-1.4386943944620447e-17	2.903475087593807e-17
3948.749999999999	2.9690026813590324e-17	3.0582170882730817e-17
3948.9999999999995	-3.33811614784306e-17	2.736064154088792e-17
3949.249999999999	-8.936043737938934e-18	2.9152634039394224e-17
3949.499999999999	1.6176588904548325e-17	3.0495439341143407e-17
3949.749999999999	5.2420801154037265e-18	2.9778498743186546e-17
3949.999999999999	2.339120857639908e-17	3.025197361708945e-17
3950.249999999999	-2.2603103975983056e-17	2.814611074387235e-17
3950.499999999999	-7.183129733111473e-18	2.90586663218082e-17
3950.749999999999	4.491833255518541e-17	3.139369792937189e-17
3950.999999999999	1.675812499931393e-17	2.98830775336704e-17
3951.249999999999	-4.798518987582885e-18	2.914853453227841e-17
3951.499999999999	3.4667462072536286e-18	2.9480068521789665e-17
3951.749999999999	3.724786688264648e-17	3.064479838126843e-17
3951.999999999999	7.834943589027951e-17	3.243260700023644e-17
3952.249999999999	2.016206420983702e-17	3.04196993755356e-17
3952.499999999999	1.587816695495757e-17	2.987135142130685e-17
3952.749999999999	8.311126155947985e-18	2.884696764199873e-17
3952.999999999999	-2.9502045056303974e-17	2.6664724565379708e-17
3953.249999999999	-1.5794668035204016e-17	2.8158965130591423e-17
3953.499999999999	-2.2473115851442798e-17	2.76672492698205e-17
3953.749999999999	1.3414637802317441e-17	2.879203954060276e-17
3953.999999999999	5.973505307630881e-17	3.0758244547918854e-17
3954.2499999999995	4.061220233980176e-18	2.87724585211424e-17
3954.4999999999995	6.0115619850990366e-18	2.858645868860373e-17
3954.7499999999995	1.0314968708315857e-17	2.899722665463021e-17
3954.9999999999995	8.114750169805446e-18	2.930578156672474e-17
3955.2499999999995	-3.787509064418523e-18	2.849083991851505e-17
3955.4999999999995	3.6702566261794374e-17	3.07932773012217e-17
3955.7499999999995	2.840925013161527e-17	2.9868644886342575e-17
3955.999999999999	1.39381504858349e-17	2.874152527495537e-17
3956.2499999999995	2.6172115349547228e-17	2.980948162021033e-17
3956.499999999999	3.9030715726661624e-17	3.02379280902883e-17
3956.749999999999	4.057117749014158e-17	3.0015595176523846e-17
3956.999999999999	3.021202410222559e-17	2.961850877782899e-17
3957.249999999999	1.8627680569498106e-17	2.9660546096558935e-17
3957.499999999999	5.836730000728502e-17	3.138262694405348e-17
3957.749999999999	3.78592542713579e-18	3.00796553518824e-17
3957.999999999999	1.3982656111512704e-17	3.039127744968828e-17
3958.249999999999	4.3992452751942553e-17	3.0944383346800437e-17
3958.499999999999	-2.84736709577209e-17	2.711097030787859e-17
3958.749999999999	3.971855611066887e-17	3.015384683538351e-17
3958.999999999999	3.6631468433784216e-17	3.005867143410316e-17
3959.249999999999	7.783463507297346e-18	2.8852056457127155e-17
3959.499999999999	4.134656501582021e-18	2.896602871064716e-17
3959.749999999999	2.1637729607213245e-17	2.928313667027549e-17
3959.999999999999	1.2271004357181226e-17	2.8696692085754995e-17
3960.249999999999	1.5173134449099022e-17	2.9397572144938526e-17
3960.499999999999	4.553919447063301e-17	3.109173399239818e-17
3960.749999999999	-3.322254794161233e-17	2.7390704593070548e-17
3960.999999999999	3.391665835466273e-17	3.0390284832953216e-17
3961.2499999999995	4.6502065790869236e-17	3.037692090297681e-17
3961.4999999999995	5.293800410384217e-18	2.768422632471254e-17
3961.7499999999995	3.9849528580138065e-17	2.9221296647681026e-17
3961.9999999999995	6.288047932025499e-18	2.7355666876684027e-17
3962.2499999999995	7.157774165794885e-18	2.8230896756659035e-17
3962.4999999999995	1.6078400911477055e-17	2.951293737061007e-17
3962.749999999999	-1.7615395133829187e-17	2.7767285184380214e-17
3962.9999999999995	4.9742906491292795e-17	3.118901043243442e-17
3963.249999999999	7.594683520719881e-18	2.938516112702778e-17
3963.4999999999995	-4.3125004987170444e-17	2.671287805755887e-17
3963.749999999999	-2.4171942997557254e-17	2.655916308432814e-17
3963.999999999999	-6.6277759726847024e-18	2.810583697420837e-17
3964.249999999999	9.941044193953098e-18	2.919094904536768e-17
3964.499999999999	1.2912118755951423e-18	2.895164900287854e-17
3964.749999999999	-6.890888063467407e-18	2.8254772497859765e-17
3964.999999999999	5.161049502598032e-17	3.057116276313896e-17
3965.249999999999	9.069336449026341e-18	2.8396733234586116e-17
3965.499999999999	-1.0964245104985267e-17	2.7654467674995332e-17
3965.749999999999	-1.6348677213545082e-17	2.7651076234483864e-17
3965.999999999999	-4.344004499526739e-17	2.571897257510088e-17
3966.249999999999	-6.678818393153206e-18	2.7642395801135733e-17
3966.499999999999	2.4133389763567383e-17	2.8937689502861095e-17
3966.749999999999	1.357853619606931e-17	2.858152207470801e-17
3966.999999999999	-5.089970203433595e-17	2.6228026141510913e-17
3967.249999999999	1.8753279673708158e-17	2.913724848000074e-17
3967.499999999999	3.919101919347134e-18	2.835619807584857e-17
3967.749999999999	9.034676754179757e-18	2.883994322423693e-17
3967.999999999999	4.793379962591277e-17	3.066657639243573e-17
3968.2499999999995	-3.2417088264764334e-18	2.7397733973916024e-17
3968.4999999999995	2.137950367230889e-17	2.884327179902184e-17
3968.7499999999995	1.3715963155858258e-17	2.85244234513847e-17
3968.9999999999995	-6.447235118598572e-18	2.7355132518008317e-17
3969.2499999999995	2.9287447935628117e-17	2.86289526110318e-17
3969.4999999999995	-1.3506439961059801e-17	2.6926638071454823e-17
3969.7499999999995	-3.281114470087541e-18	2.7399214627212493e-17
3969.999999999999	1.8456048864199478e-17	2.8674374752828315e-17
3970.2499999999995	2.3782180456005943e-17	2.907520662533681e-17
3970.499999999999	4.392301259387995e-17	2.942211293935175e-17
3970.749999999999	3.4672813931099504e-17	2.880516524256275e-17
3970.999999999999	2.403092028364554e-17	2.804906922313008e-17
3971.249999999999	2.8036532473766225e-17	2.7603382654725282e-17
3971.499999999999	1.1199357132033052e-17	2.7585052332351107e-17
3971.749999999999	2.0271774828841153e-17	2.8615701177618703e-17
3971.999999999999	4.2741596847084765e-18	2.8743331837413185e-17
3972.249999999999	-2.6189711135537456e-17	2.790889519652684e-17
3972.499999999999	-3.084321584916275e-17	2.663457383205215e-17
3972.749999999999	4.1674477608609706e-17	2.973724228295485e-17
3972.999999999999	2.8046041742088134e-17	2.845634979569404e-17
3973.249999999999	3.394860127818496e-19	2.6754736705276503e-17
3973.499999999999	3.199300020933391e-17	2.936444852448945e-17
3973.749999999999	-2.4388981955401368e-17	2.6353974315939462e-17
3973.999999999999	-1.5795745851542173e-18	2.7472992520407323e-17
3974.249999999999	2.6535335733193244e-18	2.795240820546958e-17
3974.499999999999	-3.400842577181936e-17	2.6568640919786773e-17
3974.749999999999	4.6927891752766634e-17	3.072366178086924e-17
3974.999999999999	1.9365689457656692e-17	2.832723351951941e-17
3975.2499999999995	1.213062270824424e-17	2.7601819283367557e-17
3975.4999999999995	3.048473562401697e-17	2.9042341085238854e-17
3975.7499999999995	2.5817994366229602e-17	2.841037178852589e-17
3975.9999999999995	2.8475975896497777e-18	2.7426010315975536e-17
3976.2499999999995	-4.40960885565281e-18	2.701470633691212e-17
3976.4999999999995	-5.5000591368952334e-18	2.6846841612123058e-17
3976.749999999999	-2.7904567387561965e-17	2.6473884071896374e-17
3976.9999999999995	-6.819167782046303e-17	2.5428508103002883e-17
3977.249999999999	-9.730113964932689e-18	2.7575399134602613e-17
3977.4999999999995	2.4406033456548536e-17	2.848886461121227e-17
3977.749999999999	-1.9431604171948593e-17	2.659977599804327e-17
3977.999999999999	1.6257789916560205e-17	2.789219938304307e-17
3978.249999999999	2.4373007443411744e-17	2.9147161412461573e-17
3978.499999999999	2.5764498941654573e-17	2.922436052466992e-17
3978.749999999999	1.7494213174090168e-17	2.857186060515339e-17
3978.999999999999	3.24982487449262e-17	2.9233423115461053e-17
3979.249999999999	3.058671044993251e-17	2.854579448969062e-17
3979.499999999999	3.5780197013071194e-17	2.88503789348449e-17
3979.749999999999	2.851985410568096e-17	2.8694531489995007e-17
3979.999999999999	-2.804518478297353e-17	2.5808430503987264e-17
3980.249999999999	4.7679004836189285e-17	2.942401876348307e-17
3980.499999999999	2.0625310168285092e-17	2.8246811711644555e-17
3980.749999999999	5.99151236782167e-18	2.758353693746891e-17
3980.999999999999	5.395272972231812e-17	2.9922772276905595e-17
3981.249999999999	-1.008018672633248e-17	2.601380621519438e-17
3981.499999999999	-2.189201319931817e-17	2.6189102330606617e-17
3981.749999999999	-2.7801798468258377e-17	2.6755413339017572e-17
3981.999999999999	-1.4866071770829537e-17	2.727219938979375e-17
3982.249999999999	6.427481218390193e-17	2.9584921936236887e-17
3982.4999999999995	5.23513634775165e-18	2.7104308195225088e-17
3982.7499999999995	-2.161151294487899e-17	2.65491707425285e-17
3982.9999999999995	-8.44936871582091e-18	2.7201182625483623e-17
3983.2499999999995	-2.8359856282107583e-18	2.7107726105516157e-17
3983.4999999999995	6.431845423302023e-17	3.071103900472168e-17
3983.7499999999995	5.731310132997804e-17	3.029383557352953e-17
3983.999999999999	9.433863364449885e-18	2.7717593136261704e-17
3984.2499999999995	-4.004288701140601e-17	2.501117232291273e-17
3984.499999999999	1.9074631069878883e-17	2.802728459451788e-17
3984.749999999999	7.579200354014114e-18	2.775801083535227e-17
3984.999999999999	1.0565862307475388e-18	2.7619378673410832e-17
3985.249999999999	1.1097403812813441e-17	2.789571655500765e-17
3985.499999999999	-1.7250084051184943e-17	2.5487560526933044e-17
3985.749999999999	1.0162367120189624e-17	2.743724177433278e-17
3985.999999999999	1.1250125342128494e-17	2.806449779591542e-17
3986.249999999999	6.030889473701644e-18	2.7829853125913725e-17
3986.499999999999	3.323409869168602e-17	2.8449596693173155e-17
3986.749999999999	5.535126714501868e-17	2.9077919777745984e-17
3986.999999999999	4.736307478175323e-17	2.901904106174446e-17
3987.249999999999	1.5963192850121895e-17	2.797750486525444e-17
3987.499999999999	-2.147271865553749e-17	2.5948503614555768e-17
3987.749999999999	-3.724281859936807e-18	2.7081527641155378e-17
3987.999999999999	-2.498303877290646e-19	2.7196854816518746e-17
3988.249999999999	6.776126266052719e-18	2.724651874049643e-17
3988.499999999999	5.3774556672735425e-18	2.718468368098564e-17
3988.749999999999	-1.8411655735084982e-17	2.6137317515538348e-17
3988.999999999999	3.782998448538271e-18	2.7358290693587045e-17
3989.249999999999	2.006973430986385e-17	2.847155006663031e-17
3989.4999999999995	3.048536097256006e-17	2.896190273375175e-17
3989.7499999999995	3.1382051226347144e-17	2.8530726567652356e-17
3989.9999999999995	-3.492651353369197e-17	2.599992943323819e-17
3990.2499999999995	-2.097994731230495e-17	2.6439777760879587e-17
3990.4999999999995	1.480757831419831e-18	2.7250545455718338e-17
3990.7499999999995	-2.115935865126464e-18	2.6680235856226302e-17
3990.9999999999995	2.5124006375909863e-18	2.5768957445156233e-17
3991.249999999999	-2.691928402221892e-18	2.6275373959773448e-17
3991.4999999999995	2.8887449861177074e-17	2.82225653935294e-17
3991.749999999999	6.781129385269685e-17	3.000789247065975e-17
3991.999999999999	7.598580368585619e-18	2.7394676714372028e-17
3992.249999999999	-6.6989027520163e-18	2.670166810589755e-17
3992.499999999999	1.7019840809222645e-18	2.6946338204923386e-17
3992.749999999999	1.409910328942547e-17	2.7240993174004575e-17
3992.999999999999	-2.2215810982150522e-18	2.6356940585616077e-17
3993.249999999999	4.074015063695146e-17	2.9558700310818956e-17
3993.499999999999	-3.211280367258211e-18	2.7092876559159605e-17
3993.749999999999	-2.0678736109688667e-17	2.572196366019587e-17
3993.999999999999	4.3577697775363565e-17	2.900589219872732e-17
3994.249999999999	2.367084690863998e-17	2.7494610058535784e-17
3994.499999999999	1.214712082556161e-17	2.6748134149627105e-17
3994.749999999999	1.2832261292049482e-17	2.6864444015558186e-17
3994.999999999999	2.9347163758409545e-17	2.755821693891866e-17
3995.249999999999	2.4982216038389698e-17	2.801098582772814e-17
3995.499999999999	4.774883211477856e-17	2.885148735686572e-17
3995.749999999999	3.144715364927752e-17	2.811348343179081e-17
3995.999999999999	-9.747931900616176e-20	2.7000458978041506e-17
3996.249999999999	1.512625998494202e-18	2.7475254032202043e-17
3996.4999999999995	3.3962116892406193e-17	2.888943178592475e-17
3996.7499999999995	1.703048579652559e-17	2.7203597992872278e-17
3996.9999999999995	1.625929062898653e-18	2.5985347893400105e-17
3997.2499999999995	1.684803787753722e-17	2.7128008574135957e-17
3997.4999999999995	1.1446919054480372e-17	2.6739629078568835e-17
3997.7499999999995	3.55525767608313e-17	2.827120361354752e-17
3997.999999999999	7.666241261150619e-18	2.7657900474537427e-17
3998.2499999999995	-5.002146783437615e-17	2.4929165636984222e-17
3998.499999999999	-4.179882270701113e-17	2.3774404958247944e-17
3998.7499999999995	-4.464973377539964e-17	2.436894929532656e-17
3998.999999999999	-2.038584138095099e-17	2.5487803718033135e-17
3999.249999999999	2.915734731452455e-18	2.6191458140991168e-17
3999.499999999999	-6.650870441796877e-18	2.5657475005280012e-17
3999.749999999999	3.393652061553135e-17	2.861220054926638e-17
3999.999999999999	6.498146927248354e-17	2.987824679889309e-17
4000.249999999999	6.602507342050494e-17	2.9258711681148024e-17
4000.499999999999	2.2607944636927717e-17	2.6832251800478847e-17
4000.749999999999	-5.735215087233545e-17	2.4521921460367215e-17
4000.999999999999	-2.3642070949490486e-17	2.5369217451056307e-17
4001.249999999999	1.6460303582847888e-17	2.681116696666487e-17
4001.499999999999	3.3641892116229765e-17	2.7513526024783647e-17
4001.749999999999	4.9863683959712275e-18	2.6169532891674838e-17
4001.999999999999	2.61977926901221e-17	2.727205049728349e-17
4002.249999999999	-1.4651686408390494e-17	2.5919304138932647e-17
4002.499999999999	-3.339784405702457e-17	2.5030970063693574e-17
4002.749999999999	5.407768031692793e-17	2.8038904827763027e-17
4002.999999999999	1.4007377231299464e-17	2.7138467445801078e-17
4003.249999999999	1.8771626539694584e-17	2.6865749306564795e-17
4003.4999999999995	2.8502463460482644e-17	2.7202961063800612e-17
4003.7499999999995	1.751820306621543e-17	2.7680128471957952e-17
4003.9999999999995	-7.57328932135681e-18	2.5936625300959507e-17
4004.2499999999995	6.321559086591553e-17	2.9289578752886053e-17
4004.4999999999995	6.3352459478791e-17	2.9576914827907373e-17
4004.7499999999995	1.088887737065311e-17	2.719319867821126e-17
4004.9999999999995	8.9743264838685e-18	2.672419885142227e-17
4005.249999999999	-1.2548817101810224e-17	2.622299357466414e-17
4005.4999999999995	-1.0069366376739675e-17	2.6660737554827202e-17
4005.749999999999	-3.873133114563301e-19	2.6919248039862274e-17
4005.999999999999	-2.3961358530032892e-18	2.610243365474576e-17
4006.249999999999	3.0680406852277614e-17	2.7673069312610424e-17
4006.499999999999	3.65984209139515e-17	2.8026890856546307e-17
4006.749999999999	4.741907160050062e-18	2.6796471275902254e-17
4006.999999999999	-2.6673136992209372e-17	2.5263131537496382e-17
4007.249999999999	8.252794206331358e-17	3.031668891949315e-17
4007.499999999999	2.2820374544398685e-18	2.6413620655549435e-17
4007.749999999999	-5.5976077193529994e-18	2.615480742241017e-17
4007.999999999999	3.685254403301759e-17	2.831100754462357e-17
4008.249999999999	-4.887474404247144e-18	2.5473359490176734e-17
4008.499999999999	4.160167578853769e-18	2.6655726494676356e-17
4008.749999999999	-1.4877007098527488e-17	2.6080632482521314e-17
4008.999999999999	-2.295968334008119e-17	2.575220207466836e-17
4009.249999999999	1.378782033567074e-17	2.7195013512475203e-17
4009.499999999999	7.688340714703953e-17	2.939931915039224e-17
4009.749999999999	2.0250230082606597e-17	2.709607609376896e-17
4009.999999999999	-2.5435011396978775e-17	2.5215385018178596e-17
4010.249999999999	-1.404661537083653e-17	2.5914943242743267e-17
4010.499999999999	4.873580416934213e-17	2.8345077459693404e-17
4010.7499999999995	5.407136396577048e-17	2.870705169574661e-17
4010.9999999999995	1.1577061034614565e-17	2.659157863817287e-17
4011.2499999999995	-3.3436890290659523e-18	2.5586507871806637e-17
4011.4999999999995	1.0273039915682279e-16	3.127419349191513e-17
4011.7499999999995	4.349750344215716e-18	2.6862918694508638e-17
4011.999999999999	-1.4419467031944807e-17	2.60663983585405e-17
4012.2499999999995	1.5087365952539777e-18	2.6740299094865003e-17
4012.499999999999	3.193557402248803e-18	2.6538033582761086e-17
4012.7499999999995	-3.933435056847269e-17	2.485408741586646e-17
4012.999999999999	-5.567062503591315e-17	2.447591863778069e-17
4013.249999999999	-3.376661440899051e-17	2.5510074728845512e-17
4013.499999999999	1.173089760339534e-17	2.687417827700671e-17
4013.749999999999	-3.2613421651105327e-18	2.55641012033738e-17
4013.999999999999	1.0682557019186459e-17	2.6210193781865494e-17
4014.249999999999	2.9132828026807254e-17	2.7171870653297194e-17
4014.499999999999	3.611208172716217e-17	2.7750336253629003e-17
4014.749999999999	1.684378451482747e-17	2.7279151015661647e-17
4014.999999999999	1.6456771521632286e-17	2.7327048081850917e-17
4015.249999999999	6.301643058983114e-18	2.6035527978080022e-17
4015.499999999999	-7.452764453216888e-19	2.532236428680008e-17
4015.749999999999	2.9486982924529996e-18	2.5988403498582876e-17
4015.999999999999	-1.6024936919765303e-17	2.560083298565483e-17
4016.249999999999	6.6000914783534714e-18	2.6297462990851064e-17
4016.499999999999	2.465037930077425e-17	2.74191943477281e-17
4016.749999999999	2.880078780276112e-17	2.7873544805868776e-17
4016.999999999999	3.98091505857169e-18	2.576838007308867e-17
4017.249999999999	9.756026638391831e-19	2.518095445236169e-17
4017.499999999999	8.786977519750753e-18	2.610059896814712e-17
4017.7499999999995	2.7717171274149302e-17	2.7515193620898553e-17
4017.9999999999995	5.692662931290347e-17	2.825800511969362e-17
4018.2499999999995	3.0756209683611974e-17	2.7068345690913733e-17
4018.4999999999995	3.28601898937549e-17	2.7472737748778657e-17
4018.7499999999995	2.3384857483655897e-17	2.7559912659174395e-17
4018.9999999999995	2.534823901334862e-19	2.6969257725336005e-17
4019.249999999999	2.482297384430589e-17	2.782133647432688e-17
4019.4999999999995	2.890083033476573e-17	2.7098903397102667e-17
4019.749999999999	4.319011071882327e-17	2.7682024369921923e-17
4019.999999999999	4.5047627502372347e-17	2.830770213089581e-17
4020.249999999999	-8.384839529055035e-18	2.5758816210846333e-17
4020.499999999999	4.9309233066924106e-18	2.5463031313048396e-17
4020.749999999999	-1.400994149119838e-17	2.489864763546469e-17
4020.999999999999	-1.5188601072192538e-17	2.5280234323841528e-17
4021.249999999999	2.868415864511359e-17	2.7260565921658805e-17
4021.499999999999	1.0560674437468608e-17	2.626665547611714e-17
4021.749999999999	-5.961047305861342e-18	2.5604045755153986e-17
4021.999999999999	-1.8521632706246358e-17	2.521717834574661e-17
4022.249999999999	-1.4413254905544534e-17	2.5749297016357073e-17
4022.499999999999	5.3340685552200336e-17	2.890594561967376e-17
4022.749999999999	1.9754336546151976e-18	2.6267123660343844e-17
4022.999999999999	7.778009078338171e-18	2.629021357996265e-17
4023.249999999999	4.3901198186765703e-17	2.7672703698779676e-17
4023.499999999999	2.814866176888146e-17	2.6920536787256632e-17
4023.749999999999	1.6293138652857047e-17	2.6596255517356244e-17
4023.999999999999	3.072951491088366e-17	2.6598313542720275e-17
4024.249999999999	3.963859752393704e-17	2.681284779766958e-17
4024.499999999999	3.859338202808239e-17	2.693023630711943e-17
4024.7499999999995	1.4197645315798912e-18	2.5400337640061777e-17
4024.9999999999995	1.5813479776694697e-17	2.5748441711603693e-17
4025.2499999999995	1.495065926026921e-17	2.5925089440136842e-17
4025.4999999999995	7.184133930375112e-18	2.5828989250931657e-17
4025.7499999999995	3.537600678727573e-17	2.6993616540014467e-17
4025.9999999999995	1.49302245904167e-17	2.5445258510407082e-17
4026.2499999999995	1.810523825769329e-17	2.6126938053212032e-17
4026.499999999999	1.6082227448990726e-17	2.6828246591952866e-17
4026.7499999999995	-2.1839980230066135e-17	2.536932829325839e-17
4026.999999999999	2.008109977148033e-17	2.6996490165462476e-17
4027.249999999999	2.3642125543410915e-17	2.724152587831906e-17
4027.499999999999	3.811136734153549e-17	2.7689874313935052e-17
4027.749999999999	5.768420763999383e-17	2.83263037685109e-17
4027.999999999999	-7.541466856011282e-18	2.5450185198135448e-17
4028.249999999999	-1.3624867409359018e-17	2.571432051133588e-17
4028.499999999999	1.0500335127300468e-18	2.6118065713961788e-17
4028.749999999999	1.7121401217651294e-17	2.625294413028346e-17
4028.999999999999	1.8203424596403333e-17	2.6355623714080892e-17
4029.249999999999	1.6905296973899365e-17	2.636476571421083e-17
4029.499999999999	9.541569724829802e-18	2.5932587005209023e-17
4029.749999999999	8.994862069755742e-18	2.6261119983457934e-17
4029.999999999999	3.9567191984739015e-17	2.779375827270436e-17
4030.249999999999	3.2403662296241986e-17	2.672870864012191e-17
4030.499999999999	1.6131304074733497e-17	2.6171480074836788e-17
4030.749999999999	-4.496656380234215e-18	2.5369576447442155e-17
4030.999999999999	-4.849759104217789e-18	2.499301239974474e-17
4031.249999999999	6.207589480049507e-17	2.83036952680086e-17
4031.499999999999	3.315683671375112e-17	2.7188771607572878e-17
4031.749999999999	3.5382108071473924e-17	2.7404334875204197e-17
4031.9999999999995	3.808146972547537e-17	2.7313096853639598e-17
4032.2499999999995	-1.5295894669446792e-17	2.4149787792030634e-17
4032.4999999999995	-9.002022145138001e-18	2.4709600469549372e-17
4032.7499999999995	1.4466500521574572e-17	2.5885861226767128e-17
4032.9999999999995	2.332439058087827e-17	2.6303547731437004e-17
4033.249999999999	8.464297671516267e-18	2.565918230606432e-17
4033.4999999999995	5.464139542578154e-19	2.5882037997975908e-17
4033.749999999999	1.0835756658895568e-17	2.607746603513646e-17
4033.9999999999995	1.678145314694915e-17	2.6234843764119575e-17
4034.249999999999	1.7365828125577038e-17	2.632633986603529e-17
4034.499999999999	1.956806250324024e-17	2.642151526731564e-17
4034.749999999999	1.1539874302996631e-17	2.5778243374712754e-17
4034.999999999999	2.0106045884393704e-17	2.561173853485073e-17
4035.249999999999	3.190721827108971e-17	2.5995197960134387e-17
4035.499999999999	3.30161366002783e-17	2.6768481138334684e-17
4035.749999999999	-2.3664234426823232e-17	2.381661763926775e-17
4035.999999999999	9.34117529527148e-18	2.5919479501222508e-17
4036.249999999999	1.8147227599947706e-17	2.6109234733742172e-17
4036.499999999999	-2.1363385230892682e-17	2.409589862948403e-17
4036.749999999999	1.878645457935521e-17	2.6239871367882672e-17
4036.999999999999	-7.618016631438777e-18	2.514160216190009e-17
4037.249999999999	1.3765432692391992e-17	2.6034080412008054e-17
4037.499999999999	4.438754399099993e-17	2.7482356204941423e-17
4037.749999999999	1.872532262336509e-17	2.6954234471050817e-17
4037.999999999999	3.6103254055665004e-17	2.751734098176874e-17
4038.249999999999	3.5016199764427417e-17	2.7131312333502494e-17
4038.499999999999	4.613413585440565e-17	2.7764191528889266e-17
4038.749999999999	7.66989921925545e-17	2.9513599115100114e-17
4038.9999999999995	9.217716107306103e-18	2.6879908984290478e-17
4039.2499999999995	1.9194822067244063e-17	2.681036956455437e-17
4039.4999999999995	2.2475784336098894e-17	2.674587429219361e-17
4039.7499999999995	1.7863789199972735e-17	2.642111987498284e-17
4039.9999999999995	3.0927048949883776e-17	2.667831017976028e-17
4040.2499999999995	1.418269816213008e-17	2.6232822134702495e-17
4040.499999999999	5.009942423043529e-19	2.59139043038939e-17
4040.7499999999995	2.9799574478013785e-18	2.6229344667407322e-17
4040.999999999999	2.883763042724423e-17	2.7099154860008883e-17
4041.249999999999	3.617638840234327e-18	2.5384047145078158e-17
4041.499999999999	1.6870292344737346e-17	2.5987670616560154e-17
4041.749999999999	2.490629740176958e-17	2.6916346290273438e-17
4041.999999999999	2.4410903895995248e-17	2.7212435590536795e-17
4042.249999999999	2.5598573128221336e-17	2.701565263153288e-17
4042.499999999999	2.0117988718077744e-17	2.630215972236914e-17
4042.749999999999	4.701409389876201e-17	2.7554785793737792e-17
4042.999999999999	4.7656363248462484e-17	2.817952553189704e-17
4043.249999999999	-2.3622322839546395e-17	2.4634260859358042e-17
4043.499999999999	3.1843134934674e-17	2.672412440516714e-17
4043.749999999999	7.80065976505171e-18	2.594579542523027e-17
4043.999999999999	1.6882905194717554e-17	2.63842094216895e-17
4044.249999999999	7.879263926248542e-17	2.8838940681334514e-17
4044.499999999999	-1.3298371776958825e-17	2.5232300861705305e-17
4044.749999999999	1.9557332316334203e-17	2.6923787607063965e-17
4044.999999999999	1.107648937820565e-17	2.6351952686522382e-17
4045.249999999999	-2.7383961416717016e-17	2.439351490515816e-17
4045.499999999999	4.297751537522979e-17	2.6791701752490273e-17
4045.749999999999	-1.0287566696163813e-17	2.4478161951601935e-17
4045.9999999999995	-9.551127796807852e-18	2.5051624763589023e-17
4046.2499999999995	1.1352653551873829e-17	2.6315169619043374e-17
4046.4999999999995	5.094728642625368e-18	2.61393176382595e-17
4046.7499999999995	2.4124644810131472e-17	2.659707442616267e-17
4046.9999999999995	3.1509165725439393e-17	2.6658914448757135e-17
4047.249999999999	2.652835722395544e-17	2.6640038187178675e-17
4047.4999999999995	2.0290619657556336e-17	2.6583050406057447e-17
4047.749999999999	5.937481757390319e-18	2.5991872694071924e-17
4047.9999999999995	4.285118173463579e-18	2.5689172566353044e-17
4048.249999999999	-1.0935208583942818e-17	2.515110150405465e-17
4048.499999999999	-2.896245529040093e-17	2.4328835998701412e-17
4048.749999999999	-3.4307176939293914e-17	2.3151152490830065e-17
4048.999999999999	-5.093714932784684e-18	2.5703587015707393e-17
4049.249999999999	-2.5065916777288017e-20	2.5586708049514875e-17
4049.499999999999	2.894480325612905e-17	2.6777275722607348e-17
4049.749999999999	7.495827992894281e-17	2.949997379605014e-17
4049.999999999999	4.082949441491331e-18	2.5555124639366375e-17
4050.249999999999	2.3068649496534026e-17	2.6103490791568604e-17
4050.499999999999	2.0246623575135866e-17	2.5896088487860733e-17
4050.749999999999	5.2389897686352284e-18	2.5265909209993335e-17
4050.999999999999	3.9276871442067604e-17	2.7097660971822612e-17
4051.249999999999	-2.5218772322787e-18	2.517233026729521e-17
4051.499999999999	-1.6797052118940676e-17	2.4466144671662765e-17
4051.749999999999	-6.527888537044943e-18	2.4698757786080027e-17
4051.999999999999	9.238478340681184e-18	2.5171671831527618e-17
4052.249999999999	2.603332436892818e-17	2.5843292858083924e-17
4052.499999999999	8.472339521431507e-19	2.4989644120290424e-17
4052.749999999999	-6.4624841931909874e-18	2.476425229262075e-17
4052.9999999999995	1.0970119741695619e-17	2.5669437691298753e-17
4053.2499999999995	2.0199302226652932e-17	2.6632049276822638e-17
4053.4999999999995	1.2037449911226879e-17	2.6257002278368645e-17
4053.7499999999995	2.7229243900583872e-17	2.6994561180274003e-17
4053.9999999999995	4.045705634411131e-17	2.7444221524341504e-17
4054.2499999999995	2.1596397046365195e-17	2.6032275503911464e-17
4054.499999999999	-1.3838195634975219e-17	2.502896663224997e-17
4054.7499999999995	-1.2055762035627578e-17	2.4288039450890297e-17
4054.999999999999	2.5906932825691303e-18	2.5189524043507738e-17
4055.249999999999	2.5580353648049243e-17	2.6947153805007363e-17
4055.499999999999	1.1488435249424409e-17	2.4647232705724098e-17
4055.749999999999	3.8197777937045227e-17	2.68322683440911e-17
4055.999999999999	2.2550343087791974e-17	2.652164713482641e-17
4056.249999999999	-5.505112796847626e-18	2.505766318206066e-17
4056.499999999999	2.6708110188508114e-17	2.6541434949439904e-17
4056.749999999999	-1.9258766437316863e-17	2.4548854461111942e-17
4056.999999999999	-3.597602706000945e-17	2.3563351479316265e-17
4057.249999999999	-1.4489835286654693e-17	2.4263789824052692e-17
4057.499999999999	2.1522845800658205e-17	2.6403889702823362e-17
4057.749999999999	4.0186296968565554e-17	2.7077985653772426e-17
4057.999999999999	-3.1323731684439706e-17	2.3712134801734953e-17
4058.249999999999	-2.6999458089500316e-17	2.3549190147229357e-17
4058.499999999999	3.282556411331343e-17	2.611541873600162e-17
4058.749999999999	-6.075551850105526e-18	2.4962309109767997e-17
4058.999999999999	1.9599712087837744e-17	2.6389405770297558e-17
4059.249999999999	4.3369433549457414e-17	2.7203814714192767e-17
4059.499999999999	5.3503676528820235e-17	2.7356613171304787e-17
4059.749999999999	4.509824433841569e-17	2.7196841581628945e-17
4059.999999999999	6.62366596037511e-17	2.92270869119689e-17
4060.2499999999995	6.695830520503216e-17	2.8651150829950276e-17
4060.4999999999995	5.4218271242559895e-17	2.7743080225295687e-17
4060.7499999999995	2.889688633760508e-17	2.7216005702060574e-17
4060.9999999999995	1.802719376689891e-17	2.6370751193123262e-17
4061.2499999999995	2.7895726481175e-17	2.6044052901472994e-17
4061.4999999999995	2.933037199197472e-17	2.6001716143361305e-17
4061.749999999999	2.781526165990829e-17	2.6442874725092986e-17
4061.9999999999995	3.0340028647656944e-17	2.733358115432886e-17
4062.249999999999	-3.076334328921463e-17	2.3760078190038526e-17
4062.499999999999	1.5316028245556332e-17	2.5576887761282645e-17
4062.749999999999	4.153381058236139e-17	2.6867984348579913e-17
4062.999999999999	1.9413798282082776e-17	2.6029039573355156e-17
4063.249999999999	1.0142613385417368e-16	3.013691610260577e-17
4063.499999999999	1.6521023602892955e-17	2.6047561801631444e-17
4063.749999999999	1.351624701440223e-17	2.6077808487910058e-17
4063.999999999999	5.2865824323590794e-17	2.7952332104853227e-17
4064.249999999999	-2.843015133133326e-17	2.2891791664125288e-17
4064.499999999999	-2.5092186392106173e-17	2.417725184272862e-17
4064.749999999999	-6.034946794606217e-18	2.5334662808147517e-17
4064.999999999999	4.325533804602614e-18	2.5862043388209276e-17
4065.249999999999	2.5261614074662653e-18	2.5466323491886358e-17
4065.499999999999	-1.873357788587837e-17	2.4297161598685532e-17
4065.749999999999	-5.145149850453844e-18	2.47556694665849e-17
4065.999999999999	2.5078205385392802e-17	2.602966657625947e-17
4066.249999999999	4.2423499579443823e-17	2.6769462174541172e-17
4066.499999999999	-5.387576635658435e-18	2.4573041222222992e-17
4066.749999999999	4.201008463545717e-17	2.6593019586799936e-17
4066.999999999999	3.490302160429546e-17	2.636166874999743e-17
4067.2499999999995	2.4402709844847298e-17	2.6219688160936378e-17
4067.4999999999995	5.520281138612256e-17	2.82786879437299e-17
4067.7499999999995	1.0686951829780953e-17	2.599447665864024e-17
4067.9999999999995	3.400541483438967e-17	2.6930309099013334e-17
4068.2499999999995	4.030412057501761e-17	2.677591914640276e-17
4068.499999999999	1.5428213788953224e-17	2.5553275063516707e-17
4068.7499999999995	5.909504027531938e-17	2.850720816847625e-17
4068.999999999999	4.8170029173968113e-17	2.74613077670744e-17
4069.2499999999995	4.3431697088525505e-17	2.673698375496989e-17
4069.499999999999	2.7520571949241373e-17	2.5983733236844402e-17
4069.749999999999	-1.9834431204094566e-17	2.4211846190306812e-17
4069.999999999999	1.1462108572068683e-17	2.578257118367763e-17
4070.249999999999	-4.368090592757242e-18	2.4839816895938694e-17
4070.499999999999	-1.0222362530018095e-17	2.4575696471989288e-17
4070.749999999999	2.5136290008006275e-17	2.603315562408322e-17
4070.999999999999	2.005708175521424e-17	2.563980311867343e-17
4071.249999999999	-7.128296757485945e-18	2.4654536710532942e-17
4071.499999999999	1.119380013267792e-17	2.471661165242137e-17
4071.749999999999	4.296937260927982e-17	2.561604483711968e-17
4071.999999999999	2.848083765054806e-17	2.646515400771149e-17
4072.249999999999	3.751611493785253e-17	2.6738047509237633e-17
4072.499999999999	3.617477540014879e-17	2.593689827056165e-17
4072.749999999999	2.8753800635245656e-17	2.5422926288229375e-17
4072.999999999999	2.014617241590865e-17	2.587302834674398e-17
4073.249999999999	2.0973432437800484e-17	2.6006449270826333e-17
4073.499999999999	1.8180877307266363e-17	2.5687117849711462e-17
4073.749999999999	1.0898797747739459e-17	2.5429277380972558e-17
4073.999999999999	2.4131397912652355e-17	2.5994422064719812e-17
4074.2499999999995	7.4151553838577e-17	2.8381456863033487e-17
4074.4999999999995	9.845273222631709e-18	2.5145336055185155e-17
4074.7499999999995	4.0347011544139707e-17	2.7211087286138333e-17
4074.9999999999995	4.8425402990120384e-17	2.841460364453971e-17
4075.2499999999995	-3.322767315268771e-17	2.4158102611548017e-17
4075.4999999999995	-1.2639565432452191e-17	2.5287561489707523e-17
4075.749999999999	-4.311408454872352e-18	2.5014414870913937e-17
4075.9999999999995	3.144106559996913e-17	2.6709256660837113e-17
4076.249999999999	7.477293853217173e-17	2.893575720895017e-17
4076.499999999999	2.0449929680450374e-17	2.5487398399532984e-17
4076.749999999999	2.2351478942366876e-17	2.5808321316146407e-17
4076.999999999999	8.308457671291889e-18	2.5427879445737343e-17
4077.249999999999	-4.269199082574996e-18	2.502894347119282e-17
4077.499999999999	1.6683662200571907e-17	2.588259882643122e-17
4077.749999999999	-1.2628317223687542e-18	2.41180571437331e-17
4077.999999999999	3.080872241761929e-17	2.562438116333299e-17
4078.249999999999	4.894604039382861e-17	2.6717045393484912e-17
4078.499999999999	2.6058010747129214e-17	2.6127475720610192e-17
4078.749999999999	2.4058943094847304e-18	2.4851572786804298e-17
4078.999999999999	2.6567795541200744e-17	2.6267027707392788e-17
4079.249999999999	2.6771970186158433e-17	2.6368941321942996e-17
4079.499999999999	2.6412904317138965e-17	2.6347826709626968e-17
4079.749999999999	6.481811764511656e-17	2.813820620593879e-17
4079.999999999999	1.768111628785775e-17	2.607404481612294e-17
4080.249999999999	2.5382787762595546e-18	2.5075258968050888e-17
4080.499999999999	2.410639637863794e-18	2.4908682990656184e-17
4080.749999999999	3.2674353842977514e-18	2.5340196646445497e-17
4080.999999999999	3.1747646859122106e-18	2.5250464093595745e-17
4081.2499999999995	-6.163324295096258e-19	2.469733338106521e-17
4081.4999999999995	2.9211009829583316e-17	2.6691328348240638e-17
4081.7499999999995	5.2877669549962554e-17	2.83091050292147e-17
4081.9999999999995	-8.49609945734648e-18	2.4432127696152134e-17
4082.2499999999995	2.471043468119713e-18	2.5119898596987924e-17
4082.499999999999	-6.177843486195671e-18	2.468182705330229e-17
4082.7499999999995	8.465580628646336e-18	2.5196470706291958e-17
4082.999999999999	4.982141254886898e-17	2.6847812722162195e-17
4083.2499999999995	-3.017195216463107e-17	2.3285862162306776e-17
4083.499999999999	-1.1191978680969079e-17	2.424433619040667e-17
4083.749999999999	-1.1075753187460478e-17	2.414206192510939e-17
4083.999999999999	-2.647267473384082e-17	2.366800471605525e-17
4084.249999999999	3.947461062185963e-17	2.6893401954442443e-17
4084.499999999999	1.3637997247222072e-17	2.558014188981243e-17
4084.749999999999	2.2456658265975443e-17	2.5924996795908236e-17
4084.999999999999	3.3832540703810987e-17	2.6203788095201884e-17
4085.249999999999	4.3118580275352745e-18	2.4997398111352496e-17
4085.499999999999	-4.654273991594969e-18	2.4258712589452842e-17
4085.749999999999	4.679545600079383e-18	2.5351113776169972e-17
4085.999999999999	7.84104272255655e-18	2.5678167755483638e-17
4086.249999999999	1.894442126093446e-17	2.5974066804206107e-17
4086.499999999999	9.48094367250232e-17	2.960757014140859e-17
4086.749999999999	4.783398539575722e-17	2.6623883349815515e-17
4086.999999999999	5.955266305996331e-17	2.717470788279825e-17
4087.249999999999	5.422522286842779e-17	2.7190558317695992e-17
4087.499999999999	-3.71912579502458e-17	2.2380564267065465e-17
4087.749999999999	-4.72861668371205e-17	2.2205504725308418e-17
4087.999999999999	4.2284844256445234e-18	2.4022919792760926e-17
4088.249999999999	2.570823246202749e-17	2.5076415366547237e-17
4088.4999999999995	1.525095890985046e-17	2.4767733068638373e-17
4088.7499999999995	5.1999108613660795e-18	2.419871387090192e-17
4088.9999999999995	2.0848126155527276e-17	2.5803664289297733e-17
4089.2499999999995	1.8382785477345657e-17	2.569472129390205e-17
4089.4999999999995	1.7066036364891894e-17	2.515532343390112e-17
4089.749999999999	4.1844155513301483e-17	2.598969059161601e-17
4089.9999999999995	2.6815565913162428e-17	2.563997848096329e-17
4090.249999999999	2.7152240003000086e-17	2.6129745504211037e-17
4090.499999999999	3.19172139216118e-17	2.6262182083364452e-17
4090.749999999999	2.790982494753535e-17	2.6274465715460865e-17
4090.999999999999	7.741375565113913e-17	2.853434300129044e-17
4091.249999999999	4.2787631102534566e-17	2.6936453396603377e-17
4091.499999999999	1.9745219775030722e-17	2.5830412001585248e-17
4091.749999999999	2.937156227775741e-17	2.5928141736597163e-17
4091.999999999999	4.8639871070620683e-17	2.7153747126076157e-17
4092.249999999999	3.091858192913368e-17	2.6272857676350062e-17
4092.499999999999	-7.797432106301529e-18	2.4314960871106448e-17
4092.749999999999	-2.7012496110315377e-17	2.34024714676196e-17
4092.999999999999	-4.7141155458295056e-18	2.432273140578077e-17
4093.249999999999	2.5757497684949924e-17	2.53222997667123e-17
4093.499999999999	1.770257831603105e-17	2.5266974618622303e-17
4093.749999999999	2.827466453723044e-17	2.601476243598249e-17
4093.999999999999	3.090463897272849e-17	2.6272488753796863e-17
4094.249999999999	-6.325814517252832e-18	2.3587417472057882e-17
4094.499999999999	2.6340704684552886e-17	2.581353917145039e-17
4094.749999999999	2.484069701611045e-17	2.5892845939859525e-17
4094.999999999999	1.3950407648151712e-17	2.557695393573165e-17
4095.249999999999	2.265765653738093e-17	2.5738194598175386e-17
4095.4999999999995	2.4090957052504638e-17	2.5641108409680037e-17
4095.7499999999995	-7.43617917174247e-18	2.4668534260858564e-17
4095.9999999999995	-1.910181057044615e-17	2.3647341744353674e-17
4096.249999999999	-1.6948910898876836e-17	2.3174477329742835e-17
4096.499999999999	9.454125153554371e-18	2.372295928723082e-17
4096.749999999999	2.5352058416429507e-17	2.603119189730902e-17
4096.999999999999	1.968129029420895e-17	2.5889151751243864e-17
4097.249999999999	2.491620206242429e-17	2.5583250434554403e-17
4097.499999999999	2.743067396026911e-17	2.6241049273074947e-17
4097.749999999999	1.2503018592835e-17	2.4574930502742063e-17
4097.999999999999	3.7961361446171446e-18	2.4884325830338948e-17
4098.249999999999	7.062670729227826e-18	2.527504128395592e-17
4098.499999999999	1.4679984257145933e-17	2.5150069182650184e-17
4098.749999999999	-6.898403826513064e-18	2.42186919370563e-17
4098.999999999999	1.174038784656316e-17	2.459890881433875e-17
4099.249999999999	3.9750333081080706e-17	2.630818325158975e-17
4099.499999999999	4.0926818831425076e-17	2.703380924597842e-17
4099.749999999999	6.713114542120573e-18	2.5510000282590382e-17
4099.999999999999	1.8345699661762454e-17	2.531581632507111e-17
4100.249999999999	-1.7230923239475765e-17	2.3853824223220386e-17
4100.499999999999	-6.8665606816522226e-18	2.4657608859327964e-17
4100.749999999999	3.7971570509291575e-17	2.648762023314843e-17
4100.999999999999	7.070201381524509e-18	2.507746588592518e-17
4101.249999999999	2.764962039660577e-17	2.578544150040319e-17
4101.499999999999	2.0789414530009487e-17	2.5191719380853454e-17
4101.749999999999	1.043184602014715e-17	2.4637941813083903e-17
4101.999999999999	2.358786084086621e-17	2.4992803950230377e-17
4102.249999999999	-5.8167816303581124e-18	2.318046280865527e-17
4102.499999999999	4.776188502484465e-17	2.6618991403672876e-17
4102.749999999999	7.469053810827165e-17	2.814483357700657e-17
4102.999999999999	4.2005181108785956e-17	2.717172341514816e-17
4103.249999999999	1.928835634218911e-17	2.5960785592290956e-17
4103.499999999999	2.4387218406335405e-17	2.5587028995592546e-17
4103.749999999999	1.2760696106993231e-17	2.5061150575523183e-17
4103.999999999999	-4.126041001911975e-18	2.43235966367015e-17
4104.249999999999	-2.637905112338962e-17	2.349029819633803e-17
4104.499999999999	-7.585165153411234e-18	2.4059532461033748e-17
4104.749999999999	6.126877579933829e-18	2.466060159878418e-17
4104.999999999999	-1.4272139547404212e-17	2.3807910736140017e-17
4105.249999999999	-4.3444816173040596e-17	2.259108504168266e-17
4105.499999999999	3.3574661357583292e-18	2.53078687737457e-17
4105.749999999999	5.102400329216491e-18	2.4650963290286713e-17
4105.999999999999	4.508621382358672e-17	2.6916354562079564e-17
4106.249999999999	6.586964287468377e-17	2.8242275453165314e-17
4106.499999999999	1.916013342107604e-17	2.5595504288148764e-17
4106.749999999999	2.4416664381781068e-17	2.5888207110984328e-17
4106.999999999999	4.888049460208991e-17	2.7067338184927643e-17
4107.249999999999	4.574671092526541e-17	2.6537444630164948e-17
4107.499999999999	5.6318347987392186e-18	2.4197130647209494e-17
4107.749999999999	-1.9932089801573802e-17	2.2870177434719278e-17
4107.999999999999	-1.1842242731289878e-17	2.4412225730614108e-17
4108.249999999999	-1.0717548413458677e-17	2.4306179521723585e-17
4108.499999999999	-4.675118115850693e-18	2.3834034754245667e-17
4108.749999999999	1.4196603068227095e-17	2.450287479958257e-17
4108.999999999999	-1.3525533771139362e-17	2.3587821136196808e-17
4109.249999999999	2.9160163864510294e-18	2.4464235538808992e-17
4109.499999999999	2.1111880965645934e-17	2.5365789614597888e-17
4109.749999999999	1.9253998568266107e-17	2.570025844092248e-17
4109.999999999999	2.4784604244412005e-17	2.560612694157517e-17
4110.249999999999	1.4314646704722087e-17	2.494630481927632e-17
4110.499999999999	-1.2072513890597849e-18	2.4336810019806423e-17
4110.749999999999	-2.9835259049639322e-18	2.4486561143541798e-17
4110.999999999999	3.1136067564508575e-17	2.5814288597085364e-17
4111.249999999999	-2.4212252749577882e-18	2.4207045234031555e-17
4111.499999999999	1.6466532252860412e-17	2.5452299471781133e-17
4111.749999999999	1.7562255396917555e-17	2.554637803156924e-17
4111.999999999999	-6.229882659302301e-18	2.3919897756189897e-17
4112.249999999999	1.0316552759188896e-17	2.4134074669114577e-17
4112.499999999999	-2.6358517191863603e-17	2.238662088351058e-17
4112.749999999999	1.6534317842902755e-18	2.4334303662550388e-17
4112.999999999999	3.110965403318853e-17	2.6104880454997693e-17
4113.249999999999	-1.7805760825640915e-17	2.3205544579189102e-17
4113.499999999999	4.819021238091441e-17	2.5987971710303124e-17
4113.749999999999	6.089506469757357e-17	2.668613199963258e-17
4113.999999999999	4.831163587739229e-17	2.6472219784503917e-17
4114.249999999999	2.64103433659625e-17	2.5782718421826665e-17
4114.499999999999	8.716203946540716e-18	2.4866842540912027e-17
4114.749999999999	1.8236836075705575e-17	2.4854049365558282e-17
4114.999999999999	4.3613600722670816e-17	2.6392029587200576e-17
4115.249999999999	5.579903655420588e-17	2.7589684543781404e-17
4115.499999999999	3.442288958082273e-17	2.6262977831113728e-17
4115.749999999999	-1.0155363381943138e-17	2.3629291009026542e-17
4115.999999999999	1.0798124076927468e-17	2.4462058399436753e-17
4116.249999999999	3.29123982252968e-17	2.575064035767186e-17
4116.499999999999	3.066024349766602e-17	2.592896395412604e-17
4116.749999999999	7.753722228373002e-18	2.5112445699668822e-17
4116.999999999999	-1.9053875453948703e-17	2.3745354375135082e-17
4117.249999999999	-2.180681359622521e-17	2.352000886957971e-17
4117.499999999999	-1.3097538528085544e-18	2.4327803677296946e-17
4117.749999999999	3.186275235008131e-17	2.5348523046491456e-17
4117.999999999999	6.734945492847073e-18	2.3724236454096603e-17
4118.249999999999	3.084697786658864e-17	2.5324463671194738e-17
4118.499999999999	2.0911076254503786e-17	2.5834933370813463e-17
4118.749999999999	-2.5753082194840116e-17	2.432996923614061e-17
4118.999999999999	-1.2309111327230626e-18	2.4347991847326915e-17
4119.249999999999	-1.5269188316189905e-17	2.371234159688809e-17
4119.499999999999	-3.268394913808313e-18	2.423576329053817e-17
4119.749999999999	2.0007890978546936e-17	2.534077401851306e-17
4119.999999999999	2.7469066721220146e-17	2.6015829498972684e-17
4120.249999999999	2.261814873696417e-17	2.570789166361512e-17
4120.499999999999	3.9231336803707785e-17	2.6597279566954584e-17
4120.749999999999	3.2642796902608616e-17	2.5971338762545907e-17
4120.999999999999	6.480230112462394e-18	2.3658017337339283e-17
4121.249999999999	1.3083271730470536e-17	2.3959757935547602e-17
4121.499999999999	1.6807674772367082e-17	2.49229766716411e-17
4121.749999999999	2.0507761185796406e-17	2.5171408788092827e-17
4121.999999999999	2.445998383046047e-17	2.5521713160064133e-17
4122.249999999999	4.4101041714036065e-17	2.7074827478193698e-17
4122.499999999999	4.364689308796485e-17	2.6812756807802198e-17
4122.749999999999	2.9702365039607165e-17	2.555560274976043e-17
4122.999999999999	1.3519319990377864e-17	2.4565702475828422e-17
4123.249999999999	5.310594244770575e-18	2.4752749519022588e-17
4123.499999999999	3.907647535814806e-17	2.6496485954953773e-17
4123.749999999999	3.547535779628825e-17	2.5876883008398477e-17
4123.999999999999	3.0110098907146804e-17	2.595772833274696e-17
4124.249999999999	2.524422549741587e-17	2.580898306063645e-17
4124.499999999999	6.430827577558277e-18	2.4009415242080385e-17
4124.749999999999	-1.4450223881866213e-18	2.3109800077647314e-17
4124.999999999999	1.6293395078846938e-17	2.363861829761369e-17
4125.249999999999	3.580115446107084e-17	2.466759292932148e-17
4125.499999999999	4.505324902181526e-17	2.5633079794654598e-17
4125.749999999999	5.836136415920934e-17	2.644643656481064e-17
4125.999999999999	2.019333990879765e-17	2.5288463116575206e-17
4126.249999999999	-1.4297985426028891e-18	2.4891730751182522e-17
4126.499999999999	1.1661158005950994e-18	2.516335535764901e-17
4126.749999999999	2.2589304949004447e-17	2.564569429899603e-17
4126.999999999999	3.226210522365456e-17	2.5946898884167416e-17
4127.249999999999	3.314203348950887e-17	2.6355464895403282e-17
4127.499999999999	4.726832620566896e-17	2.7103763910382028e-17
4127.749999999999	7.256590154387205e-17	2.782199160137202e-17
4127.999999999999	3.2909820730508084e-17	2.690351671897274e-17
4128.249999999999	2.1697817661270322e-17	2.5243884699003498e-17
4128.499999999999	-1.7725881648247895e-17	2.3600121311905472e-17
4128.749999999999	-2.993863760105436e-17	2.3288942582907923e-17
4128.999999999999	3.375146046016854e-17	2.509262645219205e-17
4129.249999999999	-2.527857003644907e-17	2.2942878338756563e-17
4129.499999999999	9.899550332885601e-18	2.4917777014310592e-17
4129.749999999999	2.981104664592928e-17	2.583223014457164e-17
4129.999999999999	1.9299941833848527e-17	2.4775000677500264e-17
4130.249999999999	9.464715546936888e-18	2.4613544948097264e-17
4130.499999999999	-2.717726511166196e-18	2.3997914122843448e-17
4130.749999999999	1.8387487171947408e-17	2.4958580179566608e-17
4130.999999999999	2.9639472843273534e-17	2.5640679930122735e-17
4131.249999999999	1.9212299566406696e-18	2.4403566803961903e-17
4131.499999999999	3.1670942400920064e-18	2.4208036196405393e-17
4131.749999999999	1.2003011073603846e-17	2.4582866473538897e-17
4131.999999999999	2.8025646776905027e-17	2.5659572735313446e-17
4132.249999999999	3.695019766741315e-17	2.6372852231879147e-17
4132.499999999999	6.950902912040273e-18	2.3977984033164595e-17
4132.749999999999	8.35884951420862e-18	2.3706523208459393e-17
4132.999999999999	1.3885196037380482e-17	2.4708197571230482e-17
4133.249999999999	1.92675196625589e-17	2.5414039059728106e-17
4133.499999999999	3.342852749466661e-18	2.4707994084799794e-17
4133.749999999999	1.979727259661746e-17	2.515482712553359e-17
4133.999999999999	1.7688790869581017e-17	2.497739192105729e-17
4134.249999999999	1.570658322613447e-17	2.4925469794007335e-17
4134.499999999999	3.056798308086431e-17	2.5484407314437992e-17
4134.749999999999	3.883694701380985e-17	2.7033286467831285e-17
4134.999999999999	1.4270438864064803e-17	2.5220319977713087e-17
4135.249999999999	2.6096362149049622e-17	2.5644905168691656e-17
4135.499999999999	3.3203876820825785e-17	2.6095387730288035e-17
4135.749999999999	1.0482808617686541e-17	2.4417140837813898e-17
4135.999999999999	3.892593262256647e-18	2.4669277069048637e-17
4136.249999999999	1.4747131470550537e-17	2.5427088661071742e-17
4136.499999999999	2.080972801790226e-18	2.4591290480897137e-17
4136.749999999999	-2.458251409459795e-17	2.3284115156853064e-17
4136.999999999999	3.196433343802527e-17	2.604439204552414e-17
4137.249999999999	1.8782710759902794e-17	2.513751258095163e-17
4137.499999999999	9.968608333505203e-18	2.482093897999901e-17
4137.749999999999	5.446859429389192e-18	2.464380817798813e-17
4137.999999999999	-5.864855713198469e-18	2.399882236715603e-17
4138.249999999999	6.281590132983297e-18	2.452120677631797e-17
4138.499999999999	-2.7650091889554926e-18	2.4155824556141046e-17
4138.749999999999	3.115637402136614e-18	2.4570812797652774e-17
4138.999999999999	2.3610110344982662e-17	2.5671628065560794e-17
4139.249999999999	3.15077363573409e-17	2.630354607707578e-17
4139.499999999999	3.591147388500581e-17	2.6253147616714148e-17
4139.749999999999	3.1852399357534597e-17	2.608001540578435e-17
4139.999999999999	2.6377707782074833e-17	2.5159128464718864e-17
4140.249999999999	4.304741792725481e-18	2.3295717192124732e-17
4140.499999999999	-2.200291640597045e-19	2.4000427097544384e-17
4140.749999999999	1.7130989895312008e-17	2.5188814322542167e-17
4140.999999999999	2.3073801177389006e-17	2.546666098157628e-17
4141.249999999999	1.4433496015133706e-17	2.4919098848929452e-17
4141.499999999999	5.29722845363779e-19	2.4360265553255977e-17
4141.749999999999	1.57332430504819e-18	2.3990194873367103e-17
4141.999999999999	-5.058915030824272e-18	2.3601539099475388e-17
4142.249999999999	-1.898989468792895e-17	2.317704820708665e-17
4142.499999999999	-2.7274181314541428e-17	2.2926806219454658e-17
4142.749999999999	-1.949154995094031e-17	2.340385120488134e-17
4142.999999999999	-1.3733257020924904e-17	2.3381292335215793e-17
4143.249999999999	6.3735779937731754e-18	2.4386708863078072e-17
4143.499999999999	1.94336605429514e-17	2.5206901453816252e-17
4143.749999999999	-1.3598897246847303e-17	2.3294150512044557e-17
4143.999999999999	-1.6440806935810013e-17	2.390129446421358e-17
4144.249999999999	-3.762821859036878e-18	2.4221783938186024e-17
4144.499999999999	1.404373512794362e-17	2.4812604308146925e-17
4144.749999999999	3.3297331686432026e-17	2.5877870662049865e-17
4144.999999999999	4.127610080815927e-17	2.629418570126413e-17
4145.249999999999	2.996470040779468e-17	2.597326113028948e-17
4145.499999999999	3.2229097408491245e-17	2.602082401551128e-17
4145.749999999999	2.5518159592152606e-17	2.5494727219760203e-17
4145.999999999999	-5.273706538944079e-17	2.235410110490867e-17
4146.249999999999	-1.0308283434605203e-17	2.387290893431321e-17
4146.499999999999	1.9350287354650955e-17	2.5153480475496352e-17
4146.749999999999	1.8075511040839358e-17	2.5043930329531054e-17
4146.999999999999	-1.539603646312491e-17	2.3456425150253985e-17
4147.249999999999	-6.962279954185328e-18	2.344903015557776e-17
4147.499999999999	-6.3281124249945045e-18	2.3131397763441074e-17
4147.749999999999	7.508559956882698e-18	2.4210370500094018e-17
4147.999999999999	1.727116557627647e-17	2.5052494957593428e-17
4148.249999999999	-1.7743388098731967e-17	2.3408781201332156e-17
4148.499999999999	2.8839906828289976e-17	2.5015192420689737e-17
4148.749999999999	3.5087760813580604e-17	2.5264296207798856e-17
4148.999999999999	1.91481839699471e-17	2.4547458180237952e-17
4149.249999999999	1.956541469809946e-18	2.3297431110353942e-17
4149.499999999999	-2.5585291916306184e-17	2.2740702162158802e-17
4149.749999999999	3.444906157540391e-17	2.6339217413811516e-17
4149.999999999999	5.921576894008272e-17	2.6555889103463656e-17
4150.249999999999	5.400109993581777e-17	2.5340166867943445e-17
4150.499999999999	5.397920942808717e-17	2.566990918424791e-17
4150.749999999999	1.3759145292555976e-17	2.3844166062388217e-17
4150.999999999999	3.3076252778476204e-17	2.5573838773544775e-17
4151.249999999999	2.2742669197655453e-17	2.5520700690994368e-17
4151.499999999999	-1.9626193447968017e-17	2.3341508256474443e-17
4151.749999999999	4.695896892838025e-18	2.4760844308497032e-17
4151.999999999999	4.6008520206583346e-17	2.6777628101548296e-17
4152.249999999999	4.806296553292415e-17	2.676024738251733e-17
4152.499999999999	2.351874162888128e-17	2.5317383005151284e-17
4152.749999999999	-1.6037025337237153e-17	2.3504477726398415e-17
4152.999999999999	-9.128134928508448e-18	2.4100329008844863e-17
4153.249999999999	-7.512972138270056e-18	2.3612032712726235e-17
4153.499999999999	2.0645218337677712e-18	2.367350050404505e-17
4153.749999999999	6.526328887999974e-18	2.397563980330862e-17
4153.999999999999	-2.4849724865315855e-17	2.23264865073392e-17
4154.249999999999	2.575977077727322e-17	2.50188932267503e-17
4154.499999999999	3.2973192691596997e-17	2.5658998671968334e-17
4154.749999999999	2.1049857308955483e-17	2.5240767882455398e-17
4154.999999999999	2.1288389727836175e-17	2.496032718502032e-17
4155.249999999999	1.5592678801424692e-17	2.5560269702776455e-17
4155.499999999999	-6.583178943549212e-18	2.4409949329568362e-17
4155.749999999999	-1.04751356903245e-17	2.3964375257726873e-17
4155.999999999999	-1.4829371421411784e-18	2.4129101659271908e-17
4156.249999999999	-1.0024711858551612e-17	2.310848651483458e-17
4156.499999999999	8.1503040468942e-18	2.3742796732681068e-17
4156.749999999999	-3.26371617346856e-18	2.368922024440601e-17
4156.999999999999	-8.113881630162265e-18	2.4017460400718076e-17
4157.249999999999	6.753191029208461e-18	2.5050906770817327e-17
4157.499999999999	8.053480901833643e-18	2.451835300320466e-17
4157.749999999999	4.357154437878678e-18	2.474098866507331e-17
4157.999999999999	9.50145808256588e-18	2.4947340449403237e-17
4158.249999999999	1.0789071412303687e-17	2.486558026329727e-17
4158.499999999999	3.75845186386076e-18	2.4445433723485662e-17
4158.749999999999	3.385919080878622e-18	2.4334007531891094e-17
4158.999999999999	9.597243115957683e-19	2.3989256850552468e-17
4159.249999999999	3.6603205326614504e-18	2.424525270652538e-17
4159.499999999999	2.0475130564992414e-17	2.5137479493727126e-17
4159.749999999999	3.0306173799546373e-17	2.5621252766256314e-17
4159.999999999999	3.0147255860262686e-17	2.49861302570483e-17
4160.249999999999	1.1526619560861082e-17	2.4509790029503512e-17
4160.499999999999	-8.359023222137255e-18	2.464163434733834e-17
4160.749999999999	1.0559513903069196e-17	2.534115948467851e-17
4160.999999999999	4.4147701318028956e-17	2.6665958718853637e-17
4161.249999999999	2.8608726390693656e-17	2.568062448190292e-17
4161.499999999999	2.1648090871566084e-17	2.546177896160099e-17
4161.749999999999	4.6188534560209586e-17	2.6600487373370065e-17
4161.999999999999	4.960990577496162e-17	2.534047954221499e-17
4162.249999999999	1.592680538177084e-18	2.4527536362365225e-17
4162.499999999999	1.8970502265648258e-18	2.4506236461591985e-17
4162.749999999999	2.6071065311556525e-17	2.4989501845225065e-17
4162.999999999999	2.475717328093852e-17	2.5297777170272553e-17
4163.249999999999	2.4622504968492438e-17	2.5450724519894833e-17
4163.499999999999	7.46847892030144e-18	2.5008747029356724e-17
4163.749999999999	2.1422110091300272e-17	2.5883682433033663e-17
4163.999999999999	4.933505350974495e-17	2.7361225530400383e-17
4164.249999999999	1.3566290614281075e-17	2.583684746675091e-17
4164.499999999999	7.114156932094964e-17	2.8573769738007165e-17
4164.749999999999	2.931261407858443e-17	2.6728108106997196e-17
4164.999999999999	-1.7588175928592517e-18	2.4417739716577386e-17
4165.249999999999	4.697637115410714e-17	2.6347743991565712e-17
4165.499999999999	1.0764722523792576e-17	2.6700119623790852e-17
4165.749999999999	3.58177113082117e-17	2.903980329511954e-17
4165.999999999999	5.932251494377146e-17	2.901672826475176e-17
4166.249999999999	5.775492827364467e-17	2.6944999826692275e-17
4166.499999999999	3.642108000806503e-17	2.667231642904172e-17
4166.749999999999	2.598403433058737e-17	2.540562663289844e-17
4166.999999999999	2.005990409546427e-17	2.523051415158219e-17
4167.249999999999	2.757660681829694e-17	2.6169304589825773e-17
4167.499999999999	5.291290744405731e-17	2.77927590385244e-17
4167.749999999999	3.2224584311069156e-17	2.6681157335428686e-17
4167.999999999999	2.2421701613288952e-17	2.598517087674902e-17
4168.249999999999	2.4822282321313795e-17	2.6022736457087502e-17
4168.499999999999	2.2361305848044006e-17	2.5941290599614306e-17
4168.749999999999	7.970175542343428e-18	2.4455641132244566e-17
4168.999999999999	1.264597235988672e-18	2.440476456148888e-17
4169.249999999999	2.29231517355084e-17	2.5037595780400123e-17
4169.499999999999	4.8517474809742437e-17	2.6262367371821664e-17
4169.749999999999	6.327955508832303e-17	2.767002528795623e-17
4169.999999999999	7.590128567958797e-17	2.872050826995162e-17
4170.249999999999	2.0776409596418928e-17	2.606325838093525e-17
4170.499999999999	1.7603766628777916e-17	2.5184521255163017e-17
4170.749999999999	3.845875342030571e-17	2.6061122600593638e-17
4170.999999999999	5.4747706539263235e-17	2.685403146600737e-17
4171.249999999999	-4.986008985995073e-18	2.4440078556199994e-17
4171.499999999999	-1.6036479398032868e-17	2.419357542493674e-17
4171.749999999999	1.2517696912804754e-17	2.5501655684570948e-17
4171.999999999999	4.491319410922023e-17	2.667442904832618e-17
4172.249999999999	-2.3257665229586068e-17	2.3891560202765055e-17
4172.499999999999	1.735889800640507e-17	2.5476729423992275e-17
4172.749999999999	1.5205784922237715e-17	2.4890996214798575e-17
4172.999999999999	3.590509384094119e-18	2.3797445247029997e-17
4173.249999999999	6.0433985125149775e-18	2.463766222603686e-17
4173.499999999999	-3.053144527243692e-18	2.419802400227105e-17
4173.749999999999	-9.20721753097158e-18	2.3627759070532094e-17
4173.999999999999	1.983041110631756e-17	2.5321922572352975e-17
4174.249999999999	5.914791366007377e-17	2.7360431437012332e-17
4174.499999999999	3.2327244042531887e-18	2.4105215991903827e-17
4174.749999999999	2.7235523855794375e-17	2.5135833404308146e-17
4174.999999999999	1.4382341304897049e-18	2.4204608359946973e-17
4175.249999999999	-1.969128263600859e-17	2.338762853870795e-17
4175.499999999999	1.5723725717149018e-17	2.4621639737571708e-17
4175.749999999999	2.0155109275246674e-17	2.5425644403722225e-17
4175.999999999999	5.085053938180948e-18	2.5174839933273697e-17
4176.249999999999	-1.5868383683057751e-18	2.4899416913434365e-17
4176.499999999999	1.3456803747632638e-18	2.462153716717575e-17
4176.749999999999	-9.04573615896959e-18	2.415742597780695e-17
4176.999999999999	-7.04796263075602e-18	2.3660697402523955e-17
4177.249999999999	1.543712914159532e-17	2.4734066817707465e-17
4177.499999999999	2.101449533776884e-17	2.545062691258255e-17
4177.749999999999	1.0951744131182906e-18	2.5027859864590374e-17
4177.999999999999	3.236631343722399e-17	2.6194328457716727e-17
4178.249999999999	-3.516672761075798e-18	2.46332368097597e-17
4178.499999999999	-1.3723716319739717e-17	2.4052992771110904e-17
4178.749999999999	4.488929686132357e-18	2.4864822565856172e-17
4178.999999999999	4.250408351471874e-17	2.6596799802199303e-17
4179.249999999999	2.875912436966805e-17	2.607364611506769e-17
4179.499999999999	3.231886635728795e-17	2.6392400164115e-17
4179.749999999999	3.549421089680956e-17	2.6225509858087526e-17
4179.999999999999	3.105499062958858e-17	2.538791338726123e-17
4180.249999999999	5.167544524767798e-18	2.503825587052894e-17
4180.499999999999	4.022940631336937e-17	2.6123725283712876e-17
4180.749999999999	3.135980668531437e-17	2.5737350873950582e-17
4180.999999999999	3.533329697070778e-18	2.455888816194221e-17
4181.249999999999	-1.7294364683736132e-17	2.3803399293079153e-17
4181.499999999999	-6.333386528580143e-18	2.3895853270144205e-17
4181.749999999999	1.2716743865145226e-17	2.437612591432107e-17
4181.999999999999	2.1099297894167778e-17	2.461366406210547e-17
4182.249999999999	1.7560136160188194e-17	2.4672324402425282e-17
4182.499999999999	9.67244541416733e-18	2.4905332909175344e-17
4182.749999999999	1.3688486697451084e-18	2.447848124331838e-17
4182.999999999999	2.2732845600700774e-17	2.496228098562717e-17
4183.249999999999	3.693165889552461e-17	2.5151735124403865e-17
4183.499999999999	2.3563467284602022e-17	2.4421200640260308e-17
4183.749999999999	1.9208227356251098e-17	2.516749622379545e-17
4183.999999999999	2.6676573100473917e-17	2.5568650696742842e-17
4184.249999999999	9.03688449923466e-18	2.4829496990616483e-17
4184.499999999999	1.1125074658664565e-18	2.3959395630439304e-17
4184.749999999999	4.829964837595517e-17	2.4969808329201403e-17
4184.999999999999	3.176087347711683e-18	2.379235312317912e-17
4185.249999999999	-2.305921881037031e-18	2.403413801622837e-17
4185.499999999999	1.4187959030825916e-17	2.4888789296924284e-17
4185.749999999999	4.138611252090637e-17	2.606823469950037e-17
4185.999999999999	9.478768518363551e-17	2.7917673237187255e-17
4186.249999999999	2.5360879470481773e-17	2.5125791431671752e-17
4186.499999999999	1.4474138707350887e-17	2.4353221283159475e-17
4186.749999999999	3.4318912977824816e-17	2.5232800478795287e-17
4186.999999999999	3.2548223688814204e-17	2.5563671069455273e-17
4187.249999999999	-1.302366674989119e-17	2.3518840890554786e-17
4187.499999999999	1.0545837298821244e-18	2.445310499648648e-17
4187.749999999999	1.3015595121473897e-17	2.4995975360698905e-17
4187.999999999999	1.1944624530066791e-17	2.430658318586251e-17
4188.249999999999	7.156617767298536e-19	2.3661440210714028e-17
4188.499999999999	3.9119617479983643e-19	2.4305314290802854e-17
4188.749999999999	1.8355266832727242e-17	2.5252073787067773e-17
4188.999999999999	3.008527025388041e-17	2.5495486571562527e-17
4189.249999999999	2.1623687389134544e-17	2.4823458572144846e-17
4189.499999999999	3.8526721196877964e-17	2.6137443246991456e-17
4189.749999999999	2.6550643124018844e-17	2.5698734774234157e-17
4189.999999999999	2.509073055422808e-17	2.5464316751720304e-17
4190.249999999999	2.565423411164003e-17	2.526028272746675e-17
4190.499999999999	1.4149788781459656e-18	2.3720199812707345e-17
4190.749999999999	-6.710045288457695e-18	2.321309342945926e-17
4190.999999999999	-2.1433268757763612e-17	2.2682845841394393e-17
4191.249999999999	-1.6029688245203808e-17	2.3115014624228848e-17
4191.499999999999	1.4249134000207887e-17	2.4631190364924245e-17
4191.749999999999	3.198093991600289e-17	2.5636254513845576e-17
4191.999999999999	1.6601437138961685e-17	2.4740265709217937e-17
4192.249999999999	6.731128467910447e-18	2.4081178123303036e-17
4192.499999999999	1.0731032284623904e-17	2.4216531341296313e-17
4192.749999999999	2.503254997866355e-17	2.5313463823409008e-17
4192.999999999999	6.427912675797701e-17	2.716119009722791e-17
4193.249999999999	3.144423204735398e-17	2.5928274085495172e-17
4193.499999999999	1.1509587084868002e-17	2.499739645699127e-17
4193.749999999999	2.7286321017211256e-17	2.5185929116565582e-17
4193.999999999999	5.27858152788416e-18	2.4345779966368948e-17
4194.249999999999	2.5118096997613784e-17	2.5148388351645476e-17
4194.499999999999	1.9017990704614927e-17	2.5191160206759368e-17
4194.749999999999	1.208269999945598e-17	2.505618583748664e-17
4194.999999999999	3.4781876040503395e-17	2.533346505062054e-17
4195.249999999999	1.2491556351086853e-17	2.4462513348773657e-17
4195.499999999999	-4.35587354870014e-18	2.3252894051812862e-17
4195.749999999999	-2.9217977585473157e-18	2.3390174600633388e-17
4195.999999999999	1.7514331860948683e-17	2.4528107116987887e-17
4196.249999999999	5.1001882001043403e-17	2.5408083359317724e-17
4196.499999999999	4.7661048399451984e-17	2.5715362758907698e-17
4196.749999999999	6.0850590504759045e-18	2.403178551456627e-17
4196.999999999999	-1.9679941989810488e-17	2.267257060382526e-17
4197.249999999999	-4.915586550955065e-18	2.32136956169452e-17
4197.499999999999	2.796740002689149e-17	2.465053811945186e-17
4197.749999999999	3.581978256846553e-18	2.356226125526892e-17
4197.999999999999	1.9138605218453734e-17	2.4219105527362578e-17
4198.249999999999	4.2994601617962685e-17	2.5151563070836454e-17
4198.499999999999	1.8369954251683734e-17	2.3995477248758867e-17
4198.749999999999	6.465035218200101e-17	2.6870861282750373e-17
4198.999999999999	3.539076368940368e-17	2.574954517054084e-17
4199.249999999999	1.2136002070562825e-18	2.4105459183003917e-17
4199.499999999999	-1.4886043219539018e-17	2.3415335780506026e-17
4199.749999999999	-2.008974380888151e-17	2.3466897256808906e-17
4199.999999999999	-1.4130969595343462e-17	2.2804570431615247e-17
4200.249999999999	-7.924406811870256e-18	2.319303429960485e-17
4200.499999999999	5.134108643637486e-18	2.4172571654822795e-17
4200.749999999999	3.420583077064392e-17	2.5146240990775288e-17
4200.999999999999	4.2506968720695324e-17	2.5529328184783297e-17
4201.249999999999	3.86895434286529e-17	2.5204813649950168e-17
4201.499999999999	2.7222777002554933e-17	2.4474912786155827e-17
4201.749999999999	1.7088878130326934e-17	2.3689294690661138e-17
4201.999999999999	7.531024527958413e-18	2.3637347748192808e-17
4202.249999999999	7.045051782180446e-18	2.3976390883304818e-17
4202.499999999999	1.284049670222806e-17	2.4605349242588088e-17
4202.749999999999	2.7363594575674735e-17	2.5172403059189115e-17
4202.999999999999	3.078612053456189e-17	2.5230742453431255e-17
4203.249999999999	8.60736103999915e-18	2.4267060496194727e-17
4203.499999999999	3.608993975652535e-17	2.4895937791777967e-17
4203.749999999999	3.8041586385060514e-17	2.5186086280881967e-17
4203.999999999999	3.5251714628433515e-17	2.5402362578201307e-17
4204.249999999999	5.385290225727277e-17	2.617333461377013e-17
4204.499999999999	5.741400412981971e-17	2.5916448711458113e-17
4204.749999999999	4.667572408866862e-17	2.5696297900149575e-17
4204.999999999999	3.75554920437325e-17	2.5386290458899402e-17
4205.249999999999	3.0673994548169103e-17	2.518347569886875e-17
4205.499999999999	4.223064076526586e-17	2.5631748033868387e-17
4205.749999999999	1.9627968577562556e-17	2.4604713967877648e-17
4205.999999999999	8.067628171850138e-18	2.434004264164028e-17
4206.249999999999	1.0358069781313545e-17	2.4133474135989863e-17
4206.499999999999	2.0845585056685513e-17	2.3430569138666802e-17
4206.749999999999	1.0904947008413178e-17	2.3867429689935658e-17
4206.999999999999	3.997751327323472e-17	2.5283496724177437e-17
4207.249999999999	3.365181497485795e-17	2.5191687947990177e-17
4207.499999999999	1.2335129259422715e-18	2.4228254144937414e-17
4207.749999999999	1.6282497801457164e-17	2.47677810451139e-17
4207.999999999999	-2.4181060182268814e-17	2.219127887313373e-17
4208.249999999999	5.653108229732857e-18	2.4163042534166184e-17
4208.499999999999	2.3219863075592395e-17	2.4876745547205512e-17
4208.749999999999	-4.0802098193025556e-18	2.2848583057647968e-17
4208.999999999999	3.563178095884448e-17	2.5086870929489907e-17
4209.249999999999	-2.609334790289748e-17	2.2783626218505404e-17
4209.499999999999	-9.150369543373873e-18	2.3696765785953717e-17
4209.749999999999	3.7717771645025605e-17	2.5542864168327114e-17
4209.999999999999	3.8009329649893396e-17	2.509642651992612e-17
4210.249999999999	3.419760859535514e-17	2.4936904738795268e-17
4210.499999999999	3.4288623691744656e-18	2.3253539252690654e-17
4210.749999999999	8.126487035516961e-18	2.3494672327417212e-17
4210.999999999999	3.5257312986819274e-17	2.5093342790602522e-17
4211.249999999999	3.4060222581006514e-18	2.4096489236441392e-17
4211.499999999999	3.5520174441876375e-17	2.5534810737883298e-17
4211.749999999999	2.2173669852253702e-17	2.5016876560416895e-17
4211.999999999999	5.377071028288705e-18	2.3864263242550805e-17
4212.249999999999	1.5747200172355084e-19	2.3314212950621418e-17
4212.499999999999	-7.557282549323296e-18	2.2853726466696823e-17
4212.749999999999	-2.685451578025602e-18	2.358863508191956e-17
4212.999999999999	2.281602522873788e-17	2.520342729524353e-17
4213.249999999999	5.274708420102003e-17	2.6343737128678505e-17
4213.499999999999	4.9271972716231655e-17	2.5561436027440155e-17
4213.749999999999	1.15598647768602e-17	2.3478469513578523e-17
4213.999999999999	1.8259878018848852e-17	2.4573054457112793e-17
4214.249999999999	2.9060016280567887e-17	2.538624744550755e-17
4214.499999999999	3.294285170672855e-17	2.508558879954045e-17
4214.749999999999	4.270824492478663e-17	2.592198751283977e-17
4214.999999999999	3.0602277989060756e-17	2.5043726843100366e-17
4215.249999999999	1.8518831872692253e-17	2.4058993139274363e-17
4215.499999999999	4.543634448762939e-18	2.3655059339468794e-17
4215.749999999999	-6.08022997005982e-18	2.4123910273747525e-17
4215.999999999999	-4.709635949222225e-18	2.3324638735062037e-17
4216.249999999999	1.4629756195990488e-17	2.4143529343516058e-17
4216.499999999999	3.4160544286467864e-17	2.4786574588631106e-17
4216.749999999999	3.7313753472797555e-17	2.51405814210242e-17
4216.999999999999	3.339859513702077e-17	2.577707539568783e-17
4217.249999999999	6.545415667044329e-18	2.3899487901755763e-17
4217.499999999999	5.152028270837529e-18	2.3755725565655272e-17
4217.749999999999	1.5331241751382408e-17	2.4308411255016253e-17
4217.999999999999	1.1995157820868268e-17	2.4169423405411418e-17
4218.249999999999	-5.776670732556742e-17	2.0943763123589432e-17
4218.499999999999	-2.8772941594620133e-17	2.1892147202577404e-17
4218.749999999999	-4.571947186769404e-18	2.3103106532130535e-17
4218.999999999999	1.4833097042890723e-17	2.409779121872555e-17
4219.249999999999	4.3895583284767693e-17	2.5013182371801233e-17
4219.499999999999	2.3749430721193743e-17	2.4693427434212735e-17
4219.749999999999	2.3758957773898823e-18	2.320949023071098e-17
4219.999999999999	-4.9896589204479634e-18	2.3028774427925295e-17
4220.249999999999	9.553004669617735e-18	2.4350766211101418e-17
4220.499999999999	4.0907780442446556e-17	2.5492252295367445e-17
4220.749999999999	1.0772239114018846e-17	2.3820169552818053e-17
4220.999999999999	2.2906402982465425e-17	2.494199189956247e-17
4221.249999999999	3.594423354598536e-17	2.5372473233947316e-17
4221.499999999999	1.8604014932172964e-17	2.3309400413817585e-17
4221.749999999999	4.991656561627279e-18	2.321426306284541e-17
4221.999999999999	-2.1770990058256763e-17	2.3054713157573733e-17
4222.249999999999	-8.422242154812846e-18	2.388610246508343e-17
4222.499999999999	2.2523476261496252e-17	2.4803344848370006e-17
4222.749999999999	2.796426335800869e-17	2.4554241061260887e-17
4222.999999999999	2.0186679450505373e-17	2.4822722381399673e-17
4223.249999999999	2.3975942551412814e-17	2.461097407075345e-17
4223.499999999999	3.4029035803961733e-17	2.491206119627785e-17
4223.749999999999	3.699921308179059e-17	2.5238104360882977e-17
4223.999999999999	-1.3542357797618079e-17	2.3152973942538907e-17
4224.249999999999	1.9228875438701646e-17	2.434111466771415e-17
4224.499999999999	3.1154033927413227e-17	2.438447547542418e-17
4224.749999999999	3.0845760256726965e-17	2.41184525360659e-17
4224.999999999999	2.8124385672264257e-17	2.4481482254580723e-17
4225.249999999999	1.8796567689524283e-17	2.4583397523492156e-17
4225.499999999999	1.309734124550945e-17	2.361267295052035e-17
4225.749999999999	1.1560634054829875e-17	2.34297717365563e-17
4225.999999999999	1.6992124054847525e-18	2.3477460353231208e-17
4226.249999999999	-3.759042222663939e-17	2.2036807856823128e-17
4226.499999999999	2.3338282252085486e-17	2.48668210342161e-17
4226.749999999999	2.748212790309236e-17	2.4302836057687645e-17
4226.999999999999	2.2700825439188846e-17	2.447386722986156e-17
4227.249999999999	3.544167169302264e-17	2.5829381334542007e-17
4227.499999999999	2.156850079379715e-18	2.321383789201056e-17
4227.749999999999	2.9483516210582786e-17	2.4859272183945942e-17
4227.999999999999	2.5352931919156363e-17	2.462760205542699e-17
4228.249999999999	2.189308191666959e-17	2.4441105914520784e-17
4228.499999999999	5.3077797627363633e-17	2.6063324555384254e-17
4228.749999999999	1.0310224000322253e-17	2.3234965739216388e-17
4228.999999999999	9.932729374435715e-18	2.3515720765284236e-17
4229.249999999999	1.0687249614801472e-17	2.3578641085758695e-17
4229.499999999999	2.8920475874313866e-18	2.327617256861133e-17
4229.749999999999	-7.80959310887213e-19	2.4201870392119423e-17
4229.999999999999	1.0920400396616894e-17	2.4300766451795038e-17
4230.249999999999	2.028569958727287e-17	2.4400868540803755e-17
4230.499999999999	3.574956486062713e-17	2.4878431341293895e-17
4230.749999999999	5.3533792520562065e-17	2.52716068300526e-17
4230.999999999999	-2.883856679569764e-17	2.2601299067886466e-17
4231.249999999999	3.6345359894791925e-17	2.565704652572271e-17
4231.499999999999	6.394454212636666e-17	2.671918282818775e-17
4231.749999999999	5.828362903396406e-17	2.649643632411702e-17
4231.999999999999	6.503595069634873e-17	2.646017768914637e-17
4232.249999999999	9.836807029062229e-18	2.399562117818545e-17
4232.499999999999	2.781571826360642e-17	2.450498411014458e-17
4232.749999999999	3.395564834001603e-17	2.4589692367953685e-17
4232.999999999999	1.47746468064465e-17	2.3825135945215822e-17
4233.249999999999	1.5818155001516847e-17	2.4036215893927103e-17
4233.499999999999	-1.1292595276318804e-17	2.288424943130003e-17
4233.749999999999	-8.390320427793812e-18	2.3039129074833234e-17
4233.999999999999	-3.5603131558328706e-18	2.3117262901133767e-17
4234.249999999999	-7.095481675405354e-18	2.247924360542059e-17
4234.499999999999	2.218246609088759e-17	2.3991404211422656e-17
4234.749999999999	3.968502220863597e-17	2.5322650491292022e-17
4234.999999999999	4.364864340214101e-17	2.5732834467806043e-17
4235.249999999999	3.7157310457906626e-17	2.5222655935762937e-17
4235.499999999999	3.753561323925163e-17	2.4092192860339792e-17
4235.749999999999	2.1074039106982858e-17	2.443970467056312e-17
4235.999999999999	1.1597447727991547e-17	2.3704822525119984e-17
4236.249999999999	2.874968458451759e-17	2.415855756088492e-17
4236.499999999999	3.8603658920012746e-17	2.4914349177852172e-17
4236.749999999999	-1.499590603977586e-17	2.2316414756200753e-17
4236.999999999999	1.8810461015092723e-17	2.3540557690356753e-17
4237.249999999999	1.8432110257272194e-17	2.3728577497951282e-17
4237.499999999999	7.931266620690158e-18	2.3560373629111074e-17
4237.749999999999	8.282346060895427e-18	2.3666487666811826e-17
4237.999999999999	1.5809027890637937e-17	2.4161381555496177e-17
4238.249999999999	2.2544855571608297e-17	2.4397961828131244e-17
4238.499999999999	4.1853366996602874e-17	2.555330484201876e-17
4238.749999999999	5.606060429878495e-17	2.624710919824251e-17
4238.999999999999	3.67825182310813e-17	2.482612374807849e-17
4239.249999999999	1.2409309782780705e-17	2.3451169244641823e-17
4239.499999999999	6.4957360266350066e-18	2.3103695484726673e-17
4239.749999999999	7.959394897420024e-18	2.3724388655329313e-17
4239.999999999999	2.399039174235289e-17	2.4937927134032384e-17
4240.249999999999	5.767981365657995e-17	2.5766379950367518e-17
4240.499999999999	6.189283642221463e-17	2.6119270088933666e-17
4240.749999999999	1.5254479390537487e-17	2.3886894904110256e-17
4240.999999999999	-3.569118576171559e-17	2.1491019199409615e-17
4241.249999999999	-4.849439977937466e-17	2.1303181371549848e-17
4241.499999999999	-1.7633872694352396e-17	2.2504954033219964e-17
4241.749999999999	-1.3973641703992255e-18	2.3171865093368393e-17
4241.999999999999	1.4971031064395166e-17	2.4055176527928044e-17
4242.249999999999	1.4099811356029815e-17	2.4363329430244873e-17
4242.499999999999	9.06915653724311e-19	2.3137090420416663e-17
4242.749999999999	3.410917637042832e-17	2.4851089713326567e-17
4242.999999999999	2.8867352681014486e-17	2.4259878914116542e-17
4243.249999999999	1.7090186730055992e-17	2.43013305889728e-17
4243.499999999999	2.117781056918886e-17	2.4944541270210358e-17
4243.749999999999	2.0963139002257874e-17	2.3285800950941447e-17
4243.999999999999	1.6057135752289542e-17	2.3525714761445102e-17
4244.249999999999	3.2309135404561876e-17	2.4655845310262e-17
4244.499999999999	3.7970786342070875e-17	2.5247307572378242e-17
4244.749999999999	1.8442402038453578e-17	2.4588489647343033e-17
4244.999999999999	2.53168569182817e-17	2.4651557205966526e-17
4245.249999999999	1.530335914729447e-17	2.404815707324992e-17
4245.499999999999	4.648882759234594e-17	2.5479904143183253e-17
4245.749999999999	5.846016261157268e-17	2.6564218812232065e-17
4245.999999999999	-3.004223049564563e-19	2.3691989645096836e-17
4246.249999999999	-7.541528894557224e-18	2.287878342181228e-17
4246.499999999999	4.5433106075531246e-18	2.3640227991085718e-17
4246.749999999999	2.6445387699793922e-17	2.469836404810845e-17
4246.999999999999	3.984680219283909e-17	2.5274051975943307e-17
4247.249999999999	2.2909081393288872e-17	2.4783398215078903e-17
4247.499999999999	6.662767118802737e-17	2.6749962218780847e-17
4247.749999999999	3.5334723857264436e-17	2.5261278652924263e-17
4247.999999999999	2.7979049211458077e-18	2.3225742675386422e-17
4248.249999999999	1.1096222598898715e-17	2.3544180741439736e-17
4248.499999999999	4.841665141923957e-18	2.4008187706051356e-17
4248.749999999999	5.032344500623966e-17	2.567438423136182e-17
4248.999999999999	1.3886043070327736e-17	2.4138387588828428e-17
4249.249999999999	-2.1341969524833685e-17	2.2547797025866536e-17
4249.499999999999	7.590204668575152e-17	2.656163469999845e-17
4249.749999999999	3.7783764114295086e-17	2.4877021825530104e-17
4249.999999999999	2.1169561924120482e-17	2.391598850061497e-17
4250.249999999999	3.1096740089465354e-17	2.4528416482536982e-17
4250.499999999999	5.859509231309233e-17	2.6084316744969625e-17
4250.749999999999	6.060612720088635e-17	2.6539456333414677e-17
4250.999999999999	3.0621289908259674e-17	2.5036584965691583e-17
4251.249999999999	4.508465210659022e-18	2.3577989267436003e-17
4251.499999999999	1.5198912292118318e-18	2.346882624199738e-17
4251.749999999999	3.145191159216092e-17	2.4702829169055013e-17
4251.999999999999	-2.2682975708750564e-18	2.2752823666855154e-17
4252.249999999999	1.7052526851127678e-17	2.3928020669805167e-17
4252.499999999999	1.1233958097056145e-17	2.3936214720953118e-17
4252.749999999999	-2.6698433002521856e-18	2.3838660348231064e-17
4252.999999999999	3.999222716197081e-17	2.574971722410825e-17
4253.249999999999	-3.4789204860730615e-17	2.262507554741369e-17
4253.499999999999	-1.6633765011661483e-17	2.2605491219230884e-17
4253.749999999999	1.8864556972792466e-17	2.371529297731368e-17
4253.999999999999	3.1591691880792584e-17	2.4554944164781557e-17
4254.249999999999	1.7312455123732666e-17	2.3849488142449383e-17
4254.499999999999	3.712117259130541e-17	2.4847443501186433e-17
4254.749999999999	5.991767470322581e-17	2.5930209688128546e-17
4254.999999999999	4.9180271473524026e-17	2.5473615916166625e-17
4255.249999999999	-1.6427579490634678e-18	2.328311261395065e-17
4255.499999999999	4.1414269748957675e-17	2.5107962380748784e-17
4255.749999999999	3.526736157690057e-17	2.4721880792923334e-17
4255.999999999999	3.0094332844671543e-17	2.4890387409867736e-17
4256.249999999999	2.0881221651835523e-17	2.457802084951056e-17
4256.499999999999	-3.4327131844391143e-17	2.2200989973525103e-17
4256.749999999999	2.7960452123336354e-18	2.373188456604027e-17
4256.999999999999	7.030579430183219e-18	2.3170450614520927e-17
4257.249999999999	2.730787486243255e-18	2.316769775744235e-17
4257.499999999999	9.207371386565515e-18	2.3823549412800945e-17
4257.749999999999	1.5747272240465953e-17	2.314563354178311e-17
4257.999999999999	1.16813288051881e-17	2.388438192940932e-17
4258.249999999999	2.234427750795399e-17	2.4132709821103864e-17
4258.499999999999	3.312257158405672e-17	2.4465178524707303e-17
4258.749999999999	3.8109901577490043e-17	2.5238509679383128e-17
4258.999999999999	6.035992516336607e-17	2.6506395578692158e-17
4259.249999999999	2.1678825594406104e-17	2.4238898305059747e-17
4259.499999999999	2.4254042327714367e-17	2.4286937646314376e-17
4259.749999999999	4.222224653640967e-17	2.5117140776825673e-17
4259.999999999999	1.218467565255213e-17	2.3731750562781035e-17
4260.249999999999	1.8340577759409526e-17	2.444656365220241e-17
4260.499999999999	4.282541919445783e-18	2.3280971870525362e-17
4260.749999999999	5.1595193606364766e-20	2.311439920185311e-17
4260.999999999999	1.6362959314001422e-17	2.437053748210266e-17
4261.249999999999	4.4010078316434833e-17	2.5332171340142507e-17
4261.499999999999	4.789274003466686e-18	2.3329029409753468e-17
4261.749999999999	3.137777966566392e-17	2.3934432973913678e-17
4261.999999999999	3.002427395551075e-17	2.417146819588565e-17
4262.249999999999	-1.53400843121306e-17	2.2777460414219434e-17
4262.499999999999	1.1306994836422127e-17	2.3518533179366916e-17
4262.749999999999	1.2528896111118109e-17	2.3908843314483738e-17
4262.999999999999	2.7233113451489395e-17	2.4021098341052084e-17
4263.249999999999	2.847635102290557e-17	2.3754160539936322e-17
4263.499999999999	-9.412250789405099e-18	2.305340290348345e-17
4263.749999999999	1.1388572008817566e-18	2.296039967849166e-17
4263.999999999999	2.2987948101612127e-17	2.4429841368939037e-17
4264.249999999999	3.796025467851185e-17	2.51834856250361e-17
4264.499999999999	3.458122187623273e-17	2.4578800053647586e-17
4264.749999999999	-1.6887434835751895e-17	2.237353157749754e-17
4264.999999999999	5.614478481536325e-18	2.3124672785061017e-17
4265.249999999999	2.982703770153116e-17	2.4425460620414956e-17
4265.499999999999	3.908494899634305e-17	2.4872684090397876e-17
4265.749999999999	2.5222052093915773e-17	2.39745313812878e-17
4265.999999999999	-5.1068315357579375e-18	2.232862890512571e-17
4266.249999999999	1.997824647975426e-17	2.4002672065726853e-17
4266.499999999999	1.5311223980558624e-17	2.3675014244566023e-17
4266.749999999999	9.328132311372744e-18	2.3134039778317568e-17
4266.999999999999	1.7487733041171428e-17	2.419498163197808e-17
4267.249999999999	-3.395910264625405e-17	2.1282346346280862e-17
4267.499999999999	-2.722497895734555e-18	2.3259984644023667e-17
4267.749999999999	5.8375442773235e-18	2.3038280387524754e-17
4267.999999999999	-1.2342350546170303e-18	2.2102873117986513e-17
4268.249999999999	3.9445497173020214e-17	2.523665348608856e-17
4268.499999999999	2.1408023205468494e-17	2.423000280475235e-17
4268.749999999999	8.854104880820656e-18	2.3899071002727036e-17
4268.999999999999	1.8019591977069548e-17	2.374151129400916e-17
4269.249999999999	2.265254456119535e-17	2.3520189194953248e-17
4269.499999999999	-1.6212056754853374e-17	2.321360793580027e-17
4269.749999999999	2.4341849204098096e-18	2.2745534551297337e-17
4269.999999999999	-1.0698773067914949e-17	2.1916201614790447e-17
4270.249999999999	-1.912636956283285e-17	2.1891576447954743e-17
4270.499999999999	6.7142606008592654e-18	2.3250733456052874e-17
4270.749999999999	5.368291746857374e-18	2.434253410964529e-17
4270.999999999999	4.438749436016318e-17	2.542586939684884e-17
4271.249999999999	4.720341899736315e-17	2.5115550935688346e-17
4271.499999999999	2.9098337903986243e-17	2.4148644628424086e-17
4271.749999999999	3.5618297914859865e-17	2.42198516442751e-17
4271.999999999999	-7.739456671528912e-18	2.2845403375373314e-17
4272.249999999999	-2.7251504571638593e-18	2.2483748431036555e-17
4272.499999999999	1.2078759311017777e-17	2.3176583331582395e-17
4272.749999999999	2.4903723215703316e-17	2.4299522372153758e-17
4272.999999999999	5.569963591435661e-17	2.5025421336144568e-17
4273.249999999999	2.0739148418545865e-17	2.331309294807202e-17
4273.499999999999	8.46984888060711e-18	2.2788676983325653e-17
4273.749999999999	6.119283648320286e-18	2.2704557678112685e-17
4273.999999999999	2.1166822922317166e-19	2.2787876272492702e-17
4274.249999999999	2.5334338553347396e-17	2.4945674507649556e-17
4274.499999999999	3.3623982001606767e-17	2.4681597097092e-17
4274.749999999999	1.6162427572461417e-17	2.3441800597024047e-17
4274.999999999999	-5.346014118600096e-18	2.23537933937208e-17
4275.249999999999	-5.511746371769995e-18	2.2351368100164794e-17
4275.499999999999	-1.2941257227004369e-17	2.2363595483979552e-17
4275.749999999999	1.947375233288062e-17	2.3355619957724598e-17
4275.999999999999	2.9819976887822405e-17	2.4376374068504835e-17
4276.249999999999	2.1218570721053024e-17	2.4565719019440673e-17
4276.499999999999	-2.580132667688666e-18	2.2923720835769835e-17
4276.749999999999	-1.0792820194839778e-17	2.2510848522265017e-17
4276.999999999999	-3.579814765954421e-18	2.2659405197195866e-17
4277.249999999999	5.153934094968851e-18	2.3096257476658596e-17
4277.499999999999	1.2200918171060221e-17	2.3651777086798183e-17
4277.749999999999	2.8263318927948663e-17	2.4383749210846357e-17
4277.999999999999	-3.1560069179564988e-18	2.3050611996096695e-17
4278.249999999999	1.8313777107562808e-17	2.3977009614403008e-17
4278.499999999999	3.528782933397758e-17	2.441926007454326e-17
4278.749999999999	-1.6826409792855948e-18	2.2143418202891413e-17
4278.999999999999	9.406741766525496e-18	2.3049387768790116e-17
4279.249999999999	2.0737424574149304e-17	2.345323885053443e-17
4279.499999999999	3.7663978435430057e-17	2.4048100824968265e-17
4279.749999999999	4.2025589308858865e-17	2.44265508444623e-17
4279.999999999999	9.15317120410859e-18	2.3476937575084075e-17
4280.249999999999	5.458255496688335e-17	2.5877329685929256e-17
4280.499999999999	4.047388781521554e-17	2.4607519764515428e-17
4280.749999999999	2.6953096270527944e-17	2.365272172705772e-17
4280.999999999999	3.073929880316894e-17	2.4090730405016798e-17
4281.249999999999	2.413702439517894e-17	2.3560921222676584e-17
4281.499999999999	8.443889471443358e-18	2.373130223088903e-17
4281.749999999999	2.363162365835394e-17	2.4467499593506126e-17
4281.999999999999	2.6724384139879482e-17	2.428572996262005e-17
4282.249999999999	-2.6625903738461675e-18	2.2549896410261196e-17
4282.499999999999	-8.72700113507637e-18	2.2125476655405137e-17
4282.749999999999	4.209349256534334e-18	2.3127685376851936e-17
4282.999999999999	2.0150314936416317e-17	2.4008057011514573e-17
4283.249999999999	1.6566740220987536e-17	2.3712942130012804e-17
4283.499999999999	-1.4823179147346213e-17	2.1579646638960996e-17
4283.749999999999	2.490914124871554e-17	2.3400567297849504e-17
4283.999999999999	2.3857420804523766e-17	2.3582669455341828e-17
4284.249999999999	1.2457582388968075e-17	2.343193894976119e-17
4284.499999999999	3.0996223065981865e-19	2.3217401386089437e-17
4284.749999999999	-1.266111431458981e-17	2.2647475598401626e-17
4284.999999999999	1.4326605875223226e-18	2.3107601431579148e-17
4285.249999999999	3.297291227736934e-18	2.29637497599725e-17
4285.499999999999	1.6717146471768053e-17	2.3515525550659674e-17
4285.749999999999	3.812900283219512e-17	2.461903577300339e-17
4285.999999999999	1.0457924543319109e-17	2.3351639564616992e-17
4286.249999999999	5.512855372817245e-17	2.5185080429257103e-17
4286.499999999999	4.4775865583924175e-17	2.4411127234760638e-17
4286.749999999999	1.8694485330129113e-17	2.343824372039007e-17
4286.999999999999	3.5354017017871623e-17	2.5104190437155542e-17
4287.249999999999	5.812911169553916e-17	2.5985043490934686e-17
4287.499999999999	3.540308868053072e-17	2.389662585683633e-17
4287.749999999999	3.195681271189594e-17	2.3510315967161815e-17
4287.999999999999	2.823831160366996e-17	2.3764381183585027e-17
4288.249999999999	-2.1716007362940363e-17	2.090120468107358e-17
4288.499999999999	4.562890386242561e-17	2.4769564446514566e-17
4288.749999999999	7.905119441527357e-18	2.2849362261784993e-17
4288.999999999999	-5.504630550550508e-18	2.2178025785359406e-17
4289.249999999999	3.49590283492102e-17	2.4055115316562715e-17
4289.499999999999	1.689280158356614e-17	2.319476476144631e-17
4289.749999999999	1.6536137847045524e-17	2.370669029894313e-17
4289.999999999999	8.220815403850058e-18	2.3079192740621627e-17
4290.249999999999	8.09097617182006e-18	2.2672782362062073e-17
4290.499999999999	2.702174068084127e-17	2.3461194673665966e-17
4290.749999999999	2.3361947889410628e-17	2.3860550855961667e-17
4290.999999999999	4.004727106865254e-17	2.500571293086988e-17
4291.249999999999	4.3427336192336126e-17	2.521442383430681e-17
4291.499999999999	4.0087084925895944e-17	2.459898326059388e-17
4291.749999999999	3.215101817611114e-17	2.3605585667031997e-17
4291.999999999999	2.2918446732184197e-17	2.3383955856788214e-17
4292.249999999999	1.1595525360247974e-17	2.4072534085901857e-17
4292.499999999999	4.443469907617974e-18	2.3620658552153938e-17
4292.749999999999	2.4346959112332143e-18	2.2932980295546754e-17
4292.999999999999	3.722993691568878e-17	2.478150562583738e-17
4293.249999999999	3.549043564449387e-17	2.4023917372579665e-17
4293.499999999999	2.454174567092766e-17	2.3536962763414598e-17
4293.749999999999	1.8804564871686445e-17	2.3302372687333334e-17
4293.999999999999	1.0688221552021222e-17	2.3257653649057492e-17
4294.249999999999	1.1102172509044809e-17	2.3262763970881845e-17
4294.499999999999	2.700995542506392e-18	2.248445980636335e-17
4294.749999999999	-2.782090882195019e-18	2.2023693735391712e-17
4294.999999999999	9.29542310841056e-18	2.2466471936762772e-17
4295.249999999999	2.4309130902149174e-17	2.375977213321188e-17
4295.499999999999	2.7638855468114006e-17	2.339129956626646e-17
4295.749999999999	3.655101684740731e-17	2.4277064418522943e-17
4295.999999999999	3.3397003641522216e-17	2.4120355051474772e-17
4296.249999999999	2.3838683509288215e-17	2.355327972817782e-17
4296.499999999999	2.5772921294651587e-17	2.405876152870285e-17
4296.749999999999	-5.678913369712368e-18	2.2078151998199754e-17
4296.999999999999	1.0941561331047225e-17	2.285974834155621e-17
4297.249999999999	1.8074913816437095e-17	2.3542612406998335e-17
4297.499999999999	1.4233237243195843e-17	2.3592643599167992e-17
4297.749999999999	4.570404825799238e-17	2.4316598688719303e-17
4297.999999999999	2.9107556004732534e-17	2.4324936669293837e-17
4298.249999999999	3.078832083499128e-17	2.4322259912831616e-17
4298.499999999999	4.4284970286320906e-17	2.4610793745379912e-17
4298.749999999999	4.79912555912607e-17	2.4526255886776993e-17
4298.999999999999	1.2937067557201788e-18	2.1741156962284425e-17
4299.249999999999	2.112039637646186e-18	2.2153537930505386e-17
4299.499999999999	-5.898717592344246e-18	2.1988828072572602e-17
4299.749999999999	3.0565595424026173e-18	2.221511160094261e-17
4299.999999999999	2.1639478267028182e-17	2.3676981280062674e-17
4300.249999999999	2.6986866746216034e-17	2.3697152906480392e-17
4300.499999999999	2.7468006275674853e-17	2.3781497204819974e-17
4300.749999999999	5.1998859632296416e-17	2.5018114022613274e-17
4300.999999999999	8.457253401419765e-17	2.609484840852865e-17
4301.249999999999	7.089334234528983e-17	2.515626641979943e-17
4301.499999999999	4.6842712002008374e-17	2.4363504792534735e-17
4301.749999999999	3.1951730514212414e-17	2.368068043176201e-17
4301.999999999999	5.002661786086991e-18	2.232422499554448e-17
4302.249999999999	-1.135398862138249e-17	2.110165370455233e-17
4302.499999999999	5.7449207282328744e-18	2.281053936691543e-17
4302.749999999999	2.2064383680301385e-19	2.2730870293397997e-17
4302.999999999999	-9.852410757342276e-19	2.261813881079682e-17
4303.249999999999	6.031065663172118e-18	2.3194351171140034e-17
4303.499999999999	3.4853033425517657e-17	2.437614907537822e-17
4303.749999999999	6.428776252357207e-17	2.474289118048218e-17
4303.999999999999	-6.918229691434735e-18	2.235668356278106e-17
4304.249999999999	4.362062927633568e-18	2.249894208452793e-17
4304.499999999999	4.24855447428302e-17	2.3949176641151823e-17
4304.749999999999	3.8165617154829165e-17	2.4808236794512645e-17
4304.999999999999	7.732623994233102e-17	2.6217373709582455e-17
4305.249999999999	3.156352141785148e-17	2.4147101109401062e-17
4305.499999999999	1.786800285801308e-17	2.3245806768324508e-17
4305.749999999999	2.4358177749389893e-17	2.3481025501671312e-17
4305.999999999999	5.209281990525693e-18	2.2742354869022683e-17
4306.249999999999	-8.961770709350558e-18	2.1473434993947962e-17
4306.499999999999	1.9898795781918543e-17	2.307808266423958e-17
4306.749999999999	2.9041414642952794e-17	2.401183060946904e-17
4306.999999999999	1.0795575533460192e-17	2.343833471025745e-17
4307.249999999999	6.62042523217125e-18	2.2783766839209538e-17
4307.499999999999	-6.2363491437409344e-18	2.186702241865172e-17
4307.749999999999	5.99053381315702e-18	2.217490400572763e-17
4307.999999999999	3.3083975336675e-17	2.3576434167884403e-17
4308.249999999999	5.643621708877793e-17	2.5035536100674866e-17
4308.499999999999	2.933071609910954e-17	2.37784085124127e-17
4308.749999999999	2.5554084046155784e-17	2.39113844133255e-17
4308.999999999999	3.205988603366495e-17	2.3924213984626198e-17
4309.249999999999	4.2457357736276844e-17	2.3962674574387464e-17
4309.499999999999	5.077595581469802e-17	2.4128886592312644e-17
4309.749999999999	1.0368153112980566e-17	2.2711534119398958e-17
4309.999999999999	-1.3524149897974561e-17	2.1339329164318415e-17
4310.249999999999	8.48988815812682e-18	2.2497428344006957e-17
4310.499999999999	4.056327956965292e-17	2.4058407495400676e-17
4310.749999999999	9.570344856798684e-18	2.24150163395783e-17
4310.999999999999	2.904836957754314e-17	2.3253846963878523e-17
4311.249999999999	2.2872185829246556e-17	2.2906131667224508e-17
4311.499999999999	2.5473569594052322e-17	2.2966676324979714e-17
4311.749999999999	3.131939394930748e-17	2.3295808181992113e-17
4311.999999999999	9.231320126455303e-19	2.220608871482088e-17
4312.249999999999	2.15789286461893e-17	2.2789671254421942e-17
4312.499999999999	4.348510979503928e-17	2.4154084168132234e-17
4312.749999999999	4.732353223975075e-17	2.4766088633580618e-17
4312.999999999999	3.673615641210893e-17	2.421914854075443e-17
4313.249999999999	2.8279409245224045e-17	2.4056825926069475e-17
4313.499999999999	1.5828137417149137e-17	2.3222314838928002e-17
4313.749999999999	1.1071147445809783e-17	2.2268908119260607e-17
4313.999999999999	7.055886193843666e-18	2.1596216720991658e-17
4314.249999999999	-6.215935153403738e-18	2.1814655268432212e-17
4314.499999999999	3.9348018900914515e-17	2.4192184107146427e-17
4314.749999999999	1.7296876004075843e-17	2.2970479701436233e-17
4314.999999999999	1.505410646767509e-17	2.256656079088169e-17
4315.249999999999	5.921065944543898e-18	2.2238261077565518e-17
4315.499999999999	-6.818758823951457e-17	1.9459241930575214e-17
4315.749999999999	5.2558212397394574e-17	2.480396523382942e-17
4315.999999999999	2.5405888021972008e-17	2.3783585008686058e-17
4316.249999999999	1.539264336825222e-17	2.338187136164458e-17
4316.499999999999	3.6188427188978364e-17	2.4321988597590698e-17
4316.749999999999	-1.507193551859806e-17	2.2110620491603685e-17
4316.999999999999	4.5379098626157046e-17	2.4782494933849995e-17
4317.249999999999	2.1372760495955358e-17	2.337927236015994e-17
4317.499999999999	-7.008593796682172e-18	2.183656728285874e-17
4317.749999999999	2.5407030358397944e-18	2.2340012564715666e-17
4317.999999999999	-2.7633633063316652e-18	2.177424253242532e-17
4318.249999999999	-2.036469699013291e-17	2.094919273713023e-17
4318.499999999999	-2.0244608563163687e-17	2.097998205389068e-17
4318.749999999999	-2.7653901056275733e-18	2.1650957879569193e-17
4318.999999999999	2.1974881807444958e-17	2.2370034257867665e-17
4319.249999999999	-7.755264920215413e-18	2.1700060975091566e-17
4319.499999999999	-1.151555767452941e-17	2.1340874337702664e-17
4319.749999999999	2.739948925117586e-17	2.338340330013903e-17
4319.999999999999	4.425011620403037e-17	2.4486291482662106e-17
4320.249999999999	-2.116506702467187e-17	2.0515404334656396e-17
4320.499999999999	-1.4220313373305315e-17	2.147189478364739e-17
4320.749999999999	-4.348698584066855e-18	2.2081889200207268e-17
4320.999999999999	3.3140197148549e-17	2.4018694554192005e-17
4321.249999999999	7.299393773236619e-17	2.572665211990782e-17
4321.499999999999	2.5304478987595457e-17	2.345376990048769e-17
4321.749999999999	4.366379569660176e-18	2.2064842662143775e-17
4321.999999999999	-3.4971318598751515e-18	2.1690227451969535e-17
4322.249999999999	2.606088354539661e-18	2.2241050330591046e-17
4322.499999999999	2.1809139628107708e-17	2.3108997712453138e-17
4322.749999999999	1.5445835010747288e-18	2.2766561482468435e-17
4322.999999999999	-6.509159513615517e-18	2.1418773244709233e-17
4323.249999999999	-4.9912744041842795e-18	2.1253811923870233e-17
4323.499999999999	5.692262824028055e-18	2.22278551454596e-17
4323.749999999999	2.891433323108505e-17	2.3642702915478477e-17
4323.999999999999	7.490689546929102e-18	2.202382939301217e-17
4324.249999999999	1.844191317471156e-18	2.1323472111975774e-17
4324.499999999999	1.0548595946164109e-17	2.1737378401246283e-17
4324.749999999999	1.354086804533487e-17	2.2139939081235015e-17
4324.999999999999	2.7747045729152267e-18	2.1833074926312543e-17
4325.249999999999	1.8192945872403512e-17	2.3097217006169157e-17
4325.499999999999	3.516241551822474e-17	2.3941507022512232e-17
4325.749999999999	3.2263379081797893e-17	2.3569595038579815e-17
4325.999999999999	1.647735673835628e-17	2.2667700164378547e-17
4326.249999999999	2.911935821771244e-17	2.3020631661975323e-17
4326.499999999999	1.80036091932738e-17	2.256625638841627e-17
4326.749999999999	6.065877766046565e-19	2.1719617179133544e-17
4326.999999999999	1.6108439148241306e-17	2.2462574261716423e-17
4327.249999999999	4.5838312906299535e-17	2.3745604183680073e-17
4327.499999999999	-1.50417450806011e-17	2.0837242113027303e-17
4327.749999999999	-2.735458781957495e-18	2.2018715762465368e-17
4327.999999999999	-4.885725744432207e-18	2.2010038637839687e-17
4328.249999999999	-1.1174771928360692e-19	2.2123830565986157e-17
4328.499999999999	1.472642879417956e-17	2.2921972175954898e-17
4328.749999999999	-7.041547845105672e-18	2.1804839943283658e-17
4328.999999999999	1.3131559225908931e-17	2.177463792475812e-17
4329.249999999999	3.579912621420886e-17	2.295164149016595e-17
4329.499999999999	3.674495430510404e-17	2.3466673918043517e-17
4329.749999999999	2.3284710726894102e-17	2.1973771731062912e-17
4329.999999999999	-6.183393454515596e-18	2.2159487013470868e-17
4330.249999999999	1.9585064373550655e-17	2.2845128751409947e-17
4330.499999999999	2.7244404466850744e-17	2.282777946524226e-17
4330.749999999999	1.3387711419017615e-17	2.2337299412306492e-17
4330.999999999999	1.5248260646692313e-17	2.2207412203800965e-17
4331.249999999999	2.9027852189629375e-17	2.322059099453144e-17
4331.499999999999	5.293530087760035e-17	2.4665936913735148e-17
4331.749999999999	7.005020707308188e-17	2.532837788985334e-17
4331.999999999999	5.353063269062211e-17	2.4555792852090037e-17
4332.249999999999	3.3926688746770547e-18	2.1778575304473874e-17
4332.499999999999	4.265133903454604e-18	2.1843151640534664e-17
4332.749999999999	7.494720398054073e-18	2.2458281194337272e-17
4332.999999999999	3.029578441105271e-17	2.3634599854197907e-17
4333.249999999999	5.108730990598543e-17	2.465872224443246e-17
4333.499999999999	3.6646057418247814e-18	2.2758557682861372e-17
4333.749999999999	1.8654659892357135e-17	2.2721308085516884e-17
4333.999999999999	3.55564578922654e-17	2.3265786488840114e-17
4334.249999999999	4.967283105851975e-17	2.4001153362122206e-17
4334.499999999999	6.15054578151887e-17	2.4576201052162945e-17
4334.749999999999	4.931694156305249e-17	2.4141251288109087e-17
4334.999999999999	4.3543204343820104e-17	2.393062298001226e-17
4335.249999999999	2.970435358179974e-17	2.3361324195228763e-17
4335.499999999999	2.7296468868966057e-17	2.338676992523212e-17
4335.749999999999	5.559277741410456e-17	2.4730379246536704e-17
4335.999999999999	2.9635452745496526e-17	2.2470230645466213e-17
4336.249999999999	2.384756246598336e-17	2.3205999528526006e-17
4336.499999999999	1.7388789005020285e-17	2.3215852903982738e-17
4336.749999999999	9.016812134490449e-18	2.222541496265257e-17
4336.999999999999	1.1051795555379105e-17	2.173874159489577e-17
4337.249999999999	3.646058594732541e-19	2.1560553656062047e-17
4337.499999999999	2.886807729123108e-17	2.2537152865744204e-17
4337.749999999999	2.534085508221309e-17	2.2060582681989127e-17
4337.999999999999	-1.2667346293324785e-17	2.0382507843082402e-17
4338.249999999999	-1.6575750802797653e-19	2.113409903689911e-17
4338.499999999999	1.6438232749743748e-17	2.1600852241144406e-17
4338.749999999999	2.8666496658824965e-20	2.1224536347630756e-17
4338.999999999999	1.209420194587353e-17	2.1846470289152226e-17
4339.249999999999	4.5976819336787864e-17	2.3367685214139296e-17
4339.499999999999	-5.439443755197654e-18	2.13886374006327e-17
4339.749999999999	3.4239811350207595e-17	2.322620589652945e-17
4339.999999999999	3.6865587016916325e-17	2.3417593983578296e-17
4340.249999999999	2.6987674074493886e-17	2.2656710242760168e-17
4340.499999999999	3.566297890282753e-17	2.1918382062885136e-17
4340.749999999999	-1.3030887209458165e-17	2.014390759539148e-17
4340.999999999999	5.213620139248227e-17	2.3846900721493317e-17
4341.249999999999	7.268492952529598e-17	2.4508186953476385e-17
4341.499999999999	5.232135750079614e-17	2.3583309693135944e-17
4341.749999999999	6.150482254047826e-17	2.4152492672633682e-17
4341.999999999999	2.1675996636711173e-17	2.2522255342912124e-17
4342.249999999999	2.6270336429843e-17	2.3069623915295613e-17
4342.499999999999	3.640850355403177e-17	2.3304245424240154e-17
4342.749999999999	3.766947422341986e-17	2.313369401682152e-17
4342.999999999999	5.404630039321012e-17	2.4061008151246543e-17
4343.249999999999	3.410920614893037e-17	2.2899504296156733e-17
4343.499999999999	4.9522962475137395e-17	2.3922774690360356e-17
4343.749999999999	6.620312901044065e-17	2.4837302266876533e-17
4343.999999999999	8.448933949690952e-17	2.5182590615613318e-17
4344.249999999999	4.763811212863196e-19	2.6073055508110328e-17
4344.499999999999	2.2228987390282063e-16	4.7204180003526696e-17
4344.749999999999	1.8854835615361498e-16	4.780592081193452e-17
4344.999999999999	1.136906018301545e-16	3.841759291302507e-17
4345.249999999999	6.170699871707602e-17	2.4107724003521087e-17
4345.499999999999	2.4254915830441223e-17	2.3043205420891895e-17
4345.749999999999	3.6507890958991244e-17	2.334115091444982e-17
4345.999999999999	4.884109764387523e-17	2.3357487731547742e-17
4346.249999999999	5.370999191720321e-17	2.3461922592605012e-17
4346.499999999999	4.7977746077496487e-17	2.391697284554391e-17
4346.749999999999	1.1489685119329976e-17	2.2098434466819554e-17
4346.999999999999	6.489714565365927e-18	2.1728161954861217e-17
4347.249999999999	7.714632981346196e-18	2.1682979695442345e-17
4347.499999999999	1.3949084159171627e-17	2.211726440628371e-17
4347.749999999999	4.023894536019333e-17	2.3369825957564583e-17
4347.999999999999	1.987495809102599e-17	2.1954973224462032e-17
4348.249999999999	8.157177917784516e-18	2.144182180529741e-17
4348.499999999999	1.6787542850618766e-17	2.1796351415837638e-17
4348.749999999999	3.364279539745867e-17	2.2547093922345866e-17
4348.999999999999	4.0909027830810286e-17	2.3214008291216744e-17
4349.249999999999	1.3992833741769557e-17	2.259862065706302e-17
4349.499999999999	4.926318392222328e-18	2.2265720165179828e-17
4349.749999999999	2.5531932149351613e-17	2.2901150385575713e-17
4349.999999999999	6.266971783607954e-17	2.382145168276751e-17
4350.249999999999	5.718025612360203e-17	2.3174004182432455e-17
4350.499999999999	3.635967673683399e-17	2.281899315277572e-17
4350.749999999999	1.7624929217569473e-17	2.1717732861698148e-17
4350.999999999999	1.9141232344079203e-17	2.1638328485976733e-17
4351.249999999999	4.167893114902769e-17	2.279922849921938e-17
4351.499999999999	1.83491490049168e-17	2.1822516792973916e-17
4351.749999999999	5.1086787127838296e-17	2.3062897282554332e-17
4351.999999999999	3.146184437695646e-17	2.259755524843405e-17
4352.249999999999	1.2804247993424761e-17	2.2140395684933144e-17
4352.499999999999	3.7559929040538237e-17	2.317843787051574e-17
4352.749999999999	3.7075853019904854e-17	2.258108277371567e-17
4352.999999999999	-4.822554478039415e-19	2.0836170086953434e-17
4353.249999999999	9.495365070173815e-18	2.1344558600150975e-17
4353.499999999999	2.224213062847104e-17	2.239929659921734e-17
4353.749999999999	1.2381916662820246e-18	2.1437121765056884e-17
4353.999999999999	3.059146839281591e-17	2.2936226152270412e-17
4354.249999999999	4.4749835864408356e-17	2.363658343330681e-17
4354.499999999999	2.4944236867744938e-17	2.250099680116951e-17
4354.749999999999	5.951098184248707e-19	2.0758102435101905e-17
4354.999999999999	2.341173754484142e-17	2.1356660252512626e-17
4355.249999999999	4.454722624516962e-17	2.2901679781167747e-17
4355.499999999999	6.48467513292007e-17	2.341916728110337e-17
4355.749999999999	4.428204868439737e-17	2.2417137230668885e-17
4355.999999999999	-4.289605214696373e-18	2.0618836652811252e-17
4356.249999999999	-1.003439897070522e-17	2.0665865179357342e-17
4356.499999999999	8.731970009015976e-18	2.1190175264985304e-17
4356.749999999999	4.268115641408674e-17	2.295498826292434e-17
4356.999999999999	5.140058636501641e-17	2.3372813733937125e-17
4357.249999999999	3.372967914027879e-17	2.2055210971091208e-17
4357.499999999999	2.0657102027947955e-17	2.2326150672010502e-17
4357.749999999999	1.3945540310632297e-18	2.1602316350828624e-17
4357.999999999999	1.578364668072236e-17	2.1610488895280648e-17
4358.249999999999	2.994390839591755e-17	2.1994087286907215e-17
4358.499999999999	3.3918474843287896e-17	2.254739997917251e-17
4358.749999999999	5.178690287213583e-17	2.3717546217302274e-17
4358.999999999999	6.671332077737356e-17	2.4442098531255848e-17
4359.249999999999	2.872027335065766e-17	2.2685018017682958e-17
4359.499999999999	-4.7769213017891256e-18	2.0985664784698918e-17
4359.749999999999	4.1582921949689887e-17	2.255473872556708e-17
4359.999999999999	4.5499635385018274e-17	2.339557609003336e-17
4360.249999999999	3.481123433480413e-17	2.298461456374354e-17
4360.499999999999	5.585270403234832e-17	2.3742500602021774e-17
4360.749999999999	6.023799874107575e-17	2.3958634624275755e-17
4360.999999999999	-1.8703322669299689e-19	2.094902730100772e-17
4361.249999999999	-1.8104255980715882e-18	2.0578584389843197e-17
4361.499999999999	-1.216667454806175e-17	2.0695135792513143e-17
4361.749999999999	-2.9360664173187023e-18	2.1336063455260056e-17
4361.999999999999	1.4703484458348564e-17	2.2258098523015764e-17
4362.249999999999	2.5431922704571502e-17	2.304003235606214e-17
4362.499999999999	4.319932881956956e-17	2.3403826389462963e-17
4362.749999999999	2.5290196887139117e-17	2.1866797425525104e-17
4362.999999999999	2.972728633710216e-17	2.2070411242027482e-17
4363.249999999999	5.849749161825597e-17	2.3633051372091208e-17
4363.499999999999	6.622685916785357e-18	2.1065436428612307e-17
4363.749999999999	3.3516961373954656e-17	2.2657797158085063e-17
4363.999999999999	1.806709695964847e-17	2.2215258839091643e-17
4364.249999999999	-6.187007820202146e-18	2.119942148987242e-17
4364.499999999999	-6.9328182623080264e-18	2.0810785568315407e-17
4364.749999999999	-2.7399826327275476e-18	2.0784754194438363e-17
4364.999999999999	2.2357131894673063e-17	2.2354149081384197e-17
4365.249999999999	9.796064247990929e-18	2.1065044345001957e-17
4365.499999999999	-7.030664009400852e-19	2.02369985015282e-17
4365.749999999999	3.808804746570639e-17	2.2688366444802572e-17
4365.999999999999	8.822227986990822e-17	2.503801929687375e-17
4366.249999999999	6.062458325471363e-17	2.3856974126992988e-17
4366.499999999999	2.231659177285184e-17	2.1652043140532862e-17
4366.749999999999	3.3966844229606934e-18	2.053036141449258e-17
4366.999999999999	4.1757430589158974e-17	2.1994522383909417e-17
4367.249999999999	2.902811688742539e-17	2.1833531530010672e-17
4367.499999999999	3.529110166048084e-17	2.2491901123153878e-17
4367.749999999999	3.052447007192157e-17	2.208364282310588e-17
4367.999999999999	1.3488428103221459e-17	2.123058965535342e-17
4368.249999999999	1.3212831375453491e-17	2.161684660546873e-17
4368.499999999999	-6.691173576372604e-18	2.0582313320044586e-17
4368.749999999999	-1.5822383548808218e-17	2.000770072700605e-17
4368.999999999999	5.845913690761311e-18	2.114878976457805e-17
4369.249999999999	4.5840337844439065e-17	2.3090971792544382e-17
4369.499999999999	6.155821208593488e-17	2.3918440263950578e-17
4369.749999999999	4.467985307586392e-17	2.2684630897156283e-17
4369.999999999999	1.7326027503223436e-17	2.1552210712403837e-17
4370.249999999999	1.3631216847740975e-17	2.1522665475284668e-17
4370.499999999999	3.25567304142337e-17	2.215477704706299e-17
4370.749999999999	2.180899735304235e-17	2.0862090618628396e-17
4370.999999999999	1.508753945367326e-17	2.0892530865170348e-17
4371.249999999999	3.019176810338539e-17	2.191182252062759e-17
4371.499999999999	2.4948463760675084e-17	2.20457414074387e-17
4371.749999999999	3.0038652422508455e-18	2.0961749338828785e-17
4371.999999999999	3.6053212937327996e-17	2.2012879176063194e-17
4372.249999999999	3.345239827278367e-17	2.1952097944652798e-17
4372.499999999999	1.7471392915351055e-17	2.155772966145079e-17
4372.749999999999	2.6320126085273792e-17	2.2221245972365302e-17
4372.999999999999	6.802601670482581e-17	2.4197545891876996e-17
4373.249999999999	4.100894132263934e-17	2.298297509176946e-17
4373.499999999999	5.173124023435591e-17	2.2766480418768405e-17
4373.749999999999	4.54415044402905e-17	2.2394558508668637e-17
4373.999999999999	3.163081421504389e-17	2.1803235212895305e-17
4374.249999999999	2.5057894792632175e-17	2.1411591662631048e-17
4374.499999999999	3.79820558507363e-17	2.2025473828069927e-17
4374.749999999999	-1.0833334389718677e-19	2.0759258833598254e-17
4374.999999999999	1.9760987491867208e-17	2.165979878595616e-17
4375.249999999999	5.4751756415542295e-17	2.3012129899639503e-17
4375.499999999999	1.302003790854392e-17	2.1187515052135333e-17
4375.749999999999	2.197818722117272e-17	2.117060086296985e-17
4375.999999999999	4.099969509775222e-18	2.079069831432017e-17
4376.249999999999	1.2072926860518666e-17	2.1351151229633023e-17
4376.499999999999	3.2238901153111224e-17	2.2161553310641025e-17
4376.749999999999	3.012360387141765e-18	2.115643622216049e-17
4376.999999999999	1.5292953215188553e-17	2.1377865854696036e-17
4377.249999999999	2.2872237114444535e-17	2.1627257500658323e-17
4377.499999999999	2.4939793253494303e-17	2.1671438871536006e-17
4377.749999999999	1.7462767075923352e-17	2.1193169658802745e-17
4377.999999999999	-3.5415377275710807e-17	1.9909719529087918e-17
4378.249999999999	7.205159207184985e-18	2.1212002906989353e-17
4378.499999999999	1.849156965406373e-17	2.153331956157435e-17
4378.749999999999	1.0069856894842919e-17	2.12954091825143e-17
4378.999999999999	7.402771828343291e-18	2.122352056983854e-17
4379.249999999999	3.0590584963921706e-17	2.2150151453077594e-17
4379.499999999999	5.71782576552421e-17	2.3240972724824748e-17
4379.749999999999	4.998458219650119e-17	2.3060334677016643e-17
4379.999999999999	2.914040830994069e-17	2.228561716763418e-17
4380.249999999999	1.7474536201678757e-17	2.1857551200637987e-17
4380.499999999999	5.3471519055326623e-17	2.280905871361896e-17
4380.749999999999	3.638679171731348e-17	2.2191704043968583e-17
4380.999999999999	3.253629243565874e-17	2.1992484210880087e-17
4381.249999999999	2.552713284743758e-17	2.1616067401331706e-17
4381.499999999999	6.912971304280735e-18	2.0281661291522387e-17
4381.749999999999	-1.9578986663999922e-18	2.0151501113414718e-17
4381.999999999999	2.7229915571241265e-17	2.1761568471079784e-17
4382.249999999999	4.9250737335546194e-17	2.216500265379537e-17
4382.499999999999	3.378721120624308e-17	2.1584206058497388e-17
4382.749999999999	-1.9742909045989556e-18	2.0875924387192733e-17
4382.999999999999	1.2506701200922086e-17	2.1107529995623905e-17
4383.249999999999	3.342986918162017e-17	2.1678142343220135e-17
4383.499999999999	3.867140170345839e-17	2.1636035541318736e-17
4383.749999999999	3.314105079894116e-17	2.144889750825719e-17
4383.999999999999	3.792876225823073e-17	2.2065967627776848e-17
4384.249999999999	5.61736501100189e-17	2.3140582776962862e-17
4384.499999999999	5.611251153658388e-17	2.3076120591826605e-17
4384.749999999999	3.0401044798361305e-17	2.1755124734107995e-17
4384.999999999999	-1.274448646891449e-18	2.03095356238042e-17
4385.249999999999	2.6745224128232143e-17	2.1419770824527972e-17
4385.499999999999	4.353023415181527e-17	2.194298737738614e-17
4385.749999999999	2.202523890877596e-17	2.1049159168518488e-17
4385.999999999999	2.5093362642937223e-17	2.1443097317801967e-17
4386.249999999999	6.007106045857275e-17	2.3287407335691025e-17
4386.499999999999	5.3715514174972615e-17	2.303252155610016e-17
4386.749999999999	2.6306275773097204e-17	2.141949785492583e-17
4386.999999999999	5.3034764383176174e-17	2.2789054177684977e-17
4387.249999999999	6.924482432403085e-17	2.363948021981197e-17
4387.499999999999	4.6244048305479245e-17	2.2630786402362756e-17
4387.749999999999	5.1716367526942207e-17	2.2844467006919904e-17
4387.999999999999	1.669987328621672e-17	2.1089163277302778e-17
4388.249999999999	-2.6452880301782427e-18	2.0221153029714133e-17
4388.499999999999	9.971722668511465e-18	2.093299323201399e-17
4388.749999999999	4.455962733691301e-17	2.2348941152247563e-17
4388.999999999999	1.7399891423201972e-17	2.103047812156459e-17
4389.249999999999	5.857146803479781e-17	2.2889119870746742e-17
4389.499999999999	7.307246033355462e-17	2.328142185677859e-17
4389.749999999999	5.98237930124235e-17	2.254090330264152e-17
4389.999999999999	3.832887613796753e-17	2.1796492036541772e-17
4390.249999999999	6.243935796165087e-17	2.2835149644500107e-17
4390.499999999999	5.519622702844664e-17	2.2408246693445165e-17
4390.749999999999	1.88650797509396e-17	2.113067450916314e-17
4390.999999999999	-8.102544292686613e-18	2.0152999964684664e-17
4391.249999999999	5.0913851785894285e-18	2.0621536570330625e-17
4391.499999999999	3.016585749787778e-17	2.126718247129154e-17
4391.749999999999	3.836287326114346e-17	2.1311678170801993e-17
4391.999999999999	1.7343833393089253e-17	2.04105525745704e-17
4392.249999999999	-1.2160871048884079e-17	1.9572137194937677e-17
4392.499999999999	6.192531318742469e-18	2.0596386970986563e-17
4392.749999999999	1.8943875321730176e-17	2.1050126969835175e-17
4392.999999999999	3.318994048186549e-17	2.1618850036912334e-17
4393.249999999999	3.6172045704127364e-17	2.1779826001560054e-17
4393.499999999999	2.8117625952298473e-17	2.1622433383325914e-17
4393.749999999999	2.4038844673913797e-17	2.1700094062316068e-17
4393.999999999999	9.89832858712086e-18	2.0280337802542302e-17
4394.249999999999	3.996314349163345e-17	2.203802381232358e-17
4394.499999999999	4.800308758274266e-17	2.2501575827598298e-17
4394.749999999999	2.5478663372264424e-17	2.1067969255647944e-17
4394.999999999999	2.4732539842296692e-17	2.1099092753375865e-17
4395.249999999999	6.50320246903664e-19	1.9957052458099427e-17
4395.499999999999	-4.535737769045202e-18	1.9293367402339956e-17
4395.749999999999	1.3181024626539602e-17	2.0205922980275807e-17
4395.999999999999	4.4704549380232303e-17	2.2316752245890674e-17
4396.249999999999	7.684519802018448e-17	2.333715563209119e-17
4396.499999999999	3.812996567042813e-17	2.1936599888696004e-17
4396.749999999999	2.4376918353347895e-17	2.1453989632108066e-17
4396.999999999999	1.0024195697849379e-17	2.079670860865098e-17
4397.249999999999	-1.0013216529578963e-17	1.946860726947054e-17
4397.499999999999	1.108802358466709e-17	2.075832742822852e-17
4397.749999999999	2.863534837152806e-17	2.1473443265754088e-17
4397.999999999999	4.239923010027152e-17	2.1973541774852622e-17
4398.249999999999	3.6432720093644875e-17	2.1874433956940194e-17
4398.499999999999	2.5387225172991587e-17	2.094848632488711e-17
4398.749999999999	2.432778878804592e-17	2.0330627075063076e-17
4398.999999999999	3.403350588799197e-17	2.1387047559495374e-17
4399.249999999999	2.095519641401614e-17	2.1208209456700185e-17
4399.499999999999	9.498113791349329e-18	2.071498647285319e-17
4399.749999999999	3.477355460354111e-17	2.1288308664136144e-17
4399.999999999999	1.8125515763229414e-17	2.0400733940699395e-17
4400.249999999999	2.8130764889148266e-17	2.1164353994983848e-17
4400.499999999999	5.3200723283833914e-17	2.2430218264875798e-17
4400.749999999999	7.093523738895441e-17	2.3022932878439445e-17
4400.999999999999	5.323559060101425e-17	2.1818619117927566e-17
4401.249999999999	1.6882746376039944e-17	2.066935753590354e-17
4401.499999999999	1.9745146983136818e-17	2.0644803506600517e-17
4401.749999999999	3.512544716228852e-17	2.1222848899181148e-17
4401.999999999999	4.0020169323062854e-17	2.1447532660246477e-17
4402.249999999999	1.2490251060080244e-17	2.0285532496789135e-17
4402.499999999999	-1.3474924172926377e-18	2.058261606814878e-17
4402.749999999999	4.0200977770077145e-18	1.9979725478689506e-17
4402.999999999999	6.352882348437405e-18	1.990638929994178e-17
4403.249999999999	7.059693706203247e-18	2.0535855548121157e-17
4403.499999999999	5.284235886397389e-17	2.115902198875533e-17
4403.749999999999	2.913243098011323e-17	2.1401380945149693e-17
4403.999999999999	1.6319715965938375e-17	2.0762602297634193e-17
4404.249999999999	2.5756695319755747e-17	2.0972246260802083e-17
4404.499999999999	4.2242763924323437e-17	2.1675303459357853e-17
4404.749999999999	1.0257506952703636e-17	2.0003384498569747e-17
4404.999999999999	3.3030251610250905e-17	2.155753444682623e-17
4405.249999999999	3.349269189478235e-17	2.1443582045640924e-17
4405.499999999999	2.995765613769818e-17	2.1293189029750207e-17
4405.749999999999	2.56140033553679e-17	2.1348631637487187e-17
4405.999999999999	-2.6247281251809922e-17	1.8514373369190592e-17
4406.249999999999	3.5433972295881e-17	2.1418137969998792e-17
4406.499999999999	3.999701488335627e-17	2.1740839324929205e-17
4406.749999999999	1.972686463723817e-17	2.078517771091199e-17
4406.999999999999	1.0654089391610294e-18	1.993679315053678e-17
4407.249999999999	-4.301574104569709e-18	1.9890932603015614e-17
4407.499999999999	2.5846156557364582e-17	2.1132295783163743e-17
4407.749999999999	1.5396843791402763e-17	2.049478272198545e-17
4407.999999999999	3.0801418412810447e-18	1.967886334629172e-17
4408.249999999999	2.149436431780678e-17	2.0216539016257312e-17
4408.499999999999	2.2085753788029116e-17	2.023816813491435e-17
4408.749999999999	1.2535089212364294e-17	1.9885486445862564e-17
4408.999999999999	3.086485158526469e-17	2.138970611798412e-17
4409.249999999999	4.5310439326592695e-17	2.2171989021248994e-17
4409.499999999999	1.8614574719872816e-17	2.0312640859823723e-17
4409.749999999999	1.6699466313355345e-17	2.0770984945961806e-17
4409.999999999999	6.128593979704877e-18	1.9729662162069825e-17
4410.249999999999	3.316750238056938e-18	1.983369005026572e-17
4410.499999999999	9.091654609133634e-18	2.0341729493244763e-17
4410.749999999999	2.500004012622899e-17	2.0003172740332934e-17
4410.999999999999	5.812757644832226e-17	2.2476876214507464e-17
4411.249999999999	9.815342726142243e-19	1.9913307838585173e-17
4411.499999999999	-2.4175617333838215e-17	1.8636041711129792e-17
4411.749999999999	-1.595220458286474e-17	1.9076335061940743e-17
4411.999999999999	-1.7926911352516657e-17	1.9159150730508327e-17
4412.249999999999	4.8149326497597136e-17	2.279696036997976e-17
4412.499999999999	2.6214862389242744e-17	2.1562346983630062e-17
4412.749999999999	1.4693373002540716e-17	2.0422382911691133e-17
4412.999999999999	2.8037634278342145e-17	2.0890764007381934e-17
4413.249999999999	4.8695262393159684e-17	2.2265472010996062e-17
4413.499999999999	5.058458592562265e-17	2.203767308774386e-17
4413.749999999999	4.5527332700649e-17	2.1889865838447983e-17
4413.999999999999	3.98001359714013e-17	2.0953244267770515e-17
4414.249999999999	2.198379550572583e-17	1.9618156561136452e-17
4414.499999999999	-4.486731040064191e-18	1.9415457606391558e-17
4414.749999999999	9.494233487095842e-18	2.0395122347423835e-17
4414.999999999999	1.349717305665737e-17	2.066616958182276e-17
4415.249999999999	2.084485548338524e-17	2.0544638551865245e-17
4415.499999999999	2.415181107580894e-17	2.0424522000755195e-17
4415.749999999999	2.583958212585601e-17	2.0808906213963687e-17
4415.999999999999	1.3180630061387414e-17	2.004194104128207e-17
4416.249999999999	9.015741762777805e-18	1.939118150977435e-17
4416.499999999999	1.7239130525513516e-17	1.9591997801445075e-17
4416.749999999999	3.161786387537376e-17	2.0900040010771104e-17
4416.999999999999	6.926470974595662e-17	2.276283089790582e-17
4417.249999999999	2.8910680401500013e-17	2.0920061090317337e-17
4417.499999999999	1.8162935759780088e-17	2.0636025465940104e-17
4417.749999999999	1.7854794437991834e-17	2.0439548563762833e-17
4417.999999999999	1.3788066008312668e-17	1.9816860233522715e-17
4418.249999999999	4.7631091226387764e-17	2.142381077463968e-17
4418.499999999999	3.236797110717155e-17	2.0752135154162947e-17
4418.749999999999	4.3189763302965996e-17	2.1412536302890583e-17
4418.999999999999	5.0388841905468104e-17	2.1916770715051883e-17
4419.249999999999	3.212543182540365e-17	2.1326006593372636e-17
4419.499999999999	4.48956049406749e-17	2.1699703633066943e-17
4419.749999999999	3.098685079944891e-17	2.110656881175212e-17
4419.999999999999	1.915085080024197e-17	2.064620475055818e-17
4420.249999999999	2.905269738650802e-17	2.1111832989170406e-17
4420.499999999999	5.762383007272236e-17	2.2160393603422226e-17
4420.749999999999	3.289847015814263e-18	1.960820226964499e-17
4420.999999999999	2.300637768565981e-17	2.061029849452848e-17
4421.249999999999	2.7796772518856505e-17	2.087585821274373e-17
4421.499999999999	1.8203460992350286e-17	2.0558781685978677e-17
4421.749999999999	7.237386991030664e-18	2.0319820787540683e-17
4421.999999999999	-1.107219961954895e-17	1.8264252149928033e-17
4422.249999999999	2.5926821556339528e-17	2.036471353374516e-17
4422.499999999999	4.992301679787009e-17	2.152613632513494e-17
4422.749999999999	4.576925986876361e-17	2.135873482148891e-17
4422.999999999999	2.164163555406572e-17	2.052348588924104e-17
4423.249999999999	1.9377096278303798e-17	1.9546324196742347e-17
4423.499999999999	2.6208901725748687e-17	2.012985214242298e-17
4423.749999999999	2.497516018776462e-17	2.061910465932972e-17
4423.999999999999	2.7121553256635594e-17	2.09732752734841e-17
4424.249999999999	4.9711529876297433e-17	2.163810680157257e-17
4424.499999999999	5.1305927124438295e-17	2.1615875495429594e-17
4424.749999999999	4.400910224331202e-17	2.146281399488278e-17
4424.999999999999	2.4312856523628113e-17	2.081324891217959e-17
4425.249999999999	1.1433322686751838e-17	2.0215994731414252e-17
4425.499999999999	2.411937566962951e-17	2.0632974823841008e-17
4425.749999999999	2.317516554401248e-17	2.089637394629627e-17
4425.999999999999	1.8257899402823625e-17	2.0234164580749592e-17
4426.249999999999	1.7015282216866866e-17	1.9684256563885564e-17
4426.499999999999	2.488032227617419e-17	1.9891409059048444e-17
4426.749999999999	4.285020897023543e-17	2.110215332164231e-17
4426.999999999999	3.6289703874456907e-17	2.076759681417279e-17
4427.249999999999	4.607066794036568e-17	2.118566382192444e-17
4427.499999999999	3.578386307754603e-17	2.10372593482263e-17
4427.749999999999	1.7500976202778402e-17	2.039822427472091e-17
4427.999999999999	3.5534673263653204e-17	2.075787413325284e-17
4428.249999999999	2.849276890370352e-17	2.0813975176757412e-17
4428.499999999999	3.129043270170077e-17	2.07252799083958e-17
4428.749999999999	3.1538533945907476e-17	2.075606260771135e-17
4428.999999999999	2.147267564214564e-17	2.0504732050393237e-17
4429.249999999999	-4.265136798586748e-18	1.8454677398743865e-17
4429.499999999999	-2.115706487942603e-17	1.820814779770101e-17
4429.749999999999	-2.0693555877543167e-17	1.8145942161275798e-17
4429.999999999999	1.1998382170896e-17	1.953840973264144e-17
4430.249999999999	4.170308482291424e-17	2.1342770235666636e-17
4430.499999999999	-3.546637792355838e-18	1.9340693713906565e-17
4430.749999999999	2.9968138170420453e-17	2.075701882849946e-17
4430.999999999999	1.9725263215572268e-17	1.9953943913357453e-17
4431.249999999999	1.6814613163345176e-17	1.9601789965536478e-17
4431.499999999999	3.7858961449421056e-17	2.052467537496189e-17
4431.749999999999	-9.256706092659403e-18	1.8958392341480482e-17
4431.999999999999	3.001830832893302e-17	2.0878013845420042e-17
4432.249999999999	2.12954025650694e-17	2.029004063112755e-17
4432.499999999999	2.4402870317886133e-17	2.046515642116625e-17
4432.749999999999	6.796100030867914e-17	2.2368570148183446e-17
4432.999999999999	1.1984731209247037e-17	1.973147865069499e-17
4433.249999999999	-6.416614133092778e-18	1.846584764573578e-17
4433.499999999999	3.1547938575881897e-18	1.90647280635854e-17
4433.749999999999	8.455238389447586e-18	1.952773083093338e-17
4433.999999999999	8.875015179525384e-18	1.906685391775966e-17
4434.249999999999	5.573924132208565e-17	2.1007280668466154e-17
4434.499999999999	4.897598433200303e-17	2.0975895781664667e-17
4434.749999999999	3.993006619329868e-17	2.0775762741179912e-17
4434.999999999999	2.3613404178181848e-17	1.9901530441023643e-17
4435.249999999999	-9.567450551835361e-18	1.810721521935729e-17
4435.499999999999	-2.6912357625359708e-17	1.7706107068524202e-17
4435.749999999999	-1.4268794222211895e-18	1.9163602616565087e-17
4435.999999999999	2.1344128466232448e-17	2.014225819725005e-17
4436.249999999999	1.8712099314092818e-17	1.9946414915421995e-17
4436.499999999999	-4.5415933806014645e-18	1.875097680288281e-17
4436.749999999999	3.7499872419344437e-17	2.063791309209795e-17
4436.999999999999	1.3091495560120538e-17	1.9548835517082058e-17
4437.249999999999	2.109012280681334e-17	1.993680307670413e-17
4437.499999999999	5.0459708122906747e-17	2.095241046971306e-17
4437.749999999999	5.304237113608921e-17	2.089820532417246e-17
4437.999999999999	4.824363832231798e-17	2.1153433556536923e-17
4438.249999999999	1.7421426243269177e-17	1.9662587740559125e-17
4438.499999999999	1.8767177962360274e-17	1.9820251674034182e-17
4438.749999999999	3.138287509823725e-17	2.072127469986982e-17
4438.999999999999	2.0323553026464522e-17	2.018810716424264e-17
4439.249999999999	3.4217024178692985e-17	1.968975069751414e-17
4439.499999999999	2.1680742999066002e-17	1.9574527746907955e-17
4439.749999999999	3.1166977649638457e-17	2.0222180388034924e-17
4439.999999999999	5.761087973305223e-17	2.1340052120173787e-17
4440.249999999999	7.249389712591053e-17	2.2150138218187793e-17
4440.499999999999	4.950982022956515e-19	1.904823739089354e-17
4440.749999999999	1.044055209609427e-17	1.9496802547830022e-17
4440.999999999999	6.6183903678643695e-18	1.8871674034782872e-17
4441.249999999999	-4.202687143880832e-18	1.793218380174107e-17
4441.499999999999	3.7430250281547073e-17	2.0007864508767335e-17
4441.749999999999	6.2333307616857284e-18	1.8699135739532887e-17
4441.999999999999	8.941540353109349e-18	1.9087581409549014e-17
4442.249999999999	1.44427736728841e-17	1.937344179435754e-17
4442.499999999999	8.756332132416888e-18	1.9163012009607724e-17
4442.749999999999	6.758083802531712e-18	1.908315103018818e-17
4442.999999999999	2.5992961263758043e-17	1.9411588055486034e-17
4443.249999999999	4.797215433655563e-17	2.085678839090193e-17
4443.499999999999	4.218105625062698e-17	2.0739787001978756e-17
4443.749999999999	2.2871722608103527e-17	1.9732732656503622e-17
4443.999999999999	5.14596205909731e-17	2.1069152123923895e-17
4444.249999999999	-2.1793055928277227e-17	1.7987958936084296e-17
4444.499999999999	1.4862766357101775e-17	1.8883041150760576e-17
4444.749999999999	1.4168626165549326e-17	1.8945035028948975e-17
4444.999999999999	-1.429309203232018e-17	1.8168851755521067e-17
4445.249999999999	5.3332397202462555e-17	2.1326651794250428e-17
4445.499999999999	4.662566311799691e-17	2.0635724372197135e-17
4445.749999999999	4.439890945261641e-17	2.0825378688682068e-17
4445.999999999999	3.535681950578695e-17	2.0480262393512693e-17
4446.249999999999	3.2139371473086393e-17	1.9819841392450356e-17
4446.499999999999	4.52739077220199e-17	2.0965170557842304e-17
4446.749999999999	2.830269603382864e-17	1.9937560774145228e-17
4446.999999999999	2.5678712040326698e-17	1.9881122240950735e-17
4447.249999999999	2.876949721454946e-17	2.0104217815239962e-17
4447.499999999999	2.9918854749524544e-17	1.9909365495785745e-17
4447.749999999999	1.3495297011028099e-17	1.866870707351951e-17
4447.999999999999	2.783630844341409e-17	1.9640470585340682e-17
4448.249999999999	1.5348703534113402e-17	1.9006924682380193e-17
4448.499999999999	1.1610775262021001e-17	1.8862962168571464e-17
4448.749999999999	2.0578063266057288e-17	1.9415431136611956e-17
4448.999999999999	-7.994445021515734e-18	1.7813420518113156e-17
4449.249999999999	4.834767448232e-17	2.048364059913436e-17
4449.499999999999	2.832550967512285e-17	1.952289678743362e-17
4449.749999999999	1.1542422846463907e-17	1.883324653224611e-17
4449.999999999999	3.205613394240641e-17	1.9942209529187776e-17
4450.249999999999	9.344781802742211e-18	1.874943162949856e-17
4450.499999999999	3.3479825100354088e-18	1.8304090822589812e-17
4450.749999999999	-2.286607296451979e-17	1.7448991210001894e-17
4450.999999999999	-7.404765333619544e-18	1.8252711326021693e-17
4451.249999999999	4.1000752234575066e-17	2.0207805643349977e-17
4451.499999999999	-1.3484360028968923e-17	1.7350065371824227e-17
4451.749999999999	-1.0235216089556557e-17	1.7673847024634634e-17
4451.999999999999	-1.2099207008964935e-18	1.8264803052215993e-17
4452.249999999999	1.9838383473061345e-17	1.9135647220583245e-17
4452.499999999999	3.2736202137378104e-17	1.9963916402822392e-17
4452.749999999999	1.6854737626908592e-18	1.8335192813621806e-17
4452.999999999999	5.589597302301036e-18	1.8265029699703833e-17
4453.249999999999	2.9624970712774254e-17	1.9768837435880336e-17
4453.499999999999	4.212187313216004e-17	2.0479228417747002e-17
4453.749999999999	2.965279706858054e-17	1.925964324876617e-17
4453.999999999999	2.446535885008084e-17	1.9093561925377772e-17
4454.249999999999	1.322493158024907e-18	1.8433349373829798e-17
4454.499999999999	-9.233313424936403e-18	1.7680682845216772e-17
4454.749999999999	9.098961922664928e-18	1.8017209696905396e-17
4454.999999999999	4.2002798828621803e-17	1.9722667522810077e-17
4455.249999999999	5.268981021540686e-17	2.03091468489163e-17
4455.499999999999	2.3925765775455348e-17	1.9135458623403583e-17
4455.749999999999	1.818448877782077e-17	1.8936027032078273e-17
4455.999999999999	1.0691002533240626e-17	1.8856799673007944e-17
4456.249999999999	-2.6097744781443504e-18	1.8291832005911776e-17
4456.499999999999	3.786295507741846e-17	2.001596260696423e-17
4456.749999999999	3.102087770112689e-17	1.9333394672181397e-17
4456.999999999999	9.466963823841807e-18	1.8444529546989065e-17
4457.249999999999	4.967244910787191e-19	1.8303389373430367e-17
4457.499999999999	2.0525325538923357e-17	1.902528147453397e-17
4457.749999999999	1.2104198423576233e-17	1.847268346631792e-17
4457.999999999999	1.1935472603769504e-17	1.7986354205695943e-17
4458.249999999999	1.7125818362122327e-17	1.798381972429908e-17
4458.499999999999	1.200494005879232e-17	1.7936581093877402e-17
4458.749999999999	-4.0355127013129464e-18	1.7308820492121108e-17
4458.999999999999	-3.11231867080099e-17	1.682042327996775e-17
4459.249999999999	-1.7428248828961514e-18	1.738323696874883e-17
4459.499999999999	2.447387384730646e-17	1.8363455920791517e-17
4459.749999999999	3.3124953864220876e-17	1.9214363382035016e-17
4459.999999999999	2.920730736916153e-17	1.9490888206450268e-17
4460.249999999999	8.885891777399844e-18	1.848860173002589e-17
4460.499999999999	1.9772174282471375e-17	1.8847899209616873e-17
4460.749999999999	4.086561408354105e-17	1.9478740231974314e-17
4460.999999999999	3.81490404553536e-17	1.948695909854064e-17
4461.249999999999	1.4321480870943e-17	1.8417824848093403e-17
4461.499999999999	3.718824370409366e-17	1.972317044862251e-17
4461.749999999999	3.923521131769698e-17	1.9506766765488836e-17
4461.999999999999	3.193576592839014e-17	1.902335083498427e-17
4462.249999999999	2.5220096638947698e-17	1.8935075774373837e-17
4462.499999999999	3.968146864072444e-17	1.9548766033910603e-17
4462.749999999999	4.1248922961953225e-17	1.981302211548047e-17
4462.999999999999	4.310305823115819e-17	1.9912369815770538e-17
4463.249999999999	2.648866744380392e-17	1.911388244430575e-17
4463.499999999999	1.3384410968373528e-17	1.8262683815486632e-17
4463.749999999999	1.82957346440418e-17	1.8560065171866796e-17
4463.999999999999	-1.1156176649696559e-17	1.7177522113490566e-17
4464.249999999999	2.4096694377233305e-17	1.865761292714395e-17
4464.499999999999	2.1246817284610485e-17	1.8594350153895894e-17
4464.749999999999	2.2544247180267765e-18	1.7789629149334906e-17
4464.999999999999	1.8230073047017342e-17	1.8813496767940793e-17
4465.249999999999	5.277008974821636e-17	2.0255879726190334e-17
4465.499999999999	3.777139280105374e-17	1.9504827854133012e-17
4465.749999999999	1.6055421834060332e-17	1.84840621628242e-17
4465.999999999999	1.6115177361511163e-17	1.8375458311479662e-17
4466.249999999999	3.962821475288828e-17	1.973487339992891e-17
4466.499999999999	6.15085084572878e-17	2.0580602710537826e-17
4466.749999999999	2.8467404237400196e-17	1.9355880749953038e-17
4466.999999999999	4.6450529957165345e-18	1.79326337879943e-17
4467.249999999999	-5.042497977206932e-18	1.696381338479259e-17
4467.499999999999	-2.813960579553523e-17	1.6294508463951434e-17
4467.749999999999	9.737516404234426e-18	1.8499250853231898e-17
4467.999999999999	-4.148249560588105e-18	1.73738319251841e-17
4468.249999999999	1.1272588258842984e-17	1.789355612149607e-17
4468.499999999999	3.2423905060192384e-17	1.9279123352191793e-17
4468.749999999999	1.5010659426386203e-18	1.8258589271454495e-17
4468.999999999999	4.077493854479299e-17	1.9969006872312044e-17
4469.249999999999	4.4732008467846614e-17	1.938227773766083e-17
4469.499999999999	4.134286420975965e-17	1.9168650072662886e-17
4469.749999999999	3.1828831327521736e-17	1.9243088055986533e-17
4469.999999999999	1.3652520057236666e-17	1.8031753186435303e-17
4470.249999999999	1.6281845983134473e-17	1.85765062137219e-17
4470.499999999999	-4.9400247749723316e-18	1.7224807066026548e-17
4470.749999999999	1.371625721856602e-18	1.739726926066018e-17
4470.999999999999	1.9516699550284373e-17	1.8575415989674555e-17
4471.249999999999	1.9398424303217866e-17	1.8027781065133823e-17
4471.499999999999	7.47700632523625e-18	1.746789559572118e-17
4471.749999999999	2.376038424686517e-17	1.8493080085862252e-17
4471.999999999999	2.387502486232012e-17	1.8504961708180964e-17
4472.249999999999	6.156380630841758e-18	1.8012125844860645e-17
4472.499999999999	3.5204763856865005e-17	1.931183007361214e-17
4472.749999999999	1.0661115670528472e-17	1.812835299273047e-17
4472.999999999999	7.284860540746307e-18	1.768737639073355e-17
4473.249999999999	1.8869993203778165e-17	1.7941358889095508e-17
4473.499999999999	2.788188278644331e-17	1.846934000228198e-17
4473.749999999999	2.3249509228746295e-17	1.8654595372269356e-17
4473.999999999999	2.4482086096427886e-17	1.883874232023591e-17
4474.249999999999	1.4450746039627887e-17	1.8247142746137986e-17
4474.499999999999	2.1887244503086803e-18	1.766498792027419e-17
4474.749999999999	8.591700029461684e-18	1.812467203900461e-17
4474.999999999999	5.180066715752871e-17	2.0403543046059625e-17
4475.249999999999	9.184650389499909e-18	1.7921878785669884e-17
4475.499999999999	1.0141673749600538e-18	1.7600613416282864e-17
4475.749999999999	2.837522943379188e-18	1.7565436733553434e-17
4475.999999999999	5.783579841341153e-18	1.7414145399517485e-17
4476.249999999999	1.4641406207737685e-17	1.821610196647132e-17
4476.499999999999	3.78502925966015e-17	1.8924874983059833e-17
4476.749999999999	2.3481669048187878e-17	1.854177620852325e-17
4476.999999999999	7.669395300826283e-18	1.7957098481791167e-17
4477.249999999999	1.2104399428465083e-17	1.781081324482239e-17
4477.499999999999	1.5459605293199612e-17	1.828455943396621e-17
4477.749999999999	2.946395835217958e-17	1.8606435262645294e-17
4477.999999999999	3.8103671253116294e-17	1.9092299647763016e-17
4478.249999999999	3.6598394444171896e-17	1.9096624148005443e-17
4478.499999999999	3.1190989048459646e-17	1.869323959612661e-17
4478.749999999999	2.1055245563465654e-17	1.852993098215149e-17
4478.999999999999	5.856852988926202e-17	2.0078072290438385e-17
4479.249999999999	2.708094530600414e-17	1.8525528726931482e-17
4479.499999999999	2.084584975448153e-17	1.811492619702751e-17
4479.749999999999	3.957695602468959e-17	1.892418676879019e-17
4479.999999999999	9.221651419070324e-19	1.721351935938765e-17
4480.249999999999	2.8395760470185754e-17	1.86607198175247e-17
4480.499999999999	1.0708219470510304e-17	1.7563688073738497e-17
4480.749999999999	6.5635896522827314e-18	1.7260607442937843e-17
4480.999999999999	2.4830158735106525e-17	1.8032216407578333e-17
4481.249999999999	3.858551884917946e-18	1.7474936557095232e-17
4481.499999999999	1.8607776949598855e-17	1.8379451939477068e-17
4481.749999999999	1.655144565146143e-17	1.8110115314584902e-17
4481.999999999999	3.896732722196046e-17	1.8778164575256203e-17
4482.249999999999	4.9611417861121366e-17	1.9733235582316054e-17
4482.499999999999	1.9344002436356777e-17	1.812033099514993e-17
4482.749999999999	1.399851812693902e-17	1.7548317403596037e-17
4482.999999999999	1.5845782833976118e-17	1.791572456191249e-17
4483.249999999999	2.7807363739419633e-17	1.8597198963925527e-17
4483.499999999999	2.4951001550794397e-17	1.8767126677162295e-17
4483.749999999999	1.7642823615760833e-18	1.750007457591072e-17
4483.999999999999	1.6209786971252528e-17	1.8106828098830616e-17
4484.249999999999	9.57457505845128e-18	1.785295313394829e-17
4484.499999999999	1.8943918748712335e-18	1.7329332916951198e-17
4484.749999999999	4.084045455802964e-18	1.7485476492460383e-17
4484.999999999999	4.30182060439225e-17	1.9479817221131858e-17
4485.249999999999	3.1074584883938734e-17	1.8687429479504036e-17
4485.499999999999	4.3811687318320115e-17	1.9437093342493495e-17
4485.749999999999	1.8746639067750582e-17	1.849154649300658e-17
4485.999999999999	-2.1062938343162397e-17	1.645259591390012e-17
4486.249999999999	2.2297138139205817e-17	1.8314700241126417e-17
4486.499999999999	-1.8628425032049404e-17	1.6196987178453883e-17
4486.749999999999	1.223823642439555e-18	1.6523147802705992e-17
4486.999999999999	3.1388298094333145e-17	1.820272976468879e-17
4487.249999999999	4.563892267400485e-17	1.9506225789368226e-17
4487.499999999999	3.623839220669902e-17	1.8600340595892003e-17
4487.749999999999	1.8237663256318128e-17	1.7995166987942083e-17
4487.999999999999	4.194601122520881e-17	1.9153458073532737e-17
4488.249999999999	3.7539649880640887e-17	1.8996397981904843e-17
4488.499999999999	1.7628694543717814e-17	1.7612854034987424e-17
4488.749999999999	2.601991080811502e-17	1.823049656349097e-17
4488.999999999999	3.399434384907126e-17	1.8312499940697026e-17
4489.249999999999	3.040609721754278e-17	1.819216501390526e-17
4489.499999999999	3.230532375629923e-17	1.847575230639049e-17
4489.749999999999	4.296578595414379e-17	1.8905929238309918e-17
4489.999999999999	2.0468132617010216e-17	1.8189997800700373e-17
4490.249999999999	1.9009656032762843e-17	1.804198706497381e-17
4490.499999999999	2.1530998492775527e-17	1.7815655560128275e-17
4490.749999999999	1.3097808602555542e-17	1.7501303766300973e-17
4490.999999999999	9.584548375096832e-18	1.732320350861218e-17
4491.249999999999	3.644944227351067e-19	1.7758456020770233e-17
4491.499999999999	2.2787270776284313e-17	1.8231724099519997e-17
4491.749999999999	1.1202194361534109e-17	1.7561292558684543e-17
4491.999999999999	2.5116710642907145e-17	1.835499717184755e-17
4492.249999999999	5.694055903441886e-17	1.9592176472457386e-17
4492.499999999999	1.8227123320952978e-18	1.7335875915596493e-17
4492.749999999999	2.382583243129159e-17	1.7858465465550344e-17
4492.999999999999	3.289087498575817e-17	1.8135812507494474e-17
4493.249999999999	2.789324163061489e-17	1.7971223417931123e-17
4493.499999999999	1.712494485939547e-17	1.736283538612082e-17
4493.749999999999	1.0270433717726308e-18	1.6913014569014485e-17
4493.999999999999	4.356995867355252e-17	1.8945362592471546e-17
4494.249999999999	1.5711331242850524e-17	1.7453807055528178e-17
4494.499999999999	6.424974861134158e-18	1.6609796626232146e-17
4494.749999999999	1.4637953555860888e-17	1.715993625366769e-17
4494.999999999999	3.4052234084240783e-18	1.644123376100609e-17
4495.249999999999	2.228865250689194e-18	1.6850746066862718e-17
4495.499999999999	2.448079734903353e-17	1.7990786239418002e-17
4495.749999999999	3.3342687653779534e-17	1.8181482803474752e-17
4495.999999999999	1.4087835435121272e-17	1.737077301127888e-17
4496.249999999999	8.870258063822591e-18	1.6986812314544016e-17
4496.499999999999	3.641099833075923e-17	1.8110839924801498e-17
4496.749999999999	2.7370736453083518e-17	1.792670455736352e-17
4496.999999999999	2.5034278786143786e-17	1.7906508115527424e-17
4497.249999999999	2.8027827224999717e-17	1.8272320469622875e-17
4497.499999999999	4.4645015537185637e-17	1.836609462694556e-17
4497.749999999999	-7.259622433076702e-18	1.6332442966843116e-17
4497.999999999999	2.763722426794605e-17	1.8016739858317466e-17
4498.249999999999	4.276572735991416e-17	1.8629682346580484e-17
4498.499999999999	3.1335262582178695e-17	1.809168903925967e-17
4498.749999999999	5.83605833007111e-17	1.8981328405505352e-17
4498.999999999999	1.7957927316764945e-17	1.7419510492970504e-17
4499.249999999999	1.4474084113430458e-17	1.6802987967016356e-17
4499.499999999999	7.599813694878935e-18	1.6592539984293065e-17
4499.749999999999	8.266185433267979e-18	1.708303161775741e-17
4499.999999999999	4.5305936155337956e-17	1.901942669015832e-17
4500.249999999999	2.373844576265904e-17	1.7854911897638816e-17
4500.499999999999	4.5299384884886536e-17	1.8614528397758513e-17
4500.749999999999	3.8988334300796857e-17	1.8526532924195122e-17
4500.999999999999	2.333114864648283e-17	1.7591914784961257e-17
4501.249999999999	2.696427975240966e-17	1.745611158071475e-17
4501.499999999999	8.723280269885954e-19	1.5910825699902388e-17
4501.749999999999	1.403477345318722e-17	1.7258676803388144e-17
4501.999999999999	1.0746852113838981e-17	1.7284555976032478e-17
4502.249999999999	-3.860906868121884e-18	1.6060260840643768e-17
4502.499999999999	-7.702135109471132e-18	1.6202525979835538e-17
4502.749999999999	8.31018813313335e-18	1.6663512080850115e-17
4502.999999999999	1.4203811120084882e-17	1.702416779100691e-17
4503.249999999999	1.4961061883652677e-17	1.7448968048944743e-17
4503.499999999999	2.4998304701303854e-17	1.7767960326008467e-17
4503.749999999999	2.717366728958766e-17	1.7509957729869503e-17
4503.999999999999	3.2414544684380734e-17	1.8209565585270927e-17
4504.249999999999	5.696806527132809e-18	1.6636370630591025e-17
4504.499999999999	5.680446135387429e-18	1.6322955205217133e-17
4504.749999999999	2.001564827833146e-17	1.7078257131261753e-17
4504.999999999999	-1.4951080191803423e-19	1.6646424183755994e-17
4505.249999999999	2.0171977142297855e-17	1.7652982220863596e-17
4505.499999999999	1.0622444563301312e-18	1.629656152623179e-17
4505.749999999999	-1.691113686902399e-18	1.623969285911877e-17
4505.999999999999	8.330924723909442e-18	1.722429255968554e-17
4506.249999999999	2.4139970812520855e-17	1.7399575440207976e-17
4506.499999999999	5.0494141997446104e-17	1.8915886838523832e-17
4506.749999999999	2.0000421537615583e-17	1.7597989599379846e-17
4506.999999999999	1.5210413824945562e-17	1.7274935865508486e-17
4507.249999999999	2.00849395438838e-17	1.769416423484016e-17
4507.499999999999	3.0952378874601374e-18	1.6852880192843105e-17
4507.749999999999	-3.715952151168398e-18	1.6317103729563933e-17
4507.999999999999	9.234811449025737e-18	1.7149732153631235e-17
4508.249999999999	3.1935663357994184e-17	1.805766875502659e-17
4508.499999999999	3.791442225513151e-17	1.8311044102818932e-17
4508.749999999999	4.079417876584097e-17	1.7678211229546464e-17
4508.999999999999	1.4144687558622042e-17	1.7474506423176705e-17
4509.249999999999	-8.340141170294507e-18	1.630857880617096e-17
4509.499999999999	3.567271399145667e-18	1.639270803755128e-17
4509.749999999999	1.339832745499912e-17	1.6848542457710877e-17
4509.999999999999	8.583891030888877e-19	1.6253807869091375e-17
4510.249999999999	3.539168682296729e-17	1.8319578952379255e-17
4510.499999999999	3.6230265984361296e-17	1.83795727078465e-17
4510.749999999999	2.1087944013079875e-17	1.739079574518634e-17
4510.999999999999	6.603602446463453e-18	1.660298396670716e-17
4511.249999999999	1.1597669412395711e-17	1.7276805293692856e-17
4511.499999999999	1.881883870033666e-17	1.74647010241955e-17
4511.749999999999	2.1482155131965496e-17	1.7154008677398134e-17
4511.999999999999	1.6895602417120243e-17	1.7313851404606656e-17
4512.249999999999	1.8759741608653422e-17	1.7417157991308403e-17
4512.499999999999	1.5192854434902286e-17	1.656720509649179e-17
4512.749999999999	-3.2109308420903766e-17	1.4964962867421477e-17
4512.999999999999	1.3843185188430139e-17	1.6993979007371175e-17
4513.249999999999	9.982878853432968e-18	1.7004298912693387e-17
4513.499999999999	-1.0974637802201383e-17	1.600392156912278e-17
4513.749999999999	-1.863548088267448e-17	1.6100607402201654e-17
4513.999999999999	-2.5626194343235706e-17	1.524081767554056e-17
4514.249999999999	-2.234728513666123e-18	1.6388850067174332e-17
4514.499999999999	2.026322012694613e-17	1.760680072726476e-17
4514.749999999999	3.315835541735577e-17	1.810016433181589e-17
4514.999999999999	2.687971211530469e-17	1.761717191778495e-17
4515.249999999999	3.201672044057948e-17	1.770430216042761e-17
4515.499999999999	2.511053656681505e-17	1.7382672831571068e-17
4515.749999999999	1.2371793006098363e-17	1.680766815492218e-17
4515.999999999999	1.1811360770300823e-17	1.6781732733996194e-17
4516.249999999999	3.006858436656399e-17	1.769805198371916e-17
4516.499999999999	3.725890478074039e-17	1.7870204812803697e-17
4516.749999999999	6.581147387964782e-18	1.6991426328000836e-17
4516.999999999999	3.223133741359004e-17	1.7941428372266963e-17
4517.249999999999	4.5760769686956364e-17	1.8294151420349374e-17
4517.499999999999	5.15854604047414e-18	1.6369204527626198e-17
4517.749999999999	2.5244337993979177e-17	1.7352459232516956e-17
4517.999999999999	3.163060907425198e-17	1.7500689998286458e-17
4518.249999999999	1.8365179765188078e-17	1.6969754195951947e-17
4518.499999999999	1.410356510164958e-17	1.705046717140242e-17
4518.749999999999	3.979029583083437e-17	1.8300178258292436e-17
4518.999999999999	5.2410785651180473e-17	1.8897645851655812e-17
4519.249999999999	3.3788997916366195e-17	1.8351240117505334e-17
4519.499999999999	4.739988101028939e-17	1.8541743121298747e-17
4519.749999999999	4.552908632354761e-17	1.839868554308015e-17
4519.999999999999	1.843978153027301e-17	1.7306972570632665e-17
4520.249999999999	1.915080282376644e-17	1.7185939503403906e-17
4520.499999999999	2.5343636063432492e-17	1.747926105733766e-17
4520.749999999999	1.422556100711135e-17	1.6922685964736455e-17
4520.999999999999	1.9487574934506687e-18	1.6329604082980834e-17
4521.249999999999	8.868383672554546e-18	1.6486157940073845e-17
4521.499999999999	1.842372430022213e-17	1.6962253322157316e-17
4521.749999999999	-7.79892930321025e-18	1.5961854471890784e-17
4521.999999999999	7.583637350819848e-18	1.6613805143480578e-17
4522.249999999999	2.1369479897645973e-17	1.7342612474505125e-17
4522.499999999999	3.199600122059625e-17	1.759682162035492e-17
4522.749999999999	6.441990628078864e-17	1.9303887485370405e-17
4522.999999999999	1.398741736311856e-17	1.673337740974757e-17
4523.249999999999	4.7780921759461944e-18	1.654985746468533e-17
4523.499999999999	1.49633961873413e-17	1.7123083703017226e-17
4523.749999999999	1.2567931591405099e-17	1.697128117136272e-17
4523.999999999999	-5.624798386858536e-18	1.5897397249838202e-17
4524.249999999999	-2.538738688680134e-18	1.5470082362838208e-17
4524.499999999999	1.2755156478430964e-17	1.6658165185370572e-17
4524.749999999999	2.337881244773936e-17	1.7063440672129703e-17
4524.999999999999	5.592326998322461e-18	1.5975180351559013e-17
4525.249999999999	-2.583994112224186e-17	1.4948315030413235e-17
4525.499999999999	1.1755436743447338e-17	1.6549347921427996e-17
4525.749999999999	1.653200856142766e-17	1.7189857030784957e-17
4525.999999999999	1.5948214263589785e-17	1.734338506119725e-17
4526.249999999999	2.0855330898662613e-17	1.739596066093112e-17
4526.499999999999	2.3497365627491684e-17	1.753590638568529e-17
4526.749999999999	3.2647614402496125e-17	1.7880799342089276e-17
4526.999999999999	2.4695894086799368e-17	1.7514080398042467e-17
4527.249999999999	2.785598872454795e-17	1.763137626326371e-17
4527.499999999999	3.6146499058089276e-17	1.8204127699924003e-17
4527.749999999999	3.760913636081779e-17	1.7814833342599397e-17
4527.999999999999	2.7858718420569376e-17	1.766918999778596e-17
4528.249999999999	8.345557548945505e-18	1.648583533963495e-17
4528.499999999999	4.5573524120415185e-18	1.6328795100341757e-17
4528.749999999999	1.0130042556212277e-17	1.6791376005577337e-17
4528.999999999999	-1.8049775797621608e-17	1.531351030777172e-17
4529.249999999999	1.5258625219767602e-17	1.6735488374670804e-17
4529.499999999999	2.4195744292502855e-17	1.6736098833962868e-17
4529.749999999999	3.401386531152751e-17	1.743075849494e-17
4529.999999999999	4.6581633948351937e-17	1.8282274761114338e-17
4530.249999999999	2.6765493361962143e-17	1.7324659346490274e-17
4530.499999999999	3.855440690613072e-20	1.626357852648685e-17
4530.749999999999	2.1218188563610024e-17	1.7275898703741498e-17
4530.999999999999	3.264551005501779e-17	1.7970100106659276e-17
4531.249999999999	2.941748734536635e-17	1.7703645379021244e-17
4531.499999999999	1.9323463541747085e-17	1.692324513883054e-17
4531.749999999999	6.625804387694682e-18	1.6658214816207325e-17
4531.999999999999	3.5610360289701806e-17	1.7775002941743744e-17
4532.249999999999	3.27641674595273e-17	1.776481207659709e-17
4532.499999999999	1.0920291208776037e-17	1.6940840924820768e-17
4532.749999999999	1.1015591514328884e-17	1.7080298613013534e-17
4532.999999999999	2.057061202309941e-17	1.7305271887293256e-17
4533.249999999999	8.231210582608012e-18	1.6632734344618242e-17
4533.499999999999	1.3209289388070539e-17	1.6802695145079512e-17
4533.749999999999	2.9870335643514633e-17	1.7204096117849445e-17
4533.999999999999	1.5722144147817817e-17	1.6798863644482167e-17
4534.249999999999	1.5769730194096768e-17	1.6896075564430624e-17
4534.499999999999	4.950419209267734e-17	1.8307879309795305e-17
4534.749999999999	4.594481737324941e-17	1.8022419280403255e-17
4534.999999999999	2.1798437565342497e-17	1.6871127797156024e-17
4535.249999999999	6.9224648561710064e-18	1.6764328853908078e-17
4535.499999999999	1.6022288287443908e-17	1.708119196807509e-17
4535.749999999999	-3.332439165940078e-18	1.630651085463958e-17
4535.999999999999	-1.0875937163945484e-18	1.5995522377182917e-17
4536.249999999999	1.1265159349761645e-17	1.6486631087384226e-17
4536.499999999999	2.6697021005216228e-17	1.7471014066630506e-17
4536.749999999999	5.410182737336958e-17	1.9064076245262707e-17
4536.999999999999	4.2939074637803225e-17	1.7875880926167036e-17
4537.249999999999	2.6889054293142864e-17	1.717578668856543e-17
4537.499999999999	1.5397384767523373e-17	1.7080253945260456e-17
4537.749999999999	1.5721613097864558e-17	1.7146115719993153e-17
4537.999999999999	5.66869256062754e-17	1.8795489046005513e-17
4538.249999999999	3.8498520955434806e-17	1.826851874752758e-17
4538.499999999999	2.987328040649532e-17	1.7780028891145616e-17
4538.749999999999	2.1105362782419016e-17	1.7327380770705573e-17
4538.999999999999	1.607581679924344e-17	1.691082915783612e-17
4539.249999999999	4.430581523775724e-17	1.8113298305582006e-17
4539.499999999999	7.28719732597677e-18	1.635517885315975e-17
4539.749999999999	9.991829774841404e-18	1.6667666181886356e-17
4539.999999999999	3.08462764174292e-17	1.7829036033716933e-17
4540.249999999999	4.0020804597773295e-17	1.8141255355925073e-17
4540.499999999999	2.3669970097190675e-17	1.7002743813141787e-17
4540.749999999999	1.317074359870618e-17	1.6662615417066107e-17
4540.999999999999	1.1684425769401498e-17	1.670516393341461e-17
4541.249999999999	1.3217183172656133e-17	1.673126809918556e-17
4541.499999999999	1.4442570186453413e-17	1.6561798644008144e-17
4541.749999999999	2.101369793565834e-17	1.7055875278247293e-17
4541.999999999999	2.451561503537711e-17	1.7467147824447433e-17
4542.249999999999	1.622020779260947e-17	1.703424119650658e-17
4542.499999999999	1.3316340621405314e-17	1.6591989082005105e-17
4542.749999999999	2.3659708094511342e-17	1.6741816306356835e-17
4542.999999999999	3.360155217211678e-17	1.755618223686019e-17
4543.249999999999	-1.2052189028971655e-18	1.5745933862234842e-17
4543.499999999999	-5.059296774676965e-18	1.5999039549147493e-17
4543.749999999999	4.926468525503506e-18	1.6493839139242013e-17
4543.999999999999	9.91391928730626e-18	1.659259292385227e-17
4544.249999999999	5.010021211996875e-18	1.714406100335157e-17
4544.499999999999	8.768344449272383e-18	1.7114858219006e-17
4544.749999999999	2.419412301850225e-17	1.7576188427155398e-17
4544.999999999999	2.4725976991316696e-17	1.725969588990281e-17
4545.249999999999	9.384329307828372e-18	1.6352634445595536e-17
4545.499999999999	8.828564852227469e-18	1.6553895760435813e-17
4545.749999999999	2.365782212271472e-17	1.712327891764179e-17
4545.999999999999	2.5133001137890764e-17	1.724605899032426e-17
4546.249999999999	1.829392311850031e-17	1.6853136618832996e-17
4546.499999999999	8.544744294809499e-18	1.6425368436857323e-17
4546.749999999999	2.0518517842482046e-17	1.688535034060826e-17
4546.999999999999	1.0099455898701904e-17	1.580320619348679e-17
4547.249999999999	1.1459382184769709e-17	1.6177450826746605e-17
4547.499999999999	1.5496431374070472e-17	1.648640609425761e-17
4547.749999999999	9.106770507647428e-18	1.6331377558214148e-17
4547.999999999999	7.81141642173735e-18	1.6205723860083668e-17
4548.249999999999	3.445391877996082e-17	1.7224391821359046e-17
4548.499999999999	2.831648348027867e-17	1.705900698404642e-17
4548.749999999999	1.449573804750587e-17	1.6393584849000586e-17
4548.999999999999	1.2195745810689927e-17	1.6243274551171125e-17
4549.249999999999	3.9079588865973707e-17	1.746842995439689e-17
4549.499999999999	4.9799217638672955e-17	1.8126581171858382e-17
4549.749999999999	2.7191334213110567e-17	1.7084947368056082e-17
4549.999999999999	1.1013870978654773e-17	1.6495558020554898e-17
4550.249999999999	8.69369057180886e-18	1.633478388797664e-17
4550.499999999999	9.410172084525753e-18	1.6074312984889818e-17
4550.749999999999	1.7295752692803996e-17	1.6854293017329345e-17
4550.999999999999	5.012645359772138e-17	1.8009465632010674e-17
4551.249999999999	3.879919779937538e-17	1.736611763879143e-17
4551.499999999999	1.1853719862289051e-17	1.6169066524057768e-17
4551.749999999999	6.115098275979481e-21	1.625186234029065e-17
4551.999999999999	9.480404681615181e-18	1.6206969594086173e-17
4552.249999999999	3.4401233992386094e-17	1.75099180252001e-17
4552.499999999999	3.213340915523111e-17	1.714366891974122e-17
4552.749999999999	1.3676403243062909e-17	1.595594013051103e-17
4552.999999999999	-8.634940895982894e-18	1.5365963484774934e-17
4553.249999999999	1.0580678146221978e-17	1.6218215941694443e-17
4553.499999999999	2.549250044955121e-17	1.6635331691741658e-17
4553.749999999999	4.024686975046159e-17	1.6983831155616374e-17
4553.999999999999	4.43582187839237e-17	1.7079201771521288e-17
4554.249999999999	2.958266538752584e-17	1.6794343929615177e-17
4554.499999999999	3.5977525911279394e-18	1.59125991751357e-17
4554.749999999999	-1.172625401823162e-18	1.5726471956782694e-17
4554.999999999999	-3.688507125624501e-18	1.5370233391096932e-17
4555.249999999999	-5.192976192700741e-18	1.528581133777977e-17
4555.499999999999	-2.9216722338893608e-18	1.5595873372950372e-17
4555.749999999999	-5.68960757426176e-18	1.5627142454466102e-17
4555.999999999999	-2.2487169650050074e-18	1.562351940338312e-17
4556.249999999999	1.9353751587056327e-17	1.6588142692156733e-17
4556.499999999999	4.696297082818378e-17	1.77676989369349e-17
4556.749999999999	5.597791270730925e-17	1.8055827450983046e-17
4556.999999999999	1.4021143171053572e-17	1.550356828839558e-17
4557.249999999999	1.751623933944123e-17	1.643031828564284e-17
4557.499999999999	1.645228820271225e-17	1.656135362083859e-17
4557.749999999999	1.3289311667709532e-17	1.655597198377332e-17
4557.999999999999	8.951767614202954e-18	1.652275571909564e-17
4558.249999999999	2.3047530748314935e-18	1.5879189350194685e-17
4558.499999999999	1.1030456777117074e-17	1.5879698893452017e-17
4558.749999999999	2.489892556815051e-17	1.6822572295199162e-17
4558.999999999999	2.4072585371099835e-17	1.6960632048156712e-17
4559.249999999999	1.9647777898871976e-17	1.640761217782826e-17
4559.499999999999	2.016050580156297e-17	1.656938554458648e-17
4559.749999999999	2.0855526113287175e-17	1.637292518602146e-17
4559.999999999999	3.089813402439137e-17	1.6769894125069335e-17
4560.249999999999	2.5811759078772177e-17	1.679749052466533e-17
4560.499999999999	9.859621497537054e-18	1.6293550588802098e-17
4560.749999999999	1.8373629415145307e-18	1.5609138041253273e-17
4560.999999999999	9.630969751073308e-18	1.5524742457715712e-17
4561.249999999999	3.3136359030506757e-17	1.6681779537497736e-17
4561.499999999999	3.733798324730046e-17	1.6954077468982842e-17
4561.749999999999	3.1400599924403033e-17	1.683673031856362e-17
4561.999999999999	4.4672001477489567e-17	1.74556930273248e-17
4562.249999999999	3.8763040080439464e-17	1.6801775320238353e-17
4562.499999999999	4.866638551797546e-18	1.548553078795825e-17
4562.749999999999	2.9446504841254713e-18	1.5683097914182864e-17
4562.999999999999	2.4455900866956908e-17	1.662153928220795e-17
4563.249999999999	2.927707178202425e-17	1.680116816966874e-17
4563.499999999999	2.8924881438256324e-17	1.6036031066140864e-17
4563.749999999999	3.5687245073277385e-17	1.710147774541734e-17
4563.999999999999	2.9057210483930107e-17	1.6895764544520304e-17
4564.249999999999	1.77782289461327e-17	1.619334096631375e-17
4564.499999999999	1.644358295394574e-17	1.6111931504787505e-17
4564.749999999999	1.3124189046651084e-17	1.5975981062391965e-17
4564.999999999999	2.6383001737995173e-17	1.6260193703420285e-17
4565.249999999999	2.9004287468338964e-17	1.6549912058605757e-17
4565.499999999999	2.799033278219391e-17	1.6694822521396472e-17
4565.749999999999	3.3997252216104996e-17	1.6660348942187712e-17
4565.999999999999	2.8736294184761584e-17	1.670978456431633e-17
4566.249999999999	1.7309835856323017e-18	1.5475861046597504e-17
4566.499999999999	9.901611666972083e-18	1.5635599549048844e-17
4566.749999999999	2.336047054483661e-17	1.6396066390838245e-17
4566.999999999999	2.794899691262341e-17	1.6849017259382482e-17
4567.249999999999	2.6232430051092145e-17	1.668607425923811e-17
4567.499999999999	9.412191232400995e-18	1.5379423367702396e-17
4567.749999999999	2.318960108647245e-18	1.5115544480491855e-17
4567.999999999999	1.8954024827846202e-17	1.603237161911093e-17
4568.249999999999	4.547087596948103e-17	1.7194861473490903e-17
4568.499999999999	4.6427927246927333e-17	1.7134239060758117e-17
4568.749999999999	6.1498202614036e-18	1.6025850127161562e-17
4568.999999999999	1.2999205364816771e-17	1.6256509440971973e-17
4569.249999999999	1.5459539118750607e-17	1.6240184204402627e-17
4569.499999999999	5.7269735972774645e-19	1.547430098396223e-17
4569.749999999999	4.0233537666938764e-19	1.4663361235556067e-17
4569.999999999999	5.311661721351075e-18	1.6079123867332427e-17
4570.249999999999	1.3360900013822933e-17	1.6382156521657553e-17
4570.499999999999	1.1640468564469817e-17	1.583590464310101e-17
4570.749999999999	7.407410657218488e-18	1.5580031209858757e-17
4570.999999999999	3.5760391000484224e-17	1.7063774853097174e-17
4571.249999999999	4.490260619737955e-17	1.7280673190237154e-17
4571.499999999999	3.17463878902298e-17	1.6757294509978927e-17
4571.749999999999	1.7855002887506197e-17	1.5804925074799674e-17
4571.999999999999	9.384760268927512e-18	1.5137420098971432e-17
4572.249999999999	8.970615751640588e-18	1.5572313614743637e-17
4572.499999999999	-2.412416421819558e-18	1.5203647487534878e-17
4572.749999999999	2.317711603589688e-17	1.6545848947436897e-17
4572.999999999999	1.948044256967495e-17	1.6111079508756575e-17
4573.249999999999	-7.01733792293747e-18	1.4929458621169476e-17
4573.499999999999	-8.404159676429707e-19	1.527076492243743e-17
4573.749999999999	2.2739115629743926e-17	1.62183118946455e-17
4573.999999999999	2.5595959237485668e-17	1.646056331756023e-17
4574.249999999999	1.2693658081429484e-17	1.6128357657391583e-17
4574.499999999999	5.610244971161278e-18	1.5386070591104873e-17
4574.749999999999	9.990323478945945e-18	1.4594409114054872e-17
4574.999999999999	7.903397251492022e-18	1.527278324313206e-17
4575.249999999999	-5.415326477258058e-18	1.4921775767640083e-17
4575.499999999999	6.83253832946761e-18	1.576516912019915e-17
4575.749999999999	1.5376419047717604e-17	1.611045581457471e-17
4575.999999999999	5.34918263393648e-18	1.5237566855733227e-17
4576.249999999999	3.743140171695975e-17	1.6647535914499266e-17
4576.499999999999	1.1996902344780142e-17	1.5845749746751616e-17
4576.749999999999	9.68841579025389e-18	1.5660269383637625e-17
4576.999999999999	9.873119430772694e-18	1.5782523369450513e-17
4577.249999999999	8.586759279662905e-18	1.5887130284075194e-17
4577.499999999999	2.13730069957779e-17	1.6049749029419444e-17
4577.749999999999	3.77169279208008e-17	1.6891808966831075e-17
4577.999999999999	2.2438592641397285e-17	1.623448658434336e-17
4578.249999999999	1.4377171632863746e-17	1.5980734042191694e-17
4578.499999999999	2.6915251103142418e-17	1.6657796262817373e-17
4578.749999999999	3.040593839886517e-17	1.6772733008931617e-17
4578.999999999999	1.5903422433420038e-17	1.5930348816719864e-17
4579.249999999999	1.7060479365536763e-17	1.566699105329523e-17
4579.499999999999	1.823763182345485e-17	1.570378404694159e-17
4579.749999999999	1.901685084973083e-17	1.5963240826597423e-17
4579.999999999999	3.06989158456641e-17	1.650859273264751e-17
4580.249999999999	-8.348968014611061e-18	1.474973378075763e-17
4580.499999999999	-3.1632477468460583e-19	1.5026526611691348e-17
4580.749999999999	1.1116781345843108e-17	1.53685707580657e-17
4580.999999999999	9.516323345354071e-18	1.5305521397415684e-17
4581.249999999999	1.6038977483482778e-17	1.5419353030231556e-17
4581.499999999999	4.460790821490651e-17	1.69549840589342e-17
4581.749999999999	4.2430050849895243e-17	1.6415094853649415e-17
4581.999999999999	2.4914152308866385e-17	1.5813339155990563e-17
4582.249999999999	1.2069398108025515e-17	1.5494024278487943e-17
4582.499999999999	1.0869170619739647e-17	1.5287902450368304e-17
4582.749999999999	2.4461747379526433e-17	1.5967052474860067e-17
4582.999999999999	8.057518370403515e-18	1.537315830174292e-17
4583.249999999999	2.301670089970447e-17	1.587069916838744e-17
4583.499999999999	4.231739877663287e-17	1.6615512444264888e-17
4583.749999999999	2.7407668413072785e-17	1.6361103120706853e-17
4583.999999999999	1.2007338055388111e-17	1.5512761573723494e-17
4584.249999999999	4.3814182095047575e-17	1.6889438267195498e-17
4584.499999999999	3.517508130776415e-17	1.6418305968787346e-17
4584.749999999999	1.0492863825212736e-17	1.503499032371899e-17
4584.999999999999	-2.8072572319464854e-18	1.4398325949849177e-17
4585.249999999999	2.063426522559659e-17	1.575354061514788e-17
4585.499999999999	3.6360037387581066e-17	1.682627475562095e-17
4585.749999999999	4.27725896502759e-17	1.6847867478331033e-17
4585.999999999999	3.661853463772634e-17	1.648481129003661e-17
4586.249999999999	2.4066470852011843e-17	1.61621562572205e-17
4586.499999999999	2.1797079334776685e-17	1.5650493763158474e-17
4586.749999999999	2.833202124090487e-17	1.588958535613325e-17
4586.999999999999	4.4110435177072217e-17	1.6611465876708278e-17
4587.249999999999	4.952382274297445e-17	1.6914025383723024e-17
4587.499999999999	3.3428979135281066e-17	1.639544931410128e-17
4587.749999999999	2.6858825804837726e-17	1.5656330349560648e-17
4587.999999999999	2.01192642305823e-17	1.5469276688921582e-17
4588.249999999999	2.7708826676129867e-17	1.6112181313332496e-17
4588.499999999999	3.5866465333515574e-17	1.6441127881887684e-17
4588.749999999999	3.555164700982279e-17	1.626158171248815e-17
4588.999999999999	2.1758898332062462e-17	1.6053787325169928e-17
4589.249999999999	4.710781677088672e-17	1.689750327816789e-17
4589.499999999999	2.7442416616244913e-17	1.5555277002847495e-17
4589.749999999999	2.368018412339448e-17	1.5521188889804184e-17
4589.999999999999	3.6682750323040054e-17	1.6321788880553433e-17
4590.249999999999	2.1965969763525312e-17	1.5531604748077452e-17
4590.499999999999	4.2383100078326733e-17	1.5857426228278414e-17
4590.749999999999	3.570414271883062e-17	1.6157037663590022e-17
4590.999999999999	2.9220366896672516e-17	1.597785545366001e-17
4591.249999999999	2.1056726216762124e-17	1.557495562962013e-17
4591.499999999999	2.260362675413019e-17	1.5362490980563436e-17
4591.749999999999	2.4325641427175732e-17	1.532081265821934e-17
4591.999999999999	2.8424476872331144e-17	1.5777047433795412e-17
4592.249999999999	3.37469109667995e-17	1.598213528614936e-17
4592.499999999999	3.848312877859642e-17	1.6221789361940673e-17
4592.749999999999	3.740488561524375e-17	1.642624193958418e-17
4592.999999999999	8.521622942327417e-18	1.433057820331986e-17
4593.249999999999	3.2803739366441527e-18	1.457963401395345e-17
4593.499999999999	-1.0489640715955923e-18	1.4582790535170952e-17
4593.749999999999	1.6408202784785623e-17	1.5136614425054806e-17
4593.999999999999	4.706810217531682e-17	1.6188674013297725e-17
4594.249999999999	1.558037531699358e-17	1.460515253585071e-17
4594.499999999999	9.950158069942208e-18	1.508436142575983e-17
4594.749999999999	1.5326561563476583e-17	1.5269937741824878e-17
4594.999999999999	1.7728431018895783e-17	1.5173187388658225e-17
4595.249999999999	1.766608310740521e-17	1.5187128690702194e-17
4595.499999999999	3.1858589977238944e-17	1.607736197262769e-17
4595.749999999999	2.3803710312989473e-17	1.5283108111537947e-17
4595.999999999999	3.0416152425068974e-17	1.586915068628074e-17
4596.249999999999	3.1227461096028334e-17	1.6038130450535524e-17
4596.499999999999	3.057422002268296e-17	1.5826944622705835e-17
4596.749999999999	5.25992008511078e-17	1.690864209229653e-17
4596.999999999999	3.8701937902951397e-17	1.599401359974562e-17
4597.249999999999	1.7870542302493618e-17	1.5153364832459005e-17
4597.499999999999	1.0377241346370686e-17	1.5118169951756098e-17
4597.749999999999	2.169009013998785e-17	1.5746466566549326e-17
4597.999999999999	2.7616190719330053e-17	1.6203601314631857e-17
4598.249999999999	2.6347834981433093e-17	1.5863469609833727e-17
4598.499999999999	2.197832287879318e-17	1.5122282693761712e-17
4598.749999999999	2.4176699286079434e-17	1.523583473953054e-17
4598.999999999999	3.2364662384721336e-17	1.589087410352761e-17
4599.249999999999	4.2510886248076375e-17	1.6291255989782876e-17
4599.499999999999	4.326625434857e-17	1.6449766956205187e-17
4599.749999999999	3.1727577803100345e-17	1.594675842571169e-17
4599.999999999999	1.1371952502745304e-17	1.4774807279485337e-17
4600.249999999999	2.304245185935386e-18	1.4072699684272777e-17
4600.499999999999	1.6619765806974635e-17	1.4813754251446783e-17
4600.749999999999	1.0879454956295519e-17	1.5010818451858966e-17
4600.999999999999	3.2020237612544056e-17	1.6163894990868086e-17
4601.249999999999	3.008912491553491e-17	1.6054272053008884e-17
4601.499999999999	2.7602067437551323e-17	1.5908991013303745e-17
4601.749999999999	4.6539153260813663e-17	1.643063592299806e-17
4601.999999999999	2.674866685394159e-17	1.5688077541470433e-17
4602.249999999999	2.5815167062895896e-17	1.5591894634203992e-17
4602.499999999999	2.3172922230191236e-17	1.5403004632605058e-17
4602.749999999999	1.7593582381076163e-17	1.5383097703983357e-17
4602.999999999999	1.9065245878648857e-17	1.561266844810765e-17
4603.249999999999	2.5238498098854552e-17	1.5743516840484962e-17
4603.499999999999	1.4820436216434987e-17	1.4683337647349223e-17
4603.749999999999	1.415275422395566e-17	1.5158544637454812e-17
4603.999999999999	1.1033314686133445e-17	1.5276891022053998e-17
4604.249999999999	8.601148913598877e-18	1.4995381607267502e-17
4604.499999999999	3.0915207032234467e-17	1.5976664313577933e-17
4604.749999999999	1.511718560682716e-17	1.4846280647493593e-17
4604.999999999999	7.547334048096121e-18	1.4542802969998914e-17
4605.249999999999	1.2500001865141019e-17	1.4955294780421957e-17
4605.499999999999	2.4300399183603064e-17	1.566174838257287e-17
4605.749999999999	3.579499361986854e-17	1.6182791104781248e-17
4605.999999999999	1.471901891025231e-17	1.5105830071378032e-17
4606.249999999999	2.3999507272703225e-17	1.5786214249343724e-17
4606.499999999999	2.2724466261095612e-17	1.5904492805132682e-17
4606.749999999999	1.1186396866195571e-17	1.5227198973935488e-17
4606.999999999999	1.1187448212754126e-18	1.439979833133952e-17
4607.249999999999	3.127969631094014e-18	1.4644164027899936e-17
4607.499999999999	-3.9510894072248656e-18	1.4166457297983212e-17
4607.749999999999	-4.905573943230417e-18	1.4328798110641644e-17
4607.999999999999	4.989317191457402e-19	1.4856183653787078e-17
4608.249999999999	1.676873607221176e-17	1.523851976779889e-17
4608.499999999999	1.9327414156352638e-17	1.538197439271151e-17
4608.749999999999	4.598458490837851e-17	1.6611230957414313e-17
4608.999999999999	4.480244124264428e-17	1.6444449839227697e-17
4609.249999999999	4.019045934140792e-17	1.6195106169740937e-17
4609.499999999999	5.0022285088821355e-17	1.655174343648195e-17
4609.749999999999	3.660800297416731e-17	1.619889465694643e-17
4609.999999999999	4.2099042947253573e-17	1.6518052370132665e-17
4610.249999999999	2.792604099626384e-17	1.5661649120899364e-17
4610.499999999999	2.1533169014702867e-17	1.5199266739010797e-17
4610.749999999999	3.093333221381673e-17	1.5639429395284964e-17
4610.999999999999	3.0331164580212826e-17	1.5762105243210254e-17
4611.249999999999	1.3238410281535468e-17	1.523306699320094e-17
4611.499999999999	1.8565501402852495e-17	1.5213148484050662e-17
4611.749999999999	3.2350431569462974e-17	1.5669975520945323e-17
4611.999999999999	4.0768023314872046e-17	1.613781729487674e-17
4612.249999999999	3.401729976543083e-17	1.5867674996067947e-17
4612.499999999999	1.015552302780136e-17	1.4636393493225613e-17
4612.749999999999	1.6387989799337277e-17	1.516147947426815e-17
4612.999999999999	3.170827471632581e-17	1.587825132738005e-17
4613.249999999999	2.570961219928923e-17	1.5437726365997584e-17
4613.499999999999	-2.6747078667165487e-17	1.3166536558110736e-17
4613.749999999999	2.3283158936064952e-17	1.5412664447798452e-17
4613.999999999999	2.5663943557670176e-17	1.5335546399290134e-17
4614.249999999999	1.373954772948337e-17	1.4988228149330143e-17
4614.499999999999	1.086079293449571e-17	1.5167519547101012e-17
4614.749999999999	2.793008094637555e-17	1.5849129606734508e-17
4614.999999999999	-1.9102915270154215e-18	1.440943002239209e-17
4615.249999999999	1.3676283301874089e-17	1.508902010696973e-17
4615.499999999999	1.2909345426152686e-17	1.500672721654928e-17
4615.749999999999	1.18771092212896e-17	1.4883129889421606e-17
4615.999999999999	2.6676834489547484e-17	1.5259096712716758e-17
4616.249999999999	6.152338199188211e-18	1.462004013251544e-17
4616.499999999999	2.210220806477402e-17	1.529188284347591e-17
4616.749999999999	3.4894680314998477e-17	1.5716390279476898e-17
4616.999999999999	3.380091924335431e-17	1.5636636833536985e-17
4617.249999999999	2.5133030916392816e-17	1.5343091940837842e-17
4617.499999999999	3.5474328783606236e-17	1.5667958854611918e-17
4617.749999999999	1.640372442894926e-17	1.5104994618959354e-17
4617.999999999999	1.2141658951976922e-17	1.5086164679495197e-17
4618.249999999999	2.3610499119870562e-17	1.5630586834536773e-17
4618.499999999999	3.6906764067809214e-17	1.5899344433000152e-17
4618.749999999999	2.2674656753330118e-17	1.453602008897598e-17
4618.999999999999	2.709788100186555e-17	1.5460624379714277e-17
4619.249999999999	2.656743158173122e-17	1.5328004166464875e-17
4619.499999999999	1.988394954428444e-17	1.4996313012637237e-17
4619.749999999999	8.359423577553731e-18	1.457893091043278e-17
4619.999999999999	-8.149204723860117e-18	1.4040969035975243e-17
4620.249999999999	1.143190407200131e-17	1.4824689579144734e-17
4620.499999999999	1.2751643442369451e-17	1.48300116592059e-17
4620.749999999999	1.3289199171146224e-17	1.454624900443081e-17
4620.999999999999	1.6165721405660603e-17	1.4503887430900744e-17
4621.249999999999	2.3050929633451915e-17	1.5137261280293822e-17
4621.499999999999	3.323874082928367e-17	1.6112844712183763e-17
4621.749999999999	2.209222895786418e-17	1.55635603895016e-17
4621.999999999999	2.112951149322189e-17	1.549287946052017e-17
4622.249999999999	3.8409261549895434e-17	1.5853111654203338e-17
4622.499999999999	5.535952902497686e-17	1.5967757232741962e-17
4622.749999999999	1.723850021388675e-17	1.510658115137423e-17
4622.999999999999	2.0448042054292528e-17	1.521083403269674e-17
4623.249999999999	2.4750587268901374e-17	1.559997122570496e-17
4623.499999999999	3.2352793997292425e-17	1.6069379679716552e-17
4623.749999999999	3.992337595650435e-17	1.6404379555994403e-17
4623.999999999999	4.4949629760841965e-17	1.6204297800707626e-17
4624.249999999999	3.621860604644675e-17	1.5634271096985084e-17
4624.499999999999	3.595640964460214e-17	1.5852186866278504e-17
4624.749999999999	3.00819350616506e-17	1.5843786019977415e-17
4624.999999999999	2.1407000810231378e-17	1.5340650103669586e-17
4625.249999999999	2.051593703897088e-17	1.482789573119899e-17
4625.499999999999	1.1942361363910846e-17	1.4616648692003973e-17
4625.749999999999	2.0042587896521086e-17	1.4826209937110607e-17
4625.999999999999	2.83902481385837e-17	1.5392749247370626e-17
4626.249999999999	3.23227574148894e-17	1.5814447578011384e-17
4626.499999999999	3.41899489028829e-17	1.554648903601973e-17
4626.749999999999	1.7757822400421017e-17	1.513466227880918e-17
4626.999999999999	1.8163312954139412e-17	1.5294369348397244e-17
4627.249999999999	2.190480472031069e-17	1.52979973625639e-17
4627.499999999999	2.6417457119230456e-17	1.5183821622613207e-17
4627.749999999999	3.098189433321849e-17	1.511422760895667e-17
4627.999999999999	1.826256635583965e-17	1.520313298119387e-17
4628.249999999999	1.7833463104355316e-17	1.477667505330848e-17
4628.499999999999	3.0965572405371595e-17	1.55951305647603e-17
4628.749999999999	3.2485989928248164e-17	1.5782265289099396e-17
4628.999999999999	1.233087403555659e-17	1.465590668387574e-17
4629.249999999999	1.6380381392063014e-17	1.4926437757572432e-17
4629.499999999999	3.205710008936187e-17	1.564832820431481e-17
4629.749999999999	3.387906134146097e-17	1.5580969232673392e-17
4629.999999999999	3.758576685415194e-17	1.5509184844754815e-17
4630.249999999999	3.788492830321032e-17	1.5628555278952342e-17
4630.499999999999	2.3835090236707285e-17	1.5197043277524255e-17
4630.749999999999	3.5895168500771165e-17	1.5636742712655392e-17
4630.999999999999	3.251216523155179e-17	1.5347148434561802e-17
4631.249999999999	1.5666263134356185e-17	1.478234124050447e-17
4631.499999999999	6.407279399880117e-18	1.4597845222319417e-17
4631.749999999999	2.6589241025761794e-17	1.5252475959093883e-17
4631.999999999999	1.8737596329294152e-17	1.4680263844192976e-17
4632.249999999999	2.839009262862854e-17	1.5266774603162475e-17
4632.499999999999	3.1143115143327527e-17	1.5713903774555564e-17
4632.749999999999	2.2858414926408774e-17	1.5438947284581712e-17
4632.999999999999	1.8241802468103344e-17	1.4523074712389524e-17
4633.249999999999	8.59424195548406e-18	1.4712303858039605e-17
4633.499999999999	1.9798486897756687e-17	1.5034005978790053e-17
4633.749999999999	1.6966296580991475e-17	1.503722867445656e-17
4633.999999999999	1.2911477897771847e-17	1.498178606671958e-17
4634.249999999999	2.5895532622489098e-17	1.5052012046364107e-17
4634.499999999999	1.7542523830585715e-17	1.474053222362359e-17
4634.749999999999	3.060408786024102e-17	1.5387400697529858e-17
4634.999999999999	2.646219931856345e-17	1.514770029962424e-17
4635.249999999999	2.4811884661014004e-17	1.4993057229746228e-17
4635.499999999999	2.9882845923098885e-17	1.5247972787839145e-17
4635.749999999999	1.415729379115735e-17	1.4622313224838736e-17
4635.999999999999	1.463205741245461e-17	1.4497468509347332e-17
4636.249999999999	2.5001428135296855e-17	1.529249826585165e-17
4636.499999999999	1.735759271539846e-17	1.4981622284958295e-17
4636.749999999999	-1.2667829573597669e-18	1.3687282322479207e-17
4636.999999999999	-3.9077774031709765e-18	1.3795358432592935e-17
4637.249999999999	1.2852164911948733e-17	1.4321513958167502e-17
4637.499999999999	3.4915564971104216e-17	1.5491112602731756e-17
4637.749999999999	5.023999571732286e-17	1.606060825650104e-17
4637.999999999999	4.6980808150912876e-17	1.5842589916811663e-17
4638.249999999999	3.0732856720558377e-17	1.527918562107322e-17
4638.499999999999	1.7398003797044126e-17	1.4735266391844077e-17
4638.749999999999	2.959950016735252e-17	1.538134573544597e-17
4638.999999999999	4.036532201417918e-17	1.5700807851097624e-17
4639.249999999999	4.116305168820287e-17	1.5674683832991975e-17
4639.499999999999	3.082867732271652e-17	1.5359395670711262e-17
4639.749999999999	8.480910766938782e-18	1.417625773388074e-17
4639.999999999999	4.9323783173898914e-18	1.420013678380392e-17
4640.249999999999	1.7885496073607352e-17	1.4792925843622698e-17
4640.499999999999	2.1489277157039578e-17	1.4871866998201084e-17
4640.749999999999	1.0312211715334218e-17	1.4475622669369807e-17
4640.999999999999	4.6905296487154136e-17	1.6276626473469263e-17
4641.249999999999	5.0937173316084605e-17	1.6022657209997107e-17
4641.499999999999	3.6440968738713254e-17	1.5729879940906413e-17
4641.749999999999	3.107439297803662e-17	1.5533077129567797e-17
4641.999999999999	3.747695289893182e-17	1.533781618289098e-17
4642.249999999999	2.848538383519465e-17	1.49528595606986e-17
4642.499999999999	1.795058691600915e-17	1.48994121125991e-17
4642.749999999999	-2.0420175580226535e-18	1.3774853452388358e-17
4642.999999999999	-2.4043998009130002e-18	1.3683287040120575e-17
4643.249999999999	2.0061667644530234e-17	1.475638265852133e-17
4643.499999999999	4.1348419554753554e-17	1.5638453322162152e-17
4643.749999999999	1.091331642185099e-17	1.439066129429326e-17
4643.999999999999	3.4812461870833156e-17	1.5476145596728222e-17
4644.249999999999	2.4005874909058658e-17	1.4830903359906233e-17
4644.499999999999	4.398080025865352e-18	1.404038504646278e-17
4644.749999999999	3.2655227772854063e-17	1.5573051459850034e-17
4644.999999999999	3.757056989193812e-17	1.5747722226719182e-17
4645.249999999999	3.143735983082489e-17	1.5392745938648175e-17
4645.499999999999	1.4185173086522837e-17	1.457497533274355e-17
4645.749999999999	1.1951989746240963e-17	1.4383760953623343e-17
4645.999999999999	3.373381835206401e-17	1.5277200387603093e-17
4646.249999999999	3.556015704396474e-17	1.5516808141280104e-17
4646.499999999999	3.0515384320073285e-17	1.5235373172748737e-17
4646.749999999999	1.5122731025653716e-17	1.451235279728961e-17
4646.999999999999	-1.647015240881125e-18	1.3647924241753321e-17
4647.249999999999	-1.109593556722616e-17	1.3239191140033719e-17
4647.499999999999	7.21758594152737e-18	1.4295080574512758e-17
4647.749999999999	1.784520245160867e-17	1.4572746908173333e-17
4647.999999999999	1.5764280728221268e-17	1.4424375521699697e-17
4648.249999999999	1.8021757535913212e-17	1.461920468009676e-17
4648.499999999999	2.416495663010363e-17	1.4979053061975705e-17
4648.749999999999	2.051678903500181e-17	1.4815251448355504e-17
4648.999999999999	2.85509130833211e-17	1.5367162896663135e-17
4649.249999999999	1.0246087724347341e-17	1.4348413871687727e-17
4649.499999999999	2.4313328016577268e-18	1.404412390283152e-17
4649.749999999999	1.6514672510149773e-17	1.4774739450675107e-17
4649.999999999999	4.283386388133138e-17	1.5774936468872176e-17
4650.249999999999	4.634017661882526e-17	1.572094639029084e-17
4650.499999999999	4.4796922293597325e-17	1.5893340756114242e-17
4650.749999999999	2.3144803052448108e-17	1.5053064220103275e-17
4650.999999999999	1.7144982482553955e-17	1.4737365776238736e-17
4651.249999999999	3.9276289106916366e-17	1.5689859288509872e-17
4651.499999999999	2.932043920717918e-17	1.5078915268606782e-17
4651.749999999999	5.433141631546735e-17	1.5952639679866943e-17
4651.999999999999	2.6593653207149152e-17	1.4890177468240558e-17
4652.249999999999	1.935558958237742e-17	1.4761888372678483e-17
4652.499999999999	4.848085056094104e-17	1.5978527124317403e-17
4652.749999999999	1.698713822370536e-17	1.469094109153981e-17
4652.999999999999	2.2677584972698556e-17	1.469757342569126e-17
4653.249999999999	2.6335306503875365e-17	1.4957007044289942e-17
4653.499999999999	2.339878720517129e-17	1.4856631985679082e-17
4653.749999999999	1.6489663531509845e-17	1.4417865610278904e-17
4653.999999999999	1.4861406472174738e-17	1.410474135248063e-17
4654.249999999999	1.4956785359885778e-17	1.4362626488972613e-17
4654.499999999999	1.7948217870734798e-17	1.4745452293907055e-17
4654.749999999999	2.6859904448356495e-17	1.4934939519908252e-17
4654.999999999999	2.322643585273974e-17	1.452887986592842e-17
4655.249999999999	-1.7501565982555152e-18	1.3595217120302055e-17
4655.499999999999	2.351732218695014e-17	1.489409168689916e-17
4655.749999999999	1.664822082004646e-17	1.4749229200583972e-17
4655.999999999999	2.6002707105735143e-17	1.5106397517278244e-17
4656.249999999999	3.9376861034513014e-17	1.5575147535522244e-17
4656.499999999999	5.0264205639491064e-17	1.5713797895437157e-17
4656.749999999999	4.066682934745476e-17	1.5868156415184452e-17
4656.999999999999	3.7371288847484293e-17	1.5641199561795828e-17
4657.249999999999	2.824091556823828e-17	1.5285295177077537e-17
4657.499999999999	2.709654924107934e-17	1.5230562290306128e-17
4657.749999999999	2.8898537390107735e-17	1.526059390962548e-17
4657.999999999999	5.641372191201955e-18	1.4425487252442968e-17
4658.249999999999	6.943162983048615e-18	1.4266615635273583e-17
4658.499999999999	1.358976269134288e-17	1.464763818647266e-17
4658.749999999999	2.7133674761331946e-17	1.5266200539817363e-17
4658.999999999999	2.588097920679184e-17	1.5390530748967758e-17
4659.249999999999	5.265938072221287e-18	1.428643322838913e-17
4659.499999999999	1.8680206538395223e-17	1.4335389085762467e-17
4659.749999999999	2.5845357500892856e-17	1.5102134228401145e-17
4659.999999999999	2.935523704118806e-17	1.5312312550244744e-17
4660.249999999999	1.6990743076814868e-17	1.4823283372103394e-17
4660.499999999999	6.569329458553237e-18	1.421319631131491e-17
4660.749999999999	4.1155487948681685e-17	1.5311814587515987e-17
4660.999999999999	3.0539236900216864e-17	1.523916496867668e-17
4661.249999999999	1.6434161366768762e-17	1.477229099606195e-17
4661.499999999999	8.287105658140058e-18	1.4446361982381356e-17
4661.749999999999	1.0742516033067978e-17	1.446452025118812e-17
4661.999999999999	1.1525295244700384e-17	1.4412010825903254e-17
4662.249999999999	3.5043480181029416e-17	1.5466710774661442e-17
4662.499999999999	2.802815478852229e-17	1.532402377335727e-17
4662.749999999999	2.5519602195140898e-17	1.523136630986153e-17
4662.999999999999	3.436407373054776e-17	1.5321265953195018e-17
4663.249999999999	4.6538570925662426e-18	1.4232601968485403e-17
4663.499999999999	2.506786893645834e-17	1.4784811201813553e-17
4663.749999999999	1.4660457831606006e-17	1.415807134093315e-17
4663.999999999999	2.1348378520219745e-17	1.4414791807122657e-17
4664.249999999999	3.7676581359242915e-17	1.508597442795431e-17
4664.499999999999	1.7588328129825227e-17	1.453532360290021e-17
4664.749999999999	1.1989363420677334e-17	1.4393111403267642e-17
4664.999999999999	1.1539117432736145e-17	1.43082095851952e-17
4665.249999999999	2.2242158752611868e-17	1.480651807544817e-17
4665.499999999999	3.324813098359737e-17	1.53256797889436e-17
4665.749999999999	2.971991781220554e-17	1.516467073707138e-17
4665.999999999999	1.1843275052694344e-17	1.392883477777633e-17
4666.249999999999	9.363101371768423e-18	1.4317776756159988e-17
4666.499999999999	2.7089940067985042e-17	1.5165266307112418e-17
4666.749999999999	2.870053682124214e-17	1.5151308461456198e-17
4666.999999999999	1.4905735081201455e-17	1.4296531449307176e-17
4667.249999999999	3.354888723687675e-17	1.5367121537632508e-17
4667.499999999999	3.4381305557068466e-17	1.542681254499556e-17
4667.749999999999	1.5400625661163356e-17	1.4348197150367238e-17
4667.999999999999	1.249611411626202e-17	1.4066682772497066e-17
4668.249999999999	2.00198089968126e-17	1.44447307822134e-17
4668.499999999999	-8.913723096289803e-18	1.2847310188933659e-17
4668.749999999999	6.389047511998836e-18	1.40180677135361e-17
4668.999999999999	1.870291760929348e-17	1.4649072517654826e-17
4669.249999999999	2.0579069117682153e-17	1.467384326827834e-17
4669.499999999999	1.482202771193354e-17	1.4392089008030527e-17
4669.749999999999	8.060472232370941e-18	1.4323717567319344e-17
4669.999999999999	7.737905707880375e-18	1.4182311041603404e-17
4670.249999999999	1.7931735469849066e-17	1.4473051792025992e-17
4670.499999999999	2.970168013405997e-17	1.516586684023713e-17
4670.749999999999	2.835245260203493e-17	1.5126943029332836e-17
4670.999999999999	7.731891277646502e-18	1.4058789815092085e-17
4671.249999999999	2.58862218775142e-17	1.510666221507426e-17
4671.499999999999	1.9585896517246884e-17	1.492935935949597e-17
4671.749999999999	2.88316780355563e-17	1.5180163829944498e-17
4671.999999999999	2.4512294732398323e-17	1.5007192092053534e-17
4672.249999999999	7.785888800853351e-18	1.4391792877371233e-17
4672.499999999999	2.156881057293655e-17	1.4904886393892975e-17
4672.749999999999	1.1641649778384543e-17	1.435775274080345e-17
4672.999999999999	1.760889680293697e-17	1.454234802066201e-17
4673.249999999999	2.0575404707568543e-17	1.4379838463158616e-17
4673.499999999999	1.5894517006945292e-17	1.4181181112886656e-17
4673.749999999999	2.5205273562370748e-17	1.4956107071783484e-17
4673.999999999999	2.1215189206708907e-17	1.464796244127278e-17
4674.249999999999	6.750438999310497e-18	1.4154160430997e-17
4674.499999999999	1.9794284820244918e-17	1.4700033460832993e-17
4674.749999999999	3.6945016208056117e-17	1.5436813158601325e-17
4674.999999999999	3.403020709170911e-17	1.538673729867859e-17
4675.249999999999	5.36177778225158e-17	1.6197284963474402e-17
4675.499999999999	1.8545099820224487e-17	1.463605269481324e-17
4675.749999999999	9.865106532178893e-18	1.4267851443108737e-17
4675.999999999999	1.418023316390467e-17	1.433561077016663e-17
4676.249999999999	1.1641411550368128e-17	1.4095460386007786e-17
4676.499999999999	2.659430998855552e-17	1.4920328201568115e-17
4676.749999999999	2.1579727702661026e-17	1.455325356985791e-17
4676.999999999999	2.4533430851410278e-17	1.4506370627099628e-17
4677.249999999999	1.6854840610894855e-17	1.4216152654824173e-17
4677.499999999999	1.8779880561436944e-18	1.3576807388589074e-17
4677.749999999999	1.6777381763974165e-18	1.3322369113709601e-17
4677.999999999999	1.0053611067612377e-17	1.3813875697785547e-17
4678.249999999999	1.5248540233739356e-17	1.4393751641061758e-17
4678.499999999999	2.037451727836514e-17	1.4680452441372638e-17
4678.749999999999	1.7272924162258757e-17	1.448385311646471e-17
4678.999999999999	5.509100427785591e-19	1.3813025356115843e-17
4679.249999999999	2.673853885452149e-18	1.397346613490724e-17
4679.499999999999	6.87190261404809e-18	1.4144399699768873e-17
4679.749999999999	1.7548319057957262e-17	1.4565471027505317e-17
4679.999999999999	1.2103556531420892e-17	1.4323158393225258e-17
4680.249999999999	-1.097746510553509e-17	1.3165840072034966e-17
4680.499999999999	1.768227599507655e-17	1.4493532783992805e-17
4680.749999999999	1.3501139387694561e-17	1.424880147360164e-17
4680.999999999999	1.9370220753052258e-17	1.4274406022282608e-17
4681.249999999999	1.1963253464642098e-17	1.3952214210609528e-17
4681.499999999999	5.234940719536781e-18	1.3862532115777141e-17
4681.749999999999	5.503590619084406e-17	1.6229738567627307e-17
4681.999999999999	3.4239318350562514e-17	1.5120242866371156e-17
4682.249999999999	4.2084590447591047e-17	1.5555976797645715e-17
4682.499999999999	3.6743614272511705e-17	1.5332331975429753e-17
4682.749999999999	3.0255007715576293e-17	1.4681610494230212e-17
4682.999999999999	5.2483048149493106e-17	1.5204332393082072e-17
4683.249999999999	-2.3107507546579623e-18	1.3383679740712031e-17
4683.499999999999	-1.6521205996218023e-18	1.3617781780231889e-17
4683.749999999999	4.9234414580518685e-18	1.3756452819662116e-17
4683.999999999999	5.155127716592765e-18	1.3775227338025232e-17
4684.249999999999	1.0001326635454125e-17	1.4010164829963768e-17
4684.499999999999	1.6450243412238018e-17	1.3760475398980961e-17
4684.749999999999	1.349578670195073e-17	1.3946928526495314e-17
4684.999999999999	4.605730070166682e-18	1.3946705187729925e-17
4685.249999999999	7.51550082940263e-18	1.4024501524340537e-17
4685.499999999999	1.4649421587873324e-17	1.4230244503739627e-17
4685.749999999999	5.794603263774341e-18	1.3836799354101229e-17
4685.999999999999	1.397868564457245e-17	1.4456276569203417e-17
4686.249999999999	3.329477735270046e-17	1.5234079462270704e-17
4686.499999999999	2.417711949383061e-17	1.4783482749749793e-17
4686.749999999999	2.4239851630715714e-18	1.3796116130034034e-17
4686.999999999999	2.896322622273183e-17	1.4719324967078955e-17
4687.249999999999	-9.75930682311091e-18	1.3217905301330891e-17
4687.499999999999	1.7715694091823692e-17	1.4484544639456804e-17
4687.749999999999	1.2171704633366686e-17	1.407882082080567e-17
4687.999999999999	-4.7557760837904325e-18	1.2894681995433958e-17
4688.249999999999	1.095918193245583e-17	1.3473934244528305e-17
4688.499999999999	1.7372768170916358e-17	1.4070644967631195e-17
4688.749999999999	1.254927287832774e-17	1.392063741790593e-17
4688.999999999999	5.8351297371154574e-18	1.3823704257823902e-17
4689.249999999999	1.4489252951503456e-17	1.41499037595648e-17
4689.499999999999	3.475607793155909e-17	1.4749462465516712e-17
4689.749999999999	1.5842783477075e-17	1.421307388858425e-17
4689.999999999999	2.5915194705649483e-17	1.466822174883543e-17
4690.249999999999	2.554090209591414e-17	1.4399115080153552e-17
4690.499999999999	1.355056177493338e-17	1.3828932039295237e-17
4690.749999999999	-2.1188727698913336e-18	1.3265423518799613e-17
4690.999999999999	-3.309677430229303e-18	1.299294195321852e-17
4691.249999999999	1.5592756556402272e-17	1.38178263123911e-17
4691.499999999999	2.7258332534004912e-17	1.4276242363242475e-17
4691.749999999999	3.0945604265384565e-17	1.4592706776354238e-17
4691.999999999999	2.719081308932466e-17	1.4681770967269047e-17
4692.249999999999	2.2661061212782197e-17	1.445492661044373e-17
4692.499999999999	3.3514919892202875e-17	1.5049267461091656e-17
4692.749999999999	1.9991438356163257e-17	1.4485131937691716e-17
4692.999999999999	2.402147884413386e-17	1.447933671032017e-17
4693.249999999999	3.077661788368488e-17	1.4567428136834617e-17
4693.499999999999	3.03783105664059e-17	1.433053684428923e-17
4693.749999999999	3.145510781804783e-17	1.477437714556681e-17
4693.999999999999	1.5730344816410668e-17	1.3906881404319172e-17
4694.249999999999	4.800085254072754e-18	1.3439605421926741e-17
4694.499999999999	1.2675331894958371e-17	1.3867026188045142e-17
4694.749999999999	2.85789776671438e-17	1.4505753550362663e-17
4694.999999999999	7.484484865154342e-18	1.3588449955710758e-17
4695.249999999999	3.559969296852232e-17	1.493499742255113e-17
4695.499999999999	2.0029796375528566e-17	1.4402670302426305e-17
4695.749999999999	1.4331160538471096e-17	1.4222885905010355e-17
4695.999999999999	1.5781046024876493e-17	1.4242569494866667e-17
4696.249999999999	4.5444397090892595e-18	1.3307302018851947e-17
4696.499999999999	2.1691296169320954e-17	1.4410478887408806e-17
4696.749999999999	2.255723681101699e-17	1.4487593627194674e-17
4696.999999999999	1.5546765314344324e-17	1.4062528671460825e-17
4697.249999999999	1.85008588923427e-17	1.4130099401339057e-17
4697.499999999999	3.126093544105713e-17	1.4830438484401978e-17
4697.749999999999	1.3813779744834491e-17	1.3894027017600098e-17
4697.999999999999	1.7431138998021775e-17	1.3772408306497651e-17
4698.249999999999	2.4666772366153826e-17	1.417812054462021e-17
4698.499999999999	3.1441029204022175e-17	1.4681504615111805e-17
4698.749999999999	2.6263576709877217e-17	1.466864030222538e-17
4698.999999999999	-4.749523425540144e-18	1.3237588891187203e-17
4699.249999999999	3.5817502858697336e-17	1.457160209020556e-17
4699.499999999999	1.8395156790587e-17	1.4068353677334423e-17
4699.749999999999	6.023709132394378e-18	1.3497112672472653e-17
4699.999999999999	1.465474697665694e-17	1.3615835424250551e-17
4700.249999999999	2.7692694999823857e-17	1.4257786309415192e-17
4700.499999999999	2.7217223311922252e-17	1.4626356483672895e-17
4700.749999999999	1.9342212417511212e-17	1.418974243222658e-17
4700.999999999999	3.228458799270375e-17	1.4721953747065648e-17
4701.249999999999	3.569212543889145e-17	1.494209628656806e-17
4701.499999999999	1.7712944543467565e-17	1.3788246333686204e-17
4701.749999999999	2.2431338267425195e-17	1.389984044294512e-17
4701.999999999999	1.418901616764876e-17	1.3785268483481013e-17
4702.249999999999	1.662567683963194e-17	1.3935255353690966e-17
4702.499999999999	1.790153345132353e-17	1.3942827365018276e-17
4702.749999999999	2.1389373591377873e-17	1.4041698609275515e-17
4702.999999999999	4.322479605626884e-17	1.5156221914294763e-17
4703.249999999999	3.22837872818708e-17	1.4700322974047387e-17
4703.499999999999	6.167669578251575e-18	1.3406231165752064e-17
4703.749999999999	9.816017498726933e-18	1.3471641299870308e-17
4703.999999999999	3.33102125429307e-17	1.4517936266424344e-17
4704.249999999999	3.4383340421375346e-17	1.4646766338107028e-17
4704.499999999999	3.168146413831174e-17	1.468624270566051e-17
4704.749999999999	3.8008681140293154e-17	1.4843145632972017e-17
4704.999999999999	3.4477371004687924e-17	1.464306387768524e-17
4705.249999999999	3.425733765302637e-17	1.4750549380841606e-17
4705.499999999999	4.335500421085204e-17	1.5467628945141376e-17
4705.749999999999	3.320969024617081e-17	1.4575782661021403e-17
4705.999999999999	4.9947667607304784e-18	1.3502576200418566e-17
4706.249999999999	2.1375306557880797e-18	1.3198368122443002e-17
4706.499999999999	9.925337688481941e-18	1.3512240978695635e-17
4706.749999999999	1.9975083341091858e-17	1.4082448834972327e-17
4706.999999999999	3.424142931548575e-17	1.455827621053733e-17
4707.249999999999	2.574266509579593e-18	1.3089137268194149e-17
4707.499999999999	6.4839809629500155e-18	1.3333174574051381e-17
4707.749999999999	2.4627931273310786e-17	1.403517546296492e-17
4707.999999999999	3.4429189388367936e-17	1.445102893539738e-17
4708.249999999999	2.889686317654793e-17	1.4347197916187274e-17
4708.499999999999	3.5348120874465345e-17	1.4742452937005937e-17
4708.749999999999	1.436014660149618e-17	1.3341380205727907e-17
4708.999999999999	9.575496537653664e-18	1.3316019675327644e-17
4709.249999999999	1.4840980074128354e-17	1.3977744313035365e-17
4709.499999999999	1.6340412024864452e-17	1.410130689857731e-17
4709.749999999999	3.2361340427381323e-17	1.446863133883251e-17
4709.999999999999	1.6519604160961814e-17	1.3622883830250116e-17
4710.249999999999	2.0145142162455716e-18	1.3053135886394004e-17
4710.499999999999	7.586783118689387e-18	1.3195304245454105e-17
4710.749999999999	2.320021091859936e-17	1.3823828334915785e-17
4710.999999999999	2.662964548996256e-17	1.407727233869897e-17
4711.249999999999	3.0004342211470674e-17	1.4244710238291954e-17
4711.499999999999	2.6362267628760918e-17	1.4238972913563286e-17
4711.749999999999	2.807043695271355e-17	1.4334528817925412e-17
4711.999999999999	3.264397149907844e-17	1.437895172554196e-17
4712.249999999999	2.3817201628780213e-17	1.400559052117635e-17
4712.499999999999	3.892637102829112e-18	1.2851508957722978e-17
4712.749999999999	1.1606448280236737e-17	1.3478050295256368e-17
4712.999999999999	3.6800882881450895e-19	1.3105886021237123e-17
4713.249999999999	4.787825610214106e-18	1.332244355996473e-17
4713.499999999999	3.544089414324684e-17	1.4839769081711576e-17
4713.749999999999	6.769486900866062e-18	1.3521840409704313e-17
4713.999999999999	5.107831183528208e-18	1.295239355959117e-17
4714.249999999999	-8.02109595367158e-18	1.2215598972571812e-17
4714.499999999999	-1.2804689707871864e-17	1.2279250520707768e-17
4714.749999999999	3.0778681285722896e-18	1.3243427131950603e-17
4714.999999999999	2.1889536620564187e-17	1.403827573590077e-17
4715.249999999999	1.4482345993388638e-17	1.3364177303409868e-17
4715.499999999999	2.7400834246851872e-17	1.4141433430092258e-17
4715.749999999999	2.5289869323616546e-17	1.4318498057654134e-17
4715.999999999999	1.7378245760932684e-17	1.392508268651779e-17
4716.249999999999	2.071394257092015e-17	1.3908395144840144e-17
4716.499999999999	1.7525492181773248e-17	1.3647223619774489e-17
4716.749999999999	2.3696645017584285e-17	1.396544744604915e-17
4716.999999999999	2.1673900561038963e-17	1.3974958368732286e-17
4717.249999999999	1.7689680915920124e-17	1.388728549560779e-17
4717.499999999999	1.6357248459052356e-17	1.3890748073651938e-17
4717.749999999999	1.0368113408311164e-17	1.3751799101535893e-17
4717.999999999999	4.9154840632771696e-17	1.534296455502351e-17
4718.249999999999	3.276370423838427e-17	1.4388770359412964e-17
4718.499999999999	2.084691847183295e-17	1.3938858552439247e-17
4718.749999999999	3.7598608005981216e-17	1.4792365015167387e-17
4718.999999999999	3.913767017986473e-17	1.4568529941410538e-17
4719.249999999999	3.380982301546783e-17	1.462766673776318e-17
4719.499999999999	2.122185131936241e-17	1.393717110398964e-17
4719.749999999999	1.884373187369083e-17	1.3723353187450806e-17
4719.999999999999	2.1657376801122604e-17	1.3946954996274916e-17
4720.249999999999	2.1604615912931522e-17	1.3879291622168078e-17
4720.499999999999	3.625001678264238e-19	1.3059795517505668e-17
4720.749999999999	1.965830625370855e-17	1.3975137039744597e-17
4720.999999999999	2.5120490858306512e-17	1.4120191431961896e-17
4721.249999999999	2.5376321278156913e-17	1.4081380117620908e-17
4721.499999999999	2.9835881916640575e-17	1.4203425653919432e-17
4721.749999999999	1.723231124854363e-17	1.338298904490055e-17
4721.999999999999	3.8533904433317375e-17	1.456160974840592e-17
4722.249999999999	2.2908457699107007e-17	1.3960436385898305e-17
4722.499999999999	1.2359403494883543e-17	1.3526883729899049e-17
4722.749999999999	2.0917888914028773e-17	1.3743428033736856e-17
4722.999999999999	1.221089727797006e-17	1.3331957791370315e-17
4723.249999999999	4.009245167371019e-17	1.4339688770586518e-17
4723.499999999999	2.5697272318911163e-17	1.3877991294245145e-17
4723.749999999999	3.43116172448221e-17	1.452135583107664e-17
4723.999999999999	4.8768924481068756e-17	1.4947878279049807e-17
4724.249999999999	3.040216314654948e-17	1.3476917884997783e-17
4724.499999999999	2.4121230208562853e-17	1.373608763298106e-17
4724.749999999999	3.9219971342091306e-17	1.471318397821136e-17
4724.999999999999	2.6008338551345404e-17	1.436248917699093e-17
4725.249999999999	1.6976346825433995e-17	1.3748893216043994e-17
4725.499999999999	2.5019255531858598e-17	1.3782877931510735e-17
4725.749999999999	2.5913037418611945e-17	1.411627555894207e-17
4725.999999999999	6.624767516796847e-18	1.3257040870472e-17
4726.249999999999	2.0808332150618575e-17	1.381794956230237e-17
4726.499999999999	2.3189469151164746e-17	1.3917325386733266e-17
4726.749999999999	1.2664208797261371e-17	1.3379909451480015e-17
4726.999999999999	1.4888829163842096e-17	1.323140240738592e-17
4727.249999999999	2.8114684498040235e-17	1.4229084796520827e-17
4727.499999999999	1.4074238240212126e-17	1.3460758084550947e-17
4727.749999999999	2.85751163880444e-17	1.3988229654480087e-17
4727.999999999999	3.9115918638477036e-17	1.4410870971019156e-17
4728.249999999999	1.0579346385435768e-17	1.3370015544173268e-17
4728.499999999999	1.820377035789938e-17	1.3559408471584634e-17
4728.749999999999	8.9639809359473e-18	1.3104199399968127e-17
4728.999999999999	1.4715495120842834e-17	1.3244454490271393e-17
4729.249999999999	6.7110523808534785e-18	1.2971787636233089e-17
4729.499999999999	-2.3246331200832867e-18	1.2579161395401119e-17
4729.749999999999	3.7745545061272686e-17	1.4414690891087926e-17
4729.999999999999	1.965680574807738e-17	1.3554467721785855e-17
4730.249999999999	6.254657545828877e-18	1.30651746730291e-17
4730.499999999999	1.4784503490625683e-17	1.3545401822272274e-17
4730.749999999999	2.415027582859204e-17	1.393361091863321e-17
4730.999999999999	8.06318373041889e-18	1.2996209316638104e-17
4731.249999999999	3.3266719386322664e-17	1.354174568396479e-17
4731.499999999999	2.3811007700353416e-17	1.3747085826405565e-17
4731.749999999999	2.7158268495304372e-17	1.3895441496447563e-17
4731.999999999999	2.973847312770633e-17	1.381095409586201e-17
4732.249999999999	1.720682250514842e-17	1.3679858376481543e-17
4732.499999999999	3.852040153699806e-17	1.474693460156475e-17
4732.749999999999	2.35065920000441e-17	1.3887705703358968e-17
4732.999999999999	6.110427852682293e-18	1.2805816327866161e-17
4733.249999999999	5.682074026832933e-18	1.2626483571064665e-17
4733.499999999999	1.5096130551515235e-17	1.3067169005485966e-17
4733.749999999999	1.2554322815967377e-17	1.2620987783074863e-17
4733.999999999999	-4.0968349088439526e-18	1.2399236377281034e-17
4734.249999999999	1.876893654834256e-17	1.3765053843671442e-17
4734.499999999999	2.316862750845086e-17	1.3722478030362725e-17
4734.749999999999	1.5959859312253306e-17	1.3268407159269091e-17
4734.999999999999	3.10085030791631e-17	1.4020706419690144e-17
4735.249999999999	2.7334557227451673e-17	1.4156395473012117e-17
4735.499999999999	3.46836466884015e-17	1.4510647150866527e-17
4735.749999999999	2.0262204349153915e-17	1.3710275461966343e-17
4735.999999999999	1.8053185436106552e-17	1.352924284900605e-17
4736.249999999999	3.527009127292199e-17	1.4202039299212793e-17
4736.499999999999	4.166214682721838e-18	1.2462172414187132e-17
4736.749999999999	2.0271429067345106e-17	1.3654304285817943e-17
4736.999999999999	2.1047632193107716e-17	1.361118253330494e-17
4737.249999999999	1.2979989959187165e-17	1.3329045288433516e-17
4737.499999999999	1.0460664165507884e-17	1.3419609157798885e-17
4737.749999999999	2.422244071959239e-17	1.397968322439119e-17
4737.999999999999	2.7321297522232448e-17	1.3650227112578669e-17
4738.249999999999	3.207228050796344e-17	1.4110104791572425e-17
4738.499999999999	2.950698828764459e-17	1.4248310128317785e-17
4738.749999999999	2.2371119518831335e-17	1.4040742388487403e-17
4738.999999999999	2.3255823925542525e-17	1.3733623461936265e-17
4739.249999999999	3.4729760353190104e-17	1.4012467700789116e-17
4739.499999999999	4.1366064971580535e-17	1.4327161947390015e-17
4739.749999999999	3.2867244090018755e-17	1.4069880652745196e-17
4739.999999999999	2.5424109156505326e-17	1.3705563841197241e-17
4740.249999999999	1.8058198150618623e-17	1.3295872864328302e-17
4740.499999999999	-3.889789947160705e-18	1.2451004648737053e-17
4740.749999999999	7.281004224730585e-18	1.2886729481024873e-17
4740.999999999999	2.1310848508647602e-18	1.2647601492103144e-17
4741.249999999999	4.997235894858949e-18	1.2772621569884408e-17
4741.499999999999	1.1220978806064575e-17	1.2975310598461952e-17
4741.749999999999	2.9335495135098565e-18	1.2751942054570583e-17
4741.999999999999	1.9087712104085797e-17	1.3776892452598301e-17
4742.249999999999	1.7078245550733177e-17	1.3400172894945726e-17
4742.499999999999	9.209286309683575e-18	1.2988767999847577e-17
4742.749999999999	7.63755463750728e-18	1.2734551409372268e-17
4742.999999999999	1.3653283544942052e-17	1.298230192899925e-17
4743.249999999999	4.076977693777066e-17	1.4627279617236504e-17
4743.499999999999	3.240461520830765e-17	1.4343733683781902e-17
4743.749999999999	2.2701937169932117e-17	1.3816334078566055e-17
4743.999999999999	2.197699773545187e-17	1.3407048420197267e-17
4744.249999999999	2.027825661612112e-17	1.3105543568463526e-17
4744.499999999999	-4.6532242993976395e-18	1.2590020622482715e-17
4744.749999999999	2.820729894814412e-17	1.3537939825966433e-17
4744.999999999999	2.5521541106496722e-17	1.3656272975675819e-17
4745.249999999999	2.4283306323425268e-17	1.3533186846166703e-17
4745.499999999999	3.2510980708914616e-17	1.3939707239747726e-17
4745.749999999999	4.2103281420712295e-17	1.4894768320640227e-17
4745.999999999999	2.87404598663264e-17	1.3997508966591707e-17
4746.249999999999	1.545286211684608e-17	1.3340826821898109e-17
4746.499999999999	2.5637991593131938e-17	1.4032976816896755e-17
4746.749999999999	2.3922375989305105e-17	1.3933081523041176e-17
4746.999999999999	4.231971405516741e-18	1.283866946025493e-17
4747.249999999999	1.3747270287682165e-17	1.3301773143637643e-17
4747.499999999999	2.165691192561835e-17	1.3687513933050721e-17
4747.749999999999	3.111818391966518e-17	1.4230717651050007e-17
4747.999999999999	2.1063428034085028e-17	1.363430636732886e-17
4748.249999999999	1.2228462251482471e-18	1.2719934300767843e-17
4748.499999999999	4.579498932171707e-18	1.2955187775700375e-17
4748.749999999999	1.3475534839013595e-17	1.3221956831971176e-17
4748.999999999999	2.6109170213654393e-17	1.3880224681899038e-17
4749.249999999999	3.499273099608806e-17	1.4252224346976386e-17
4749.499999999999	3.5415367349543456e-17	1.4277539382442958e-17
4749.749999999999	2.547850620794804e-17	1.392235133613514e-17
4749.999999999999	1.0918961102351052e-17	1.3011707372594898e-17
4750.249999999999	1.7804341383709774e-17	1.3053493228418627e-17
4750.499999999999	2.521874337146556e-17	1.3528834221783449e-17
4750.749999999999	2.8916033914424456e-17	1.3953976105314266e-17
4750.999999999999	3.5391197132044657e-17	1.427304613735557e-17
4751.249999999999	5.452491040435575e-17	1.4658384916990948e-17
4751.499999999999	3.9442386973917014e-17	1.4142381379074244e-17
4751.749999999999	2.835106624732829e-17	1.3559129711718204e-17
4751.999999999999	2.131661809342016e-17	1.330667418876702e-17
4752.249999999999	2.261478542059353e-17	1.356223908364079e-17
4752.499999999999	3.5262960976041786e-17	1.4034177883146182e-17
4752.749999999999	8.471895325442566e-18	1.29520858484033e-17
4752.999999999999	3.208687197396888e-17	1.3970172301708054e-17
4753.249999999999	4.128160321359397e-17	1.4436561546483828e-17
4753.499999999999	2.988841781170504e-17	1.3848546973160707e-17
4753.749999999999	1.1574965786122968e-17	1.287216448479904e-17
4753.999999999999	2.473624230271848e-17	1.3323495733703898e-17
4754.249999999999	3.1020166325800095e-17	1.3672662732332944e-17
4754.499999999999	3.4514177233224084e-17	1.3929613981913354e-17
4754.749999999999	1.9361576715651078e-17	1.3533534262023975e-17
4754.999999999999	9.039403264199885e-18	1.3017462895297042e-17
4755.249999999999	2.1501694792395224e-17	1.3367627473744827e-17
4755.499999999999	3.844082014462556e-17	1.424782540047883e-17
4755.749999999999	3.388843164343997e-17	1.382971041625165e-17
4755.999999999999	2.0002064318312113e-17	1.3260060906888431e-17
4756.249999999999	1.2160908272011644e-17	1.3043597666750655e-17
4756.499999999999	1.914951903945576e-17	1.327783205516852e-17
4756.749999999999	2.992577328816794e-17	1.3719008834873678e-17
4756.999999999999	9.908167073326566e-18	1.261057027044037e-17
4757.249999999999	1.4733208366480045e-17	1.2516058268011286e-17
4757.499999999999	2.6620017107632442e-17	1.3126791356858175e-17
4757.749999999999	2.7053903117418557e-17	1.3286615886093221e-17
4757.999999999999	-9.218032917480711e-18	1.196832490897766e-17
4758.249999999999	1.3389855471165352e-17	1.3202768723301784e-17
4758.499999999999	1.4933328172075e-17	1.280805136988128e-17
4758.749999999999	2.6204219883481636e-17	1.3399323380456634e-17
4758.999999999999	3.508754243789889e-17	1.4070539088512788e-17
4759.249999999999	3.2155296354239264e-17	1.3839099743384739e-17
4759.499999999999	2.2207804287411315e-17	1.3206273487557171e-17
4759.749999999999	2.849167702529495e-17	1.3321086156579531e-17
4759.999999999999	2.3346482920678337e-17	1.3202571854315996e-17
4760.249999999999	3.0237411929586065e-17	1.3566537941284229e-17
4760.499999999999	3.454234769616519e-17	1.3936094114832095e-17
4760.749999999999	1.0050732479080693e-17	1.2962589387821499e-17
4760.999999999999	1.7823029048108572e-17	1.3161540387210916e-17
4761.249999999999	1.0691924839623622e-17	1.300900910943675e-17
4761.499999999999	6.892399736036848e-18	1.2815323114646233e-17
4761.749999999999	5.275148314751759e-18	1.25521498124982e-17
4761.999999999999	5.016639484077912e-18	1.254177531325556e-17
4762.249999999999	4.3455893775803906e-17	1.4500868221664925e-17
4762.499999999999	2.1573667777493463e-17	1.3301826910377459e-17
4762.749999999999	5.459010712587596e-18	1.2579565886720657e-17
4762.999999999999	1.2796441062803485e-17	1.2851766210893482e-17
4763.249999999999	2.2744131652978447e-17	1.3222095798314085e-17
4763.499999999999	-4.8217391881481674e-18	1.1784501388630613e-17
4763.749999999999	-1.9523234690713848e-18	1.2320724529440564e-17
4763.999999999999	-2.8415825390304452e-18	1.2198988358691135e-17
4764.249999999999	1.7828599282353505e-17	1.297602941841426e-17
4764.499999999999	3.650193525858086e-17	1.3728197157117917e-17
4764.749999999999	2.390762570462206e-17	1.3151636553736818e-17
4764.999999999999	2.0348093820877746e-17	1.3247190803737719e-17
4765.249999999999	3.5216632244293916e-17	1.3712042319754756e-17
4765.499999999999	2.9701898509741686e-17	1.335227086567278e-17
4765.749999999999	1.2511706470808645e-17	1.2844978366786872e-17
4765.999999999999	6.247134338157707e-18	1.2659044708697202e-17
4766.249999999999	4.820359037296123e-18	1.2255100982724282e-17
4766.499999999999	2.383290482552892e-17	1.3225842099308338e-17
4766.749999999999	1.7242889234216957e-17	1.2974377538730992e-17
4766.999999999999	2.1149345629949686e-17	1.3199359911997453e-17
4767.249999999999	2.4053022549612956e-17	1.3485161566982487e-17
4767.499999999999	2.931225963169195e-18	1.2436849934095046e-17
4767.749999999999	2.784944407154143e-17	1.3416838929927444e-17
4767.999999999999	2.2903178632437693e-17	1.3290520178584472e-17
4768.249999999999	2.6349186594554005e-17	1.3248783126416883e-17
4768.499999999999	3.119983326356906e-17	1.3405974739762173e-17
4768.749999999999	2.6877802982450918e-17	1.3354135330773475e-17
4768.999999999999	6.067042229553887e-18	1.2128852541733376e-17
4769.249999999999	3.5626576338430296e-17	1.3560663304573877e-17
4769.499999999998	1.7515266575040868e-17	1.3021746036508841e-17
4769.749999999999	4.64749938237816e-18	1.2562704637114376e-17
4770.0	9.176762395178603e-18	1.256400496503731e-17
4770.249999999999	-1.271711444205965e-17	1.1751218122323317e-17
4770.499999999998	1.2458444311166355e-17	1.2858173551918318e-17
4770.749999999999	2.8172736033429206e-17	1.3362267343375484e-17
4771.0	3.740100448380965e-17	1.3707527567971442e-17
4771.249999999999	3.8266867370528106e-17	1.3761266183646562e-17
4771.499999999999	2.6405714463254654e-17	1.3420510784666567e-17
4771.749999999999	3.160943986801552e-17	1.3629782516558808e-17
4771.999999999999	1.4514647396308834e-17	1.272857751098841e-17
4772.249999999999	2.840003864831388e-17	1.3289729393918871e-17
4772.499999999999	3.7721030736639064e-17	1.3769803514748722e-17
4772.749999999999	2.4063319293878016e-17	1.3471509778152912e-17
4772.999999999999	6.499494114952988e-19	1.2944506392450477e-17
4773.249999999999	4.6727391444089906e-18	1.2824191317993414e-17
4773.499999999999	1.2505835970001356e-17	1.3016990575167274e-17
4773.749999999999	1.2692475213153533e-17	1.2958582524934292e-17
4773.999999999999	1.3287408325120047e-17	1.296786431858775e-17
4774.249999999999	2.244992170706681e-17	1.3422262753203955e-17
4774.499999999999	1.1000366427974233e-17	1.2891230170737774e-17
4774.749999999999	1.2571323859097179e-17	1.2789951830898007e-17
4774.999999999999	2.2803167533296357e-17	1.3277658347239885e-17
4775.249999999999	2.815189439071532e-17	1.3593250911986016e-17
4775.499999999999	2.460935445111407e-17	1.3489007956830858e-17
4775.749999999999	3.344248864904528e-17	1.3549998464936231e-17
4775.999999999999	-1.6310236476118518e-17	1.1717279728970879e-17
4776.249999999999	1.4474403405146904e-17	1.3192978213571606e-17
4776.499999999999	2.9525173026230956e-17	1.3654622750353775e-17
4776.75	1.8909979114588978e-17	1.2985585836031086e-17
4776.999999999999	1.222087307615745e-17	1.2886574798250326e-17
4777.249999999998	1.6175891177701636e-18	1.2301498370462994e-17
4777.499999999999	-2.0248614185279975e-18	1.2178071442541506e-17
4777.75	1.3150578589733363e-17	1.2764073485434285e-17
4777.999999999999	1.5896766938211436e-17	1.2808447589394693e-17
4778.249999999998	1.3463909229094468e-18	1.2108835598090205e-17
4778.499999999999	1.3284767964604778e-17	1.2845754262201447e-17
4778.749999999999	-4.0233928509778195e-18	1.2075319894030782e-17
4778.999999999999	-9.138297669514275e-18	1.1801255931937875e-17
4779.249999999999	3.501109771440919e-18	1.2213004106990233e-17
4779.499999999999	1.6546960678180168e-17	1.261688827595905e-17
4779.749999999999	-1.7522688039496694e-18	1.2245725717661606e-17
4779.999999999999	2.2724843455454936e-17	1.3006181806103044e-17
4780.249999999999	1.388921613515749e-17	1.2877009281646763e-17
4780.499999999999	1.634091991376056e-17	1.2923429003262014e-17
4780.749999999999	1.1951633231396953e-17	1.2721720183710345e-17
4780.999999999999	6.342021156801854e-19	1.2186507857608935e-17
4781.249999999999	2.0537556231460566e-17	1.2714183741149375e-17
4781.499999999999	3.0343006497862135e-17	1.3571701202667785e-17
4781.749999999999	2.774617884387031e-17	1.3366141857364682e-17
4781.999999999999	2.3500042383953906e-17	1.3175024258376143e-17
4782.249999999999	2.4244071492610653e-17	1.3285781260855155e-17
4782.499999999999	2.559210788455362e-17	1.3264843665190213e-17
4782.749999999999	3.0438142194473084e-17	1.3623190714257373e-17
4782.999999999999	1.3442493109445164e-17	1.292547544809747e-17
4783.249999999999	2.1920332554769536e-17	1.3106096952293324e-17
4783.499999999999	2.9826084789465497e-17	1.3308202818539018e-17
4783.749999999999	2.2767995813650602e-17	1.3008831265605051e-17
4783.999999999998	6.474087221079391e-17	1.5071823022034752e-17
4784.249999999999	2.655406930611604e-17	1.3551121776208078e-17
4784.5	2.9422218818470156e-17	1.357327450019286e-17
4784.749999999999	3.021130610945389e-17	1.346532412153224e-17
4784.999999999998	1.3032544052225109e-17	1.2448681925577004e-17
4785.249999999999	-3.0869385775792398e-18	1.1441304152482362e-17
4785.499999999998	1.3873342539202597e-17	1.2847113319947871e-17
4785.749999999999	2.1326808958566813e-17	1.3262898963570101e-17
4785.999999999999	2.0408165331322572e-17	1.2991657341727225e-17
4786.249999999999	2.430181035372808e-17	1.2949481883834984e-17
4786.499999999999	3.583832134035407e-17	1.3683453303423699e-17
4786.749999999999	3.386098909943791e-17	1.3636662177713412e-17
4786.999999999999	2.3063034594536016e-17	1.3301518372008977e-17
4787.249999999999	2.016985294248482e-17	1.3107936601975642e-17
4787.499999999999	2.0413917545302265e-17	1.3125239566029026e-17
4787.749999999999	2.255548318811838e-17	1.3020253802683796e-17
4787.999999999999	6.967090009447323e-18	1.2392133377361042e-17
4788.249999999999	1.5247562506255318e-17	1.2976691162904303e-17
4788.499999999999	2.6508729882380783e-17	1.3491235554220464e-17
4788.749999999999	1.876337624026498e-17	1.2926452348400895e-17
4788.999999999999	-1.2703831575783274e-18	1.1846290953207712e-17
4789.249999999999	-1.0678545193215577e-17	1.135033413743623e-17
4789.499999999999	-3.931246688498214e-19	1.1619212504269042e-17
4789.749999999999	1.9477552400614688e-17	1.2718564489673455e-17
4789.999999999999	1.4608348761737615e-17	1.261911091026498e-17
4790.249999999999	1.4581890562664494e-17	1.2751897386817505e-17
4790.499999999999	2.749323197563527e-17	1.347550754205338e-17
4790.749999999998	2.8009632560246e-17	1.3503467901118898e-17
4790.999999999999	1.5768828567229085e-17	1.2906828315548687e-17
4791.25	3.891867245833009e-17	1.3931311356530313e-17
4791.499999999999	2.897507144910359e-17	1.358780889073603e-17
4791.749999999998	1.4350756447182477e-17	1.277142960262172e-17
4791.999999999999	3.1742563007077355e-17	1.3340934355377741e-17
4792.25	2.158257982141311e-17	1.2935749858485991e-17
4792.499999999999	5.234164824122207e-18	1.2294549226136936e-17
4792.749999999999	5.069978571517169e-18	1.2283487339805264e-17
4792.999999999999	1.7275625734139355e-17	1.2804559013335081e-17
4793.249999999999	2.178625981236449e-17	1.310911533434853e-17
4793.499999999999	-1.391427598540509e-18	1.1901899824247814e-17
4793.749999999999	1.883863809547873e-17	1.3055241888233564e-17
4793.999999999999	1.9057678830405222e-17	1.3061543350139993e-17
4794.249999999999	1.8452078397259224e-17	1.2987659577826756e-17
4794.499999999999	2.0311264431284435e-17	1.2957316938597086e-17
4794.749999999999	1.7735938510135314e-17	1.2775887278942768e-17
4794.999999999999	1.718032294704467e-17	1.2918402226679529e-17
4795.249999999999	1.9119343490709825e-17	1.2843870771946663e-17
4795.499999999999	1.6001380470281018e-17	1.2803865835981761e-17
4795.749999999999	1.7307410976357318e-17	1.287506458002665e-17
4795.999999999999	1.947267368936185e-17	1.2918338533772362e-17
4796.249999999999	1.5127047254090017e-17	1.2483840410332958e-17
4796.499999999999	2.803895445859978e-17	1.3568769674576897e-17
4796.749999999999	3.601771034543722e-17	1.3742088828325133e-17
4796.999999999999	2.8114562075309577e-17	1.3206602705440967e-17
4797.249999999999	1.7230034847497883e-17	1.2711361400899344e-17
4797.499999999998	2.2866693349979204e-17	1.3105916626919787e-17
4797.749999999999	3.1751939926501257e-17	1.3175484997977335e-17
4798.0	2.503245237135127e-17	1.3332615399957295e-17
4798.249999999999	1.7236794567463666e-17	1.2959245096604947e-17
4798.499999999998	1.449273372752108e-17	1.2630990878222466e-17
4798.749999999999	1.9897066974438307e-17	1.2955011586229901e-17
4799.0	4.001304895235e-17	1.4116368203170676e-17
4799.249999999999	3.1252726087067847e-18	1.2116879102366671e-17
4799.499999999998	1.4059282814737167e-17	1.2122327741061558e-17
4799.749999999999	2.398490257180799e-17	1.2700944715445463e-17
4800.0	1.7533059230016884e-17	1.2789046068127261e-17
4800.249999999999	5.081004475492194e-18	1.20516319228291e-17
4800.499999999999	1.9389634682028877e-17	1.3099258650169348e-17
4800.749999999999	1.77821100775668e-17	1.2900593028091262e-17
4800.999999999999	2.451107546817542e-17	1.3148019292918124e-17
4801.249999999999	2.4111224631873412e-17	1.3078297066266642e-17
4801.499999999999	1.8352146707456692e-17	1.2634671004767715e-17
4801.749999999999	2.8862194382714605e-17	1.3497891876609678e-17
4801.999999999999	4.5214668355271305e-17	1.411821943338157e-17
4802.249999999999	3.063661591064906e-17	1.312675413373061e-17
4802.499999999999	1.7988389070002823e-17	1.2617655072386887e-17
4802.749999999999	1.4737761168571537e-17	1.2843101493976989e-17
4802.999999999999	1.8354246091851352e-17	1.2822085316153854e-17
4803.249999999999	2.645604344044483e-17	1.283434082410944e-17
4803.499999999999	3.0751723055969486e-17	1.3377858870741496e-17
4803.749999999999	2.322796779123419e-17	1.2998035731430621e-17
4803.999999999999	1.6842732341088304e-17	1.248558410706422e-17
4804.249999999998	1.672222205200668e-17	1.2399865861727187e-17
4804.499999999999	4.672371462626711e-18	1.1995681426196014e-17
4804.749999999999	1.7186027184548836e-17	1.271127620129625e-17
4804.999999999999	3.4271641260178636e-17	1.3595796146730842e-17
4805.249999999998	3.6676513381221404e-17	1.3754116861612266e-17
4805.499999999999	3.017661084584097e-17	1.3420476870261453e-17
4805.75	2.664375884557394e-17	1.3349211124586947e-17
4805.999999999999	3.4424361962313076e-17	1.33545323774675e-17
4806.249999999998	1.6756197668486682e-17	1.240171047449318e-17
4806.499999999999	1.74327089868244e-17	1.2554120983897914e-17
4806.75	3.699465614379604e-18	1.2150180566647443e-17
4806.999999999999	-2.4446906104976006e-17	1.0779309853894949e-17
4807.249999999999	1.8089932107638608e-17	1.2443909920623186e-17
4807.499999999999	3.5809982132568004e-17	1.3524541154404299e-17
4807.749999999999	2.565255658935777e-17	1.3253802458373855e-17
4807.999999999999	1.3593011029608376e-17	1.2681762397040359e-17
4808.249999999999	1.297349576419801e-17	1.2667562187464661e-17
4808.499999999999	2.7793993191998326e-17	1.3442276388124675e-17
4808.749999999999	2.721219736252038e-17	1.3300836775184233e-17
4808.999999999999	3.838130946263604e-17	1.3832102622583153e-17
4809.249999999999	2.5258123786067986e-17	1.3225837963405275e-17
4809.499999999999	1.7071813394289965e-17	1.2766930567270044e-17
4809.749999999999	2.1117787035219563e-17	1.2955831322216941e-17
4809.999999999999	5.63908462321794e-19	1.1580734543714913e-17
4810.249999999999	2.5205129632944163e-17	1.301007203652388e-17
4810.499999999999	2.0718230675215624e-17	1.3022216702277384e-17
4810.749999999999	8.237117479362253e-18	1.2372714485300747e-17
4810.999999999998	1.4867280074909324e-18	1.1852963819209177e-17
4811.249999999999	1.2015355089884975e-17	1.2181222173494721e-17
4811.499999999999	8.274022969571919e-18	1.2280891647043073e-17
4811.749999999999	1.0424412147982135e-17	1.2536610397510779e-17
4811.999999999998	3.1023276524903294e-17	1.327520410236244e-17
4812.249999999999	4.617077333809685e-17	1.395537073182703e-17
4812.5	3.664450480023805e-17	1.3738750327372869e-17
4812.749999999999	-1.5011035173179455e-17	1.1342827473377312e-17
4812.999999999998	1.5434958619667982e-17	1.2849078701083297e-17
4813.249999999999	3.34279269615419e-17	1.3396136253556467e-17
4813.5	2.3914777508198193e-17	1.2784789396695063e-17
4813.749999999999	2.094815876136454e-18	1.1873660705315867e-17
4813.999999999999	4.8530645179455506e-18	1.2064391183777731e-17
4814.249999999999	2.103679943580572e-17	1.2723399360353828e-17
4814.499999999999	3.825618350573637e-17	1.3235120584239345e-17
4814.749999999999	3.80506919892435e-17	1.3304148806356895e-17
4814.999999999999	2.310211391539547e-17	1.2700180400559464e-17
4815.249999999999	1.707862129752643e-18	1.1952534858264635e-17
4815.499999999999	1.8373006548144055e-17	1.2882013724352709e-17
4815.749999999999	-2.804735520150329e-19	1.2027447643259888e-17
4815.999999999999	3.0518970975209315e-17	1.3388827285663949e-17
4816.249999999999	4.013894584158057e-17	1.392080616275089e-17
4816.499999999999	2.620475589651857e-17	1.34732683641352e-17
4816.749999999999	2.1500501997951922e-17	1.3168699635412562e-17
4816.999999999999	2.118171155295766e-17	1.3219098922954805e-17
4817.249999999999	4.084729368733423e-17	1.3591570908161921e-17
4817.499999999999	2.6072681622473454e-17	1.3062583116169972e-17
4817.749999999999	1.5702910544214734e-17	1.2782700765648367e-17
4817.999999999999	2.2111437746048887e-17	1.306606554654882e-17
4818.249999999999	1.1194043323778011e-17	1.2206533073058231e-17
4818.499999999999	8.703842559466723e-18	1.2244963884317445e-17
4818.749999999998	1.9966818152411228e-17	1.296681462639042e-17
4818.999999999999	2.5123991486658837e-17	1.327591051460556e-17
4819.25	2.4027454396878942e-17	1.3179843412624876e-17
4819.499999999999	1.8951252118432924e-17	1.3127228935402216e-17
4819.749999999998	1.633993556883162e-17	1.2908655557521817e-17
4819.999999999999	1.908403942216606e-17	1.3008168693934396e-17
4820.25	2.2353273924296116e-17	1.3030845850427537e-17
4820.499999999999	1.758151216157779e-17	1.2754712282442023e-17
4820.749999999998	9.814297790233436e-18	1.2548411783310073e-17
4820.999999999999	3.270226457120628e-17	1.3641276191170232e-17
4821.25	2.7404359690622573e-17	1.3412774164397359e-17
4821.499999999999	1.7240086746301627e-17	1.2930901752915818e-17
4821.749999999999	2.404788244928655e-17	1.3140385243044872e-17
4821.999999999999	2.0353652474594102e-17	1.297446108397286e-17
4822.249999999999	-8.405942560842488e-18	1.152634989998139e-17
4822.499999999999	1.3218839188242464e-17	1.2484801594204745e-17
4822.749999999999	1.8594725693893993e-17	1.2778978452891878e-17
4822.999999999999	1.5887859857375465e-17	1.2426401815777888e-17
4823.249999999999	1.9391527271270398e-17	1.2620441016689965e-17
4823.499999999999	3.4686727109002646e-17	1.350781969832154e-17
4823.749999999999	4.0613681338737e-17	1.3934461260302915e-17
4823.999999999999	1.2385231382329899e-17	1.2495713760845544e-17
4824.249999999999	2.2390935457585655e-17	1.2891246714350026e-17
4824.499999999999	2.5065739773561627e-17	1.3168017211407206e-17
4824.749999999999	2.5879010516933963e-17	1.3255685948628638e-17
4824.999999999999	3.3982396052303543e-17	1.3494296949667522e-17
4825.249999999999	2.6519516317568474e-17	1.3104829711594893e-17
4825.499999999998	1.6723151803015188e-19	1.171612994791943e-17
4825.749999999999	6.5545795874604976e-18	1.206144890233888e-17
4825.999999999999	1.581859671596395e-17	1.2643611172828188e-17
4826.249999999999	1.6013389478414063e-17	1.2833349861735601e-17
4826.499999999998	2.6800741182224252e-17	1.3209587173091058e-17
4826.749999999999	2.809912026763444e-17	1.329304059791092e-17
4827.0	3.3886049363275817e-17	1.3622981437562397e-17
4827.249999999999	2.942544482285911e-17	1.3402420344670033e-17
4827.499999999998	2.0921978494977235e-17	1.3003060026471268e-17
4827.749999999999	1.5300598018409768e-17	1.2825374186269365e-17
4828.0	1.584413488340076e-18	1.2066955443676646e-17
4828.249999999999	1.3114022169742194e-17	1.2742482417085426e-17
4828.499999999999	3.164237489128493e-17	1.3399167870501474e-17
4828.749999999999	3.739695791625304e-17	1.3447798645894079e-17
4828.999999999999	2.537933717867028e-17	1.3021957794745655e-17
4829.249999999999	2.167940131211244e-17	1.2861992644806475e-17
4829.499999999999	3.374200413140583e-17	1.290739327990706e-17
4829.749999999999	1.8232205518636503e-17	1.2837704967660693e-17
4829.999999999999	1.1926014620645573e-17	1.2679670457271212e-17
4830.249999999999	2.136544491061794e-17	1.2957986127712641e-17
4830.499999999999	3.1550700118356906e-17	1.3488527364894965e-17
4830.749999999999	8.868979242595584e-18	1.2144928796938344e-17
4830.999999999999	2.3067271413633513e-17	1.2782570071111584e-17
4831.249999999999	2.3491034387083204e-17	1.288683205142083e-17
4831.499999999999	2.3038483873955442e-17	1.3043182422083153e-17
4831.749999999999	2.247187838924642e-17	1.3087963498904936e-17
4831.999999999999	1.418348894679568e-17	1.2408317993226254e-17
4832.249999999998	8.397363870709701e-18	1.1898415739507741e-17
4832.499999999999	4.836147020057616e-18	1.2155912928292436e-17
4832.749999999999	1.5982478772898722e-18	1.2019929398672393e-17
4832.999999999999	8.204358645563315e-18	1.2191919273176257e-17
4833.249999999998	1.9067686061455888e-17	1.2673459985232164e-17
4833.499999999999	3.0716605516653854e-18	1.1550110663076975e-17
4833.75	3.276217229988982e-17	1.3205989764607065e-17
4833.999999999999	1.933211915967684e-17	1.2864849726642233e-17
4834.249999999998	1.72143399225553e-17	1.2955506240236207e-17
4834.499999999999	2.9656810548912645e-17	1.341580412698114e-17
4834.75	2.156684684616235e-17	1.2799931764988459e-17
4834.999999999999	1.2208545810283726e-18	1.2066081113769177e-17
4835.249999999999	1.9005415904942896e-17	1.284982150927337e-17
4835.499999999999	1.939052969145166e-17	1.2991204046751546e-17
4835.749999999999	1.1293305824464987e-17	1.253241162872146e-17
4835.999999999999	5.779735933034619e-18	1.2210084986608534e-17
4836.249999999999	3.32688104989112e-17	1.3306263080002581e-17
4836.499999999999	7.639149441728282e-18	1.2153650589317103e-17
4836.749999999999	2.784376961253932e-17	1.2964729304066174e-17
4836.999999999999	4.1316288551039544e-17	1.3489930263213855e-17
4837.249999999999	4.069321310027275e-17	1.3637475296255551e-17
4837.499999999999	4.163412112088447e-17	1.3791631983933384e-17
4837.749999999999	-7.058346228985399e-18	1.1570255819715091e-17
4837.999999999999	2.4563301997690793e-17	1.3258648082402191e-17
4838.249999999999	2.6812061976087653e-17	1.3360301135059445e-17
4838.499999999999	2.939608983728083e-17	1.3463861666209246e-17
4838.749999999999	4.003448947382737e-17	1.400803070398338e-17
4838.999999999999	2.4465471346644146e-17	1.3250744371649247e-17
4839.249999999999	2.5840286883737906e-17	1.3210295239695404e-17
4839.499999999999	2.67843166839814e-17	1.285172650622408e-17
4839.749999999999	3.055168762279701e-17	1.3068656276227336e-17
4839.999999999998	2.646733445580618e-17	1.3034720364416736e-17
4840.249999999999	9.843049761145166e-18	1.2049476290152788e-17
4840.5	2.0254466901704093e-17	1.2418958017445524e-17
4840.749999999999	9.920084264411617e-18	1.2243680100006762e-17
4840.999999999998	1.3677180792838709e-17	1.2562045374166172e-17
4841.249999999999	2.9106024066238086e-17	1.3176981367705443e-17
4841.5	3.247154404603054e-17	1.3373049642660112e-17
4841.749999999999	3.590692191009493e-18	1.2274065752628285e-17
4841.999999999998	2.394810626943918e-17	1.3299573670388864e-17
4842.249999999999	1.6874921247445193e-17	1.2709095753201561e-17
4842.5	1.2820693171182928e-17	1.2410405797092338e-17
4842.749999999999	1.5446132175382348e-17	1.255811461189532e-17
4842.999999999999	1.5156339373941745e-17	1.2656929607870904e-17
4843.249999999999	1.2758689366827178e-17	1.2372560629706812e-17
4843.499999999999	9.103888610393294e-18	1.2086632416088057e-17
4843.749999999999	2.3317033636510224e-17	1.2919908522574988e-17
4843.999999999999	2.909905589675794e-17	1.3153948523548904e-17
4844.249999999999	2.4813138666822634e-17	1.2764492038824237e-17
4844.499999999999	2.9130002377834773e-17	1.2832674882355758e-17
4844.749999999999	2.7642134412062166e-17	1.293613201592899e-17
4844.999999999999	1.5493556094261238e-17	1.2487065587541302e-17
4845.249999999999	2.572024974196666e-17	1.3011907550303136e-17
4845.499999999999	3.163266048217111e-17	1.329196774465644e-17
4845.749999999999	1.531698942942812e-17	1.262659193172491e-17
4845.999999999999	1.409958967162565e-17	1.2521370421905102e-17
4846.249999999999	2.3494472149708974e-17	1.257216013869647e-17
4846.499999999999	3.600271852401531e-17	1.3261838518024808e-17
4846.749999999998	3.417467914877517e-17	1.2981550849003052e-17
4846.999999999999	2.329967607853641e-17	1.2363872751733167e-17
4847.25	2.3425023719840247e-17	1.2887884225159997e-17
4847.499999999999	1.8905763802187408e-17	1.2356960003354062e-17
4847.749999999998	1.9041881335066684e-17	1.2689767023828034e-17
4847.999999999999	3.063397224141134e-17	1.3173421182349015e-17
4848.25	2.740726805765631e-17	1.3008012356798623e-17
4848.499999999999	1.0101867130187496e-17	1.2111350227152367e-17
4848.749999999998	1.0184361852677409e-17	1.1749217999602164e-17
4848.999999999999	1.2261348677890895e-17	1.1552384582580883e-17
4849.25	2.575688722565786e-17	1.2469693967497076e-17
4849.499999999999	2.773515583502743e-17	1.2731381653264965e-17
4849.749999999999	2.3701141571394123e-17	1.2713399573928674e-17
4849.999999999999	2.692314075182495e-17	1.3262909716918064e-17
4850.249999999999	4.991487072319767e-17	1.400350768039394e-17
4850.499999999999	3.344468894947467e-17	1.3090622884574294e-17
4850.749999999999	3.315837857841292e-17	1.3176011912027531e-17
4850.999999999999	2.1338813003616182e-17	1.281647206851707e-17
4851.249999999999	1.1881059835895153e-17	1.2205153335796492e-17
4851.499999999999	4.3008782802384294e-17	1.3626460559218795e-17
4851.749999999999	1.9013312171070327e-17	1.2638964899327478e-17
4851.999999999999	2.119198844488802e-17	1.2638694411267173e-17
4852.249999999999	2.463041446950967e-17	1.2775224707272113e-17
4852.499999999999	2.6453249224335626e-17	1.2804134669680841e-17
4852.749999999999	2.4890655416386203e-17	1.2755137453276875e-17
4852.999999999999	2.6081585394586975e-17	1.3128604536760892e-17
4853.249999999999	2.614684663619496e-17	1.3037512098984102e-17
4853.499999999998	2.4570845884877277e-17	1.2905726510972766e-17
4853.749999999999	2.2152795122315314e-17	1.2716748828228902e-17
4853.999999999999	1.9956905219950393e-17	1.255267176346472e-17
4854.249999999999	2.5346044813376247e-17	1.271328128710108e-17
4854.499999999998	3.6466591485367696e-17	1.3380998021166134e-17
4854.749999999999	1.8385328230548645e-17	1.2418225135422802e-17
4855.0	1.3491518449989957e-17	1.2110369190945879e-17
4855.249999999999	1.5929033599545905e-17	1.2195027817918231e-17
4855.499999999998	1.397828363479475e-17	1.2083456869716466e-17
4855.749999999999	1.0067966787143235e-17	1.1952950102932137e-17
4856.0	2.4666954345888588e-17	1.259864067164613e-17
4856.249999999999	1.9155534296870245e-17	1.2478818596834149e-17
4856.499999999999	1.435791817692596e-17	1.2326094585977258e-17
4856.749999999999	1.8164712543735852e-17	1.2449377584472161e-17
4856.999999999999	2.5809337093938622e-17	1.2796446853067773e-17
4857.249999999999	2.581630857214122e-17	1.2844312486393767e-17
4857.499999999999	1.201664301009872e-17	1.2203977084965442e-17
4857.749999999999	1.0460387060002679e-17	1.1852485708815122e-17
4857.999999999999	1.4549182186882923e-17	1.1880212802947899e-17
4858.249999999999	1.6190751890996458e-17	1.2120661799307876e-17
4858.499999999999	1.3153916263505014e-17	1.2311878659969922e-17
4858.749999999999	1.612322417451008e-17	1.2220027697571421e-17
4858.999999999999	2.393874589362753e-17	1.2579736285926843e-17
4859.249999999999	5.5222275773116546e-18	1.1864723018797231e-17
4859.499999999999	-3.0469815663910775e-19	1.155996817443677e-17
4859.749999999999	2.9351203708521254e-17	1.280271191902725e-17
4859.999999999999	5.657592789423814e-18	1.1998120781822433e-17
4860.249999999998	2.01176760438062e-17	1.2830007224880275e-17
4860.499999999999	2.1105569577572155e-17	1.2959020103478333e-17
4860.749999999999	1.982693860210606e-17	1.2995239860960192e-17
4860.999999999999	2.3662323639608234e-17	1.3317799768005858e-17
4861.249999999998	4.2532856165145784e-17	1.3847857104529838e-17
4861.499999999999	3.99499218367224e-17	1.3585222296960576e-17
4861.75	3.494231599211418e-17	1.3014103714829464e-17
4861.999999999999	1.677716007957e-17	1.2255718886641859e-17
4862.249999999998	1.431826975580507e-17	1.2314404869560659e-17
4862.499999999999	3.170350022983015e-17	1.2966472173616823e-17
4862.75	1.1794707143028293e-17	1.1181576884766225e-17
4862.999999999999	2.4205675422937167e-17	1.2117702147076161e-17
4863.249999999998	1.5410422788338434e-17	1.1905067925993893e-17
4863.499999999999	1.3676368501477182e-17	1.2051747728114858e-17
4863.749999999999	1.5016219941258938e-17	1.217687699373698e-17
4863.999999999999	1.4679585556090682e-18	1.1437815104658614e-17
4864.249999999999	1.8363214384052652e-17	1.253885619287386e-17
4864.499999999999	2.450718771929642e-17	1.2805869267425365e-17
4864.749999999999	2.300810483877882e-17	1.2550210073961763e-17
4864.999999999999	2.1368748669984476e-17	1.2440048641523788e-17
4865.249999999999	2.287410157954523e-17	1.2751804742588899e-17
4865.499999999999	3.0334115960638415e-17	1.3080905166738021e-17
4865.749999999999	2.4752703196908285e-17	1.252571808320468e-17
4865.999999999999	3.366040772706115e-17	1.2843800461594596e-17
4866.249999999999	2.804942987387715e-17	1.2620090292110243e-17
4866.499999999999	2.460523674602478e-17	1.2472529542636908e-17
4866.749999999999	3.081355646111905e-17	1.2922648971944376e-17
4866.999999999999	8.743098069796652e-18	1.1720097106137235e-17
4867.249999999999	3.0221467196098493e-17	1.2929124968960054e-17
4867.499999999999	2.595240459832457e-17	1.2583501612075185e-17
4867.749999999999	1.6725739223971254e-17	1.233056632436872e-17
4867.999999999998	1.6588642309246715e-17	1.2661343443619487e-17
4868.249999999999	2.4039479948624238e-17	1.2723686392026384e-17
4868.5	1.8976297493019804e-17	1.2440956058655759e-17
4868.749999999999	1.7001049747247278e-17	1.2473013443295252e-17
4868.999999999998	8.057062593885998e-18	1.211972046777079e-17
4869.249999999999	9.08597353268662e-18	1.202690418559744e-17
4869.5	2.2080335755016894e-17	1.2628463014270504e-17
4869.749999999999	4.4470751743177865e-17	1.3471866292996922e-17
4869.999999999998	2.0794418972715433e-17	1.2546094023233699e-17
4870.249999999999	2.046477426372325e-17	1.2492444743064735e-17
4870.5	2.3490915273074996e-17	1.2742991133162146e-17
4870.749999999999	1.9504586317394146e-17	1.2667840120150479e-17
4870.999999999999	9.051120277576698e-18	1.2075867487596292e-17
4871.249999999999	2.1761796772928848e-17	1.2433380738605998e-17
4871.499999999999	3.2064859043507617e-17	1.281952105625494e-17
4871.749999999999	3.013843149748797e-17	1.284428105353049e-17
4871.999999999999	2.078617859945318e-17	1.2334886688708084e-17
4872.249999999999	2.1087639610614455e-17	1.1982243049964477e-17
4872.499999999999	3.681932115089501e-17	1.3261309949613387e-17
4872.749999999999	1.322755022727326e-17	1.2068121768340345e-17
4872.999999999999	3.267790575652782e-17	1.2778639308840732e-17
4873.249999999999	2.432216395988056e-17	1.246059084485593e-17
4873.499999999999	1.398665304823256e-17	1.2174455008903425e-17
4873.749999999999	3.2467778719882196e-17	1.3216619035478372e-17
4873.999999999999	5.4402335472465195e-17	1.4020142282512383e-17
4874.249999999999	3.006718477696755e-17	1.3131350776394568e-17
4874.499999999999	2.4321103514335266e-17	1.2997152302536415e-17
4874.749999999998	2.3145301015176865e-17	1.2662970507884379e-17
4874.999999999999	2.1331394847882807e-17	1.2374539245732039e-17
4875.249999999999	3.7273820501545945e-17	1.3255721517394978e-17
4875.499999999999	2.874293809944161e-17	1.263990540368395e-17
4875.749999999998	2.081854948554483e-17	1.249041484184153e-17
4875.999999999999	1.2819396979163057e-17	1.2148819854539794e-17
4876.25	1.091709746443097e-17	1.1998205154244913e-17
4876.499999999999	1.6092249569292418e-17	1.2165612448155233e-17
4876.749999999998	2.1010582773471465e-17	1.2054362446031138e-17
4876.999999999999	5.401364992007143e-17	1.373502801461638e-17
4877.25	3.962546520453215e-17	1.3223547500289116e-17
4877.499999999999	2.0731369612065416e-17	1.2405226819277143e-17
4877.749999999999	1.0211236123598644e-17	1.2144913080506706e-17
4877.999999999999	2.124565923175291e-17	1.2577082690521773e-17
4878.249999999999	4.3955835120586056e-17	1.3401005038641954e-17
4878.499999999999	2.0891607731606738e-17	1.2230360010602821e-17
4878.749999999999	1.1657796343941578e-17	1.1971573247243156e-17
4878.999999999999	1.0848803778697367e-17	1.1987740492315505e-17
4879.249999999999	1.1419145638233292e-17	1.2106649359731228e-17
4879.499999999999	2.0172511500973565e-17	1.2819674084668262e-17
4879.749999999999	1.7795670876528994e-17	1.242759130149874e-17
4879.999999999999	2.1954261849135236e-17	1.2614897252224635e-17
4880.249999999999	3.8914093186459e-17	1.3285830891691908e-17
4880.499999999999	5.245143992392623e-17	1.3810415601283238e-17
4880.749999999999	5.555718217798518e-17	1.3860556808474365e-17
4880.999999999999	5.132352621915097e-17	1.3770549631661245e-17
4881.249999999999	4.1287112236473573e-17	1.3556055081381344e-17
4881.499999999998	3.0566838262896534e-17	1.3051869472876185e-17
4881.749999999999	2.23666891394705e-17	1.2665398282982222e-17
4881.999999999999	1.696223843290629e-17	1.240774310270053e-17
4882.249999999999	1.3524942337001387e-17	1.2232203796188202e-17
4882.499999999998	1.874101754830767e-17	1.262913220338606e-17
4882.749999999999	1.1757396334318476e-17	1.2094916629922776e-17
4883.0	1.857382366699539e-18	1.164765593681229e-17
4883.249999999999	1.2518825187160276e-17	1.2118164541038578e-17
4883.499999999998	2.516735064000764e-17	1.2797387357424246e-17
4883.749999999999	5.5347122142969174e-18	1.1873101531221781e-17
4884.0	2.8304677958576315e-17	1.2841687015129523e-17
4884.249999999999	3.3605373746546774e-17	1.3105290451196085e-17
4884.499999999998	4.4039886596988794e-17	1.3416489859708947e-17
4884.749999999999	4.5569515603166753e-17	1.3368712734708497e-17
4884.999999999999	2.7230176960314832e-17	1.2687058007321923e-17
4885.249999999999	2.903198809269214e-17	1.219080919679421e-17
4885.499999999999	7.92114854743741e-18	1.1796119967514533e-17
4885.749999999999	2.1499580518749538e-17	1.2364076238163855e-17
4885.999999999999	2.393220454934346e-17	1.2394337813693495e-17
4886.249999999999	1.416433144380895e-17	1.1911784632567823e-17
4886.499999999999	2.1229350538795815e-17	1.2166637324934186e-17
4886.749999999999	3.210559272559218e-17	1.294665871640434e-17
4886.999999999999	3.338242871912903e-17	1.2967085941631337e-17
4887.249999999999	3.881348155419295e-17	1.3398895728079944e-17
4887.499999999999	3.7865350592472416e-17	1.3431283157783845e-17
4887.749999999999	2.5079975551903665e-17	1.2800579447408088e-17
4887.999999999999	2.0593890539897878e-17	1.2389496325568223e-17
4888.249999999999	2.2502411280016976e-17	1.2402957035676298e-17
4888.499999999999	3.1324631656946163e-17	1.2744341091921833e-17
4888.749999999999	3.949813894720309e-17	1.3074335698313125e-17
4888.999999999999	3.000099709307351e-17	1.27791182464154e-17
4889.249999999998	4.342066663505711e-18	1.1887546586258794e-17
4889.499999999999	2.759063580148584e-17	1.281015075427594e-17
4889.75	3.798256539399363e-17	1.3240397169366821e-17
4889.999999999999	3.3746742221954536e-17	1.3070838378683251e-17
4890.249999999998	2.880406674670928e-17	1.2882847522410162e-17
4890.499999999999	2.5124459670885542e-17	1.2722672268595394e-17
4890.75	1.6789175705147946e-17	1.2314482624538239e-17
4890.999999999999	5.529238181157225e-17	1.3718400857123452e-17
4891.249999999998	3.078076040419255e-17	1.2828151858766318e-17
4891.499999999999	2.5177500146123667e-17	1.2636432899472453e-17
4891.75	2.924322686008103e-17	1.2867287427907427e-17
4891.999999999999	2.977993142000749e-17	1.2731296453661872e-17
4892.249999999999	2.664698650432412e-17	1.227051962934227e-17
4892.499999999999	3.007542680459103e-17	1.2652529834192735e-17
4892.749999999999	3.235004775765875e-17	1.2766599695025022e-17
4892.999999999999	2.073273776879858e-17	1.2341328771318647e-17
4893.249999999999	1.2393384074447222e-17	1.2221305691617815e-17
4893.499999999999	2.9969081156318764e-17	1.2940700534452121e-17
4893.749999999999	8.158296265972688e-18	1.1812697494170708e-17
4893.999999999999	2.6308702721014435e-17	1.2854830087882378e-17
4894.249999999999	2.6093007104485107e-17	1.2827822640882522e-17
4894.499999999999	2.4279459933576897e-17	1.269964769624498e-17
4894.749999999999	3.3853898507227106e-17	1.2835024902476021e-17
4894.999999999999	3.7511846685891754e-17	1.2882832633159136e-17
4895.249999999999	3.956067049278965e-17	1.3038127521359842e-17
4895.499999999999	3.935119196574427e-17	1.3119215209627802e-17
4895.749999999999	2.3184266185111788e-17	1.2430716389852965e-17
4895.999999999998	1.254699813164322e-17	1.1958629525017926e-17
4896.249999999999	2.059649946754987e-17	1.2315380942683471e-17
4896.499999999999	2.530303473024594e-17	1.2599560496487289e-17
4896.749999999999	1.8057893748153204e-17	1.2033277612217162e-17
4896.999999999998	1.701550390127103e-17	1.2143543269412318e-17
4897.249999999999	2.17832951970491e-17	1.2520438189354754e-17
4897.5	3.2830576827825504e-17	1.2957561784058402e-17
4897.749999999999	4.272437494673141e-17	1.3296232687894763e-17
4897.999999999998	4.564169207469568e-17	1.3395368629948018e-17
4898.249999999999	2.037771184989082e-17	1.2154317296890821e-17
4898.5	1.4041309834387615e-17	1.1865925739407883e-17
4898.749999999999	1.3467090152140041e-17	1.1861943691939053e-17
4898.999999999999	5.276365924613437e-18	1.1492854048256667e-17
4899.249999999999	-1.8402175418084512e-18	1.0861036952776413e-17
4899.499999999999	1.2934501642941648e-17	1.1726683945354994e-17
4899.749999999999	2.85587018159689e-17	1.255656282106617e-17
4899.999999999999	3.1715229650916153e-17	1.2375112481896538e-17
4900.249999999999	2.405145256081033e-17	1.2171048679140931e-17
4900.499999999999	2.2866815772709862e-17	1.2333774957964813e-17
4900.749999999999	-8.074172514663927e-19	1.1111456784240104e-17
4900.999999999999	7.631336720842718e-18	1.2071054123611846e-17
4901.249999999999	1.5245069383889083e-17	1.2264075892370482e-17
4901.499999999999	1.6623284633300436e-17	1.2361061992011712e-17
4901.749999999999	1.2848333411351387e-17	1.2218867990352622e-17
4901.999999999999	5.6690364196081785e-18	1.17831166882852e-17
4902.249999999999	2.396571198159676e-17	1.2544722557778086e-17
4902.499999999999	4.319126546295839e-17	1.2624919372526327e-17
4902.749999999998	4.209600884876673e-17	1.2879892833262123e-17
4902.999999999999	4.617535591869039e-17	1.328645044997071e-17
4903.249999999999	4.5253377099216337e-17	1.316075125690654e-17
4903.499999999999	1.4511939206983335e-17	1.1599374231638183e-17
4903.749999999998	2.240404957901707e-17	1.1864520359547156e-17
4903.999999999999	2.865195484950568e-17	1.2449777939888637e-17
4904.25	3.265015881006034e-17	1.2880270027621447e-17
4904.499999999999	1.8151616620277912e-17	1.251355852820015e-17
4904.749999999998	-2.1295107261590718e-18	1.1697543199555364e-17
4904.999999999999	2.5319326879590784e-17	1.2952206616772733e-17
4905.25	3.7922909128216306e-17	1.3099135400258078e-17
4905.499999999999	3.49527880986691e-17	1.2617119886530565e-17
4905.749999999999	3.290660134356403e-17	1.259204721498347e-17
4905.999999999999	2.7312711387474148e-17	1.2654670577618022e-17
4906.249999999999	1.335611973706299e-17	1.2025252305914172e-17
4906.499999999999	1.284404778859775e-17	1.1580310200060673e-17
4906.749999999999	4.504600291964929e-17	1.3445611580354489e-17
4906.999999999999	5.95882781484174e-17	1.3824199739010821e-17
4907.249999999999	4.15995350451124e-17	1.3078871956792366e-17
4907.499999999999	1.627284129498622e-17	1.212048809137924e-17
4907.749999999999	2.4806539419895686e-17	1.2256836407649418e-17
4907.999999999999	2.1261127509207652e-17	1.2251184282523843e-17
4908.249999999999	2.0495925885591998e-17	1.1904844587228503e-17
4908.499999999999	1.179766762244062e-17	1.1743324337737724e-17
4908.749999999999	1.8346743563695496e-17	1.2080919079597153e-17
4908.999999999999	2.9221452157636186e-17	1.2547211544241258e-17
4909.249999999999	1.2277802127455187e-17	1.1853166478459253e-17
4909.499999999999	5.055684476941946e-18	1.1134947059275385e-17
4909.749999999999	1.2498269748938333e-17	1.17985361620838e-17
4909.999999999999	3.076875305042073e-17	1.2842276794906274e-17
4910.249999999999	3.841389045260328e-17	1.3082053293428245e-17
4910.499999999998	2.033102081303465e-17	1.2150108601934151e-17
4910.749999999999	3.3972463267508007e-17	1.2394918494483508e-17
4911.0	2.5613285362596204e-17	1.222874948995018e-17
4911.249999999999	2.6330864543985955e-17	1.2542422168494576e-17
4911.499999999998	3.0045826973551434e-17	1.2587261147959238e-17
4911.749999999999	2.1759948851440405e-17	1.2165372565777592e-17
4912.0	6.321603340754325e-18	1.1719148329974636e-17
4912.249999999999	1.7287985466852123e-17	1.1891672563154209e-17
4912.499999999998	1.6919392131537268e-17	1.2083882040551318e-17
4912.749999999999	2.894154416451559e-17	1.2204438651747247e-17
4913.0	3.235926254968259e-17	1.246670784548576e-17
4913.249999999999	3.4574121357854577e-17	1.2978209039328338e-17
4913.499999999999	5.737619204965869e-17	1.3825933509574733e-17
4913.749999999999	2.9657650964415e-17	1.2361698093902766e-17
4913.999999999999	1.8096713334300317e-17	1.181575309935348e-17
4914.249999999999	1.886577623701537e-17	1.1863245674223211e-17
4914.499999999999	1.5286871783325063e-17	1.190716648320794e-17
4914.749999999999	7.209253751217123e-18	1.1620116612678563e-17
4914.999999999999	1.7884176306940024e-18	1.135360977266194e-17
4915.249999999999	2.292332048035336e-17	1.2439510974125629e-17
4915.499999999999	2.2973513799923077e-17	1.2379089566281693e-17
4915.749999999999	1.8452568088181855e-17	1.201648419142111e-17
4915.999999999999	1.386703859575433e-17	1.1574638222600397e-17
4916.249999999999	-4.0573039473700434e-18	1.0922604832949348e-17
4916.499999999999	1.3197977693193876e-17	1.1857045955532127e-17
4916.749999999999	2.286958517340069e-17	1.2446840621533461e-17
4916.999999999999	2.3014310347734192e-17	1.2543561196198062e-17
4917.249999999998	2.20734304512633e-17	1.238754169778076e-17
4917.499999999999	2.4689506598109233e-17	1.2469674115162375e-17
4917.749999999999	4.8836465432444936e-17	1.3424167750154664e-17
4917.999999999999	3.137010012085698e-17	1.258074958217722e-17
4918.249999999998	1.4674774673648074e-17	1.1913052700446867e-17
4918.499999999999	1.2148292940489597e-17	1.1533537272323862e-17
4918.75	2.4049073589368628e-17	1.2075534133809433e-17
4918.999999999999	4.472448112427238e-17	1.3134551965365148e-17
4919.249999999998	2.819511292335999e-17	1.2095511372783201e-17
4919.499999999999	2.4448888029723683e-17	1.204115981627418e-17
4919.75	3.6991308543857034e-17	1.2688466695905101e-17
4919.999999999999	3.73066926590888e-17	1.2740843772291959e-17
4920.249999999999	3.232680067372356e-17	1.2453837742335047e-17
4920.499999999999	3.976475249351873e-17	1.28068006727951e-17
4920.749999999999	3.3291412381968597e-17	1.27660645091687e-17
4920.999999999999	4.086241124020925e-17	1.2939706263355832e-17
4921.249999999999	3.2421575719587435e-17	1.2642454774331839e-17
4921.499999999999	2.683212276030329e-17	1.2386667367873291e-17
4921.749999999999	3.0268586712511964e-17	1.2472146558013296e-17
4921.999999999999	3.6486834249318094e-17	1.2852108663667079e-17
4922.249999999999	5.060327359002145e-17	1.3518894819543012e-17
4922.499999999999	3.754311080432381e-17	1.2862594832292414e-17
4922.749999999999	3.161659663467533e-17	1.2783480796966005e-17
4922.999999999999	3.7832713354223524e-17	1.3016521563759956e-17
4923.249999999999	3.4573141976009314e-17	1.280953202317775e-17
4923.499999999999	1.7238725207013365e-17	1.184396740286705e-17
4923.749999999999	2.96264364768197e-17	1.2233792810144916e-17
4923.999999999998	2.8379431924893957e-17	1.2668079175347507e-17
4924.249999999999	2.5170351651269984e-17	1.2407718287282153e-17
4924.499999999999	1.889767728451909e-17	1.195970651417547e-17
4924.749999999999	1.8876031622249802e-17	1.2215417820017663e-17
4924.999999999998	3.119527384403267e-17	1.278937611319167e-17
4925.249999999999	2.811567380605285e-17	1.2330423222122748e-17
4925.5	1.771026944136657e-17	1.1842791979216613e-17
4925.749999999999	1.242564742705924e-17	1.1784168862024367e-17
4925.999999999998	2.2572625679132928e-17	1.2230912567252006e-17
4926.249999999999	3.00499430242795e-17	1.2754947201735988e-17
4926.5	9.26371975707324e-18	1.1621459953993349e-17
4926.749999999999	2.779420164151269e-17	1.2159035535104824e-17
4926.999999999999	3.190504444043992e-17	1.2484648565791422e-17
4927.249999999999	3.282149438469967e-17	1.2883968352140171e-17
4927.499999999999	3.845338005504656e-17	1.3183174468951628e-17
4927.749999999999	1.8692534838244713e-17	1.2061472890576644e-17
4927.999999999999	3.325435469052622e-17	1.2906820043742561e-17
4928.249999999999	2.7055181938645564e-17	1.2351563477037766e-17
4928.499999999999	1.8286470221181207e-17	1.2033464555035599e-17
4928.749999999999	1.693571240502294e-17	1.2058097993677428e-17
4928.999999999999	1.7527474106520925e-17	1.204589377091982e-17
4929.249999999999	1.0584097710874272e-17	1.1951404929547888e-17
4929.499999999999	1.5773154721832737e-17	1.1966418257665725e-17
4929.749999999999	1.2002458516954661e-17	1.1716890126902367e-17
4929.999999999999	1.6906334258387506e-17	1.1941093296031802e-17
4930.249999999999	2.5425793296232484e-17	1.2465796292450726e-17
4930.499999999999	2.442202120342796e-17	1.2576224077045943e-17
4930.749999999998	6.926043239500911e-18	1.1790907902474837e-17
4930.999999999999	2.499122072653795e-17	1.2582014341333814e-17
4931.249999999999	2.5876380082586045e-17	1.2714972044273138e-17
4931.499999999999	1.9270710925362128e-17	1.2336412836938245e-17
4931.749999999998	1.7247880442033102e-17	1.193689370006187e-17
4931.999999999999	1.923634157091055e-17	1.1991642303264918e-17
4932.25	1.965180626845511e-17	1.2045668777793206e-17
4932.499999999999	2.6977157300185887e-17	1.2370818587336775e-17
4932.749999999998	1.8703428806912037e-17	1.2073249460957562e-17
4932.999999999999	2.2621070338887708e-17	1.2095398049039281e-17
4933.25	3.8096190231656364e-17	1.2588860088083303e-17
4933.499999999999	6.774526085157735e-18	1.1304765584671297e-17
4933.749999999998	2.880609830229371e-17	1.2584848262112421e-17
4933.999999999999	2.5909088458367617e-17	1.2512858733401931e-17
4934.249999999999	2.22875296092104e-17	1.2295444235559718e-17
4934.499999999999	2.0084516027410174e-17	1.2158935446250705e-17
4934.749999999999	1.3239742869502291e-17	1.1973464182123452e-17
4934.999999999999	2.1495042605909072e-17	1.2229058028318662e-17
4935.249999999999	2.365820428015772e-17	1.2517633219897587e-17
4935.499999999999	1.7052508653154202e-17	1.217539964916296e-17
4935.749999999999	2.728730370777897e-17	1.2540512208460191e-17
4935.999999999999	3.9886950231049964e-17	1.3156075204903778e-17
4936.249999999999	3.006085849964275e-17	1.262208876047017e-17
4936.499999999999	1.8887048013647783e-17	1.2031150103681675e-17
4936.749999999999	2.946544727728218e-17	1.273376145188728e-17
4936.999999999999	1.7319653249423103e-17	1.2122970460397512e-17
4937.249999999999	8.533483057950202e-18	1.180881636273661e-17
4937.499999999999	2.6743816266829578e-17	1.269598659485382e-17
4937.749999999999	5.27481562270939e-17	1.3461358617675661e-17
4937.999999999999	2.505322783961615e-17	1.2229821516024049e-17
4938.249999999999	4.465351233643778e-17	1.3200235896266146e-17
4938.499999999998	3.432336982696525e-17	1.2932683499955257e-17
4938.749999999999	2.9931355102941445e-17	1.2582896943047408e-17
4938.999999999999	4.6460567793898676e-17	1.3180573813105761e-17
4939.249999999999	1.938514474566394e-17	1.2132478074358196e-17
4939.499999999998	2.785022162131723e-17	1.2519052661828728e-17
4939.749999999999	2.50617841958724e-17	1.2135642867381824e-17
4940.0	1.9374662712941667e-17	1.2045568688939087e-17
4940.249999999999	1.7845616041914945e-17	1.2085503314551922e-17
4940.499999999998	1.6757938056495493e-17	1.1778051861394537e-17
4940.749999999999	3.0309790233184455e-17	1.2692052523860518e-17
4941.0	2.3141530725944848e-17	1.2436032679649843e-17
4941.249999999999	2.394732541094093e-17	1.2580599862486349e-17
4941.499999999999	3.0146157364409215e-17	1.2840097173992197e-17
4941.749999999999	2.5092550351575696e-17	1.2564063694860801e-17
4941.999999999999	3.1653888004640752e-18	1.1335064383328502e-17
4942.249999999999	1.9307785160416755e-17	1.2301995506011138e-17
4942.499999999999	1.4026844099835287e-17	1.1730761945774881e-17
4942.749999999999	1.0434059555466341e-17	1.1668563753975181e-17
4942.999999999999	1.1329329540141671e-17	1.1777886425272027e-17
4943.249999999999	1.346887851662438e-17	1.1753064389450536e-17
4943.499999999999	1.7166133490816936e-17	1.2192611623348963e-17
4943.749999999999	9.67413368979755e-18	1.1792594523743832e-17
4943.999999999999	1.500835676235601e-17	1.2243436908906672e-17
4944.249999999999	1.9732492774125982e-17	1.2450632417461404e-17
4944.499999999999	2.4349469191900935e-17	1.2502141781385694e-17
4944.749999999999	3.0044424075232544e-17	1.2575417575948704e-17
4944.999999999999	1.8950517582048977e-17	1.2301620793193652e-17
4945.249999999998	2.8082864514236545e-17	1.26629059877966e-17
4945.499999999999	2.531661372718161e-17	1.2280621158982768e-17
4945.749999999999	3.074303765953768e-17	1.258892047226802e-17
4945.999999999999	3.695937275476759e-17	1.303082103500916e-17
4946.249999999998	2.2405806510638133e-17	1.2419352582597712e-17
4946.499999999999	2.1481460300250952e-17	1.1934610681571224e-17
4946.75	1.399965798182312e-17	1.1794633523953775e-17
4946.999999999999	8.381136241452636e-18	1.1898847527787494e-17
4947.249999999998	1.5616711706941808e-17	1.2374852747184196e-17
4947.499999999999	2.36656687580054e-17	1.2660598153887577e-17
4947.75	1.0966702658585162e-17	1.1967514271977358e-17
4947.999999999999	3.3484357222930266e-17	1.2659506275479007e-17
4948.249999999999	2.8521697064085727e-17	1.2841009554207843e-17
4948.499999999999	3.146468987826364e-17	1.2873277869903536e-17
4948.749999999999	2.76902531626556e-17	1.2581800928735776e-17
4948.999999999999	1.7044476729406312e-17	1.2264342244527724e-17
4949.249999999999	3.1996960750106814e-17	1.2999711599351654e-17
4949.499999999999	2.3365245031332265e-17	1.2122902631587282e-17
4949.749999999999	2.7139311170025882e-17	1.2495045398910601e-17
4949.999999999999	2.5502069274877224e-17	1.2431659375751275e-17
4950.249999999999	2.2189447495257538e-17	1.231552652647128e-17
4950.499999999999	2.3837285574053e-17	1.2723822876827455e-17
4950.749999999999	2.855594234144542e-17	1.2941823018543355e-17
4950.999999999999	3.9250504232861863e-17	1.3389250802137576e-17
4951.249999999999	2.742668529535538e-17	1.2886478018118657e-17
4951.499999999999	2.456816085660893e-17	1.2599305724858623e-17
4951.749999999999	2.3763908036274647e-17	1.2489059092817555e-17
4951.999999999998	1.2058039263853936e-17	1.1974810832160689e-17
4952.249999999999	-3.2686256971992152e-18	1.0929568039345819e-17
4952.499999999999	-6.769491036769125e-18	1.1039736916409307e-17
4952.749999999999	6.47966183938157e-18	1.1911431426446263e-17
4952.999999999998	1.9206888978019987e-17	1.2280351498103076e-17
4953.249999999999	2.0077541240485126e-17	1.2245599986208498e-17
4953.5	2.5416125209232964e-17	1.2801727574098312e-17
4953.749999999999	8.657388096265745e-18	1.2287660465995594e-17
4953.999999999998	1.0900463689493141e-17	1.222882393620531e-17
4954.249999999999	2.2501109297732818e-17	1.2520244629091417e-17
4954.5	2.119581829112414e-17	1.2640810339274083e-17
4954.749999999999	1.9934144518215384e-17	1.2550884226160994e-17
4954.999999999998	3.14055067597967e-17	1.311316521062759e-17
4955.249999999999	1.2499376516597929e-17	1.1856150946109344e-17
4955.499999999999	3.525737916126828e-17	1.2814935994119559e-17
4955.749999999999	1.7290672149481695e-17	1.2138183966223587e-17
4955.999999999999	6.94653457122538e-18	1.1859989891332203e-17
4956.249999999999	3.4588471287121147e-17	1.3282406363955939e-17
4956.499999999999	1.3455832224003194e-17	1.215423292446834e-17
4956.749999999999	2.3330091509659986e-17	1.2336279660859624e-17
4956.999999999999	2.8199880792410746e-17	1.249373597200093e-17
4957.249999999999	3.951671080631613e-17	1.304729929999183e-17
4957.499999999999	4.098868863252159e-17	1.3025334346006096e-17
4957.749999999999	1.3704184931116115e-17	1.1981130492040594e-17
4957.999999999999	4.076791081830874e-17	1.3401943888637202e-17
4958.249999999999	1.6658755792327935e-17	1.2457991843371289e-17
4958.499999999999	1.7242065362326854e-17	1.242456547481802e-17
4958.749999999999	2.6433406815801704e-17	1.3007289400943252e-17
4958.999999999999	3.3697247042821813e-17	1.353321166158508e-17
4959.249999999999	4.033766440321786e-17	1.3581430501032633e-17
4959.499999999999	1.949848999627963e-17	1.2488375841631586e-17
4959.749999999998	3.780240628376019e-18	1.1752993251917856e-17
4959.999999999999	3.0006387001944905e-17	1.2952279408666638e-17
4960.25	2.575067013617391e-17	1.2904375725032467e-17
4960.499999999999	-6.237228436732078e-18	1.1481630034524935e-17
4960.749999999998	2.6333987977978955e-17	1.2561479582627185e-17
4960.999999999999	1.6438704242692903e-17	1.2530191475957367e-17
4961.25	2.7543810761370438e-17	1.2601218993615458e-17
4961.499999999999	1.7794220001734576e-17	1.2222817777777562e-17
4961.749999999998	2.2639226953333247e-17	1.2620042315634715e-17
4961.999999999999	4.378055885750852e-17	1.3531194168071063e-17
4962.25	3.721196062661678e-18	1.1656448039543117e-17
4962.499999999999	3.1756883157841873e-17	1.3117211778184199e-17
4962.749999999999	3.277297858741221e-17	1.3351006933696799e-17
4962.999999999999	3.18267203625985e-17	1.3455055501408007e-17
4963.249999999999	3.036650504470354e-17	1.3220352928763436e-17
4963.499999999999	2.1814183775483057e-17	1.2599214734991242e-17
4963.749999999999	2.826999923857564e-17	1.3240718115444491e-17
4963.999999999999	1.16944090122144e-17	1.206882321749979e-17
4964.249999999999	1.5131983867985734e-17	1.2247553786815348e-17
4964.499999999999	1.9903854818544917e-17	1.225962979657801e-17
4964.749999999999	1.51848820681585e-17	1.2166878861673051e-17
4964.999999999999	1.8763819609073308e-17	1.2776123025417345e-17
4965.249999999999	1.3657287099106809e-17	1.2222147761481394e-17
4965.499999999999	1.047627637238921e-17	1.2200468184806992e-17
4965.749999999999	2.9803300926673336e-17	1.3020939535411602e-17
4965.999999999999	3.494577360707465e-17	1.3297152512735922e-17
4966.249999999999	4.067397287922477e-17	1.3340376008464268e-17
4966.499999999998	6.040444733265612e-17	1.4427207788117078e-17
4966.749999999999	2.176829014073739e-17	1.2539052234679035e-17
4966.999999999999	2.658020986783394e-17	1.2300817600818863e-17
4967.249999999999	2.994721050092286e-17	1.2703762919792432e-17
4967.499999999998	3.0217678708893e-17	1.274803362617627e-17
4967.749999999999	2.1977226037300934e-17	1.2095987828816032e-17
4968.0	1.9009189502897363e-18	1.1313178838681574e-17
4968.249999999999	1.5637627795910824e-17	1.2216508044065008e-17
4968.499999999998	7.08513199158109e-18	1.1861051991238721e-17
4968.749999999999	2.0728093976839706e-17	1.2606618828654204e-17
4969.0	3.383559796335498e-17	1.3083962426282017e-17
4969.249999999999	1.86681462450642e-17	1.244550224330235e-17
4969.499999999999	2.39359632580469e-17	1.2756640440449884e-17
4969.749999999999	2.4100673115979685e-17	1.2510502095836767e-17
4969.999999999999	4.0352126829047735e-17	1.3160344284045164e-17
4970.249999999999	4.335721774617123e-17	1.3294645328299274e-17
4970.499999999999	2.8537433348058936e-17	1.2724474695150147e-17
4970.749999999999	1.3741798487930126e-17	1.1982008957851125e-17
4970.999999999999	1.4424828816675376e-17	1.2071073148765935e-17
4971.249999999999	1.628767098900807e-17	1.2104908971722416e-17
4971.499999999999	3.5320668404295935e-17	1.303423563657778e-17
4971.749999999999	2.868018817817334e-17	1.2876991083673287e-17
4971.999999999999	8.320340947971826e-18	1.1937317216535497e-17
4972.249999999999	7.784369270068091e-18	1.1795455741482653e-17
4972.499999999999	-1.3051522470609219e-18	1.1493031064907753e-17
4972.749999999999	2.3096856355422084e-17	1.2730619819920803e-17
4972.999999999999	2.2439532318573145e-17	1.2325257479197354e-17
4973.249999999998	2.907765838867242e-17	1.2346891560938066e-17
4973.499999999999	3.3069241595604204e-17	1.2648691716150489e-17
4973.749999999999	-5.25339056950947e-18	1.0806657272126565e-17
4973.999999999999	6.9205594456299905e-18	1.1263135238802728e-17
4974.249999999998	2.082065217866194e-17	1.223544965291186e-17
4974.499999999999	2.1837098332812e-17	1.2414491242137737e-17
4974.75	2.5612317561279517e-17	1.2470051309521699e-17
4974.999999999999	3.0241289752297714e-17	1.2556112007632329e-17
4975.249999999998	1.377208736041998e-17	1.1625466816880556e-17
4975.499999999999	1.6580506160741644e-17	1.174025797920699e-17
4975.75	2.03130676850198e-17	1.2048682196764737e-17
4975.999999999999	2.2592865134360875e-17	1.1973318598335643e-17
4976.249999999998	1.1967901392504033e-17	1.1524209156556102e-17
4976.499999999999	8.971224556571427e-18	1.1444870955283691e-17
4976.749999999999	6.556931013787802e-17	1.3437789760482188e-17
4976.999999999999	2.4287705269922825e-17	1.2103691361860738e-17
4977.249999999999	3.8046000220809097e-17	1.2510383809009172e-17
4977.499999999999	3.6183467414025496e-17	1.2560801294524892e-17
4977.749999999999	2.5460270184163694e-17	1.2136479974161728e-17
4977.999999999999	1.9042892149775224e-17	1.2040796683985269e-17
4978.249999999999	2.4752943079285925e-17	1.234746645146379e-17
4978.499999999999	1.9641301074675686e-17	1.2071647212111046e-17
4978.749999999999	2.1975722222947312e-17	1.1839462577251087e-17
4978.999999999999	3.407391200655396e-17	1.2283512155223641e-17
4979.249999999999	4.182881958474475e-17	1.2858202503239757e-17
4979.499999999999	3.444563373894549e-17	1.2706638199601666e-17
4979.749999999999	3.859497021485849e-17	1.2881423944575958e-17
4979.999999999999	2.313952894886247e-17	1.2062316614801448e-17
4980.249999999999	2.6809972517860344e-17	1.2355507474198419e-17
4980.499999999999	3.0378720847989724e-17	1.2379025046193914e-17
4980.749999999999	2.384906297161453e-17	1.1931137350179114e-17
4980.999999999998	2.9844147105321205e-17	1.2271166484581287e-17
4981.249999999999	2.1682840729099437e-17	1.1892914161253651e-17
4981.5	1.8043118648051782e-17	1.170485134026727e-17
4981.749999999999	1.475210613475443e-17	1.1611561083602927e-17
4981.999999999998	1.0379281173761242e-17	1.123353871648558e-17
4982.249999999999	1.612880102619991e-17	1.096413591714441e-17
4982.5	4.050479790034542e-17	1.1761666240640475e-17
4982.749999999999	2.6523799458780274e-17	1.1934585866152847e-17
4982.999999999998	2.4902725635884577e-17	1.1748112886303793e-17
4983.249999999999	3.6015933561481456e-17	1.2070578494759628e-17
4983.5	4.172885646207894e-17	1.2368965702764656e-17
4983.749999999999	2.732746663524087e-17	1.2035595372293535e-17
4983.999999999999	7.891422157764092e-18	1.0934021579763805e-17
4984.249999999999	1.3982376524465662e-17	1.135343441037208e-17
4984.499999999999	9.966103630610392e-18	1.1168763857077778e-17
4984.749999999999	2.0123893133290148e-17	1.1514622133256612e-17
4984.999999999999	2.6997636637791475e-17	1.1812943166812637e-17
4985.249999999999	1.819644815511706e-17	1.156731022955379e-17
4985.499999999999	3.0811445496195815e-17	1.2135167238529606e-17
4985.749999999999	2.1310602836005674e-17	1.1256157970335843e-17
4985.999999999999	1.8859898291582568e-17	1.1461020829563176e-17
4986.249999999999	1.7777492755387528e-17	1.1614880559401102e-17
4986.499999999999	1.8014445259298243e-17	1.1628505878451076e-17
4986.749999999999	2.560424758722345e-17	1.1819301704181332e-17
4986.999999999999	2.2296142213748303e-17	1.129596024705067e-17
4987.249999999999	1.3973717597813456e-17	1.1294477112212362e-17
4987.499999999999	1.611327484610229e-17	1.1187487090242916e-17
4987.749999999998	1.858040388876825e-17	1.147233914188474e-17
4987.999999999999	2.3641468762004547e-17	1.1842502466002219e-17
4988.249999999999	2.6554602010430523e-17	1.1612996241965706e-17
4988.499999999999	2.2041236581822737e-17	1.1385716788138186e-17
4988.749999999998	2.829152247811427e-17	1.1697961752945316e-17
4988.999999999999	2.740687266532351e-17	1.1728899135035411e-17
4989.25	2.7585861314990184e-17	1.1799785204808756e-17
4989.499999999999	1.8465482031905033e-17	1.153692871283533e-17
4989.749999999998	-1.8888065445801223e-17	9.958517557212668e-18
4989.999999999999	1.7950355305437635e-17	1.139592419689709e-17
4990.25	1.648730275804162e-17	1.146622214125491e-17
4990.499999999999	2.6510604273648828e-17	1.184060077777396e-17
4990.749999999999	1.9287188363164185e-17	1.1510330720238687e-17
4990.999999999999	6.980817071712641e-19	1.0535570333058236e-17
4991.249999999999	2.3651502462834816e-17	1.1370159175177289e-17
4991.499999999999	1.0526539175130382e-17	1.103390281154897e-17
4991.749999999999	3.428728159120079e-17	1.232943225974891e-17
4991.999999999999	3.3481511721623083e-17	1.2219302260174212e-17
4992.249999999999	1.989104179085647e-17	1.150908415905557e-17
4992.499999999999	2.334175310193576e-17	1.1504701756170264e-17
4992.749999999999	2.9648528816619764e-17	1.1957038856699987e-17
4992.999999999999	3.35644481585601e-17	1.2151740629282718e-17
4993.249999999999	3.665243580795121e-17	1.2232168227421862e-17
4993.499999999999	1.817723771257113e-17	1.1383791111672163e-17
4993.749999999999	1.3286788766841245e-17	1.110370527471987e-17
4993.999999999999	3.606913781848087e-17	1.229223725632485e-17
4994.249999999999	1.5361496709467147e-17	1.128231342130477e-17
4994.499999999998	1.9434878152813078e-17	1.1531913516781421e-17
4994.749999999999	1.1637697509417765e-17	1.0993863961178953e-17
4994.999999999999	1.434800028138145e-17	1.1224658932609824e-17
4995.249999999999	1.771355831148208e-17	1.153540918205007e-17
4995.499999999998	8.645258319763267e-18	1.0991722390573054e-17
4995.749999999999	4.322948782470324e-17	1.248277831042644e-17
4996.0	3.4481139639558716e-17	1.1900055211481821e-17
4996.249999999999	3.410260855636465e-17	1.200739595803099e-17
4996.499999999998	2.4824284098396174e-17	1.1687209232162739e-17
4996.749999999999	1.630591528459854e-17	1.1240610283542296e-17
4997.0	2.784318065994318e-17	1.179360120254931e-17
4997.249999999999	5.39070958222848e-18	1.0529139003795637e-17
4997.499999999998	1.8407946657218294e-17	1.0810076836778859e-17
4997.749999999999	2.4100866676243023e-17	1.1293540743758952e-17
4997.999999999999	2.424768958060996e-17	1.1605280301211812e-17
4998.249999999999	2.3733921084708374e-17	1.1563850960232093e-17
4998.499999999999	1.468344352646763e-17	1.1090891419850811e-17
4998.749999999999	9.953096215477996e-18	1.0916219825801051e-17
4998.999999999999	3.1262106728804505e-17	1.1825768602210271e-17
4999.249999999999	2.943882860517022e-17	1.1939821092249695e-17
4999.499999999999	2.4596956668093125e-17	1.1735401601830691e-17
4999.749999999999	2.5697955570097132e-17	1.1532188967925401e-17
4999.999999999999	1.7779468062690305e-17	1.1046079737346363e-17
5000.249999999999	4.4822674080427326e-17	1.2459958051687327e-17
5000.499999999999	3.3361606928749847e-17	1.1941622691623836e-17
5000.749999999999	2.7317965638725085e-17	1.1671941959596848e-17
5000.999999999999	2.8082566729216026e-17	1.1652601649694745e-17
5001.249999999998	3.239089393630662e-17	1.1562481976318318e-17
5001.499999999999	2.457650710898959e-17	1.1644612739338708e-17
5001.749999999999	9.353042855519779e-18	1.0722100388369557e-17
5001.999999999999	2.1255992371964923e-17	1.1222563684118227e-17
5002.249999999998	2.1583774270217636e-17	1.1487990226254855e-17
5002.499999999999	1.4742143571456843e-17	1.1195523977074481e-17
5002.75	5.5508616749860965e-18	1.063024777160983e-17
5002.999999999999	9.232812153485196e-18	1.063800093549129e-17
5003.249999999998	2.984779331746134e-17	1.1674181137515029e-17
5003.499999999999	2.7158897152569913e-17	1.1576448920961276e-17
5003.75	2.5358285432080807e-17	1.150611954374018e-17
5003.999999999999	3.268293501465214e-17	1.18810168225033e-17
5004.249999999998	4.639509148533143e-17	1.2289740825236165e-17
5004.499999999999	3.074246855927624e-17	1.1603011344791579e-17
5004.749999999999	1.59617105424642e-17	1.1180135108958545e-17
5004.999999999999	1.101618956591176e-17	1.0972850264897656e-17
5005.249999999999	2.1250440335693467e-17	1.1380273939707587e-17
5005.499999999999	3.037144827604416e-17	1.1711664826972869e-17
5005.749999999999	2.104214798564649e-17	1.1188278702089129e-17
5005.999999999999	1.1702100137549918e-17	1.101164089972333e-17
5006.249999999999	8.749378025007155e-18	1.085042836142042e-17
5006.499999999999	2.4131831355293333e-17	1.1381661121594839e-17
5006.749999999999	2.5252080404512673e-17	1.1343285731436666e-17
5006.999999999999	2.237799338972165e-17	1.1189900803270346e-17
5007.249999999999	4.3292413108261376e-17	1.2012325954481806e-17
5007.499999999999	7.989481937840415e-18	1.0379502030984794e-17
5007.749999999999	2.297988474500096e-17	1.1372392562831182e-17
5007.999999999999	2.5042428169538658e-17	1.1468470418159829e-17
5008.249999999999	1.9442789308191535e-17	1.1219286394531292e-17
5008.499999999999	1.9296289004263493e-17	1.131238060939046e-17
5008.749999999999	3.077672045408084e-17	1.1774754719472901e-17
5008.999999999998	3.235867359708645e-17	1.1791012127232018e-17
5009.249999999999	2.6590064897651897e-17	1.148991011245659e-17
5009.499999999999	1.830086316383963e-17	1.117350773789077e-17
5009.749999999999	1.7078339849323008e-17	1.1208124419345501e-17
5009.999999999998	2.1896185498327888e-17	1.1387078327426449e-17
5010.249999999999	1.825876628810558e-17	1.0895361639474914e-17
5010.5	1.4788660900384375e-17	1.0754960138203226e-17
5010.749999999999	1.39342296497314e-17	1.072300532395969e-17
5010.999999999998	1.2729242564200903e-17	1.0678597305594168e-17
5011.249999999999	1.4333033275377916e-17	1.0822664871340691e-17
5011.5	2.3867085582800836e-17	1.1268110730187234e-17
5011.749999999999	3.036072139786057e-17	1.16333771450784e-17
5011.999999999999	1.9439004129708492e-17	1.114785355837305e-17
5012.249999999999	3.179350409792082e-17	1.1517039982187105e-17
5012.499999999999	2.94002455926783e-17	1.1298770179591512e-17
5012.749999999999	3.259856920961663e-17	1.1392541855372361e-17
5012.999999999999	4.770167951114059e-17	1.2147418610582129e-17
5013.249999999999	2.948246734556607e-17	1.1409464316343971e-17
5013.499999999999	3.9371732514715185e-17	1.1521808678418473e-17
5013.749999999999	3.7882784251062584e-17	1.1610354227089212e-17
5013.999999999999	2.3895231230323565e-17	1.102082922196757e-17
5014.249999999999	1.2261045102606088e-17	1.0546871274586936e-17
5014.499999999999	1.7629050231381212e-17	1.0969962577379234e-17
5014.749999999999	2.0620036064699454e-17	1.1154126896138652e-17
5014.999999999999	1.6967469523100076e-17	1.0760932382225858e-17
5015.249999999999	1.166836274908633e-17	1.0707342659060998e-17
5015.499999999999	2.1304198803703288e-17	1.1185866643422925e-17
5015.749999999998	3.2803134283823445e-17	1.1629007149902283e-17
5015.999999999999	2.6796454732290003e-17	1.1406555122129622e-17
5016.249999999999	1.1963856479308649e-17	1.058613174800054e-17
5016.499999999999	2.0483906951291602e-17	1.0843127665334028e-17
5016.749999999998	2.331658199589577e-17	1.1179914251734993e-17
5016.999999999999	2.5476001505053228e-17	1.1295530940312755e-17
5017.25	2.330372926353792e-17	1.1230569138086515e-17
5017.499999999999	2.0461587964003696e-17	1.0995774748393951e-17
5017.749999999998	-9.196910446948863e-19	9.790658622687895e-18
5017.999999999999	1.4460266888478372e-17	1.0522628265194232e-17
5018.25	6.0248857968157345e-18	1.0270835313913703e-17
5018.499999999999	1.2057302245928152e-17	1.0578618466496721e-17
5018.749999999999	1.799591145049338e-17	1.083154217367461e-17
5018.999999999999	-5.795011890996942e-18	9.646998029802748e-18
5019.249999999999	4.303833300258714e-17	1.1824933149791593e-17
5019.499999999999	2.1798100075652575e-17	1.122601220009196e-17
5019.749999999999	2.4315898893921083e-17	1.129732757660322e-17
5019.999999999999	3.604079530197235e-17	1.1542527898401701e-17
5020.249999999999	3.61663745538477e-17	1.1391798220001676e-17
5020.499999999999	2.5599850295087117e-17	1.091889244636021e-17
5020.749999999999	1.3440944627338465e-17	1.0367861118224335e-17
5020.999999999999	1.0626321972422654e-17	1.0289005163249042e-17
5021.249999999999	1.5195294617709318e-17	1.0656665438832937e-17
5021.499999999999	1.6038421618111142e-17	1.0694211166836719e-17
5021.749999999999	1.8345896530748242e-17	1.0588811813185212e-17
5021.999999999999	3.678191604359536e-17	1.1323401136691504e-17
5022.249999999999	2.1514850272857267e-17	1.0860400023704748e-17
5022.499999999998	2.938097228440581e-17	1.1339328499386212e-17
5022.749999999999	3.101724803259901e-17	1.1217524499826554e-17
5022.999999999999	3.355276836831085e-17	1.1338648556922694e-17
5023.249999999999	3.7441205461579726e-17	1.1713447401192921e-17
5023.499999999998	1.7562683876474858e-17	1.0760733858878846e-17
5023.749999999999	3.074037413796526e-17	1.1125771971920947e-17
5024.0	2.2004015108619076e-17	1.0781053550626211e-17
5024.249999999999	2.5949178593935612e-17	1.1225989039034809e-17
5024.499999999998	3.2348088993968224e-17	1.1520330506663841e-17
5024.749999999999	2.8687196052322886e-17	1.1277397486924367e-17
5025.0	4.255040893774416e-17	1.1706591728276081e-17
5025.249999999999	2.961727793307751e-17	1.1378613788218193e-17
5025.499999999998	2.4283269927478316e-17	1.1185772344833093e-17
5025.749999999999	1.7422681903439033e-17	1.082796544470593e-17
5025.999999999999	1.441608882632314e-17	1.0728459752918864e-17
5026.249999999999	2.3109785188396288e-17	1.113214622572128e-17
5026.499999999999	3.2854614696426295e-17	1.1488323580041714e-17
5026.749999999999	2.1592563891406624e-17	1.0386743170067083e-17
5026.999999999999	1.9528814437535824e-17	1.0741022144881707e-17
5027.249999999999	1.5743553236431914e-17	1.0546489117143936e-17
5027.499999999999	1.62463963308029e-17	1.0359812650864194e-17
5027.749999999999	2.556227975166496e-17	1.098897366939754e-17
5027.999999999999	2.7205220921234107e-17	1.1322120661103272e-17
5028.249999999999	3.1235091009998523e-17	1.155304798143215e-17
5028.499999999999	2.277061632183117e-17	1.1012425894124643e-17
5028.749999999999	2.6439795958853063e-17	1.1086444496877726e-17
5028.999999999999	2.8447710721376534e-17	1.1018501535723845e-17
5029.249999999999	1.5567605302696985e-17	1.0187155241606e-17
5029.499999999999	4.451138947231137e-17	1.1724439804353138e-17
5029.749999999999	6.057846462684135e-18	9.878429103124672e-18
5029.999999999999	2.2065468010686865e-17	1.0747606502557629e-17
5030.249999999998	2.4241952255881292e-17	1.1128116201776922e-17
5030.499999999999	1.4906620164456887e-17	1.074722765383708e-17
5030.749999999999	1.8647804219440296e-17	1.0817845717091957e-17
5030.999999999999	2.17762376920628e-17	1.0660213216480177e-17
5031.249999999998	2.338458616841498e-17	1.091397403043797e-17
5031.499999999999	2.5762315184837433e-17	1.1147289421195289e-17
5031.75	2.328053677352316e-17	1.081660246463129e-17
5031.999999999999	1.9842659996828244e-17	1.0654297220739197e-17
5032.249999999998	2.9637027697382827e-17	1.1441207372350694e-17
5032.499999999999	1.481578746139244e-17	1.0864803106105367e-17
5032.75	2.81921350731548e-17	1.1143502588351021e-17
5032.999999999999	2.605571614810999e-17	1.1082588180862004e-17
5033.249999999999	2.928845378725298e-17	1.1241914747368293e-17
5033.499999999999	3.503461280486285e-17	1.1533922738489312e-17
5033.749999999999	3.592786198730171e-17	1.1654904520520093e-17
5033.999999999999	5.490037099311602e-17	1.2549461475507402e-17
5034.249999999999	3.907840434333653e-17	1.1975953995767237e-17
5034.499999999999	2.6083934587526625e-17	1.1286823210004409e-17
5034.749999999999	2.2420527016819127e-17	1.119331705920019e-17
5034.999999999999	2.0302329226307637e-17	1.1221750565576087e-17
5035.249999999999	1.1553628662222163e-17	1.0373568664450951e-17
5035.499999999999	4.651682848326147e-18	1.0250218664326431e-17
5035.749999999999	3.2107730160295015e-17	1.1572250152171957e-17
5035.999999999999	2.694897360235498e-17	1.1518834964116345e-17
5036.249999999999	2.5628111747895604e-17	1.1530446925555364e-17
5036.499999999999	3.93345226220401e-17	1.2042075505212276e-17
5036.749999999999	4.356531984467732e-17	1.2050683146666502e-17
5036.999999999998	4.467501572364171e-17	1.2265803872670106e-17
5037.249999999999	2.2684829420503296e-17	1.1504580987800831e-17
5037.499999999999	1.8382451296378185e-17	1.1079828706338527e-17
5037.749999999999	2.6531242429932026e-17	1.1131017124185146e-17
5037.999999999998	3.043152805829511e-17	1.1292749959093351e-17
5038.249999999999	2.4437324044760192e-17	1.1131998987572246e-17
5038.5	1.577313652385926e-17	1.1064116410603082e-17
5038.749999999999	5.280028680365822e-18	1.0779322261604137e-17
5038.999999999998	1.1549164368456214e-17	1.1004524664913537e-17
5039.249999999999	2.1593078397747632e-17	1.1311024033185873e-17
5039.5	2.7891593886834683e-17	1.1418991782639357e-17
5039.749999999999	2.6508882083613492e-17	1.1311191123669609e-17
5039.999999999999	1.1394677635713973e-17	1.0722218675197152e-17
5040.249999999999	1.8729847301315755e-17	1.1180164060279984e-17
5040.499999999999	1.7543132635516554e-17	1.104844381953704e-17
5040.749999999999	8.369305904331902e-18	1.0557382258630647e-17
5040.999999999999	2.0918700791799994e-18	1.0216123106657608e-17
5041.249999999999	5.698404640076261e-18	1.0290504014518988e-17
5041.499999999999	4.4443448165518715e-17	1.2046567923119051e-17
5041.749999999999	2.7398890372412373e-17	1.1083780975305305e-17
5041.999999999999	2.1537364474769736e-17	1.106758560609213e-17
5042.249999999999	2.2074484279363693e-17	1.1151697466679584e-17
5042.499999999999	1.613578573929231e-17	1.0852659267532476e-17
5042.749999999999	3.5320330914606014e-17	1.1998453308428679e-17
5042.999999999999	1.2905003555117395e-17	1.079223785968854e-17
5043.249999999999	2.962370678079827e-17	1.1105753373916551e-17
5043.499999999999	3.9687606320869585e-17	1.1702636977767465e-17
5043.749999999998	3.3136163815882194e-17	1.172778409556969e-17
5043.999999999999	2.3529301416581132e-17	1.1135020678349902e-17
5044.249999999999	2.4992923064238584e-17	1.1237485195188071e-17
5044.499999999999	2.769709560068264e-17	1.142948705025143e-17
5044.749999999998	2.5039217054400727e-17	1.1306596135366877e-17
5044.999999999999	2.426459549796932e-17	1.1179786038740047e-17
5045.25	2.492997792834575e-17	1.1256471471788001e-17
5045.499999999999	2.6516899118110356e-17	1.1332450492592834e-17
5045.749999999998	1.8129251310875703e-17	1.0463567569457945e-17
5045.999999999999	6.221705151766602e-18	1.0319829221595218e-17
5046.25	1.9937507834586024e-17	1.0978384930376249e-17
5046.499999999999	2.904741997419993e-17	1.1329332848864122e-17
5046.749999999998	1.8003908632655543e-17	1.0893981902213175e-17
5046.999999999999	-1.0249651192576825e-19	1.0216635131456778e-17
5047.249999999999	3.4252599562477665e-17	1.1624535411510821e-17
5047.499999999999	2.8445219253371524e-17	1.1337081049661906e-17
5047.749999999999	3.257988154521783e-17	1.1349056143389836e-17
5047.999999999999	2.5913538690063152e-17	1.1145684690806936e-17
5048.249999999999	2.0696629680699414e-17	1.0902724374107248e-17
5048.499999999999	2.6019416154108714e-17	1.097182125221564e-17
5048.749999999999	1.6780180943167044e-17	1.1016913348947744e-17
5048.999999999999	2.163734910413147e-17	1.110043625693906e-17
5049.249999999999	2.2266826932839424e-17	1.0909315349228071e-17
5049.499999999999	2.2050992349967187e-17	1.0889477903777824e-17
5049.749999999999	2.672721806065809e-17	1.1206548640278588e-17
5049.999999999999	2.771863869255597e-17	1.140195020765954e-17
5050.249999999999	3.351512916889785e-18	1.0247152305795697e-17
5050.499999999999	1.6010821909792698e-17	1.0454255170121823e-17
5050.749999999999	1.2257913396806962e-17	1.0257078473146333e-17
5050.999999999999	1.510212595659502e-17	1.032437540624181e-17
5051.249999999999	1.247653475116289e-17	1.029732163712765e-17
5051.499999999998	-8.772286585276658e-19	9.842123318859107e-18
5051.749999999999	1.8266751889739168e-17	1.0667299672787919e-17
5051.999999999999	7.955619645104332e-18	1.0263221116375152e-17
5052.249999999999	2.4736798168090115e-17	1.0868643705689451e-17
5052.499999999998	2.6499438989740587e-17	1.0945650084815075e-17
5052.749999999999	1.4618129345300442e-17	1.0451614809606554e-17
5053.0	9.916563783724591e-18	1.0177384584210524e-17
5053.249999999999	3.814335772454536e-18	1.006387968773661e-17
5053.499999999998	1.6270325011562834e-17	1.026121189466726e-17
5053.749999999999	1.094162419677378e-17	9.794740759010844e-18
5054.0	2.1612389756328295e-17	1.020033553748642e-17
5054.249999999999	4.322572580727735e-17	1.1291198995444815e-17
5054.499999999999	4.22866408927357e-17	1.188922989880534e-17
5054.749999999999	2.7275878689158387e-17	1.122829273704077e-17
5054.999999999999	1.4714944218554874e-17	1.0246548463948533e-17
5055.249999999999	1.6567219985742817e-17	1.042929003205436e-17
5055.499999999999	8.867544084232805e-18	1.0060348453701621e-17
5055.749999999999	8.263617037466002e-19	9.705793200562405e-18
5055.999999999999	2.0781362753926896e-17	1.0817954077752201e-17
5056.249999999999	3.215492577732484e-17	1.1230043878397544e-17
5056.499999999999	2.5690160220004432e-17	1.1073001984743127e-17
5056.749999999999	2.5214986317123345e-17	1.0802509788535224e-17
5056.999999999999	2.242577630498639e-17	1.0754464657016306e-17
5057.249999999999	2.5194988398634263e-17	1.102216760019868e-17
5057.499999999999	3.833795196364846e-17	1.1327297984557241e-17
5057.749999999999	3.943906997966068e-18	9.803261546500753e-18
5057.999999999999	2.8011108250458795e-17	1.0947398744630012e-17
5058.249999999998	1.2036018888767162e-17	1.0418575561579961e-17
5058.499999999999	1.2391618043839421e-17	1.0406118221554913e-17
5058.749999999999	2.850726772548035e-17	1.1011250470474206e-17
5058.999999999999	2.625498892075769e-17	1.0944028810814471e-17
5059.249999999998	3.710868216405586e-17	1.1402685571224099e-17
5059.499999999999	2.823314337920273e-17	1.1021257701524872e-17
5059.75	2.2358592695634832e-17	1.0650166280760108e-17
5059.999999999999	1.8048063533753624e-17	1.0485200824018045e-17
5060.249999999998	1.5664143897626824e-17	1.0555378827187044e-17
5060.499999999999	2.2702001690019896e-17	1.0721237638990664e-17
5060.75	2.0949586475101805e-17	1.0680637960165336e-17
5060.999999999999	1.672467877842596e-17	1.0519676884768642e-17
5061.249999999999	2.7549106371652002e-17	1.1008902104715167e-17
5061.499999999999	3.29318832918061e-17	1.1147739407448518e-17
5061.749999999999	2.4756127724644254e-17	1.0739774756517977e-17
5061.999999999999	1.2812363462414519e-17	1.0458578016003026e-17
5062.249999999999	1.816170491502861e-17	1.0577376041216666e-17
5062.499999999999	1.8332807224735203e-17	1.0550645699722015e-17
5062.749999999999	2.3582538760805045e-17	1.08360618885416e-17
5062.999999999999	2.7761680208549555e-17	1.0981987301943917e-17
5063.249999999999	2.1303063911902865e-17	1.0618171761847169e-17
5063.499999999999	5.672022541619495e-18	9.922419395280854e-18
5063.749999999999	3.5898129807364104e-17	1.1383600032950663e-17
5063.999999999999	2.5712426267733134e-17	1.0864446591261357e-17
5064.249999999999	3.3875097491965615e-17	1.1245935672325913e-17
5064.499999999999	2.7331255122446362e-17	1.1007649753267762e-17
5064.749999999999	8.841090021062747e-18	1.0016294468638272e-17
5064.999999999998	8.871708111436397e-18	9.864255363328576e-18
5065.249999999999	1.9375675182011432e-17	1.0438981280111032e-17
5065.499999999999	4.093777401145773e-17	1.1361956852223213e-17
5065.749999999999	4.0560043639096613e-17	1.1424059091071857e-17
5065.999999999998	1.781478867484632e-17	1.0457036151341227e-17
5066.249999999999	-9.702430504577223e-19	9.564986380790566e-18
5066.5	1.300956001172471e-17	1.0547014376832907e-17
5066.749999999999	3.6570276920789993e-17	1.1444910659953093e-17
5066.999999999998	3.8995484450011765e-17	1.1524841122544093e-17
5067.249999999999	3.759332728495068e-17	1.1487498053790386e-17
5067.5	3.0652163597442604e-17	1.0927518285787913e-17
5067.749999999999	2.0729237140446254e-17	1.033813886445408e-17
5067.999999999998	2.1855506410163756e-17	1.0817842408369507e-17
5068.249999999999	3.325870566054825e-17	1.1180122701249356e-17
5068.499999999999	1.1370126087952787e-17	1.0114149107922683e-17
5068.749999999999	2.1387580263809858e-17	1.0586738898570154e-17
5068.999999999999	3.03058263836891e-17	1.0928497667633176e-17
5069.249999999999	2.807561179462568e-17	1.0897532988582865e-17
5069.499999999999	4.124102835018702e-17	1.1565549162029665e-17
5069.749999999999	3.4579100985142146e-17	1.1105326548720474e-17
5069.999999999999	2.3787466140120157e-17	1.0615480116133922e-17
5070.249999999999	1.431804641703968e-17	1.0372030108511602e-17
5070.499999999999	2.627765201518042e-17	1.0981895484895924e-17
5070.749999999999	3.9009811218221183e-17	1.147203804814177e-17
5070.999999999999	3.951565863257696e-18	1.0179129108122399e-17
5071.249999999999	6.5495180692922856e-18	1.00491054148158e-17
5071.499999999999	8.53880265646953e-18	1.0001419279682731e-17
5071.749999999998	1.5122749223627192e-17	1.025039319943568e-17
5071.999999999999	2.3408488379395312e-17	1.0641112788955715e-17
5072.249999999999	3.318005732790671e-17	1.1021492620818837e-17
5072.499999999999	4.330211759120785e-17	1.1241786534373347e-17
5072.749999999998	2.78279473017824e-17	1.0934190324608765e-17
5072.999999999999	1.8089199225615886e-17	1.0225534767667236e-17
5073.249999999999	1.4403487556871508e-17	1.0119189946575581e-17
5073.499999999999	1.8570699405821778e-17	1.039433999681277e-17
5073.749999999998	2.1705321843787403e-17	1.0528466505957631e-17
5073.999999999999	1.792868813647242e-17	1.0194386454520939e-17
5074.25	9.737824942602908e-18	9.886932519821717e-18
5074.499999999999	2.359519296981588e-17	1.0479292272902579e-17
5074.749999999998	1.9039403101951475e-17	1.0349727664835948e-17
5074.999999999999	1.7525803201683568e-17	1.0376620960911272e-17
5075.249999999999	2.7749067358569346e-17	1.0765725893875603e-17
5075.499999999999	2.804769279459079e-17	1.0900723424205483e-17
5075.749999999999	3.1509026759096484e-17	1.1144268557598245e-17
5075.999999999999	2.2156573683353456e-17	1.0635374637046434e-17
5076.249999999999	2.3786658811842305e-17	1.0331068951758589e-17
5076.499999999999	2.996510407193361e-17	1.0445994117344256e-17
5076.749999999999	3.4501547839631624e-17	1.0928836811684322e-17
5076.999999999999	4.30182192788123e-17	1.1558418865149458e-17
5077.249999999999	3.144876499711077e-17	1.1292180031651302e-17
5077.499999999999	3.4548955214898263e-17	1.1124335986377555e-17
5077.749999999999	1.6258324275235915e-17	1.0522932667659651e-17
5077.999999999999	1.4605729907918273e-17	1.0575045873431104e-17
5078.249999999999	3.1963744485429135e-17	1.1109220915044374e-17
5078.499999999999	2.961441588815808e-17	1.0817951596210364e-17
5078.749999999999	3.637339470011257e-17	1.1220776973995113e-17
5078.999999999999	3.0200466734707e-17	1.0925911901038335e-17
5079.249999999999	2.3935617496550854e-17	1.0548035117708798e-17
5079.499999999998	2.573778762531401e-17	1.0669842425990907e-17
5079.749999999999	3.5043496724641667e-17	1.0965264191499932e-17
5079.999999999999	3.0915177253732415e-17	1.0642895363175767e-17
5080.249999999999	3.285106774595967e-17	1.0643624936476038e-17
5080.499999999998	1.5618443823144494e-17	1.0275372399573556e-17
5080.749999999999	2.616286912466011e-17	1.089889535505174e-17
5081.0	2.6942728388730205e-17	1.0990513052517501e-17
5081.249999999999	1.1614854916802113e-17	1.0257118177815736e-17
5081.499999999998	6.861027256944549e-18	9.854355665757541e-18
5081.749999999999	9.356443395017984e-18	1.0129611595113137e-17
5082.0	1.8637821803808006e-17	1.0605136222573946e-17
5082.249999999999	8.382774886246103e-18	1.0026793872153408e-17
5082.499999999999	1.1982504439038044e-17	1.0162841094680617e-17
5082.749999999999	3.4420259146474813e-17	1.0980285791423895e-17
5082.999999999999	3.636980473625409e-17	1.0962651127944877e-17
5083.249999999999	3.6756260209716416e-17	1.1223368530854241e-17
5083.499999999999	1.76830899407993e-17	1.0223737304196158e-17
5083.749999999999	1.413847543222177e-17	9.785248861481798e-18
5083.999999999999	1.9956789414664635e-17	1.0166244942901273e-17
5084.249999999999	2.3896627511197555e-17	1.070223730032032e-17
5084.499999999999	2.2169864821435958e-17	1.0681169010118595e-17
5084.749999999999	3.254536826133967e-17	1.089989293487048e-17
5084.999999999999	1.4868262145091578e-17	1.0150885026106775e-17
5085.249999999999	1.3167511804052936e-17	1.0099731349845884e-17
5085.499999999999	2.1012290074255775e-17	1.0503434366260551e-17
5085.749999999999	2.7036135277860918e-17	1.0646363731484201e-17
5085.999999999999	2.1096814697968893e-17	1.0051135316039006e-17
5086.249999999998	2.9786176220041957e-18	9.813633564201555e-18
5086.499999999999	3.4463001223086653e-17	1.09797721122635e-17
5086.749999999999	2.9320492146738385e-17	1.0920455817717935e-17
5086.999999999999	2.4366108757103052e-17	1.0855696674741771e-17
5087.249999999998	2.63654952875111e-17	1.0855037411793566e-17
5087.499999999999	1.4142988529643858e-17	1.0183271628630064e-17
5087.75	2.857060329062231e-17	1.0939256805860653e-17
5087.999999999999	2.8156510058533366e-17	1.0969065086414614e-17
5088.249999999998	3.831389424271297e-17	1.1302571074506194e-17
5088.499999999999	3.33008025362823e-17	1.1094107498072417e-17
5088.75	2.284806855130696e-17	1.0499232288748782e-17
5088.999999999999	2.971760170649039e-17	1.0363883206658568e-17
5089.249999999998	5.01583546452251e-18	9.405862473534352e-18
5089.499999999999	2.0354684795998568e-17	1.044347783392087e-17
5089.749999999999	2.6536979754660694e-17	1.0646416671043405e-17
5089.999999999999	2.0429241893330423e-17	1.0339119900660568e-17
5090.249999999999	9.946771592514415e-18	1.0112555130882293e-17
5090.499999999999	1.572173386623399e-17	1.039370472210233e-17
5090.749999999999	2.6467728193777754e-17	1.0789714131639641e-17
5090.999999999999	1.523433423389937e-17	9.888724193028507e-18
5091.249999999999	7.50687912587799e-18	9.808829299203847e-18
5091.499999999999	1.5058847866946245e-17	1.0182094550618401e-17
5091.749999999999	2.3561291799591008e-17	1.0492111918035925e-17
5091.999999999999	1.9134315459797034e-17	1.0521141821633474e-17
5092.249999999999	3.331234005146619e-17	1.0802202077347354e-17
5092.499999999999	1.9970145072834917e-17	9.899098692271147e-18
5092.749999999999	3.306574427597433e-17	1.06205987097644e-17
5092.999999999998	3.268821242696023e-17	1.0827130819467865e-17
5093.249999999999	1.9067532205861953e-17	1.0365182707400888e-17
5093.499999999999	1.9234210753652613e-17	1.0352434199800221e-17
5093.749999999999	1.6380191140522127e-17	1.0490073745006595e-17
5093.999999999998	2.6726701899955856e-17	1.0545917535340662e-17
5094.249999999999	2.0564204682074575e-17	1.0400169138589431e-17
5094.5	2.0654273070253024e-17	1.0457875739662968e-17
5094.749999999999	2.6290332693970857e-17	1.0561492519094423e-17
5094.999999999998	2.0611681540512668e-17	1.0454429705231072e-17
5095.249999999999	2.780465720445536e-17	1.077082463517138e-17
5095.5	2.931731908190863e-17	1.0462359885763618e-17
5095.749999999999	3.171700643487192e-17	1.0771133173539862e-17
5095.999999999998	2.78793582312138e-17	1.0596799896360637e-17
5096.249999999999	2.388323545708032e-17	1.0386568634957834e-17
5096.499999999999	3.362968293038848e-17	1.086417196729799e-17
5096.749999999999	2.285235500124121e-17	1.0385769578486108e-17
5096.999999999999	2.9399133861935026e-17	1.0986883383989618e-17
5097.249999999999	2.489114676167006e-17	1.0553433298386319e-17
5097.499999999999	2.0455357639629947e-17	1.0056483865879774e-17
5097.749999999999	2.4378240187966754e-17	1.0210078897921683e-17
5097.999999999999	3.254003790947238e-17	1.0814422843717213e-17
5098.249999999999	1.992891673674405e-17	1.032089876612725e-17
5098.499999999999	8.393591927116459e-18	9.461457282504041e-18
5098.749999999999	1.4874350194399968e-17	9.70466740774872e-18
5098.999999999999	2.692290748689221e-17	1.0370543664950845e-17
5099.249999999999	3.5978134716210233e-17	1.0921206897714133e-17
5099.499999999999	3.1845027523915524e-17	1.0902965910846114e-17
5099.749999999999	7.559813721997708e-18	9.821833405613794e-18
5099.999999999999	-8.761744375164822e-18	8.937910684581466e-18
5100.249999999999	2.6540392701868087e-17	1.0664469887912375e-17
5100.499999999999	3.1422606237419394e-17	1.0940359437617186e-17
5100.749999999998	2.1199545566964304e-17	1.0426602522244176e-17
5100.999999999999	3.024432385078456e-17	1.0562878873801062e-17
5101.249999999999	2.3961097968139938e-17	1.0213267679183075e-17
5101.499999999999	3.337553665026524e-17	1.0695205437933007e-17
5101.749999999998	1.405369769124121e-17	9.78352584426585e-18
5101.999999999999	1.3556309025829398e-17	9.871212779460759e-18
5102.25	2.929017763164954e-17	1.059871564665931e-17
5102.499999999999	3.100276575443443e-17	1.0793434790034905e-17
5102.749999999998	2.1416528276526764e-17	1.0302917513971572e-17
5102.999999999999	2.3478289188204987e-17	1.0248809975743253e-17
5103.25	3.0270644737875996e-17	1.080066517576923e-17
5103.499999999999	2.937797127314347e-17	1.0916677256679793e-17
5103.749999999999	2.962550010836629e-17	1.0925584337515764e-17
5103.999999999999	3.800487941819786e-17	1.1173721977669421e-17
5104.249999999999	4.026845254700432e-17	1.0984675638934714e-17
5104.499999999999	1.5471855838071522e-17	1.0041642591329347e-17
5104.749999999999	3.0548150598497736e-17	1.0919342432613439e-17
5104.999999999999	2.5782569529316406e-17	1.0802633038446494e-17
5105.249999999999	1.8040142452207816e-17	1.032659473182529e-17
5105.499999999999	2.1466021801298262e-17	1.0302200348380488e-17
5105.749999999999	1.4475301723292136e-17	1.0085748688771287e-17
5105.999999999999	2.860125529540108e-17	1.0813938115878256e-17
5106.249999999999	1.2333801427744415e-17	1.0181431978947746e-17
5106.499999999999	2.1896178880882988e-17	1.0417971719732797e-17
5106.749999999999	3.6542844302955285e-17	1.093602583838802e-17
5106.999999999999	3.0971806038467795e-17	1.0888004695106867e-17
5107.249999999999	2.033740002991866e-17	1.0367402032984368e-17
5107.499999999998	3.258217448987583e-17	1.0620427483377601e-17
5107.749999999999	3.0472949954649315e-17	1.0738184088200038e-17
5107.999999999999	1.9609542302237325e-17	1.0395684992488781e-17
5108.249999999999	1.3314496008639321e-17	1.0091463679623416e-17
5108.499999999998	1.6150092655167026e-17	1.004262859061951e-17
5108.749999999999	1.65252504958231e-17	9.976657628045956e-18
5109.0	2.3359079227046294e-17	1.059366819056151e-17
5109.249999999999	4.57184081134263e-17	1.1285360754681415e-17
5109.499999999998	4.163710227981211e-17	1.10476174661051e-17
5109.749999999999	3.5636234499262465e-17	1.077343935308766e-17
5110.0	3.7603766304281097e-17	1.082818547474887e-17
5110.249999999999	2.2615111329754876e-17	1.050518054453365e-17
5110.499999999998	2.9464497673938967e-17	1.061648100467511e-17
5110.749999999999	2.396707682960747e-17	1.0455963298086745e-17
5110.999999999999	2.1343795939626202e-17	1.0506374993338177e-17
5111.249999999999	2.2401652409601892e-17	1.0527621127371602e-17
5111.499999999999	2.2714002426346816e-17	1.0515603020251819e-17
5111.749999999999	3.095988140275723e-17	1.0743053700466137e-17
5111.999999999999	2.2252807875817875e-17	1.054810046497719e-17
5112.249999999999	2.771622828825099e-17	1.0533620668354449e-17
5112.499999999999	2.9502038438859073e-17	1.0571002614596945e-17
5112.749999999999	2.0501122234200056e-17	1.0310898152521483e-17
5112.999999999999	1.6288508095787975e-17	1.0127083731161175e-17
5113.249999999999	3.024025081344835e-17	1.0771704755343137e-17
5113.499999999999	2.1279454522859377e-17	1.0345538822213979e-17
5113.749999999999	1.8282170536357156e-17	1.0128769525249558e-17
5113.999999999999	2.363333757658315e-17	1.0428749055933751e-17
5114.249999999998	2.870220441735705e-17	1.0471021293957661e-17
5114.499999999999	2.8047322217676366e-17	1.0376182555186619e-17
5114.749999999999	2.944063847635049e-17	1.0767173459947571e-17
5114.999999999999	2.5367500224104647e-17	1.0584601463867317e-17
5115.249999999998	2.636494438522314e-17	1.0741074257260298e-17
5115.499999999999	4.276098596064301e-17	1.1278446351941085e-17
5115.75	2.3346926289486665e-17	1.0519772837719699e-17
5115.999999999999	2.739778112321094e-18	9.63465732224407e-18
5116.249999999998	3.3478911065777217e-17	1.0889494447390075e-17
5116.499999999999	2.1255600288354573e-17	1.0425754662116309e-17
5116.75	3.567638253747334e-17	1.1021955014781254e-17
5116.999999999999	3.352118992124603e-17	1.075335458063426e-17
5117.249999999998	4.142960236879196e-17	1.1110384758166236e-17
5117.499999999999	4.682923888419111e-17	1.1520409088822033e-17
5117.749999999999	3.343610612343882e-17	1.094962386047778e-17
5117.999999999999	4.5121987730718414e-17	1.1371446268210421e-17
5118.249999999999	1.2725730355320002e-17	9.530449108674639e-18
5118.499999999999	2.3124037510350577e-17	1.035608206630158e-17
5118.749999999999	2.568507967668213e-17	1.0585884420997387e-17
5118.999999999999	1.4569514286339476e-17	9.920932951720097e-18
5119.249999999999	1.2473069691576905e-17	9.694201091458087e-18
5119.499999999999	2.2293602769267765e-17	1.066600099922621e-17
5119.749999999999	3.205574020443483e-17	1.071329835947138e-17
5119.999999999999	2.4102196782668008e-17	1.0432272018162614e-17
5120.249999999999	5.385805641966959e-18	9.623260427764314e-18
5120.499999999999	1.2146711991543855e-18	9.478076995371457e-18
5120.749999999999	2.4917633084884008e-17	1.0442212247583664e-17
5120.999999999999	1.4267067275888037e-17	1.0174104813081752e-17
5121.249999999999	3.816757591851969e-17	1.1118607760635625e-17
5121.499999999999	2.6999977558925e-17	1.0601966466466643e-17
5121.749999999999	2.5642196979366157e-17	1.034933640840621e-17
5121.999999999998	2.7116988874015526e-17	1.0471030392944399e-17
5122.249999999999	2.352498187942238e-17	1.0539654950923023e-17
5122.499999999999	2.484129589487394e-17	1.0619566388359934e-17
5122.749999999999	2.5413149013389e-17	1.0671550553955829e-17
5122.999999999998	2.786155068698676e-17	1.0450749578685824e-17
5123.249999999999	1.8769039118738518e-17	9.987339011295854e-18
5123.5	1.2035986628723273e-17	9.642155714496863e-18
5123.749999999999	1.7158968452351002e-17	9.718098339354744e-18
5123.999999999998	1.7066363928414465e-17	1.0101624766268018e-17
5124.249999999999	3.0016829329997775e-17	1.043560803757304e-17
5124.5	2.6756994908348773e-17	1.053947876145255e-17
5124.749999999999	1.72533166730188e-17	9.984612623996879e-18
5124.999999999999	2.318271770300509e-17	1.0044814828978488e-17
5125.249999999999	3.533272538890451e-17	1.0788508102306539e-17
5125.499999999999	3.0213393913319976e-17	1.051949490503388e-17
5125.749999999999	2.597104759497029e-17	1.0595928047995006e-17
5125.999999999999	2.4677777177023232e-17	1.0606729372433723e-17
5126.249999999999	2.8297524500638956e-17	1.0626881973697352e-17
5126.499999999999	2.0082328961870583e-17	1.0242231408331619e-17
5126.749999999999	9.224879491410812e-18	9.588155709748176e-18
5126.999999999999	1.0045089452941856e-17	9.464666743280747e-18
5127.249999999999	1.7588119680310863e-17	9.899930008786763e-18
5127.499999999999	4.287180500166796e-17	1.0994474420471018e-17
5127.749999999999	3.461444806707776e-17	1.083033697152212e-17
5127.999999999999	1.6564364558268284e-17	1.0031639496181744e-17
5128.249999999999	1.5864839420928115e-17	9.674578712967104e-18
5128.499999999999	2.511165822372567e-17	1.0423139117019416e-17
5128.749999999998	2.64275090180342e-17	1.0385215367475698e-17
5128.999999999999	1.0942927833419163e-17	9.981798555552973e-18
5129.249999999999	2.13051682593812e-17	1.0364102409520894e-17
5129.499999999999	2.092737502129353e-17	1.0242385263925554e-17
5129.749999999998	1.1744069627469634e-17	9.875174147414276e-18
5129.999999999999	2.2800902712779187e-17	1.0378147109141432e-17
5130.25	9.294948306738954e-18	9.623377060230684e-18
5130.499999999999	2.910841296384714e-17	1.0534638927688502e-17
5130.749999999998	2.112091543229624e-17	1.0244017291274121e-17
5130.999999999999	8.212613908076595e-18	9.722651141446235e-18
5131.25	8.51933992383677e-18	9.693815625292637e-18
5131.499999999999	2.193351450501118e-17	1.025324449100715e-17
5131.749999999998	3.7493304605280765e-17	1.1003178842056913e-17
5131.999999999999	4.278234045533668e-17	1.1123618820786472e-17
5132.249999999999	2.3136848883677798e-17	1.0337575554456931e-17
5132.499999999999	1.7252239683861256e-17	1.0150243961132047e-17
5132.749999999999	1.694946014680357e-17	1.0154607338863264e-17
5132.999999999999	3.0878763935987218e-18	9.575914263863004e-18
5133.249999999999	1.788977259737425e-17	1.011935786423993e-17
5133.499999999999	3.109250823345153e-17	1.0809310040351022e-17
5133.749999999999	3.953968988373285e-17	1.1191268132822896e-17
5133.999999999999	2.6691998364536806e-17	1.050630468298611e-17
5134.249999999999	1.7257030713969163e-17	9.972612714850572e-18
5134.499999999999	2.4201531248068276e-17	1.0504402167577238e-17
5134.749999999999	2.8722424020250295e-18	9.604309719930724e-18
5134.999999999999	2.5467297910647945e-17	1.0258679067631623e-17
5135.249999999999	2.1314057142243695e-17	1.0020979619627773e-17
5135.499999999998	2.0401978020340675e-17	1.024446066008245e-17
5135.749999999999	2.0692875935079648e-17	1.039191304889554e-17
5135.999999999999	1.9815114882430228e-17	1.014845311510587e-17
5136.249999999999	3.4436015282782723e-17	1.0774195396167534e-17
5136.499999999998	2.019223479549928e-17	1.0245157146158219e-17
5136.749999999999	1.7471809814379782e-17	1.0123818022102815e-17
5137.0	1.716823452957282e-17	9.99351308738795e-18
5137.249999999999	2.1911892003799045e-17	1.0291211253942721e-17
5137.499999999998	2.91272958428705e-17	1.0761189635396362e-17
5137.749999999999	1.6486682372582204e-17	1.0078166751276626e-17
5138.0	-1.3654891790848008e-18	9.124932085176643e-18
5138.249999999999	1.929328137555625e-17	1.0097317636818454e-17
5138.499999999998	2.08758036188233e-17	1.0195826575967394e-17
5138.749999999999	2.0890540668616545e-17	1.0250556981196965e-17
5138.999999999999	2.517207053258287e-17	1.0467056617281694e-17
5139.249999999999	2.0195652705790348e-17	9.96761902549259e-18
5139.499999999999	3.6291546832861675e-17	1.0694323663400026e-17
5139.749999999999	5.341792809139084e-19	9.393642534345106e-18
5139.999999999999	1.4078643804154583e-17	1.0086045646611194e-17
5140.249999999999	2.800355112838251e-17	1.0369173853856457e-17
5140.499999999999	2.435804374613066e-17	9.832177299173769e-18
5140.749999999999	1.8838289025260232e-17	1.0177121540775732e-17
5140.999999999999	9.071267915756652e-18	9.683037461911071e-18
5141.249999999999	1.5471945173577678e-17	9.881560808923798e-18
5141.499999999999	1.904737215997281e-17	1.0179938917942088e-17
5141.749999999999	2.637039054237619e-17	1.0541042132810275e-17
5141.999999999999	3.150332252159232e-17	1.0668070605118818e-17
5142.249999999998	2.6507803440094723e-17	1.0505078801318307e-17
5142.499999999999	5.2470114353435227e-17	1.157540998211191e-17
5142.749999999999	2.812864068933523e-17	1.0427992185673265e-17
5142.999999999999	2.2866534531301594e-17	1.0148352199071138e-17
5143.249999999998	2.2748818458329173e-17	1.0116359334519425e-17
5143.499999999999	3.0058178434458075e-17	1.0530634546343132e-17
5143.749999999999	4.3484421580769635e-17	1.1403644273554048e-17
5143.999999999999	2.860765105589734e-17	1.054733615009119e-17
5144.249999999998	1.6858248595018574e-17	1.0064021135621357e-17
5144.499999999999	2.654231506961166e-17	1.03649659860804e-17
5144.75	3.814521888092361e-17	1.0957756700260401e-17
5144.999999999999	4.000290440931765e-17	1.1147330780225917e-17
5145.249999999998	2.806502057406255e-17	1.065465787148627e-17
5145.499999999999	9.80937771994997e-18	9.856297058655203e-18
5145.749999999998	3.987583954106215e-17	1.1205732213013998e-17
5145.999999999999	2.349081932012394e-17	1.0452832419468232e-17
5146.249999999999	3.0875869631023895e-17	1.0703041319875722e-17
5146.499999999999	3.745624360511594e-17	1.090026268460429e-17
5146.749999999999	2.2294759167764115e-17	1.0266642335388671e-17
5146.999999999999	4.039281418901799e-17	1.0936642087944373e-17
5147.249999999999	3.4329825144465616e-17	1.0606289312347845e-17
5147.499999999999	3.608274659391859e-17	1.0820405841087809e-17
5147.749999999999	2.6178231522996445e-17	1.0374878918541235e-17
5147.999999999999	1.3462658118417982e-17	9.616530486300582e-18
5148.249999999999	5.3917683734125475e-18	9.49703845655301e-18
5148.499999999999	2.1370315350064652e-17	1.0384599945099958e-17
5148.749999999999	2.0389921035732102e-17	1.0139521218851522e-17
5148.999999999999	3.096616135796773e-17	1.0643931820483295e-17
5149.249999999999	2.260661453050273e-17	1.0241821953928405e-17
5149.499999999999	2.980150098166042e-17	1.0588501620455505e-17
5149.749999999999	4.504394489428526e-17	1.1352874409097381e-17
5149.999999999998	2.3537014048612576e-17	1.0451145798199237e-17
5150.249999999999	3.761723280465346e-17	1.1017901829779744e-17
5150.499999999999	1.3712225953850743e-17	9.822754884816178e-18
5150.749999999999	2.622836197683961e-17	1.0350179305450402e-17
5150.999999999998	3.565631182709035e-17	1.0843996204977208e-17
5151.249999999999	3.5866812749372847e-17	1.0790032596175474e-17
5151.5	4.155602534489211e-17	1.0834842624318697e-17
5151.749999999999	1.5307139362693838e-17	9.832643829039249e-18
5151.999999999998	2.7707982951905063e-17	1.003318715110783e-17
5152.249999999999	1.3529853308298114e-17	9.637915586676916e-18
5152.5	1.79158966154799e-17	1.0042305990180615e-17
5152.749999999999	2.9097269186634825e-17	1.0582100069694957e-17
5152.999999999999	2.0686772996520232e-17	1.0153085326536167e-17
5153.249999999999	3.2629343637126054e-17	1.0436726385761212e-17
5153.499999999999	1.7062990685876474e-17	9.908056231124484e-18
5153.749999999999	3.1246949471260083e-17	1.0419564042411962e-17
5153.999999999999	4.072452684954156e-17	1.0857444507376096e-17
5154.249999999999	3.257953412936056e-17	1.0751857383725539e-17
5154.499999999999	2.136671546003882e-17	1.0325650091565754e-17
5154.749999999999	3.0597900549259125e-17	1.0492846454419872e-17
5154.999999999999	1.613792813707882e-17	9.98805700406755e-18
5155.249999999999	7.679397568793274e-18	9.544789111773858e-18
5155.499999999999	-8.339722306711826e-19	9.129318623965011e-18
5155.749999999999	3.6008011652755036e-18	9.241753148726282e-18
5155.999999999999	1.957462700858146e-17	9.967400649810875e-18
5156.249999999999	2.9149702511303336e-17	1.069700786448776e-17
5156.499999999999	2.814686844131345e-17	1.0572500638686279e-17
5156.749999999998	1.5569261318283316e-17	9.709915041554756e-18
5156.999999999999	2.1598178793404634e-17	1.0145267642566928e-17
5157.249999999999	3.226703852882783e-17	1.0739947637266e-17
5157.499999999999	3.475850984256e-17	1.075896617390982e-17
5157.749999999998	3.6401227673363756e-17	1.0942448068663882e-17
5157.999999999999	3.0806005956487666e-17	1.0594766686414981e-17
5158.25	6.70176066103267e-18	9.646848310111876e-18
5158.499999999999	1.2927166205269528e-17	9.712442905506718e-18
5158.749999999998	2.242587722102112e-17	1.0090046719234113e-17
5158.999999999999	2.0562920897763892e-17	1.0179370644861264e-17
5159.25	1.8968431005394425e-17	1.0036155902326283e-17
5159.499999999999	2.6327193516427445e-17	1.0302082888733506e-17
5159.749999999998	2.1194134151396982e-17	1.0182705009910465e-17
5159.999999999999	2.0467105258689425e-17	1.0095386170088143e-17
5160.249999999999	1.933258899826477e-17	9.97588752289567e-18
5160.499999999999	2.0926756290195342e-17	1.0285322555161956e-17
5160.749999999999	3.886808209206635e-17	1.1097473295984895e-17
5160.999999999999	1.7122519565839465e-17	1.0090165006061708e-17
5161.249999999999	1.828486383643163e-17	1.0097231610034748e-17
5161.499999999999	3.1585795737386306e-17	1.0632903021376126e-17
5161.749999999999	3.2649149649713024e-17	1.0690376357516923e-17
5161.999999999999	3.3239597788398275e-17	1.0669802721321504e-17
5162.249999999999	4.0124695173987505e-17	1.1071278967527179e-17
5162.499999999999	3.1852700451277566e-17	1.0575260113209756e-17
5162.749999999999	1.7402682330588725e-17	9.741655616019641e-18
5162.999999999999	2.3199259660894924e-17	9.901471873448561e-18
5163.249999999999	3.433331253792814e-17	1.0560422974562392e-17
5163.499999999998	3.621849685860589e-17	1.0824162895430024e-17
5163.749999999999	2.802511738131299e-17	1.0314666787392275e-17
5163.999999999999	2.1213736677553264e-17	1.0004121678743942e-17
5164.249999999999	3.476108071990381e-17	1.0585192898005292e-17
5164.499999999998	3.655490459628631e-17	1.0651008350623687e-17
5164.749999999999	2.239615331288964e-17	1.0076883794146557e-17
5164.999999999999	1.7248990518415148e-17	9.959898948835632e-18
5165.249999999999	3.132331478541098e-17	1.0548724986339667e-17
5165.499999999998	2.4190478460723343e-17	1.0332480121883604e-17
5165.749999999999	1.6746695017609672e-17	9.824264489434087e-18
5166.0	1.0834678842557411e-17	9.420695476278653e-18
5166.249999999999	2.2423028410991487e-17	1.0003770126983607e-17
5166.499999999998	3.198114836551725e-17	1.0365005690749802e-17
5166.749999999999	2.6321987241652036e-17	1.0034871290834988e-17
5166.999999999998	1.569286857157834e-17	9.657731525431236e-18
5167.249999999999	-1.792141597811716e-18	8.994271462798379e-18
5167.499999999999	5.186986991475551e-18	9.062759535975932e-18
5167.749999999999	2.4845871858022583e-17	1.000923696365197e-17
5167.999999999999	2.7487966143855758e-17	1.0257611177460817e-17
5168.249999999999	1.730668305741827e-17	9.768666371741948e-18
5168.499999999999	1.8146390493167802e-17	9.525094768569583e-18
5168.749999999999	1.1152868754426959e-17	9.504962019640655e-18
5168.999999999999	2.9699559242969386e-17	1.0293237846443476e-17
5169.249999999999	2.0608614354801322e-17	9.813538438431112e-18
5169.499999999999	1.6695017736021035e-17	9.758000704923689e-18
5169.749999999999	2.1470807868322494e-17	1.0108069330420418e-17
5169.999999999999	1.8679060066066225e-17	1.0042288619387751e-17
5170.249999999999	1.5233318456107155e-17	9.714268493118623e-18
5170.499999999999	1.3428709798898193e-17	9.473475389623824e-18
5170.749999999999	2.1733277239769245e-17	9.960501963502183e-18
5170.999999999999	7.593809190812413e-18	9.417348703520264e-18
5171.249999999998	2.4298939209821908e-18	9.09292350419329e-18
5171.499999999999	3.031956750802483e-17	1.0021407272004463e-17
5171.749999999999	3.480911013499109e-17	1.0044317693430344e-17
5171.999999999999	1.4055699468323587e-17	9.452446804091501e-18
5172.249999999998	2.3670565667231713e-17	9.78562522866051e-18
5172.499999999999	1.8907699404820782e-17	9.527618496618483e-18
5172.75	1.9272132021654494e-17	9.472763187116416e-18
5172.999999999999	2.8125775335693346e-17	1.0184040079419126e-17
5173.249999999998	4.121219945147832e-17	1.084648519144038e-17
5173.499999999999	4.0270560203205106e-17	1.0834910453128926e-17
5173.75	-1.6476270443416846e-18	9.215693650708411e-18
5173.999999999999	5.111682950050561e-18	9.547249974096204e-18
5174.249999999999	1.3620290619029762e-17	9.950524510953569e-18
5174.499999999999	7.820129115129371e-18	9.599703978280029e-18
5174.749999999999	1.601903581327535e-17	9.715453842936411e-18
5174.999999999999	1.76308088173635e-17	1.0071031491312744e-17
5175.249999999999	3.0834232667710426e-17	1.0650694021990916e-17
5175.499999999999	3.6518018958411343e-17	1.0783126465241269e-17
5175.749999999999	3.7458185825194214e-17	1.0843038329827872e-17
5175.999999999999	3.028925630165844e-17	1.0623134018341875e-17
5176.249999999999	1.4481718990484323e-17	9.823691253269588e-18
5176.499999999999	1.1727818009974805e-17	9.52552159376566e-18
5176.749999999999	3.002186189684455e-17	1.0404091629054158e-17
5176.999999999999	1.502694185635885e-17	9.572273841987158e-18
5177.249999999999	1.3000161585604883e-17	9.510035118337443e-18
5177.499999999999	1.0880751975496002e-17	9.83352560357223e-18
5177.749999999999	2.7463134595457222e-18	9.535677717326587e-18
5177.999999999998	3.119666350746176e-17	1.0480891213026644e-17
5178.249999999999	8.460434738055644e-18	9.514555660385045e-18
5178.499999999999	1.4684184680296477e-17	9.74319086323654e-18
5178.749999999999	2.307626452125319e-17	1.0175305879331179e-17
5178.999999999998	2.5191792172747358e-17	1.022389033260948e-17
5179.249999999999	1.972483639037619e-17	9.986305035530162e-18
5179.5	2.4870856021244134e-17	1.0189236428027184e-17
5179.749999999999	3.905213970452675e-17	1.0559073015802705e-17
5179.999999999998	2.1787925754118173e-17	1.0028814674389875e-17
5180.249999999999	1.5385562702208765e-17	9.881242344387965e-18
5180.5	1.8006479509999358e-17	9.988715439835142e-18
5180.749999999999	2.1599712386260308e-17	1.0132737510647975e-17
5180.999999999998	2.525138888152058e-17	1.02425134769205e-17
5181.249999999999	2.31633980726183e-17	1.0257811355169055e-17
5181.499999999999	1.8276497731716268e-17	1.0057248180765773e-17
5181.749999999999	2.2403237287655544e-17	1.014480193988206e-17
5181.999999999999	1.718943351431133e-17	9.906368782674875e-18
5182.249999999999	1.556947307652013e-17	9.677377892159983e-18
5182.499999999999	3.0352029383983863e-17	1.0354104277456966e-17
5182.749999999999	3.052406309906019e-17	1.0338972662511533e-17
5182.999999999999	2.5500689537615486e-17	1.0048462695479847e-17
5183.249999999999	2.212021909543175e-17	1.0018959644571918e-17
5183.499999999999	3.0420377663637895e-17	1.0348458769776291e-17
5183.749999999999	3.1471456215674326e-17	1.0404066813635781e-17
5183.999999999999	2.0344325186006954e-17	9.948574846249781e-18
5184.249999999999	4.3214558869007885e-17	1.0839824733148103e-17
5184.499999999999	1.8941458299980296e-17	9.76109518759525e-18
5184.749999999998	1.6733969671066157e-17	9.854320924171814e-18
5184.999999999999	2.5605716659991344e-17	1.0380430954812691e-17
5185.249999999999	3.104725483649998e-17	1.0571321079132778e-17
5185.499999999999	2.1184820097699635e-17	1.009074568685172e-17
5185.749999999998	6.976618302923322e-18	9.372312855069814e-18
5185.999999999999	3.347456340447764e-17	1.0138182013439799e-17
5186.249999999999	2.7289697568471698e-17	1.0144040106537899e-17
5186.499999999999	2.2525016471796826e-17	1.016631194453089e-17
5186.749999999998	2.2308159493687474e-17	1.0411713271218221e-17
5186.999999999999	2.3984093589168912e-17	1.0585310357652275e-17
5187.25	1.772711745608305e-17	1.0144719221820805e-17
5187.499999999999	2.176573084392215e-17	1.0450393063841813e-17
5187.749999999998	1.666049452597552e-17	1.0257921370190525e-17
5187.999999999999	1.9134095429754095e-17	1.0181397237362019e-17
5188.249999999998	1.668038160226252e-17	9.923593164570067e-18
5188.499999999999	9.43577994192917e-18	9.625541791893735e-18
5188.749999999999	1.2587121354435717e-17	9.896206868849661e-18
5188.999999999999	2.439680046655122e-17	1.0460516100178237e-17
5189.249999999999	2.211851510336989e-17	1.0188440680277908e-17
5189.499999999999	1.0382888508412586e-17	9.78527202253895e-18
5189.749999999999	1.4356996697723577e-17	9.74599665987432e-18
5189.999999999999	2.009087539195948e-17	9.86814807529125e-18
5190.249999999999	1.8188300426083414e-17	9.8915374342918e-18
5190.499999999999	2.4929719847994633e-17	1.0062263376819682e-17
5190.749999999999	1.7447601546572805e-17	9.936156383713522e-18
5190.999999999999	3.1300024688083936e-17	1.0252670427662038e-17
5191.249999999999	2.460391160268347e-17	1.017751279720547e-17
5191.499999999999	1.870205237837275e-17	1.0081215739014497e-17
5191.749999999999	2.9068910126514057e-17	1.0391318306035114e-17
5191.999999999999	3.62794766133633e-17	1.0563962480403506e-17
5192.249999999999	1.7303505029504843e-17	9.54177321126049e-18
5192.499999999998	1.6584008443455193e-17	9.703207433967564e-18
5192.749999999999	1.479280011216959e-17	9.793251833908249e-18
5192.999999999999	1.2610355203481106e-17	9.6708291032504e-18
5193.249999999999	1.3551487390038826e-17	9.607408338505348e-18
5193.499999999998	1.6730110046327984e-17	9.926547853718106e-18
5193.749999999999	1.2356843370887692e-17	9.706396215228956e-18
5194.0	1.9711654440134546e-17	1.0115086303556706e-17
5194.249999999999	2.838554644398195e-17	1.0530345860309351e-17
5194.499999999998	2.8260678567433394e-17	1.0349922052279898e-17
5194.749999999999	2.3935465295318145e-17	1.0052512571758907e-17
5195.0	3.3425375936532785e-17	1.053975421259653e-17
5195.249999999999	2.1897341896824238e-17	1.0084595598997388e-17
5195.499999999999	2.753723136677819e-17	9.758544162586136e-18
5195.749999999999	2.4739192028782844e-17	1.0082348976453694e-17
5195.999999999999	2.0896991023033233e-17	9.895408639558548e-18
5196.249999999999	2.027586937287329e-17	9.8108095695903e-18
5196.499999999999	2.9873191070989166e-17	1.043602576378238e-17
5196.749999999999	1.801806665602e-17	9.84771009671629e-18
5196.999999999999	1.6981288402413386e-17	1.0013236381913664e-17
5197.249999999999	2.0637006502146592e-17	1.0290900234032401e-17
5197.499999999999	1.683726467723933e-17	1.0291351047466243e-17
5197.749999999999	2.4721194233014915e-17	1.0649592217414996e-17
5197.999999999999	4.024515583223238e-17	1.1246397239107717e-17
5198.249999999999	2.8106253873237094e-17	1.0657137758962705e-17
5198.499999999999	3.672469830626384e-17	1.0925071485535981e-17
5198.749999999999	3.4864690054709754e-17	1.074703657511558e-17
5198.999999999999	3.5791102562267093e-17	1.0898664571660838e-17
5199.249999999998	3.867688756528084e-17	1.092988567670104e-17
5199.499999999999	2.918690247781107e-17	1.0648529290327865e-17
5199.749999999999	1.5943762377533024e-17	1.0348416583565051e-17
5199.999999999999	1.0497523333603247e-17	9.976093490868195e-18
5200.249999999998	1.6579806365943424e-17	1.03747184455024e-17
5200.499999999999	2.183351498639842e-17	1.0348666392110042e-17
5200.75	2.1198109581420912e-17	1.0244204234092558e-17
5200.999999999999	2.3066813155574158e-17	1.0284320012259542e-17
5201.249999999998	2.0148696971138163e-17	1.0262046519905327e-17
5201.499999999999	1.5721819893017696e-17	1.004807805649501e-17
5201.75	2.0257241265478596e-17	1.0158968235052644e-17
5201.999999999999	2.673972503151989e-17	1.056834074738575e-17
5202.249999999998	2.674345065299883e-17	1.0547663713613762e-17
5202.499999999999	1.5121668925747198e-17	1.0148557339863051e-17
5202.749999999999	1.0200557221890585e-17	1.00621657695074e-17
5202.999999999999	4.2604453610245923e-17	1.1274448588040616e-17
5203.249999999999	1.2092798220374027e-17	1.0063107101044486e-17
5203.499999999999	1.8994392896100015e-17	1.0007340238507386e-17
5203.749999999999	2.564499450419781e-17	1.0295277673834032e-17
5203.999999999999	1.883005196072043e-17	9.905638382193991e-18
5204.249999999999	6.33589495378771e-18	9.11864882124369e-18
5204.499999999999	1.5361425571934468e-17	9.75071737963016e-18
5204.749999999999	2.998179657669493e-17	1.0311080959436858e-17
5204.999999999999	2.783599080605887e-17	1.006434952632454e-17
5205.249999999999	2.6426036636543856e-17	1.0007356782119637e-17
5205.499999999999	2.950225681454079e-17	1.0260059632073974e-17
5205.749999999999	2.4702587632316147e-17	1.026508971737891e-17
5205.999999999998	1.399840397601449e-17	9.652463212109886e-18
5206.249999999999	3.838700046525041e-17	1.067567239494818e-17
5206.499999999999	2.095136987650247e-17	9.93455165332517e-18
5206.749999999999	3.332409594233179e-17	1.0324700488222543e-17
5206.999999999998	3.478209110746266e-17	1.0509496772969952e-17
5207.249999999999	2.641431879598643e-17	1.0313792457484806e-17
5207.5	2.7755598776686065e-17	1.0360014482933657e-17
5207.749999999999	4.464772868959481e-17	1.0947234962868727e-17
5207.999999999998	3.7010181496713044e-17	1.067181028866817e-17
5208.249999999999	2.251152019292241e-17	1.0187238786847868e-17
5208.5	2.4856519326867365e-17	1.0334634927379305e-17
5208.749999999999	2.7488801596274437e-17	1.0410048983825765e-17
5208.999999999998	2.1004440130242647e-17	9.98729268918155e-18
5209.249999999999	2.7251581085845254e-17	1.017327184220491e-17
5209.499999999999	1.9385976889360168e-17	9.883053869929456e-18
5209.749999999999	6.642807912366322e-18	9.270357881488978e-18
5209.999999999999	1.717063500771045e-17	9.785292702054264e-18
5210.249999999999	2.4454583995421723e-17	9.979697516797089e-18
5210.499999999999	2.1920279615210333e-17	9.754451272915224e-18
5210.749999999999	2.981697587656006e-17	1.0468793696568055e-17
5210.999999999999	1.4776923207492247e-17	9.676110651461552e-18
5211.249999999999	2.0957256093741397e-17	1.0009443758805108e-17
5211.499999999999	1.825610607525561e-17	9.839075985482461e-18
5211.749999999999	1.4372982790241777e-17	9.576789420951085e-18
5211.999999999999	6.1538999161847114e-18	9.377895497023934e-18
5212.249999999999	1.5518356003001344e-18	9.376222937825352e-18
5212.499999999999	3.139558390116851e-17	1.0681402275051335e-17
5212.749999999998	6.543133889324601e-18	9.465795844816882e-18
5212.999999999999	1.1919262345305302e-17	9.58544173015839e-18
5213.249999999999	2.3899856824308962e-17	1.0135533381118404e-17
5213.499999999999	2.5463889926524227e-17	1.0208163974803622e-17
5213.749999999998	1.1504581814981444e-17	9.711532179652298e-18
5213.999999999999	1.6223031787220727e-17	9.954789454191892e-18
5214.249999999999	3.167696427577945e-17	1.0540855189991838e-17
5214.499999999999	4.2391411589121666e-17	1.0711385917895157e-17
5214.749999999998	4.3317069707960357e-17	1.0554406889967294e-17
5214.999999999999	3.0792734670739865e-17	1.0175305879331179e-17
5215.25	2.2625126832611668e-17	1.0050286628730526e-17
5215.499999999999	3.497879465712777e-17	1.057450324294927e-17
5215.749999999998	1.6295600342360004e-17	9.573391362994717e-18
5215.999999999999	2.850861768424004e-17	1.0264320439409235e-17
5216.249999999998	2.7896434547779343e-17	1.0362269377283477e-17
5216.499999999999	2.8478296551706295e-17	1.0399234424497246e-17
5216.749999999999	3.148442309895671e-17	1.0547071452295174e-17
5216.999999999999	2.1528409417458237e-17	1.0364697979561932e-17
5217.249999999999	2.9593482428396198e-18	9.1459102126916e-18
5217.499999999999	2.0247980151340453e-17	9.829000925621566e-18
5217.749999999999	2.730851592740728e-17	1.0185187378928737e-17
5217.999999999999	3.0497937426593317e-17	1.0331547889333257e-17
5218.249999999999	2.473475834069956e-17	1.0281122959192025e-17
5218.499999999999	2.110690961016449e-17	1.020765443154629e-17
5218.749999999999	3.638259956596906e-17	1.0952320469274703e-17
5218.999999999999	2.4548080220058592e-17	1.0378353077113958e-17
5219.249999999999	4.1059078393927405e-17	1.0944231470064547e-17
5219.499999999999	3.081678908295291e-17	1.0521565338107101e-17
5219.749999999999	1.9115834590551375e-17	9.95904281690164e-18
5219.999999999999	2.2426944284011313e-17	1.0233233337628267e-17
5220.249999999999	3.439963587944264e-17	1.0724002076597816e-17
5220.499999999998	1.9012099524292325e-17	9.838925438610977e-18
5220.749999999999	2.554616131024875e-17	1.0373974810131714e-17
5220.999999999999	2.6382224188219373e-17	1.0431601174685834e-17
5221.249999999999	1.9860259091540922e-17	9.991722241361772e-18
5221.499999999998	1.012542357967178e-17	9.360029222973401e-18
5221.749999999999	9.85297117220728e-19	8.929224460969047e-18
5222.0	1.8430223044704654e-18	9.318554387059993e-18
5222.249999999999	2.3214539341170003e-17	1.0147042772161467e-17
5222.499999999998	1.843694926385563e-17	9.84158978736401e-18
5222.749999999999	1.3730094709443114e-17	9.829012506150141e-18
5223.0	1.576491269420926e-17	1.010832244768786e-17
5223.249999999999	1.6891666691765716e-17	1.0296834427746857e-17
5223.499999999998	2.444436996921792e-17	1.0809352226562263e-17
5223.749999999999	2.484067716377575e-17	1.0894087781331582e-17
5223.999999999999	1.502820578833483e-17	1.0515895842188663e-17
5224.249999999999	1.6368802517848497e-17	1.0242502723572536e-17
5224.499999999999	2.2652653749036208e-17	1.0155504002647272e-17
5224.749999999999	2.560329798388024e-17	1.0109420116360717e-17
5224.999999999999	2.037366859105666e-17	9.92335741809549e-18
5225.249999999999	2.7918440860795704e-17	1.0235163149997353e-17
5225.499999999999	2.749984776617447e-17	1.0304460205813983e-17
5225.749999999999	2.638351293561373e-17	1.0228910491747065e-17
5225.999999999999	2.3898139597357302e-17	9.867459861021606e-18
5226.249999999999	1.726900498051648e-17	9.613866964728162e-18
5226.499999999999	2.3100486023949967e-17	1.0009864793736898e-17
5226.749999999999	2.403218752434397e-17	1.000289000681185e-17
5226.999999999999	2.744712989137524e-17	1.0271260484748555e-17
5227.249999999998	3.113565728292475e-17	1.0200806203254963e-17
5227.499999999999	2.326447623474983e-17	9.954449482960133e-18
5227.749999999999	1.3994782579292732e-17	9.681325198043086e-18
5227.999999999999	8.786789749751703e-18	9.553109721555529e-18
5228.249999999998	1.3490546512770207e-17	9.686130290221407e-18
5228.499999999999	2.5023831701802394e-19	9.193083495844887e-18
5228.75	2.0530473911055887e-18	9.375605861088388e-18
5228.999999999999	1.058195862181021e-17	9.820737391302161e-18
5229.249999999998	2.5470686042436962e-17	1.0196264981692047e-17
5229.499999999999	2.9966129775893174e-17	1.0253677933648128e-17
5229.75	1.9295956477657247e-17	9.879176047217807e-18
5229.999999999999	1.3938200116671655e-17	9.826908985852419e-18
5230.249999999998	1.269736964083801e-17	9.633373537933387e-18
5230.499999999999	3.6772628459677615e-17	1.0732278018626409e-17
5230.749999999999	3.9335571487056817e-17	1.079071502018083e-17
5230.999999999999	2.362487717327796e-17	9.994399825004606e-18
5231.249999999999	2.1876280224067412e-17	1.0114093686821642e-17
5231.499999999999	2.387789517904568e-17	1.0033959737799955e-17
5231.749999999999	2.8561616800447536e-17	1.0444562267703927e-17
5231.999999999999	1.899924513757325e-17	1.011655206760215e-17
5232.249999999999	2.1352305973768147e-17	9.8732186924462e-18
5232.499999999999	1.9343774134507712e-17	9.70779084174172e-18
5232.749999999999	1.1585375854131948e-17	9.549241825011231e-18
5232.999999999999	2.5933248749699065e-17	1.0192641103428452e-17
5233.249999999999	1.9849181488777612e-17	9.846260049102485e-18
5233.499999999999	2.902773638434362e-17	1.0207575022207485e-17
5233.749999999999	2.4201511395733575e-17	1.000435742521852e-17
5233.999999999998	2.0032008256486532e-17	9.818910149329031e-18
5234.249999999999	2.5023925793597072e-17	1.0012322347336793e-17
5234.499999999999	2.0069735964225076e-17	1.0025826070836721e-17
5234.749999999999	2.1391312502733698e-17	1.0047411348921292e-17
5234.999999999998	1.1277023601287493e-17	9.737011824060768e-18
5235.249999999999	1.9460697768453308e-17	1.0036093036599729e-17
5235.499999999999	2.0008767789996243e-17	9.899260819671207e-18
5235.749999999999	7.66420060657945e-18	9.34331355715493e-18
5235.999999999998	4.871954841594424e-18	9.255278378922136e-18
5236.249999999999	1.3141903119468907e-17	9.54142662258383e-18
5236.5	9.083372876840753e-18	9.684145883931892e-18
5236.749999999999	4.8593957583540315e-18	9.415595907802264e-18
5236.999999999998	1.2897112252073639e-17	9.738534663568479e-18
5237.249999999999	2.2248926744383776e-17	1.0196242647815508e-17
5237.499999999998	2.269416498089657e-17	1.0295732623170936e-17
5237.749999999999	2.9107863715920404e-17	1.0630526531476261e-17
5237.999999999999	3.52273326526979e-17	1.0433562419918197e-17
5238.249999999999	2.2476828238031936e-17	1.0608039626524007e-17
5238.499999999999	3.6410392834550844e-17	1.1430664128263093e-17
5238.749999999999	4.036828001204967e-17	1.134198788505557e-17
5238.999999999999	2.3105490466655913e-17	1.0277930869208182e-17
5239.249999999999	1.8538641194001673e-17	1.0024242019963682e-17
5239.499999999999	1.2627459644187478e-17	9.60568201256695e-18
5239.749999999999	3.0074056993496643e-17	1.0340463241975354e-17
5239.999999999999	3.5794570103394916e-17	1.0460029717978056e-17
5240.249999999999	2.890872163780949e-17	1.0273100134430873e-17
5240.499999999999	2.529393739786908e-17	1.0234657742643083e-17
5240.749999999999	3.279760871733159e-17	1.0641139258735316e-17
5240.999999999999	4.1206644106484415e-17	1.1068378045118955e-17
5241.249999999999	4.4268592110192356e-17	1.0881237530515571e-17
5241.499999999999	2.2354939866049798e-17	1.012026859009435e-17
5241.749999999998	2.2828798551756925e-17	1.011465037937389e-17
5241.999999999999	3.140752177176888e-17	1.0372206297982076e-17
5242.249999999999	3.033274945826648e-17	1.0292569484508533e-17
5242.499999999999	2.839629648322269e-17	1.0202680594523008e-17
5242.749999999998	1.531266162046324e-17	9.74986538359923e-18
5242.999999999999	2.0939157381938737e-17	9.788232501951277e-18
5243.25	2.080211671549585e-17	9.829136583242024e-18
5243.499999999999	1.892449447997806e-17	9.775482339989385e-18
5243.749999999998	1.9229088851299685e-17	9.920771651500649e-18
5243.999999999999	3.022750561457013e-17	1.0457539077153659e-17
5244.25	2.9488472676813204e-17	1.0059357491327783e-17
5244.499999999999	2.5995998670967338e-17	9.922289527924684e-18
5244.749999999998	3.987502228661695e-17	1.0595747722621469e-17
5244.999999999999	4.1948873270128247e-17	1.0794342207166875e-17
5245.249999999999	3.497618407511455e-17	1.0601868031973749e-17
5245.499999999999	3.196738738884682e-17	1.0406074380982447e-17
5245.749999999999	1.7880536298654484e-17	9.771117307896942e-18
5245.999999999999	2.7001249762707106e-17	1.0160419109847062e-17
5246.249999999999	1.3443118457988254e-17	9.680210158577365e-18
5246.499999999999	2.0986520089452298e-17	1.0023686981772659e-17
5246.749999999999	3.269466443573814e-17	1.0364212424542364e-17
5246.999999999999	2.4817780804420282e-17	9.977315236632936e-18
5247.249999999999	1.1112834867140618e-17	9.463246474168993e-18
5247.499999999999	3.005898576273593e-17	1.0396776870897351e-17
5247.749999999999	1.7047530680227858e-17	9.725293983503342e-18
5247.999999999999	2.6075864613470558e-17	9.928631521681128e-18
5248.249999999999	3.1236963746905343e-17	1.0341154764967448e-17
5248.499999999998	3.532716673518815e-17	1.0603950045575545e-17
5248.749999999999	3.6712092073728535e-17	1.0652851309028455e-17
5248.999999999999	1.1539046295203466e-17	9.53884747343389e-18
5249.249999999999	1.9902327843134144e-17	9.88257245081295e-18
5249.499999999998	2.6748827326980424e-17	1.0170784510102964e-17
5249.749999999999	2.58409916416198e-17	1.0235446872947459e-17
5250.0	2.667983053772615e-17	1.0276749655293457e-17
5250.249999999999	2.927256530204706e-17	1.031416965184413e-17
5250.499999999998	1.9528746608725595e-17	9.859256710886918e-18
5250.749999999999	2.1228369502589327e-17	9.977870274823959e-18
5251.0	3.300815927045084e-17	1.0327217598826542e-17
5251.249999999999	2.5425353236146606e-17	1.0082688947685454e-17
5251.499999999998	1.8294374759114764e-17	9.836228002633441e-18
5251.749999999999	2.1819447952901344e-17	9.805800163800678e-18
5251.999999999999	1.565589690691967e-17	9.635971712237416e-18
5252.249999999999	1.1963041706405284e-17	9.456586015876716e-18
5252.499999999999	2.3801184103398736e-17	1.0086548572423626e-17
5252.749999999999	2.225319499634455e-17	1.0083599673539875e-17
5252.999999999999	2.3012869399107125e-17	1.0064873131652287e-17
5253.249999999999	2.2681313902899945e-17	1.0056386258567492e-17
5253.499999999999	2.1681265777213136e-17	1.002393017287275e-17
5253.749999999999	3.8280089025439153e-17	1.0772209335516794e-17
5253.999999999999	2.763354662294264e-17	1.0176174418974359e-17
5254.249999999999	2.5609637496094845e-17	1.0119424038688934e-17
5254.499999999999	3.048675725343405e-17	1.0483087377552972e-17
5254.749999999999	2.865452903557194e-17	1.0480312186597856e-17
5254.999999999999	1.3976609421234942e-17	9.80921890127236e-18
5255.249999999998	1.111825558848983e-18	9.175757370734351e-18
5255.499999999999	9.959439863595665e-18	1.0200849216646816e-17
5255.749999999999	5.120795998859058e-18	9.703508527710533e-18
5255.999999999999	1.3838243611450747e-17	1.0217904026516434e-17
5256.249999999998	2.16311766824006e-17	1.0523274293252636e-17
5256.499999999999	1.9159001837998067e-17	1.0172632431591407e-17
5256.749999999999	1.1565346502779589e-17	9.717101586716617e-18
5256.999999999999	7.23834155745755e-18	9.467592481107347e-18
5257.249999999998	2.236380227913269e-17	1.01261101395802e-17
5257.499999999999	2.2901990801078067e-17	9.996852415520826e-18
5257.75	1.757787422124378e-17	9.785795627866696e-18
5257.999999999999	1.5425771951784968e-17	9.781587760090639e-18
5258.249999999998	1.4914367538074058e-17	9.841205975559786e-18
5258.499999999999	9.253648833115407e-18	9.542026328527931e-18
5258.749999999998	1.4300412580741275e-17	9.496389119772156e-18
5258.999999999999	1.9733985007951027e-17	1.001192281910093e-17
5259.249999999999	2.364687025140452e-17	1.0183582648540384e-17
5259.499999999999	2.4287293333977774e-17	1.0197742326266067e-17
5259.749999999999	2.5454400510537018e-17	1.0221321936807503e-17
5259.999999999999	2.1330063087096596e-17	1.0137478909919129e-17
5260.249999999999	1.8955743709159087e-17	9.952610660458427e-18
5260.499999999999	1.8204319605826116e-17	9.830316142795525e-18
5260.749999999999	2.3263450530790264e-17	1.0009389992065292e-17
5260.999999999999	2.3925590413165486e-17	1.0007015156526652e-17
5261.249999999999	1.8487041667390615e-17	9.817647871714275e-18
5261.499999999999	1.7511047953916847e-17	9.81595463300038e-18
5261.749999999999	3.324435242255923e-17	1.0303987885684215e-17
5261.999999999999	1.5148790523671586e-17	9.682723960458913e-18
5262.249999999999	2.3867346971874403e-17	1.001306680988809e-17
5262.499999999999	2.0287330787440825e-17	9.714477769813599e-18
5262.749999999999	1.4340605286705226e-17	9.475198406839772e-18
5262.999999999998	1.723817926780908e-17	9.70497842765904e-18
5263.249999999999	2.6694405460119336e-17	9.926743895523282e-18
5263.499999999999	2.1629040902058988e-17	9.900128532133775e-18
5263.749999999999	2.628958161397466e-17	1.0035790288495535e-17
5263.999999999998	1.070611512303197e-17	9.160611693718505e-18
5264.249999999999	7.271197998568769e-18	8.85074652753369e-18
5264.5	1.442387755897094e-17	9.330835537614567e-18
5264.749999999999	2.187314355518461e-17	9.754503385293815e-18
5264.999999999998	2.6849955119948707e-17	9.90198637978957e-18
5265.249999999999	2.5108936799510372e-17	9.67565652930526e-18
5265.5	2.3355830061600186e-17	9.469485897529481e-18
5265.749999999999	1.6330274099277002e-17	9.419781441701782e-18
5265.999999999999	1.1784388892067306e-17	9.321922666514309e-18
5266.249999999999	1.6731536105704026e-17	9.490406949582172e-18
5266.499999999999	3.527163644630624e-17	1.0490048929588218e-17
5266.749999999999	2.3076398524512423e-17	9.935787461160324e-18
5266.999999999999	6.4814034681613e-18	9.208498006559812e-18
5267.249999999999	2.957300391797122e-17	1.0022559534597749e-17
5267.499999999999	3.103097923076739e-17	1.0103898685771926e-17
5267.749999999999	2.0065105407156004e-17	9.676782322118945e-18
5267.999999999999	3.383044297377755e-17	1.0273567491476965e-17
5268.249999999999	3.3596962974078335e-17	1.0583492214665883e-17
5268.499999999999	3.170983312459986e-17	1.0447239024166149e-17
5268.749999999999	1.7272922507897532e-17	9.678729505280895e-18
5268.999999999999	1.807038582976398e-17	9.534145778832138e-18
5269.249999999999	1.8306479720198865e-17	9.618198909596102e-18
5269.499999999999	1.3139404206838384e-17	9.617723280743884e-18
5269.749999999998	3.30832441090135e-17	1.0303648741633069e-17
5269.999999999999	3.11527997739393e-17	1.0221609795660672e-17
5270.249999999999	2.9557919452320706e-17	1.0373978946034777e-17
5270.499999999999	3.279818774376038e-17	1.0547499104671864e-17
5270.749999999998	3.6856067822427064e-17	1.0684157613671749e-17
5270.999999999999	3.066132875862969e-17	1.0322192476605282e-17
5271.25	9.367607851745612e-18	9.270106418582762e-18
5271.499999999999	2.5809810241249002e-17	1.0144380904950271e-17
5271.749999999998	1.5404437309426e-17	9.629873736761675e-18
5271.999999999999	1.4485892943855265e-17	9.620149401480502e-18
5272.25	2.312180577705791e-17	9.987960223935881e-18
5272.499999999999	2.5042732572004078e-17	9.848467794157389e-18
5272.749999999998	1.4459897965925174e-17	9.385529546897186e-18
5272.999999999999	3.222385308340766e-17	1.0437206977697106e-17
5273.249999999999	1.9740645466243304e-17	9.434083394492824e-18
5273.499999999999	1.7675891815108865e-17	9.484514114898344e-18
5273.749999999999	2.1775135887486878e-17	9.960286069362307e-18
5273.999999999999	2.1193895923380567e-17	1.00952976617626e-17
5274.249999999999	1.506297053511921e-17	9.697068099461195e-18
5274.499999999999	9.124400208042771e-18	9.2174720890254e-18
5274.749999999999	2.2420196144574106e-17	9.86006734788722e-18
5274.999999999999	2.3052453300140238e-17	1.006106065620903e-17
5275.249999999999	1.3079031602650589e-17	9.769377747068743e-18
5275.499999999999	2.6585725508158443e-17	1.0374830942065707e-17
5275.749999999999	3.2384015102332627e-17	1.073343524430337e-17
5275.999999999999	2.0145872976526907e-17	1.0208719840175258e-17
5276.249999999999	3.9317429761862304e-17	1.112208274638896e-17
5276.499999999998	1.8798346127841272e-17	1.010665733311479e-17
5276.749999999999	2.4606990368923394e-17	1.0221141611433967e-17
5276.999999999999	9.87384734971174e-18	9.488018051973119e-18
5277.249999999999	1.0086505559031773e-17	9.498913675001667e-18
5277.499999999998	2.810369623078308e-17	1.0127146596887729e-17
5277.749999999999	1.4263619587094916e-17	9.230678027504809e-18
5277.999999999999	1.3191973189127354e-17	9.31741949525957e-18
5278.249999999999	7.159943860541612e-18	9.193373836239893e-18
5278.499999999998	2.4923425003533104e-17	9.834495886430755e-18
5278.749999999999	2.2903939638601242e-17	9.75925801945477e-18
5279.0	2.1206708951069013e-17	9.790638770353194e-18
5279.249999999999	3.728430915171312e-17	1.0619969225318247e-17
5279.499999999998	1.5552335548589256e-17	9.839115690151864e-18
5279.749999999999	3.169759746897897e-17	1.015049459685765e-17
5279.999999999998	2.2220015127613823e-17	9.776192060954955e-18
5280.249999999999	1.566993912499837e-17	9.693286229700603e-18
5280.499999999999	2.916645126434631e-17	1.023405390079592e-17
5280.749999999999	4.0181770636253664e-17	1.0754318246047884e-17
5280.999999999999	3.1239326174734795e-17	1.0254421569018813e-17
5281.249999999999	2.8602929508960884e-17	9.752817591205432e-18
5281.499999999999	1.134899575920512e-17	9.244630910077354e-18
5281.749999999999	2.5264593992819375e-17	1.0045479882190981e-17
5281.999999999999	2.5925352483571634e-17	9.977649417600407e-18
5282.249999999999	2.0519742069788624e-17	9.467616469345111e-18
5282.499999999999	2.5067834194872612e-17	9.862959171308705e-18
5282.749999999999	2.381732736023332e-17	9.928578582121924e-18
5282.999999999999	1.803976194912604e-17	9.643708332506625e-18
5283.249999999998	2.2665298031879694e-17	9.879616107303685e-18
5283.499999999999	2.4394492632642196e-17	9.809639109023537e-18
5283.749999999999	1.8572231344316226e-17	9.546787580133786e-18
5283.999999999999	1.7721401638050307e-17	9.566573740386055e-18
5284.249999999998	2.6011533122871084e-17	1.0066850920496901e-17
5284.499999999999	2.2691820751040594e-17	9.793791155667633e-18
5284.749999999999	3.042530435136626e-17	1.0269194187578397e-17
5284.999999999999	1.363781857620976e-17	9.592705203117217e-18
5285.249999999998	1.2745037577997603e-17	9.568649963723563e-18
5285.499999999999	2.7274474136478272e-17	1.0047460152577433e-17
5285.75	2.893478775327226e-17	9.99535356425088e-18
5285.999999999999	3.1750047337259735e-17	1.0301506343846556e-17
5286.249999999998	1.8844079289548103e-17	9.609277766689717e-18
5286.499999999999	2.8188522361829474e-18	9.214830074148906e-18
5286.749999999998	4.090984673961671e-18	9.160972344465578e-18
5286.999999999999	1.2700139041528837e-17	9.409693146951085e-18
5287.249999999999	1.9037235888746586e-17	9.7020038861763e-18
5287.499999999999	1.8962839264453567e-17	9.643221950306443e-18
5287.749999999999	2.7311851119637093e-17	1.0090939247115058e-17
5287.999999999999	3.2642155010453275e-17	1.0305947476555353e-17
5288.249999999999	3.250198429257249e-17	1.0304904401802924e-17
5288.499999999999	2.6006404603073255e-17	9.960278624736794e-18
5288.749999999999	1.9164620048718527e-17	9.641340114412885e-18
5288.999999999999	2.0656359219757882e-17	9.618773800121826e-18
5289.249999999999	1.6801229381034068e-17	9.23574864465976e-18
5289.499999999999	2.046929397859024e-17	9.765788610390876e-18
5289.749999999999	3.528173466722429e-17	1.0447263839584525e-17
5289.999999999999	3.121526514507685e-17	1.0305984699682918e-17
5290.249999999999	2.309046886673195e-17	9.937175470228188e-18
5290.499999999999	2.1883360890110866e-17	9.799588864581018e-18
5290.749999999999	1.628796877402859e-17	9.531715522192458e-18
5290.999999999998	1.29540297228428e-17	9.532415316990678e-18
5291.249999999999	2.2803915304570105e-17	9.970339622527276e-18
5291.499999999999	3.761927428640524e-17	1.0345684406001788e-17
5291.749999999999	2.933754861096923e-17	9.82353326177259e-18
5291.999999999998	1.3680345585862337e-17	9.292746351948338e-18
5292.249999999999	2.3401234005423222e-17	9.980120206090103e-18
5292.5	3.076147386103026e-17	1.0040941969350515e-17
5292.749999999999	2.586523961409618e-17	9.999051888769604e-18
5292.999999999998	2.5497011892612075e-17	9.950340876857582e-18
5293.249999999999	2.2866068001436114e-17	9.97896877067743e-18
5293.5	2.1188456383672418e-17	9.945930349831449e-18
5293.749999999999	1.9545678995864556e-17	9.849237899307675e-18
5293.999999999998	1.8082647955164466e-17	9.778241814512862e-18
5294.249999999999	1.2603724523690881e-17	9.517789936580127e-18
5294.499999999999	2.7242976753113478e-17	1.0201603605365464e-17
5294.749999999999	1.8277492002812557e-17	9.789731353221223e-18
5294.999999999999	1.4612949540304635e-17	9.516513596894958e-18
5295.249999999999	2.3464978197787783e-17	9.863065050427112e-18
5295.499999999999	3.017930083719299e-17	1.023991861133892e-17
5295.749999999999	2.035992746672093e-17	9.723129251840291e-18
5295.999999999999	4.2172847310228005e-17	1.0642594269432797e-17
5296.249999999999	2.5849018602284016e-17	1.0080704541395939e-17
5296.499999999999	2.1498104828536744e-17	9.712693541232322e-18
5296.749999999999	3.4532729240002423e-17	1.004592655972176e-17
5296.999999999999	4.458548831158387e-17	1.0658720982655131e-17
5297.249999999999	5.044056054608737e-17	1.0939023540927913e-17
5297.499999999999	5.734775688892157e-17	1.1196853256318854e-17
5297.749999999998	4.052131835153933e-17	1.0605754953672136e-17
5297.999999999999	3.4998676770331094e-17	1.0613313730109645e-17
5298.249999999999	4.114525407014318e-17	1.0761701660195533e-17
5298.499999999999	3.5426246428959754e-17	1.0491632980461257e-17
5298.749999999998	1.4356124849357946e-17	9.777479153988088e-18
5298.999999999999	1.935246945710687e-17	9.901294856797475e-18
5299.249999999999	2.3778157049506485e-17	9.895336674845256e-18
5299.499999999999	1.3705291698775711e-17	9.538677901408316e-18
5299.749999999998	1.9113773256464893e-17	9.463266326503695e-18
5299.999999999999	1.9739245876646864e-17	9.446970041255787e-18
5300.25	1.0817255937315207e-17	9.339858423736296e-18
5300.499999999999	1.5898457695383495e-17	9.402332066679976e-18
5300.749999999998	1.7433283050169512e-17	9.686677883786917e-18
5300.999999999999	2.7192349990902782e-17	9.87461828204264e-18
5301.249999999998	2.3508188458626328e-17	9.511373496568554e-18
5301.499999999999	2.1521082251592242e-17	9.630354328697569e-18
5301.749999999999	2.814249431023427e-17	1.0025536557622327e-17
5301.999999999999	2.5554366941925277e-17	9.931543197437314e-18
5302.249999999999	1.145909432591654e-17	9.161649805387259e-18
5302.499999999999	2.0839364658479114e-17	9.829953837687227e-18
5302.749999999999	1.5621616887974248e-17	9.506737149235194e-18
5302.999999999999	1.7755203546601674e-17	9.48338501336221e-18
5303.249999999999	2.5909781635720936e-17	9.794375145180096e-18
5303.499999999999	2.831146083959925e-17	1.0037146037519509e-17
5303.749999999999	2.368621096133754e-17	9.855069522626174e-18
5303.999999999999	1.1419283777395588e-17	9.32515363398694e-18
5304.249999999999	2.24290784099917e-17	9.798178521636615e-18
5304.499999999998	2.5334512261276033e-17	1.0020672735620516e-17
5304.749999999999	3.5137368489276635e-17	1.043962234508576e-17
5304.999999999999	3.3228186004667494e-17	1.0289274824128735e-17
5305.249999999999	1.503106287017059e-17	9.456012779712217e-18
5305.499999999998	3.5103831278521285e-17	1.0467070679352108e-17
5305.749999999999	2.0212722404910992e-17	9.740323855233431e-18
5305.999999999999	2.4283673591617242e-17	9.957696166864403e-18
5306.249999999999	3.112010628740875e-17	1.0129980517666335e-17
5306.499999999998	2.03173706785663e-17	9.602550306767824e-18
5306.749999999999	8.055863181997796e-18	9.228531493815234e-18
5307.0	3.140849784489169e-17	1.0295922047531211e-17
5307.249999999999	2.3162974556144673e-17	9.715727639719167e-18
5307.499999999998	3.614548328029706e-17	1.0297231474440882e-17
5307.749999999999	2.94938493507948e-17	1.00155582778931e-17
5307.999999999998	1.9576708195002645e-17	9.44957235146288e-18
5308.249999999999	1.9374407941313e-17	9.361894515254709e-18
5308.499999999999	2.5281905228678885e-17	9.809271013650951e-18
5308.749999999999	2.068051951108933e-17	9.781017005467977e-18
5308.999999999999	1.0759108448975179e-17	9.260209202553565e-18
5309.249999999999	2.0337019526836886e-17	9.786676575219065e-18
5309.499999999999	1.996350777559979e-17	9.829942257158651e-18
5309.749999999999	1.8299428832657463e-17	9.667399612430756e-18
5309.999999999999	1.9393926095046802e-17	9.56598561497053e-18
5310.249999999999	2.697324473588851e-17	9.441693456128312e-18
5310.499999999999	2.823065191119772e-17	9.619559621703752e-18
5310.749999999999	1.6829538810318083e-17	9.339952722326127e-18
5310.999999999999	2.0604021848040427e-17	9.538859881143078e-18
5311.249999999999	1.350789745329912e-17	9.329261412908879e-18
5311.499999999999	1.6951155867059305e-17	9.433180940444528e-18
5311.749999999999	3.158785045402789e-17	1.014654480943271e-17
5311.999999999999	2.7449182953655597e-17	1.0035963996424171e-17
5312.249999999998	2.345050750015178e-17	9.696089544796545e-18
5312.499999999999	1.2482695592365185e-17	9.11754701666777e-18
5312.749999999999	2.213910859190001e-17	9.660715993081327e-18
5312.999999999999	3.141614761119658e-17	1.0324544978267383e-17
5313.249999999998	3.022935849914225e-17	1.0207373190138022e-17
5313.499999999999	1.4860724875349994e-17	9.312080871586153e-18
5313.75	1.1602711078229222e-17	9.253214563293816e-18
5313.999999999999	3.26511183395709e-17	1.0001547492677677e-17
5314.249999999998	2.2970630248307717e-17	9.691669091603062e-18
5314.499999999999	1.6522613444030282e-17	9.496895354307038e-18
5314.75	1.9462721052231612e-17	9.3757911495456e-18
5314.999999999999	2.4032650745487e-17	9.310615107540709e-18
5315.249999999998	2.5748820560324242e-17	9.868927279428275e-18
5315.499999999999	1.5964197047385534e-17	9.514720269326943e-18
5315.749999999999	2.2898050112639864e-17	9.828407837122365e-18
5315.999999999999	3.7313425909274984e-17	1.0241515069921148e-17
5316.249999999999	3.428055495845951e-17	1.0083990102789e-17
5316.499999999999	1.779232244940938e-17	9.276173788375838e-18
5316.749999999999	1.4368620239691172e-17	8.76798379852531e-18
5316.999999999999	4.2540353730217964e-17	1.0477221012648746e-17
5317.249999999999	3.0168478006058346e-17	1.0225462802953944e-17
5317.499999999999	2.343410285424363e-17	9.794706017425117e-18
5317.749999999999	2.7519069789248977e-17	9.804096171738819e-18
5317.999999999999	2.1350118908228557e-17	9.516404409054101e-18
5318.249999999999	1.0826019915905206e-17	9.072419351169326e-18
5318.499999999999	2.0093459504193097e-17	9.558368935890141e-18
5318.749999999999	5.412137695996666e-18	8.577401385393092e-18
5318.999999999998	2.0335042565172884e-17	9.662719424524931e-18
5319.249999999999	2.5438253944979983e-17	9.765202966517188e-18
5319.499999999999	3.4631785772716873e-17	1.0139377289424938e-17
5319.749999999999	3.5336232634701733e-17	1.016655182690853e-17
5319.999999999998	1.5437766070666987e-17	9.346535425640824e-18
5320.249999999999	2.8588745015816825e-17	9.808176653700543e-18
5320.499999999999	2.73758947513834e-17	9.925070509144087e-18
5320.749999999999	2.3303439750323528e-17	9.683959768294068e-18
5320.999999999998	1.7229215938691455e-17	9.44943669384242e-18
5321.249999999999	1.0617636575990847e-17	9.191307539069735e-18
5321.5	1.6085344265538826e-17	9.273180221739009e-18
5321.749999999999	3.698753660026379e-17	9.965537839071406e-18
5321.999999999998	3.9170373592562627e-17	1.0278948301361623e-17
5322.249999999999	2.810973464925472e-17	9.886903568500278e-18
5322.499999999998	2.2532846563475252e-17	9.572841287887369e-18
5322.749999999999	1.5665915718498912e-17	9.306959796413837e-18
5322.999999999999	1.7818345551480297e-17	9.461012259334488e-18
5323.249999999999	3.121792866664927e-17	9.94297235196096e-18
5323.499999999999	2.91358621252941e-17	9.92262205453093e-18
5323.749999999999	3.007652860916695e-17	1.0045230900826602e-17
5323.999999999999	3.428698711490272e-17	1.0124531878971449e-17
5324.249999999999	1.7028067120414485e-17	9.324264414828446e-18
5324.499999999999	1.43947889255499e-17	9.19691086053917e-18
5324.749999999999	2.0766812646952088e-17	9.643733147925001e-18
5324.999999999999	1.7450562853165745e-17	9.431696151244996e-18
5325.249999999999	1.1081681590910646e-17	9.267031788245902e-18
5325.499999999999	1.5640071287440306e-17	9.277678429910072e-18
5325.749999999998	1.8205835000708313e-17	9.535355944068304e-18
5325.999999999999	2.3035231399786884e-17	9.702562233089773e-18
5326.249999999999	2.365171752979408e-17	9.715833518837573e-18
5326.499999999999	2.505471180163507e-17	9.7704621808518e-18
5326.749999999998	3.6787729468940384e-17	1.007596810520846e-17
5326.999999999999	1.4454772754849795e-17	9.373776964754033e-18
5327.249999999999	1.7340225231257297e-17	9.023691795645053e-18
5327.499999999999	1.1142366869369986e-17	8.82051059460304e-18
5327.749999999998	2.1870751348853108e-17	9.475086737457077e-18
5327.999999999999	2.8010515989140207e-17	9.69207689164505e-18
5328.25	7.305912287335782e-18	8.638032069932004e-18
5328.499999999999	1.0307974896236721e-17	9.063413008659849e-18
5328.749999999998	1.644078377475286e-17	9.465031529930883e-18
5328.999999999999	2.1976584145145592e-17	9.490866034822139e-18
5329.249999999998	2.931368941338075e-17	9.866012294949638e-18
5329.499999999999	2.7885691125983505e-17	9.970766447723354e-18
5329.749999999999	2.06414286097013e-17	9.831470886930649e-18
5329.999999999999	1.855146083913502e-17	9.979943189439017e-18
5330.249999999999	1.2343520799941913e-17	9.482657094423163e-18
5330.499999999999	1.5227835903007154e-17	9.587391394862177e-18
5330.749999999999	2.496757163282506e-17	9.868999244141567e-18
5330.999999999999	2.896299792088277e-17	9.976181999193738e-18
5331.249999999999	2.913304309376652e-17	1.0079759901136403e-17
5331.499999999999	3.3717678403951873e-17	1.0284223232127873e-17
5331.749999999999	3.3006213741650114e-17	1.0179684146313422e-17
5331.999999999999	2.9367317186853787e-17	9.703390240882938e-18
5332.249999999999	2.592855532690344e-17	9.593141127300033e-18
5332.499999999999	2.2867360057552922e-17	9.440655344459558e-18
5332.749999999999	1.563368379875017e-17	9.193533482098115e-18
5332.999999999999	1.4890759803391795e-17	9.234227459513274e-18
5333.249999999999	2.560941250296823e-17	9.726375108563949e-18
5333.499999999998	2.0356734549556475e-17	9.431533196664323e-18
5333.749999999999	2.2448798395794964e-17	9.364579543523056e-18
5333.999999999999	1.2177342696421847e-17	9.114075339636884e-18
5334.249999999999	2.0038564490021628e-17	9.738744767444067e-18
5334.499999999998	3.362204309025094e-17	1.026308132285163e-17
5334.749999999999	2.8814767155113265e-17	9.965831488188862e-18
5335.0	1.3462693687184322e-17	9.143881138649007e-18
5335.249999999999	3.427612706064051e-18	8.819456766502647e-18
5335.499999999998	2.40548638536565e-17	9.673180777731889e-18
5335.749999999999	3.2273576564389447e-17	1.0075671147368554e-17
5336.0	2.7741283589005222e-17	9.653760231310369e-18
5336.249999999999	2.6954873054483708e-17	9.41131772967414e-18
5336.499999999998	3.6317619565769346e-17	9.9607666612982e-18
5336.749999999999	1.5402463656484448e-17	9.37084378230192e-18
5336.999999999999	1.2808707324107034e-17	9.358536989148356e-18
5337.249999999999	1.8600376991838956e-17	9.47480549604881e-18
5337.499999999999	2.973363577548412e-17	9.975270446158705e-18
5337.749999999999	2.8184240461388594e-17	9.901983898247732e-18
5337.999999999999	1.8317155313184474e-17	9.461885762061344e-18
5338.249999999999	2.171956754829679e-17	9.700822672261574e-18
5338.499999999999	2.496709186806978e-17	9.81272449270836e-18
5338.749999999999	3.880306900464213e-17	1.044710667526814e-17
5338.999999999999	3.7104576039495145e-17	1.0120538250974043e-17
5339.249999999999	3.20396399609921e-17	9.891584583586715e-18
5339.499999999999	3.205243809942952e-17	9.945017969615803e-18
5339.749999999999	2.763111305758051e-17	9.746341594189754e-18
5339.999999999999	4.313034691956631e-18	8.701836646481282e-18
5340.249999999998	1.9535663493007764e-17	9.419884012097739e-18
5340.499999999999	2.1959492939329022e-17	9.525672140637145e-18
5340.749999999999	2.0681009202011963e-17	9.284445594501369e-18
5340.999999999999	2.341017251912247e-17	9.465207719401357e-18
5341.249999999998	2.5141307685602022e-17	9.699389168260019e-18
5341.499999999999	2.0586353270156295e-17	9.576895300069491e-18
5341.75	3.494124065731786e-17	1.0228376133071356e-17
5341.999999999999	3.24600032221242e-17	1.0110108330630361e-17
5342.249999999998	1.8417584965715762e-17	9.55966760945185e-18
5342.499999999999	2.8757632135843e-17	9.878008895373495e-18
5342.75	2.680231778847178e-17	9.729496888195724e-18
5342.999999999999	5.974740867311851e-18	9.065680310718857e-18
5343.249999999998	2.2267219016449774e-17	9.646511647602567e-18
5343.499999999999	3.580122063551984e-17	1.0144217950369598e-17
5343.749999999999	1.786692421449431e-17	9.439766952481676e-18
5343.999999999999	1.950012615953126e-17	9.415880457932982e-18
5344.249999999999	1.7156169273158122e-17	9.28407005450327e-18
5344.499999999999	1.7034340458180087e-17	9.419041115053547e-18
5344.749999999999	2.874855631016207e-17	9.909123294114677e-18
5344.999999999999	2.2429417554042847e-17	9.615417101196086e-18
5345.249999999999	6.30393724441203e-18	8.755982235017778e-18
5345.499999999999	3.2565250374542995e-17	1.0039909647946049e-17
5345.749999999999	3.588461367615499e-17	1.0067159458865383e-17
5345.999999999999	2.1974718025683673e-17	9.524878047249094e-18
5346.249999999999	1.875238962736905e-17	9.428242672187587e-18
5346.499999999999	2.961614965872199e-17	9.96438226775567e-18
5346.749999999999	1.562533423764706e-17	9.334002812180033e-18
5346.999999999998	2.544921739681876e-17	9.820633993725592e-18
5347.249999999999	1.943747384557527e-17	9.352321554025632e-18
5347.499999999999	1.684494753076872e-17	9.165809696687788e-18
5347.749999999999	1.73137819214352e-17	9.399847216119867e-18
5347.999999999998	2.1106816965935885e-17	9.653919049987979e-18
5348.249999999999	1.9879141970564283e-17	9.675331447324527e-18
5348.499999999999	1.2334346539768087e-17	9.146089710884524e-18
5348.749999999999	5.5287056422788636e-18	8.807830742993214e-18
5348.999999999998	2.1477541118508676e-17	9.592069928406777e-18
5349.249999999999	2.5330806492131795e-17	9.68650086713583e-18
5349.5	2.452972839098849e-17	9.697484998489922e-18
5349.749999999999	3.062025758685521e-17	1.017865017054773e-17
5349.999999999998	2.3040993539933928e-17	9.685676995245728e-18
5350.249999999999	1.9143573265212728e-17	9.633645680354917e-18
5350.499999999998	1.7363851163913036e-17	9.48866656157336e-18
5350.749999999999	1.596648006587618e-17	9.345250814149529e-18
5350.999999999999	1.2069197103136664e-17	9.097660767561382e-18
5351.249999999999	1.3764328406274233e-17	9.012876409135922e-18
5351.499999999999	1.9348694204791178e-17	9.224113522163588e-18
5351.749999999999	1.447583111888417e-17	8.953798342606772e-18
5351.999999999999	2.460300997581579e-17	9.361682757017895e-18
5352.249999999999	1.8319469764538398e-17	9.398895131234818e-18
5352.499999999999	2.842515846915589e-17	9.956436370791485e-18
5352.749999999999	3.6706354748999867e-17	1.0266388390940617e-17
5352.999999999999	2.7187064306788568e-17	9.796702004243208e-18
5353.249999999999	7.902552700086605e-18	8.939173789376834e-18
5353.499999999999	7.08917525041525e-18	8.809563686376513e-18
5353.749999999998	2.3289539807310186e-17	9.466379007148732e-18
5353.999999999999	2.6360293975819367e-17	9.554611881547925e-18
5354.249999999999	1.9940303705056454e-17	9.26998895893578e-18
5354.499999999999	1.6955190854087338e-17	9.139922252237329e-18
5354.749999999998	2.0348968977965827e-17	9.398605618020424e-18
5354.999999999999	2.3885511858126067e-17	9.594459653196442e-18
5355.249999999999	3.466445940691272e-17	1.0176857670160328e-17
5355.499999999999	3.029786890619634e-17	9.74038837532121e-18
5355.749999999998	2.835003061720137e-17	9.77939490428676e-18
5355.999999999999	2.6012772239428688e-17	9.701114667017805e-18
5356.25	2.47088642788042e-17	9.63500721964318e-18
5356.499999999999	3.108840872633572e-17	1.0062792772411716e-17
5356.749999999998	2.494567947073323e-17	9.722826503736097e-18
5356.999999999999	2.14069693773681e-17	9.69706644509997e-18
5357.249999999998	2.5756541464161812e-17	9.724134276284543e-18
5357.499999999999	2.5012389932774407e-17	9.736125086444112e-18
5357.749999999998	2.936410441735463e-17	9.88987562844118e-18
5357.999999999999	3.662839132190552e-17	1.0130373428457298e-17
5358.249999999999	3.215103141100094e-17	1.0022700155301883e-17
5358.499999999999	2.5505629460233652e-17	9.670072232989915e-18
5358.749999999999	1.963225668185803e-17	9.57542374575976e-18
5358.999999999999	2.0844939855807722e-17	9.58357230197402e-18
5359.249999999999	1.5428499993445168e-17	9.349912804081878e-18
5359.499999999999	7.581647154266046e-18	8.918460359657894e-18
5359.749999999999	6.864015033317091e-18	8.808100403872907e-18
5359.999999999999	2.3802979085327976e-17	9.688275169549757e-18
5360.249999999999	2.730922564837285e-17	9.788262280453329e-18
5360.499999999999	1.2255351618449886e-17	9.124679795089814e-18
5360.749999999999	1.4770436457128606e-17	9.259178535510324e-18
5360.999999999999	1.6318857352462545e-17	9.164562308324058e-18
5361.249999999999	1.67174789983743e-17	9.021752884289228e-18
5361.499999999998	2.6891995747401102e-17	9.498258547956525e-18
5361.749999999999	2.283520589278176e-17	9.329148916345572e-18
5361.999999999999	3.228731768872518e-17	9.974257149908327e-18
5362.249999999999	3.2226291611853466e-17	1.0083861889794054e-17
5362.499999999998	2.363969363241001e-17	9.729663151498847e-18
5362.749999999999	2.0879219874753144e-17	9.402049998091095e-18
5363.0	2.67691346110186e-17	9.528908898374065e-18
5363.249999999999	3.2293845798119446e-17	9.98947644599869e-18
5363.499999999998	2.5792429522218038e-17	9.514104019770591e-18
5363.749999999999	2.701744761346212e-17	9.800109161186313e-18
5364.0	2.4658441003024192e-17	9.61280072891858e-18
5364.249999999999	1.7678707537913996e-17	9.219632684785389e-18
5364.499999999998	1.4918986514614554e-17	9.165699681666319e-18
5364.749999999999	1.7199874188002974e-17	9.372840596300623e-18
5364.999999999999	1.4372192005576176e-17	9.105051626334543e-18
5365.249999999999	3.244382687806511e-17	9.925462592754437e-18
5365.499999999999	2.808812869165483e-17	9.614850482476487e-18
5365.749999999999	2.1792658881583202e-17	9.390535643964357e-18
5365.999999999999	9.510930127760225e-18	8.912515412595475e-18
5366.249999999999	7.83262864136566e-18	8.978204306580149e-18
5366.499999999999	2.907328756631569e-17	1.0009177406647866e-17
5366.749999999999	2.6523288261161716e-17	9.913626465369416e-18
5366.999999999999	3.403226842579559e-17	9.911914201501431e-18
5367.249999999999	2.0807997969651103e-17	9.4697902999949e-18
5367.499999999999	3.547128145022959e-17	1.0225624930354004e-17
5367.749999999999	3.37976105209041e-17	1.014242048689852e-17
5367.999999999999	9.35170861319173e-18	9.096467145937468e-18
5368.249999999998	1.4173339440679654e-17	9.174251902019504e-18
5368.499999999999	2.1603634876725034e-17	9.616188860707598e-18
5368.749999999999	2.7198760640650068e-17	9.905635900652153e-18
5368.999999999999	1.5993059033318734e-17	9.336903734588256e-18
5369.249999999998	2.3061595300270174e-17	9.572395437537203e-18
5369.499999999999	2.58269229537615e-17	9.632340389348308e-18
5369.749999999999	1.9192583716506495e-17	9.332703311437712e-18
5369.999999999999	4.0508133092575236e-17	1.0361674634423051e-17
5370.249999999998	3.44551165374878e-17	1.0138184494981636e-17
5370.499999999999	2.911384919483284e-17	9.840199296754308e-18
5370.75	2.5895686478083032e-17	9.560489826980727e-18
5370.999999999999	1.5805608325985643e-17	9.166661692718718e-18
5371.249999999998	1.6801767048432228e-17	9.307419708834416e-18
5371.499999999999	3.290431170762848e-17	1.0056595535262468e-17
5371.749999999998	2.8246014309534054e-17	9.800345734841504e-18
5371.999999999999	2.8446777661645574e-17	9.833046665997562e-18
5372.249999999999	1.2394581004793586e-17	8.902419673219266e-18
5372.499999999999	1.8011465754731827e-17	9.191560656337177e-18
5372.749999999999	2.1873017823731503e-17	9.450778380795982e-18
5372.999999999999	1.1153997855963094e-17	8.966999318002506e-18
5373.249999999999	1.2791363828203635e-18	8.438516106184214e-18
5373.499999999999	2.2453331345551755e-17	9.71071988829077e-18
5373.749999999999	2.8494975821577814e-17	9.935320104114231e-18
5373.999999999999	1.3382472884198316e-17	9.304814917085487e-18
5374.249999999999	3.79361142395151e-17	1.0328857897981235e-17
5374.499999999999	4.2504321742735154e-17	1.047900441404941e-17
5374.749999999999	1.2570547136501992e-17	9.222864479438633e-18
5374.999999999998	1.3231760576591155e-17	9.123538285844491e-18
5375.249999999999	5.38948659569282e-18	8.809495857566284e-18
5375.499999999999	2.6558971178426028e-17	9.622255403320062e-18
5375.749999999999	2.5664289319166223e-17	9.688615967962129e-18
5375.999999999998	1.724722862371041e-17	9.331273116158608e-18
5376.249999999999	1.897590706377068e-17	1.004300413061761e-17
5376.499999999999	3.44192764559071e-17	1.146029952806903e-17
5376.749999999999	3.5002746498944854e-17	1.109160693108067e-17
5376.999999999998	4.4515661032994594e-17	1.030574564448589e-17
5377.249999999999	1.436654567071489e-17	9.193049581439772e-18
5377.5	2.332544937206234e-17	9.63487156202272e-18
5377.749999999999	2.1889642499682594e-17	9.661363675500956e-18
5377.999999999998	1.827854583091295e-17	9.557487988537772e-18
5378.249999999999	3.1629457638839305e-17	1.0073202840420696e-17
5378.499999999998	1.4333671858810807e-17	9.337012095248501e-18
5378.749999999999	4.22601578782442e-17	1.0550337161353533e-17
5378.999999999998	3.903675414513326e-17	1.0299706398833641e-17
5379.249999999999	3.5551514660924784e-17	1.0211036773071019e-17
5379.499999999999	2.2486716355074395e-17	9.511468622338997e-18
5379.749999999999	7.522153015888782e-18	8.715529794341485e-18
5379.999999999999	1.7207810158799808e-17	9.247721256845852e-18
5380.249999999999	1.872865285251123e-17	9.492924887366783e-18
5380.499999999999	1.7548024581659193e-17	9.40605272507524e-18
5380.749999999999	1.4364576980857013e-17	9.374853953911577e-18
5380.999999999999	2.0778280678964523e-17	9.542995784205843e-18
5381.249999999999	2.4315730149076122e-17	9.630016011827034e-18
5381.499999999999	2.582700401746153e-17	9.676247136262623e-18
5381.749999999999	3.268483091261611e-17	9.989531867099732e-18
5381.999999999999	2.693369061335745e-17	9.842009995115187e-18
5382.249999999999	3.056926686517499e-17	9.690222352711706e-18
5382.499999999999	3.1085864318771507e-17	9.69542366440344e-18
5382.749999999998	2.174964714409167e-17	9.518008312261841e-18
5382.999999999999	1.3945024356725217e-17	9.24930199899644e-18
5383.249999999999	1.7401765814470017e-17	9.305315361356081e-18
5383.499999999999	2.4427692353707624e-17	9.831015110413132e-18
5383.749999999998	3.274658159970442e-17	9.893907306746764e-18
5383.999999999999	2.4086766555521444e-17	9.551595153853945e-18
5384.25	3.6787296026299406e-17	1.0011551415005893e-17
5384.499999999999	3.420935456005339e-17	9.941422215493035e-18
5384.749999999998	2.878836024123812e-17	9.83720903883993e-18
5384.999999999999	3.571184211597226e-17	1.0284384532347321e-17
5385.25	1.910150947670318e-17	9.405513403315855e-18
5385.499999999999	3.1604483401785104e-17	9.913782802505188e-18
5385.749999999998	1.176724391951092e-17	8.75834135412478e-18
5385.999999999999	2.51990498554419e-17	9.382481386339928e-18
5386.249999999999	3.105875595573692e-17	9.879067686557563e-18
5386.499999999999	2.3641624271959707e-17	9.710777790933649e-18
5386.749999999999	2.5947150347073632e-17	9.665441675920843e-18
5386.999999999999	-4.803953150617052e-18	8.079890297250624e-18
5387.249999999999	1.337901692359907e-17	9.187321355697842e-18
5387.499999999999	2.3974205472126453e-17	9.550700971611775e-18
5387.749999999999	1.692879221201832e-17	9.262895058002525e-18
5387.999999999999	2.1933557518403034e-17	9.506739630777032e-18
5388.249999999999	3.839885561778952e-17	1.0321937704976616e-17
5388.499999999999	4.037954952071509e-17	1.0380276272038143e-17
5388.749999999999	2.5768176586657983e-17	9.8221171285639e-18
5388.999999999999	2.2769406983775618e-17	9.420594560243922e-18
5389.249999999999	2.8677478334486613e-17	9.655729748348858e-18
5389.499999999998	2.734722136262986e-17	9.59653587653395e-18
5389.749999999999	2.7075995457218623e-17	9.681814061785105e-18
5389.999999999999	2.7907042311954724e-17	9.730372045283805e-18
5390.249999999999	1.3669868929814047e-18	8.272807014071466e-18
5390.499999999998	4.708443154778923e-18	8.705558132057158e-18
5390.749999999999	1.6992883820240155e-17	9.444636564747775e-18
5390.999999999999	2.7578036186395432e-17	9.842097676260118e-18
5391.249999999999	2.816517560263047e-17	9.768103888925412e-18
5391.499999999998	2.593322062555824e-17	9.747776752552534e-18
5391.749999999999	3.267104346616608e-17	9.989020669481174e-18
5392.0	2.4159742083522097e-17	9.455261699716019e-18
5392.249999999999	2.4763428420730647e-17	9.442588465551094e-18
5392.499999999998	1.560994702389235e-17	8.936649234147323e-18
5392.749999999999	6.2054278916727834e-18	8.610132095051203e-18
5392.999999999998	1.2101195757952666e-17	9.07758840281717e-18
5393.249999999999	2.9304888211663185e-17	9.894349021193867e-18
5393.499999999999	4.004742326988525e-17	1.0233617149432492e-17
5393.749999999999	3.408502931398667e-17	9.844112688232297e-18
5393.999999999999	1.4180888290949812e-17	8.896920576507013e-18
5394.249999999999	2.3214241556149484e-17	9.394420084120906e-18
5394.499999999999	3.0331177815102626e-17	9.700931032921818e-18
5394.749999999999	2.902478831264048e-17	9.799234831278845e-18
5394.999999999999	2.2557973001762163e-17	9.519218477498007e-18
5395.249999999999	3.554476983021003e-18	8.689984802664622e-18
5395.499999999999	3.6247888240131126e-17	9.8710638869505e-18
5395.749999999999	1.268352842764816e-17	9.113690700652047e-18
5395.999999999999	3.19686711731575e-17	1.0026769056735031e-17
5396.249999999998	2.3485063797421796e-17	9.690455617644446e-18
5396.499999999999	1.7475555288193422e-17	9.390836737707326e-18
5396.749999999999	2.5258120477345535e-17	9.493265685779155e-18
5396.999999999999	-7.405840048030403e-19	8.120851454003637e-18
5397.249999999998	3.2492577594646536e-17	9.814024820631293e-18
5397.499999999999	2.5088301951949624e-17	9.506780162627047e-18
5397.749999999999	3.1668927388947885e-17	9.963314377584863e-18
5397.999999999999	2.3448279075581563e-17	9.591567002594345e-18
5398.249999999998	1.6422317794758228e-17	9.252159080832199e-18
5398.499999999999	3.0905992240210626e-17	9.802517911130068e-18
5398.75	3.0703809446167965e-17	9.797637545516005e-18
5398.999999999999	1.867523849163623e-17	9.096788919195751e-18
5399.249999999998	2.9562286965954985e-17	9.810768210559672e-18
5399.499999999999	2.9619709844078417e-17	9.80895668501818e-18
5399.749999999998	3.8702219144359665e-17	1.0093128794196485e-17
5399.999999999999	3.48224872998573e-17	9.832441996969786e-18
5400.249999999999	7.250288527044653e-18	8.558340662538033e-18
5400.499999999999	2.8906494867600495e-17	9.693537692606819e-18
5400.749999999999	2.2128469394861354e-17	9.46069875788233e-18
5400.999999999999	2.111050619146787e-17	9.172131010928918e-18
5401.249999999999	1.0466205448431377e-17	8.83429059642756e-18
5401.499999999999	9.262694053113674e-18	8.865713533537225e-18
5401.749999999999	7.16662086244614e-18	8.813500238911653e-18
5401.999999999999	-2.4307029036212677e-18	8.515201539232167e-18
5402.249999999999	4.319575870804578e-17	1.0625854615376562e-17
5402.499999999999	2.2707722471136313e-17	9.456870566007435e-18
5402.749999999999	1.690278069047598e-17	9.161028592747232e-18
5402.999999999999	2.2343923474651816e-17	9.488290194394649e-18
5403.249999999999	2.826328584072416e-17	9.68945224756142e-18
5403.499999999999	2.537486213155637e-17	9.436020651487423e-18
5403.749999999999	1.7352912527492635e-17	9.077023438458796e-18
5403.999999999998	3.015437953969799e-17	9.652776713562043e-18
5404.249999999999	2.193632361037141e-17	9.372033268022771e-18
5404.499999999999	1.7327514773964807e-17	9.316195267952991e-18
5404.749999999999	2.405104393358773e-17	9.407678962159519e-18
5404.999999999998	2.1034286461104785e-17	9.174371843208325e-18
5405.249999999999	1.682615233289029e-17	8.906290051305401e-18
5405.5	3.0373711442200103e-17	9.513715244882691e-18
5405.749999999999	1.0825045497143619e-17	8.800155334089335e-18
5405.999999999998	3.279790650235211e-17	9.79339824487667e-18
5406.249999999999	1.8833072824317473e-17	9.19726737538318e-18
5406.5	2.57664974100145e-17	9.74747731317079e-18
5406.749999999999	3.917415215360077e-17	1.0102719953399038e-17
5406.999999999998	2.93308649916198e-17	9.448878346928947e-18
5407.249999999999	3.4030140917260104e-17	1.0006529601507084e-17
5407.499999999999	4.071112073335391e-18	8.451231526560379e-18
5407.749999999999	1.8195366202875842e-17	9.271265298620949e-18
5407.999999999999	3.149612935898556e-17	9.868819745948643e-18
5408.249999999999	3.459645854311596e-17	1.0140255755235469e-17
5408.499999999999	3.471067233337483e-17	1.0040801348646381e-17
5408.749999999999	2.7430779839387517e-17	9.688076646202744e-18
5408.999999999999	2.869601710637515e-17	9.779460251555152e-18
5409.249999999999	1.384540203247178e-17	9.017253848937552e-18
5409.499999999999	2.1416179206308267e-17	9.306655393948417e-18
5409.749999999999	2.875306940758416e-17	9.71640923654391e-18
5409.999999999999	3.21301136676707e-17	9.859042471108266e-18
5410.249999999999	3.0797568714239625e-17	9.67557215688278e-18
5410.499999999999	2.5516225643880457e-17	9.354004039391565e-18
5410.749999999998	2.375516473719996e-17	9.24918536653007e-18
5410.999999999999	1.3179473662891065e-17	8.790579064137808e-18
5411.249999999999	1.3210847796344589e-17	8.715270059629143e-18
5411.499999999999	3.178471943981551e-17	9.809883954484853e-18
5411.749999999998	3.356027255082793e-17	9.95233272777261e-18
5411.999999999999	2.241770302220787e-17	9.551265108789536e-18
5412.249999999999	3.8543291278908626e-17	1.0207959661192322e-17
5412.499999999999	2.779482368133333e-17	9.423251464371442e-18
5412.749999999998	2.7262930003849482e-17	9.487984137568004e-18
5412.999999999999	2.8884207313175866e-17	9.622367072702757e-18
5413.25	2.6622473834051724e-17	9.677104095377228e-18
5413.499999999999	1.9697886846019213e-17	9.269978205587816e-18
5413.749999999998	1.3779816536063676e-17	8.920515076299476e-18
5413.999999999999	2.4645035714017158e-17	9.46571726265869e-18
5414.249999999998	2.070171849582784e-17	9.246020573506443e-18
5414.499999999999	2.476528295966399e-17	9.501470490275069e-18
5414.749999999999	2.2599302253887763e-17	9.455360134208913e-18
5414.999999999999	1.8231548737230136e-17	9.278297988188874e-18
5415.249999999999	1.5325651664802774e-17	9.11639061817142e-18
5415.499999999999	1.8271182269100002e-17	9.309946745605766e-18
5415.749999999999	3.4519322296634164e-17	1.0095524309250439e-17
5415.999999999999	2.782884727428886e-17	9.78074899894951e-18
5416.249999999999	2.0391631645238862e-17	9.285629289957932e-18
5416.499999999999	2.610442219693834e-17	9.618643932765655e-18
5416.749999999999	2.856700670931893e-17	9.776950585576666e-18
5416.999999999999	3.2583994287223447e-17	9.901204694110707e-18
5417.249999999999	2.933488839811926e-17	9.784668180691786e-18
5417.499999999998	-4.435052414307058e-19	8.51165789748799e-18
5417.749999999999	2.5982052405839694e-17	9.815590673530856e-18
5417.999999999999	8.797327203575016e-18	8.911106724012298e-18
5418.249999999999	2.059088787427431e-17	9.500896426929957e-18
5418.499999999998	2.1303274015778454e-17	9.513625082195923e-18
5418.749999999999	2.1544152318876346e-17	9.584109142191566e-18
5418.999999999999	4.091125790974173e-17	1.0300416946979824e-17
5419.249999999999	2.5979564246557135e-17	9.61317296019423e-18
5419.499999999998	3.6001418196092376e-17	9.902357783884606e-18
5419.749999999999	2.9928205199168843e-17	9.82984134112392e-18
5420.0	3.235800192642906e-17	9.910711480890779e-18
5420.249999999999	2.889769697460538e-17	9.730391897618507e-18
5420.499999999998	2.522202231541372e-17	9.573161406784427e-18
5420.749999999999	2.5013551294354432e-17	9.604346115877676e-18
5420.999999999998	7.746807825632671e-18	8.777200244910376e-18
5421.249999999999	3.0147057336915673e-17	9.916342099320427e-18
5421.499999999999	2.065984495885918e-17	9.322724204527872e-18
5421.749999999999	2.973113107258931e-17	9.722423666777783e-18
5421.999999999999	4.257502914149619e-17	1.0371296399308268e-17
5422.249999999999	4.3237312953297994e-17	1.0375720988404814e-17
5422.499999999999	2.932823124854943e-17	9.733198521436899e-18
5422.749999999999	3.269059801584683e-17	9.802990231259836e-18
5422.999999999999	2.6353509440435207e-17	9.74269869077207e-18
5423.249999999999	3.1768473612584966e-17	9.904308275769006e-18
5423.499999999999	2.6634889815046145e-17	9.511558785025765e-18
5423.749999999999	2.3912573899046352e-17	9.50975222256795e-18
5423.999999999999	2.6800631994383395e-17	9.598756029298043e-18
5424.249999999998	1.5161909608186677e-17	9.013252776314633e-18
5424.499999999999	3.215413168393679e-17	9.804155728742923e-18
5424.749999999999	1.5615231053645338e-17	9.087731291488295e-18
5424.999999999999	2.7867430286780784e-17	9.627321884571949e-18
5425.249999999998	1.8388322624366086e-17	9.304118431009717e-18
5425.499999999999	1.315947160849892e-17	9.065405686755489e-18
5425.749999999999	2.3115807063255674e-17	9.426185474004167e-18
5425.999999999999	2.2697698696473396e-17	9.521678512639739e-18
5426.249999999998	1.6329729814433942e-17	9.16451433184853e-18
5426.499999999999	1.5624904103728533e-17	8.953573349480157e-18
5426.75	1.8327682013659824e-17	9.274033044950551e-18
5426.999999999999	1.1516626391880828e-17	9.071809719057875e-18
5427.249999999998	9.811896484915194e-18	9.017672402327504e-18
5427.499999999999	2.0521780242817955e-17	9.415388285468513e-18
5427.749999999998	3.239059284256365e-17	9.555057731898092e-18
5427.999999999999	1.648006161895933e-17	9.105713370824586e-18
5428.249999999998	2.5707026432694388e-17	9.510991339125554e-18
5428.499999999999	1.7831529156083167e-17	9.213573586798438e-18
5428.749999999999	2.136380543864386e-17	9.504860276425311e-18
5428.999999999999	2.6094856680334776e-17	9.44489381791828e-18
5429.249999999999	1.943138579626688e-17	8.869440809377389e-18
5429.499999999999	2.6538447173067363e-17	9.436837078752013e-18
5429.749999999999	1.2481474673781056e-17	8.944153416664404e-18
5429.999999999999	1.8393934217641646e-17	9.320869665594529e-18
5430.249999999999	1.992215536241704e-17	9.329748622289673e-18
5430.499999999999	2.2623404642576333e-17	9.478803259949278e-18
5430.749999999999	2.4235156139968557e-17	9.519644475513471e-18
5430.999999999999	2.0092946652213314e-17	9.393484542848109e-18
5431.249999999999	2.5748974415918177e-17	9.543994191205195e-18
5431.499999999999	1.059139344387699e-17	8.858843798549972e-18
5431.749999999999	1.7697775705394568e-17	9.236583269897825e-18
5431.999999999998	1.8753828921634893e-17	9.25437261615139e-18
5432.249999999999	2.3728296256543014e-17	9.418783861883043e-18
5432.499999999999	3.002905505945131e-17	9.663204152363887e-18
5432.749999999999	2.411734742276753e-17	9.529203374672134e-18
5432.999999999998	6.420806284437197e-18	8.81603306594729e-18
5433.249999999999	2.1314631205588807e-17	9.42186097376174e-18
5433.499999999999	1.0752791270637112e-17	8.9990831724216e-18
5433.749999999999	2.4922842668381867e-17	9.600030714621987e-18
5433.999999999998	2.893511531679483e-17	9.670856400210615e-18
5434.249999999999	1.932515926200282e-17	9.264815771384873e-18
5434.5	1.7946796774442432e-17	9.200645581004846e-18
5434.749999999999	1.6977729871418183e-17	9.24353158704327e-18
5434.999999999998	2.2370247670465704e-17	9.462472233115644e-18
5435.249999999999	2.104335732370204e-17	9.418824393733058e-18
5435.499999999998	1.8322263980647602e-17	9.309242814904483e-18
5435.749999999999	8.165062603383371e-18	8.712804234223123e-18
5435.999999999999	4.671423100054419e-18	8.549522090027605e-18
5436.249999999999	1.4181242324251985e-17	9.243759888892335e-18
5436.499999999999	4.9801012620602195e-18	8.676357829253424e-18
5436.749999999999	2.782101883697166e-17	9.798913885201174e-18
5436.999999999999	2.3878719050935782e-17	9.556778267572202e-18
5437.249999999999	3.960845175369316e-17	1.0235412131361732e-17
5437.499999999999	2.6652328436719988e-17	9.630308833763878e-18
5437.749999999999	1.1528542755785267e-17	9.003067701432268e-18
5437.999999999999	4.27436548724488e-17	1.044964694692929e-17
5438.249999999999	4.487142479700875e-17	1.0391560669954592e-17
5438.499999999999	3.958502930746811e-17	1.033151645646998e-17
5438.749999999998	1.6401194910636074e-17	9.38431276421612e-18
5438.999999999999	9.097202509502028e-18	8.956399825633251e-18
5439.249999999999	1.2540201188549871e-17	9.008199529952547e-18
5439.499999999999	1.4367849307360273e-17	9.078066513211226e-18
5439.749999999998	1.7433582489551256e-17	9.108437276581723e-18
5439.999999999999	3.268462908054665e-17	9.942014476811623e-18
5440.249999999999	4.0449621644765685e-17	1.0293536458644608e-17
5440.499999999999	2.0184345146816748e-17	9.591153412288068e-18
5440.749999999998	1.365684373029848e-17	9.079700194921018e-18
5440.999999999999	2.4912620370371937e-17	9.541491969852222e-18
5441.25	3.657555433309808e-17	1.0023489285606259e-17
5441.499999999999	2.979432436266591e-17	9.603371697116089e-18
5441.749999999998	3.535273654228339e-17	9.955528126478902e-18
5441.999999999999	2.465107909557247e-17	9.180301901019717e-18
5442.249999999998	2.7470104005708288e-17	9.572392955995365e-18
5442.499999999999	3.31736979633574e-17	9.817453484270325e-18
5442.749999999999	2.6694635416329625e-17	9.612820581253282e-18
5442.999999999999	2.4191681181333995e-17	9.527029544022345e-18
5443.249999999999	3.3566396996083275e-17	9.987425865260172e-18
5443.499999999999	2.861569125145135e-17	9.299215731519115e-18
5443.749999999999	2.231782923504822e-17	9.253890369854272e-18
5443.999999999999	3.076922619773111e-17	9.630062333941337e-18
5444.249999999999	2.5813415094358508e-17	9.580459621328982e-18
5444.499999999999	2.6245034629266228e-17	9.59547294944682e-18
5444.749999999999	3.255242245760352e-17	9.769060936894136e-18
5444.999999999999	2.8223862412729884e-17	9.676672307097475e-18
5445.249999999999	3.118624434046604e-17	9.844757889110088e-18
5445.499999999998	2.532043033852793e-17	9.57678445786741e-18
5445.749999999999	2.298485444612118e-17	9.30235653630498e-18
5445.999999999999	2.4956637959488333e-17	9.40762436823909e-18
5446.249999999999	2.7006287292637554e-17	9.459167646568494e-18
5446.499999999998	2.5115067862210615e-17	9.486445581628656e-18
5446.749999999999	2.987030255629013e-17	9.808266816387311e-18
5446.999999999999	1.157574085435693e-17	8.950740255882163e-18
5447.249999999999	3.055210783054819e-17	9.842871917313467e-18
5447.499999999998	1.2101299155529235e-17	8.935542466487727e-18
5447.749999999999	1.2848702333904586e-17	8.87658516832801e-18
5448.0	2.6925221938246132e-17	9.530051234800001e-18
5448.249999999999	2.949557319519136e-17	9.842334249915308e-18
5448.499999999998	1.8963077492469982e-17	9.344575834769686e-18
5448.749999999999	9.191764969948477e-18	8.730897155761495e-18
5448.999999999998	4.908644933972581e-17	1.0398144200449901e-17
5449.249999999999	2.3394532188100317e-17	9.18537003663283e-18
5449.499999999998	1.9641669997228884e-17	9.221655968563693e-18
5449.749999999999	3.7285209124219575e-17	1.0033826561721334e-17
5449.999999999999	4.2784653252329375e-17	1.0124273798620332e-17
5450.249999999999	2.203081079738212e-17	9.517187749094189e-18
5450.499999999999	2.4562830504741638e-17	9.44604442615034e-18
5450.749999999999	3.4491079041799153e-17	9.972305830843315e-18
5450.999999999999	2.9551043927069165e-17	9.704292694931233e-18
5451.249999999999	2.3431947221567316e-17	9.613366520457567e-18
5451.499999999999	3.185467244985789e-17	9.926168177816945e-18
5451.749999999999	4.0355736645240916e-17	1.0234142409121463e-17
5451.999999999999	3.2418773231672105e-17	1.002829768650703e-17
5452.249999999999	2.673099993041868e-17	9.706880943067912e-18
5452.499999999999	1.8073228022348712e-17	9.17348593277228e-18
5452.749999999999	2.0392907157743418e-17	9.317715625918864e-18
5452.999999999999	2.7493068193873985e-17	9.62933441500229e-18
5453.249999999998	3.4977656456604896e-17	9.93542681041325e-18
5453.499999999999	3.6079371697019373e-17	9.944237111117553e-18
5453.749999999999	1.8870084193645546e-17	9.238269063986208e-18
5453.999999999999	1.7857659791633718e-17	9.21426759133237e-18
5454.249999999998	1.1739573073659796e-17	9.005146406311614e-18
5454.499999999999	2.0552155969272127e-17	9.289844602359502e-18
5454.75	2.726967814328669e-17	9.520665216389362e-18
5454.999999999999	2.5634163401257042e-17	9.350940989583281e-18
5455.249999999998	2.423495927098277e-17	9.198728176344949e-18
5455.499999999999	2.751624579463772e-17	9.726924356490684e-18
5455.75	1.861737224470447e-17	9.173315533566094e-18
5455.999999999999	1.787057869844057e-17	9.087228365675863e-18
5456.249999999998	1.3630468249286614e-17	8.864110457510097e-18
5456.499999999999	2.583529567592176e-17	9.474803014506972e-18
5456.749999999999	3.894505621114808e-17	9.976488056020383e-18
5456.999999999999	3.620391201004536e-17	9.934973515437572e-18
5457.249999999999	4.0110954049651774e-17	1.0284402730320797e-17
5457.499999999999	1.721056136151716e-17	9.11076909872851e-18
5457.749999999999	3.833320725565486e-17	1.002101105249105e-17
5457.999999999999	3.428260305765619e-17	9.75365304362411e-18
5458.249999999999	2.683727113243582e-17	9.544440041555361e-18
5458.499999999999	1.8552764475780403e-17	9.35684044171201e-18
5458.749999999999	1.046477773469411e-17	9.064293956012218e-18
5458.999999999999	1.8388248178110957e-17	9.400009343519927e-18
5459.249999999999	2.3286193034551797e-17	9.515157847870984e-18
5459.499999999999	2.3129395986358695e-17	9.67069923589423e-18
5459.749999999999	3.112972805229397e-17	9.862648978578998e-18
5459.999999999998	3.1395656693062416e-17	9.80211341981053e-18
5460.249999999999	2.1972418463580775e-17	9.51435961857987e-18
5460.499999999999	1.1625644660712255e-17	9.057328268073909e-18
5460.749999999999	-1.935790196577981e-18	8.498811782575042e-18
5460.999999999998	3.3553598857645855e-17	1.0138967835021724e-17
5461.249999999999	2.1863515172854494e-17	9.125454863323776e-18
5461.499999999999	2.949468314885225e-17	9.619401630206754e-18
5461.749999999999	3.919839185427102e-17	1.0116544622976637e-17
5461.999999999998	3.731567914926358e-17	9.964976183435482e-18
5462.249999999999	3.010536412532055e-17	9.472804546147044e-18
5462.5	2.301366183813395e-17	9.208036439778008e-18
5462.749999999999	2.679938956910334e-17	9.482375025834282e-18
5462.999999999998	2.7491354275644775e-17	9.676036205206422e-18
5463.249999999999	3.361533961856681e-17	9.726949171909061e-18
5463.499999999998	1.5393010636444192e-17	9.00840136202201e-18
5463.749999999999	1.3354330545398037e-17	9.07462047877933e-18
5463.999999999999	3.858933546052578e-17	1.0070108357749135e-17
5464.249999999999	2.304858540359594e-17	9.324541520333651e-18
5464.499999999999	1.578099308531729e-17	9.032664223749415e-18
5464.749999999999	6.375575634952491e-18	8.552293145079658e-18
5464.999999999999	3.1111271998466686e-17	9.779502437766392e-18
5465.249999999999	2.8810664339275e-17	9.6885613740417e-18
5465.499999999999	1.833518454181568e-17	9.168705656012336e-18
5465.749999999999	2.8795735383579645e-17	9.537011132474022e-18
5465.999999999999	3.138275598422904e-17	9.799193472248217e-18
5466.249999999999	2.3422927644168038e-17	9.458196536529357e-18
5466.499999999999	2.4239033962680205e-17	8.972974043566976e-18
5466.749999999998	2.1102702569569046e-17	9.16392786079423e-18
5466.999999999999	2.6345636335364927e-17	9.585427668087976e-18
5467.249999999999	1.8850417147401485e-17	9.335308930367254e-18
5467.499999999999	8.719879937182901e-18	8.95126716993236e-18
5467.749999999998	4.043110934265675e-17	1.0327293699442897e-17
5467.999999999999	2.6691278717403885e-17	9.621521694116727e-18
5468.249999999999	3.0328659877318015e-17	9.959998210509138e-18
5468.499999999999	2.833906881972382e-17	9.805496588515871e-18
5468.749999999998	2.160870714824121e-17	9.44315094836763e-18
5468.999999999999	2.013647124168463e-17	9.299507726275347e-18
5469.25	2.1047650391081192e-17	9.35621840189137e-18
5469.499999999999	2.1842367473313963e-17	9.186763835964982e-18
5469.749999999998	1.9855092521434916e-17	9.349605092894008e-18
5469.999999999999	2.2848088403641662e-17	9.387013508916106e-18
5470.249999999998	1.9800417537306386e-17	9.205233124682066e-18
5470.499999999999	2.4734571397881122e-17	9.4426811097797e-18
5470.749999999998	3.058345797576395e-17	9.611502882537485e-18
5470.999999999999	2.0732772510384306e-17	9.204183432484736e-18
5471.249999999999	2.6915627883911436e-18	8.587313490673315e-18
5471.499999999999	5.6666971528358785e-18	8.942556130901564e-18
5471.749999999999	1.911972730251405e-17	9.339634257790294e-18
5471.999999999999	1.1706625642681196e-17	8.835620702852546e-18
5472.249999999999	1.8115556508654275e-17	9.168857857245046e-18
5472.499999999999	2.5597120599065692e-17	9.55721501893563e-18
5472.749999999999	2.3310823164471176e-17	9.452348369598607e-18
5472.999999999999	3.599972743892032e-17	9.806427166704993e-18
5473.249999999999	2.973843011431448e-17	9.471715976460924e-18
5473.499999999999	2.6484835943206576e-17	9.45160721576976e-18
5473.749999999999	2.477140905928056e-17	9.284894753573985e-18
5473.999999999999	2.4276520133679883e-17	9.325554816584029e-18
5474.249999999999	2.5956482598744455e-17	9.662228906421687e-18
5474.499999999998	3.040576634529776e-17	9.86366062046815e-18
5474.749999999999	2.1918648415042378e-17	9.522752193074833e-18
5474.999999999999	3.6968716586966986e-17	9.96067898015327e-18
5475.249999999999	1.9001708481437434e-17	9.061581630783657e-18
5475.499999999998	2.9321898353779725e-17	9.625088496918056e-18
5475.749999999999	2.6769084980181848e-17	9.478793333781928e-18
5476.0	1.8784302255401346e-17	9.207297767490998e-18
5476.249999999999	2.4955001796236703e-17	9.529580569031458e-18
5476.499999999998	2.9203965559486815e-17	9.573705691627487e-18
5476.749999999999	8.426355723999072e-18	8.516477051736724e-18
5477.0	2.108350039882924e-17	9.300746015652339e-18
5477.249999999999	2.3558199798461284e-17	9.23673050804686e-18
5477.499999999998	2.3504974034765947e-17	9.212145045880559e-18
5477.749999999999	1.9843490486163247e-17	9.100532738648166e-18
5477.999999999999	1.5619194903140692e-17	8.994534506233171e-18
5478.249999999999	2.2872220570832284e-17	9.290840527817016e-18
5478.499999999999	1.5248277190304564e-17	9.078361816689907e-18
5478.749999999999	2.152984540300163e-17	9.257272711379002e-18
5478.999999999999	2.751944367488585e-17	9.519787577759443e-18
5479.249999999999	2.5571243080782584e-17	9.441198802122005e-18
5479.499999999999	1.899946185889374e-17	9.13215337192423e-18
5479.749999999999	1.7693712594225707e-17	9.101790053179247e-18
5479.999999999999	3.163624713730714e-17	9.59785109370791e-18
5480.249999999999	1.6507454532124636e-17	9.098007356238042e-18
5480.499999999999	2.6279164101340166e-17	9.571683235029795e-18
5480.749999999999	1.7867958190260003e-17	9.002205779233988e-18
5480.999999999999	1.7555363328053763e-17	9.001526663951082e-18
5481.249999999998	2.3909571233422785e-17	9.279279024395362e-18
5481.499999999999	2.3995068621536265e-17	9.356269687089348e-18
5481.749999999999	2.1117217934958126e-17	9.295375131935032e-18
5481.999999999999	1.662032828979117e-17	9.086081066166252e-18
5482.249999999998	3.0308235133632856e-17	9.372425351633121e-18
5482.499999999999	4.025423165791331e-17	9.824530841591329e-18
5482.749999999999	2.3175183741985956e-17	9.384404581264114e-18
5482.999999999999	1.330627879643422e-17	8.904384227174079e-18
5483.249999999998	1.9128554974011215e-17	9.043838606644394e-18
5483.499999999999	2.2551095822149397e-17	9.387389876094818e-18
5483.75	3.457636798039827e-17	9.609216555324388e-18
5483.999999999999	3.983340186691573e-17	1.0081171898442031e-17
5484.249999999998	2.2207152469088623e-17	9.234103382421391e-18
5484.499999999999	2.2852867853220993e-17	9.301236533755582e-18
5484.749999999998	3.342097202695155e-17	9.854749403729116e-18
5484.999999999999	3.537457411045479e-17	9.893900689301864e-18
5485.249999999999	1.857120233163421e-17	9.316929804336938e-18
5485.499999999999	3.344043724112615e-17	9.980480029656564e-18
5485.749999999999	3.7475827933298745e-17	1.0008954067882477e-17
5485.999999999999	3.2545589945743835e-17	9.557195993781541e-18
5486.249999999999	2.6618005404382713e-17	9.239621504287733e-18
5486.499999999999	2.326555156954615e-17	9.223014199129505e-18
5486.749999999999	2.2264002938228168e-17	9.21649353436075e-18
5486.999999999999	1.685974082884362e-17	8.946141958856981e-18
5487.249999999999	2.129005401522863e-17	8.97321806184768e-18
5487.499999999999	2.5204037754535593e-17	9.516499534824545e-18
5487.749999999999	2.5419925276967033e-17	9.375667072453716e-18
5487.999999999998	2.4964784034160756e-17	9.340453993777334e-18
5488.249999999999	1.7401401855000493e-17	9.108829360192073e-18
5488.499999999999	1.4318724705141974e-17	9.057595447411763e-18
5488.749999999999	2.7413083137362558e-17	9.557061990522308e-18
5488.999999999998	2.254498626614508e-17	9.265866290762815e-18
5489.249999999999	3.255893733210799e-17	9.625610447884577e-18
5489.499999999999	2.367826341001213e-17	9.463243165446543e-18
5489.749999999999	1.5733451706791417e-17	9.204293447506205e-18
5489.999999999998	1.2530891270755587e-17	8.969946562525032e-18
5490.249999999999	1.0053674760519544e-17	8.954911727711268e-18
5490.5	1.484098834593448e-17	9.194019037117684e-18
5490.749999999999	1.9710258159260556e-17	9.227624076683263e-18
5490.999999999998	3.5193405012693427e-17	1.0015199281507252e-17
5491.249999999999	3.24733075950965e-17	9.66579405486179e-18
5491.499999999998	3.267482864464912e-17	9.833850685552964e-18
5491.749999999999	3.09687553963687e-17	9.798767474232752e-18
5491.999999999998	2.7345667917439486e-17	9.549046610386669e-18
5492.249999999999	3.072387353910605e-17	9.522302206821604e-18
5492.499999999999	3.141477449137974e-17	9.514524227521768e-18
5492.749999999999	6.1114361858489954e-18	8.589359935508772e-18
5492.999999999999	6.0911450318327634e-18	8.452581485320066e-18
5493.249999999999	2.543881973651897e-17	9.490488013282202e-18
5493.499999999999	2.6383615506009687e-17	9.471725902628274e-18
5493.749999999999	1.4354114800469442e-17	8.840115602301159e-18
5493.999999999999	1.4527036907523653e-17	8.81088138509231e-18
5494.249999999999	1.1362187635614115e-17	8.915370840070008e-18
5494.499999999999	2.1477584131900528e-17	9.267254299830679e-18
5494.749999999998	3.718934881739203e-17	9.81139273192215e-18
5494.999999999999	2.8649916676476347e-17	9.530282018190903e-18
5495.249999999999	2.0239160751649412e-17	9.255406591917082e-18
5495.499999999999	1.832393488548496e-17	9.111894064361582e-18
5495.749999999998	2.1892125695881478e-17	9.196785129086061e-18
5495.999999999999	3.8945129003041987e-17	9.829541901742175e-18
5496.249999999999	2.0542491190995058e-17	9.161988949438406e-18
5496.499999999999	4.248348010002127e-17	1.0159827675709086e-17
5496.749999999998	2.3341531417531594e-17	9.283546449175523e-18
5496.999999999999	1.485248450208774e-17	9.043291840259497e-18
5497.25	2.6802680093580077e-17	9.567169310427093e-18
5497.499999999999	3.4460384023628535e-17	9.918379445169145e-18
5497.749999999998	3.4726173698054074e-17	9.938526256168487e-18
5497.999999999999	1.8521258820609484e-17	9.22994928138515e-18
5498.249999999998	3.656075441757828e-17	9.988350653185006e-18
5498.499999999999	2.89736288461153e-17	9.682639588036433e-18
5498.749999999998	3.4188036461306676e-17	9.921813071891853e-18
5498.999999999999	3.624955252752358e-17	9.853369666467378e-18
5499.249999999999	2.3721564660718057e-17	9.283279269837669e-18
5499.499999999999	2.911778326582614e-17	9.652015707398495e-18
5499.749999999999	2.7395819877978576e-17	9.584653427034626e-18
5499.999999999999	1.8649217043926537e-17	9.174738284219686e-18
5500.249999999999	1.5882464985420395e-17	9.090317058083136e-18
5500.499999999999	1.2360501990737014e-17	8.945663848462925e-18
5500.749999999999	8.607419769822642e-18	8.849043362652444e-18
5500.999999999999	1.2368711758316603e-17	8.88377171348987e-18
5501.249999999999	1.7345477828147008e-17	8.920869936782261e-18
5501.499999999999	2.1820883938444736e-17	8.90914382441871e-18
5501.749999999999	2.7875063509473423e-17	9.426178856559267e-18
5501.999999999999	2.4620398966652878e-17	9.457531483316864e-18
5502.249999999999	2.15843979643995e-17	9.346688454054146e-18
5502.499999999998	2.434790912926566e-17	9.418882296375937e-18
5502.749999999999	3.034433329556467e-17	9.62472371026792e-18
5502.999999999999	2.943990393996654e-17	9.728262734721795e-18
5503.249999999999	2.8016269857481126e-17	9.440454339570707e-18
5503.499999999998	2.568600942769064e-17	9.351724329623369e-18
5503.749999999999	3.0670811557172e-17	9.635891475717999e-18
5503.999999999999	3.191732972689756e-17	9.781979843700989e-18
5504.249999999999	2.0581261146305418e-17	9.489771674871731e-18
5504.499999999998	2.2768129816909836e-17	9.41472984970092e-18
5504.749999999999	4.044700775403002e-17	1.0026891479465689e-17
5505.0	2.1322014619736455e-17	9.383368951137198e-18
5505.249999999999	0.0	100000.0
5505.499999999998	0.0	100000.0
5505.749999999999	0.0	100000.0
5505.999999999998	0.0	100000.0
5506.249999999999	0.0	100000.0
5506.499999999999	0.0	100000.0
5506.749999999999	0.0	100000.0
5506.999999999999	0.0	100000.0
5507.249999999999	0.0	100000.0
5507.499999999999	0.0	100000.0
5507.749999999999	0.0	100000.0
5507.999999999999	0.0	100000.0
5508.249999999999	0.0	100000.0
5508.499999999999	0.0	100000.0
5508.749999999999	0.0	100000.0
5508.999999999999	0.0	100000.0
5509.249999999998	0.0	100000.0
5509.499999999999	0.0	100000.0
5509.749999999999	0.0	100000.0
5509.999999999999	0.0	100000.0
5510.249999999998	0.0	100000.0
5510.499999999999	0.0	100000.0
5510.749999999999	0.0	100000.0
5510.999999999999	0.0	100000.0
5511.249999999998	0.0	100000.0
5511.499999999999	0.0	100000.0
5511.75	0.0	100000.0
5511.999999999999	0.0	100000.0
5512.249999999998	0.0	100000.0
5512.499999999999	0.0	100000.0
5512.749999999998	0.0	100000.0
5512.999999999999	0.0	100000.0
5513.249999999999	0.0	100000.0
5513.499999999999	0.0	100000.0
5513.749999999999	0.0	100000.0
5513.999999999999	0.0	100000.0
5514.249999999999	0.0	100000.0
5514.499999999999	0.0	100000.0
5514.749999999999	0.0	100000.0
5514.999999999999	0.0	100000.0
5515.249999999999	0.0	100000.0
5515.499999999999	0.0	100000.0
5515.749999999999	0.0	100000.0
5515.999999999998	0.0	100000.0
5516.249999999999	0.0	100000.0
5516.499999999999	0.0	100000.0
5516.749999999999	0.0	100000.0
5516.999999999998	0.0	100000.0
5517.249999999999	0.0	100000.0
5517.499999999999	0.0	100000.0
5517.749999999999	0.0	100000.0
5517.999999999998	0.0	100000.0
5518.249999999999	0.0	100000.0
5518.5	0.0	100000.0
5518.749999999999	0.0	100000.0
5518.999999999998	0.0	100000.0
5519.249999999999	0.0	100000.0
5519.499999999998	0.0	100000.0
5519.749999999999	0.0	100000.0
5519.999999999998	0.0	100000.0
5520.249999999999	0.0	100000.0
5520.499999999999	0.0	100000.0
5520.749999999999	0.0	100000.0
5520.999999999999	0.0	100000.0
5521.249999999999	0.0	100000.0
5521.499999999999	0.0	100000.0
5521.749999999999	0.0	100000.0
5521.999999999999	0.0	100000.0
5522.249999999999	0.0	100000.0
5522.499999999999	0.0	100000.0
5522.749999999999	0.0	100000.0
5522.999999999999	0.0	100000.0
5523.249999999999	0.0	100000.0
5523.499999999999	0.0	100000.0
5523.749999999998	0.0	100000.0
5523.999999999999	0.0	100000.0
5524.249999999999	0.0	100000.0
5524.499999999999	0.0	100000.0
5524.749999999998	0.0	100000.0
5524.999999999999	0.0	100000.0
5525.249999999999	0.0	100000.0
5525.499999999999	0.0	100000.0
5525.749999999998	0.0	100000.0
5525.999999999999	0.0	100000.0
5526.25	0.0	100000.0
5526.499999999999	0.0	100000.0
5526.749999999998	0.0	100000.0
5526.999999999999	0.0	100000.0
5527.249999999998	0.0	100000.0
5527.499999999999	0.0	100000.0
5527.749999999999	0.0	100000.0
5527.999999999999	0.0	100000.0
5528.249999999999	0.0	100000.0
5528.499999999999	0.0	100000.0
5528.749999999999	0.0	100000.0
5528.999999999999	0.0	100000.0
5529.249999999999	0.0	100000.0
5529.499999999999	0.0	100000.0
5529.749999999999	0.0	100000.0
5529.999999999999	0.0	100000.0
5530.249999999999	0.0	100000.0
5530.499999999998	0.0	100000.0
5530.749999999999	0.0	100000.0
5530.999999999999	0.0	100000.0
5531.249999999999	0.0	100000.0
5531.499999999998	0.0	100000.0
5531.749999999999	0.0	100000.0
5531.999999999999	0.0	100000.0
5532.249999999999	0.0	100000.0
5532.499999999998	0.0	100000.0
5532.749999999999	0.0	100000.0
5533.0	0.0	100000.0
5533.249999999999	0.0	100000.0
5533.499999999998	0.0	100000.0
5533.749999999999	0.0	100000.0
5533.999999999998	0.0	100000.0
5534.249999999999	0.0	100000.0
5534.499999999999	0.0	100000.0
5534.749999999999	0.0	100000.0
5534.999999999999	0.0	100000.0
5535.249999999999	0.0	100000.0
5535.499999999999	0.0	100000.0
5535.749999999999	0.0	100000.0
5535.999999999999	0.0	100000.0
5536.249999999999	0.0	100000.0
5536.499999999999	0.0	100000.0
5536.749999999999	0.0	100000.0
5536.999999999999	0.0	100000.0
5537.249999999998	0.0	100000.0
5537.499999999999	0.0	100000.0
5537.749999999999	0.0	100000.0
5537.999999999999	0.0	100000.0
5538.249999999998	0.0	100000.0
5538.499999999999	0.0	100000.0
5538.749999999999	0.0	100000.0
5538.999999999999	0.0	100000.0
5539.249999999998	0.0	100000.0
5539.499999999999	0.0	100000.0
5539.75	0.0	100000.0
5539.999999999999	0.0	100000.0
5540.249999999998	0.0	100000.0
5540.499999999999	0.0	100000.0
5540.749999999998	0.0	100000.0
5540.999999999999	0.0	100000.0
5541.249999999998	0.0	100000.0
5541.499999999999	0.0	100000.0
5541.749999999999	0.0	100000.0
5541.999999999999	0.0	100000.0
5542.249999999999	0.0	100000.0
5542.499999999999	0.0	100000.0
5542.749999999999	0.0	100000.0
5542.999999999999	0.0	100000.0
5543.249999999999	0.0	100000.0
5543.499999999999	0.0	100000.0
5543.749999999999	0.0	100000.0
5543.999999999999	0.0	100000.0
5544.249999999999	0.0	100000.0
5544.499999999999	0.0	100000.0
5544.749999999999	0.0	100000.0
5544.999999999998	0.0	100000.0
5545.249999999999	0.0	100000.0
5545.499999999999	0.0	100000.0
5545.749999999999	0.0	100000.0
5545.999999999998	0.0	100000.0
5546.249999999999	0.0	100000.0
5546.499999999999	0.0	100000.0
5546.749999999999	0.0	100000.0
5546.999999999998	0.0	100000.0
5547.249999999999	0.0	100000.0
5547.5	0.0	100000.0
5547.749999999999	0.0	100000.0
5547.999999999998	0.0	100000.0
5548.249999999999	0.0	100000.0
5548.499999999998	0.0	100000.0
5548.749999999999	0.0	100000.0
5548.999999999999	0.0	100000.0
5549.249999999999	0.0	100000.0
5549.499999999999	0.0	100000.0
5549.749999999999	0.0	100000.0
5549.999999999999	0.0	100000.0
5550.249999999999	0.0	100000.0
5550.499999999999	0.0	100000.0
5550.749999999999	0.0	100000.0
5550.999999999999	0.0	100000.0
5551.249999999999	0.0	100000.0
5551.499999999999	0.0	100000.0
5551.749999999998	0.0	100000.0
5551.999999999999	0.0	100000.0
5552.249999999999	0.0	100000.0
5552.499999999999	0.0	100000.0
5552.749999999998	0.0	100000.0
5552.999999999999	0.0	100000.0
5553.249999999999	0.0	100000.0
5553.499999999999	0.0	100000.0
5553.749999999998	0.0	100000.0
5553.999999999999	0.0	100000.0
5554.25	0.0	100000.0
5554.499999999999	0.0	100000.0
5554.749999999998	0.0	100000.0
5554.999999999999	0.0	100000.0
5555.249999999998	0.0	100000.0
5555.499999999999	0.0	100000.0
5555.749999999999	0.0	100000.0
5555.999999999999	0.0	100000.0
5556.249999999999	0.0	100000.0
5556.499999999999	0.0	100000.0
5556.749999999999	0.0	100000.0
5556.999999999999	0.0	100000.0
5557.249999999999	0.0	100000.0
5557.499999999999	0.0	100000.0
5557.749999999999	0.0	100000.0
5557.999999999999	0.0	100000.0
5558.249999999999	0.0	100000.0
5558.499999999998	0.0	100000.0
5558.749999999999	0.0	100000.0
5558.999999999999	0.0	100000.0
5559.249999999999	0.0	100000.0
5559.499999999998	0.0	100000.0
5559.749999999999	0.0	100000.0
5559.999999999999	0.0	100000.0
5560.249999999999	0.0	100000.0
5560.499999999998	0.0	100000.0
5560.749999999999	0.0	100000.0
5561.0	0.0	100000.0
5561.249999999999	0.0	100000.0
5561.499999999998	0.0	100000.0
5561.749999999999	0.0	100000.0
5561.999999999998	0.0	100000.0
5562.249999999999	0.0	100000.0
5562.499999999998	0.0	100000.0
5562.749999999999	0.0	100000.0
5562.999999999999	0.0	100000.0
5563.249999999999	0.0	100000.0
5563.499999999999	0.0	100000.0
5563.749999999999	0.0	100000.0
5563.999999999999	0.0	100000.0
5564.249999999999	0.0	100000.0
5564.499999999999	0.0	100000.0
5564.749999999999	0.0	100000.0
5564.999999999999	1.4492095144088188e-17	8.872980315218503e-18
5565.249999999998	1.6123248989928455e-17	9.02237244256803e-18
5565.499999999999	6.507832715912982e-18	8.759176806543458e-18
5565.749999999999	-3.16489590421657e-19	8.39411718680543e-18
5565.999999999999	3.5195364603564565e-18	8.348250849019977e-18
5566.249999999998	1.5503143117560728e-17	8.538049094931495e-18
5566.499999999999	2.6549440403408192e-17	9.286047843347884e-18
5566.749999999999	3.274329603831136e-17	9.610048699020617e-18
5566.999999999999	2.2728961160544225e-17	9.245155342585712e-18
5567.249999999998	1.438956279843979e-17	8.824185758064613e-18
5567.499999999999	2.0277222640355427e-17	9.172045811325825e-18
5567.749999999999	3.0369846854378255e-17	9.594128780951421e-18
5567.999999999999	1.804387965421533e-17	9.036849757648934e-18
5568.249999999998	2.965387902082176e-17	9.226778698097234e-18
5568.499999999999	1.8726876895736078e-18	8.480341666677345e-18
5568.749999999998	4.769159038920928e-18	8.514719292935049e-18
5568.999999999999	2.0664384526060872e-17	9.297598593421574e-18
5569.249999999998	2.7356601590776212e-17	9.636389438446755e-18
5569.499999999999	2.0730848488279508e-17	9.502874215774571e-18
5569.749999999998	2.0227494196289964e-17	9.475415128160261e-18
5569.999999999999	2.1431179299536303e-17	9.322537261709435e-18
5570.249999999999	3.209174903086049e-17	9.77397108101025e-18
5570.499999999999	2.0722889356425522e-17	9.147599315502433e-18
5570.749999999999	2.1507291496419758e-17	9.187201414509022e-18
5570.999999999999	3.165369733950956e-17	9.665492961118821e-18
5571.249999999999	3.04431251304831e-17	9.740866485715266e-18
5571.499999999999	2.0128263955646878e-17	9.108700320016515e-18
5571.749999999999	1.499201829089686e-17	8.657450134811687e-18
5571.999999999999	2.860208247601363e-17	9.413522993187206e-18
5572.249999999999	2.6126125761850505e-17	9.51286903911605e-18
5572.499999999999	1.5650824635403495e-17	9.051964001801502e-18
5572.749999999999	1.0858516533449964e-17	8.78873279701059e-18
5572.999999999998	1.7629041959575087e-17	9.037910203194227e-18
5573.249999999999	2.6328330062589093e-17	9.347607451714693e-18
5573.499999999999	1.8930557713868072e-17	9.159882120418233e-18
5573.749999999999	2.793507380855292e-17	9.57908484715092e-18
5573.999999999998	2.0944947646226608e-17	8.972194012249339e-18
5574.249999999999	3.320346653924196e-17	9.764116051192294e-18
5574.499999999999	2.8205955606829336e-17	9.702602764939788e-18
5574.749999999999	2.1493229426006356e-17	9.529371292336482e-18
5574.999999999998	2.6941535594286903e-17	1.0256821219975829e-17
5575.249999999999	2.6837454766531806e-17	1.190054738394629e-17
5575.5	-1.5628452708556386e-17	1.4775703943269344e-17
5575.749999999999	-3.501954322846336e-18	2.2788632315572575e-17
5575.999999999998	-9.160170186066555e-19	3.092301892593942e-17
5576.249999999999	6.315750624330206e-18	3.7472697881860844e-17
5576.499999999998	-6.113284107337439e-18	4.3512525869261737e-17
5576.749999999999	1.4607858398730736e-19	5.2658820720938174e-17
5576.999999999999	-1.6655286596838888e-17	5.4573631342435126e-17
5577.249999999999	2.0872264940162798e-17	5.083911601755012e-17
5577.499999999999	3.663728516785169e-18	4.1824203916926704e-17
5577.749999999999	-2.1470597764446905e-17	3.338320626890483e-17
5577.999999999999	1.0589377604724198e-17	2.7037776404196223e-17
5578.249999999999	-2.164190893725817e-18	2.064249732705272e-17
5578.499999999999	-1.7088400019932878e-17	1.4890946746210232e-17
5578.749999999999	-7.763395717895897e-20	1.0392420937791647e-17
5578.999999999999	3.593062807927009e-17	1.0385551202804394e-17
5579.249999999999	2.3021432372808274e-17	9.521001051718058e-18
5579.499999999999	4.188478331626764e-17	1.0285363914192584e-17
5579.749999999998	3.864129563788391e-17	1.0069096715859982e-17
5579.999999999999	2.569981507211415e-17	9.624392838022899e-18
5580.249999999999	2.245682866518163e-17	9.509578514639314e-18
5580.499999999999	2.8049979121803887e-17	9.80310520936498e-18
5580.749999999998	3.0057261918339367e-17	1.0030110039229133e-17
5580.999999999999	3.200333334954592e-17	9.893668251549736e-18
5581.249999999999	3.096003691271239e-17	9.883303678474447e-18
5581.499999999999	3.017771595913934e-17	9.816808283392534e-18
5581.749999999998	1.9151014582003255e-17	9.334402340415896e-18
5581.999999999999	1.6174145413018843e-17	9.003856004556031e-18
5582.25	1.7779846911410854e-17	8.880367865269215e-18
5582.499999999999	1.6906655204465177e-17	8.744750776660533e-18
5582.749999999998	2.550881410559198e-17	9.300667433494146e-18
5582.999999999999	1.0222353431031357e-17	8.513064931709943e-18
5583.249999999998	2.226460347135288e-17	9.285683056697748e-18
5583.499999999999	1.0620431619280664e-17	8.694016480970206e-18
5583.749999999998	9.381074352117976e-18	8.632698409342262e-18
5583.999999999999	1.9658499813971888e-17	9.214605081022291e-18
5584.249999999999	2.4725642810349225e-17	9.327310921024479e-18
5584.499999999999	1.3084127862404528e-17	8.736878498770866e-18
5584.749999999999	1.3495102623584149e-17	8.602059639453298e-18
5584.999999999999	2.0000299114884925e-17	9.151382012443638e-18
5585.249999999999	8.83460161633788e-18	8.63760938063899e-18
5585.499999999999	2.2373829362518058e-17	9.229132026939948e-18
5585.749999999999	3.591782663211022e-17	9.842937264581859e-18
5585.999999999999	2.4013031675718467e-17	9.353951927012974e-18
5586.249999999999	-2.278622025690637e-18	8.176829247596938e-18
5586.499999999998	1.1646602108711898e-17	8.387859565471467e-18
5586.749999999999	2.437226463522167e-17	9.34974819513998e-18
5586.999999999999	3.873283475319148e-17	9.995614953324447e-18
5587.249999999999	2.791356380390409e-17	9.42084023288585e-18
5587.499999999998	1.1472620383293007e-17	8.55244286477053e-18
5587.749999999999	5.9687524932672735e-18	8.445421409937807e-18
5587.999999999999	9.797090779131107e-18	9.06587552534342e-18
5588.249999999999	2.1325559915841858e-17	9.812991672046214e-18
5588.499999999998	2.2377775014039936e-17	9.735555159002063e-18
5588.749999999999	5.889553258337771e-18	9.4183198135594e-18
5589.0	1.2167851626073414e-17	9.64908500648822e-18
5589.249999999999	1.6766830248080438e-17	9.757947765364486e-18
5589.499999999998	1.6318180718721477e-17	9.522556151269658e-18
5589.749999999999	2.6325750913439152e-17	9.547170564757398e-18
5589.999999999998	4.819958268289341e-17	1.0532664447566338e-17
5590.249999999999	2.725486499287709e-17	9.535124333496789e-18
5590.499999999998	1.646244267191195e-17	9.24172006150178e-18
5590.749999999999	1.9917572781823496e-17	8.876652169957626e-18
5590.999999999999	2.035862879315922e-17	9.012166688170351e-18
5591.249999999999	1.7992999774737194e-17	9.144025068075592e-18
5591.499999999999	1.6932587316668714e-17	9.012361902794914e-18
5591.749999999999	2.4610325561153207e-17	9.192720363555976e-18
5591.999999999999	5.52385224275277e-17	1.0359235278796632e-17
5592.249999999999	2.906708040299909e-17	9.49774156007368e-18
5592.499999999999	2.937341185360708e-17	9.41717251404979e-18
5592.749999999999	1.503136396391356e-17	8.978165429091359e-18
5592.999999999999	1.3902148276854143e-17	8.922993309414685e-18
5593.249999999999	1.9129329215064565e-17	8.963578098988986e-18
5593.499999999999	8.604987031641123e-18	8.469229322328308e-18
5593.749999999999	1.5137100807254987e-17	8.689636559626737e-18
5593.999999999999	6.0747730595588076e-18	8.58644660539136e-18
5594.249999999998	1.9505272877302565e-17	9.021649486712659e-18
5594.499999999999	1.5437870295424168e-17	8.881783998477905e-18
5594.749999999999	2.4512503181912686e-17	9.409731197259263e-18
5594.999999999999	3.0431461883846105e-17	9.660053421410672e-18
5595.249999999998	1.9247465495788163e-17	9.10152204666078e-18
5595.499999999999	1.9059033752248583e-17	9.00980756906335e-18
5595.749999999999	1.1303479318818777e-17	8.575472400204619e-18
5595.999999999999	1.2388215022799378e-17	8.952295355433763e-18
5596.249999999998	1.4350000404102604e-17	8.837634887644113e-18
5596.499999999999	2.0042525030794532e-17	8.968441093810186e-18
5596.75	2.36239573484368e-17	9.462415157653378e-18
5596.999999999999	2.006045830647468e-17	9.480736381040815e-18
5597.249999999998	1.5972305485340085e-18	8.424552470263706e-18
5597.499999999999	1.1185592019459557e-17	8.961886514636315e-18
5597.749999999998	7.251957777520785e-18	8.707387855572125e-18
5597.999999999999	1.5241537322673482e-17	9.097785671833877e-18
5598.249999999999	1.5629233567054636e-17	9.079158391619796e-18
5598.499999999999	8.815225737669438e-18	8.760370428167372e-18
5598.749999999999	5.618447294115354e-18	8.465559949131023e-18
5598.999999999999	1.2872930454046264e-17	8.632179767098192e-18
5599.249999999999	3.0759730164299e-17	9.440049021070556e-18
5599.499999999999	2.7206577497438694e-17	9.629992850769883e-18
5599.749999999999	2.9973620723520455e-17	9.651085129209373e-18
5599.999999999999	1.7288174064031785e-17	9.316284603459147e-18
5600.249999999999	2.430360533565732e-17	9.579347890585711e-18
5600.499999999999	3.217331234798067e-17	9.575197925452533e-18
5600.749999999999	2.1100161470727283e-17	9.051901963255561e-18
5600.999999999998	2.6889509242479768e-17	9.366767436243258e-18
5601.249999999999	1.7262956635877493e-17	8.822594262566061e-18
5601.499999999999	2.2283413558482337e-17	8.968670222839863e-18
5601.749999999999	2.719466609661793e-17	9.400053184092392e-18
5601.999999999998	2.1217693909603718e-17	9.110874150666304e-18
5602.249999999999	2.1629818451834788e-17	9.2270136173912e-18
5602.499999999999	3.137155265001262e-17	9.665224954600354e-18
5602.749999999999	2.3150580081846178e-17	9.342946288962956e-18
5602.999999999998	1.8267486426123115e-17	9.297799598310425e-18
5603.249999999999	1.5498732590534595e-17	8.946531560925494e-18
5603.5	9.054408320511597e-18	9.072870164603168e-18
5603.749999999999	1.438642612955699e-17	9.499208151299736e-18
5603.999999999998	1.7892353400885417e-17	9.611072748618957e-18
5604.249999999999	1.7351110928118494e-17	9.60616508604468e-18
5604.499999999998	2.6954327115279423e-17	9.936731274239247e-18
5604.749999999999	3.735639959645834e-17	1.04402443849064e-17
5604.999999999998	1.1203216756771224e-17	9.775047242987182e-18
5605.249999999999	8.304679937434359e-18	9.39599586318782e-18
5605.499999999999	7.783643832670882e-18	9.103235137709377e-18
5605.749999999999	1.6101206280965142e-17	9.174943425011599e-18
5605.999999999999	1.7539397087870265e-17	9.252548682900711e-18
5606.249999999999	2.1102327029570947e-17	9.39190380069752e-18
5606.499999999999	3.4264739265147493e-17	9.914688565275934e-18
5606.749999999999	2.484590659960831e-17	9.305087059507017e-18
5606.999999999999	1.1233157386223194e-17	8.47541497894898e-18
5607.249999999999	3.151221967626094e-17	9.311867458988114e-18
5607.499999999999	3.053959424224149e-17	9.536566936485081e-18
5607.749999999998	2.3165707560888548e-17	9.280791937735722e-18
5607.999999999999	2.413126390939312e-17	9.322382578934888e-18
5608.249999999999	2.1719992719131643e-17	9.46609032111495e-18
5608.499999999999	-2.5728880130887733e-18	8.179611055996954e-18
5608.749999999998	1.213714833609667e-17	8.724001778175253e-18
5608.999999999999	1.9751062978877797e-17	9.358315304744192e-18
5609.249999999999	1.4236248180625536e-17	8.998796140749044e-18
5609.499999999999	1.4147753089972163e-17	8.954838935817364e-18
5609.749999999998	2.3544773002758324e-17	9.473670604248387e-18
5609.999999999999	3.455431865399006e-17	9.939223569424869e-18
5610.25	3.689776765146709e-17	9.813659206800545e-18
5610.499999999999	2.937623750257956e-17	9.695047297224728e-18
5610.749999999998	2.5960972535109393e-17	9.280345260204943e-18
5610.999999999999	1.3617860362390081e-17	8.822867232168203e-18
5611.249999999998	6.544168278680599e-18	8.575933139805811e-18
5611.499999999999	8.239297927456943e-18	8.630082037064757e-18
5611.749999999998	7.920897084531194e-18	8.54913166077848e-18
5611.999999999999	-1.0039931180491369e-19	8.2928413285075e-18
5612.249999999999	2.0170756223713727e-17	9.207975228412679e-18
5612.499999999999	3.97806641397818e-17	1.019715668239238e-17
5612.749999999999	2.3854686145418666e-17	9.15270467424311e-18
5612.999999999999	2.8438826801597714e-17	9.31916567353267e-18
5613.249999999999	2.9949430653686954e-17	9.60358924561719e-18
5613.499999999999	2.84089291855376e-17	9.617366765899873e-18
5613.749999999999	3.240249762593951e-17	9.70677340958828e-18
5613.999999999999	3.5772583642713256e-17	9.750598265621952e-18
5614.249999999999	1.8553202881505056e-17	9.158360108091136e-18
5614.499999999999	1.4748934724285903e-17	8.930212941801047e-18
5614.749999999999	1.7119247239336205e-17	8.933607691034965e-18
5614.999999999999	2.2800798488022005e-17	9.102987810706223e-18
5615.249999999999	9.299049468215992e-18	8.536843065598392e-18
5615.499999999998	1.614136052303061e-18	8.25122669907057e-18
5615.749999999999	3.4250078315970604e-17	9.74678082709502e-18
5615.999999999999	3.309612827423463e-17	9.520185451634081e-18
5616.249999999999	1.2978100678668093e-17	8.811102242315862e-18
5616.499999999998	1.8410788849803027e-17	9.051190587928765e-18
5616.749999999999	1.864320178651205e-17	8.931336253072894e-18
5616.999999999999	1.7988059852119027e-17	9.016805517045549e-18
5617.249999999999	1.707212275983906e-17	9.268919414403748e-18
5617.499999999998	1.959917276607836e-17	9.32346535835672e-18
5617.749999999999	2.7290604158423056e-17	9.570064442571029e-18
5618.0	3.585623476369952e-17	9.916345408042877e-18
5618.249999999999	1.660783786254162e-17	8.94215329394325e-18
5618.499999999998	1.8986170720811237e-17	9.176416633682556e-18
5618.749999999999	2.9170286073666106e-17	9.513587031887746e-18
5618.999999999998	2.1001976786378464e-17	9.215634093704307e-18
5619.249999999999	5.1685694015467515e-18	8.662935169453526e-18
5619.499999999999	1.3166244563354505e-17	8.943097934202786e-18
5619.749999999999	1.6876444914133515e-17	8.954049805512988e-18
5619.999999999999	2.891066054916531e-17	9.520575880883206e-18
5620.249999999999	3.352576919311712e-17	9.565471108629522e-18
5620.499999999999	3.582688308684369e-17	9.826453209334902e-18
5620.749999999999	2.4279024836574694e-17	9.418352900783903e-18
5620.999999999999	1.7845204105969894e-17	9.067214730755143e-18
5621.249999999999	2.911621162266229e-17	9.660936850304879e-18
5621.499999999999	2.792761594815014e-17	9.658833330007157e-18
5621.749999999999	3.6721445832095284e-17	9.936446724108529e-18
5621.999999999999	3.083543373395985e-17	9.928006173138037e-18
5622.249999999998	2.744721757252017e-17	9.70833181786233e-18
5622.499999999999	3.3942969315586816e-17	1.0025814490308145e-17
5622.749999999999	3.577650778753921e-17	1.0217214157885565e-17
5622.999999999999	2.817999867920742e-17	1.0111545970534979e-17
5623.249999999998	2.971211915339039e-17	1.0256655783853319e-17
5623.499999999999	1.4009304562126713e-17	9.571186926662263e-18
5623.749999999999	2.3180879707683996e-17	9.923472396200634e-18
5623.999999999999	3.339271884594919e-17	1.0173158518460991e-17
5624.249999999998	2.919625954490027e-17	9.919114808733705e-18
5624.499999999999	1.6520191459196727e-17	9.2775287102192e-18
5624.75	1.667364835207634e-17	9.197609000976164e-18
5624.999999999999	3.062047265381447e-17	9.724509816282642e-18
5625.249999999998	1.4020827188059577e-17	8.915203749586273e-18
5625.499999999999	1.2757406409697108e-17	9.065239423452366e-18
5625.749999999998	2.240628792975464e-17	9.140002488756746e-18
5625.999999999999	1.7350907441687806e-17	8.944306445077726e-18
5626.249999999998	1.444534951331159e-17	8.9095913291301e-18
5626.499999999999	1.8916599868211852e-17	9.125396960680897e-18
5626.749999999999	2.2977251001930592e-17	9.266499083931418e-18
5626.999999999999	2.3734045161800257e-17	9.185215353858282e-18
5627.249999999999	1.7449351860748967e-17	9.010029253467514e-18
5627.499999999999	1.835507823554758e-17	8.697551850908257e-18
5627.749999999999	2.989574001448736e-17	9.548824098801892e-18
5627.999999999999	3.030064161560962e-17	9.342562477158732e-18
5628.249999999999	2.5213685989200412e-17	9.214127797808848e-18
5628.499999999999	1.5444886441379843e-17	9.109118873406466e-18
5628.749999999999	8.403152480636347e-18	8.539264223251335e-18
5628.999999999998	2.0345511363005355e-17	9.144483326134946e-18
5629.249999999999	2.3432542791608354e-17	9.168592332268417e-18
5629.499999999999	2.099918918771416e-17	9.149901359147168e-18
5629.749999999999	1.2792396149608101e-17	8.871530267604698e-18
5629.999999999998	-9.499531986047202e-21	8.44672835530564e-18
5630.249999999999	8.41911375773617e-18	8.749349073685715e-18
5630.499999999999	2.3254391248721583e-17	9.26828827559637e-18
5630.749999999999	8.7596276199773e-18	8.594560420019892e-18
5630.999999999998	1.6115193905123414e-17	9.026650620696155e-18
5631.249999999999	-6.6341014228288954e-18	7.971641306388872e-18
5631.5	2.77534199829526e-17	9.638464007423038e-18
5631.749999999999	3.0233646603437724e-17	9.838047799981058e-18
5631.999999999998	1.9602592330730654e-17	9.439923289617448e-18
5632.249999999999	2.019200153056654e-17	9.361386626358601e-18
5632.499999999998	2.5529774862314075e-17	9.402136852055413e-18
5632.749999999999	3.410708856656224e-17	9.381450719296687e-18
5632.999999999998	3.257374717379514e-17	9.896258981228252e-18
5633.249999999999	2.1946845347763086e-17	9.10709807117e-18
5633.499999999999	1.8387998369565966e-17	9.165723669904083e-18
5633.749999999999	1.6180906787345852e-17	9.00560549155158e-18
5633.999999999999	1.6664964610005758e-17	9.058957813880638e-18
5634.249999999999	2.3874583147873017e-17	9.437559207426772e-18
5634.499999999999	2.6383582418785185e-17	9.323667190426183e-18
5634.749999999999	2.524968158073627e-17	9.60632059599984e-18
5634.999999999999	2.5854272853534953e-17	9.410770963289242e-18
5635.249999999999	1.8935716012167953e-17	9.215193206437817e-18
5635.499999999999	1.165677312152385e-17	8.829378797950221e-18
5635.749999999998	1.2949076565334833e-17	8.793183855886738e-18
5635.999999999999	2.44288702588999e-17	9.21974021826502e-18
5636.249999999999	3.039238918043155e-17	9.642910103215511e-18
5636.499999999999	2.4931506558117747e-17	9.418242885762433e-18
5636.749999999998	1.4967671056746975e-17	8.937291126302664e-18
5636.999999999999	6.301693930590786e-18	8.676378508768737e-18
5637.249999999999	1.3136313860069886e-17	8.953796688245547e-18
5637.499999999999	3.366287603400901e-17	9.643134269161513e-18
5637.749999999998	2.5576139990008897e-17	9.406207407849787e-18
5637.999999999999	-5.081579366017919e-19	8.475758258903189e-18
5638.249999999999	7.999920129990222e-18	8.951721292088651e-18
5638.499999999999	2.3065451616285896e-17	9.632261807190116e-18
5638.749999999998	4.130204450089138e-17	1.0243332385726927e-17
5638.999999999999	3.203312839521008e-17	9.665023122530891e-18
5639.249999999998	1.3465043707304585e-17	9.078485066601178e-18
5639.499999999999	2.0266863030363813e-17	9.413092032088066e-18
5639.749999999998	3.3222114498971354e-17	9.847887940547989e-18
5639.999999999999	2.3640289202451047e-17	9.478273037176632e-18
5640.249999999998	1.0340864424572442e-17	8.90590706668179e-18
5640.499999999999	1.1012947845091164e-17	8.479733688927119e-18
5640.749999999999	2.364088642685331e-17	9.332714891966288e-18
5640.999999999999	2.66127329551583e-17	9.386644586362908e-18
5641.249999999999	2.7778706894278346e-17	9.172770421542422e-18
5641.499999999999	3.019440515517821e-17	9.434589629027706e-18
5641.749999999999	2.7566930459491295e-17	9.61845119968293e-18
5641.999999999999	1.1529093658073228e-17	8.678567228669553e-18
5642.249999999999	1.0825153857803863e-17	8.342274469094282e-18
5642.499999999999	1.960200172377329e-17	9.397847920579326e-18
5642.749999999999	2.6884445242769718e-17	9.583535078846455e-18
5642.999999999999	2.1747218541813214e-17	9.248388791600182e-18
5643.249999999999	1.2211128061360963e-17	8.900100258781667e-18
5643.499999999998	2.13429919200708e-17	9.44584011253904e-18
5643.749999999999	3.395952947145013e-17	1.0370977107591822e-17
5643.999999999999	2.0466124222482937e-17	9.71426104849311e-18
5644.249999999999	4.324571049087663e-17	1.0347596020397398e-17
5644.499999999998	3.2479918422552025e-17	9.753160871159641e-18
5644.749999999999	3.35082528164657e-17	1.016101137116565e-17
5644.999999999999	2.20114034858504e-17	9.818435347657426e-18
5645.249999999999	2.2731776883349355e-17	9.735482367108158e-18
5645.499999999998	2.7737902074661106e-17	9.937316918112934e-18
5645.749999999999	1.6601271702839175e-17	9.414736467145821e-18
5646.0	2.5636193302480247e-17	9.661741697040893e-18
5646.249999999999	3.5679290904507075e-17	9.884589117146354e-18
5646.499999999998	2.1831989665348873e-17	9.26166255888982e-18
5646.749999999999	2.6698572796045378e-17	9.579636576619492e-18
5646.999999999998	2.813064246641761e-17	9.706057898358422e-18
5647.249999999999	1.659134553548854e-17	9.334495811825115e-18
5647.499999999999	1.1484153762573834e-17	9.009843965010302e-18
5647.749999999999	1.972761240851192e-17	9.255017817029182e-18
5647.999999999999	2.3856247862415166e-17	9.39296672778465e-18
5648.249999999999	8.84196931405389e-18	8.85237276461797e-18
5648.499999999999	9.144201257546065e-18	8.82292761635292e-18
5648.749999999999	9.612150564957114e-18	8.914441916242111e-18
5648.999999999999	2.0363512467495734e-17	9.407591281014588e-18
5649.249999999999	3.189040003487528e-17	9.961704684112835e-18
5649.499999999999	2.97902447078848e-17	9.730369563741968e-18
5649.749999999999	8.039094576620121e-18	8.430368377150567e-18
5649.999999999999	6.234143466637562e-18	8.561709769172961e-18
5650.249999999998	1.9604766161380443e-17	9.377108021080784e-18
5650.499999999999	2.4623845001084774e-17	9.49540891074628e-18
5650.749999999999	2.7297294395217385e-17	9.473586231825906e-18
5650.999999999999	3.053852221616762e-17	9.731045370302424e-18
5651.249999999998	3.7232928000783774e-17	1.0004252373280725e-17
5651.499999999999	2.842471510034756e-17	9.759952023988702e-18
5651.749999999999	1.691365149808615e-17	9.299507726275347e-18
5651.999999999999	3.092712835922258e-17	9.560948085040082e-18
5652.249999999998	1.8381954988010653e-17	9.161074914861535e-18
5652.499999999999	1.936341801969462e-17	9.307706740506972e-18
5652.75	2.5156064587729968e-17	9.545232480582187e-18
5652.999999999999	2.052885429141651e-17	9.249857864368076e-18
5653.249999999998	1.4412244090835994e-17	8.848804307455416e-18
5653.499999999999	2.941289814732791e-17	9.823424073931733e-18
5653.749999999998	1.2450088959798957e-17	8.941238432185767e-18
5653.999999999999	4.11198794776725e-17	1.0208417919251676e-17
5654.249999999998	2.637414263363473e-17	9.509318779926972e-18
5654.499999999999	2.5893600328578174e-17	9.43246542921467e-18
5654.749999999999	2.2093542520676915e-17	9.26949347774886e-18
5654.999999999999	9.93101049312283e-18	8.760066852882565e-18
5655.249999999999	2.0701205643848057e-17	9.257614336971986e-18
5655.499999999999	2.6537350331575117e-17	9.235056294487052e-18
5655.749999999999	2.3668759104773897e-17	9.483389976445885e-18
5655.999999999999	1.8601047008135123e-17	9.36929860891767e-18
5656.249999999999	1.3654628540618063e-17	8.910197652519102e-18
5656.499999999999	1.4731017992218004e-17	8.89636884703844e-18
5656.749999999999	1.564631319234263e-17	8.995355896581436e-18
5656.999999999998	6.60286294699583e-18	8.685666092686483e-18
5657.249999999999	4.1548452402986613e-19	8.36639257421449e-18
5657.499999999999	5.622450021099498e-18	8.648317233668489e-18
5657.749999999999	2.2373422389656682e-17	9.425776019600954e-18
5657.999999999998	1.7468992437213426e-17	8.995049012574179e-18
5658.249999999999	1.9382070942507692e-17	9.190153622115224e-18
5658.499999999999	1.3484534564078172e-17	9.115491472845575e-18
5658.749999999999	5.537916711989948e-18	8.743514968825379e-18
5658.999999999998	1.729346305686845e-17	8.98441891452226e-18
5659.249999999999	1.0665632076673012e-17	8.696576604966057e-18
5659.499999999999	1.424794947757071e-17	9.002583800773924e-18
5659.749999999999	1.0681569365535071e-17	8.619444494387325e-18
5659.999999999998	1.2626904605996454e-17	8.785254502534805e-18
5660.249999999999	2.2022158488174814e-17	9.15615484457807e-18
5660.499999999998	2.5205420800519782e-17	9.35346140890973e-18
5660.749999999999	2.412672103346898e-17	9.455097090774121e-18
5660.999999999998	2.7217911526191896e-17	9.706210099591131e-18
5661.249999999999	2.6021321978240037e-17	9.675275199042873e-18
5661.499999999998	1.662530129963384e-17	8.937451599341499e-18
5661.749999999999	2.623570072323418e-17	9.723302132588315e-18
5661.999999999999	3.046878758180695e-17	9.903343783174769e-18
5662.249999999999	2.5550560256746308e-17	9.555389431323725e-18
5662.499999999999	2.020644906714539e-17	9.438773508566e-18
5662.749999999999	2.4279225014282932e-17	9.683499028692875e-18
5662.999999999999	1.7778399345338886e-17	9.367770806326285e-18
5663.249999999999	2.6519076257482596e-17	9.58760315309899e-18
5663.499999999999	2.6906899887678083e-17	9.71836634587321e-18
5663.749999999999	2.7348511764385443e-17	9.85114124189716e-18
5663.999999999999	2.461099392308815e-17	9.564884637575222e-18
5664.249999999999	2.1124482235097567e-17	9.273936264818882e-18
5664.499999999999	2.579908832614909e-17	9.55075473835159e-18
5664.749999999998	3.911600135653829e-17	1.0121143747182431e-17
5664.999999999999	2.7456157740580644e-17	9.753136882921877e-18
5665.249999999999	3.181907721373851e-17	9.935256411207065e-18
5665.499999999999	3.03946788163671e-17	9.606112146485477e-18
5665.749999999998	2.3027073744585886e-17	9.476868484496517e-18
5665.999999999999	2.3926384506553537e-17	9.593644053112465e-18
5666.249999999999	2.1124957036769173e-17	9.448999942478993e-18
5666.499999999999	2.1519356752834456e-17	9.333379117998168e-18
5666.749999999998	3.8499722021684233e-17	1.0124712204344985e-17
5666.999999999999	1.713820291025347e-17	9.067900463482949e-18
5667.25	2.7809911455706297e-17	9.586728823191522e-18
5667.499999999999	1.2919678566364698e-17	9.084079289083874e-18
5667.749999999998	1.786854714285614e-17	9.124936221079705e-18
5667.999999999999	1.5256363707972882e-17	9.137153678727114e-18
5668.249999999998	1.6362037834799038e-17	9.475640948467488e-18
5668.499999999999	4.0289730941081635e-17	1.0362018741557873e-17
5668.749999999999	3.9256952932917327e-17	1.0183081377089177e-17
5668.999999999999	1.5010596767454802e-17	9.250502238065255e-18
5669.249999999999	2.138963167172899e-17	9.639803212834762e-18
5669.499999999999	2.379849245768549e-17	9.452682550566079e-18
5669.749999999999	2.334113437083757e-17	9.428418034477448e-18
5669.999999999999	1.880565509573379e-17	9.382863543782928e-18
5670.249999999999	1.4067764724738286e-17	9.245469671218482e-18
5670.499999999999	1.678783236383316e-17	9.215640711149208e-18
5670.749999999999	1.1463001720335088e-19	8.428359155442675e-18
5670.999999999999	1.2044256780487578e-17	9.156696647879292e-18
5671.249999999999	-7.458304495369462e-19	8.502467920882526e-18
5671.499999999998	2.2773159075034158e-17	9.369071134249219e-18
5671.749999999999	1.7769877730668365e-17	9.167411945534303e-18
5671.999999999999	7.007812111003309e-18	8.915213675753623e-18
5672.249999999999	2.1060660287755426e-17	9.712863940438508e-18
5672.499999999998	2.878211006452967e-17	9.787911555873606e-18
5672.749999999999	1.767784727007694e-17	9.454173130029899e-18
5672.999999999999	1.7453385193415776e-17	9.140078589373101e-18
5673.249999999999	2.4547818830985025e-17	9.225674411979476e-18
5673.499999999998	2.371655029184476e-17	9.241526501238442e-18
5673.749999999999	2.2529225166753495e-17	9.29239066428494e-18
5674.0	1.6861128837911483e-17	9.19348302408075e-18
5674.249999999999	1.5780948417564212e-17	9.125495395173791e-18
5674.499999999998	3.5325475978016094e-17	1.0026999012945321e-17
5674.749999999999	1.4213249250874112e-17	9.328265487451365e-18
5674.999999999998	1.8617238241445236e-17	9.34194291887993e-18
5675.249999999999	2.9080126695620276e-17	9.583443261798461e-18
5675.499999999998	3.074428173917896e-17	9.789319417276172e-18
5675.749999999999	3.057566262567125e-17	9.813053710592156e-18
5675.999999999999	3.071918177067165e-17	9.736548602917739e-18
5676.249999999999	2.9255598173322375e-17	9.60057582664566e-18
5676.499999999999	8.749404494786756e-18	8.966651074964621e-18
5676.749999999999	-5.118660218517446e-18	8.237426017730735e-18
5676.999999999999	1.5314347414551625e-17	9.168310263679536e-18
5677.249999999999	2.377856071364541e-17	9.44896685525449e-18
5677.499999999999	3.1403415647208164e-17	9.948535968760991e-18
5677.749999999999	3.094647115066652e-17	9.976533550954073e-18
5677.999999999999	1.991060461234335e-17	9.360405590152113e-18
5678.249999999998	1.9049087732563246e-17	9.502556578419351e-18
5678.499999999999	2.3929737896756827e-17	9.777688430683064e-18
5678.749999999999	2.936814767618879e-17	9.491571619884647e-18
5678.999999999999	2.0057803056708386e-17	9.221313515790096e-18
5679.249999999998	2.857396826135418e-17	9.688181698140538e-18
5679.499999999999	2.464559985119492e-17	9.711506537053308e-18
5679.749999999999	1.7503818395363134e-17	9.457153461776928e-18
5679.999999999999	1.8264498649750574e-17	9.343910781557193e-18
5680.249999999998	2.958985110550709e-18	8.51219556488615e-18
5680.499999999999	3.13314807124181e-17	9.963220078995032e-18
5680.749999999999	3.533121661146721e-17	9.906767483730126e-18
5680.999999999999	4.050721988517898e-17	1.0272405302716328e-17
5681.249999999998	2.868804308527014e-17	9.925048175267548e-18
5681.499999999999	1.9615135697539408e-17	9.436565763511095e-18
5681.749999999998	1.5001451458602416e-17	9.244394336422163e-18
5681.999999999999	1.3598131277600079e-17	9.152590523318578e-18
5682.249999999998	1.4802172068509816e-17	9.230357081427139e-18
5682.499999999999	2.8239029596441656e-17	9.53018027497556e-18
5682.749999999998	1.6151063765206164e-17	9.31625317059587e-18
5682.999999999999	2.5210029850892927e-17	9.649630945692504e-18
5683.249999999999	2.4363345973857124e-17	9.642157368858088e-18
5683.499999999999	2.3771868822489857e-17	9.555975075197413e-18
5683.749999999999	2.7982276043027646e-17	9.590845701100198e-18
5683.999999999999	2.043404946705058e-17	9.34456425424111e-18
5684.249999999999	1.1427704476031378e-17	9.12901339431898e-18
5684.499999999999	1.05814110282447e-17	9.020032348615118e-18
5684.749999999999	2.8909171624062717e-17	9.907309287031348e-18
5684.999999999999	3.53614814957193e-17	9.925226019099247e-18
5685.249999999999	2.791637290926432e-17	9.395229066759983e-18
5685.499999999999	1.588006947036644e-17	9.110968449256135e-18
5685.749999999999	1.3032041126412676e-17	9.27348214266259e-18
5685.999999999998	2.3636571852778233e-17	9.23797127896569e-18
5686.249999999999	2.2878862831151084e-17	9.413169787065646e-18
5686.499999999999	9.492231710013464e-18	8.828998294868446e-18
5686.749999999999	1.8589820512861554e-17	9.469305572155944e-18
5686.999999999998	2.1446847754699283e-17	9.381240615421099e-18
5687.249999999999	1.2036563173610222e-17	9.065032628299228e-18
5687.499999999999	1.5616519801039696e-17	9.38094283040058e-18
5687.749999999999	3.592661790766043e-17	1.0102437884810157e-17
5687.999999999998	3.506792502249158e-17	1.0185721737604446e-17
5688.249999999999	4.4255476334399715e-17	1.041079261919645e-17
5688.5	3.230139961147328e-17	1.0031581593538865e-17
5688.749999999999	1.9290746894159388e-17	9.47621170309015e-18
5688.999999999998	1.4642646978656514e-17	9.422621152744677e-18
5689.249999999999	2.1834003022959827e-17	9.80395389667346e-18
5689.499999999998	2.8194394930588295e-17	9.909144800810603e-18
5689.749999999999	2.1200400871717684e-17	9.36816785302031e-18
5689.999999999999	1.9217007051272736e-17	9.466714842477428e-18
5690.249999999999	2.8505610055532796e-17	1.0039132098170249e-17
5690.499999999999	3.678829856920182e-17	1.0465269079977967e-17
5690.749999999999	1.5051231187865857e-17	9.453661105230729e-18
5690.999999999999	1.2047132060296812e-17	9.313743504617384e-18
5691.249999999999	1.9659808413700947e-17	9.629556099406455e-18
5691.499999999999	1.4392714356573617e-17	9.445874854124767e-18
5691.749999999999	1.1719025907243979e-17	9.221069497509393e-18
5691.999999999999	2.2660134770496138e-17	9.315244010248555e-18
5692.249999999999	3.164440313814691e-17	9.975097565410681e-18
5692.499999999999	2.0962579828163788e-17	9.565012850570167e-18
5692.749999999998	8.66072990594046e-18	8.81200552354477e-18
5692.999999999999	9.824311638729002e-18	8.901719051240433e-18
5693.249999999999	1.433676055121808e-17	9.228013678751776e-18
5693.499999999999	1.0163527654589036e-17	8.947859185808641e-18
5693.749999999998	5.786046907518092e-18	8.793621434430779e-18
5693.999999999999	2.4524240874804814e-17	9.728998925466967e-18
5694.249999999999	2.080179246069573e-17	9.38762396820817e-18
5694.499999999999	2.0912543672910456e-17	9.374748901973783e-18
5694.749999999998	1.1679726556341584e-17	9.152236490016406e-18
5694.999999999999	1.3186490636027353e-17	9.14350311710907e-18
5695.25	1.7808976903862522e-17	9.28285823490588e-18
5695.499999999999	1.5317356697620093e-17	9.27047864985841e-18
5695.749999999998	2.097047609429122e-17	9.372319472514714e-18
5695.999999999999	3.6475482022591416e-17	9.893822107143671e-18
5696.249999999998	2.18815576363755e-17	9.670748866730983e-18
5696.499999999999	1.346765346213719e-17	9.304426142197587e-18
5696.749999999998	1.261470782786436e-17	9.336672951197354e-18
5696.999999999999	1.0297889083027862e-17	9.15847839491873e-18
5697.249999999999	9.247010708699669e-18	9.099622012793745e-18
5697.499999999999	2.3639584444569152e-17	9.751798504690766e-18
5697.749999999999	2.6623292742858152e-17	9.88405641283187e-18
5697.999999999999	4.140323846830867e-17	1.0342747087646613e-17
5698.249999999999	4.0978104029403364e-17	1.033479540041814e-17
5698.499999999999	3.346520633738844e-17	1.0092160165699186e-17
5698.749999999999	3.415600471926617e-17	1.0103644741323872e-17
5698.999999999999	2.6654098603230852e-17	9.808740790878304e-18
5699.249999999999	1.9020371330417855e-17	9.416059956125906e-18
5699.499999999998	3.280431549773817e-17	9.864605260727686e-18
5699.749999999999	2.586507748669612e-17	9.802297053906516e-18
5699.999999999999	2.0973559823614817e-17	9.332149100427302e-18
5700.249999999999	2.101133550782889e-17	9.389442938375175e-18
5700.499999999998	1.1820537512016486e-17	9.104348522813873e-18
5700.749999999999	1.3967613004892815e-17	9.352739280234972e-18
5700.999999999999	1.8858980121102634e-17	9.43144137961633e-18
5701.249999999999	1.6585780264327282e-17	9.231231411334607e-18
5701.499999999998	2.63217936813887e-17	9.904281805989404e-18
5701.749999999999	1.9433946747443343e-17	9.33216150813649e-18
5702.0	2.5058435768752784e-17	9.75618008039546e-18
5702.249999999999	2.6420972636833807e-17	9.929557963967187e-18
5702.499999999998	2.2383613254803336e-17	9.699526480241703e-18
5702.749999999999	2.9617043013783546e-17	9.893233154547533e-18
5702.999999999998	3.563331620606138e-17	1.001644584269037e-17
5703.249999999999	1.889994541375871e-17	9.504570763210918e-18
5703.499999999998	6.815172086097366e-18	9.215975719297292e-18
5703.749999999999	2.2258328479226054e-17	9.631219559618299e-18
5703.999999999999	2.002095216041915e-17	9.394241413108595e-18
5704.249999999999	1.564450166680114e-17	8.964498751010758e-18
5704.499999999999	1.0189266206529236e-17	8.884538509917707e-18
5704.749999999999	1.8317178474241626e-17	9.36308069225311e-18
5704.999999999999	2.1515945459988288e-17	9.519366542827654e-18
5705.249999999999	1.084787485486947e-17	9.105449500209181e-18
5705.499999999999	2.904021357670337e-17	9.691276180812099e-18
5705.749999999999	2.915252816027582e-17	9.955946679868854e-18
5705.999999999999	2.2886532449790676e-17	9.730563124005305e-18
5706.249999999998	3.140180760809736e-17	1.0029227437515539e-17
5706.499999999999	3.1063996972098055e-17	9.937330153002735e-18
5706.749999999999	2.432053772279628e-17	9.443851570346463e-18
5706.999999999999	1.5668210317518135e-17	8.997386624985254e-18
5707.249999999998	1.4334834874752056e-17	9.089487395928745e-18
5707.499999999999	1.989524386836824e-17	9.628077927651823e-18
5707.749999999999	1.7797680925417497e-17	9.32458949680918e-18
5707.999999999999	1.8177634759265155e-17	9.436864375712227e-18
5708.249999999998	2.4213556799813572e-17	9.557849466465458e-18
5708.499999999999	2.1669819251896627e-17	9.659791205156493e-18
5708.749999999999	3.416973591743455e-17	1.0241829398553918e-17
5708.999999999999	5.025759150331309e-17	1.0594137201968828e-17
5709.249999999998	3.382746181484991e-17	9.9221455984981e-18
5709.499999999999	3.877658268142818e-17	1.0146881471942019e-17
5709.749999999998	1.9223439207715948e-17	9.586429383809778e-18
5709.999999999999	1.9492504517367197e-17	9.640104306577731e-18
5710.249999999998	2.748868579098868e-17	9.890480297468957e-18
5710.499999999999	3.502121909638439e-17	1.0119807023312546e-17
5710.749999999998	4.55764970075367e-17	1.04466624792792e-17
5710.999999999999	4.036610287267743e-17	1.0297646719108384e-17
5711.249999999999	1.2778248052410994e-17	9.240368448380868e-18
5711.499999999999	4.6367420639480304e-17	1.0687257059426985e-17
5711.749999999999	3.050860143905035e-17	1.0011213925315972e-17
5711.999999999999	4.1702681158775314e-17	1.0289987026636143e-17
5712.249999999999	4.24886880291579e-17	1.0142022613023882e-17
5712.499999999999	3.2871614912375485e-17	9.756233019954663e-18
5712.749999999999	2.676138061995653e-17	9.700897118516703e-18
5712.999999999999	2.5172231005621704e-17	9.679343273295409e-18
5713.249999999999	8.998149285510028e-18	9.031738608643968e-18
5713.499999999999	1.6899131169613395e-17	9.5163911741643e-18
5713.749999999999	2.6409216745968203e-17	9.858827404149003e-18
5713.999999999998	1.3906062495512744e-17	9.402604209101506e-18
5714.249999999999	1.4302978495001414e-17	9.267159174060235e-18
5714.499999999999	2.097424472916201e-17	9.491248192265138e-18
5714.749999999999	2.364524732304269e-17	9.652106697265876e-18
5714.999999999998	2.135103046126359e-17	9.632139384459458e-18
5715.249999999999	2.3531308156747185e-17	9.668433588196447e-18
5715.499999999999	3.021890293619958e-17	1.0040549058559552e-17
5715.749999999999	4.881064416244348e-17	1.0602530603644404e-17
5715.999999999998	2.321076078013186e-17	9.584141402235456e-18
5716.249999999999	2.6866556634842647e-17	9.711690998329908e-18
5716.5	2.2623927420723466e-17	9.518849554944808e-18
5716.749999999999	1.2653941831498363e-17	9.228541419982585e-18
5716.999999999998	2.5386282187093276e-17	9.896483974354867e-18
5717.249999999999	3.314653335204116e-17	1.0040467994859522e-17
5717.499999999998	3.9398236208722e-18	8.740998685401993e-18
5717.749999999999	2.46456842236174e-17	9.870048936338897e-18
5717.999999999998	2.589738716142244e-17	9.677496178987578e-18
5718.249999999999	3.4165262524681866e-17	9.914198874353302e-18
5718.499999999999	3.9761870596264595e-17	1.0180652774810721e-17
5718.749999999999	3.1862825141975215e-17	1.0025786366167318e-17
5718.999999999999	2.8472866938165497e-17	9.820994644472665e-18
5719.249999999999	3.7077884575489284e-17	1.0029485517866655e-17
5719.499999999999	4.0765038847221955e-17	1.0607980896700516e-17
5719.749999999999	3.4877021663281695e-17	1.005841036952641e-17
5719.999999999999	2.5702498446021273e-17	9.554330640139657e-18
5720.249999999999	2.851360723769496e-17	9.800942132063154e-18
5720.499999999999	2.960449633825234e-17	9.961989234243554e-18
5720.749999999998	1.827300537517007e-17	9.518838801596845e-18
5720.999999999999	1.1974255793969665e-17	9.161900441112863e-18
5721.249999999999	3.81513664872361e-17	1.0271098357348494e-17
5721.499999999999	1.4598204218705265e-17	9.352292602704193e-18
5721.749999999998	2.081704897991366e-17	9.442760519118505e-18
5721.999999999999	8.866704495911064e-18	9.222566694418114e-18
5722.249999999999	2.2830758969808676e-17	9.575389831354645e-18
5722.499999999999	3.495712583380133e-17	1.0054768293289339e-17
5722.749999999998	2.973895620118406e-17	1.011328304982134e-17
5722.999999999999	2.4646253323878836e-17	9.800355661008854e-18
5723.25	1.9278256466909837e-17	9.43563435814136e-18
5723.499999999999	3.133411776421092e-17	1.0215496103753292e-17
5723.749999999998	2.546440608722646e-17	1.0030673349226282e-17
5723.999999999999	2.738332448764535e-17	9.915980621392742e-18
5724.249999999998	2.343835456259215e-17	9.617179823081436e-18
5724.499999999999	1.0331983813516073e-17	9.118320430540506e-18
5724.749999999998	1.1386180009281216e-17	9.16178959891078e-18
5724.999999999999	3.318956659622862e-17	1.0257066065437145e-17
5725.249999999999	4.703779427767288e-17	1.0622543411384512e-17
5725.499999999999	1.3585022946432951e-17	9.244863347829481e-18
5725.749999999999	2.0276999301590038e-17	9.863839291480461e-18
5725.999999999999	3.31659092307096e-17	1.0209386547748976e-17
5726.249999999999	3.875676674267386e-17	1.0367359846773128e-17
5726.499999999999	3.234258658853352e-17	1.0077968227929614e-17
5726.749999999999	2.2895869664545175e-17	9.689190858487853e-18
5726.999999999999	2.591570590326804e-17	9.99867800313273e-18
5727.249999999999	2.1010038488628406e-17	9.589608238903819e-18
5727.499999999998	1.998939522005025e-17	9.669006824360946e-18
5727.749999999999	4.1158598147784885e-17	1.0486341506082755e-17
5727.999999999999	2.323366044820978e-17	9.764929996915046e-18
5728.249999999999	1.6815195498496414e-17	9.363372687009341e-18
5728.499999999998	2.816516898518557e-17	9.907032181526143e-18
5728.749999999999	3.2886907827540365e-17	1.0241705321462035e-17
5728.999999999999	1.7225943612188195e-17	9.557982642544079e-18
5729.249999999999	2.2757809911587624e-17	9.705541737656189e-18
5729.499999999998	3.863432085095886e-17	1.043595131752725e-17
5729.749999999999	3.142971006452e-17	9.833950774407083e-18
5729.999999999999	3.037737750667494e-17	9.959530026282433e-18
5730.249999999999	1.5225344435002144e-17	9.224908442732252e-18
5730.499999999998	7.831004885823219e-18	8.83467937131546e-18
5730.749999999999	2.547136267617803e-17	9.757375356380599e-18
5730.999999999998	3.136048166469421e-17	1.0126211882795544e-17
5731.249999999999	3.5433456135178766e-17	1.0171148469572487e-17
5731.499999999998	4.458873416830753e-17	1.0491157351609039e-17
5731.749999999999	1.596578027107796e-17	9.333082987338874e-18
5731.999999999998	8.851733354004466e-18	9.221003323060389e-18
5732.249999999999	2.0173830026869974e-17	9.773999205151077e-18
5732.499999999999	2.4569419825501235e-17	9.937393845909902e-18
5732.749999999999	2.4793815727713395e-17	9.81795392854092e-18
5732.999999999999	3.74563594104017e-17	1.0298602939896495e-17
5733.249999999999	3.747794551566688e-17	1.0499362156104953e-17
5733.499999999999	3.84305763399197e-17	1.0142283174916837e-17
5733.749999999999	1.7686982652761976e-17	9.461975924748112e-18
5733.999999999999	4.0815258636571274e-18	8.747313382198222e-18
5734.249999999999	1.1650185455125478e-17	9.246158712668739e-18
5734.499999999999	1.6365250604298194e-17	9.735926563097099e-18
5734.749999999999	7.407968176951349e-18	9.259279451545055e-18
5734.999999999999	7.388274660927687e-18	9.015608586699184e-18
5735.249999999998	6.0786661851117884e-18	8.980589895466752e-18
5735.499999999999	2.3022764133594484e-17	9.705108295015211e-18
5735.749999999999	2.2031719041694702e-17	9.785281121525688e-18
5735.999999999999	3.579481825757868e-17	1.034131441082567e-17
5736.249999999998	3.720980003085679e-17	1.0348922818099933e-17
5736.499999999999	2.843377107369379e-17	1.0004397129887922e-17
5736.749999999999	2.1833811117057715e-17	9.779518154198031e-18
5736.999999999999	1.3032595337423087e-17	8.991028087616559e-18
5737.249999999998	7.684955395329018e-18	8.776234097954914e-18
5737.499999999999	3.3722399950888326e-18	8.902498255377458e-18
5737.75	2.1561864737332944e-18	8.90186049912518e-18
5737.999999999999	1.2377191186775884e-17	9.355347380706351e-18
5738.249999999998	1.4432804492141612e-17	9.38185686497745e-18
5738.499999999999	1.483267187205587e-17	9.23794894508915e-18
5738.749999999998	2.0579052574069902e-17	9.53751571264768e-18
5738.999999999999	2.2607833794725635e-17	9.852540004312987e-18
5739.249999999998	2.3777801361843087e-17	1.0095927146208752e-17
5739.499999999999	3.780991956526401e-17	1.0458759168557175e-17
5739.749999999999	3.994071366214346e-17	1.0492574311998342e-17
5739.999999999999	3.2788496495703707e-17	9.983926891269072e-18
5740.249999999999	2.592099985918838e-17	9.563339464190972e-18
5740.499999999999	1.961615974713775e-17	9.438742902883335e-18
5740.749999999999	9.160137719227512e-18	9.327956949082883e-18
5740.999999999999	8.249016472473828e-18	9.151822072529517e-18
5741.249999999999	1.3147753767941494e-17	9.446887323194532e-18
5741.499999999999	2.2600802759518934e-17	9.910308643932465e-18
5741.749999999999	2.3301942553414807e-17	9.979427028736784e-18
5741.999999999998	2.2573305621596446e-17	9.904755780480397e-18
5742.249999999999	2.1130777079559096e-17	9.742563033151612e-18
5742.499999999999	1.2963294145703394e-17	9.534774436097679e-18
5742.749999999999	1.2914727890398568e-17	9.480065537564034e-18
5742.999999999998	2.631278733887922e-17	9.868911562996637e-18
5743.249999999999	1.8238644292524616e-17	9.583838654131262e-18
5743.499999999999	2.6064692712117417e-17	1.0241060947764856e-17
5743.749999999999	3.1974683121849536e-17	1.0218356494311501e-17
5743.999999999998	3.1310278418957143e-17	1.0118832604550958e-17
5744.249999999999	2.281545778283767e-17	9.748354951800708e-18
5744.5	1.0741578010253343e-17	9.265220262704411e-18
5744.749999999999	8.76147140556268e-18	9.272174370114144e-18
5744.999999999998	2.2775273348679844e-17	1.0068638457800628e-17
5745.249999999999	3.410874292778734e-17	1.0339160432510583e-17
5745.499999999998	2.6811656657587502e-17	1.0018771047392256e-17
5745.749999999999	1.369798190370258e-17	9.485883925992732e-18
5745.999999999998	1.3544036974261561e-17	9.573195321189542e-18
5746.249999999999	2.6860263444742343e-17	1.0127099447592813e-17
5746.499999999999	3.4799048310019996e-17	1.0408172111015882e-17
5746.749999999999	2.6277852192888657e-17	1.005888682555924e-17
5746.999999999999	1.9009343358491298e-17	9.602653704344393e-18
5747.249999999999	3.481220709920449e-17	1.0446540883729154e-17
5747.499999999999	1.4100253070476918e-17	9.035446032149431e-18
5747.749999999999	1.3451160307903495e-17	9.21024666637475e-18
5747.999999999999	2.4026855518115453e-17	9.701336351421969e-18
5748.249999999999	2.2141944167039843e-17	9.644829989417247e-18
5748.499999999999	1.707249829983716e-17	9.065419748825903e-18
5748.749999999998	2.451604516929564e-17	8.947075018587941e-18
5748.999999999999	2.8508253724770515e-17	9.973769113346921e-18
5749.249999999999	1.685950094646598e-17	9.772971846830286e-18
5749.499999999999	2.4399607917550224e-17	1.016015937513472e-17
5749.749999999998	1.8493642568678788e-17	9.798668212559246e-18
5749.999999999999	2.6805566953917887e-17	1.013223375765493e-17
5750.249999999999	2.6243552321608533e-17	1.0166809080079034e-17
5750.499999999999	1.6848335662557738e-17	9.775256519682158e-18
5750.749999999998	2.1851439990272445e-17	9.776599860996944e-18
5750.999999999999	3.8695684417520496e-17	1.058768353882969e-17
5751.249999999999	5.260664878534323e-17	1.1234674435466616e-17
5751.499999999999	1.9346517065418938e-17	9.974600429862537e-18
5751.749999999998	2.05732010984167e-17	9.902560443134681e-18
5751.999999999999	3.0539849013870154e-17	1.021213526892449e-17
5752.249999999998	3.3672153691759405e-17	1.0365295203964196e-17
5752.499999999999	2.817448303888292e-17	1.0025661461894823e-17
5752.749999999998	2.11737276056853e-17	9.725513186365669e-18
5752.999999999999	3.2454818454044716e-17	1.0435493059467896e-17
5753.249999999998	3.9804917075341855e-17	1.0602729126991417e-17
5753.499999999999	1.6116924366964875e-17	9.586637006143528e-18
5753.749999999999	3.381806504309131e-17	1.0342131665270873e-17
5753.999999999999	3.434316260466242e-17	1.038976816956719e-17
5754.249999999999	3.5751331718415544e-17	1.0627092904753554e-17
5754.499999999999	3.022271127573977e-17	1.0351249677163045e-17
5754.749999999999	1.213827909199403e-17	9.532514578664184e-18
5754.999999999999	2.5232661512452378e-17	1.0234504714229761e-17
5755.249999999999	1.4022125861621285e-17	9.588143302038988e-18
5755.499999999999	8.040408553023161e-19	9.095810364531101e-18
5755.749999999999	2.292200857190185e-17	9.976858632934807e-18
5755.999999999999	2.8802739949006744e-17	1.0376530798224503e-17
5756.249999999999	2.4710583160117085e-17	1.0232309376884045e-17
5756.499999999998	2.5715468638026104e-17	1.0203923846983676e-17
5756.749999999999	3.2149992472151574e-17	1.0298947047031317e-17
5756.999999999999	2.5354253753775223e-17	9.790929937928812e-18
5757.249999999999	4.8095007201132004e-17	1.0868536999390432e-17
5757.499999999998	1.6463364151114334e-17	9.937387228465001e-18
5757.749999999999	2.0093588544368655e-17	9.992293823165046e-18
5757.999999999999	6.13036083749329e-18	9.406711160842832e-18
5758.249999999999	2.0303613424208625e-18	9.260311772949521e-18
5758.499999999998	3.89417689953938e-18	9.20936241029993e-18
5758.749999999999	5.479746476183075e-18	9.15237380199809e-18
5759.0	2.1499876649408832e-17	9.907914783239737e-18
5759.249999999999	1.2451950116177201e-17	9.433297572910898e-18
5759.499999999998	2.1150907346946186e-17	1.0114062253958365e-17
5759.749999999999	2.5844980306533532e-17	1.0170380845964038e-17
5759.999999999998	1.672327918882952e-17	9.842468253174541e-18
5760.249999999999	2.4045275175995784e-17	1.0077535612469248e-17
5760.499999999999	3.3502571740018683e-17	1.0473363042271798e-17
5760.749999999999	2.882909061460023e-17	1.0424837318816988e-17
5760.999999999999	2.3558492620398128e-17	1.011390839836443e-17
5761.249999999999	1.6214778179068673e-17	9.604601714686955e-18
5761.499999999999	2.676488290267008e-17	1.0279344520875036e-17
5761.749999999999	2.099560915002303e-17	1.0118127846669063e-17
5761.999999999999	2.5910987665054038e-17	1.0247014993814013e-17
5762.249999999999	1.7929963648976978e-17	1.01255369034157e-17
5762.499999999999	2.7218492206981908e-17	1.050960926953326e-17
5762.749999999999	4.180059287352199e-17	1.0877570638860123e-17
5762.999999999999	2.328365028134881e-17	9.99204566898128e-18
5763.249999999998	3.4309698185800976e-17	1.0769278634606519e-17
5763.499999999999	2.8334972621330457e-17	1.0275185456755119e-17
5763.749999999999	2.2858712711429293e-17	1.0001993343027843e-17
5763.999999999999	1.8415383010925146e-17	9.829860366278008e-18
5764.249999999998	2.308572581309957e-17	1.0056209241916406e-17
5764.499999999999	2.6106194017810427e-17	1.0209064774490693e-17
5764.749999999999	2.7714813809403525e-17	1.0231306833981631e-17
5764.999999999999	3.2253138585814487e-17	1.0562423097283545e-17
5765.249999999998	3.7610893292438854e-17	1.088278932134472e-17
5765.499999999999	2.0410135675541673e-17	1.0172517453486262e-17
5765.75	4.028126061160909e-17	1.0827048928587222e-17
5765.999999999999	1.4096967509083858e-17	9.461462245587716e-18
5766.249999999998	9.344756160143222e-18	9.397771819962971e-18
5766.499999999999	1.996425554687354e-17	1.005665426508596e-17
5766.749999999998	2.5934921308897648e-17	1.0381157219390512e-17
5766.999999999999	2.5977115791943978e-17	1.0640850572701535e-17
5767.249999999998	2.2936674484162416e-17	1.0471841029944701e-17
5767.499999999999	4.367015671551229e-17	1.108033494087341e-17
5767.749999999999	3.203557354110079e-17	1.0508784570462544e-17
5767.999999999999	1.7984109237513474e-17	9.822840911599883e-18
5768.249999999999	2.1277202937232008e-17	1.003743803227574e-17
5768.499999999999	3.253849273608813e-17	1.0637196915935889e-17
5768.749999999999	3.35192443924453e-17	1.0611723061791706e-17
5768.999999999999	2.1236879536731273e-17	9.941263396815425e-18
5769.249999999999	2.2042713926396757e-17	1.0256719476760485e-17
5769.499999999999	2.2252003856262474e-17	1.0238483452976141e-17
5769.749999999999	1.3166642437229143e-17	9.754687019389802e-18
5769.999999999998	1.6082578173570448e-17	9.858701672695895e-18
5770.249999999999	2.677014542572714e-17	1.0321975755284793e-17
5770.499999999999	2.879584126269805e-17	1.0593143758053152e-17
5770.749999999999	2.7516895958599188e-17	1.0441907845118244e-17
5770.999999999998	2.7036977347724497e-17	1.0134227262931183e-17
5771.249999999999	2.751272035086702e-17	1.0224453642606629e-17
5771.499999999999	2.982289518102349e-17	1.0295510938766772e-17
5771.749999999999	4.01604558462294e-17	1.0869221077757013e-17
5771.999999999998	4.220096483360991e-17	1.1001546814708346e-17
5772.249999999999	3.648017709974827e-17	1.0832997184372091e-17
5772.499999999999	2.7345444578674096e-17	1.04170427959049e-17
5772.749999999999	2.1093866626265754e-17	1.0190448247624574e-17
5772.999999999998	2.038655771936146e-17	1.0210073107657395e-17
5773.249999999999	1.972202397629351e-17	9.689802972141142e-18
5773.499999999998	2.4969416245591053e-17	1.0184538042147883e-17
5773.749999999999	2.979322586681244e-17	1.0261280550658103e-17
5773.999999999998	2.494753235530535e-17	1.0146179195601961e-17
5774.249999999999	2.5756627490945518e-17	1.0264745610244087e-17
5774.499999999998	1.7349708029799604e-17	9.912032488329026e-18
5774.749999999999	1.3236170276436675e-17	9.736498972080986e-18
5774.999999999999	2.963913204486116e-17	1.0384283962105963e-17
5775.249999999999	4.550567049476746e-17	1.0867721399306454e-17
5775.499999999999	1.6751160138556234e-17	1.0111020710846007e-17
5775.749999999999	3.0427878537432526e-17	1.0712184147186271e-17
5775.999999999999	4.340396006822538e-17	1.1057614770988415e-17
5776.249999999999	2.7552353882736886e-17	1.05383223629562e-17
5776.499999999999	2.0749506374176254e-17	1.0278701801539082e-17
5776.749999999998	2.1270193408721233e-17	1.0313559192552066e-17
5776.999999999999	2.4789643428703678e-17	1.0418472164003392e-17
5777.249999999999	3.580150518565056e-17	1.0827972062150831e-17
5777.499999999999	5.092243295756891e-17	1.1327901826404405e-17
5777.749999999998	4.1403642132447594e-17	1.105457074633422e-17
5777.999999999999	2.831822386828748e-17	1.0528962814325163e-17
5778.249999999999	2.099795172551778e-17	1.0090528965531231e-17
5778.499999999999	2.5548285510061787e-17	1.0318925113185698e-17
5778.749999999998	2.7457499427534205e-17	1.054842141105486e-17
5778.999999999999	2.7663816470278406e-17	1.056081092226968e-17
5779.249999999999	3.504818187563117e-17	1.0884360964508571e-17
5779.499999999999	4.1524685125843703e-17	1.0970397674381437e-17
5779.749999999998	1.0551373618661062e-17	9.551567029713118e-18
5779.999999999999	3.149292651565375e-17	1.048349186887251e-17
5780.249999999998	2.3692057473907065e-17	1.0234543591718551e-17
5780.499999999999	7.970039057542357e-18	9.392337243338498e-18
5780.749999999998	9.496069621260557e-20	9.053096412060088e-18
5780.999999999999	1.496378827095165e-17	9.906459772542256e-18
5781.249999999998	4.078198281488949e-17	1.1084091168035013e-17
5781.499999999999	2.612426460547226e-17	1.0540616961975422e-17
5781.749999999999	3.4313109478647144e-17	1.0606628456398992e-17
5781.999999999999	4.528162697149625e-17	1.1213767445484338e-17
5782.249999999999	4.2557383724669206e-17	1.1117635823415876e-17
5782.499999999999	3.571278510187057e-17	1.0769685607467895e-17
5782.749999999999	2.9790648372023725e-17	1.043232909362488e-17
5782.999999999999	2.4266638634082325e-17	1.0197916861375316e-17
5783.249999999999	1.989663353179733e-17	1.0026445629115523e-17
5783.499999999999	2.059346702342425e-17	9.61415813230378e-18
5783.749999999999	1.0463444319546675e-17	9.724822490554187e-18
5783.999999999999	3.2130212929344206e-17	1.050194378679673e-17
5784.249999999999	3.489894194951435e-17	1.0691818133324603e-17
5784.499999999998	1.0507695173595812e-17	9.728673016305621e-18
5784.749999999999	1.3553532180513057e-17	9.652899136292701e-18
5784.999999999999	2.1103294830887634e-17	9.985274368486921e-18
5785.249999999999	1.1481052662457373e-17	9.588425370627868e-18
5785.499999999998	2.251594230047712e-17	1.0175621862325174e-17
5785.749999999999	3.302484184904481e-17	1.0892612091118788e-17
5785.999999999999	4.7653441646538947e-17	1.1379043922136721e-17
5786.249999999999	3.3223993853323075e-17	1.060438266103591e-17
5786.499999999998	1.2371871588256555e-17	9.794125336635105e-18
5786.749999999999	2.060001167643077e-17	9.95105969680989e-18
5787.0	2.7342428678160728e-17	1.0185725873507509e-17
5787.249999999999	1.3572694646583461e-17	9.910626281287686e-18
5787.499999999998	2.2711691283715343e-17	1.0211692727296774e-17
5787.749999999999	5.788094427688345e-17	1.139629311945029e-17
5787.999999999998	2.9449039322651576e-17	1.0303924192777049e-17
5788.249999999999	1.2288353643348914e-17	9.766433811268667e-18
5788.499999999998	1.3976695448018647e-17	1.0007452735070693e-17
5788.749999999999	3.075552477806478e-17	1.0664618780422634e-17
5788.999999999999	3.362595400018709e-17	1.0704386315551734e-17
5789.249999999999	1.7565693159543326e-17	1.0138373092161298e-17
5789.499999999999	1.5554848523290192e-17	1.00918053052164e-17
5789.749999999999	2.4673676015546194e-17	1.0456620906673725e-17
5789.999999999999	2.871300077871209e-17	1.0586703329803814e-17
5790.249999999999	2.5836581114593668e-17	1.040050249237629e-17
5790.499999999999	1.1595128313553948e-17	9.870202791932832e-18
5790.749999999999	-1.3103653460763842e-18	9.242286680221378e-18
5790.999999999999	9.908244001123533e-18	9.598107519697801e-18
5791.249999999998	2.6747492257471764e-17	1.0251357692029916e-17
5791.499999999999	2.3879607442913664e-17	1.0065226337773847e-17
5791.749999999999	2.3089254565592722e-17	1.0267849191902386e-17
5791.999999999999	3.796554863443219e-17	1.0798373058291846e-17
5792.249999999998	3.319286539251148e-17	1.0357890283120621e-17
5792.499999999999	3.5393026855559624e-17	1.0451504794585085e-17
5792.749999999999	3.581696353693795e-17	1.0530197794979704e-17
5792.999999999999	3.221571693490259e-17	1.0537650692298807e-17
5793.249999999998	2.523844515929535e-17	1.042148806451676e-17
5793.499999999999	2.391066807491503e-17	1.0257293540105597e-17
5793.749999999999	2.789346331501905e-17	1.050683904166182e-17
5793.999999999999	6.102525382700268e-18	9.398065469080427e-18
5794.249999999998	1.7655869081201406e-17	9.757817070827702e-18
5794.499999999999	3.6328386148622337e-17	1.0694500680051112e-17
5794.749999999998	2.4765890110233605e-17	1.023338636604159e-17
5794.999999999999	2.0346341852340358e-17	9.999081667271656e-18
5795.249999999998	1.993621081538554e-17	1.0076542168553572e-17
5795.499999999999	2.13550770288202e-17	1.0007849781764718e-17
5795.749999999998	3.63153100774991e-17	1.0495676239295416e-17
5795.999999999999	2.101040906554283e-17	9.929810254054016e-18
5796.249999999999	3.528716428076509e-17	1.074297015522427e-17
5796.499999999999	3.5057535633997917e-17	1.0667890279745281e-17
5796.749999999999	3.187943823739773e-17	1.057728008826561e-17
5796.999999999999	3.120513714565675e-17	1.0218835431886169e-17
5797.249999999999	2.7687617765224007e-17	1.004549890734507e-17
5797.499999999999	1.8585615126627334e-17	1.0181857976963211e-17
5797.749999999999	2.1929788883532243e-17	1.0026223944711359e-17
5797.999999999998	1.7347272810076248e-17	9.88819397025586e-18
5798.249999999999	3.815743799293224e-17	1.0804688582268689e-17
5798.499999999999	2.8531011117783074e-17	1.01968944661382e-17
5798.749999999999	1.564004647202193e-17	9.794164214123895e-18
5798.999999999998	2.4300940159723674e-17	1.0267965824368756e-17
5799.249999999999	4.1602579069766597e-17	1.1109621270460849e-17
5799.499999999999	4.4235375845514676e-17	1.1230866095926422e-17
5799.749999999999	2.777159975845529e-17	1.0496532371229409e-17
5799.999999999998	3.727419769590527e-17	1.0800669311672293e-17
5800.249999999999	1.8305571475886282e-17	9.915449571439483e-18
5800.499999999999	2.3078279533225368e-17	1.0156016854627054e-17
5800.749999999999	2.6926644688899724e-17	1.0233349142914024e-17
5800.999999999998	3.892566378886739e-17	1.0798253117103026e-17
5801.249999999999	2.816154924282504e-17	1.0310800545209202e-17
5801.499999999998	2.331907677262323e-17	9.866555752612086e-18
5801.749999999999	3.803002240009702e-17	1.0722346061011485e-17
5801.999999999998	2.2305868203390702e-17	1.0229658263020813e-17
5802.249999999999	4.4141596725108314e-17	1.110628111514736e-17
5802.499999999998	2.964881005802803e-17	1.0415548080538017e-17
5802.749999999999	4.7192440656273343e-17	1.0939305609516793e-17
5802.999999999999	3.7376020320588097e-17	1.0757257218764285e-17
5803.249999999999	2.729829362939735e-17	1.0324361344171396e-17
5803.499999999999	2.408001014427811e-17	1.0075357645916396e-17
5803.749999999999	2.983724511029006e-17	1.0205277114465812e-17
5803.999999999999	4.124349996585733e-17	1.0737734929127421e-17
5804.249999999999	2.8468605303649623e-17	1.0437294658842036e-17
5804.499999999999	1.0327234142438793e-17	9.474881596665164e-18
5804.749999999999	5.291684895967613e-18	9.090086274692234e-18
5804.999999999999	7.30549373394583e-18	9.492464974946204e-18
5805.249999999999	1.5864344766921808e-17	9.735368216183626e-18
5805.499999999999	3.620766079258145e-17	1.0277627293923375e-17
5805.749999999998	4.0024215890619463e-17	1.054115380219297e-17
5805.999999999999	9.307470994032395e-18	9.528023815118633e-18
5806.249999999999	1.6583986936759267e-17	9.913708356250058e-18
5806.499999999999	3.145280494722248e-17	1.0586575116808869e-17
5806.749999999998	2.290616475444901e-17	9.881674132667717e-18
5806.999999999999	2.89588355480404e-17	1.0134762448787504e-17
5807.249999999999	2.6860827581920104e-17	1.0123267119814855e-17
5807.499999999999	2.810146615185164e-17	1.032679573671414e-17
5807.749999999998	3.4366472554324165e-17	1.0819630772853846e-17
5807.999999999999	3.483823020127541e-17	1.0736795251951561e-17
5808.25	1.4210296216087298e-17	9.840855250980063e-18
5808.499999999999	9.45366772267563e-18	9.179130613272342e-18
5808.749999999998	2.7399110402455312e-17	1.0356443544229266e-17
5808.999999999999	3.1306691763821113e-17	1.0486515214011392e-17
5809.249999999998	3.0714129351490176e-17	1.0511638343575852e-17
5809.499999999999	2.8987922527100215e-17	1.0347016166787999e-17
5809.749999999998	2.47276115002071e-17	1.007960025527818e-17
5809.999999999999	2.0559431849940144e-17	1.0125556755750402e-17
5810.249999999999	3.6380802929678597e-17	1.0631425676802106e-17
5810.499999999999	2.865496247821292e-17	1.054782832255566e-17
5810.749999999999	2.646397775688044e-17	1.019798303582432e-17
5810.999999999999	1.42715654840591e-17	9.811709542096757e-18
5811.249999999999	2.9593154037693014e-17	1.0448268036848165e-17
5811.499999999999	3.501954157410213e-17	1.0370538701867169e-17
5811.749999999999	2.7424175629376894e-17	9.996010345657247e-18
5811.999999999999	2.204618146752458e-17	9.966090395720591e-18
5812.249999999999	2.1770627753148464e-17	1.0152653538256414e-17
5812.499999999998	5.4151531002016666e-17	1.1342051577962737e-17
5812.749999999999	2.2504355154456476e-17	1.0155496558021759e-17
5812.999999999999	2.7666795974844822e-17	1.0366802327040267e-17
5813.249999999999	1.0168795967910386e-17	9.603438698745706e-18
5813.499999999998	2.0115568387605414e-17	1.0067279400054203e-17
5813.749999999999	3.284438743533269e-17	1.0417631748501038e-17
5813.999999999999	2.6652654345881334e-17	1.0045751197431898e-17
5814.249999999999	1.5200189872574406e-17	9.696918379770323e-18
5814.499999999998	6.1434224329558085e-18	9.23483212854105e-18
5814.749999999999	1.8565701580560733e-17	1.0090287428792366e-17
5814.999999999999	1.5523872263711307e-17	9.946137144984587e-18
5815.249999999999	3.2779089797777754e-17	1.0495782118413823e-17
5815.499999999998	3.766734671488437e-17	1.0534964836849847e-17
5815.749999999999	3.4174758558113975e-17	1.0505676852901182e-17
5815.999999999998	3.023080441085299e-17	1.0405224866493355e-17
5816.249999999999	2.4059840172221618e-17	1.0014909768292859e-17
5816.499999999998	1.2927369691700216e-17	9.841222519172037e-18
5816.749999999999	3.9696655676770915e-17	1.0778543884647725e-17
5816.999999999998	2.7084134914446145e-17	1.0053513460300096e-17
5817.249999999999	4.0076652524010425e-17	1.075106080879565e-17
5817.499999999999	3.1598557479876774e-17	1.0470762386425932e-17
5817.749999999999	1.949245984961412e-17	1.004277086568487e-17
5817.999999999999	1.4355042897116727e-17	9.847258456101836e-18
5818.249999999999	1.686202881041794e-17	9.947501165814687e-18
5818.499999999999	2.3030044977346176e-17	1.0085871938682558e-17
5818.749999999999	4.282520412749856e-18	9.23257392546878e-18
5818.999999999999	2.6200818516802818e-17	1.0164045469652494e-17
5819.249999999998	8.117814046794342e-18	9.463220831570004e-18
5819.499999999999	2.756395757236978e-17	1.041213430615001e-17
5819.749999999999	3.6930189822756716e-17	1.0797919763316167e-17
5819.999999999999	3.4759548781409364e-17	1.0701551567592514e-17
5820.249999999998	2.984278722039417e-17	1.0505353425281674e-17
5820.499999999999	2.6177420885996143e-17	1.0157923505938989e-17
5820.749999999999	2.3798322058479303e-17	1.0120242120314749e-17
5820.999999999999	4.2509172329847165e-17	1.084722055500494e-17
5821.249999999998	1.7904526190779747e-17	9.977340879231925e-18
5821.499999999999	2.1284536720542903e-17	1.0178161306805712e-17
5821.749999999999	2.5876747350778018e-17	1.0308079120993903e-17
5821.999999999999	2.172580449011544e-17	1.0023956642652351e-17
5822.249999999998	2.711838019180584e-17	1.012100726238136e-17
5822.499999999999	3.722018941935046e-17	1.0666316155039593e-17
5822.749999999998	3.007617788458723e-17	1.0357158228278511e-17
5822.999999999999	1.584812871819332e-17	9.852740182021225e-18
5823.249999999998	2.3127870665309147e-17	1.0279643133076167e-17
5823.499999999999	1.9889144238531274e-17	1.013745657604259e-17
5823.749999999998	3.872741837454048e-17	1.0899380082890696e-17
5823.999999999999	4.238057221437477e-17	1.0807027849040989e-17
5824.249999999999	4.027011352567433e-17	1.0704731249867168e-17
5824.499999999999	3.4249783839672535e-17	1.0644839237615266e-17
5824.749999999999	2.5407302500819474e-17	1.0024199006571829e-17
5824.999999999999	3.0682425172972244e-17	1.0337066838380211e-17
5825.249999999999	1.1158016299378877e-17	9.670460180697202e-18
5825.499999999999	4.1743590203149737e-17	1.096207541023854e-17
5825.749999999999	2.269161561024868e-17	1.0068231484939252e-17
5825.999999999999	2.481540845042348e-17	9.909002525745244e-18
5826.249999999999	3.320408527034015e-17	1.0414971535651068e-17
5826.499999999999	3.515370696073578e-17	1.0587760466626657e-17
5826.749999999999	2.853987187650474e-17	1.0235355055899466e-17
5826.999999999998	1.6407491409458827e-17	9.724634720555138e-18
5827.249999999999	2.7431497832159213e-17	9.96329369806955e-18
5827.499999999999	3.0006721182912377e-17	1.0524337220339766e-17
5827.749999999999	1.7320142940345734e-17	9.959149523200659e-18
5827.999999999998	1.6873849221371324e-17	1.001157623042427e-17
5828.249999999999	1.720566610665207e-17	9.959455580027304e-18
5828.499999999999	1.7438909532696098e-17	9.946216554323392e-18
5828.749999999999	2.5859778567692106e-17	1.0164913182115062e-17
5828.999999999998	3.1630235188615104e-17	1.0336579628999417e-17
5829.249999999999	2.18499676087821e-17	1.0167884414875353e-17
5829.5	-6.246730467223628e-19	9.145734850401739e-18
5829.749999999999	3.3911275063236234e-17	1.036157702711077e-17
5829.999999999998	3.3956376258955075e-17	1.0329780204364231e-17
5830.249999999999	2.23409307351956e-17	1.0105476946380677e-17
5830.499999999998	1.4645904415908748e-17	9.79155115056884e-18
5830.749999999999	2.5201089682832454e-17	1.0122023040173575e-17
5830.999999999998	3.4404820647522124e-17	1.0697612533515537e-17
5831.249999999999	3.948956366919033e-19	9.235922352588395e-18
5831.499999999999	1.939684107952544e-17	1.003500777563606e-17
5831.749999999999	2.7289265780191945e-17	1.0546393991373493e-17
5831.999999999999	2.8496223209941544e-17	1.0241808719038604e-17
5832.249999999999	2.9975973225182555e-17	1.0248455115260468e-17
5832.499999999999	3.790779488406374e-17	1.0637027343910315e-17
5832.749999999999	3.609526018222529e-17	1.070202967798657e-17
5832.999999999999	2.4725412854138935e-17	1.0264284043462283e-17
5833.249999999999	2.0843947239072658e-17	1.0112952177576319e-17
5833.499999999999	2.769312678810361e-17	1.0403767374254037e-17
5833.749999999998	2.522839160613038e-17	1.0095941208279166e-17
5833.999999999999	3.047104743924044e-17	1.0435533591317911e-17
5834.249999999999	1.8965807188491407e-17	9.96021245028779e-18
5834.499999999999	2.3834251475566156e-17	1.017497914298922e-17
5834.749999999998	3.888015231156472e-17	1.0878035514364378e-17
5834.999999999999	4.3068055256357393e-17	1.114187883280858e-17
5835.249999999999	3.424645857361007e-17	1.0758453321930037e-17
5835.499999999999	4.000653076912308e-17	1.0546106959700937e-17
5835.749999999998	3.713053296711706e-17	1.0927225463851069e-17
5835.999999999999	3.0131645307742585e-17	1.0426193895021575e-17
5836.25	3.223761406007809e-17	1.0560434555090968e-17
5836.499999999999	2.3862347492252132e-17	1.0202841894742456e-17
5836.749999999998	2.6650872598841895e-17	1.0277285668330391e-17
5836.999999999999	1.9301968426349282e-17	1.006318320166084e-17
5837.249999999998	1.1350283679418865e-17	9.633261868550692e-18
5837.499999999999	3.0635636528803794e-17	1.0548402385900771e-17
5837.749999999998	2.2577219840255047e-17	1.0327878516135972e-17
5837.999999999999	3.5678797904861994e-17	1.0604921155614682e-17
5838.249999999999	2.48551180829097e-17	1.0122305108762456e-17
5838.499999999999	3.093478805169482e-17	1.0518097796979279e-17
5838.749999999999	4.2648333887380636e-17	1.078236545907772e-17
5838.999999999999	3.53123635109459e-17	1.050584477056553e-17
5839.249999999999	2.009856320857255e-17	1.0116725775530786e-17
5839.499999999999	2.1370060578435985e-17	1.0017607204270394e-17
5839.749999999999	1.8292978478240774e-17	9.805815880232317e-18
5839.999999999999	3.571650079718216e-17	1.0885250183667066e-17
5840.249999999999	3.1256174189451275e-17	1.0311643442253394e-17
5840.499999999998	2.541199923233755e-17	1.0036393303162086e-17
5840.749999999999	2.930779326997447e-17	1.0365980936692002e-17
5840.999999999999	3.998063670722772e-17	1.087823072898894e-17
5841.249999999999	3.831509861768485e-17	1.089537983744839e-17
5841.499999999998	2.615747425270504e-17	1.0324833664301164e-17
5841.749999999999	1.38339968661859e-17	9.991480704622907e-18
5841.999999999999	6.739880452381564e-18	9.63159261807456e-18
5842.249999999999	2.892745893304504e-17	1.0169182261256448e-17
5842.499999999998	2.1287271379648003e-17	1.0043896658498554e-17
5842.749999999999	2.276116826487459e-17	1.025415521686157e-17
5842.999999999999	3.0133498192314704e-17	1.0611068761927176e-17
5843.249999999999	2.8058383276827425e-17	1.0539338140748415e-17
5843.499999999998	2.30448531646721e-17	1.0319076487237795e-17
5843.749999999999	3.4995285329819626e-17	1.070339700753912e-17
5843.999999999998	4.5944728037743257e-17	1.1320436521376114e-17
5844.249999999999	3.5916215284276964e-17	1.0541411882544086e-17
5844.499999999998	2.899063567950939e-17	1.0007172320843038e-17
5844.749999999999	5.033868167312289e-17	1.0787036547996807e-17
5844.999999999998	2.89401015615273e-17	1.0193028223955127e-17
5845.249999999999	2.7339119955710516e-17	1.0334965799624326e-17
5845.499999999999	2.5192591229219084e-17	1.0376571330074518e-17
5845.749999999999	6.263990624680313e-18	9.648004708608225e-18
5845.999999999999	2.2447977832627312e-17	1.0319552943270626e-17
5846.249999999999	3.316026124148709e-17	1.0570159717552754e-17
5846.499999999999	4.95386325846616e-17	1.1278989809603532e-17
5846.749999999999	2.144460774960049e-17	1.0299593902270334e-17
5846.999999999999	2.2485096735435016e-17	1.0272422673509192e-17
5847.249999999998	2.815856477517495e-17	1.0245317619197054e-17
5847.499999999999	2.7812359910319454e-17	1.0351224034564056e-17
5847.749999999999	2.6069860936584648e-17	1.0511361238070647e-17
5847.999999999999	2.836980354256384e-17	1.0454321344570828e-17
5848.249999999998	4.1242212872824195e-17	1.0750324618050478e-17
5848.499999999999	1.5443506704118105e-17	1.0234117593703086e-17
5848.749999999999	3.105959637123927e-17	1.0643391671543298e-17
5848.999999999999	4.035503188735902e-17	1.0848989067154578e-17
5849.249999999998	4.327590589195727e-17	1.109270542693414e-17
5849.499999999999	3.08089143235214e-17	1.0518984534595936e-17
5849.749999999999	1.3670793304148575e-17	9.707735420640679e-18
5849.999999999999	1.1381345138600843e-17	9.637411006503258e-18
5850.249999999998	1.4959197418551982e-17	9.945860866659995e-18
5850.499999999999	2.928984675940452e-17	1.0503762756963735e-17
5850.749999999998	2.844966286762216e-17	1.0555411087230933e-17
5850.999999999999	1.0882915052797828e-17	9.769970835567944e-18
5851.249999999998	1.4472949221630035e-17	1.0064814401828795e-17
5851.499999999999	1.4715129507012086e-17	1.0118294109972186e-17
5851.749999999998	1.5211983813748187e-17	1.0081641737029962e-17
5851.999999999999	1.807086890324171e-17	1.0116104562890758e-17
5852.249999999998	1.7977033534553695e-17	1.0182726516606392e-17
5852.499999999999	2.4653433251595796e-17	1.035332176459749e-17
5852.749999999999	1.306841473948847e-17	9.644469338670173e-18
5852.999999999999	2.3905825759609144e-17	1.0357278169467332e-17
5853.249999999999	1.4974604484641395e-17	1.0140780187743828e-17
5853.499999999999	2.975263115107079e-17	1.0740648259244833e-17
5853.749999999999	3.0082739081206e-17	1.0696119472509879e-17
5853.999999999999	2.3516116157617036e-17	1.0364141287009684e-17
5854.249999999999	2.3600640781330155e-17	1.0393270452280739e-17
5854.499999999999	2.5577384069650177e-17	1.0413313038522899e-17
5854.749999999999	3.962641811659781e-17	1.0936278955655462e-17
5854.999999999998	3.603233158994471e-17	1.1021653093857672e-17
5855.249999999999	2.129855577756445e-17	1.0298932157780291e-17
5855.499999999999	2.0526890564642308e-17	1.020090215620602e-17
5855.749999999999	2.6701352122903556e-17	1.0529699005070335e-17
5855.999999999998	3.553035538085568e-17	1.104185367159683e-17
5856.249999999999	3.4226252205606626e-17	1.1086896964672792e-17
5856.499999999999	2.82903842775914e-17	1.0796431665394184e-17
5856.749999999999	4.61856096495636e-17	1.1402769116465967e-17
5856.999999999998	2.3760385901226396e-17	1.0350889026415972e-17
5857.249999999999	2.6049578467964848e-17	1.0259698981326901e-17
5857.5	3.126080640088157e-17	1.0775501514354755e-17
5857.749999999999	1.7274466026920556e-17	1.0323966779019209e-17
5857.999999999998	1.3246681260480386e-17	9.996701041468729e-18
5858.249999999999	2.1752487682315176e-17	1.022465464749548e-17
5858.499999999998	3.4192519780226714e-17	1.0921207724894746e-17
5858.749999999999	4.368791132018013e-17	1.1477551206924436e-17
5858.999999999998	2.3648048156596794e-17	1.0709801039841506e-17
5859.249999999999	3.786919532795956e-17	1.0802204558889192e-17
5859.499999999999	4.14146403258721e-17	1.1230981901212179e-17
5859.749999999999	3.2160917873682175e-17	1.0906987662984347e-17
5859.999999999999	3.6962734416777e-17	1.1285059660938446e-17
5860.249999999999	3.054961967126563e-17	1.0980332940718811e-17
5860.499999999999	2.3461381616484403e-17	1.0565381922334647e-17
5860.749999999999	3.3918309407165385e-17	1.107300281192374e-17
5860.999999999999	3.808036792089945e-17	1.1349592983607383e-17
5861.249999999999	3.5059868283325316e-17	1.1235598396210838e-17
5861.499999999999	2.189379825508006e-17	1.053154444501694e-17
5861.749999999998	1.1786736430645732e-17	1.0153968755430373e-17
5861.999999999999	2.560279671242903e-17	1.0621493719187182e-17
5862.249999999999	2.706096062240486e-17	1.0751169996636508e-17
5862.499999999999	2.2490566053645217e-17	1.0774028305683798e-17
5862.749999999998	2.465935421042045e-17	1.077276189216598e-17
5862.999999999999	2.119666036098772e-17	1.0602917724171079e-17
5863.249999999999	2.4038209399203356e-17	1.0882334372007816e-17
5863.499999999999	-8.037273952091892e-18	9.549922594655362e-18
5863.749999999998	3.79462488563801e-18	1.0009846595763421e-17
5863.999999999999	4.741073775582915e-18	1.0253109660567304e-17
5864.249999999999	7.153752413656652e-18	1.0662201758672754e-17
5864.499999999999	9.11439463135333e-18	1.0949493165940996e-17
5864.749999999998	2.170457572687488e-17	1.1683892237906401e-17
5864.999999999999	3.0699739717554204e-17	1.2432424517817887e-17
5865.249999999998	2.1612548575005905e-17	1.1836771758718452e-17
5865.499999999999	8.431663741989825e-18	1.1141324621798169e-17
5865.749999999998	3.117345943691842e-17	1.2394705909066082e-17
5865.999999999999	1.87215539884943e-17	1.2003471813205038e-17
5866.249999999998	4.88499650200418e-17	1.301496729138897e-17
5866.499999999999	4.1336557784769543e-17	1.2867119510243079e-17
5866.749999999999	2.1163384539305936e-17	1.2431917456102392e-17
5866.999999999999	2.0994856415665607e-17	1.2169381083026024e-17
5867.249999999999	2.1244832051140357e-17	1.2130454790579891e-17
5867.499999999999	3.672652802977881e-17	1.3027389062647678e-17
5867.749999999999	2.7594334953185177e-17	1.2433384047328449e-17
5867.999999999999	4.255445550530077e-17	1.2959888643121513e-17
5868.249999999999	1.1329590929215238e-17	1.1786735603465119e-17
5868.499999999998	1.1322990855107678e-17	1.1429637597122914e-17
5868.749999999999	1.920921997298616e-17	1.1648837977907629e-17
5868.999999999999	3.344858000707612e-17	1.2034853391284075e-17
5869.249999999999	2.9019146940862867e-17	1.1829581077653528e-17
5869.499999999998	9.162268536485449e-18	1.0968554715976668e-17
5869.749999999999	2.912403675125704e-17	1.167954044070376e-17
5869.999999999999	1.081597380736575e-17	1.0602272523293287e-17
5870.249999999999	1.9512254281672513e-17	1.1317126971745289e-17
5870.499999999998	2.4571901367338894e-17	1.1469486195952044e-17
5870.749999999999	4.053835165471302e-17	1.2133173733253353e-17
5870.999999999999	3.049629630025801e-17	1.1703330982301397e-17
5871.249999999999	1.71725954257622e-17	1.1259414580407464e-17
5871.499999999998	2.3034548148600915e-17	1.1829168314527864e-17
5871.749999999999	2.2897795341011198e-17	1.1924028559994833e-17
5871.999999999998	2.654006679270674e-17	1.1850127416888733e-17
5872.249999999999	2.680493664229112e-17	1.2073750732408769e-17
5872.499999999998	1.3352096330563532e-17	1.1371945058119791e-17
5872.749999999999	2.2340283879956583e-17	1.1105171865945926e-17
5872.999999999998	2.166113385546482e-17	1.1271865302987613e-17
5873.249999999999	2.3404481516508105e-17	1.180468211403507e-17
5873.499999999998	2.0346087080711692e-17	1.1777931920205717e-17
5873.749999999999	6.2088486970959965e-18	1.105641122319715e-17
5873.999999999999	2.1846761456727845e-17	1.1498148004177006e-17
5874.249999999999	2.7591077515932943e-17	1.1796904961915846e-17
5874.499999999999	2.1120710291504325e-17	1.1461635424758303e-17
5874.749999999999	4.4588691154915676e-17	1.2422149280248753e-17
5874.999999999999	4.5408238544776064e-17	1.2460109425739424e-17
5875.249999999999	3.138030422089343e-17	1.2076183470590287e-17
5875.499999999999	1.302559490789905e-17	1.1384225381493753e-17
5875.749999999999	8.691658189043817e-18	1.1366398812112623e-17
5875.999999999999	3.422939218321188e-17	1.2505275968726657e-17
5876.249999999998	3.029147645442253e-17	1.2364321083625171e-17
5876.499999999999	1.4324339607139984e-17	1.1300945664602527e-17
5876.749999999999	2.0661355390657703e-17	1.2022879124736758e-17
5876.999999999999	2.1028567334349593e-17	1.1959991891486801e-17
5877.249999999998	2.0062001825497705e-17	1.1750487721842433e-17
5877.499999999999	3.630428210557254e-17	1.2525135748053443e-17
5877.749999999999	3.977141626053346e-17	1.2805099162275078e-17
5877.999999999999	3.189268636208838e-17	1.244151026966617e-17
5878.249999999998	5.186728497534128e-17	1.3362695822932786e-17
5878.499999999999	4.8430385926130404e-17	1.3162323727251003e-17
5878.75	8.610561401789118e-18	1.1685690528558092e-17
5878.999999999999	1.3256092094309402e-17	1.1891078647474396e-17
5879.249999999998	3.1172423806791506e-17	1.2515521427793739e-17
5879.499999999999	3.180784740974249e-17	1.2439953515753345e-17
5879.749999999998	2.1017713070351673e-17	1.1719283987595095e-17
5879.999999999999	9.633439712382391e-18	1.1556877827668271e-17
5880.249999999998	2.3865669449592145e-17	1.233514146033675e-17
5880.499999999999	2.8977291601867683e-17	1.2329207266622295e-17
5880.749999999999	2.1428548865188385e-17	1.2072883847126813e-17
5880.999999999999	4.163646369637922e-17	1.3025790122523613e-17
5881.249999999999	5.201247171645659e-18	1.1509372845089351e-17
5881.499999999999	2.3700501333600007e-17	1.2562307590420351e-17
5881.749999999999	2.6130610735131768e-17	1.2591686564236397e-17
5881.999999999999	2.323155113764777e-17	1.2348662554629542e-17
5882.249999999999	2.838818680449722e-17	1.256283202292871e-17
5882.499999999999	2.3227674969297346e-17	1.2361360604212844e-17
5882.749999999999	1.3974112990146257e-17	1.2347050379615676e-17
5882.999999999998	3.3048327160996413e-17	1.263506805146174e-17
5883.249999999999	4.768488112726086e-17	1.3412334931492093e-17
5883.499999999999	3.706593016127667e-17	1.2802109731541311e-17
5883.749999999999	2.069577603030726e-17	1.231883111301843e-17
5883.999999999998	3.125546281412448e-17	1.2678533083928952e-17
5884.249999999999	3.2473856843023236e-17	1.260242171422611e-17
5884.499999999999	1.573287598908508e-17	1.2181886399526601e-17
5884.749999999999	2.596812599304675e-17	1.303727800687075e-17
5884.999999999998	4.763303344646604e-17	1.392011298539757e-17
5885.249999999999	1.813650733920902e-17	1.2769263216597443e-17
5885.499999999999	5.361879442748863e-18	1.213003292846749e-17
5885.749999999999	1.4669707365215574e-17	1.249974626633174e-17
5885.999999999998	1.553859607861475e-17	1.2450986450763577e-17
5886.249999999999	3.002517723673966e-17	1.3359961163827686e-17
5886.499999999998	4.952987108761344e-17	1.4771864170865873e-17
5886.749999999999	5.49233997013695e-17	1.5274315181626508e-17
5886.999999999998	4.0788911279700235e-17	1.4832650365359945e-17
5887.249999999999	1.557321524161132e-17	1.459084727433722e-17
5887.499999999998	-1.1290314739369995e-17	1.3579288103246121e-17
5887.749999999999	4.075046392482877e-17	1.615519966826893e-17
5887.999999999999	3.374472390125991e-17	1.597074004603083e-17
5888.249999999999	4.999261246588785e-17	1.7063748383317573e-17
5888.499999999999	3.5937731906370693e-17	1.745641598318017e-17
5888.749999999999	2.143438545159056e-17	1.770740574208591e-17
5888.999999999999	4.142511904987192e-17	1.917934717234442e-17
5889.249999999999	2.4437257870311188e-17	1.9209866828225178e-17
5889.499999999999	1.954838222210638e-17	1.9155489629117167e-17
5889.749999999998	-4.289246631900831e-18	1.8276525855857095e-17
5889.999999999999	4.6031095619861144e-17	1.9287722721839894e-17
5890.249999999999	3.8540432542711643e-17	1.861892072681117e-17
5890.499999999999	2.3625161723408677e-17	1.752217849623936e-17
5890.749999999998	1.7032942522944873e-17	1.655882244816418e-17
5890.999999999999	1.65458820346614e-17	1.55019288164215e-17
5891.249999999999	1.6539507780861065e-17	1.442981671576907e-17
5891.499999999999	3.002407874088619e-17	1.3803301848015282e-17
5891.749999999998	2.43688334900408e-17	1.3708697201357592e-17
5891.999999999999	4.150196743750055e-17	1.4451224150021943e-17
5892.249999999999	2.1333911131306193e-17	1.3691151046204117e-17
5892.499999999999	8.902187235467138e-18	1.3433989692748119e-17
5892.749999999998	1.9281611511474352e-17	1.3822875422850124e-17
5892.999999999999	2.524417421221789e-17	1.404793058801049e-17
5893.249999999998	2.0634318165155794e-17	1.4233621055000068e-17
5893.499999999999	1.957445495501405e-17	1.475830337190368e-17
5893.749999999998	2.929931301433458e-17	1.475784676820555e-17
5893.999999999999	-6.703589970957331e-18	1.4203644029601146e-17
5894.249999999998	2.3803771524354802e-17	1.5745144731930467e-17
5894.499999999999	1.6093735185672563e-17	1.598646144075301e-17
5894.749999999999	-1.719431698185269e-18	1.5551180804454132e-17
5894.999999999999	8.202896190240322e-18	1.6845589422924062e-17
5895.249999999999	1.0557012508896836e-17	1.7972300407088667e-17
5895.499999999999	7.366284064342964e-18	1.8009151303377904e-17
5895.749999999999	3.5488979806615775e-17	1.8698743655922536e-17
5895.999999999999	1.9234639233209916e-17	1.761862279257937e-17
5896.249999999999	2.5974549877683838e-17	1.776138093141622e-17
5896.499999999999	2.6845056556361168e-17	1.6998799815981134e-17
5896.749999999999	3.7996812752864244e-17	1.6677891788618737e-17
5896.999999999999	5.083866934001934e-17	1.6275450222638213e-17
5897.249999999999	4.668646420174201e-17	1.5372875405973427e-17
5897.499999999998	2.5071798044367966e-17	1.4597970953772525e-17
5897.749999999999	2.765451234274841e-17	1.45589660791682e-17
5897.999999999999	2.6127431052857114e-17	1.4419242038818193e-17
5898.249999999999	1.823201030401194e-17	1.3889684319384194e-17
5898.499999999998	3.7663948656928005e-17	1.4324397509782862e-17
5898.749999999999	2.3668515913673806e-17	1.4221253050481175e-17
5898.999999999999	2.5383699729220886e-17	1.4237414505289236e-17
5899.249999999999	1.4718337313427566e-17	1.391751729263538e-17
5899.499999999998	2.523571050019025e-17	1.4487623405696726e-17
5899.749999999999	2.7872565424023513e-17	1.4394378643966074e-17
5900.0	6.807694373359886e-18	1.355532137217801e-17
5900.249999999999	6.064149744387912e-17	1.6147626002580393e-17
5900.499999999998	4.488983121999928e-17	1.5290718173173435e-17
5900.749999999999	1.6603888902297293e-17	1.3628165378461267e-17
5900.999999999998	4.521563119350432e-17	1.5250580061129912e-17
5901.249999999999	4.211020988552304e-17	1.5025767259889025e-17
5901.499999999998	3.1237936511305706e-17	1.4771927036592427e-17
5901.749999999999	1.8809901840998637e-17	1.4237922394185344e-17
5901.999999999999	2.4379060751134407e-17	1.438611180092422e-17
5902.249999999999	5.670448830504113e-17	1.614143372851482e-17
5902.499999999999	6.020226453861346e-17	1.6269661612711566e-17
5902.749999999999	4.1878493434889785e-17	1.5641025853867192e-17
5902.999999999999	1.0795687202842886e-17	1.4225326087817386e-17
5903.249999999999	4.558121690011193e-18	1.3979186916023657e-17
5903.499999999999	3.174730440634851e-17	1.531404797516988e-17
5903.749999999999	4.870850059168298e-17	1.5954059121798084e-17
5903.999999999999	4.399196306101992e-17	1.5818892846623244e-17
5904.249999999998	2.968680742664627e-17	1.513826216883501e-17
5904.499999999999	1.6274520471629703e-17	1.4124836878281994e-17
5904.749999999999	1.6449879452768495e-17	1.4755606763106756e-17
5904.999999999999	5.012499775984329e-17	1.6083120804052283e-17
5905.249999999998	3.640738851456605e-17	1.5573870368656462e-17
5905.499999999999	4.608175216057389e-17	1.5999600377602804e-17
5905.749999999999	3.928913025874564e-17	1.6016995985884794e-17
5905.999999999999	8.903243545109369e-18	1.5357417054686036e-17
5906.249999999998	4.580919614873767e-18	1.5420163667231858e-17
5906.499999999999	3.3912525760322414e-17	1.6241117264133587e-17
5906.749999999999	2.994061290835714e-17	1.6118052641320397e-17
5906.999999999999	1.3173019172571314e-17	1.513084235874041e-17
5907.249999999998	1.3415315263239122e-17	1.4924490574410482e-17
5907.499999999999	1.859629899141907e-17	1.4750766102162095e-17
5907.749999999998	2.6528307593118688e-17	1.526663398245834e-17
5907.999999999999	2.405037722601401e-17	1.5281610914629226e-17
5908.249999999998	2.3119173688348765e-17	1.520780158857112e-17
5908.499999999999	2.7424571021709694e-17	1.5423591503690278e-17
5908.749999999998	3.826820740312044e-17	1.58201485067931e-17
5908.999999999999	2.674821355896591e-17	1.595437510479208e-17
5909.249999999999	1.5592615935698138e-17	1.534314653475827e-17
5909.499999999999	-7.659650286029796e-18	1.427173753762651e-17
5909.749999999999	2.965567896583467e-17	1.584902703633855e-17
5909.999999999999	7.365043293424135e-18	1.4941446122606594e-17
5910.249999999999	3.0104656058716205e-17	1.559520501101543e-17
5910.499999999999	3.193838312784826e-17	1.5706601424107946e-17
5910.749999999999	1.7200529315048116e-17	1.515813931895466e-17
5910.999999999998	7.989702795063967e-18	1.5072426863881916e-17
5911.249999999999	-1.7300107178343628e-18	1.4915848191370528e-17
5911.499999999999	2.952738656155015e-17	1.5694253271923754e-17
5911.749999999999	3.7944247079297724e-17	1.619280991636049e-17
5911.999999999998	7.087305325922513e-17	1.773667304651926e-17
5912.249999999999	3.62708507739356e-17	1.63688488399628e-17
5912.499999999999	1.9393069135932197e-17	1.5815144064087154e-17
5912.749999999999	1.6209717488081074e-17	1.5806463630739022e-17
5912.999999999998	2.171135695353659e-17	1.5879963591248034e-17
5913.249999999999	3.515259522999251e-17	1.6368137464636004e-17
5913.499999999999	3.3387659809322817e-17	1.6959651011950224e-17
5913.749999999999	3.273490511817762e-17	1.7311685845762992e-17
5913.999999999998	1.8118683251369726e-17	1.66870817652242e-17
5914.249999999999	3.892804606903154e-17	1.7897407474428116e-17
5914.499999999998	6.495421863438359e-17	1.8924863402531257e-17
5914.749999999999	3.326841345221717e-17	1.8457800832736865e-17
5914.999999999998	2.5954965549501033e-17	1.8317216524549803e-17
5915.249999999999	3.1804661110022936e-17	1.8295114258582386e-17
5915.499999999998	3.139341007051872e-17	1.770700373230821e-17
5915.749999999999	5.652984069922913e-17	1.8332739395924973e-17
5915.999999999999	4.648730227129639e-18	1.692520555688229e-17
5916.249999999999	1.273315264695644e-17	1.699633647211695e-17
5916.499999999999	2.374511904225081e-18	1.5718188570128588e-17
5916.749999999999	1.6319208077042268e-17	1.6375631720985735e-17
5916.999999999999	2.0020627905619028e-17	1.6584999405829032e-17
5917.249999999999	3.61936483530048e-17	1.7077113967655204e-17
5917.499999999999	4.3574127663839786e-17	1.696878639463526e-17
5917.749999999998	2.347216308858842e-17	1.5969611771675306e-17
5917.999999999999	4.2409503683479426e-17	1.7004786949254793e-17
5918.249999999999	1.1902181892836695e-17	1.5961806495415256e-17
5918.499999999999	2.1733694138797972e-17	1.707804868174739e-17
5918.749999999998	2.879818052947035e-17	1.6464939103000635e-17
5918.999999999999	4.107971820457183e-17	1.7088620049975817e-17
5919.249999999999	3.593037330764142e-17	1.7196699468811996e-17
5919.499999999999	5.221383063860915e-17	1.818137526999512e-17
5919.749999999998	5.2697684974838365e-17	1.8478118042942393e-17
5919.999999999999	1.758251305011898e-17	1.700169163940262e-17
5920.249999999999	4.4606905672004094e-17	1.7858157754362474e-17
5920.499999999999	3.566945903574627e-18	1.5842895973638308e-17
5920.749999999998	5.3088282968808355e-17	1.8212758502435382e-17
5920.999999999999	2.088717569788468e-17	1.700858370826641e-17
5921.249999999998	7.925347316226729e-18	1.6653716608036262e-17
5921.499999999999	1.9886186240660784e-17	1.7031681899691342e-17
5921.749999999998	1.9352257698870056e-17	1.7005964854447068e-17
5921.999999999999	6.164659054412189e-18	1.6554372216468643e-17
5922.249999999998	7.685677524003777e-18	1.709445663637799e-17
5922.499999999999	5.488161715426822e-17	1.8739172935541678e-17
5922.749999999998	7.468868522369953e-17	1.9278900013426403e-17
5922.999999999999	4.3289256587043874e-17	1.8880533139143315e-17
5923.249999999999	1.2505716855993148e-17	1.8279487162450034e-17
5923.499999999999	1.701706561826753e-17	1.8506796394779606e-17
5923.749999999999	5.587364162801327e-17	1.9679310023822497e-17
5923.999999999999	4.7885684184041785e-17	1.9395343882616718e-17
5924.249999999999	1.8264859300497647e-17	1.8446367542310158e-17
5924.499999999999	1.7032505771581445e-17	1.840173783954047e-17
5924.749999999999	2.009897845324005e-17	1.7584190572401236e-17
5924.999999999999	5.71470233153121e-17	2.028195742218168e-17
5925.249999999999	-1.0026391035195095e-17	1.7500170528861775e-17
5925.499999999998	2.6998410878844824e-17	1.9096271769064496e-17
5925.749999999999	3.314339999188081e-17	1.9395651593804588e-17
5925.999999999999	3.0159273140201856e-17	1.9067510699166027e-17
5926.249999999999	2.1513511894626156e-17	1.8604766012169162e-17
5926.499999999998	1.9072731863192462e-17	1.8498777705921517e-17
5926.749999999999	2.9692981502738364e-17	1.8915911653942208e-17
5926.999999999999	2.4149590923044846e-17	1.840310434191241e-17
5927.249999999999	9.703897302598433e-18	1.857273427012866e-17
5927.499999999998	4.737088667545818e-17	2.0043228134315202e-17
5927.749999999999	5.044676770940397e-17	1.9440969510843918e-17
5927.999999999999	3.7339194239717236e-17	1.9429192113282388e-17
5928.249999999999	-1.8362826436345364e-18	1.824469760024728e-17
5928.499999999998	-4.666728022897568e-18	1.809651315659208e-17
5928.749999999999	3.15529467409006e-17	1.9731880660472692e-17
5928.999999999998	5.1668778171940806e-17	2.076965814825927e-17
5929.249999999999	5.572694610946066e-17	2.0722990272460254e-17
5929.499999999998	2.6343637867005e-17	1.9852956741093304e-17
5929.749999999999	2.2863854466116922e-17	1.9866800435824992e-17
5929.999999999998	1.1311086071731814e-17	1.931131556727113e-17
5930.249999999999	2.4883515193338646e-17	2.0546737936259905e-17
5930.499999999999	3.138355669506199e-17	2.0819676105539127e-17
5930.749999999999	5.385924838693228e-17	2.1864494554699757e-17
5930.999999999999	5.46512142664477e-17	2.2176872695585507e-17
5931.249999999999	-8.376609909140745e-18	2.0142713146586954e-17
5931.499999999999	3.425092286737602e-18	2.162689684991125e-17
5931.749999999999	2.422173761607172e-17	2.2785661082812285e-17
5931.999999999999	1.8672998486537436e-17	2.288700394273983e-17
5932.249999999998	3.2633244620894854e-17	2.376300806376819e-17
5932.499999999999	-7.178682810138388e-18	2.288837375383422e-17
5932.749999999999	2.0284531608247946e-17	2.321041667299704e-17
5932.999999999999	4.467427787853531e-17	2.3561439037740042e-17
5933.249999999998	2.6580843488183156e-17	2.2951926040296668e-17
5933.499999999999	-5.34411201678153e-18	2.223213497794895e-17
5933.749999999999	9.062246477200996e-19	2.1908350016416093e-17
5933.999999999999	5.173871463837094e-17	2.3800160053800396e-17
5934.249999999998	1.8612251996712767e-17	2.2801514826432476e-17
5934.499999999999	9.92238614262023e-17	2.5536805897520776e-17
5934.749999999999	5.0767591364343884e-17	2.3305004776042478e-17
5934.999999999999	3.93677339236341e-18	2.1975426092288018e-17
5935.249999999998	1.0235193755680018e-17	2.2355356765078524e-17
5935.499999999999	4.731188884544845e-17	2.37058383029122e-17
5935.749999999998	4.5088936902163245e-17	2.4780476613155365e-17
5935.999999999999	-1.979867549493635e-17	2.1885499979174928e-17
5936.249999999998	2.6906479679926906e-17	2.3385951016425692e-17
5936.499999999999	-2.7422967945682566e-17	2.2411136862505425e-17
5936.749999999998	9.424137374807486e-18	2.3555261652925496e-17
5936.999999999999	5.432312796572957e-17	2.5354784803728482e-17
5937.249999999999	6.172603710605454e-17	2.6046013319524744e-17
5937.499999999999	3.338380183894587e-17	2.4919997167074684e-17
5937.749999999999	5.035418965524703e-18	2.3951416646250617e-17
5937.999999999999	2.1056607102753916e-17	2.481930612546983e-17
5938.249999999999	5.366837480622444e-17	2.5959285086659785e-17
5938.499999999999	7.662311656932624e-17	2.7543517939433594e-17
5938.749999999999	5.3737182998299054e-17	2.6891001476304814e-17
5938.999999999998	6.637700485674114e-18	2.58874014370677e-17
5939.249999999999	6.872759573162695e-18	2.578779400206529e-17
5939.499999999999	3.078732821825622e-17	2.730620643913703e-17
5939.749999999999	3.485306982146461e-17	2.7401155192929543e-17
5939.999999999998	5.6244724776971904e-18	2.6125381299299207e-17
5940.249999999999	-3.846956053500871e-18	2.6362580303032463e-17
5940.499999999999	4.5183003881422775e-17	2.877667714226642e-17
5940.749999999999	4.63174589304821e-17	2.845869567991124e-17
5940.999999999998	8.10495320806649e-17	2.8569719861728105e-17
5941.249999999999	3.049639556193152e-17	2.857822989587005e-17
5941.499999999999	5.724109029457163e-17	3.0173139995990695e-17
5941.749999999999	1.903955034010051e-17	2.8807286133653335e-17
5941.999999999998	1.7765156183731912e-17	2.9114894751127105e-17
5942.249999999999	4.2405582847375925e-17	3.066360515967544e-17
5942.499999999998	1.2469148855473404e-17	2.983217283877389e-17
5942.749999999999	1.4298601055199784e-17	2.897785739340667e-17
5942.999999999998	7.589820525898682e-18	2.940515904551686e-17
5943.249999999999	6.145415834834485e-19	2.9565737963470557e-17
5943.499999999998	4.519644556637676e-18	3.0938583156345215e-17
5943.749999999999	4.0256412106008e-17	3.252085393670605e-17
5943.999999999998	5.288884310567692e-17	3.2251077251728004e-17
5944.249999999999	3.040046577193252e-17	3.114347910279705e-17
5944.499999999999	1.8041505645857303e-17	3.115863966906392e-17
5944.749999999999	4.33286171493116e-17	3.250370813696905e-17
5944.999999999999	5.04231136526074e-17	3.37890508559254e-17
5945.249999999999	8.047360261609118e-17	3.5996130857616937e-17
5945.499999999999	7.581559638557237e-17	3.4983430177280516e-17
5945.749999999999	1.869412467938204e-17	3.4034515048339285e-17
5945.999999999999	-9.431290005564232e-18	3.3420866147833146e-17
5946.249999999999	4.620121689336125e-17	3.607653281315709e-17
5946.499999999999	8.776039710510964e-18	3.4445699913394494e-17
5946.749999999998	-9.305739705010321e-18	3.370293473671373e-17
5946.999999999999	6.36830273213468e-17	3.636512289398704e-17
5947.249999999999	2.90804575678653e-17	3.4066186139632715e-17
5947.499999999999	5.4008650440449157e-17	3.6514438920720214e-17
5947.749999999998	2.9351355909753963e-17	3.5780372375361055e-17
5947.999999999999	6.561201250982046e-17	3.7660355384347075e-17
5948.249999999999	2.3903939787812524e-17	3.514761891142739e-17
5948.499999999999	2.7002907432654663e-17	3.611004024541039e-17
5948.749999999998	7.088752561122235e-17	3.8221120973931473e-17
5948.999999999999	5.755190506409965e-17	3.830204239889631e-17
5949.25	-1.090175450483903e-19	3.7262878556403094e-17
5949.499999999999	1.3826643230540303e-17	3.739681894991013e-17
5949.749999999998	-3.5467138929721925e-18	3.7310474528849395e-17
5949.999999999999	5.839715791867574e-17	4.07454512103167e-17
