3599.999999999999	3.287168721008012e-16	1.7516099248132688e-15
3600.249999999999	2.880262972733056e-16	1.807498005706055e-15
3600.499999999999	2.7026281041396937e-16	1.5817505962521013e-15
3600.749999999999	2.7438929266968836e-16	1.703370233796834e-15
3600.9999999999995	2.929729375737246e-16	1.7703333763540883e-15
3601.2499999999995	3.111261859592565e-16	1.74015941579493e-15
3601.4999999999995	3.078460159039278e-16	1.6538224062724832e-15
3601.7499999999995	2.6071810249896637e-16	1.6986605188518632e-15
3601.9999999999995	1.53640937649035e-16	1.7070815086552287e-15
3602.2499999999995	-1.4635764897627126e-17	1.6589778723059465e-15
3602.4999999999995	-2.2484064309545983e-16	1.6412522255769926e-15
3602.7499999999995	-4.381077758369942e-16	1.64581794492093e-15
3602.9999999999995	-6.051603395955743e-16	1.5934271571882387e-15
3603.2499999999995	-6.815591855131984e-16	1.4809635222868514e-15
3603.4999999999995	-6.430119115798215e-16	1.509488944972416e-15
3603.749999999999	-4.936383238088493e-16	1.515970970480398e-15
3603.999999999999	-2.6320964792576633e-16	1.571153155290766e-15
3604.249999999999	4.7300572585652395e-18	1.6892987930814535e-15
3604.499999999999	2.6713540005774184e-16	1.5582938187229064e-15
3604.749999999999	4.910168462991253e-16	1.5582745487233564e-15
3604.999999999999	6.553393886892045e-16	1.5636775601356547e-15
3605.249999999999	7.477316157538999e-16	1.4767388395833022e-15
3605.499999999999	7.611562067143688e-16	1.5712449524864247e-15
3605.749999999999	6.940342728064988e-16	1.568628679470593e-15
3605.999999999999	5.532692041734581e-16	1.5351493845930115e-15
3606.249999999999	3.566300199381294e-16	1.5457354964886773e-15
3606.499999999999	1.312846061820975e-16	1.4418703047931053e-15
3606.749999999999	-9.173097752778809e-17	1.4450032679067621e-15
3606.999999999999	-2.8436750128274855e-16	1.4733468961460224e-15
3607.249999999999	-4.2642015086331937e-16	1.3914960907495896e-15
3607.499999999999	-5.069417062400153e-16	1.3991648094166748e-15
3607.749999999999	-5.23168515486348e-16	1.3945599147989268e-15
3607.9999999999995	-4.78828105609687e-16	1.3773057477842383e-15
3608.2499999999995	-3.8282548451148346e-16	1.3528071197299206e-15
3608.4999999999995	-2.4803660198979184e-16	1.4006988919632707e-15
3608.7499999999995	-8.965050848378592e-17	1.3966677562881691e-15
3608.9999999999995	7.672414299908944e-17	1.3725300701485001e-15
3609.2499999999995	2.3631858265600565e-16	1.4537751411085277e-15
3609.4999999999995	3.753846586769282e-16	1.3489973772914075e-15
3609.7499999999995	4.810176667178748e-16	1.3162756475060267e-15
3609.9999999999995	5.420100282640513e-16	1.384054482791487e-15
3610.2499999999995	5.513718482820469e-16	1.3846183949761215e-15
3610.4999999999995	5.094463175983619e-16	1.334405858346413e-15
3610.749999999999	4.253799590983264e-16	1.3045838399768387e-15
3610.999999999999	3.152336451128716e-16	1.3142969785412406e-15
3611.249999999999	1.9701721735502327e-16	1.3378563529361717e-15
3611.499999999999	8.495634659177281e-17	1.3020054716853966e-15
3611.749999999999	-1.4125253263701754e-17	1.2854984936093048e-15
3611.999999999999	-1.0067855009623432e-16	1.3184267935546974e-15
3612.249999999999	-1.791623258521893e-16	1.2409808771213422e-15
3612.499999999999	-2.5398429275121493e-16	1.259557897841405e-15
3612.749999999999	-3.2713587958931283e-16	1.2751143990715592e-15
3612.999999999999	-3.9845501264910736e-16	1.2258911969242436e-15
3613.249999999999	-4.673105747729609e-16	1.180269472989535e-15
3613.499999999999	-5.334392261171835e-16	1.218000343866741e-15
3613.749999999999	-5.956296097802446e-16	1.2508752807364565e-15
3613.999999999999	-6.492555063187702e-16	1.2017055475439364e-15
3614.249999999999	-6.852841843071367e-16	1.1720366303795784e-15
3614.499999999999	-6.926396951330733e-16	1.146932162009737e-15
3614.749999999999	-6.630592319533115e-16	1.1389387120864982e-15
3614.9999999999995	-5.951318286868232e-16	1.1570525116635314e-15
3615.2499999999995	-4.94358385454438e-16	1.1732095592532888e-15
3615.4999999999995	-3.68976234304049e-16	1.1988578227752674e-15
3615.7499999999995	-2.246395586255301e-16	1.1985233506402204e-15
3615.9999999999995	-6.207846318548862e-17	1.1010221292356067e-15
3616.2499999999995	1.2027121112563673e-16	1.164961046533808e-15
3616.4999999999995	3.2022523346202835e-16	1.1603611282346251e-15
3616.7499999999995	5.261769404992753e-16	1.1236100627191555e-15
3616.9999999999995	7.151237962020112e-16	1.2348307826495655e-15
3617.2499999999995	8.555240219617963e-16	1.149736158702504e-15
3617.4999999999995	9.141027274062148e-16	1.1157914192204063e-15
3617.749999999999	8.64918703247414e-16	1.146740838442776e-15
3617.999999999999	6.987671411857508e-16	1.1263878013905576e-15
3618.249999999999	4.303639791947688e-16	1.1782480288609126e-15
3618.499999999999	1.0000614404910797e-16	1.1376727154677082e-15
3618.749999999999	-2.3295854435875973e-16	9.957266165294774e-16
3618.999999999999	-5.045276632894937e-16	1.0024006008791308e-15
3619.249999999999	-6.638125110027081e-16	9.862709759810408e-16
3619.499999999999	-6.871409912567845e-16	9.800027204131222e-16
3619.749999999999	-5.826531464483061e-16	9.989810229919468e-16
3619.999999999999	-3.840347880560249e-16	9.986555505819643e-16
3620.249999999999	-1.3709460388593425e-16	1.0231471906144672e-15
3620.499999999999	1.14386151848935e-16	1.0558465799058643e-15
3620.749999999999	3.379267465243659e-16	1.081459479802295e-15
3620.999999999999	5.145692482082554e-16	1.0041034547404672e-15
3621.249999999999	6.357242865943236e-16	9.965196511263442e-16
3621.499999999999	6.985200373970045e-16	1.0187706772551226e-15
3621.749999999999	7.031407375896808e-16	1.0480507004175725e-15
3621.999999999999	6.532534628243218e-16	1.0376984754944672e-15
3622.2499999999995	5.579913327198748e-16	1.0171110220740963e-15
3622.4999999999995	4.328286102102687e-16	9.828546803465274e-16
3622.7499999999995	2.97666486110356e-16	9.292209776428587e-16
3622.9999999999995	1.725700293599188e-16	9.654916695981167e-16
3623.2499999999995	7.318006998295026e-17	9.781079077101143e-16
3623.4999999999995	7.830237255262581e-18	9.65094305266736e-16
3623.7499999999995	-2.2828076163291904e-17	9.285196343625322e-16
3623.9999999999995	-2.4180727750971707e-17	9.47795986659672e-16
3624.2499999999995	-4.986833739275275e-18	9.59459736222482e-16
3624.4999999999995	2.5466411531104195e-17	9.670443868695523e-16
3624.749999999999	5.980480509872272e-17	9.786867488504442e-16
3624.999999999999	9.403950172191657e-17	9.190080896395768e-16
3625.249999999999	1.2751470630019935e-16	9.063593466382283e-16
3625.499999999999	1.611536992983015e-16	9.234337309098621e-16
3625.749999999999	1.9461427855831347e-16	8.823733852752363e-16
3625.999999999999	2.237466911884099e-16	8.83179654761904e-16
3626.249999999999	2.399449986815813e-16	9.179717448286112e-16
3626.499999999999	2.322874162191253e-16	9.501202450669377e-16
3626.749999999999	1.9199442119202001e-16	8.660576248869871e-16
3626.999999999999	1.1737644505912633e-16	9.108470330719e-16
3627.249999999999	1.6844410606034666e-17	9.133706618591258e-16
3627.499999999999	-9.185960289572329e-17	8.552939537097531e-16
3627.749999999999	-1.864355301667383e-16	8.37634375550685e-16
3627.999999999999	-2.4708518136616753e-16	8.205541149879797e-16
3628.249999999999	-2.6288175008365586e-16	8.170011294116031e-16
3628.499999999999	-2.3470714631672377e-16	8.327015733032312e-16
3628.749999999999	-1.7375757542388504e-16	8.628448289180516e-16
3628.999999999999	-9.690528738504066e-17	8.698295155406697e-16
3629.2499999999995	-2.1600989021252897e-17	8.688314989705674e-16
3629.4999999999995	3.738428447704564e-17	8.603312586470744e-16
3629.7499999999995	6.888800791726016e-17	8.173793296225521e-16
3629.9999999999995	6.527335818054098e-17	8.322749333956111e-16
3630.2499999999995	2.3075858537283177e-17	8.461600798021548e-16
3630.4999999999995	-5.5086931901721797e-17	8.305727677485443e-16
3630.7499999999995	-1.5856681331390747e-16	8.213538729088653e-16
3630.9999999999995	-2.687409248651022e-16	7.840808233396503e-16
3631.2499999999995	-3.62318261100056e-16	7.586604116804831e-16
3631.4999999999995	-4.1733126892495553e-16	7.759557656722318e-16
3631.7499999999995	-4.1970271488387243e-16	7.57005256361989e-16
3631.999999999999	-3.6792936077289284e-16	7.617332354548849e-16
3632.249999999999	-2.742414198938283e-16	7.685383510926851e-16
3632.499999999999	-1.6187988109099969e-16	7.501522833626689e-16
3632.749999999999	-5.920812186024047e-17	7.757064203483838e-16
3632.999999999999	7.906225823204118e-18	7.851479789740723e-16
3633.249999999999	2.3450675456829753e-17	7.853802248202976e-16
3633.499999999999	-1.397319915402327e-17	7.892549240979532e-16
3633.749999999999	-9.101491282614445e-17	7.48279069999816e-16
3633.999999999999	-1.846540113286864e-16	7.367477752141327e-16
3634.249999999999	-2.7083984233742125e-16	7.371889205609746e-16
3634.499999999999	-3.3315127492545527e-16	7.189051849988985e-16
3634.749999999999	-3.6769032364169424e-16	7.16486005961981e-16
3634.999999999999	-3.8218363321164786e-16	7.348254339403391e-16
3635.249999999999	-3.9011408804099834e-16	7.500838325126189e-16
3635.499999999999	-4.030265058319666e-16	7.251105483704835e-16
3635.749999999999	-4.2472929136886283e-16	7.339833243720907e-16
3635.999999999999	-4.49827179304224e-16	7.227980425453609e-16
3636.2499999999995	-4.667572150957839e-16	6.937503181686955e-16
3636.4999999999995	-4.634600945434979e-16	6.869982479692171e-16
3636.7499999999995	-4.3287923116595677e-16	6.821449609396867e-16
3636.9999999999995	-3.759127682682931e-16	7.079489726448417e-16
3637.2499999999995	-3.0090630692130803e-16	7.470559544239808e-16
3637.4999999999995	-2.2049177102263568e-16	7.188676508514233e-16
3637.7499999999995	-1.4765225721179416e-16	6.941402180222285e-16
3637.9999999999995	-9.278124357313514e-17	7.031217318784395e-16
3638.2499999999995	-6.241422740147634e-17	7.31382139130632e-16
3638.4999999999995	-5.908978624273165e-17	6.782055695206846e-16
3638.749999999999	-8.135197591476109e-17	7.101612109448332e-16
3638.999999999999	-1.2348695623703193e-16	7.228022777100971e-16
3639.249999999999	-1.755684255531553e-16	6.846069151404406e-16
3639.499999999999	-2.2476629683699956e-16	6.383492282810216e-16
3639.749999999999	-2.5816939208463266e-16	6.476255625424362e-16
3639.999999999999	-2.6612715534387163e-16	6.602633470550296e-16
3640.249999999999	-2.44468423016557e-16	6.560653458893189e-16
3640.499999999999	-1.9457197588937706e-16	6.760624173454536e-16
3640.749999999999	-1.2168893176480851e-16	6.595020761936848e-16
3640.999999999999	-3.298228936458207e-17	6.466963673992983e-16
3641.249999999999	6.337189152235386e-17	6.590036502437848e-16
3641.499999999999	1.5780916835904433e-16	6.681462591786517e-16
3641.749999999999	2.387419708621538e-16	6.489216817704129e-16
3641.999999999999	2.931065758017185e-16	6.500220305084555e-16
3642.249999999999	3.0888258429576023e-16	7.008661360794605e-16
3642.499999999999	2.7905093424111285e-16	6.638885951297188e-16
3642.749999999999	2.0525487371547922e-16	6.62210887559004e-16
3642.999999999999	9.911896659650628e-17	6.605276742741321e-16
3643.2499999999995	-1.9935118590732053e-17	6.24882145573507e-16
3643.4999999999995	-1.298519816881913e-16	5.96422209122677e-16
3643.7499999999995	-2.1201411991985665e-16	5.900103814701987e-16
3643.9999999999995	-2.556707220106579e-16	5.9289675211708615e-16
3644.2499999999995	-2.5907879738265594e-16	5.931801905170611e-16
3644.4999999999995	-2.2745695652734e-16	6.049853416425035e-16
3644.7499999999995	-1.693941187473176e-16	6.045979299482531e-16
3644.9999999999995	-9.381244544647436e-17	5.960260094615988e-16
3645.2499999999995	-8.799032548377363e-18	5.785505021498809e-16
3645.4999999999995	7.780935102822193e-17	5.94338402193313e-16
3645.7499999999995	1.5735785617082795e-16	6.022447665416622e-16
3645.999999999999	2.20281701520908e-16	6.058680558526609e-16
3646.249999999999	2.576397201242842e-16	6.220212917941556e-16
3646.499999999999	2.6368135618857656e-16	6.205668832841608e-16
3646.749999999999	2.3801493866593198e-16	6.149206145973228e-16
3646.999999999999	1.8606601345215022e-16	5.986368826423917e-16
3647.249999999999	1.175105491077237e-16	5.551575697290852e-16
3647.499999999999	4.353079442736698e-17	5.689010498752007e-16
3647.749999999999	-2.5751545392461648e-17	5.590257045013996e-16
3647.999999999999	-8.275537572700317e-17	5.348503253955778e-16
3648.249999999999	-1.228511358964002e-16	5.655502934149811e-16
3648.499999999999	-1.4430964333325616e-16	5.448111681574924e-16
3648.749999999999	-1.48225046926139e-16	5.449883568621461e-16
3648.999999999999	-1.382474914331581e-16	5.637913765604483e-16
3649.249999999999	-1.1967113263452945e-16	5.406849000945022e-16
3649.499999999999	-9.784384454444112e-17	5.532313109279105e-16
3649.749999999999	-7.662633598886247e-17	5.635009501386585e-16
3649.999999999999	-5.791394265613746e-17	5.601215004373506e-16
3650.249999999999	-4.2577570587033875e-17	5.202606063955961e-16
3650.4999999999995	-3.203066709845537e-17	5.161581081946883e-16
3650.7499999999995	-2.900067826093964e-17	5.447121182422228e-16
3650.9999999999995	-3.662807285556055e-17	5.821654799500846e-16
3651.2499999999995	-5.631490217968683e-17	5.244381199518951e-16
3651.4999999999995	-8.571220610984633e-17	5.065140557550469e-16
3651.7499999999995	-1.1815755245236375e-16	5.022598857170213e-16
3651.9999999999995	-1.4400411635995222e-16	5.029784872936482e-16
3652.2499999999995	-1.533959258108015e-16	5.039803155120132e-16
3652.4999999999995	-1.3959095923674186e-16	4.920588032354418e-16
3652.7499999999995	-1.0178035361253581e-16	4.89601295957661e-16
3652.999999999999	-4.6321524966922473e-17	5.058526289023597e-16
3653.249999999999	1.4425732846369582e-17	5.215784308428462e-16
3653.499999999999	6.562139151602137e-17	5.165054446426218e-16
3653.749999999999	9.456545724742004e-17	5.163892952497295e-16
3653.999999999999	9.438744524994107e-17	5.329163903583186e-16
3654.249999999999	6.51900474272677e-17	4.755921121639038e-16
3654.499999999999	1.251292148606993e-17	4.691048456395607e-16
3654.749999999999	-5.549539751534197e-17	4.873166892802386e-16
3654.999999999999	-1.3035743687072157e-16	5.096833354063172e-16
3655.249999999999	-2.0403038798260244e-16	4.751143855816523e-16
3655.499999999999	-2.685959702018625e-16	4.604587568304624e-16
3655.749999999999	-3.1612912287863823e-16	4.600513869223923e-16
3655.999999999999	-3.39680752865324e-16	4.694893456580549e-16
3656.249999999999	-3.3524019323355664e-16	4.441248911129657e-16
3656.499999999999	-3.0359460350817363e-16	4.502985436885879e-16
3656.749999999999	-2.508354900707909e-16	4.619165534722463e-16
3656.999999999999	-1.8695793656015322e-16	4.482750349171566e-16
3657.249999999999	-1.2308083451194349e-16	4.914703270953369e-16
3657.4999999999995	-6.859081432122484e-17	4.902276238825964e-16
3657.7499999999995	-2.947951300991539e-17	4.676027915262828e-16
3657.9999999999995	-8.32707099926835e-18	4.541403674999782e-16
3658.2499999999995	-5.359682069194993e-18	4.791883493601495e-16
3658.4999999999995	-1.9496241196979202e-17	4.700387524034678e-16
3658.7499999999995	-4.8622331455088096e-17	4.55610128482142e-16
3658.9999999999995	-8.914819357127279e-17	4.895173867563237e-16
3659.2499999999995	-1.355341119149574e-16	4.441825952324974e-16
3659.4999999999995	-1.8046792854756242e-16	4.264075823645863e-16
3659.7499999999995	-2.1587068117520723e-16	4.3278481401512513e-16
3659.999999999999	-2.343816431759279e-16	4.4052838921892394e-16
3660.249999999999	-2.3079963024701995e-16	4.198976841786838e-16
3660.499999999999	-2.0311292550464958e-16	4.122155188635609e-16
3660.749999999999	-1.5297452470894708e-16	4.179013334011238e-16
3660.999999999999	-8.55873643035389e-17	4.2644291952035457e-16
3661.249999999999	-8.994253026244584e-18	4.2930771729686663e-16
3661.499999999999	6.715136274809277e-17	4.339465197022844e-16
3661.749999999999	1.331094620357971e-16	4.390551342258527e-16
3661.999999999999	1.8054209332934812e-16	4.3348091627909056e-16
3662.249999999999	2.0367758361605786e-16	4.586469533562855e-16
3662.499999999999	2.0004786599348201e-16	4.500682566060531e-16
3662.749999999999	1.7088109134251238e-16	4.143698677555634e-16
3662.999999999999	1.21251343751472e-16	4.1062357337875565e-16
3663.249999999999	5.987449052679803e-17	4.3476472705955246e-16
3663.499999999999	-1.8403432417572277e-18	4.35194066884692e-16
3663.749999999999	-5.187089130167105e-17	4.0769887449100496e-16
3663.999999999999	-8.064701099508275e-17	3.7695186967324947e-16
3664.249999999999	-8.410451044994531e-17	3.960970377426832e-16
3664.4999999999995	-6.522737279422174e-17	4.0967640525526813e-16
3664.7499999999995	-3.2993813917152216e-17	4.0811707053893217e-16
3664.9999999999995	1.0994921755775456e-18	4.07627961951452e-16
3665.2499999999995	2.7425159535325325e-17	4.1452635709256864e-16
3665.4999999999995	4.148098057590278e-17	4.206345499032358e-16
3665.7499999999995	4.455818748356909e-17	4.198119220927743e-16
3665.9999999999995	4.1694100147965254e-17	3.7629915137805123e-16
3666.2499999999995	3.809957534085056e-17	3.872899332642678e-16
3666.4999999999995	3.591531801209223e-17	3.934340190960749e-16
3666.7499999999995	3.290682944087264e-17	3.814806107350834e-16
3666.9999999999995	2.3710897400867054e-17	3.981713155513906e-16
3667.249999999999	2.961430453253972e-18	4.08529707933143e-16
3667.499999999999	-3.133153353572442e-17	4.067558091833557e-16
3667.749999999999	-7.589430158337579e-17	3.8983786130916795e-16
3667.999999999999	-1.2271629395469661e-16	3.549888082767579e-16
3668.249999999999	-1.616182438536333e-16	3.492670742482755e-16
3668.499999999999	-1.8352243546844353e-16	3.61526314442785e-16
3668.749999999999	-1.8300966472703014e-16	3.8066436214150587e-16
3668.999999999999	-1.5944929348386154e-16	3.475367976952718e-16
3669.249999999999	-1.16821189358792e-16	3.5314738511920665e-16
3669.499999999999	-6.272682427779187e-17	3.648738945294524e-16
3669.749999999999	-6.96679672988071e-18	3.6472772840649183e-16
3669.999999999999	4.016899872367563e-17	3.854868118778002e-16
3670.249999999999	6.975142793131924e-17	3.8599103470943294e-16
3670.499999999999	7.585507506135766e-17	3.795881538424601e-16
3670.749999999999	5.655660708092709e-17	3.7468462717124573e-16
3670.999999999999	1.4072211365284437e-17	3.568078644705457e-16
3671.249999999999	-4.5803218867050084e-17	3.540903710175171e-16
3671.4999999999995	-1.146063488705845e-16	3.552932636817366e-16
3671.7499999999995	-1.8230030974834348e-16	3.500505267849265e-16
3671.9999999999995	-2.3869723805281476e-16	3.4453962455097164e-16
3672.2499999999995	-2.7534208764277734e-16	3.3715227964105246e-16
3672.4999999999995	-2.875228036496161e-16	3.3013717924167195e-16
3672.7499999999995	-2.755442771076596e-16	3.2295693388735645e-16
3672.9999999999995	-2.4442965731089927e-16	3.351594228743999e-16
3673.2499999999995	-2.019865400140266e-16	3.4876232202105074e-16
3673.4999999999995	-1.5618174953713257e-16	3.519341957107221e-16
3673.7499999999995	-1.1318540422831002e-16	3.344791230688567e-16
3673.999999999999	-7.688666715461694e-17	3.3111248474087607e-16
3674.249999999999	-4.9587426653821906e-17	3.3183892137226504e-16
3674.499999999999	-3.282472340774602e-17	3.3575009600621177e-16
3674.749999999999	-2.7433064767234467e-17	3.409696718458704e-16
3674.999999999999	-3.282154901637308e-17	3.5121646763682207e-16
3675.249999999999	-4.6247064409132315e-17	3.382631898211561e-16
3675.499999999999	-6.296361049358271e-17	3.224369880066403e-16
3675.749999999999	-7.748632117668519e-17	3.310193640562373e-16
3675.999999999999	-8.537296579044376e-17	3.1981367402943454e-16
3676.249999999999	-8.453604531034393e-17	3.255161909979261e-16
3676.499999999999	-7.541113172543818e-17	3.3018535424054704e-16
3676.749999999999	-6.004396757022595e-17	3.0850769000772096e-16
3676.999999999999	-4.0776936804633167e-17	3.1702942379225045e-16
3677.249999999999	-1.9322199783286687e-17	3.1703691473987773e-16
3677.499999999999	3.371302270477471e-18	3.141883164684819e-16
3677.749999999999	2.6575549215178927e-17	3.229173615668519e-16
3677.999999999999	4.9009182615024603e-17	3.349381619867093e-16
3678.249999999999	6.830147792901747e-17	3.286716534242444e-16
3678.499999999999	8.10128730156239e-17	3.1644285347627685e-16
3678.7499999999995	8.332341628709994e-17	3.2584894259729904e-16
3678.9999999999995	7.225325488976473e-17	3.2013520244225636e-16
3679.2499999999995	4.700423248279921e-17	3.230437812342296e-16
3679.4999999999995	9.836947527628978e-18	3.249728193622625e-16
3679.7499999999995	-3.400194120123519e-17	2.9770494943579483e-16
3679.9999999999995	-7.73983064571023e-17	3.051798034370772e-16
3680.2499999999995	-1.131705628466083e-16	3.064464353305776e-16
3680.4999999999995	-1.3592319791178149e-16	2.9583372130641207e-16
3680.7499999999995	-1.4336500942887823e-16	2.7387767440151495e-16
3680.9999999999995	-1.3675145748687886e-16	2.9777077977766425e-16
3681.249999999999	-1.204141318528114e-16	3.0655943481969726e-16
3681.499999999999	-1.0058467790743652e-16	3.0036812690108076e-16
3681.749999999999	-8.385034331228735e-17	2.9540009337697707e-16
3681.999999999999	-7.558645894700105e-17	2.96303374605885e-16
3682.249999999999	-7.865376837552559e-17	2.9570888982581047e-16
3682.499999999999	-9.261353440005294e-17	2.934537969526439e-16
3682.749999999999	-1.137074859030016e-16	2.8773288348732916e-16
3682.999999999999	-1.3575905120201602e-16	2.7790401904650866e-16
3683.249999999999	-1.5187210918563343e-16	2.7374357849805275e-16
3683.499999999999	-1.5642484063379654e-16	2.7546713172703764e-16
3683.749999999999	-1.466522216962966e-16	2.7908502120299757e-16
3683.999999999999	-1.2328245191665307e-16	2.8512150738072375e-16
3684.249999999999	-9.013929851769763e-17	2.843597071237869e-16
3684.499999999999	-5.3007435196615597e-17	2.78218003572144e-16
3684.749999999999	-1.8151487497226957e-17	2.7889885924305884e-16
3684.999999999999	9.219271385556563e-18	2.8839097514778654e-16
3685.249999999999	2.6276031862684163e-17	2.9158717456491184e-16
3685.499999999999	3.328890104857282e-17	2.8694662515404035e-16
3685.7499999999995	3.329462209608422e-17	2.758316735317122e-16
3685.9999999999995	3.059414680676386e-17	2.695001022509863e-16
3686.2499999999995	2.8610250917583526e-17	2.686857065419809e-16
3686.4999999999995	2.81570027889199e-17	2.724840669752652e-16
3686.7499999999995	2.7094995648666508e-17	2.755537937854536e-16
3686.9999999999995	2.1616602493944835e-17	2.845327665428228e-16
3687.2499999999995	8.479100721112307e-18	2.8707444771973695e-16
3687.4999999999995	-1.3009870568548714e-17	2.7942317263740925e-16
3687.7499999999995	-4.024492739281006e-17	2.6529847472547016e-16
3687.9999999999995	-6.807686730388992e-17	2.5538215413284566e-16
3688.249999999999	-9.058959785879271e-17	2.5764052925868284e-16
3688.499999999999	-1.0307860882583555e-16	2.691206844301756e-16
3688.749999999999	-1.0351932225472598e-16	2.5577530976926967e-16
3688.999999999999	-9.312960301844028e-17	2.4525624582533493e-16
3689.249999999999	-7.591049262171544e-17	2.507703773724012e-16
3689.499999999999	-5.727465472048421e-17	2.703331591546109e-16
3689.749999999999	-4.214775189463029e-17	2.6997507597615916e-16
3689.999999999999	-3.3221262354561475e-17	2.58878732608891e-16
3690.249999999999	-3.011048968398501e-17	2.5222301240716274e-16
3690.499999999999	-2.9828542814972573e-17	2.5396887966035186e-16
3690.749999999999	-2.834035271648034e-17	2.480399137273678e-16
3690.999999999999	-2.2412665487808797e-17	2.490621236760261e-16
3691.249999999999	-1.0896069200151257e-17	2.5195614408921843e-16
3691.499999999999	5.007882865411533e-18	2.5540505049220113e-16
3691.749999999999	2.235144928050184e-17	2.6688639680377596e-16
3691.999999999999	3.742146806504285e-17	2.556183969157908e-16
3692.249999999999	4.66699795089719e-17	2.5255041711105613e-16
3692.499999999999	4.748565644743226e-17	2.664987998210683e-16
3692.7499999999995	3.890279259908393e-17	2.5897002687873727e-16
3692.9999999999995	2.2219069118171062e-17	2.600855428004916e-16
3693.2499999999995	1.167296247498835e-18	2.5687044396073067e-16
3693.4999999999995	-1.884875943808631e-17	2.444556673412816e-16
3693.7499999999995	-3.25956769352616e-17	2.384284985259752e-16
3693.9999999999995	-3.735379603778614e-17	2.3378379335970627e-16
3694.2499999999995	-3.459921792984281e-17	2.343274826327251e-16
3694.4999999999995	-2.993079667632164e-17	2.418941073598866e-16
3694.7499999999995	-3.097915875778429e-17	2.6482418921456696e-16
3694.9999999999995	-4.4156436000795697e-17	2.5138834084698243e-16
3695.249999999999	-7.17813565851442e-17	2.368386176839789e-16
3695.499999999999	-1.108990244692866e-16	2.3968748065317073e-16
3695.749999999999	-1.5419205658473367e-16	2.1985850553239656e-16
3695.999999999999	-1.9238392183550855e-16	2.222377019672257e-16
3696.249999999999	-2.17034239704023e-16	2.267551933727289e-16
3696.499999999999	-2.227385775911069e-16	2.227947584789434e-16
3696.749999999999	-2.0819596527561727e-16	2.290966571367358e-16
3696.999999999999	-1.7607085437385543e-16	2.1945707808984703e-16
3697.249999999999	-1.3191487053095205e-16	2.2291702239092364e-16
3697.499999999999	-8.263709779445716e-17	2.5117327388771865e-16
3697.749999999999	-3.5090725780560227e-17	2.381007761847266e-16
3697.999999999999	4.818346327506143e-18	2.31826670795516e-16
3698.249999999999	3.249084816206697e-17	2.3152761522557603e-16
3698.499999999999	4.483788235648373e-17	2.3521395555158595e-16
3698.749999999999	4.0742984632908196e-17	2.439221424636298e-16
3698.999999999999	2.178738597031207e-17	2.3843180724842543e-16
3699.249999999999	-7.298879071272868e-18	2.299814889292613e-16
3699.499999999999	-3.91617128527702e-17	2.2687330152931166e-16
3699.7499999999995	-6.556325531484143e-17	2.2018921895874017e-16
3699.9999999999995	-7.976785755376399e-17	2.0889874622787317e-16
3700.2499999999995	-7.847358094385374e-17	2.113872628524573e-16
3700.4999999999995	-6.239170252542442e-17	2.3692639147313813e-16
3700.7499999999995	-3.5390076401760974e-17	2.2726145437739094e-16
3700.9999999999995	-2.9137540127864885e-18	2.220632396498709e-16
3701.2499999999995	2.9424771455301374e-17	2.1758803371728141e-16
3701.4999999999995	5.667911303345327e-17	2.1195367643126421e-16
3701.7499999999995	7.504417802406125e-17	2.3642727730896853e-16
3701.9999999999995	8.237309875386966e-17	2.364659761267462e-16
3702.2499999999995	7.877862057296032e-17	2.246837478304389e-16
3702.499999999999	6.689892018386761e-17	2.0976085371461064e-16
3702.749999999999	5.133727246943193e-17	2.1403776129331402e-16
3702.999999999999	3.7205722903147943e-17	2.139127312893654e-16
3703.249999999999	2.8290678048815765e-17	2.0882876013060629e-16
3703.499999999999	2.5676900394605943e-17	1.9743943600781676e-16
3703.749999999999	2.7500985810871448e-17	2.0781679398665381e-16
3703.999999999999	2.995172115167785e-17	2.1844812950076915e-16
3704.249999999999	2.900461706113433e-17	2.2323585088622607e-16
3704.499999999999	2.202820846624003e-17	2.1829362539723405e-16
3704.749999999999	8.534114263240161e-18	2.0989414228979498e-16
3704.999999999999	-1.0128634392272422e-17	2.0762120878517687e-16
3705.249999999999	-3.1761510294455253e-17	2.0568947073962464e-16
3705.499999999999	-5.435047641596835e-17	1.9863230986045703e-16
3705.749999999999	-7.665719607208817e-17	1.9628344779305145e-16
3705.999999999999	-9.824304082451201e-17	1.934422742948339e-16
3706.249999999999	-1.190980785977264e-16	1.928884603311174e-16
3706.499999999999	-1.3914009567460637e-16	1.9441191526120327e-16
3706.749999999999	-1.5779692069317598e-16	1.919600725162573e-16
3706.9999999999995	-1.7380700530719437e-16	1.9642253324996857e-16
3707.2499999999995	-1.8531272502728616e-16	1.9887147755404816e-16
3707.4999999999995	-1.9024006867171564e-16	1.912005354254764e-16
3707.7499999999995	-1.868466192222181e-16	1.8473238008200575e-16
3707.9999999999995	-1.7424475384340242e-16	1.9173137362049863e-16
3708.2499999999995	-1.5274242822250725e-16	1.9576567243426266e-16
3708.4999999999995	-1.2395491222550505e-16	1.8159031136416592e-16
3708.7499999999995	-9.070237203904979e-17	1.84121828145713e-16
3708.9999999999995	-5.665763734497196e-17	1.953841105613042e-16
3709.249999999999	-2.564803024102431e-17	2.0113283053009053e-16
3709.499999999999	-6.216753094243674e-19	1.8938906282354447e-16
3709.749999999999	1.7411192422182172e-17	2.0559591330362244e-16
3709.999999999999	2.9882903519397825e-17	1.9781849648660286e-16
3710.249999999999	4.0116306378105364e-17	1.8374340294163735e-16
3710.499999999999	5.173803946713316e-17	1.8133755143874932e-16
3710.749999999999	6.677366556756416e-17	1.8058827138756409e-16
3710.999999999999	8.44912609311666e-17	1.8890187329508544e-16
3711.249999999999	1.0171920227365286e-16	2.0127779227807922e-16
3711.499999999999	1.1447988641699543e-16	2.1340527914462127e-16
3711.749999999999	1.199615365998644e-16	2.037779291359085e-16
3711.999999999999	1.1770340791722242e-16	1.90882302500215e-16
3712.249999999999	1.0948666477196097e-16	1.8541830471571432e-16
3712.499999999999	9.828941082160186e-17	1.9699175262541326e-16
3712.749999999999	8.710499491806347e-17	1.9046217415837687e-16
3712.999999999999	7.81917059886417e-17	1.872631160050546e-16
3713.249999999999	7.277081011710299e-17	1.8447680112506157e-16
3713.499999999999	7.086810952560209e-17	1.7821181457492374e-16
3713.749999999999	7.112911880630592e-17	1.8580906483708437e-16
3713.9999999999995	7.078665793389444e-17	1.8335311927630013e-16
3714.2499999999995	6.611411325183879e-17	1.8391667411891006e-16
3714.4999999999995	5.3485584245246033e-17	1.991356327195833e-16
3714.7499999999995	3.0756148484073494e-17	1.8369694847843637e-16
3714.9999999999995	-1.6108758837051774e-18	1.8476820692869665e-16
3715.2499999999995	-4.021450953874398e-17	1.8677844110565772e-16
3715.4999999999995	-7.941277722299314e-17	1.736842249485025e-16
3715.7499999999995	-1.128447681718831e-16	1.706736183910545e-16
3715.9999999999995	-1.3523683986545894e-16	1.6524176815388008e-16
3716.2499999999995	-1.4383916366355461e-16	1.6441163616090146e-16
3716.499999999999	-1.3900097458519952e-16	1.7507368985424457e-16
3716.749999999999	-1.2375354982765139e-16	1.7057480670380136e-16
3716.999999999999	-1.0265585518113932e-16	1.7002716019873205e-16
3717.249999999999	-8.039193821229209e-17	1.708482659968665e-16
3717.499999999999	-6.06156141471382e-17	1.692119174567794e-16
3717.749999999999	-4.536647511382674e-17	1.7162285115735094e-16
3717.999999999999	-3.5134984797678175e-17	1.7154207862489637e-16
3718.249999999999	-2.9410481388162325e-17	1.6959252641767219e-16
3718.499999999999	-2.7365059166247576e-17	1.6649357697080352e-16
3718.749999999999	-2.828807081773132e-17	1.7042473628834954e-16
3718.999999999999	-3.1555269318201044e-17	1.7175298982876269e-16
3719.249999999999	-3.624416874643426e-17	1.729714599582778e-16
3719.499999999999	-4.07904389777145e-17	1.7459286630777974e-16
3719.749999999999	-4.308944686150273e-17	1.6070949337646933e-16
3719.999999999999	-4.114059041482932e-17	1.586139338649622e-16
3720.249999999999	-3.392096911854771e-17	1.6238215845416996e-16
3720.499999999999	-2.1972485732788335e-17	1.66092149528254e-16
3720.749999999999	-7.335553377845575e-18	1.663605927980846e-16
3720.9999999999995	7.169152890833732e-18	1.673667223556349e-16
3721.2499999999995	1.8985904936226068e-17	1.6816102750192262e-16
3721.4999999999995	2.6762412497292854e-17	1.6791386593489177e-16
3721.7499999999995	3.0835283506352443e-17	1.7089816153141569e-16
3721.9999999999995	3.30870073969869e-17	1.6686996400184985e-16
3722.2499999999995	3.619307449722556e-17	1.609197693056252e-16
3722.4999999999995	4.249303208762406e-17	1.5792729454720437e-16
3722.7499999999995	5.292111063302924e-17	1.5755753819594827e-16
3722.9999999999995	6.649261321608894e-17	1.6473627477282647e-16
3723.2499999999995	8.064115804961779e-17	1.7204301920385848e-16
3723.499999999999	9.228059022293653e-17	1.736389880951632e-16
3723.749999999999	9.906837523564531e-17	1.651608632725275e-16
3723.999999999999	1.00245523036788e-16	1.6341502248911797e-16
3724.249999999999	9.669502267523926e-17	1.6372859673316947e-16
3724.499999999999	9.030421435996976e-17	1.6222933518163956e-16
3724.749999999999	8.304566811374774e-17	1.6165008375972583e-16
3724.999999999999	7.62369478328964e-17	1.5989144483787888e-16
3725.249999999999	7.024727441748208e-17	1.5934137634797602e-16
3725.499999999999	6.465691089209369e-17	1.612596280408212e-16
3725.749999999999	5.869084905142179e-17	1.5688439846578731e-16
3725.999999999999	5.16891638176345e-17	1.525462530519754e-16
3726.249999999999	4.340866401173751e-17	1.5488878884205618e-16
3726.499999999999	3.403402745962054e-17	1.661718367997449e-16
3726.749999999999	2.3902260913133532e-17	1.5344193745413763e-16
3726.999999999999	1.3104050578195788e-17	1.4648205301500626e-16
3727.249999999999	1.2529501480565978e-18	1.4769072932606874e-16
3727.499999999999	-1.2312227320399581e-17	1.5728287452791126e-16
3727.749999999999	-2.786851935945814e-17	1.4930055514699494e-16
3727.9999999999995	-4.452331559266214e-17	1.498458590765695e-16
3728.2499999999995	-5.984727577390803e-17	1.4927936608842378e-16
3728.4999999999995	-7.033746205537695e-17	1.4175343864739992e-16
3728.7499999999995	-7.265952212491974e-17	1.4320576927969602e-16
3728.9999999999995	-6.510153383944787e-17	1.4221392016824084e-16
3729.2499999999995	-4.845886154140336e-17	1.4291808248009498e-16
3729.4999999999995	-2.5839895178992307e-17	1.4808658488001212e-16
3729.7499999999995	-1.4897299349185363e-18	1.5435665362783347e-16
3729.9999999999995	2.0720242844141618e-17	1.5132708147330085e-16
3730.2499999999995	3.836109120313324e-17	1.4670607999466522e-16
3730.499999999999	5.0659680729348064e-17	1.4493343855940898e-16
3730.749999999999	5.801064413951417e-17	1.4080717049641886e-16
3730.999999999999	6.129826040237172e-17	1.493810497467637e-16
3731.249999999999	6.146704053314291e-17	1.5557308558431925e-16
3731.499999999999	5.941514885673687e-17	1.5121795980689286e-16
3731.749999999999	5.598452750397327e-17	1.472470958199443e-16
3731.999999999999	5.183327204627435e-17	1.4194435193277716e-16
3732.249999999999	4.722984908065145e-17	1.4385986400343356e-16
3732.499999999999	4.2003610962875685e-17	1.5529269120899847e-16
3732.749999999999	3.580195024937157e-17	1.5177524131173718e-16
3732.999999999999	2.851502925448344e-17	1.456622442360723e-16
3733.249999999999	2.052433463578808e-17	1.440056066099205e-16
3733.499999999999	1.2524247340136186e-17	1.4838716246227919e-16
3733.749999999999	4.996284048716114e-18	1.3576649066219832e-16
3733.999999999999	-2.2847483914255947e-18	1.3500773442991568e-16
3734.249999999999	-1.0304618125640485e-17	1.3755051410268329e-16
3734.499999999999	-2.028001223099039e-17	1.3814527681544361e-16
3734.749999999999	-3.277571357493583e-17	1.4020450655444742e-16
3734.999999999999	-4.6941459788013976e-17	1.3883952619483692e-16
3735.2499999999995	-6.03132220101168e-17	1.3541904833514644e-16
3735.4999999999995	-6.935545254428504e-17	1.309771281504061e-16
3735.7499999999995	-7.056595378777021e-17	1.2852108994539324e-16
3735.9999999999995	-6.170280589205317e-17	1.3071346267579359e-16
3736.2499999999995	-4.26338320118482e-17	1.332673464211041e-16
3736.4999999999995	-1.5469234036926397e-17	1.347538230690864e-16
3736.7499999999995	1.6056026064362478e-17	1.3716878017615741e-16
3736.9999999999995	4.766577765358726e-17	1.445952871249973e-16
3737.2499999999995	7.563288016165931e-17	1.4519616435684562e-16
3737.4999999999995	9.748204808051321e-17	1.3632035756547402e-16
3737.749999999999	1.121730480740644e-16	1.34781761921456e-16
3737.999999999999	1.1990747908427026e-16	1.4064358725848037e-16
3738.249999999999	1.2180412876026636e-16	1.4397810450891434e-16
3738.499999999999	1.1958273900306156e-16	1.4065827798615931e-16
3738.749999999999	1.1522660415967615e-16	1.2845723160210415e-16
3738.999999999999	1.1053337521912945e-16	1.3411673517874296e-16
3739.249999999999	1.0656162291230019e-16	1.3824441937494177e-16
3739.499999999999	1.031481079644499e-16	1.3526969260374387e-16
3739.749999999999	9.877408467999889e-17	1.336197650667211e-16
3739.999999999999	9.100532047450087e-17	1.357411987877889e-16
3740.249999999999	7.74991522230171e-17	1.4143737624406586e-16
3740.499999999999	5.724076091524247e-17	1.4647376797399092e-16
3740.749999999999	3.1427402810999617e-17	1.311861732348105e-16
3740.999999999999	3.474590043984844e-18	1.2543099463980135e-16
3741.249999999999	-2.1976923918696956e-17	1.229342988533203e-16
3741.499999999999	-4.063226416756875e-17	1.2231168993241898e-16
3741.749999999999	-4.994638721498262e-17	1.2828725591239185e-16
3741.999999999999	-4.973076242707668e-17	1.2736687520586125e-16
3742.2499999999995	-4.179994360925472e-17	1.26121366196483e-16
3742.4999999999995	-2.899697425049709e-17	1.2617811740394904e-16
3742.7499999999995	-1.4171065707414086e-17	1.275362420906427e-16
3742.9999999999995	4.448511886529461e-19	1.2813134891053786e-16
3743.2499999999995	1.3352823481079603e-17	1.281366693362378e-16
3743.4999999999995	2.361474207224028e-17	1.279509970672217e-16
3743.7499999999995	3.0688261569677196e-17	1.296825706394259e-16
3743.9999999999995	3.443700821872599e-17	1.3053243585309758e-16
3744.2499999999995	3.524483969507408e-17	1.2668395489213747e-16
3744.499999999999	3.402686086648641e-17	1.214213921304057e-16
3744.749999999999	3.198336340581075e-17	1.3120912253372516e-16
3744.999999999999	3.013167350696606e-17	1.2797168319998042e-16
3745.249999999999	2.883226520835133e-17	1.2313475449424394e-16
3745.499999999999	2.7576823222241933e-17	1.2219461409724067e-16
3745.749999999999	2.5195430918248245e-17	1.3345487157469233e-16
3745.999999999999	2.042679922503923e-17	1.2991378416424672e-16
3746.249999999999	1.2592195347143761e-17	1.2498818169684456e-16
3746.499999999999	2.028413479668224e-18	1.2231264284448464e-16
3746.749999999999	-9.973955152644627e-18	1.2396422474273252e-16
3746.999999999999	-2.174016531540456e-17	1.2044868066960255e-16
3747.249999999999	-3.202137164220186e-17	1.1747256423497556e-16
3747.499999999999	-4.060988337597259e-17	1.1693415568298724e-16
3747.749999999999	-4.8389374409174666e-17	1.2207773678540938e-16
3747.999999999999	-5.674853570665523e-17	1.2085955782346989e-16
3748.249999999999	-6.666518966840315e-17	1.180365161242795e-16
3748.499999999999	-7.798885214691024e-17	1.1491318801039769e-16
3748.749999999999	-8.935064674065418e-17	1.1179642440185708e-16
3748.999999999999	-9.875476793180095e-17	1.101963526947141e-16
3749.2499999999995	-1.0449365997827379e-16	1.109591124811615e-16
3749.4999999999995	-1.058482566258821e-16	1.1281954755791167e-16
3749.7499999999995	-1.0319697233478992e-16	1.1473311409976734e-16
3749.9999999999995	-9.754602093008064e-17	1.1602211295703117e-16
3750.2499999999995	-8.985994233030747e-17	1.157355511230632e-16
3750.4999999999995	-8.063496789894687e-17	1.1362686260087362e-16
3750.7499999999995	-7.003044465035483e-17	1.0946106192204837e-16
3750.9999999999995	-5.835821960122566e-17	1.0612380504942563e-16
3751.2499999999995	-4.65566145788821e-17	1.1071905143250881e-16
3751.4999999999995	-3.621220565146756e-17	1.1772094341186808e-16
3751.749999999999	-2.9009236618841695e-17	1.1950523155014907e-16
3751.999999999999	-2.5887581104792263e-17	1.1750045014778595e-16
3752.249999999999	-2.6412444623968878e-17	1.1270642895478382e-16
3752.499999999999	-2.876250953784097e-17	1.0839055786050674e-16
3752.749999999999	-3.04031992436509e-17	1.0944637781181433e-16
3752.999999999999	-2.9141633950916875e-17	1.129011538884237e-16
3753.249999999999	-2.406282989123851e-17	1.0797590876304616e-16
3753.499999999999	-1.5911859326367172e-17	1.0581275866932609e-16
3753.749999999999	-6.7689845732408e-18	1.2285201754342842e-16
3753.999999999999	7.90091297354554e-19	1.1354282105063824e-16
3754.249999999999	4.63864972239588e-18	1.066381591892009e-16
3754.499999999999	3.7615762384482396e-18	1.0597549487431732e-16
3754.749999999999	-1.5331136557183169e-18	1.1324850357124697e-16
3754.999999999999	-9.788810533113084e-18	1.0598160277596041e-16
3755.249999999999	-1.8795384502063358e-17	1.0726440770479745e-16
3755.499999999999	-2.6075215333209246e-17	1.1013988603737879e-16
3755.749999999999	-2.9388499687497825e-17	1.0694608213530744e-16
3755.999999999999	-2.7183275259115632e-17	1.0308983229403423e-16
3756.2499999999995	-1.888732547981496e-17	1.0819421165286625e-16
3756.4999999999995	-4.96994053751538e-18	1.137685818008611e-16
3756.7499999999995	1.320037955254952e-17	1.1217622603447203e-16
3756.9999999999995	3.360101241694692e-17	1.0781601144191721e-16
3757.2499999999995	5.382741085930632e-17	1.0939966526826223e-16
3757.4999999999995	7.140328768317699e-17	1.127701681840647e-16
3757.7499999999995	8.417129733386159e-17	1.1452077352780253e-16
3757.9999999999995	9.072947325106077e-17	1.1179236129068822e-16
3758.2499999999995	9.076949885835695e-17	1.0958299496178359e-16
3758.499999999999	8.515400803626483e-17	1.084804492320341e-16
3758.7499999999995	7.567329198920438e-17	1.0871084881113217e-16
3758.999999999999	6.456470075044314e-17	1.0942332263378125e-16
3759.249999999999	5.396080451559988e-17	1.061108083876412e-16
3759.499999999999	4.5431660683479124e-17	1.036601832525569e-16
3759.749999999999	3.974008294326321e-17	1.0452943096234192e-16
3759.999999999999	3.686333580724697e-17	1.0440464580385462e-16
3760.249999999999	3.6245945835242266e-17	1.0741584793134366e-16
3760.499999999999	3.715211904673794e-17	1.0797725210436095e-16
3760.749999999999	3.89396561509757e-17	1.0325587722147568e-16
3760.999999999999	4.113070432629033e-17	1.0004621792142292e-16
3761.249999999999	4.3284204396445244e-17	1.0286981548598493e-16
3761.499999999999	4.478800696466698e-17	1.0450274280705851e-16
3761.749999999999	4.47175148743517e-17	1.020552146361876e-16
3761.999999999999	4.18656675286984e-17	1.0185658541005647e-16
3762.249999999999	3.499349910056555e-17	1.029490130665532e-16
3762.499999999999	2.3297047733117755e-17	1.0316537704501747e-16
3762.749999999999	6.990276689354622e-18	1.0298505167148091e-16
3762.999999999999	-1.2243235450907066e-17	1.1124017521841722e-16
3763.249999999999	-3.1267506118897647e-17	9.933120961737698e-17
3763.4999999999995	-4.619494655073946e-17	9.009466605214856e-17
3763.7499999999995	-5.3626788468281526e-17	9.219932455039378e-17
3763.9999999999995	-5.1904755629481793e-17	9.205584511006278e-17
3764.2499999999995	-4.1736748828912747e-17	9.852245197142673e-17
3764.4999999999995	-2.5852694778220575e-17	9.943377339588865e-17
3764.7499999999995	-7.86464365304829e-18	9.603595366753723e-17
3764.9999999999995	9.088344659834965e-18	1.0820370106885346e-16
3765.2499999999995	2.3266999962484812e-17	9.900105205640501e-17
3765.4999999999995	3.445734693838706e-17	9.658383178317805e-17
3765.749999999999	4.333963343935606e-17	1.0241676535576718e-16
3765.999999999999	5.05017559001376e-17	9.256634789690601e-17
3766.249999999999	5.565265841519886e-17	9.693329904836946e-17
3766.499999999999	5.748427041647507e-17	1.0178594418574444e-16
3766.749999999999	5.4291458833927577e-17	1.0470158379142645e-16
3766.999999999999	4.5034871324980255e-17	1.0638375152000409e-16
3767.249999999999	3.0257920363797186e-17	1.0026847804329346e-16
3767.499999999999	1.2333470498386587e-17	9.420337803381785e-17
3767.749999999999	-5.110597463965509e-18	9.140605172551052e-17
3767.999999999999	-1.8305745324243576e-17	9.519354631426833e-17
3768.249999999999	-2.4499691491656048e-17	8.989293324435912e-17
3768.499999999999	-2.2737173620383323e-17	8.945990088496516e-17
3768.749999999999	-1.40770903545817e-17	9.186513696547745e-17
3768.999999999999	-1.2635543563517108e-18	8.917058619391862e-17
3769.249999999999	1.2011043546233102e-17	9.561037916854605e-17
3769.499999999999	2.20349343486294e-17	9.824207083099576e-17
3769.749999999999	2.5933230114336983e-17	9.732442312920903e-17
3769.999999999999	2.2224533133083573e-17	9.318144601784534e-17
3770.249999999999	1.0999274499336678e-17	9.277414890166913e-17
3770.4999999999995	-6.193904027672845e-18	9.319727494604715e-17
3770.7499999999995	-2.6624740140060114e-17	9.24835041041976e-17
3770.9999999999995	-4.67966606541544e-17	8.800008592248668e-17
3771.2499999999995	-6.307250479417235e-17	8.626282134766811e-17
3771.4999999999995	-7.25107445265927e-17	8.445687431222804e-17
3771.7499999999995	-7.369171811486816e-17	8.554785936573648e-17
3771.9999999999995	-6.715561029457511e-17	9.350806986324048e-17
3772.2499999999995	-5.5164492449245057e-17	8.86585878645279e-17
3772.4999999999995	-4.081593146880328e-17	9.006048033179296e-17
3772.7499999999995	-2.6869437618611717e-17	9.327796145171803e-17
3772.999999999999	-1.4797592423814464e-17	9.312974392083832e-17
3773.249999999999	-4.478934461935058e-18	9.447274112848962e-17
3773.499999999999	5.3353633984974625e-18	8.946950941496058e-17
3773.749999999999	1.601093234292955e-17	8.405053010811749e-17
3773.999999999999	2.799205268113352e-17	8.523869895743356e-17
3774.249999999999	4.0297431218504226e-17	9.60978730994705e-17
3774.499999999999	5.0837869725573674e-17	9.857668854983061e-17
3774.749999999999	5.738117509571704e-17	9.703280556733714e-17
3774.999999999999	5.862786578991861e-17	9.429048346104214e-17
3775.249999999999	5.4834428155179235e-17	9.785299815807532e-17
3775.499999999999	4.7720486278600714e-17	9.240590794529522e-17
3775.749999999999	3.9797356438904906e-17	8.60458022421587e-17
3775.999999999999	3.3502788704256236e-17	8.495882074281501e-17
3776.249999999999	3.0513638965358485e-17	8.868918031230256e-17
3776.499999999999	3.140772689789583e-17	8.761028533062719e-17
3776.749999999999	3.5629703595092355e-17	8.706798572103743e-17
3776.999999999999	4.163178186991283e-17	8.921917147437753e-17
3777.249999999999	4.712476363214632e-17	9.167738681876262e-17
3777.4999999999995	4.9481492569700934e-17	9.125695407445907e-17
3777.7499999999995	4.634047814262356e-17	9.220401631882818e-17
3777.9999999999995	3.632158898713049e-17	9.518827221068269e-17
3778.2499999999995	1.9598469882298664e-17	8.849162311224529e-17
3778.4999999999995	-1.963000998023186e-18	8.538252250489938e-17
3778.7499999999995	-2.522068265216437e-17	8.343580256409258e-17
3778.9999999999995	-4.6569222112964067e-17	8.158785460586951e-17
3779.2499999999995	-6.280352581097073e-17	8.105317829280504e-17
3779.4999999999995	-7.172431396566929e-17	8.068702844901967e-17
3779.749999999999	-7.239424548273574e-17	8.156080249111658e-17
3779.999999999999	-6.515371080316094e-17	8.260884032722127e-17
3780.249999999999	-5.152191458621725e-17	7.92930702981902e-17
3780.499999999999	-3.3971799784675525e-17	8.828809697688784e-17
3780.749999999999	-1.5467320840258682e-17	8.886722266734847e-17
3780.999999999999	1.2556140334159588e-18	8.268926875254102e-17
3781.249999999999	1.4450185093159425e-17	8.904766715489324e-17
3781.499999999999	2.37908414421395e-17	8.771985698328842e-17
3781.749999999999	3.020219229519511e-17	8.443024571394873e-17
3781.999999999999	3.513079651636034e-17	8.218108868885784e-17
3782.249999999999	3.9637928000988716e-17	8.579532533523274e-17
3782.499999999999	4.380734171725964e-17	8.728454160540381e-17
3782.749999999999	4.678352315733456e-17	8.592639044893054e-17
3782.999999999999	4.739456283908529e-17	8.46186046655944e-17
3783.249999999999	4.4982362285803735e-17	8.959675626295084e-17
3783.499999999999	3.9950341412310246e-17	8.664571332705156e-17
3783.749999999999	3.3710760636074876e-17	8.231272290281708e-17
3783.999999999999	2.807752703994935e-17	7.93849733729673e-17
3784.249999999999	2.4485177464018835e-17	8.176668443685858e-17
3784.4999999999995	2.3493454348550213e-17	8.422135283077704e-17
3784.7499999999995	2.4804018067189418e-17	8.338574159342087e-17
3784.9999999999995	2.7655742400894494e-17	8.100825245937606e-17
3785.2499999999995	3.126110991995003e-17	7.948911872081017e-17
3785.4999999999995	3.5028095363144035e-17	8.178993813823867e-17
3785.7499999999995	3.855081013003373e-17	8.304896658754848e-17
3785.9999999999995	4.151669092532785e-17	8.280033594774974e-17
3786.2499999999995	4.3663451447673953e-17	8.106708816198573e-17
3786.4999999999995	4.480647991488446e-17	8.105390621174408e-17
3786.7499999999995	4.488199529805446e-17	8.201912672491996e-17
3786.999999999999	4.39566258146777e-17	8.319173796127513e-17
3787.249999999999	4.219484155765683e-17	8.365709653900767e-17
3787.499999999999	3.9803775957197615e-17	8.098685164256809e-17
3787.749999999999	3.698535967102394e-17	7.877996685550111e-17
3787.999999999999	3.39261053362272e-17	7.941240929952445e-17
3788.249999999999	3.083935700405806e-17	8.313866605317373e-17
3788.499999999999	2.804052720444374e-17	7.515979436105053e-17
3788.749999999999	2.6001054528166954e-17	7.698825394404185e-17
3788.999999999999	2.5314804055823617e-17	7.981907114099022e-17
3789.249999999999	2.6533779983582033e-17	7.934863036557416e-17
3789.499999999999	2.9887554881092413e-17	7.957089710488961e-17
3789.749999999999	3.498604954960167e-17	7.735115462238111e-17
3789.999999999999	4.06781267633018e-17	7.787141152300757e-17
3790.249999999999	4.522732672991484e-17	8.202117813283909e-17
3790.499999999999	4.682762553417891e-17	8.228694795492993e-17
3790.749999999999	4.427841232185158e-17	8.213927967197696e-17
3790.999999999999	3.751023957406414e-17	8.019962054487892e-17
3791.249999999999	2.7699565607318438e-17	7.711826026655558e-17
3791.499999999999	1.6901215519071953e-17	7.8881121118249e-17
3791.7499999999995	7.341961297256319e-18	7.412518993809371e-17
3791.9999999999995	6.578916738471942e-19	7.475485967270377e-17
3792.2499999999995	-2.614004703035446e-18	8.016912735877776e-17
3792.4999999999995	-3.0688138050545425e-18	7.554837072560344e-17
3792.7499999999995	-1.973639187101694e-18	7.783489646204702e-17
3792.9999999999995	-5.599397924518462e-19	7.96534298776877e-17
3793.2499999999995	5.107350432381889e-19	7.836439131575447e-17
3793.4999999999995	1.164436095154026e-18	7.131462873998553e-17
3793.749999999999	1.4239086055593885e-18	7.306817884670405e-17
3793.9999999999995	8.192592593897062e-19	7.560011252727986e-17
3794.249999999999	-1.764070345828951e-18	7.805427799538589e-17
3794.499999999999	-7.560160036360254e-18	8.127420095247921e-17
3794.749999999999	-1.69941437969122e-17	7.940452792264805e-17
3794.999999999999	-2.895850122978912e-17	7.596833363131907e-17
3795.249999999999	-4.080520975985953e-17	7.26508827712833e-17
3795.499999999999	-4.912771855570278e-17	7.229078788958181e-17
3795.749999999999	-5.0954750058532064e-17	6.964693336340512e-17
3795.999999999999	-4.479497131114836e-17	6.932846882757221e-17
3796.249999999999	-3.111588487538905e-17	7.186216274849153e-17
3796.499999999999	-1.2158565426873744e-17	7.683065949373825e-17
3796.749999999999	8.730706042068822e-18	7.32952763207968e-17
3796.999999999999	2.7962209390560816e-17	7.52466152381441e-17
3797.249999999999	4.251771900561311e-17	7.825192122222686e-17
3797.499999999999	5.057588399463906e-17	7.678502559370492e-17
3797.749999999999	5.185490762064953e-17	7.884175393853637e-17
3797.999999999999	4.758242190063497e-17	7.61280125767663e-17
3798.249999999999	4.004330794266797e-17	7.262897902866289e-17
3798.499999999999	3.179300501714748e-17	7.195352981023169e-17
3798.7499999999995	2.4806799817202984e-17	7.389713293449039e-17
3798.9999999999995	1.9925325589946573e-17	7.297898230689123e-17
3799.2499999999995	1.6846302366383247e-17	7.381131129157679e-17
3799.4999999999995	1.4634521976522475e-17	7.85099023116699e-17
3799.7499999999995	1.2445108198624661e-17	7.147106513743156e-17
3799.9999999999995	1.0064390358515836e-17	7.169111503270537e-17
3800.2499999999995	8.019443234706395e-18	7.280205168258859e-17
3800.4999999999995	7.269819866844791e-18	7.130351143255282e-17
3800.7499999999995	8.690540317949795e-18	6.832630311951726e-17
3800.999999999999	1.2594407619942977e-17	7.100251695125702e-17
3801.249999999999	1.8468879540577725e-17	7.189078981513077e-17
3801.499999999999	2.5008484780524232e-17	6.987386540137537e-17
3801.749999999999	3.0445582761797427e-17	7.603012071435433e-17
3801.999999999999	3.310144408450022e-17	7.251622438500456e-17
3802.249999999999	3.198727457602632e-17	7.189149126429021e-17
3802.499999999999	2.7224838273140463e-17	7.543968581055888e-17
3802.749999999999	2.0095132153332204e-17	7.15137211872597e-17
3802.999999999999	1.2675464234424284e-17	6.851853989387459e-17
3803.249999999999	7.21254030243835e-18	6.858389377971118e-17
3803.499999999999	5.480159103635615e-18	7.016516532589204e-17
3803.749999999999	8.32715345230208e-18	6.7311465004478e-17
3803.999999999999	1.5499385304441116e-17	6.797365286332875e-17
3804.249999999999	2.573106219028935e-17	6.978812978524547e-17
3804.499999999999	3.707717893095633e-17	7.199641747063134e-17
3804.749999999999	4.743189133962105e-17	7.428498138010425e-17
3804.999999999999	5.509480012276486e-17	7.279105348916408e-17
3805.249999999999	5.917003436311961e-17	7.185489017654597e-17
3805.499999999999	5.962765505280795e-17	7.104377672021117e-17
3805.7499999999995	5.704301725841123e-17	6.840058393852452e-17
3805.9999999999995	5.22263630233317e-17	6.832435759071654e-17
3806.2499999999995	4.599252391645801e-17	7.14280120409094e-17
3806.4999999999995	3.915858909715558e-17	7.339563649015664e-17
3806.7499999999995	3.2636907796774755e-17	6.859245013596742e-17
3806.9999999999995	2.7412590892793524e-17	6.909800307402513e-17
3807.2499999999995	2.4327779360251624e-17	6.722021705674605e-17
3807.4999999999995	2.38008263770872e-17	6.67638979087475e-17
3807.7499999999995	2.5678676377750378e-17	7.121232304182497e-17
3807.9999999999995	2.929780933503262e-17	6.818597358295887e-17
3808.249999999999	3.3664097562387924e-17	6.85919869148244e-17
3808.499999999999	3.763384506452943e-17	6.937599531684705e-17
3808.749999999999	4.008459015431476e-17	6.855343368083452e-17
3808.999999999999	4.013807005058867e-17	6.877951206841262e-17
3809.249999999999	3.742491551705991e-17	6.88447005181267e-17
3809.499999999999	3.2245274765755e-17	6.869326029158049e-17
3809.749999999999	2.5462664973550023e-17	6.796726702899985e-17
3809.999999999999	1.813134380748816e-17	6.481934187242314e-17
3810.249999999999	1.10650799243324e-17	6.85030881600321e-17
3810.499999999999	4.614936207435348e-18	6.962543990236855e-17
3810.749999999999	-1.222120985509564e-18	6.613293777238185e-17
3810.999999999999	-6.4700518515886515e-18	6.746849035452017e-17
3811.249999999999	-1.0853846486942441e-17	6.704752821462458e-17
3811.499999999999	-1.3689580348819428e-17	6.597795721281392e-17
3811.749999999999	-1.403481844208104e-17	6.470773204673259e-17
3811.999999999999	-1.1019527872760757e-17	6.577192968328411e-17
3812.249999999999	-4.22557961460152e-18	6.345820624829979e-17
3812.499999999999	6.0158379501743696e-18	6.312393925404466e-17
3812.749999999999	1.8527932989165044e-17	6.571619094488784e-17
3812.9999999999995	3.147963796780069e-17	7.045069483845555e-17
3813.2499999999995	4.2853413480117506e-17	7.048991643438036e-17
3813.4999999999995	5.10226934546933e-17	7.12923279506711e-17
3813.7499999999995	5.5162404774002306e-17	7.136416693251011e-17
3813.9999999999995	5.5277117192691084e-17	6.70073007670749e-17
3814.2499999999995	5.1869305957123976e-17	6.487088515075255e-17
3814.4999999999995	4.551993674557732e-17	6.653433874515179e-17
3814.7499999999995	3.670245179948949e-17	6.914564205986329e-17
3814.999999999999	2.5943897260823025e-17	6.823702055292074e-17
3815.249999999999	1.415548281675607e-17	6.442473039812105e-17
3815.499999999999	2.8195130297193394e-18	6.414394559355115e-17
3815.749999999999	-6.174712317456113e-18	6.44755457575114e-17
3815.999999999999	-1.1019756365150851e-17	6.147360143543806e-17
3816.249999999999	-1.0582075963968753e-17	6.287483215821309e-17
3816.499999999999	-4.805385667721016e-18	6.251087930613466e-17
3816.749999999999	5.2908812169076174e-18	6.326917893471917e-17
3816.999999999999	1.802496180355385e-17	6.808014740411128e-17
3817.249999999999	3.1629537248589233e-17	6.886736526691065e-17
3817.499999999999	4.462679388735265e-17	6.456920907263201e-17
3817.749999999999	5.580283524035366e-17	6.210336381427673e-17
3817.999999999999	6.394023578388922e-17	6.622288870091332e-17
3818.249999999999	6.771043278392726e-17	6.839961779156906e-17
3818.499999999999	6.601147306635228e-17	6.806459640859528e-17
3818.749999999999	5.863511845092667e-17	6.743752732983109e-17
3818.999999999999	4.6797491996054964e-17	6.727650504306906e-17
3819.249999999999	3.306931921070634e-17	6.155122406412004e-17
3819.499999999999	2.060774327376722e-17	6.060643160335177e-17
3819.749999999999	1.205029730250115e-17	6.094220075759929e-17
3819.9999999999995	8.649341374434384e-18	6.084538092126119e-17
3820.2499999999995	1.0057015179641561e-17	5.995612867554218e-17
3820.4999999999995	1.4758868457769817e-17	6.322429942340449e-17
3820.7499999999995	2.0800805483658402e-17	6.50199695669142e-17
3820.9999999999995	2.6387904392711832e-17	6.40480191122746e-17
3821.2499999999995	3.015160237309077e-17	6.096225823309248e-17
3821.4999999999995	3.118207269577575e-17	6.241035370065231e-17
3821.7499999999995	2.906351801002526e-17	6.404709928743344e-17
3821.9999999999995	2.4031202138385368e-17	6.448256024910585e-17
3822.249999999999	1.7115012793742073e-17	6.255702936687021e-17
3822.499999999999	1.0003832940146505e-17	6.133170356443826e-17
3822.749999999999	4.521130526697308e-18	6.012703080754054e-17
3822.999999999999	1.936562580718887e-18	5.947480220326492e-17
3823.249999999999	2.5418002913218243e-18	6.035344668480855e-17
3823.499999999999	5.766631753053526e-18	6.305885006600408e-17
3823.749999999999	1.0702180701080794e-17	6.259527819839467e-17
3823.999999999999	1.657915107740127e-17	6.116399765832681e-17
3824.249999999999	2.2808221713533026e-17	6.195727710065497e-17
3824.499999999999	2.8590726466070874e-17	5.99518008665773e-17
3824.749999999999	3.252468753689992e-17	6.092856882110442e-17
3824.999999999999	3.271163715842154e-17	6.332872270393318e-17
3825.249999999999	2.7514253143695508e-17	6.54863803183859e-17
3825.499999999999	1.6572100482810134e-17	6.369008151761065e-17
3825.749999999999	1.3812845889964949e-18	6.001841206694497e-17
3825.999999999999	-1.50373010907105e-17	5.605307364648827e-17
3826.249999999999	-2.9247843368702825e-17	5.3719547507639424e-17
3826.499999999999	-3.862917556873229e-17	5.606015431253172e-17
3826.749999999999	-4.204428436460351e-17	5.721685721134627e-17
3826.9999999999995	-3.974057031018792e-17	5.783126711801596e-17
3827.2499999999995	-3.280225312313766e-17	5.802244510118922e-17
3827.4999999999995	-2.2633577402516218e-17	5.692293677864903e-17
3827.7499999999995	-1.070311033592053e-17	5.844578290380406e-17
3827.9999999999995	1.5432948984133326e-18	6.083801570508701e-17
3828.2499999999995	1.2785551277312952e-17	6.263996580380723e-17
3828.4999999999995	2.200342802876915e-17	6.039921293373988e-17
3828.7499999999995	2.864061410689581e-17	6.159201399448625e-17
3828.999999999999	3.266219366041861e-17	6.225054240630707e-17
3829.2499999999995	3.446591645789493e-17	6.121853863919611e-17
3829.499999999999	3.4660145520921585e-17	5.827857330606014e-17
3829.749999999999	3.377166442509683e-17	5.756242680149133e-17
3829.999999999999	3.200756340109769e-17	6.027807398739272e-17
3830.249999999999	2.920918538477307e-17	6.309204978706951e-17
3830.499999999999	2.5048013894082965e-17	5.999584657983453e-17
3830.749999999999	1.9374307261374277e-17	5.958592233803285e-17
3830.999999999999	1.2546924830596067e-17	5.771343027667411e-17
3831.249999999999	5.582438688719814e-18	5.706661474232704e-17
3831.499999999999	1.912718539694953e-20	6.207877338902675e-17
3831.749999999999	-2.514127489540818e-18	5.49600504199505e-17
3831.999999999999	-8.8202768251233e-19	5.4807617576669226e-17
3832.249999999999	5.102679823408027e-18	5.849244912524185e-17
3832.499999999999	1.4601801347988488e-17	6.156555083232945e-17
3832.749999999999	2.6047388760150912e-17	5.99516817525691e-17
3832.999999999999	3.7564408097042346e-17	5.750826963242626e-17
3833.249999999999	4.729888341906792e-17	5.756842220657111e-17
3833.499999999999	5.366654115268923e-17	6.174624678278044e-17
3833.749999999999	5.565723642463392e-17	6.347967323955676e-17
3833.9999999999995	5.3161417987098955e-17	6.073932974928699e-17
3834.2499999999995	4.705834346295978e-17	5.943991503374989e-17
3834.4999999999995	3.886580702237911e-17	6.137874036279048e-17
3834.7499999999995	3.0099625230360306e-17	5.5134118999333707e-17
3834.9999999999995	2.176198097287829e-17	5.960593349141173e-17
3835.2499999999995	1.426869493573648e-17	6.033420977248302e-17
3835.4999999999995	7.749681595402339e-18	5.4740817779121894e-17
3835.7499999999995	2.3930812741987477e-18	5.4567222347049065e-17
3835.9999999999995	-1.4360326864802126e-18	5.569875579418485e-17
3836.249999999999	-3.3298512909027733e-18	5.614855014151159e-17
3836.499999999999	-3.0929192787819735e-18	5.585770682069304e-17
3836.749999999999	-9.766284373217626e-19	5.4315319380747066e-17
3836.999999999999	2.2188819033320018e-18	5.586147876428629e-17
3837.249999999999	5.2732067197748005e-18	5.708243043563906e-17
3837.499999999999	6.92611511788152e-18	5.747360083859293e-17
3837.749999999999	6.365769370792205e-18	5.715945749428e-17
3837.999999999999	3.5618512990910335e-18	5.41637302616906e-17
3838.249999999999	-7.474121857411632e-19	5.57321871258218e-17
3838.499999999999	-5.388960942494104e-18	5.774825788918504e-17
3838.749999999999	-9.20684896161515e-18	5.3887273266085576e-17
3838.999999999999	-1.1407161176508325e-17	5.3862328807533427e-17
3839.249999999999	-1.1670896472798858e-17	5.3426123383309713e-17
3839.499999999999	-1.0051369106193012e-17	5.3652502864630776e-17
3839.749999999999	-6.793572880388617e-18	5.562666534943963e-17
3839.999999999999	-2.2508403466665115e-18	5.5283980965271164e-17
3840.249999999999	3.023802062761738e-18	5.467085815163461e-17
3840.499999999999	8.122019835555046e-18	5.48485100774314e-17
3840.749999999999	1.178448132511305e-17	5.662472824165631e-17
3840.999999999999	1.2697875408552227e-17	5.715158273484849e-17
3841.2499999999995	9.983191418697622e-18	5.527279748338945e-17
3841.4999999999995	3.607530723637527e-18	5.3855569087567643e-17
3841.7499999999995	-5.506217575014922e-18	5.382275648702889e-17
3841.9999999999995	-1.5712587349257592e-17	5.129996149786056e-17
3842.2499999999995	-2.509835563519405e-17	5.0505696056242245e-17
3842.4999999999995	-3.1981128598369795e-17	5.121369648613863e-17
3842.7499999999995	-3.5288290251915337e-17	5.2203189787209265e-17
3842.9999999999995	-3.4697787268356246e-17	5.012531539719851e-17
3843.2499999999995	-3.0512718456143747e-17	5.351673274760877e-17
3843.499999999999	-2.3379401636421444e-17	5.364635194959583e-17
3843.749999999999	-1.4056998194167283e-17	5.094129267553512e-17
3843.999999999999	-3.397320028420774e-18	5.16897852507772e-17
3844.249999999999	7.497519211298918e-18	5.324624799602638e-17
3844.499999999999	1.7152371958758928e-17	5.4559099433433794e-17
3844.749999999999	2.3853611161886094e-17	5.538863585637137e-17
3844.999999999999	2.6089063391891832e-17	5.614153564991714e-17
3845.249999999999	2.3119696710324552e-17	5.7256350122512e-17
3845.499999999999	1.5396121385640923e-17	5.5209581032255694e-17
3845.749999999999	4.5889378431647764e-18	5.254831931726844e-17
3845.999999999999	-6.8199875489137925e-18	5.2491611123194255e-17
3846.249999999999	-1.6241140504441735e-17	4.96197624591408e-17
3846.499999999999	-2.1712434354981867e-17	5.0162667564938954e-17
3846.749999999999	-2.2402908500583692e-17	5.135231872191272e-17
3846.999999999999	-1.8718090450310075e-17	5.115907609593053e-17
3847.249999999999	-1.198028870174152e-17	5.0920970502245916e-17
3847.499999999999	-3.810377608248518e-18	5.239673681565687e-17
3847.749999999999	4.52309998587711e-18	5.38595527893977e-17
3847.999999999999	1.247401806163468e-17	5.42791914403132e-17
3848.2499999999995	2.0128376524064773e-17	5.40257267570147e-17
3848.4999999999995	2.7752448468560484e-17	5.3663233051536813e-17
3848.7499999999995	3.5295106100649656e-17	5.34219709366347e-17
3848.9999999999995	4.2130424641539137e-17	5.352360496413786e-17
3849.2499999999995	4.710999085818388e-17	5.418949859213285e-17
3849.4999999999995	4.8834903884311576e-17	5.2595064948045037e-17
3849.7499999999995	4.607582758720297e-17	5.315010975651302e-17
3849.9999999999995	3.831509171801123e-17	5.587506437866686e-17
3850.249999999999	2.6268992707355496e-17	5.798225074086404e-17
3850.499999999999	1.2057717618828864e-17	5.2055627383374705e-17
3850.749999999999	-1.2734336290831826e-18	4.8678093432365533e-17
3850.999999999999	-1.0796575587413192e-17	4.8622725270883684e-17
3851.249999999999	-1.4779571453021767e-17	4.832002679752603e-17
3851.499999999999	-1.3182934389155212e-17	5.25274214262729e-17
3851.749999999999	-7.327265458566234e-18	5.276970924513458e-17
3851.999999999999	9.902488199814554e-19	5.137663452319933e-17
3852.249999999999	1.0361030270388289e-17	5.219004423291457e-17
3852.499999999999	2.0139744417769452e-17	5.152237051224137e-17
3852.749999999999	3.0205034806440037e-17	5.192392699496646e-17
3852.999999999999	4.03426955077025e-17	5.246390388139618e-17
3853.249999999999	4.968531310417726e-17	5.255801056532511e-17
3853.499999999999	5.661657046144009e-17	5.3355353118822126e-17
3853.749999999999	5.930922955553172e-17	5.4545821530241093e-17
3853.999999999999	5.668992816783709e-17	5.573291504476084e-17
3854.249999999999	4.929085949396569e-17	5.62267154006754e-17
3854.499999999999	3.940478019826086e-17	5.218551459188023e-17
3854.749999999999	3.032329523955637e-17	4.981800125602281e-17
3854.999999999999	2.501145092159984e-17	4.941364559410484e-17
3855.2499999999995	2.4934798967302073e-17	5.0896462795057195e-17
3855.4999999999995	2.9633866608432555e-17	5.338790102156486e-17
3855.7499999999995	3.7155368971235947e-17	5.1043909393606e-17
3855.9999999999995	4.49751771404824e-17	5.2299761469363606e-17
3856.2499999999995	5.087605298888899e-17	5.599503203726665e-17
3856.4999999999995	5.340921740936515e-17	5.167553127446169e-17
3856.7499999999995	5.1912433903023104e-17	5.1737549968068465e-17
3856.9999999999995	4.633634133351721e-17	5.386908191005431e-17
3857.2499999999995	3.715028876351079e-17	5.472355948282159e-17
3857.499999999999	2.537583503349511e-17	4.8057251369252633e-17
3857.749999999999	1.2576654385620857e-17	4.9709074804239376e-17
3857.999999999999	6.426430865452229e-19	4.94933957313223e-17
3858.249999999999	-8.602587025078755e-18	4.7371386292548165e-17
3858.499999999999	-1.379686394234746e-17	4.478825674950022e-17
3858.749999999999	-1.4289959205908042e-17	4.803118194506741e-17
3858.999999999999	-1.0220460487964211e-17	4.863438190007578e-17
3859.249999999999	-2.460482430806186e-18	4.823545254297616e-17
3859.499999999999	7.549152476970023e-18	4.8345537047617164e-17
3859.749999999999	1.8083052911580432e-17	5.2030974092398175e-17
3859.999999999999	2.750147435650005e-17	5.179755034098061e-17
3860.249999999999	3.4576517467266134e-17	5.061056270557927e-17
3860.499999999999	3.862584801342893e-17	5.0319421599740203e-17
3860.749999999999	3.943638617434477e-17	5.1627753322280626e-17
3860.999999999999	3.71201869290735e-17	5.0593999240993505e-17
3861.249999999999	3.2051901602696106e-17	5.0335538386795186e-17
3861.499999999999	2.4887997772829984e-17	5.097605411359705e-17
3861.749999999999	1.654754937895346e-17	4.664957525514459e-17
3861.999999999999	8.078557235700122e-18	4.865681503828822e-17
3862.2499999999995	4.613741228937857e-19	4.8618397461918807e-17
3862.4999999999995	-5.558374218104276e-18	4.6758627438381133e-17
3862.7499999999995	-9.586884372209946e-18	4.916969679657315e-17
3862.9999999999995	-1.1672547037228847e-17	4.549572778380457e-17
3863.2499999999995	-1.2321892639045186e-17	4.647112261851485e-17
3863.4999999999995	-1.2321923876227366e-17	4.974607955612255e-17
3863.7499999999995	-1.2344371461725256e-17	4.8630702600711145e-17
3863.9999999999995	-1.2529515869949101e-17	4.744256022117468e-17
3864.249999999999	-1.2353841664163971e-17	4.587267068022254e-17
3864.4999999999995	-1.0919898279578706e-17	4.5041503057117004e-17
3864.749999999999	-7.500259192458754e-18	4.654048336723865e-17
3864.999999999999	-1.9950065325648273e-18	4.702124073925447e-17
3865.249999999999	4.951678833646935e-18	4.747782789377149e-17
3865.499999999999	1.219678499621796e-17	4.864702121983559e-17
3865.749999999999	1.8533039731885028e-17	5.087983977346733e-17
3865.999999999999	2.3086748502330564e-17	4.864763333348888e-17
3866.249999999999	2.5528446509495087e-17	4.8316833880361574e-17
3866.499999999999	2.607570462883262e-17	4.794406328295333e-17
3866.749999999999	2.5357654109679886e-17	4.727724652139473e-17
3866.999999999999	2.4210120367098105e-17	5.101308864398227e-17
3867.249999999999	2.3426155919887172e-17	4.855419501149489e-17
3867.499999999999	2.3496704031849988e-17	4.744271242240739e-17
3867.749999999999	2.4447757115915743e-17	4.924598270138524e-17
3867.999999999999	2.589338640109535e-17	5.02827047067102e-17
3868.249999999999	2.728997490633326e-17	4.8646749904594674e-17
3868.499999999999	2.8201617079072646e-17	4.721656786038029e-17
3868.749999999999	2.8375591824974025e-17	4.623444308420628e-17
3868.999999999999	2.7621334948879175e-17	4.4546084735924295e-17
3869.249999999999	2.56847164265407e-17	4.813315015353805e-17
3869.4999999999995	2.2297921124274404e-17	4.7630181327713955e-17
3869.7499999999995	1.738865006273855e-17	4.527822891353988e-17
3869.9999999999995	1.126815575437391e-17	4.5439628394661227e-17
3870.2499999999995	4.638410806782536e-18	4.6061512705345944e-17
3870.4999999999995	-1.591286743209339e-18	4.544073681668205e-17
3870.7499999999995	-6.5548713668206676e-18	4.4795499542943734e-17
3870.9999999999995	-9.594694271470289e-18	4.5383744072477144e-17
3871.2499999999995	-1.0262980655388881e-17	4.617127626390928e-17
3871.499999999999	-8.217129802371158e-18	4.396854723223977e-17
3871.749999999999	-3.181832891338938e-18	4.294215174968192e-17
3871.999999999999	4.8652256809054084e-18	4.5006129505401787e-17
3872.249999999999	1.5317574974790964e-17	4.4181989608780504e-17
3872.499999999999	2.6653813826344744e-17	4.3324987480783714e-17
3872.749999999999	3.659546508396616e-17	4.626829793231685e-17
3872.999999999999	4.281925107367813e-17	5.167774811850333e-17
3873.249999999999	4.390356647425406e-17	4.901437874731529e-17
3873.499999999999	3.9943811244164456e-17	4.7066434579201916e-17
3873.749999999999	3.2475959701416874e-17	4.527374228589739e-17
3873.999999999999	2.3833857262025464e-17	4.4607865201514655e-17
3874.249999999999	1.6371553845831885e-17	4.8714310708305555e-17
3874.499999999999	1.1875800921737896e-17	4.5082372396822024e-17
3874.749999999999	1.1221978591436271e-17	4.2848157562316296e-17
3874.999999999999	1.4238178121698567e-17	4.382881326572241e-17
3875.249999999999	1.982788185643709e-17	4.851675350824829e-17
3875.499999999999	2.638250343892613e-17	4.724263066712061e-17
3875.749999999999	3.231432814037458e-17	4.747861206099219e-17
3875.999999999999	3.641779385150784e-17	4.7595532386215334e-17
3876.249999999999	3.7932420982466596e-17	4.516045493792458e-17
3876.4999999999995	3.6473509149846674e-17	4.768730311209442e-17
3876.7499999999995	3.207575987428077e-17	4.613893681068091e-17
3876.9999999999995	2.536672671714135e-17	4.481771099675201e-17
3877.2499999999995	1.7617705869315772e-17	4.6541528923532916e-17
3877.4999999999995	1.0434253899864848e-17	4.3997941922487455e-17
3877.7499999999995	5.170360183690789e-18	4.414385658254181e-17
3877.9999999999995	2.4614845538054627e-18	4.5298283080310616e-17
3878.2499999999995	2.228753483193029e-18	4.6364763735352784e-17
3878.4999999999995	4.110758313772339e-18	4.5398888095131765e-17
3878.749999999999	7.908711788304947e-18	4.311257080820255e-17
3878.999999999999	1.3655977596522812e-17	4.325456794087585e-17
3879.249999999999	2.1301348478290518e-17	4.560939232613671e-17
3879.499999999999	3.0327407348765814e-17	4.657314045782224e-17
3879.749999999999	3.961975306417349e-17	4.651176696509326e-17
3879.999999999999	4.766123638657712e-17	4.7157391359358247e-17
3880.249999999999	5.293006552173232e-17	4.802524940571418e-17
3880.499999999999	5.4334439027368624e-17	4.808994816450563e-17
3880.749999999999	5.1532286573212396e-17	4.69382811412603e-17
3880.999999999999	4.501711395126007e-17	4.5180366829629956e-17
3881.249999999999	3.594892468240439e-17	4.4272787570259225e-17
3881.499999999999	2.5852646523685167e-17	4.6039046479909003e-17
3881.749999999999	1.6358803904146464e-17	4.443760165294919e-17
3881.999999999999	9.049316574562542e-18	4.373949761190139e-17
3882.249999999999	5.312158173378098e-18	4.294632073996919e-17
3882.499999999999	6.0769838576387146e-18	4.163570269021567e-17
3882.749999999999	1.1435471665646704e-17	4.2951115078799547e-17
3882.999999999999	2.0325218257552196e-17	4.3816835690452645e-17
3883.249999999999	3.0534910227206846e-17	4.518278881446351e-17
3883.4999999999995	3.920730274841007e-17	4.7184069588474307e-17
3883.7499999999995	4.3781131505434147e-17	4.9366843715046587e-17
3883.9999999999995	4.301224991157347e-17	4.755227745762371e-17
3884.2499999999995	3.7537740720702204e-17	4.4769469823427915e-17
3884.4999999999995	2.959032480208927e-17	4.2295941711543246e-17
3884.7499999999995	2.1926373548253793e-17	4.2213273281124696e-17
3884.9999999999995	1.6519402239688278e-17	4.243829949496362e-17
3885.2499999999995	1.3741740702678169e-17	4.417636147189269e-17
3885.499999999999	1.2471423484014738e-17	4.5603853524755055e-17
3885.749999999999	1.100595653110359e-17	4.4030516295009793e-17
3885.999999999999	8.203319512209111e-18	4.483100875227941e-17
3886.249999999999	4.179116729107354e-18	4.4982223985699004e-17
3886.499999999999	1.931721218301356e-19	4.3553027940774783e-17
3886.749999999999	-2.148229425077434e-18	3.976954352362664e-17
3886.999999999999	-1.8599371540007692e-18	4.281259872214387e-17
3887.249999999999	8.611443898258243e-19	4.323977464280095e-17
3887.499999999999	4.7702886980523835e-18	4.343805645307481e-17
3887.749999999999	8.256512101136015e-18	4.463368647151611e-17
3887.999999999999	1.0122710334588161e-17	4.2700555453812334e-17
3888.249999999999	1.0016798701046675e-17	4.415805100185322e-17
3888.499999999999	8.337856463010782e-18	4.315687460181089e-17
3888.749999999999	5.803866634349406e-18	3.933202453659019e-17
3888.999999999999	3.0750956485425626e-18	4.423856214523423e-17
3889.249999999999	7.06950713301959e-19	4.2679518596473886e-17
3889.499999999999	-6.578900591932228e-19	4.1299169221082146e-17
3889.749999999999	-2.136689824007554e-19	4.1039762072263067e-17
3889.999999999999	2.728618653309136e-18	4.0117230696139826e-17
3890.249999999999	8.258304371054428e-18	4.1409568054355924e-17
3890.4999999999995	1.559499577179011e-17	4.255872706598399e-17
3890.7499999999995	2.331381701623754e-17	4.318246095251838e-17
3890.9999999999995	2.995034421684651e-17	4.3272924733029627e-17
3891.2499999999995	3.457230412066362e-17	4.478931223196184e-17
3891.4999999999995	3.6956146145850526e-17	4.3858009432623085e-17
3891.7499999999995	3.7340438592247887e-17	4.287658610560852e-17
3891.9999999999995	3.604682847568367e-17	4.447505308236314e-17
3892.2499999999995	3.328656868915602e-17	4.5694184956368295e-17
3892.4999999999995	2.921378763695901e-17	4.4352971150117665e-17
3892.749999999999	2.4046219417535328e-17	4.249164271830594e-17
3892.999999999999	1.810308214571906e-17	4.1751392170687337e-17
3893.249999999999	1.1803268592641865e-17	4.381054580907479e-17
3893.499999999999	5.715856600436257e-18	4.201822078396224e-17
3893.749999999999	5.916414074251284e-19	4.107445402715354e-17
3893.999999999999	-2.7927144038746814e-18	4.168230935464936e-17
3894.249999999999	-3.9697232615320136e-18	3.918480623989045e-17
3894.499999999999	-3.0283319354989272e-18	4.1886129966304874e-17
3894.749999999999	-5.19203243339069e-19	4.277555426559129e-17
3894.999999999999	2.91704658036834e-18	4.1533304347826506e-17
3895.249999999999	6.862880375208742e-18	4.068820700320558e-17
3895.499999999999	1.1124659705379506e-17	4.110285279194371e-17
3895.749999999999	1.5491415726547508e-17	4.2273773271126825e-17
3895.999999999999	1.9522951135253007e-17	4.2920211611114566e-17
3896.249999999999	2.255087989793388e-17	4.138222477202737e-17
3896.499999999999	2.3864792604603724e-17	4.124567710522957e-17
3896.749999999999	2.2939538674894004e-17	4.232754331966522e-17
3896.999999999999	1.957353686668038e-17	4.3345743096713895e-17
3897.249999999999	1.388330426194173e-17	4.3202872461313736e-17
3897.499999999999	6.207565356666822e-18	3.9042117584225054e-17
3897.7499999999995	-2.9346082557655093e-18	4.078524190650295e-17
3897.9999999999995	-1.2745332430326047e-17	4.2584674067438555e-17
3898.2499999999995	-2.2043086273525954e-17	4.165694468834603e-17
3898.4999999999995	-2.941037272865754e-17	3.6977772560313217e-17
3898.7499999999995	-3.364241821866651e-17	3.793562785731492e-17
3898.9999999999995	-3.418227354067492e-17	3.8920915772151335e-17
3899.2499999999995	-3.116698365888383e-17	3.862489099197576e-17
3899.499999999999	-2.5076192254156115e-17	3.8087600788175614e-17
3899.7499999999995	-1.636867856522078e-17	3.8149864327243705e-17
3899.999999999999	-5.484918726223485e-18	3.974788462646755e-17
3900.249999999999	6.785789761925331e-18	4.1136112070013243e-17
3900.499999999999	1.8943678127289462e-17	3.92221782599656e-17
3900.749999999999	2.884509671479207e-17	4.4813919200824065e-17
3900.999999999999	3.434104977628512e-17	4.4990955704245114e-17
3901.249999999999	3.421966130318719e-17	4.3322816958856375e-17
3901.499999999999	2.891403037014416e-17	4.443997731566844e-17
3901.749999999999	2.050711508235812e-17	4.0296752050120985e-17
3901.999999999999	1.1951670510965674e-17	4.03944619327982e-17
3902.249999999999	5.873355141971746e-18	4.019198797117992e-17
3902.499999999999	3.5540500096612935e-18	3.7374607496101856e-17
3902.749999999999	4.5830516378520485e-18	4.154914981964057e-17
3902.999999999999	7.298130026612852e-18	4.200802330137069e-17
3903.249999999999	9.724339636511141e-18	4.0848977827061386e-17
3903.499999999999	1.0488838670151516e-17	3.955505559079164e-17
3903.749999999999	9.272827559314193e-18	4.165349038210801e-17
3903.999999999999	6.678330531043637e-18	3.998016355991734e-17
3904.249999999999	3.7135117437304805e-18	3.8643072421839673e-17
3904.499999999999	1.2464305401207312e-18	3.8761948202030894e-17
3904.7499999999995	-3.050131653561159e-19	4.0176642116455835e-17
3904.9999999999995	-9.962945543905248e-19	4.01698923226574e-17
3905.2499999999995	-1.2098301177620947e-18	3.863615057447383e-17
3905.4999999999995	-1.4427812452935049e-18	3.805006002325551e-17
3905.7499999999995	-2.022555181401724e-18	4.1660719940661724e-17
3905.9999999999995	-2.7687493651417776e-18	3.9812901022614217e-17
3906.249999999999	-2.8225961562155966e-18	4.0306128969544886e-17
3906.4999999999995	-9.46665400950972e-19	4.0234650638452954e-17
3906.749999999999	3.7034366301889436e-18	3.794202361781118e-17
3906.9999999999995	1.0810723941869215e-17	4.26501239062262e-17
3907.249999999999	1.8748657219183354e-17	4.114139940848868e-17
3907.499999999999	2.5263363829274338e-17	4.131345297589971e-17
3907.749999999999	2.858916882232238e-17	4.4592714561415134e-17
3907.999999999999	2.8305489395033193e-17	4.016314583758142e-17
3908.249999999999	2.5444048708907183e-17	3.954250891526043e-17
3908.499999999999	2.183742430209018e-17	3.967896393782963e-17
3908.749999999999	1.9125495661652095e-17	4.0027825706812645e-17
3908.999999999999	1.798937537732065e-17	4.1098419103860427e-17
3909.249999999999	1.8020331288114018e-17	3.969612628117888e-17
3909.499999999999	1.823815287280149e-17	4.077257942568599e-17
3909.749999999999	1.785175925083722e-17	4.202771019994945e-17
3909.999999999999	1.6701196801361023e-17	3.867909448315513e-17
3910.249999999999	1.5112949589358024e-17	3.922083160992836e-17
3910.499999999999	1.3418796310238977e-17	4.0160737087637665e-17
3910.749999999999	1.163392130864595e-17	4.074983526756323e-17
3910.999999999999	9.537898256484234e-18	4.040476198578571e-17
3911.249999999999	6.982268842417563e-18	3.8844348625930976e-17
3911.499999999999	4.109620840447676e-18	4.1244717575719006e-17
3911.7499999999995	1.3410765215972405e-18	4.185287068823534e-17
3911.9999999999995	-8.178524762710032e-19	3.885643869776405e-17
3912.2499999999995	-2.0462588304631134e-18	4.012475803971406e-17
3912.4999999999995	-2.442019094260096e-18	4.0739482275016517e-17
3912.7499999999995	-2.587880280489905e-18	3.9633624514094374e-17
3912.9999999999995	-3.335662807932125e-18	3.800219273556829e-17
3913.2499999999995	-5.336484796721254e-18	4.1107289788749446e-17
3913.499999999999	-8.560532549783932e-18	3.8332522350107665e-17
3913.7499999999995	-1.2152176736781242e-17	3.701951540274509e-17
3913.999999999999	-1.4792811261836724e-17	3.726095949738197e-17
3914.249999999999	-1.538368138943784e-17	3.659078107381396e-17
3914.499999999999	-1.3625983367458758e-17	3.8423750445504913e-17
3914.749999999999	-1.0161285970275563e-17	3.767416268313181e-17
3914.999999999999	-6.219726123397757e-18	3.818079757343074e-17
3915.249999999999	-2.977628304506368e-18	4.326567532214121e-17
3915.499999999999	-9.65853973760579e-19	3.869930415988103e-17
3915.749999999999	1.2182315072747108e-19	3.7485042725322586e-17
3915.999999999999	1.0733884908441676e-18	3.7537585237831954e-17
3916.249999999999	2.498662099912421e-18	3.775931596411047e-17
3916.499999999999	4.3821647473570775e-18	3.957414030188446e-17
3916.749999999999	6.196769330683316e-18	4.1044433988362766e-17
3916.999999999999	7.407179164512561e-18	3.9877305305107595e-17
3917.249999999999	7.849993802478653e-18	3.678318659301624e-17
3917.499999999999	7.689666407799922e-18	3.849392183122901e-17
3917.749999999999	7.160501210292247e-18	4.0186485565745216e-17
3917.999999999999	6.4997628811381684e-18	4.0486732275767264e-17
3918.249999999999	6.143693273327926e-18	3.973328323429476e-17
3918.499999999999	6.843140227282465e-18	3.866253101856937e-17
3918.7499999999995	9.384121086015837e-18	3.7435104177381534e-17
3918.9999999999995	1.4033419596069213e-17	3.8328958856028786e-17
3919.2499999999995	2.016721299745876e-17	4.0088838548794556e-17
3919.4999999999995	2.6428967454720656e-17	4.1250898269256e-17
3919.7499999999995	3.133647121432198e-17	3.928274442441673e-17
3919.9999999999995	3.391813766502742e-17	4.150998447199741e-17
3920.2499999999995	3.397385785889928e-17	4.1660557813261664e-17
3920.4999999999995	3.1875099438705603e-17	3.71226151942937e-17
3920.749999999999	2.816124399239427e-17	4.114980025478977e-17
3920.9999999999995	2.3274950166724803e-17	3.9374098251267087e-17
3921.249999999999	1.7567256020415733e-17	3.8282745929566674e-17
3921.499999999999	1.1429134523584041e-17	3.906589075502983e-17
3921.749999999999	5.336369114819114e-18	3.76521927660624e-17
3921.999999999999	-2.5216925651737614e-19	3.770006997991697e-17
3922.249999999999	-5.029555361281614e-18	3.792014965369283e-17
3922.499999999999	-8.86984293049843e-18	3.778648057542671e-17
3922.749999999999	-1.1718837278292711e-17	3.692087246033692e-17
3922.999999999999	-1.3436826690485322e-17	3.6655172121417536e-17
3923.249999999999	-1.3730131555160915e-17	3.753346918710389e-17
3923.499999999999	-1.226159474432843e-17	3.806394011393415e-17
3923.749999999999	-8.914878038861367e-18	3.6562352530521735e-17
3923.999999999999	-4.050017835207422e-18	3.6448912981316213e-17
3924.249999999999	1.475557731034431e-18	3.7541628496666113e-17
3924.499999999999	6.617881293239484e-18	3.815583987998879e-17
3924.749999999999	1.0603685112869762e-17	3.7759567427016685e-17
3924.999999999999	1.3190072766800831e-17	3.7952353449300744e-17
3925.249999999999	1.4570413978087114e-17	3.7962990991978175e-17
3925.499999999999	1.5109114511738782e-17	3.946150146351189e-17
3925.749999999999	1.5172212003353356e-17	4.1191185755197024e-17
3925.9999999999995	1.5103426750319838e-17	3.655100692123996e-17
3926.2499999999995	1.5232271660608105e-17	3.773141350768783e-17
3926.4999999999995	1.5869792022018854e-17	3.929523154294383e-17
3926.7499999999995	1.731246287987142e-17	3.943074688833717e-17
3926.9999999999995	1.9784114649145635e-17	3.6525202194850754e-17
3927.2499999999995	2.3236049572932885e-17	3.671572174225642e-17
3927.499999999999	2.7150506860197844e-17	3.953992811174927e-17
3927.7499999999995	3.0637159736982666e-17	4.159091251440715e-17
3927.999999999999	3.286313068308977e-17	3.983218425705405e-17
3928.2499999999995	3.347624918266986e-17	3.922038493239758e-17
3928.499999999999	3.267470357443623e-17	3.850462554835545e-17
3928.749999999999	3.094918937233096e-17	3.91738775296374e-17
3928.999999999999	2.879304761851388e-17	4.125287357655878e-17
3929.249999999999	2.6577549603068136e-17	3.924160046074834e-17
3929.499999999999	2.4571025137302666e-17	3.905042578629754e-17
3929.749999999999	2.3027105078557178e-17	3.9038246378958306e-17
3929.999999999999	2.2301258242508707e-17	3.8547642248930655e-17
3930.249999999999	2.2892313022581394e-17	3.732380868032375e-17
3930.499999999999	2.524435659921724e-17	3.759774773814416e-17
3930.749999999999	2.931284725570352e-17	3.759161005799902e-17
3930.999999999999	3.422423272492252e-17	3.763326025620229e-17
3931.249999999999	3.84537625852878e-17	3.9186262077768545e-17
3931.499999999999	4.0573824470136466e-17	4.0329491858765834e-17
3931.749999999999	4.005741913616208e-17	3.9581823155413853e-17
3931.999999999999	3.744353856340451e-17	3.780536676317252e-17
3932.249999999999	3.3672209116286475e-17	3.6109193212463135e-17
3932.499999999999	2.9171200279716834e-17	3.8617022849989153e-17
3932.749999999999	2.3548689111658518e-17	3.895192842767717e-17
3932.9999999999995	1.6189233474560547e-17	3.85802695610122e-17
3933.2499999999995	7.192818263481106e-18	3.812625659256144e-17
3933.4999999999995	-2.214663464417275e-18	3.6035269735480496e-17
3933.7499999999995	-1.016403830995509e-17	3.5386343236210196e-17
3933.9999999999995	-1.5095636000644967e-17	3.4644110763843914e-17
3934.2499999999995	-1.6429454135208837e-17	3.426265146128141e-17
3934.4999999999995	-1.4547905675832297e-17	3.754309095198911e-17
3934.749999999999	-1.0296578506565176e-17	3.4741165519475985e-17
3934.9999999999995	-4.5099954025149696e-18	3.4733701041628307e-17
3935.249999999999	2.1190303991813832e-18	3.6283288261625946e-17
3935.499999999999	8.88825553309289e-18	3.5518642503381927e-17
3935.749999999999	1.4910530699654094e-17	3.6343010701852274e-17
3935.999999999999	1.9114222078746374e-17	3.774172348684269e-17
3936.249999999999	2.048388128456818e-17	3.816837001190774e-17
3936.499999999999	1.849007018201875e-17	3.672562143982745e-17
3936.749999999999	1.3523193239950616e-17	3.836703232526338e-17
3936.999999999999	7.030281815900665e-18	3.6593854876970205e-17
3937.249999999999	1.1327989217499424e-18	3.442751848353058e-17
3937.499999999999	-2.157101242983201e-18	3.382086422228419e-17
3937.749999999999	-1.6700315842605432e-18	3.5655726183216665e-17
3937.999999999999	2.644339803899776e-18	3.7342744498906314e-17
3938.249999999999	9.88707162070012e-18	3.662743179239496e-17
3938.499999999999	1.8499123168078556e-17	3.4994650055109185e-17
3938.749999999999	2.6499647563134878e-17	3.816604728874769e-17
3938.999999999999	3.186029013079692e-17	3.8760121787238377e-17
3939.249999999999	3.317212114121729e-17	4.04639087083057e-17
3939.499999999999	3.028396688856835e-17	4.052142423065774e-17
3939.749999999999	2.431067238670977e-17	3.422442579081411e-17
3939.9999999999995	1.6839518417501982e-17	3.6495135833945676e-17
3940.2499999999995	8.925732775460995e-18	3.725624787661287e-17
3940.4999999999995	7.077262642637009e-19	3.6831917457262966e-17
3940.7499999999995	-8.082590696087287e-18	3.567154187652868e-17
3940.9999999999995	-1.719164386665694e-17	3.5514228667633344e-17
3941.2499999999995	-2.5242989674200196e-17	3.568729470411414e-17
3941.499999999999	-2.9914199980721396e-17	3.4816488586055064e-17
3941.7499999999995	-2.884011229166344e-17	3.318369361387949e-17
3941.999999999999	-2.078387817490979e-17	3.4178484179592914e-17
3942.2499999999995	-6.460478944758776e-18	3.5500997086554946e-17
3942.499999999999	1.1440903361348804e-17	3.713771620355647e-17
3942.749999999999	2.909547252517358e-17	3.8895518018623507e-17
3942.999999999999	4.290486288625554e-17	4.0412355503808946e-17
3943.249999999999	5.0815022578905345e-17	3.966456437772631e-17
3943.499999999999	5.2998770855816157e-17	3.8549978206980505e-17
3943.749999999999	5.1529543995365254e-17	3.7524337113141305e-17
3943.999999999999	4.9149941545265336e-17	3.6877131149545115e-17
3944.249999999999	4.7783056456152806e-17	3.528638673098929e-17
3944.499999999999	4.765078276902362e-17	3.721601712034074e-17
3944.749999999999	4.750164342946473e-17	3.8423439425594593e-17
3944.999999999999	4.5717233431028184e-17	3.713742503598085e-17
3945.249999999999	4.150328826006396e-17	3.857641820808015e-17
3945.499999999999	3.540135188322926e-17	3.817566574491046e-17
3945.749999999999	2.8922992709183634e-17	3.682493274417057e-17
3945.999999999999	2.3725441772560628e-17	3.5685842174958495e-17
3946.249999999999	2.0927939387503427e-17	3.81185836651994e-17
3946.499999999999	2.0859145493341896e-17	3.485920750160975e-17
3946.749999999999	2.312239686192587e-17	3.492962704151762e-17
3946.9999999999995	2.6748400395519705e-17	3.703477853940792e-17
3947.2499999999995	3.035629256171751e-17	3.674851118173802e-17
3947.4999999999995	3.2398041219359023e-17	3.699932888707635e-17
3947.7499999999995	3.15669158519629e-17	3.7844012641391e-17
3947.9999999999995	2.731314752066623e-17	3.857809573036241e-17
3948.2499999999995	2.0202277620887215e-17	3.8631895557402857e-17
3948.4999999999995	1.1780966295738513e-17	3.503804395004372e-17
3948.749999999999	3.907426770105862e-18	3.481310707171095e-17
3948.9999999999995	-2.022517484520955e-18	3.595466925659333e-17
3949.249999999999	-5.4264042712219466e-18	3.6823331322504666e-17
3949.499999999999	-6.390409917107691e-18	3.4069954774503506e-17
3949.749999999999	-5.395042402750782e-18	3.488305677303088e-17
3949.999999999999	-3.1637586199400532e-18	3.5164801107111343e-17
3950.249999999999	-4.943054131947776e-19	3.5043635690984576e-17
3950.499999999999	2.0943407513685907e-18	3.7345245893078674e-17
3950.749999999999	4.68312309717008e-18	3.374991528678429e-17
3950.999999999999	7.835575921603775e-18	3.3958725451894726e-17
3951.249999999999	1.2004261495701985e-17	3.526820199240292e-17
3951.499999999999	1.6954055226386052e-17	3.352953451926546e-17
3951.749999999999	2.1736677001719732e-17	3.7694541104702666e-17
3951.999999999999	2.5224410698924874e-17	3.6433338824743065e-17
3952.249999999999	2.6706971742287594e-17	3.541873232027532e-17
3952.499999999999	2.6100962447062383e-17	3.762420759157851e-17
3952.749999999999	2.3776479833770038e-17	3.6248480501449714e-17
3952.999999999999	2.0312448795635098e-17	3.644510795049847e-17
3953.249999999999	1.6386463560577615e-17	3.6431327121493336e-17
3953.499999999999	1.2748639082866161e-17	3.5371027159988164e-17
3953.749999999999	1.0161780420003833e-17	3.338772598377182e-17
3953.999999999999	9.295111945654241e-18	3.505353869727806e-17
3954.2499999999995	1.0592472468351934e-17	3.59534152507847e-17
3954.4999999999995	1.4068870058697655e-17	3.523134613303001e-17
3954.7499999999995	1.9051720688163212e-17	3.2340131516475463e-17
3954.9999999999995	2.410739065891359e-17	3.858045154074696e-17
3955.2499999999995	2.7428383216884125e-17	3.810831008199149e-17
3955.4999999999995	2.759912199411352e-17	3.583392073949529e-17
3955.7499999999995	2.4278464158068504e-17	3.6298121264370246e-17
3955.999999999999	1.8375511794551194e-17	3.7266336171363565e-17
3956.2499999999995	1.1640004917605782e-17	3.561324218695594e-17
3956.499999999999	5.8698316394626495e-18	3.383897616897665e-17
3956.749999999999	2.091970520757871e-18	3.3368472527834037e-17
3956.999999999999	1.670434471643896e-19	3.499766430126133e-17
3957.249999999999	-8.88203109035703e-19	3.617295891152362e-17
3957.499999999999	-2.079708042930594e-18	3.555804938776395e-17
3957.749999999999	-3.7650159443258615e-18	3.3857941766061265e-17
3957.999999999999	-5.5900306109452475e-18	3.3236474354405275e-17
3958.249999999999	-6.873288014562142e-18	3.38561451297708e-17
3958.499999999999	-6.98354396470617e-18	3.464643017828151e-17
3958.749999999999	-5.549932045407073e-18	3.4341180679914744e-17
3958.999999999999	-2.6590765568583164e-18	3.1887001976918915e-17
3959.249999999999	9.66775964845491e-19	3.5413461525412134e-17
3959.499999999999	4.1230031080459206e-18	3.559342624820162e-17
3959.749999999999	5.765636032499604e-18	3.501464135615337e-17
3959.999999999999	5.7645765893103836e-18	3.4988082241045514e-17
3960.249999999999	5.13657703601352e-18	3.473344957872209e-17
3960.499999999999	5.505589728055056e-18	3.3944365596460805e-17
3960.749999999999	8.168293541007562e-18	3.4194888825501066e-17
3960.999999999999	1.3435865527703442e-17	3.544478520084829e-17
3961.2499999999995	2.0653740179962982e-17	3.6437709647099795e-17
3961.4999999999995	2.872189061680328e-17	3.6738333551481167e-17
3961.7499999999995	3.6565600168704566e-17	3.566628762527774e-17
3961.9999999999995	4.320151148835102e-17	3.4932274019477787e-17
3962.2499999999995	4.759421756454699e-17	3.729669369984426e-17
3962.4999999999995	4.87610618949154e-17	3.819473060366858e-17
3962.749999999999	4.623484590104642e-17	3.7179773374621116e-17
3962.9999999999995	4.047722451478445e-17	3.5951039588065446e-17
3963.249999999999	3.27978663882122e-17	3.567168746031649e-17
3963.4999999999995	2.4801574338125166e-17	3.455608882050092e-17
3963.749999999999	1.7785706328152793e-17	3.404141704337043e-17
3963.999999999999	1.2445494604006609e-17	3.411496663471619e-17
3964.249999999999	8.90890884776762e-18	3.4516665392506643e-17
3964.499999999999	6.9333962268596485e-18	3.386040345556422e-17
3964.749999999999	6.150939567049049e-18	3.5466354762501225e-17
3964.999999999999	6.305895304702839e-18	3.590901219550285e-17
3965.249999999999	7.357333661891536e-18	3.495623247873977e-17
3965.499999999999	9.316147965146839e-18	3.2904695519432706e-17
3965.749999999999	1.1940070669820096e-17	3.381028292788841e-17
3965.999999999999	1.4655071756397053e-17	3.559844888888104e-17
3966.249999999999	1.6882062074437427e-17	3.59807486069459e-17
3966.499999999999	1.8435854528354333e-17	3.310942272103958e-17
3966.749999999999	1.9487021760572065e-17	3.246219028766379e-17
3966.999999999999	2.0060124411155663e-17	3.3225079114286744e-17
3967.249999999999	1.9638889689035385e-17	3.51438171893321e-17
3967.499999999999	1.7402295143168513e-17	3.710915531136624e-17
3967.749999999999	1.2941393998669391e-17	3.491902920350959e-17
3967.999999999999	6.792953909502161e-18	3.288496560746209e-17
3968.2499999999995	3.4655028970058766e-19	3.3007305620058684e-17
3968.4999999999995	-4.697588318967872e-18	3.412772506848421e-17
3968.7499999999995	-6.8771201894733165e-18	3.299177116815494e-17
3968.9999999999995	-5.3545322162125185e-18	3.123258630710371e-17
3969.2499999999995	-2.4947647460942604e-19	3.1266143370193764e-17
3969.4999999999995	7.131920233012932e-18	3.268202180725588e-17
3969.7499999999995	1.451892740207423e-17	3.467244666290753e-17
3969.999999999999	1.9573597941552158e-17	3.568962735344154e-17
3970.2499999999995	2.1082244074329846e-17	3.659206485812464e-17
3970.499999999999	1.9570299368845358e-17	3.501719899860738e-17
3970.749999999999	1.6740597404589365e-17	3.0570127133012045e-17
3970.999999999999	1.4106129711096796e-17	3.2789700870675584e-17
3971.249999999999	1.1970810794550713e-17	3.4036219040401144e-17
3971.499999999999	9.626119170652095e-18	3.480273422682953e-17
3971.749999999999	6.471503311163755e-18	3.4472844672376034e-17
3971.999999999999	2.923005422073667e-18	3.0442046486964334e-17
3972.249999999999	3.0064251429091385e-19	3.317395604370852e-17
3972.499999999999	-6.477502791486973e-20	3.313473113906125e-17
3972.749999999999	2.377993246825495e-18	3.2494288204153296e-17
3972.999999999999	7.305204725993504e-18	3.514040258776348e-17
3973.249999999999	1.3961227939517878e-17	3.376834156210952e-17
3973.499999999999	2.1565920279252468e-17	3.339145822269566e-17
3973.749999999999	2.933894516387221e-17	3.3551590463118576e-17
3973.999999999999	3.6331599362832454e-17	3.414334554717166e-17
3974.249999999999	4.151335266221087e-17	3.583836435374592e-17
3974.499999999999	4.42505715942132e-17	3.734612601325043e-17
3974.749999999999	4.4760395091316285e-17	3.6855594675116684e-17
3974.999999999999	4.396876134496663e-17	3.4667698646191476e-17
3975.2499999999995	4.272504940185402e-17	3.355950161849703e-17
3975.4999999999995	4.103631381746389e-17	3.551679954497716e-17
3975.7499999999995	3.808528374089816e-17	3.657182540289669e-17
3975.9999999999995	3.3101994530907125e-17	3.641919734499086e-17
3976.2499999999995	2.63655176089908e-17	3.4968292772070796e-17
3976.4999999999995	1.9506474474020506e-17	3.3306036935198534e-17
3976.749999999999	1.4874069889499593e-17	3.254788619912428e-17
3976.9999999999995	1.4393712537231404e-17	3.275427107067871e-17
3977.249999999999	1.8583768867216208e-17	3.373419223770088e-17
3977.4999999999995	2.623042951595785e-17	3.4659450001123097e-17
3977.749999999999	3.4859752494243025e-17	3.61414532563527e-17
3977.999999999999	4.17622763360466e-17	3.6937197696906265e-17
3978.249999999999	4.50603754704579e-17	3.6881674025469256e-17
3978.499999999999	4.4303803210564217e-17	3.656930746511208e-17
3978.749999999999	4.0354852963784823e-17	3.401399766042552e-17
3978.999999999999	3.4715323416514566e-17	3.4410898770663163e-17
3979.249999999999	2.8720422409844507e-17	3.562930603445172e-17
3979.499999999999	2.3046398413833786e-17	3.296886157390967e-17
3979.749999999999	1.776777204508298e-17	3.450290441583621e-17
3979.999999999999	1.286343360798132e-17	3.439196626080305e-17
3980.249999999999	8.767060126936736e-18	3.363263431081407e-17
3980.499999999999	6.4935606308029556e-18	3.333311551973107e-17
3980.749999999999	7.173553216502758e-18	3.259901588714741e-17
3980.999999999999	1.1321703391862772e-17	3.190740025082447e-17
3981.249999999999	1.8426717530812618e-17	3.336163339852945e-17
3981.499999999999	2.7191589791217177e-17	3.6076602296328546e-17
3981.749999999999	3.618218795790613e-17	3.4268666718695895e-17
3981.999999999999	4.4324196775471356e-17	3.551618412260142e-17
3982.249999999999	5.0934570174825554e-17	3.541949001771642e-17
3982.4999999999995	5.547276464006013e-17	3.4746624911518835e-17
3982.7499999999995	5.740219485359745e-17	3.621578701491917e-17
3982.9999999999995	5.633246471577448e-17	3.4862999297537696e-17
3983.2499999999995	5.230791449764432e-17	3.4985878631893673e-17
3983.4999999999995	4.601755849061359e-17	3.5568190622073853e-17
3983.7499999999995	3.8782596733955244e-17	3.56289619273169e-17
3983.999999999999	3.226284293417931e-17	3.45791704683136e-17
3984.2499999999995	2.79112253079578e-17	3.299461336073967e-17
3984.499999999999	2.6385005560368436e-17	3.2426419689254545e-17
3984.749999999999	2.7289343563324436e-17	3.343185772381275e-17
3984.999999999999	2.9506599086538773e-17	3.5418001092613825e-17
3985.249999999999	3.1915009819433265e-17	3.519191608759083e-17
3985.499999999999	3.393792754100694e-17	3.378581161664664e-17
3985.749999999999	3.5520324325630156e-17	3.291679220871068e-17
3985.999999999999	3.66682597396028e-17	3.548611114425144e-17
3986.249999999999	3.704227580625689e-17	3.508129887863534e-17
3986.499999999999	3.596631580382081e-17	3.4420103636519653e-17
3986.749999999999	3.2838053969123977e-17	3.427465219760833e-17
3986.999999999999	2.7647180959012107e-17	3.4834603841469975e-17
3987.249999999999	2.122612527326534e-17	3.253382412871088e-17
3987.499999999999	1.498423647025977e-17	3.1264449304299255e-17
3987.749999999999	1.0231176440945626e-17	3.160610136706326e-17
3987.999999999999	7.570925260452227e-18	3.33000183690616e-17
3988.249999999999	6.833577826430583e-18	3.440550886179177e-17
3988.499999999999	7.530226231117374e-18	3.305946101204138e-17
3988.749999999999	9.360653066318732e-18	3.32547682808325e-17
3988.999999999999	1.2356643837098959e-17	3.405764632698872e-17
3989.249999999999	1.6666261231782296e-17	3.24818672600752e-17
3989.4999999999995	2.2269559354510523e-17	3.274366661522578e-17
3989.7499999999995	2.8850863073550734e-17	3.32462417030783e-17
3989.9999999999995	3.583631492439055e-17	3.42570299418385e-17
3990.2499999999995	4.24784016226077e-17	3.58606287471134e-17
3990.4999999999995	4.790464304261522e-17	3.365271825608686e-17
3990.7499999999995	5.1189086667599135e-17	3.469022442863252e-17
3990.9999999999995	5.1579177229982395e-17	3.634078062292083e-17
3991.249999999999	4.8851973838116974e-17	3.686430985005054e-17
3991.4999999999995	4.35265191304715e-17	3.3638930809636825e-17
3991.749999999999	3.671043934118926e-17	3.405054911733301e-17
3991.999999999999	2.97378922165373e-17	3.424516155440959e-17
3992.249999999999	2.394118570742591e-17	3.3862934628238635e-17
3992.499999999999	2.0576319042145478e-17	3.3694785353318856e-17
3992.749999999999	2.0578866376191864e-17	3.0772941893042696e-17
3992.999999999999	2.4067703573813987e-17	3.2155140844284104e-17
3993.249999999999	3.005950742150572e-17	3.465575415814621e-17
3993.499999999999	3.6854141149299296e-17	3.539158756129378e-17
3993.749999999999	4.2859720536711097e-17	3.4613501772457e-17
3993.999999999999	4.7127877827010746e-17	3.3732855513830996e-17
3994.249999999999	4.924897680472153e-17	3.3976797693917784e-17
3994.499999999999	4.901336867777478e-17	3.5230959012503334e-17
3994.749999999999	4.6388449877057694e-17	3.5367781303264506e-17
3994.999999999999	4.177844080258979e-17	3.354369254262992e-17
3995.249999999999	3.607939222195168e-17	3.2299913995093135e-17
3995.499999999999	3.0310103090325606e-17	3.227257071276458e-17
3995.749999999999	2.5160872815858408e-17	3.3689286256606603e-17
3995.999999999999	2.0898356480967323e-17	3.2697384205592216e-17
3996.249999999999	1.7638754011815817e-17	3.2802826572635575e-17
3996.4999999999995	1.5641167287060122e-17	3.296952662712216e-17
3996.7499999999995	1.5354524611568287e-17	3.212716559596756e-17
3996.9999999999995	1.7254331089882896e-17	3.210965583676104e-17
3997.2499999999995	2.1641916123278727e-17	3.311549091801327e-17
3997.4999999999995	2.848399091744419e-17	3.300006944406007e-17
3997.7499999999995	3.72799004742395e-17	3.188305467103581e-17
3997.999999999999	4.701541549513049e-17	3.3472015688190975e-17
3998.2499999999995	5.634189093232849e-17	3.563160228783217e-17
3998.499999999999	6.397681151238033e-17	3.6267214487962815e-17
3998.7499999999995	6.905603559933475e-17	3.5820768567755695e-17
3998.999999999999	7.116076068249708e-17	3.530846583589955e-17
3999.249999999999	7.010646638287968e-17	3.453066790591594e-17
3999.499999999999	6.589089450908598e-17	3.655183410185251e-17
3999.749999999999	5.899621545536654e-17	3.7050584306552584e-17
3999.999999999999	5.070791982810059e-17	3.325164153811705e-17
4000.249999999999	4.292610661756545e-17	3.278857590504251e-17
4000.499999999999	3.739973992435803e-17	3.2784721243388015e-17
4000.749999999999	3.4906347784564095e-17	3.258612179575893e-17
4000.999999999999	3.4976145378562905e-17	3.253082642617099e-17
4001.249999999999	3.630010984516918e-17	3.464436884419503e-17
4001.499999999999	3.746722164645429e-17	3.3699162793120486e-17
4001.749999999999	3.753854399757334e-17	3.341652179525602e-17
4001.999999999999	3.61894155758481e-17	3.346836947605084e-17
4002.249999999999	3.3495395786494506e-17	3.2733733830430246e-17
4002.499999999999	2.9635198591174124e-17	3.3683684589498394e-17
4002.749999999999	2.4734075027198744e-17	3.21340345037742e-17
4002.999999999999	1.8906591194250986e-17	3.1492962911600704e-17
4003.249999999999	1.2451028368247922e-17	3.3555805775520146e-17
4003.4999999999995	6.100446271952e-18	3.104300974559636e-17
4003.7499999999995	1.1657582068993774e-18	3.153980118660591e-17
4003.9999999999995	-6.4069819055771135e-19	3.149413419934808e-17
4004.2499999999995	2.2098638483186694e-18	3.03806696855129e-17
4004.4999999999995	1.0289637942555794e-17	3.0349547842146204e-17
4004.7499999999995	2.272827950597829e-17	3.2441100490766136e-17
4004.9999999999995	3.7375013199857046e-17	3.369770695524239e-17
4005.249999999999	5.1506657588526546e-17	3.423865991479492e-17
4005.4999999999995	6.26237496761066e-17	3.4732916874407607e-17
4005.749999999999	6.898836599876037e-17	3.6976356427104526e-17
4005.999999999999	6.98937414422459e-17	3.596480056473588e-17
4006.249999999999	6.57392075210483e-17	3.447421117474797e-17
4006.499999999999	5.78264831117198e-17	3.430800742862892e-17
4006.749999999999	4.782055186071539e-17	3.3734450318052e-17
4006.999999999999	3.7131979209713044e-17	3.245236007326421e-17
4007.249999999999	2.6653132890290975e-17	3.306856992494681e-17
4007.499999999999	1.6992260510057206e-17	3.418095579526322e-17
4007.749999999999	8.871619972832078e-18	3.024710979508764e-17
4007.999999999999	3.2345300513854406e-18	3.1069330632687797e-17
4008.249999999999	9.529713783865818e-19	3.0879595252502834e-17
4008.499999999999	2.402386368029316e-18	3.029930158301728e-17
4008.749999999999	7.19563872725285e-18	3.0578005201166e-17
4008.999999999999	1.417459648279103e-17	3.1496420526561176e-17
4009.249999999999	2.1660494147172728e-17	3.2653537015682005e-17
4009.499999999999	2.7966443468182456e-17	3.319581015549217e-17
4009.749999999999	3.205982489484796e-17	3.3061601755466664e-17
4009.999999999999	3.4026495275667626e-17	3.4389527732357243e-17
4010.249999999999	3.493456085213384e-17	3.313421828708147e-17
4010.499999999999	3.605446255391041e-17	3.1684193834333164e-17
4010.7499999999995	3.794848011131216e-17	3.1312508497888586e-17
4010.9999999999995	4.013513694471842e-17	3.3164731325517326e-17
4011.2499999999995	4.155778604699453e-17	3.3853587487316786e-17
4011.4999999999995	4.136606185420513e-17	3.3509592849058034e-17
4011.7499999999995	3.932539932631599e-17	3.342173634183755e-17
4011.999999999999	3.5691353403348125e-17	3.4633823945746204e-17
4012.2499999999995	3.0957045038386345e-17	3.286104354414706e-17
4012.499999999999	2.583048550905745e-17	3.281084029840999e-17
4012.7499999999995	2.129805227965662e-17	3.1959059334439634e-17
4012.999999999999	1.841338487750487e-17	3.0084876515908837e-17
4013.249999999999	1.780268842228405e-17	3.185557242236435e-17
4013.499999999999	1.9290852410521814e-17	3.3520088116670106e-17
4013.749999999999	2.1970520309006506e-17	3.299163881925693e-17
4013.999999999999	2.4603540319851754e-17	3.156281665996958e-17
4014.249999999999	2.6032156220870144e-17	3.268244532372951e-17
4014.499999999999	2.5463385943396768e-17	3.24701709262137e-17
4014.749999999999	2.270455579074958e-17	3.299649933253629e-17
4014.999999999999	1.835962026128883e-17	3.2910767025128845e-17
4015.249999999999	1.3795436184301537e-17	3.115450707472361e-17
4015.499999999999	1.0703192394912716e-17	3.040800635039655e-17
4015.749999999999	1.0394521717642765e-17	2.978353461875577e-17
4015.999999999999	1.3269820233090621e-17	3.0604617255833056e-17
4016.249999999999	1.8799885654384832e-17	3.2328759437414084e-17
4016.499999999999	2.591073873881092e-17	3.225521977223567e-17
4016.749999999999	3.3352506823030306e-17	3.2800302017406063e-17
4016.999999999999	3.9830059088865975e-17	3.2961132398265974e-17
4017.249999999999	4.4095255130149935e-17	3.334153621836686e-17
4017.499999999999	4.5262643657155693e-17	3.5083568662236186e-17
4017.7499999999995	4.322070701679932e-17	3.2987502916194164e-17
4017.9999999999995	3.871712568050848e-17	3.2707965499987994e-17
4018.2499999999995	3.293798257587587e-17	3.2709990438127524e-17
4018.4999999999995	2.690645059102368e-17	3.208877448937775e-17
4018.7499999999995	2.1186260606634992e-17	3.218453884325424e-17
4018.9999999999995	1.6027273217044725e-17	3.261787229639117e-17
4019.249999999999	1.1666665465674952e-17	3.1632127777856626e-17
4019.4999999999995	8.449522183805031e-18	3.01833407873047e-17
4019.749999999999	6.727736179353474e-18	3.2134097369500755e-17
4019.999999999999	6.7430341326761774e-18	3.063452479806052e-17
4020.249999999999	8.63208265489828e-18	3.0697731323026925e-17
4020.499999999999	1.245142905775936e-17	3.1404524069228985e-17
4020.749999999999	1.804723856989e-17	3.145450893928434e-17
4020.999999999999	2.480744871353821e-17	3.1803215198312194e-17
4021.249999999999	3.158668108012415e-17	3.2813579920598765e-17
4021.499999999999	3.704955117642128e-17	3.376429168583046e-17
4021.749999999999	4.03027575056866e-17	3.409134566514413e-17
4021.999999999999	4.134418372950744e-17	3.2407993413929314e-17
4022.249999999999	4.093685831890175e-17	3.1868615406263086e-17
4022.499999999999	3.9981361612577506e-17	3.1677063537452956e-17
4022.749999999999	3.887895026138251e-17	3.187727102419284e-17
4022.999999999999	3.737664552272545e-17	3.2664439256155454e-17
4023.249999999999	3.49872886274307e-17	3.304159391081023e-17
4023.499999999999	3.1618164630961785e-17	3.263882974439081e-17
4023.749999999999	2.7878150202891114e-17	3.171192092846594e-17
4023.999999999999	2.479456880188808e-17	3.064447412646831e-17
4024.249999999999	2.3160013161707147e-17	3.070045440160345e-17
4024.499999999999	2.304397260249488e-17	3.251990433336284e-17
4024.7499999999995	2.3854534192084916e-17	3.325742849368247e-17
4024.9999999999995	2.4843423857462897e-17	3.240215351880469e-17
4025.2499999999995	2.5583593373303327e-17	3.185464267135584e-17
4025.4999999999995	2.60561351545755e-17	3.201890419739662e-17
4025.7499999999995	2.638916523451199e-17	3.22556763759338e-17
4025.9999999999995	2.6539064073316024e-17	3.208935351580654e-17
4026.2499999999995	2.6138643831570916e-17	3.1125913095308874e-17
4026.499999999999	2.460314498178737e-17	3.120651357419604e-17
4026.7499999999995	2.1545233877662505e-17	3.1748922371626663e-17
4026.999999999999	1.7414826944076173e-17	3.2036880486468623e-17
4027.249999999999	1.392544741111688e-17	3.283394510727982e-17
4027.499999999999	1.3637566269530445e-17	3.553727391949907e-17
4027.749999999999	1.8554671958112013e-17	3.622348310333836e-17
4027.999999999999	2.85603918605253e-17	3.7669867961391434e-17
4028.249999999999	4.101242022515128e-17	3.936149532745423e-17
4028.499999999999	5.208502947186402e-17	4.027376966398181e-17
4028.749999999999	5.900011421413279e-17	3.4604832919637446e-17
4028.999999999999	6.146156472913728e-17	3.261774987366051e-17
4029.249999999999	6.125515607584593e-17	3.2524394269727776e-17
4029.499999999999	6.050893383863211e-17	3.161941897492536e-17
4029.749999999999	6.009999054456674e-17	3.248360764808401e-17
4029.999999999999	5.933668441992981e-17	3.418139254662665e-17
4030.249999999999	5.686052879809244e-17	3.435235092690666e-17
4030.499999999999	5.185045782387695e-17	3.2658543112749176e-17
4030.749999999999	4.4685401753426736e-17	3.3718628007295084e-17
4030.999999999999	3.686029831442089e-17	3.115592651665475e-17
4031.249999999999	3.040932812795076e-17	3.039576738605322e-17
4031.499999999999	2.7118940764130708e-17	3.096861643002579e-17
4031.749999999999	2.7765576419160276e-17	2.9841056758552706e-17
4031.9999999999995	3.173355499552685e-17	3.0711118414060483e-17
4032.2499999999995	3.735254340577851e-17	3.317387001692481e-17
4032.4999999999995	4.2826031538043855e-17	3.4023444063020875e-17
4032.7499999999995	4.707972873040877e-17	3.1560675916544295e-17
4032.9999999999995	4.9946504704432854e-17	3.241449174482153e-17
4033.249999999999	5.179042096873475e-17	3.401118193762039e-17
4033.4999999999995	5.310035172257699e-17	3.356635398269142e-17
4033.749999999999	5.428688333213531e-17	3.164234180406043e-17
4033.9999999999995	5.5474329727606134e-17	3.297465514691999e-17
4034.249999999999	5.61874467781548e-17	3.3027005753527247e-17
4034.499999999999	5.5279283841766847e-17	3.36767859031897e-17
4034.749999999999	5.149993459620303e-17	3.438057763812942e-17
4034.999999999999	4.454062156608291e-17	3.4524331702423785e-17
4035.249999999999	3.5759785198234135e-17	3.2073094453686195e-17
4035.499999999999	2.78364426720464e-17	3.000383597693579e-17
4035.749999999999	2.3420340352522584e-17	3.001802708752475e-17
4035.999999999999	2.3734330837339624e-17	3.219683405587923e-17
4036.249999999999	2.814371312473824e-17	3.111802179226512e-17
4036.499999999999	3.486474459454243e-17	3.264829930804332e-17
4036.749999999999	4.2070558436089027e-17	3.2683778738876943e-17
4036.999999999999	4.8495868833689986e-17	3.1746437521066554e-17
4037.249999999999	5.328320343539954e-17	3.2403169296596905e-17
4037.499999999999	5.55697163137849e-17	3.350188683447149e-17
4037.749999999999	5.4455300529823004e-17	3.420492748941501e-17
4037.999999999999	4.945395074356404e-17	3.341363658927943e-17
4038.249999999999	4.0978958415042614e-17	3.0542998917642756e-17
4038.499999999999	3.044129804919871e-17	3.1941288186159545e-17
4038.749999999999	1.9943712180141287e-17	3.186972382828391e-17
4038.9999999999995	1.1748590442077144e-17	3.070842842270846e-17
4039.2499999999995	7.625128662195958e-18	2.920574565216503e-17
4039.4999999999995	8.223146440773855e-18	2.9653524987519584e-17
4039.7499999999995	1.2800767504058871e-17	3.14492282182538e-17
4039.9999999999995	1.9551749231192664e-17	3.19413311995514e-17
4040.2499999999995	2.636406521989245e-17	3.192075094591108e-17
4040.499999999999	3.1555607706223097e-17	3.283007721073552e-17
4040.7499999999995	3.4281064677330035e-17	3.3203112505939786e-17
4040.999999999999	3.460741647217054e-17	3.314016075260205e-17
4041.249999999999	3.333002282593055e-17	3.247890926220471e-17
4041.499999999999	3.152937391787679e-17	3.113679548344762e-17
4041.749999999999	2.998959566996095e-17	3.034734754171681e-17
4041.999999999999	2.886542061953718e-17	3.2664631162057566e-17
4042.249999999999	2.792153919428471e-17	3.321079535946918e-17
4042.499999999999	2.7123414030810735e-17	3.178034200001388e-17
4042.749999999999	2.692549880380912e-17	3.064103636384254e-17
4042.999999999999	2.790445424374997e-17	3.031111041344209e-17
4043.249999999999	3.0128646831875414e-17	3.284252462459322e-17
4043.499999999999	3.2932789271472036e-17	3.420849760093879e-17
4043.749999999999	3.528044935392651e-17	3.1758603693515984e-17
4043.999999999999	3.6320873937200465e-17	3.3425061607900015e-17
4044.249999999999	3.57266970936114e-17	3.2818579400221035e-17
4044.499999999999	3.3747676277458257e-17	3.181061350171087e-17
4044.749999999999	3.108450841112249e-17	3.135488330630845e-17
4044.999999999999	2.8598464699077203e-17	3.178835572578829e-17
4045.249999999999	2.6879020740203853e-17	2.982190587301088e-17
4045.499999999999	2.591390776228025e-17	3.15950601602469e-17
4045.749999999999	2.519515128402772e-17	3.3607891684331385e-17
4045.9999999999995	2.4249326636720527e-17	3.057585784029581e-17
4046.2499999999995	2.3099019422370934e-17	3.1371297878383955e-17
4046.4999999999995	2.216581222702676e-17	3.0849072287899627e-17
4046.7499999999995	2.1702765413271013e-17	3.095454443344504e-17
4046.9999999999995	2.135160429405104e-17	3.2359937529062433e-17
4047.249999999999	2.0284817142335817e-17	3.1850050164594946e-17
4047.4999999999995	1.7805265168685605e-17	3.0763710557406605e-17
4047.749999999999	1.3881564460744107e-17	3.0253809958049317e-17
4047.9999999999995	9.230515035827302e-18	3.046869824630079e-17
4048.249999999999	4.9744044477872754e-18	3.0865245323236264e-17
4048.499999999999	2.1657744356348375e-18	2.915822578033508e-17
4048.749999999999	1.4277603297873891e-18	3.0113265354531657e-17
4048.999999999999	2.781735346148603e-18	3.0582485211363587e-17
4049.249999999999	5.649759013113688e-18	2.840525981234031e-17
4049.499999999999	9.046209845849272e-18	3.177258966331303e-17
4049.749999999999	1.1958970035742109e-17	3.152217231339118e-17
4049.999999999999	1.3790300768336009e-17	3.06887415241297e-17
4050.249999999999	1.4622482102573152e-17	3.059599141640535e-17
4050.499999999999	1.5157340768277232e-17	3.1775008339424135e-17
4050.749999999999	1.638649506059471e-17	3.0236154615054985e-17
4050.999999999999	1.9180789136538708e-17	3.0130725482901426e-17
4051.249999999999	2.3968469590922184e-17	3.087700783154677e-17
4051.499999999999	3.058340827429928e-17	3.1107986437073625e-17
4051.749999999999	3.8295921954734044e-17	3.1853441605106413e-17
4051.999999999999	4.59998801801997e-17	3.278484366611867e-17
4052.249999999999	5.248576018867545e-17	3.2521568620755295e-17
4052.499999999999	5.67004773847967e-17	3.1416984717976484e-17
4052.749999999999	5.794924893738159e-17	3.379484773765817e-17
4052.9999999999995	5.60751975339671e-17	3.433597275077811e-17
4053.2499999999995	5.159892696435849e-17	3.321467979962573e-17
4053.4999999999995	4.5662959920304423e-17	3.1614485669752095e-17
4053.7499999999995	3.9668725605658814e-17	3.2112282962386507e-17
4053.9999999999995	3.4752592983779026e-17	3.186387400699193e-17
4054.2499999999995	3.141828155152611e-17	3.1571733666972904e-17
4054.499999999999	2.9526585572941116e-17	3.150228358274295e-17
4054.7499999999995	2.858870153527515e-17	3.1857984481030555e-17
4054.999999999999	2.814729152631393e-17	3.2520635561024335e-17
4055.249999999999	2.8031763131926587e-17	3.137619147888782e-17
4055.499999999999	2.839211631298046e-17	3.129433368546957e-17
4055.749999999999	2.9552576512609816e-17	3.2115681020342875e-17
4055.999999999999	3.179234912897516e-17	3.067624447943525e-17
4056.249999999999	3.515786786353092e-17	3.0853539063207413e-17
4056.499999999999	3.938834892745134e-17	3.239734263636208e-17
4056.749999999999	4.39725202838487e-17	3.3079237246126295e-17
4056.999999999999	4.825209185382673e-17	3.104600744813625e-17
4057.249999999999	5.149086173660047e-17	3.17307376330403e-17
4057.499999999999	5.297840922256889e-17	3.339063435080556e-17
4057.749999999999	5.2284710841888744e-17	3.3795072730784785e-17
4057.999999999999	4.956795719050874e-17	3.2618901309073184e-17
4058.249999999999	4.563822470001894e-17	3.2063578567919385e-17
4058.499999999999	4.161824996921047e-17	3.082434289630674e-17
4058.749999999999	3.839039529963817e-17	3.1447917964163517e-17
4058.999999999999	3.619751752849297e-17	3.234461152667305e-17
4059.249999999999	3.4643871011752186e-17	3.067958628910996e-17
4059.499999999999	3.307859786571951e-17	3.2515047128805927e-17
4059.749999999999	3.112342192688171e-17	3.1985889764788404e-17
4059.999999999999	2.903308270607834e-17	3.098666881971415e-17
4060.2499999999995	2.7677201466971674e-17	3.0937478043046844e-17
4060.4999999999995	2.8115756773491635e-17	3.2637502946688277e-17
4060.7499999999995	3.0908526766038014e-17	2.999956441625257e-17
4060.9999999999995	3.548685769708798e-17	2.9919787809255504e-17
4061.2499999999995	4.008744241184162e-17	3.253939270859459e-17
4061.4999999999995	4.257479383619439e-17	3.436437151556828e-17
4061.749999999999	4.1794039455644446e-17	3.220431838606161e-17
4061.9999999999995	3.846206412451329e-17	3.121401444799067e-17
4062.249999999999	3.481975406603002e-17	3.0748738588319395e-17
4062.499999999999	3.326479295918428e-17	3.0050230883132666e-17
4062.749999999999	3.4987810552926706e-17	3.0776191058488805e-17
4062.999999999999	3.949895165885998e-17	3.2998431626447215e-17
4063.249999999999	4.5117945041107746e-17	3.302070263725959e-17
4063.499999999999	4.984893508160444e-17	3.144580699924028e-17
4063.749999999999	5.2074525822805054e-17	3.367020816295868e-17
4063.999999999999	5.094169914325788e-17	3.3365934737714724e-17
4064.249999999999	4.658573297475665e-17	3.341887098819567e-17
4064.499999999999	4.0201288751390935e-17	3.3030271462585606e-17
4064.749999999999	3.3747875380552584e-17	3.119506539451831e-17
4064.999999999999	2.9200593825083796e-17	3.0095437957969914e-17
4065.249999999999	2.7690687948756742e-17	3.08244785539272e-17
4065.499999999999	2.9135545276768427e-17	3.152701959178074e-17
4065.749999999999	3.266308993378955e-17	3.1588290514113766e-17
4065.999999999999	3.7494597759393925e-17	3.263095498495931e-17
4066.249999999999	4.3555911903703316e-17	3.105862360683891e-17
4066.499999999999	5.131132523612899e-17	3.1524643929061485e-17
4066.749999999999	6.096473986211974e-17	3.22822387997641e-17
4066.999999999999	7.17149417665901e-17	2.942572275554493e-17
4067.2499999999995	8.174822430057145e-17	3.3416819580276536e-17
4067.4999999999995	8.906197934195348e-17	3.435561332724257e-17
4067.7499999999995	9.24960583332451e-17	3.440971424802599e-17
4067.9999999999995	9.217813863611775e-17	3.483061352219502e-17
4068.2499999999995	8.91535991115334e-17	3.438585174171506e-17
4068.499999999999	8.46665602252572e-17	3.3751563030564495e-17
4068.7499999999995	7.969465393185137e-17	3.355051512832226e-17
4068.999999999999	7.493419109528681e-17	3.3786956434614414e-17
4069.2499999999995	7.100190109707824e-17	3.3897858193700624e-17
4069.499999999999	6.84919924369333e-17	3.3209809360179015e-17
4069.749999999999	6.769627909658249e-17	3.197822676359371e-17
4069.999999999999	6.81449671412639e-17	3.1609337297619565e-17
4070.249999999999	6.844161844832053e-17	3.30301854358019e-17
4070.499999999999	6.682503589350529e-17	3.393149135740703e-17
4070.749999999999	6.235924217812253e-17	3.488587249583601e-17
4070.999999999999	5.596939575011398e-17	3.385523192237454e-17
4071.249999999999	5.0359752571374787e-17	3.060389926306136e-17
4071.499999999999	4.855791462134564e-17	2.681869927332278e-17
4071.749999999999	5.199340364997485e-17	3.147321976474029e-17
4071.999999999999	5.954408360610025e-17	3.381579195076801e-17
4072.249999999999	6.822416182419103e-17	3.391000451381535e-17
4072.499999999999	7.484260414441243e-17	3.2514097525462716e-17
4072.749999999999	7.737459854161976e-17	3.414094341467281e-17
4072.999999999999	7.537251202400828e-17	3.325479805933455e-17
4073.249999999999	6.964027084915985e-17	3.297312982587044e-17
4073.499999999999	6.170504614143935e-17	3.3380469955438506e-17
4073.749999999999	5.33582971753009e-17	2.956734269385891e-17
4073.999999999999	4.626370725742936e-17	3.1145265812920165e-17
4074.2499999999995	4.1620591268484863e-17	3.104158699494277e-17
4074.4999999999995	3.996432871642326e-17	3.051798497591915e-17
4074.7499999999995	4.117871122804897e-17	3.272367862290405e-17
4074.9999999999995	4.4692998421989936e-17	3.0955282278551436e-17
4075.2499999999995	4.9737717999355954e-17	3.217093668526142e-17
4075.4999999999995	5.550545158052178e-17	3.29256761284895e-17
4075.749999999999	6.114252798361004e-17	3.2062347723167906e-17
4075.9999999999995	6.56616593821858e-17	3.393709964196014e-17
4076.249999999999	6.79745931962774e-17	3.362291990170025e-17
4076.499999999999	6.715716880694465e-17	3.330063379143734e-17
4076.749999999999	6.28389510687005e-17	3.311424022092709e-17
4076.999999999999	5.547773260733875e-17	3.2734044850340566e-17
4077.249999999999	4.633891258044992e-17	3.0839658972528773e-17
4077.499999999999	3.7153029772160374e-17	3.071765975834455e-17
4077.749999999999	2.9569136148305673e-17	3.027395346032621e-17
4077.999999999999	2.4632576538774852e-17	2.868818205161305e-17
4078.249999999999	2.2531248243296124e-17	3.1676560611640524e-17
4078.499999999999	2.270457882906737e-17	3.005080329211655e-17
4078.749999999999	2.4189671819225776e-17	3.0393100555758346e-17
4078.999999999999	2.5986895811638e-17	3.219483227879685e-17
4079.249999999999	2.7300887290396963e-17	3.06022085058893e-17
4079.499999999999	2.7619064158338864e-17	3.1745848568470416e-17
4079.749999999999	2.665977452289648e-17	3.0870549205323954e-17
4079.999999999999	2.4289557995368412e-17	3.035761450747982e-17
4080.249999999999	2.053260253574613e-17	3.206713544455336e-17
4080.499999999999	1.5690187747080984e-17	2.958746965252355e-17
4080.749999999999	1.0436560869490617e-17	3.0444402297348885e-17
4080.999999999999	5.75693138719982e-18	3.074525119485687e-17
4081.2499999999995	2.748923930878849e-18	2.9722806326904576e-17
4081.4999999999995	2.399746641816805e-18	2.9116297649445995e-17
4081.7499999999995	5.36617376844325e-18	2.86078131832974e-17
4081.9999999999995	1.1704335524507231e-17	2.912944982118559e-17
4082.2499999999995	2.061268658525263e-17	3.0293405439611005e-17
4082.499999999999	3.043657581310201e-17	3.141399032415904e-17
4082.7499999999995	3.9121934674923694e-17	3.203586139995396e-17
4082.999999999999	4.4954141325648946e-17	3.3426613398729164e-17
4083.2499999999995	4.7142059866718714e-17	3.2851001571510664e-17
4083.499999999999	4.5941557132039384e-17	3.0718341355169296e-17
4083.749999999999	4.23876978633675e-17	3.3468882328030624e-17
4083.999999999999	3.786692354284933e-17	3.1355525198463794e-17
4084.249999999999	3.3644167358849683e-17	2.931186299858823e-17
4084.499999999999	3.0434545362366403e-17	2.926207334315744e-17
4084.749999999999	2.825957520688919e-17	3.223965223310742e-17
4084.999999999999	2.6745306761301762e-17	3.0022748634461204e-17
4085.249999999999	2.559412848097402e-17	2.94213056110739e-17
4085.499999999999	2.4758851071900012e-17	2.926969663968273e-17
4085.749999999999	2.4247059556655326e-17	2.910983902322318e-17
4085.999999999999	2.3976848716040164e-17	3.029063603892018e-17
4086.249999999999	2.3978096775301985e-17	3.207626090107105e-17
4086.499999999999	2.46362073041133e-17	3.030848659653907e-17
4086.749999999999	2.6471403796500514e-17	2.7559394844110937e-17
4086.999999999999	2.950850540155606e-17	3.02668496332256e-17
4087.249999999999	3.2905693863781445e-17	3.129420133657156e-17
4087.499999999999	3.5313603282812763e-17	3.1603851435797113e-17
4087.749999999999	3.56553664866304e-17	3.075914121170286e-17
4087.999999999999	3.3671006898963226e-17	2.920743310061464e-17
4088.249999999999	2.9999898055373664e-17	3.0973860755109377e-17
4088.4999999999995	2.603966015032589e-17	3.049956200931637e-17
4088.7499999999995	2.369365613016323e-17	2.9769611514685276e-17
4088.9999999999995	2.4791816747643998e-17	2.9344185908204354e-17
4089.2499999999995	3.013311511617479e-17	2.964879020569333e-17
4089.4999999999995	3.867107449310779e-17	3.1496569419071436e-17
4089.749999999999	4.7609269902628847e-17	3.2785660920563875e-17
4089.9999999999995	5.3655426479181346e-17	3.3963245166761716e-17
4090.249999999999	5.476149278047644e-17	3.474767377653555e-17
4090.499999999999	5.116548055690455e-17	3.050110387397817e-17
4090.749999999999	4.499154716408973e-17	2.917148383119308e-17
4090.999999999999	3.87721133643812e-17	2.985560851988874e-17
4091.249999999999	3.4051577694356665e-17	3.091686470218202e-17
4091.499999999999	3.0989042420844334e-17	2.969226350996667e-17
4091.749999999999	2.8928681049973045e-17	3.1485170870230455e-17
4091.999999999999	2.7231370769025615e-17	3.0936713728160845e-17
4092.249999999999	2.5750635891139922e-17	3.074073478871233e-17
4092.499999999999	2.4804818730861937e-17	3.2668505676046764e-17
4092.749999999999	2.4801174755864752e-17	2.982032761240213e-17
4092.999999999999	2.576218711307012e-17	2.891262923902319e-17
4093.249999999999	2.708188888787677e-17	3.041658586770995e-17
4093.499999999999	2.7783985642686954e-17	3.2690492136728424e-17
4093.749999999999	2.7158782955555153e-17	3.194013675074687e-17
4093.999999999999	2.5231909066076212e-17	2.8794640196448624e-17
4094.249999999999	2.2640928376823536e-17	2.948357245886444e-17
4094.499999999999	2.0105805239261296e-17	3.070107313270164e-17
4094.749999999999	1.8037359126057008e-17	2.8794180284028045e-17
4094.999999999999	1.6529995315160253e-17	3.011923098110939e-17
4095.249999999999	1.5491127195604058e-17	2.9665208086491283e-17
4095.4999999999995	1.461764260122422e-17	2.8959669346097854e-17
4095.7499999999995	1.332793871550085e-17	2.9058411550179534e-17
4095.9999999999995	1.0989754579102163e-17	3.133786654674701e-17
4096.249999999999	7.45763190799267e-18	3.033574385208392e-17
4096.499999999999	3.4316455942576635e-18	2.9144057830803274e-17
4096.749999999999	1.797657304565107e-19	2.838287961368708e-17
4096.999999999999	-1.2076878195977415e-18	2.815302597379329e-17
4097.249999999999	-3.764416896537082e-19	2.8352234226353213e-17
4097.499999999999	2.3516363316132642e-18	2.8697959326453426e-17
4097.749999999999	6.466939169125518e-18	2.892119883016924e-17
4097.999999999999	1.1686466999269844e-17	2.908973191689324e-17
4098.249999999999	1.7992306756189343e-17	2.9728232631722924e-17
4098.499999999999	2.5332617364849814e-17	3.0982757909778e-17
4098.749999999999	3.318950133815978e-17	3.047565979833604e-17
4098.999999999999	4.0288131063280353e-17	3.022703908470465e-17
4099.249999999999	4.478393830365664e-17	3.283347857741434e-17
4099.499999999999	4.5086358680388675e-17	3.377708982426788e-17
4099.749999999999	4.092152547082121e-17	3.251009066257551e-17
4099.999999999999	3.3784395198867484e-17	3.047568295939319e-17
4100.249999999999	2.6248091899902952e-17	2.878067077026383e-17
4100.499999999999	2.0559704090682286e-17	2.861908930940772e-17
4100.749999999999	1.7602974058931754e-17	2.9253086852982664e-17
4100.999999999999	1.69545068497204e-17	2.9791584740477135e-17
4101.249999999999	1.776755873335937e-17	2.992377151108556e-17
4101.499999999999	1.957102632147245e-17	2.918627051182308e-17
4101.749999999999	2.2331874695689848e-17	2.871412574434516e-17
4101.999999999999	2.5943092476847555e-17	2.983741054641257e-17
4102.249999999999	2.983210092089435e-17	3.0639530895127694e-17
4102.499999999999	3.31545691052089e-17	3.042330919172878e-17
4102.749999999999	3.535038145694723e-17	3.1016288503088446e-17
4102.999999999999	3.6439181736533525e-17	3.0054452812979137e-17
4103.249999999999	3.674023082732374e-17	3.0418207141710556e-17
4103.499999999999	3.636808597805397e-17	3.138778193363091e-17
4103.749999999999	3.512580092870405e-17	3.090001999618799e-17
4103.999999999999	3.2955923052473544e-17	3.262088323382086e-17
4104.249999999999	3.042898195847918e-17	2.9595959834330794e-17
4104.499999999999	2.865500408249522e-17	2.7751902933709178e-17
4104.749999999999	2.86167648173615e-17	3.0280445173773524e-17
4104.999999999999	3.0522252678884153e-17	2.9909851715737517e-17
4105.249999999999	3.3710256306647085e-17	3.0356764165810117e-17
4105.499999999999	3.709416037846694e-17	3.121510301767679e-17
4105.749999999999	3.9722815434247584e-17	3.158481304681859e-17
4105.999999999999	4.1072886531869886e-17	3.05561345457701e-17
4106.249999999999	4.0998636318626375e-17	3.0250954530574784e-17
4106.499999999999	3.955328752072112e-17	3.165400505069743e-17
4106.749999999999	3.693808134971116e-17	3.175259174482395e-17
4106.999999999999	3.36058855508671e-17	2.940461641503503e-17
4107.249999999999	3.0299304169777154e-17	3.0303516895418853e-17
4107.499999999999	2.783564001690098e-17	2.886943717615812e-17
4107.749999999999	2.6732080028369253e-17	2.936940168199742e-17
4107.999999999999	2.6970370729555235e-17	3.119631940032694e-17
4108.249999999999	2.810733357100135e-17	3.15592002263315e-17
4108.499999999999	2.964979709742975e-17	3.019162582832003e-17
4108.749999999999	3.140403334245195e-17	3.024539256813598e-17
4108.999999999999	3.354036770479902e-17	3.0453004975719436e-17
4109.249999999999	3.633233884141914e-17	2.9959141754078326e-17
4109.499999999999	3.9776303726516766e-17	3.0677002176876346e-17
4109.749999999999	4.339958796263132e-17	3.0759491936282584e-17
4109.999999999999	4.641013162025509e-17	3.1629940712317036e-17
4110.249999999999	4.80290692195374e-17	3.209358868054281e-17
4110.499999999999	4.77108258937063e-17	2.9177469310105516e-17
4110.749999999999	4.518153812190809e-17	3.2710311384205194e-17
4110.999999999999	4.051866344073457e-17	3.157414241691666e-17
4111.249999999999	3.4393596946964387e-17	3.029366682868457e-17
4111.499999999999	2.8179171959307966e-17	3.169818311285266e-17
4111.749999999999	2.3514649569177015e-17	2.7176044606668137e-17
4111.999999999999	2.144602096377114e-17	3.047924976219452e-17
4112.249999999999	2.184894820863389e-17	3.196197762764072e-17
4112.499999999999	2.3690039174729092e-17	3.110976983847429e-17
4112.749999999999	2.5870744746219663e-17	3.0810988892497685e-17
4112.999999999999	2.787199691312041e-17	2.968773386893233e-17
4113.249999999999	2.975597974683991e-17	2.938592213319133e-17
4113.499999999999	3.1780456865621436e-17	2.99056727992829e-17
4113.749999999999	3.4110812265847764e-17	3.0697562578181964e-17
4113.999999999999	3.677880428596411e-17	2.9577275478654446e-17
4114.249999999999	3.971064895371816e-17	2.976651455047188e-17
4114.499999999999	4.2696867915689594e-17	3.073417359209356e-17
4114.749999999999	4.537282302132976e-17	3.180912126788582e-17
4114.999999999999	4.728808001878175e-17	3.1830674285926504e-17
4115.249999999999	4.8016261542557686e-17	3.136965013460375e-17
4115.499999999999	4.7237180275979944e-17	3.1607153540802425e-17
4115.749999999999	4.4815964876858677e-17	3.17916048912344e-17
4115.999999999999	4.092745630415732e-17	3.124819024217891e-17
4116.249999999999	3.618801697742073e-17	3.054178792522598e-17
4116.499999999999	3.168434637229248e-17	2.967282807429412e-17
4116.749999999999	2.8793720428785564e-17	2.977683776451654e-17
4116.999999999999	2.874999282871373e-17	3.0277017337315104e-17
4117.249999999999	3.204925963868228e-17	2.9021929576443495e-17
4117.499999999999	3.8004141026957703e-17	3.0384167005142773e-17
4117.749999999999	4.483756687545721e-17	3.066409154187562e-17
4117.999999999999	5.041247792280597e-17	3.152550088817609e-17
4118.249999999999	5.316629299208713e-17	3.360301131871732e-17
4118.499999999999	5.259498118205435e-17	3.103847348711712e-17
4118.749999999999	4.9034487960475014e-17	3.074853013880503e-17
4118.999999999999	4.314289778359264e-17	3.1148379320745814e-17
4119.249999999999	3.568084599151384e-17	3.1430246077556934e-17
4119.499999999999	2.7709957377116702e-17	3.0894411711634883e-17
4119.749999999999	2.074247359815545e-17	2.923116987547246e-17
4119.999999999999	1.6351134942919888e-17	2.873420968961795e-17
4120.249999999999	1.5311777519456336e-17	2.905753473873023e-17
4120.499999999999	1.6919745662197545e-17	2.969276312705665e-17
4120.749999999999	1.9149334276227155e-17	2.984200636189592e-17
4120.999999999999	1.9760860094120836e-17	3.1456183152844147e-17
4121.249999999999	1.7712277163937947e-17	3.134187340963422e-17
4121.499999999999	1.388027961366023e-17	2.942637457386762e-17
4121.749999999999	1.0498078295918989e-17	2.7306998878163857e-17
4121.999999999999	9.652429319296486e-18	2.7229396101816582e-17
4122.249999999999	1.1905821375095744e-17	2.846406904517038e-17
4122.499999999999	1.5993738313875004e-17	2.990729076456105e-17
4122.749999999999	1.9707327294051844e-17	3.094192827474238e-17
4122.999999999999	2.1244193517159613e-17	3.198880474926704e-17
4123.249999999999	2.0134455701535635e-17	3.0098759915309927e-17
4123.499999999999	1.733205108093349e-17	2.978649592534871e-17
4123.749999999999	1.4664287070954555e-17	3.0508207701078775e-17
4123.999999999999	1.4048036799877082e-17	2.7424208716601396e-17
4124.249999999999	1.6735963034585735e-17	2.843614011896814e-17
4124.499999999999	2.276101595310201e-17	2.8268947064836474e-17
4124.749999999999	3.084097657082932e-17	2.960725581277582e-17
4124.999999999999	3.894216457099302e-17	3.3313216862915495e-17
4125.249999999999	4.5261001625058943e-17	3.133411114676602e-17
4125.499999999999	4.8965233420433363e-17	3.086826618683331e-17
4125.749999999999	5.0207471196771936e-17	3.0271230381749683e-17
4125.999999999999	4.959195326154503e-17	2.9964104837753645e-17
4126.249999999999	4.772218351385857e-17	3.2143738986720673e-17
4126.499999999999	4.520841365593991e-17	3.110010175147477e-17
4126.749999999999	4.290404495249628e-17	3.0309654575563997e-17
4126.999999999999	4.1876031765403285e-17	2.9966755124436265e-17
4127.249999999999	4.295347485463663e-17	3.010679349341904e-17
4127.499999999999	4.621284616944497e-17	3.10405480560934e-17
4127.749999999999	5.086957867873646e-17	3.227194867294394e-17
4127.999999999999	5.567280008068541e-17	3.1516855196413686e-17
4128.249999999999	5.949173157755056e-17	3.02706910599903e-17
4128.499999999999	6.173757014068916e-17	3.313909865269553e-17
4128.749999999999	6.248932088470885e-17	3.123256645476901e-17
4128.999999999999	6.234693315162583e-17	3.168119613179327e-17
4129.249999999999	6.205128974104432e-17	3.155858480395576e-17
4129.499999999999	6.199296209810576e-17	2.94228673280704e-17
4129.749999999999	6.191198791942116e-17	3.313034377309227e-17
4129.999999999999	6.10894092564674e-17	3.212975963436853e-17
4130.249999999999	5.897646576516611e-17	3.235256569544336e-17
4130.499999999999	5.578391315945372e-17	3.289775051100971e-17
4130.749999999999	5.252886728448412e-17	2.88784964582268e-17
4130.999999999999	5.0488468744276506e-17	3.18212841316128e-17
4131.249999999999	5.0503874265186624e-17	3.0877560388195953e-17
4131.499999999999	5.2645624395486614e-17	3.0182662499202406e-17
4131.749999999999	5.637728317697422e-17	3.217690231183915e-17
4131.999999999999	6.093815967870953e-17	3.1454002704749457e-17
4132.249999999999	6.558603911150735e-17	3.139894556317793e-17
4132.499999999999	6.960766621057088e-17	3.180046564995607e-17
4132.749999999999	7.22907502390453e-17	3.22377397915312e-17
4132.999999999999	7.30437551593021e-17	3.231525323237232e-17
4133.249999999999	7.160317557804396e-17	3.1333409697606576e-17
4133.499999999999	6.812801424357419e-17	3.111198668251593e-17
4133.749999999999	6.311613428526945e-17	3.169821289135471e-17
4133.999999999999	5.726152129486287e-17	3.246003300062625e-17
4134.249999999999	5.135582422203976e-17	2.964943871529357e-17
4134.499999999999	4.6212275147228383e-17	2.996996127649052e-17
4134.749999999999	4.256525354758605e-17	3.026571143270273e-17
4134.999999999999	4.094605201789655e-17	3.0182497063079895e-17
4135.249999999999	4.152960238913141e-17	3.0655019024917137e-17
4135.499999999999	4.396932943949847e-17	2.967066086108923e-17
4135.749999999999	4.7379372823886925e-17	3.1452394665638654e-17
4135.999999999999	5.0656825793918766e-17	3.250400261326712e-17
4136.249999999999	5.302512693791003e-17	3.119506208579586e-17
4136.499999999999	5.432954781702029e-17	3.0192320660034575e-17
4136.749999999999	5.478520910369665e-17	2.950452990686408e-17
4136.999999999999	5.4482192165245414e-17	3.186527690531082e-17
4137.249999999999	5.3221832797950984e-17	3.3685858420148183e-17
4137.499999999999	5.081646273274111e-17	2.915495345383182e-17
4137.749999999999	4.743167068429062e-17	3.098357185550075e-17
4137.999999999999	4.3592707616140813e-17	2.9984261574920337e-17
4138.249999999999	3.993970741175297e-17	2.991633350301748e-17
4138.499999999999	3.70177323300219e-17	3.1764701668991725e-17
4138.749999999999	3.5169440241581296e-17	2.932013811343621e-17
4138.999999999999	3.442315001408727e-17	2.930152985837622e-17
4139.249999999999	3.4409891022025604e-17	3.0478581400259576e-17
4139.499999999999	3.449869055532099e-17	3.1423873478117825e-17
4139.749999999999	3.4172458544753606e-17	3.086515267900766e-17
4139.999999999999	3.335757090239595e-17	3.063231788018623e-17
4140.249999999999	3.2406629253386265e-17	2.9568848162573756e-17
4140.499999999999	3.1768513393815736e-17	2.9805461522433325e-17
4140.749999999999	3.165901576090201e-17	3.115786211928812e-17
4140.999999999999	3.1972398503413955e-17	2.9139253565805566e-17
4141.249999999999	3.2408912273008884e-17	2.980634826004998e-17
4141.499999999999	3.265257820209349e-17	3.02106939958006e-17
4141.749999999999	3.248326323844086e-17	3.0164573713567096e-17
4141.999999999999	3.180895785635587e-17	3.0056633261073826e-17
4142.249999999999	3.0671112736617224e-17	3.083708809518496e-17
4142.499999999999	2.9292279255879754e-17	3.019430920222715e-17
4142.749999999999	2.816396249859695e-17	2.9603930546713355e-17
4142.999999999999	2.804341608778602e-17	2.9498938165923224e-17
4143.249999999999	2.971068833824931e-17	2.897237153158422e-17
4143.499999999999	3.353850000634047e-17	2.836232913854881e-17
4143.749999999999	3.9166217492564604e-17	3.0839655663806323e-17
4143.999999999999	4.5536636050469896e-17	3.269933304311539e-17
4144.249999999999	5.124415411218177e-17	3.022766774197019e-17
4144.499999999999	5.493041383998601e-17	3.045803754256621e-17
4144.749999999999	5.559898605498206e-17	3.1574092786079905e-17
4144.999999999999	5.292989783486021e-17	3.234729820930262e-17
4145.249999999999	4.7563934981621565e-17	3.199704677689052e-17
4145.499999999999	4.1047354072592333e-17	2.9458859610883805e-17
4145.749999999999	3.520993191332365e-17	2.855220017635423e-17
4145.999999999999	3.127759225282389e-17	2.800930168800098e-17
4146.249999999999	2.9399574785924077e-17	2.8533204800767565e-17
4146.499999999999	2.8977248294343545e-17	3.0422273561601866e-17
4146.749999999999	2.946083125165722e-17	3.074072155382253e-17
4146.999999999999	3.087537190192021e-17	3.0267339324148234e-17
4147.249999999999	3.364938830563378e-17	2.9741186280115504e-17
4147.499999999999	3.799447388586041e-17	2.9716056533106143e-17
4147.749999999999	4.3430660599150374e-17	3.04282259532898e-17
4147.999999999999	4.879746282099612e-17	3.104584201201374e-17
4148.249999999999	5.262951566933556e-17	3.021357258433229e-17
4148.499999999999	5.362135914254494e-17	3.063461082484423e-17
4148.749999999999	5.1050557751182104e-17	3.371169954248434e-17
4148.999999999999	4.5101930718906834e-17	3.003081199107237e-17
4149.249999999999	3.6947161402717747e-17	2.951504833553331e-17
4149.499999999999	2.844199056350141e-17	2.947215736641121e-17
4149.749999999999	2.150671298527647e-17	2.877195890405242e-17
4149.999999999999	1.7459938602938408e-17	2.713943690147899e-17
4150.249999999999	1.6629493418404618e-17	2.770755116362531e-17
4150.499999999999	1.8459174896608265e-17	3.0298232865665864e-17
4150.749999999999	2.2052776523014906e-17	3.110991873098455e-17
4150.999999999999	2.6751736339375924e-17	2.818916053167206e-17
4151.249999999999	3.2268552767560924e-17	2.858410287821918e-17
4151.499999999999	3.8289171471803365e-17	2.9513933296067586e-17
4151.749999999999	4.3988464666186605e-17	2.9622528875606e-17
4151.999999999999	4.8030774038413997e-17	3.006983175492772e-17
4152.249999999999	4.920660900431923e-17	3.3483860914562734e-17
4152.499999999999	4.7276756583009046e-17	2.954859547245601e-17
4152.749999999999	4.33621448125718e-17	3.003799522751178e-17
4152.999999999999	3.9502055378730414e-17	3.017356682118677e-17
4153.249999999999	3.756542023717495e-17	2.747833776152564e-17
4153.499999999999	3.8160990444032e-17	2.9831504476838944e-17
4153.749999999999	4.027782187453629e-17	3.0179992360185084e-17
4153.999999999999	4.1991697703726745e-17	3.182277636543785e-17
4154.249999999999	4.1841557611137235e-17	3.2930394366703503e-17
4154.499999999999	3.990806499994084e-17	3.004064220547195e-17
4154.749999999999	3.777250355892459e-17	2.8202686589048526e-17
4154.999999999999	3.739858280443938e-17	2.888099123495426e-17
4155.249999999999	3.9830057777375e-17	3.0000067342065e-17
4155.499999999999	4.466080700833625e-17	3.051900075371137e-17
4155.749999999999	5.0513673282753086e-17	3.095206620032983e-17
4155.999999999999	5.598016116663071e-17	3.164315905850563e-17
4156.249999999999	6.026909209543516e-17	3.09859011961057e-17
4156.499999999999	6.321409225521714e-17	2.9956302870216044e-17
4156.749999999999	6.485690244111269e-17	3.051360091867262e-17
4156.999999999999	6.509513146661462e-17	3.1707447535713254e-17
4157.249999999999	6.369812751222984e-17	3.1587509655615515e-17
4157.499999999999	6.058641289338996e-17	3.123758247800353e-17
4157.749999999999	5.604900098294926e-17	3.1247597980860325e-17
4157.999999999999	5.071151766608636e-17	3.148698735885562e-17
4158.249999999999	4.5347412286406194e-17	2.9493032096349596e-17
4158.499999999999	4.073101595662863e-17	2.953229339694381e-17
4158.749999999999	3.759534723437009e-17	3.0085313267272265e-17
4158.999999999999	3.656442678752435e-17	2.902882826275219e-17
4159.249999999999	3.791632535089041e-17	2.81399135067231e-17
4159.499999999999	4.126596466010549e-17	2.9237049475266486e-17
4159.749999999999	4.550312627834109e-17	3.074864925281324e-17
4159.999999999999	4.923004385880498e-17	3.1927262511693096e-17
4160.249999999999	5.1494021645024215e-17	3.266909793736535e-17
4160.499999999999	5.225778479048006e-17	3.0039944065034956e-17
4160.749999999999	5.2221798264646614e-17	2.974905773082456e-17
4160.999999999999	5.216817274092546e-17	3.010847432442375e-17
4161.249999999999	5.237766565416142e-17	2.922026763499901e-17
4161.499999999999	5.2546448323513855e-17	3.216363102609135e-17
4161.749999999999	5.218885959380791e-17	3.0810174946774933e-17
4161.999999999999	5.115860831105808e-17	3.081686518356926e-17
4162.249999999999	4.987407683540877e-17	3.166572123689363e-17
4162.499999999999	4.907892225851096e-17	2.7857322139695386e-17
4162.749999999999	4.934308852777278e-17	2.9422063308514996e-17
4162.999999999999	5.072035046599418e-17	3.0975683861179443e-17
4163.249999999999	5.2794212091740233e-17	3.1230594456188685e-17
4163.499999999999	5.493063694139838e-17	2.992813240727494e-17
4163.749999999999	5.639980925147534e-17	3.0538171491587896e-17
4163.999999999999	5.632905744302332e-17	3.146307522170794e-17
4164.249999999999	5.379808033293414e-17	3.2519083770195185e-17
4164.499999999999	4.8277628073754524e-17	3.302829946400528e-17
4164.749999999999	4.012148681182127e-17	3.2066367820944913e-17
4164.999999999999	3.056431165905485e-17	2.8469243887082514e-17
4165.249999999999	2.106918042860965e-17	2.7648368045158366e-17
4165.499999999999	1.2555749189803153e-17	2.89182904631355e-17
4165.749999999999	5.234155492879174e-18	3.0489963405488306e-17
4165.999999999999	-8.220170909957387e-19	2.7876185166384045e-17
4166.249999999999	-5.003471635122772e-18	2.8532298210816206e-17
4166.499999999999	-6.159810492173714e-18	2.7139198673462575e-17
4166.749999999999	-3.3774901488604258e-18	2.6235431062354487e-17
4166.999999999999	3.113509218287649e-18	3.0575149773691467e-17
4167.249999999999	1.1723206828442706e-17	2.7707877072786656e-17
4167.499999999999	2.0214482574147853e-17	3.163937718874504e-17
4167.749999999999	2.67901244447422e-17	3.244627202395582e-17
4167.999999999999	3.071953265532833e-17	2.8287207904039195e-17
4168.249999999999	3.216627777027139e-17	2.884762276904387e-17
4168.499999999999	3.162627020725371e-17	3.113975679004056e-17
4168.749999999999	2.9594183658783116e-17	3.131069200926342e-17
4168.999999999999	2.6611225028260037e-17	2.982736857377618e-17
4169.249999999999	2.338255353145704e-17	2.769626676570886e-17
4169.499999999999	2.0720133906999126e-17	3.045902023313392e-17
4169.749999999999	1.93884341700584e-17	2.9505188342631675e-17
4169.999999999999	1.999071479413e-17	2.8748341243202806e-17
4170.249999999999	2.286666150846448e-17	2.9022108247455807e-17
4170.499999999999	2.7942558866591965e-17	2.8540527003549884e-17
4170.749999999999	3.4623121389800606e-17	2.9110514002603024e-17
4170.999999999999	4.18691065741622e-17	2.9682109040766967e-17
4171.249999999999	4.847253888596132e-17	3.0195731952880743e-17
4171.499999999999	5.340001776665327e-17	3.0787602842219586e-17
4171.749999999999	5.606100169513884e-17	3.2720462544682445e-17
4171.999999999999	5.641416644907168e-17	3.078995534388169e-17
4172.249999999999	5.486912128518728e-17	3.094488627261287e-17
4172.499999999999	5.2002855391962925e-17	3.205709016319452e-17
4172.749999999999	4.823514446512022e-17	2.810758067093963e-17
4172.999999999999	4.370158273062139e-17	3.2277785259346117e-17
4173.249999999999	3.8458721815973374e-17	3.131725982332709e-17
4173.499999999999	3.286726594944077e-17	2.91709378919888e-17
4173.749999999999	2.780311651055761e-17	2.8661616319060297e-17
4173.999999999999	2.4465016122046857e-17	2.7377970974720907e-17
4174.249999999999	2.385738090977165e-17	2.896962860067299e-17
4174.499999999999	2.624553825977301e-17	2.868711664298408e-17
4174.749999999999	3.090921275184093e-17	2.824533602143176e-17
4174.999999999999	3.639339092788458e-17	3.132290450382715e-17
4175.249999999999	4.1167936441830265e-17	3.113657049032101e-17
4175.499999999999	4.4273180221374464e-17	2.99251777181269e-17
4175.749999999999	4.548887879749225e-17	2.920808822765978e-17
4175.999999999999	4.497328388433115e-17	2.982477784409766e-17
4176.249999999999	4.2792824950496985e-17	3.139662614874033e-17
4176.499999999999	3.879611230018106e-17	2.976736820086403e-17
4176.749999999999	3.2900176406947644e-17	2.915555895004021e-17
4176.999999999999	2.5508235425906598e-17	2.9053144064038796e-17
4177.249999999999	1.773724683178856e-17	2.822429916409331e-17
4177.499999999999	1.1284672629375678e-17	2.791856659224881e-17
4177.749999999999	7.940503331520307e-18	2.762183374546889e-17
4177.999999999999	8.92056372868333e-18	2.83395618193689e-17
4178.249999999999	1.4321958154478416e-17	2.940651562172145e-17
4178.499999999999	2.297833170233519e-17	2.8430240666839414e-17
4178.749999999999	3.280674237271592e-17	2.9271218652009826e-17
4178.999999999999	4.150676958031351e-17	3.0502718530533873e-17
4179.249999999999	4.732084418805378e-17	3.091093216282879e-17
4179.499999999999	4.954545776887856e-17	3.02301658274201e-17
4179.749999999999	4.8596835793338024e-17	3.2473231494480146e-17
4179.999999999999	4.563918133881544e-17	2.918877852344034e-17
4180.249999999999	4.19856285267768e-17	2.9077621992725465e-17
4180.499999999999	3.857349353990776e-17	3.1026085630263525e-17
4180.749999999999	3.5742430188046255e-17	2.800121517033266e-17
4180.999999999999	3.3359531964932725e-17	3.136947808103634e-17
4181.249999999999	3.116316228827767e-17	2.991349131043275e-17
4181.499999999999	2.9118541790686944e-17	2.8395935832475615e-17
4181.749999999999	2.7583325430261984e-17	2.9460573529113015e-17
4181.999999999999	2.7155224076233933e-17	2.7543362429478434e-17
4182.249999999999	2.8243217785909506e-17	2.886368661653965e-17
4182.499999999999	3.062677440634079e-17	2.9846936358346733e-17
4182.749999999999	3.3355246621003823e-17	3.0142898272795756e-17
4182.999999999999	3.51344656423541e-17	3.003325382824063e-17
4183.249999999999	3.496645555740202e-17	3.0130837979464733e-17
4183.499999999999	3.259255596155589e-17	2.974997093822082e-17
4183.749999999999	2.845690321955291e-17	2.904355207765563e-17
4183.999999999999	2.3310793752974285e-17	2.8381757956776456e-17
4184.249999999999	1.7846529782221058e-17	2.860976532954302e-17
4184.499999999999	1.2638756528583099e-17	2.9724500392799084e-17
4184.749999999999	8.311176579410089e-18	2.8039358122738706e-17
4184.999999999999	5.61902850133628e-18	2.6535173192202878e-17
4185.249999999999	5.266283936597352e-18	2.872847898233418e-17
4185.499999999999	7.574089422055837e-18	2.786390649737131e-17
4185.749999999999	1.22446581875607e-17	2.8778897295030515e-17
4185.999999999999	1.835542570235882e-17	2.872456476367558e-17
4186.249999999999	2.457956115528593e-17	2.841242981388992e-17
4186.499999999999	2.958535733310192e-17	3.1367214914880393e-17
4186.749999999999	3.2521612903026684e-17	2.873370345508307e-17
4186.999999999999	3.337609323730148e-17	2.9959568579274404e-17
4187.249999999999	3.293115423879099e-17	3.0201538760780866e-17
4187.499999999999	3.22157194420155e-17	2.6700263553217436e-17
4187.749999999999	3.173079908166489e-17	2.911730019234841e-17
4187.999999999999	3.1006932235378983e-17	2.8672207539623426e-17
4188.249999999999	2.89150826763834e-17	2.9723904822758046e-17
4188.499999999999	2.4601075502670084e-17	3.112853029476699e-17
4188.749999999999	1.8376370000565416e-17	2.9710342369434627e-17
4188.999999999999	1.1878149415994914e-17	2.653148396667089e-17
4189.249999999999	7.358267082427718e-18	2.6836369505568136e-17
4189.499999999999	6.580396812513443e-18	2.751016436277423e-17
4189.749999999999	9.988037626211168e-18	2.72004365085711e-17
4189.999999999999	1.6533264824754058e-17	2.7217239855534503e-17
4190.249999999999	2.4171998256095612e-17	2.952917327167326e-17
4190.499999999999	3.075465991176964e-17	3.146108337079291e-17
4190.749999999999	3.4868580753153847e-17	3.147234957073588e-17
4190.999999999999	3.6179984698692814e-17	2.840557744969553e-17
4191.249999999999	3.511726712378482e-17	2.973269278958581e-17
4191.499999999999	3.221628610435541e-17	2.8201253912227584e-17
4191.749999999999	2.7694566481110013e-17	2.948985241407494e-17
4191.999999999999	2.1571618523572795e-17	3.1834413142295244e-17
4192.249999999999	1.4144926894634838e-17	2.562882643194485e-17
4192.499999999999	6.34700404561156e-18	2.950435785329667e-17
4192.749999999999	-3.4609153621202053e-19	2.7863727826358997e-17
4192.999999999999	-4.413327656687815e-18	2.5488955153445808e-17
4193.249999999999	-4.87055360937037e-18	2.7004849652732937e-17
4193.499999999999	-1.5821489880068053e-18	2.6030561585682254e-17
4193.749999999999	4.837902371607143e-18	2.8814621571325455e-17
4193.999999999999	1.3379191500117472e-17	2.837806873124447e-17
4194.249999999999	2.2947762960828836e-17	2.6623883349815515e-17
4194.499999999999	3.247409697307641e-17	3.013795504145514e-17
4194.749999999999	4.0883458122530907e-17	3.036028795521959e-17
4194.999999999999	4.7089013186491206e-17	3.053327789108403e-17
4195.249999999999	5.0099064216325577e-17	3.063224839701478e-17
4195.499999999999	4.924210583564795e-17	3.08548625521875e-17
4195.749999999999	4.445879712565312e-17	3.1748161365463114e-17
4195.999999999999	3.6531259439909676e-17	2.9418168942191097e-17
4196.249999999999	2.7056751146863652e-17	2.822783618839259e-17
4196.499999999999	1.8060559492429738e-17	2.796458099536391e-17
4196.749999999999	1.137841082162259e-17	2.7129037586817973e-17
4196.999999999999	8.110928828657151e-18	2.7062090551121607e-17
4197.249999999999	8.396436730963113e-18	2.8157102319851954e-17
4197.499999999999	1.1541354681889227e-17	2.779510823146405e-17
4197.749999999999	1.6388691767713855e-17	2.690913823841565e-17
4197.999999999999	2.1765721741875356e-17	3.1154182819923486e-17
4198.249999999999	2.684979327234239e-17	2.8072726588649095e-17
4198.499999999999	3.1296640762672423e-17	2.8612911924593174e-17
4198.749999999999	3.507505228248913e-17	2.941527381004716e-17
4198.999999999999	3.814796154054911e-17	2.7861967586015484e-17
4199.249999999999	4.025494509433365e-17	3.0908768258346354e-17
4199.499999999999	4.094859055784881e-17	2.953614474987586e-17
4199.749999999999	3.9833017964359235e-17	2.938346706113327e-17
4199.999999999999	3.685608717881598e-17	3.0260622617574303e-17
4200.249999999999	3.2534279472962573e-17	2.933333660729011e-17
4200.499999999999	2.800007341645064e-17	2.916096209380141e-17
4200.749999999999	2.4739381559629964e-17	2.786641120026612e-17
4200.999999999999	2.3995779120654956e-17	2.689110735542322e-17
4201.249999999999	2.6108851829174877e-17	2.7233138266907772e-17
4201.499999999999	3.025836305907891e-17	2.989989576988483e-17
4201.749999999999	3.488445088841202e-17	2.948822121390699e-17
4201.999999999999	3.852916837202948e-17	2.939515016010497e-17
4202.249999999999	4.0491664001588945e-17	2.913212988637026e-17
4202.499999999999	4.08756233526309e-17	2.785238883452212e-17
4202.749999999999	4.01381005115687e-17	2.9140143612144673e-17
4202.999999999999	3.8602753036197267e-17	2.837963044824097e-17
4203.249999999999	3.6311310777124076e-17	2.8704672724304907e-17
4203.499999999999	3.3237892126342223e-17	2.9820929799888066e-17
4203.749999999999	2.960917238452621e-17	2.8356029331003607e-17
4203.999999999999	2.6031274906051562e-17	2.899611161516449e-17
4204.249999999999	2.331057334041003e-17	2.8123558491651704e-17
4204.499999999999	2.212661626074272e-17	2.7856382462519526e-17
4204.749999999999	2.283462344196206e-17	2.946878908695689e-17
4204.999999999999	2.5500404451902465e-17	2.927406084459456e-17
4205.249999999999	2.9984277332997157e-17	2.7014698065105993e-17
4205.499999999999	3.5862011594183606e-17	2.729612641619246e-17
4205.749999999999	4.227034168352094e-17	2.978540735566259e-17
4205.999999999999	4.7992865508357954e-17	3.178868328931086e-17
4206.249999999999	5.1897970289774654e-17	3.044445523690809e-17
4206.499999999999	5.3417382948469635e-17	3.0107911841607214e-17
4206.749999999999	5.265647023551917e-17	2.9795498959135736e-17
4206.999999999999	5.0098955027909085e-17	2.9493478773880374e-17
4207.249999999999	4.625574282113623e-17	3.099200909774879e-17
4207.499999999999	4.156739648944276e-17	2.945611337125013e-17
4207.749999999999	3.652161741771568e-17	2.87186090632652e-17
4207.999999999999	3.174229720616617e-17	2.870661494438318e-17
4208.249999999999	2.7920133435235784e-17	2.8797800026388577e-17
4208.499999999999	2.5647289249771862e-17	2.936014718530418e-17
4208.749999999999	2.5255659358918416e-17	2.9104459040519136e-17
4208.999999999999	2.670060082950917e-17	2.825092776237262e-17
4209.249999999999	2.953184074705503e-17	2.7852782572493695e-17
4209.499999999999	3.301786192235267e-17	3.013891126224325e-17
4209.749999999999	3.641512483420217e-17	2.816219113498038e-17
4209.999999999999	3.923686879974116e-17	2.963411602162664e-17
4210.249999999999	4.134826302101154e-17	3.005247419695391e-17
4210.499999999999	4.2846023665154426e-17	2.7550676360454628e-17
4210.749999999999	4.383475261216297e-17	3.123111061689092e-17
4210.999999999999	4.4253849690964863e-17	2.951555787879064e-17
4211.249999999999	4.384402300642487e-17	2.9831679839128805e-17
4211.499999999999	4.2253403310526076e-17	3.106270326162002e-17
4211.749999999999	3.9220704552149245e-17	2.984860726318409e-17
4211.999999999999	3.475326426917347e-17	2.9949142794833785e-17
4212.249999999999	2.924590727269817e-17	2.858605171574235e-17
4212.499999999999	2.3521060786596333e-17	2.881239149239401e-17
4212.749999999999	1.8747737616177925e-17	2.995746754051852e-17
4212.999999999999	1.615684223607562e-17	2.5681365635731768e-17
4213.249999999999	1.655240760744214e-17	2.7575860701384418e-17
4213.499999999999	1.9834559821035612e-17	2.837609011521924e-17
4213.749999999999	2.487488167719057e-17	2.868133630486356e-17
4213.999999999999	2.991498085760887e-17	2.955033255174237e-17
4214.249999999999	3.3303195627161014e-17	2.9962073282169214e-17
4214.499999999999	3.415905634447018e-17	2.9047340564861124e-17
4214.749999999999	3.263110116008129e-17	2.961068034051179e-17
4214.999999999999	2.967970920492394e-17	3.030754691936321e-17
4215.249999999999	2.656322762674313e-17	2.7390233100121393e-17
4215.499999999999	2.431660825084465e-17	2.843031015001087e-17
4215.749999999999	2.3464765286441482e-17	2.8745489124450723e-17
4215.999999999999	2.4036521572506484e-17	2.859443270970874e-17
4216.249999999999	2.5757311734232553e-17	2.823239560792898e-17
4216.499999999999	2.825497724420927e-17	2.7787243398199894e-17
4216.749999999999	3.121275214323969e-17	3.007790503770624e-17
4216.999999999999	3.4474103278927085e-17	3.0123399971396657e-17
4217.249999999999	3.8064449212141924e-17	2.902779594134772e-17
4217.499999999999	4.207724046376548e-17	2.8852549456772237e-17
4217.749999999999	4.6475329134349114e-17	3.011335469003781e-17
4217.999999999999	5.096040192920678e-17	3.033057231889424e-17
4218.249999999999	5.5019456565636694e-17	2.999706963952511e-17
4218.499999999999	5.81237552231797e-17	2.997748862006475e-17
4218.749999999999	5.99671780310903e-17	3.197322397524899e-17
4218.999999999999	6.061035380328453e-17	3.068674305576977e-17
4219.249999999999	6.042366385611251e-17	2.9912326640130275e-17
4219.499999999999	5.983418868122627e-17	2.998879452467713e-17
4219.749999999999	5.905332379029044e-17	3.069675194118166e-17
4219.999999999999	5.801746485927357e-17	3.0288855946241963e-17
4220.249999999999	5.659547353923535e-17	3.046705711996549e-17
4220.499999999999	5.485826033679289e-17	2.9571091476395e-17
4220.749999999999	5.314439146628999e-17	2.878660992706196e-17
4220.999999999999	5.185176335002413e-17	3.00398878167533e-17
4221.249999999999	5.112271836176104e-17	3.0453454961972665e-17
4221.499999999999	5.065494835796132e-17	2.882284705533668e-17
4221.749999999999	4.976878514974938e-17	2.94361981708223e-17
4221.999999999999	4.771499249494294e-17	3.187664567564975e-17
4222.249999999999	4.4080625558693046e-17	2.9962572899259196e-17
4222.499999999999	3.9077958823726585e-17	3.017005295794465e-17
4222.749999999999	3.355038930150257e-17	2.938264649796562e-17
4222.999999999999	2.8698281241786064e-17	2.8485774264443774e-17
4223.249999999999	2.5677387951984426e-17	2.844873311661365e-17
4223.499999999999	2.5233980885538275e-17	2.892120875633659e-17
4223.749999999999	2.7470308515472835e-17	2.774297103745483e-17
4223.999999999999	3.180001414176924e-17	2.8716177152264294e-17
4224.249999999999	3.7141162011545e-17	3.031687089922791e-17
4224.499999999999	4.23030625825494e-17	2.885335347632764e-17
4224.749999999999	4.6377041961066836e-17	2.9388363970359586e-17
4224.999999999999	4.890896185352338e-17	2.897351634955199e-17
4225.249999999999	4.979382101065721e-17	2.8899930362259274e-17
4225.499999999999	4.905173226886176e-17	2.9486163188542955e-17
4225.749999999999	4.671816083276643e-17	2.951698062944423e-17
4225.999999999999	4.295333853487912e-17	2.9817786513560365e-17
4226.249999999999	3.825869625723817e-17	2.9024573245681215e-17
4226.499999999999	3.35534008212405e-17	2.7781932898667303e-17
4226.749999999999	2.993152013630212e-17	2.721035440411561e-17
4226.999999999999	2.817274740770081e-17	2.7091255285159e-17
4227.249999999999	2.833125126922162e-17	2.833390059525659e-17
4227.499999999999	2.973967197391899e-17	2.9255118408567094e-17
4227.749999999999	3.147545752650814e-17	2.9328912845374175e-17
4227.999999999999	3.29664485224367e-17	2.880034774267524e-17
4228.249999999999	3.428852039826902e-17	3.0080968914695136e-17
4228.499999999999	3.5947105058817205e-17	2.861018222857175e-17
4228.749999999999	3.8334006709058546e-17	2.8085531344531416e-17
4228.999999999999	4.128420106091826e-17	2.9933386658525875e-17
4229.249999999999	4.405123869153645e-17	2.8869850766464396e-17
4229.499999999999	4.5681186430713944e-17	3.0852801218101016e-17
4229.749999999999	4.548403016020356e-17	2.985155533488723e-17
4229.999999999999	4.3299656015793055e-17	2.834359184331326e-17
4230.249999999999	3.948159822474075e-17	3.023573440730381e-17
4230.499999999999	3.472179375472269e-17	2.80322410607483e-17
4230.749999999999	2.984644557215349e-17	2.800058982178957e-17
4230.999999999999	2.5610918284173527e-17	2.8084591667355556e-17
4231.249999999999	2.2495366582003022e-17	2.793152024064139e-17
4231.499999999999	2.0587980308282595e-17	2.841117249935884e-17
4231.749999999999	1.968614317289668e-17	2.8387518442562275e-17
4231.999999999999	1.9608597043855473e-17	2.972704149164085e-17
4232.249999999999	2.0481806211474533e-17	2.9644667537520367e-17
4232.499999999999	2.2713880037462562e-17	2.6922766866188075e-17
4232.749999999999	2.6634928087223967e-17	2.698790237634295e-17
4232.999999999999	3.2118708013312743e-17	2.945505458006606e-17
4233.249999999999	3.851695096687356e-17	2.961417435141921e-17
4233.499999999999	4.4904449865137597e-17	2.881794352866547e-17
4233.749999999999	5.03561289803708e-17	2.960637569260406e-17
4233.999999999999	5.407008206556137e-17	2.932490598248697e-17
4234.249999999999	5.5427723913746957e-17	3.096827894033587e-17
4234.499999999999	5.41522611334038e-17	3.092775039904322e-17
4234.749999999999	5.052839976350035e-17	2.927703869479975e-17
4234.999999999999	4.5475887715142857e-17	3.052547592354643e-17
4235.249999999999	4.034556952468567e-17	2.7911601731491116e-17
4235.499999999999	3.651834207978515e-17	2.854949033266751e-17
4235.749999999999	3.499969678969201e-17	2.889972853018981e-17
4235.999999999999	3.614992522719673e-17	2.6895148959896155e-17
4236.249999999999	3.958948867091523e-17	3.024414517977225e-17
4236.499999999999	4.4276886838915895e-17	2.891920697925421e-17
4236.749999999999	4.876108045163515e-17	2.9022389488864075e-17
4236.999999999999	5.1592104121506186e-17	3.025120268475855e-17
4237.249999999999	5.179570016985749e-17	3.043434378110024e-17
4237.499999999999	4.922371785588262e-17	3.0335340187944993e-17
4237.749999999999	4.4586474085349036e-17	2.8010939505613834e-17
4237.999999999999	3.912074715506951e-17	2.776655395671872e-17
4238.249999999999	3.406515871508343e-17	2.9393499107602315e-17
4238.499999999999	3.023273182636611e-17	2.6670830812661574e-17
4238.749999999999	2.790132437070118e-17	2.7310921368628583e-17
4238.999999999999	2.70334289953793e-17	2.8764874929286516e-17
4239.249999999999	2.760000977594602e-17	2.923293673326087e-17
4239.499999999999	2.9679884961474213e-17	2.786716558898477e-17
4239.749999999999	3.3190587340461475e-17	2.536427421971569e-17
4239.999999999999	3.7496774972658507e-17	2.9441240663836426e-17
4240.249999999999	4.1351857104566925e-17	3.015873381844247e-17
4240.499999999999	4.3376314676845096e-17	2.870896082860038e-17
4240.749999999999	4.279272073890504e-17	2.974732396026065e-17
4240.999999999999	3.9913206934227886e-17	3.085567649791025e-17
4241.249999999999	3.606953536154674e-17	2.897785408468422e-17
4241.499999999999	3.302574506852984e-17	2.7313834698745995e-17
4241.749999999999	3.215563527455967e-17	2.6947497912142185e-17
4241.999999999999	3.3766637181217826e-17	2.6012823524626667e-17
4242.249999999999	3.6922234028135274e-17	2.9111595954844243e-17
4242.499999999999	3.9905994770635953e-17	2.949515960488508e-17
4242.749999999999	4.1117507619217315e-17	2.912073464625173e-17
4242.999999999999	3.991313152430497e-17	2.9755579222773927e-17
4243.249999999999	3.692395118032433e-17	2.886261128174333e-17
4243.499999999999	3.3694082081026794e-17	2.824063763555246e-17
4243.749999999999	3.186387884156774e-17	2.741288295965432e-17
4243.999999999999	3.234684586923418e-17	2.677887052682835e-17
4244.249999999999	3.4925887118623065e-17	2.7377461431463574e-17
4244.499999999999	3.8457379291812717e-17	3.0986486839979386e-17
4244.749999999999	4.1529444224476805e-17	3.027941616109151e-17
4244.999999999999	4.316265359170281e-17	2.890911537578106e-17
4245.249999999999	4.315711379424569e-17	2.8786848155078375e-17
4245.499999999999	4.197794706033741e-17	2.97333181381289e-17
4245.749999999999	4.038965525458294e-17	2.939888570775126e-17
4245.999999999999	3.91469239794114e-17	2.8158975056758774e-17
4246.249999999999	3.889317704387063e-17	2.858663405089359e-17
4246.499999999999	4.017714929351381e-17	3.1431847499222837e-17
4246.749999999999	4.338628072619293e-17	2.6947008221219554e-17
4246.999999999999	4.852535606958794e-17	2.8739592981044445e-17
4247.249999999999	5.501896915599705e-17	3.013668118331181e-17
4247.499999999999	6.179138194024136e-17	3.038069284657005e-17
4247.749999999999	6.764762729151345e-17	3.0637678010555575e-17
4247.999999999999	7.169704147064176e-17	2.9526565998382496e-17
4248.249999999999	7.355437584097682e-17	3.1088147337262153e-17
4248.499999999999	7.32973540369227e-17	3.1515587955715255e-17
4248.749999999999	7.133666212717287e-17	3.0322889465364845e-17
4248.999999999999	6.829660250026576e-17	3.172784580961881e-17
4249.249999999999	6.486622798475515e-17	2.9876595746390435e-17
4249.499999999999	6.15804813991602e-17	2.921134070182834e-17
4249.749999999999	5.862500740258066e-17	2.9529368486297825e-17
4249.999999999999	5.582707704349229e-17	3.007886787593925e-17
4250.249999999999	5.2868237734440826e-17	3.127545411516866e-17
4250.499999999999	4.955741383003908e-17	2.961257954719821e-17
4250.749999999999	4.597241186687883e-17	2.896963190939544e-17
4250.999999999999	4.243714431497858e-17	2.9683349811685796e-17
4251.249999999999	3.941978172741778e-17	3.0506189380384146e-17
4251.499999999999	3.737604025965005e-17	2.7615088914754132e-17
4251.749999999999	3.650058724271398e-17	2.791244876443837e-17
4251.999999999999	3.6486869109526906e-17	2.861460599048768e-17
4252.249999999999	3.656863795574434e-17	2.894585542986822e-17
4252.499999999999	3.598657581586023e-17	3.09874827654369e-17
4252.749999999999	3.460797628691194e-17	2.800137729773272e-17
4252.999999999999	3.31717452769615e-17	2.854064942628054e-17
4253.249999999999	3.2872044247641045e-17	2.8931750346062964e-17
4253.499999999999	3.4541053688401745e-17	2.6527617724487818e-17
4253.749999999999	3.8040737746010274e-17	2.823521794817901e-17
4253.999999999999	4.2322430582115453e-17	2.921001721284825e-17
4254.249999999999	4.610157721403917e-17	3.016135763534549e-17
4254.499999999999	4.8644035671183037e-17	3.016374322423209e-17
4254.749999999999	5.012002626144806e-17	2.7842022607085605e-17
4254.999999999999	5.1352603991366525e-17	2.9193023614343963e-17
4255.249999999999	5.322944769553779e-17	2.867013958809204e-17
4255.499999999999	5.620239300907576e-17	2.90134096161342e-17
4255.749999999999	6.011917430750359e-17	3.038569894363722e-17
4255.999999999999	6.435891844817188e-17	3.00414164465253e-17
4256.249999999999	6.811098456699476e-17	3.0866684617502106e-17
4256.499999999999	7.06584845561566e-17	3.0682117461784374e-17
4256.749999999999	7.157934588088897e-17	3.0617266501760217e-17
4256.999999999999	7.080259758752198e-17	3.120322470408053e-17
4257.249999999999	6.851352922362072e-17	2.858539327997476e-17
4257.499999999999	6.500923229437307e-17	2.9579919147892166e-17
4257.749999999999	6.065048475736369e-17	3.0456700818696323e-17
4257.999999999999	5.593439506538852e-17	3.017355027757452e-17
4258.249999999999	5.153580554254173e-17	2.843607725324159e-17
4258.499999999999	4.8164877050574966e-17	2.751715569331153e-17
4258.749999999999	4.62927702068184e-17	2.8454278535440205e-17
4258.999999999999	4.595970728598486e-17	2.97918461295507e-17
4259.249999999999	4.680273762385287e-17	3.0083288329132735e-17
4259.499999999999	4.82378972533951e-17	2.665352784860819e-17
4259.749999999999	4.965008307602323e-17	3.0566523934263764e-17
4259.999999999999	5.053414061346869e-17	2.866138470848878e-17
4260.249999999999	5.0624547301265943e-17	2.7255965143091785e-17
4260.499999999999	5.001546789506829e-17	3.0572810506919167e-17
4260.749999999999	4.9171457984337327e-17	2.964532597328796e-17
4260.999999999999	4.873052059211239e-17	2.781328304388306e-17
4261.249999999999	4.916855691608707e-17	2.793289005173578e-17
4261.499999999999	5.056723978488619e-17	2.934907289126332e-17
4261.749999999999	5.2672538096964266e-17	3.022581154867562e-17
4261.999999999999	5.5154817231191346e-17	2.861366631331182e-17
4262.249999999999	5.778741106716795e-17	2.895053065469037e-17
4262.499999999999	6.038677369615477e-17	2.980807541316899e-17
4262.749999999999	6.265106850754384e-17	3.033088664752701e-17
4262.999999999999	6.414122278925441e-17	2.993066357994935e-17
4263.249999999999	6.446193730349188e-17	3.0803484709980604e-17
4263.499999999999	6.346584735353659e-17	2.981271093332174e-17
4263.749999999999	6.129173047186869e-17	2.8745962271761104e-17
4263.999999999999	5.824225040504096e-17	2.8918833093617336e-17
4264.249999999999	5.4663856639441326e-17	2.974240058125473e-17
4264.499999999999	5.093668000609533e-17	2.9175762009321207e-17
4264.749999999999	4.750619656771555e-17	2.8141359418433845e-17
4264.999999999999	4.482174570720871e-17	2.781054673041674e-17
4265.249999999999	4.3172948756780845e-17	2.9263410067027326e-17
4265.499999999999	4.2571313702316136e-17	2.9380525606875033e-17
4265.749999999999	4.2811200559781947e-17	2.916845965887359e-17
4265.999999999999	4.366938952371558e-17	2.863964640199089e-17
4266.249999999999	4.506158736568848e-17	2.82124307766644e-17
4266.499999999999	4.7019073827425993e-17	2.8641651487795717e-17
4266.749999999999	4.95262920799547e-17	2.9189321153922176e-17
4266.999999999999	5.238272161985817e-17	2.944210754911838e-17
4267.249999999999	5.520544298181671e-17	2.9554961454450216e-17
4267.499999999999	5.75463434317285e-17	2.966206810888603e-17
4267.749999999999	5.902150374965625e-17	2.955545776281775e-17
4267.999999999999	5.939505144639185e-17	3.057659237667976e-17
4268.249999999999	5.863177912796245e-17	3.012862775286799e-17
4268.499999999999	5.69350456224495e-17	2.9387397823404124e-17
4268.749999999999	5.4742881121712896e-17	2.966690215238579e-17
4268.999999999999	5.2653407239008216e-17	2.90593975494697e-17
4269.249999999999	5.1305962211410135e-17	2.88379844605464e-17
4269.499999999999	5.1275749937269145e-17	2.9482596385741627e-17
4269.749999999999	5.299005017408821e-17	2.993203669976619e-17
4269.999999999999	5.66141169405628e-17	2.8175981890152864e-17
4270.249999999999	6.190215358447632e-17	2.836330521167162e-17
4270.499999999999	6.81337982554412e-17	3.012201361669002e-17
4270.749999999999	7.427347379273834e-17	3.1052949147836797e-17
4270.999999999999	7.931529722074367e-17	3.039586003028182e-17
4271.249999999999	8.259795024997994e-17	2.961305931195349e-17
4271.499999999999	8.391984648726762e-17	2.960311329226815e-17
4271.749999999999	8.349375021339222e-17	3.0848245107287074e-17
4271.999999999999	8.18759602642927e-17	3.1293119384330343e-17
4272.249999999999	7.988883638180382e-17	2.9638897125567197e-17
4272.499999999999	7.843359768972733e-17	2.931729922957393e-17
4272.749999999999	7.816638787111267e-17	2.949668492593463e-17
4272.999999999999	7.919901026313084e-17	3.075055838566701e-17
4273.249999999999	8.104245167198949e-17	3.13002132852636e-17
4273.499999999999	8.285670880304619e-17	2.884288467849517e-17
4273.749999999999	8.385968891696112e-17	3.093206166439585e-17
4273.999999999999	8.365824852837004e-17	3.121584748022809e-17
4274.249999999999	8.232947923086568e-17	3.0448594448693304e-17
4274.499999999999	8.023098009523535e-17	2.957652439865825e-17
4274.749999999999	7.767678899487095e-17	3.0283588460101226e-17
4274.999999999999	7.47008059595618e-17	2.925541619358761e-17
4275.249999999999	7.106997380262545e-17	3.044293322458099e-17
4275.499999999999	6.652301393549765e-17	3.0707068537781423e-17
4275.749999999999	6.1042557678483e-17	2.8647091027503865e-17
4275.999999999999	5.497402679058441e-17	2.880731922087784e-17
4276.249999999999	4.896929920410858e-17	2.85485804339937e-17
4276.499999999999	4.3869750794647465e-17	2.917236726008729e-17
4276.749999999999	4.0604373082907915e-17	2.904826038970228e-17
4276.999999999999	4.0039547202831365e-17	2.653029448095004e-17
4277.249999999999	4.268599541767296e-17	2.8285493985809985e-17
4277.499999999999	4.8327184737561713e-17	2.6809315736453977e-17
4277.749999999999	5.582592077215862e-17	2.8415444060042065e-17
4277.999999999999	6.336238596761416e-17	3.1478143143746204e-17
4278.249999999999	6.909611384930855e-17	2.964033641983304e-17
4278.499999999999	7.190921107497631e-17	3.227240196791962e-17
4278.749999999999	7.176715879131692e-17	2.9600317421797723e-17
4278.999999999999	6.947444886104082e-17	2.757252716351583e-17
4279.249999999999	6.604522278954308e-17	2.9273984743978203e-17
4279.499999999999	6.217740925453599e-17	2.974501778071285e-17
4279.749999999999	5.816486710277094e-17	3.034218924341693e-17
4279.999999999999	5.416111529651308e-17	2.930279048162975e-17
4280.249999999999	5.0435865627243334e-17	2.813063915769516e-17
4280.499999999999	4.7373170674451954e-17	2.836214054136915e-17
4280.749999999999	4.5269733973080865e-17	2.8740181933640583e-17
4280.999999999999	4.4164428487092114e-17	2.7860905486108966e-17
4281.249999999999	4.3841416514026665e-17	2.7976786872482745e-17
4281.499999999999	4.3960758335411325e-17	2.873299207975627e-17
4281.749999999999	4.419128792679394e-17	2.8876875184226196e-17
4281.999999999999	4.429023145051617e-17	2.780608657255385e-17
4282.249999999999	4.4164505785442785e-17	2.854121521781953e-17
4282.499999999999	4.393227035254002e-17	2.8676902616780277e-17
4282.749999999999	4.390851519464301e-17	2.782231254744969e-17
4282.999999999999	4.442437879637583e-17	2.804818910295832e-17
4283.249999999999	4.553907190729176e-17	2.7553584727488365e-17
4283.499999999999	4.68763405644833e-17	2.799743660929452e-17
4283.749999999999	4.778488449266671e-17	2.901157989261923e-17
4283.999999999999	4.775868714487942e-17	2.967883671426371e-17
4284.249999999999	4.6810146486073246e-17	2.6853035540549855e-17
4284.499999999999	4.552124267987769e-17	2.763524730628205e-17
4284.749999999999	4.476535555727877e-17	2.80681076121086e-17
4284.999999999999	4.531424769025226e-17	2.802027341164588e-17
4285.249999999999	4.753712058032153e-17	2.8060097195056635e-17
4285.499999999999	5.125612544928869e-17	2.7702184415811066e-17
4285.749999999999	5.574440571943746e-17	2.8832564773172956e-17
4285.999999999999	5.988269812972586e-17	2.887129336945269e-17
4286.249999999999	6.250418048392014e-17	2.8700143083270566e-17
4286.499999999999	6.28575513956826e-17	3.157978378869427e-17
4286.749999999999	6.09735766520757e-17	2.8616171016206633e-17
4286.999999999999	5.769341727709561e-17	2.8748314773423205e-17
4287.249999999999	5.428669331229111e-17	2.862471413757308e-17
4287.499999999999	5.185311319922655e-17	2.707970122636286e-17
4287.749999999999	5.0858625663589e-17	2.7969487830757577e-17
4287.999999999999	5.1069885528539813e-17	2.9159016565000683e-17
4288.249999999999	5.187265923524782e-17	2.868970406394015e-17
4288.499999999999	5.2705477268506134e-17	2.793803511514586e-17
4288.749999999999	5.33116731563472e-17	2.829366653026201e-17
4288.999999999999	5.3713640486103164e-17	2.741157105120281e-17
4289.249999999999	5.403752884079116e-17	2.864949977744762e-17
4289.499999999999	5.436846323007944e-17	2.8459559256470743e-17
4289.749999999999	5.4707200033260556e-17	2.7791627455446425e-17
4289.999999999999	5.499261503472258e-17	2.910229844475915e-17
4290.249999999999	5.514386364148494e-17	2.8133415175830885e-17
4290.499999999999	5.5101021647835077e-17	2.946567888785369e-17
4290.749999999999	5.4832416871086163e-17	2.917708880702374e-17
4290.999999999999	5.4273428403322654e-17	2.7272113363010045e-17
4291.249999999999	5.323175004666445e-17	2.846867809554353e-17
4291.499999999999	5.138191861812943e-17	2.964925673555881e-17
4291.749999999999	4.8442197382025984e-17	2.956511923237237e-17
4291.999999999999	4.446130042152294e-17	2.8998851237353266e-17
4292.249999999999	3.9996664928625e-17	2.83161757690908e-17
4292.499999999999	3.5997526753942263e-17	2.722661842931963e-17
4292.749999999999	3.34035082604948e-17	2.6350778090052557e-17
4292.999999999999	3.267387147573236e-17	2.6780890501884205e-17
4293.249999999999	3.351781005671505e-17	2.7602732490763815e-17
4293.499999999999	3.496894640347665e-17	2.77444649256411e-17
4293.749999999999	3.574432993155835e-17	2.7347031111088973e-17
4293.999999999999	3.4706880813544303e-17	2.7598280604707055e-17
4294.249999999999	3.127011517595714e-17	2.7715942083759048e-17
4294.499999999999	2.565196390605503e-17	2.778908304788221e-17
4294.749999999999	1.8895233945149404e-17	2.844798203661745e-17
4294.999999999999	1.2572135078081783e-17	2.5457112008584967e-17
4295.249999999999	8.210747090706214e-18	2.480456080387046e-17
4295.499999999999	6.701736996036495e-18	2.5027318888469764e-17
4295.749999999999	8.034882062709881e-18	2.5692987523338138e-17
4295.999999999999	1.1507797989149017e-17	2.7954936069421544e-17
4296.249999999999	1.619235814773554e-17	2.658767765440407e-17
4296.499999999999	2.1281777192142177e-17	2.731876469519681e-17
4296.749999999999	2.6131734319073565e-17	2.764142634545782e-17
4296.999999999999	3.014531361401672e-17	2.6331719848739335e-17
4297.249999999999	3.278769045163072e-17	2.884156118951508e-17
4297.499999999999	3.382328058369724e-17	2.873906027672996e-17
4297.749999999999	3.355431766409095e-17	2.812321769323933e-17
4297.999999999999	3.274482991238949e-17	2.7040193425946103e-17
4298.249999999999	3.216986730831254e-17	2.5170948875672247e-17
4298.499999999999	3.2110155442304815e-17	2.686780236884515e-17
4298.749999999999	3.223118194122531e-17	2.7813799204585296e-17
4298.999999999999	3.1986055527382504e-17	2.828199997490256e-17
4299.249999999999	3.1216006129779265e-17	2.803898092837938e-17
4299.499999999999	3.042393751128854e-17	2.622461319430352e-17
4299.749999999999	3.04631856578817e-17	2.7152736311367618e-17
4299.999999999999	3.1885799948827934e-17	2.6384230928385426e-17
4300.249999999999	3.448372698805637e-17	2.7422701593525324e-17
4300.499999999999	3.737710305706883e-17	3.006811121925361e-17
4300.749999999999	3.9532061680582515e-17	2.784961943383129e-17
4300.999999999999	4.026930799296877e-17	2.658323238579221e-17
4301.249999999999	3.9427332883167454e-17	2.7064649847936846e-17
4301.499999999999	3.721111545454399e-17	2.7541665054861475e-17
4301.749999999999	3.399496660347897e-17	2.684625265952692e-17
4301.999999999999	3.0261585886738565e-17	2.7125531995381974e-17
4302.249999999999	2.6620423582027483e-17	2.668457690008098e-17
4302.499999999999	2.374333778021204e-17	2.5916309745115205e-17
4302.749999999999	2.2167229803700503e-17	2.5466641129241578e-17
4302.999999999999	2.208857695722248e-17	2.5991662590196335e-17
4303.249999999999	2.332605026148076e-17	2.6104028458966764e-17
4303.499999999999	2.550813036226563e-17	2.699794269461812e-17
4303.749999999999	2.835620530150373e-17	2.740522988462698e-17
4303.999999999999	3.1837193870694286e-17	2.7036603462087623e-17
4304.249999999999	3.604716389643196e-17	2.6085929747164103e-17
4304.499999999999	4.090556612461637e-17	2.716580741940718e-17
4304.749999999999	4.591244052755427e-17	2.8420288029709176e-17
4304.999999999999	5.0194554058025385e-17	2.879203292315786e-17
4305.249999999999	5.2854996049503493e-17	2.8235581907648535e-17
4305.499999999999	5.341307456528787e-17	2.8330710986814583e-17
4305.749999999999	5.204839054538918e-17	2.8301104538330085e-17
4305.999999999999	4.949237986902749e-17	2.753528087489379e-17
4306.249999999999	4.664893481051792e-17	2.7069295294256943e-17
4306.499999999999	4.420634490683869e-17	2.7749676163500185e-17
4306.749999999999	4.2491023348205335e-17	2.7490982044369126e-17
4306.999999999999	4.1612659975314054e-17	2.7812072051466285e-17
4307.249999999999	4.1714812191940375e-17	2.7585290560367522e-17
4307.499999999999	4.3066742842074966e-17	2.6754273484133474e-17
4307.749999999999	4.588052376496787e-17	2.5782516589757203e-17
4307.999999999999	4.999207055797881e-17	2.773585562982565e-17
4308.249999999999	5.4686089862397386e-17	2.9034863372501374e-17
4308.499999999999	5.8844252482572e-17	2.910437632245788e-17
4308.749999999999	6.133987895619145e-17	2.874089330896738e-17
4308.999999999999	6.142000691508405e-17	2.9876311196259716e-17
4309.249999999999	5.886555509416619e-17	2.784255200267764e-17
4309.499999999999	5.3936116483603935e-17	2.84292910634962e-17
4309.749999999999	4.7263161379421957e-17	2.924487791258369e-17
4309.999999999999	3.9803748447902035e-17	2.8495941968533276e-17
4310.249999999999	3.2790117755861577e-17	2.5161598426027948e-17
4310.499999999999	2.7532357730235494e-17	2.5838079965863615e-17
4310.749999999999	2.5054882538310316e-17	2.4993315147848935e-17
4310.999999999999	2.5740545421710792e-17	2.4755479215044013e-17
4311.249999999999	2.9209066872840037e-17	2.6801156426891754e-17
4311.499999999999	3.45123592398023e-17	2.5928442830340132e-17
4311.749999999999	4.051717738978329e-17	2.779776182686912e-17
4311.999999999999	4.6237639348868804e-17	2.7790826744613473e-17
4312.249999999999	5.095476139894326e-17	2.6911631360781886e-17
4312.499999999999	5.415482099271537e-17	2.8008785527298746e-17
4312.749999999999	5.546957959468496e-17	2.9430768557281504e-17
4312.999999999999	5.476228403285423e-17	2.9144865159081126e-17
4313.249999999999	5.2300051909112056e-17	2.873908343778711e-17
4313.499999999999	4.879965012383881e-17	2.808758936989545e-17
4313.749999999999	4.5214584119804446e-17	2.5738972147951186e-17
4313.999999999999	4.2377268008745e-17	2.74382906393495e-17
4314.249999999999	4.075512084054901e-17	2.750100085594837e-17
4314.499999999999	4.0468736724638077e-17	2.7439174068243705e-17
4314.749999999999	4.148482118132116e-17	2.7738562164789923e-17
4314.999999999999	4.378021815432012e-17	2.5870742019530883e-17
4315.249999999999	4.7351790038552366e-17	2.882136805640144e-17
4315.499999999999	5.209384753709814e-17	2.8254123988259524e-17
4315.749999999999	5.765080930437302e-17	2.7165170490335515e-17
4315.999999999999	6.336439868397902e-17	2.8697456400640994e-17
4316.249999999999	6.839736740147294e-17	2.935615686602922e-17
4316.499999999999	7.201964957670596e-17	3.009129543746225e-17
4316.749999999999	7.391266610527775e-17	2.9317219820235125e-17
4316.999999999999	7.428918103101794e-17	2.8378184536530227e-17
4317.249999999999	7.372166033511044e-17	2.9392430390250897e-17
4317.499999999999	7.27705301742405e-17	2.832297188500354e-17
4317.749999999999	7.166082880098816e-17	2.779418840662289e-17
4317.999999999999	7.025102510775311e-17	2.886916916963965e-17
4318.249999999999	6.83448225575604e-17	3.037230523515876e-17
4318.499999999999	6.611853234213284e-17	2.970507157457144e-17
4318.749999999999	6.429034286659533e-17	2.7287356647338173e-17
4318.999999999999	6.381744979240063e-17	2.6503882603991222e-17
4319.249999999999	6.528572667702679e-17	2.7752897204805467e-17
4319.499999999999	6.8427703500927e-17	2.9890972145436606e-17
4319.749999999999	7.212134708082503e-17	2.97427149098875e-17
4319.999999999999	7.48714826557634e-17	3.032808746833413e-17
4320.249999999999	7.546713801265902e-17	3.014826171188755e-17
4320.499999999999	7.345136525512988e-17	2.934707111418094e-17
4320.749999999999	6.920705805727047e-17	2.822742921553121e-17
4320.999999999999	6.369416627544761e-17	2.718871039620755e-17
4321.249999999999	5.803312080952049e-17	2.7393028970591822e-17
4321.499999999999	5.3153323832940334e-17	2.805347313271131e-17
4321.749999999999	4.963274287346461e-17	2.7849013937622904e-17
4321.999999999999	4.7731005449182273e-17	2.5886527934340845e-17
4322.249999999999	4.7539615390992566e-17	2.683881961454252e-17
4322.499999999999	4.9138580607141926e-17	2.892063965607515e-17
4322.749999999999	5.2636886616450576e-17	2.75701465377129e-17
4322.999999999999	5.802178721171747e-17	2.4864045016080373e-17
4323.249999999999	6.488423157363378e-17	2.778292882412482e-17
4323.499999999999	7.223232402720702e-17	2.8559439661075296e-17
4323.749999999999	7.859859793493221e-17	2.952538809319022e-17
4323.999999999999	8.246990545040767e-17	2.978897084974147e-17
4324.249999999999	8.286141803662858e-17	2.978777640093694e-17
4324.499999999999	7.97516150813755e-17	3.180842312744883e-17
4324.749999999999	7.412949381603075e-17	2.8126715012869206e-17
4324.999999999999	6.757558080509633e-17	2.6846760548423028e-17
4325.249999999999	6.156537573987087e-17	2.7017100197604847e-17
4325.499999999999	5.68920489719035e-17	2.753337174204002e-17
4325.749999999999	5.355196292427158e-17	2.954189861821678e-17
4325.999999999999	5.110735446877334e-17	2.758992277179782e-17
4326.249999999999	4.9199109277606404e-17	2.6490728777890404e-17
4326.499999999999	4.7824929842353426e-17	2.6604581917402202e-17
4326.749999999999	4.724770978374773e-17	2.7166775220723868e-17
4326.999999999999	4.770204526501839e-17	2.5527797900650073e-17
4327.249999999999	4.916550105412776e-17	2.804951590066086e-17
4327.499999999999	5.132382759234833e-17	2.840994165460736e-17
4327.749999999999	5.3664210201819326e-17	2.705357389953476e-17
4327.999999999999	5.557298787657337e-17	2.7148491220463995e-17
4328.249999999999	5.641585223014195e-17	2.8993537429098225e-17
4328.499999999999	5.567827565398286e-17	2.883127106269492e-17
4328.749999999999	5.3189468016320906e-17	2.850815777181946e-17
4328.999999999999	4.929510723614478e-17	2.813783893774682e-17
4329.249999999999	4.478842254782e-17	2.6235273898038102e-17
4329.499999999999	4.056626564960067e-17	2.6450261447963084e-17
4329.749999999999	3.7213848459798154e-17	2.7083610481937786e-17
4329.999999999999	3.480224598420216e-17	2.7452688545091596e-17
4330.249999999999	3.3023157222270656e-17	2.724267896809296e-17
4330.499999999999	3.1533010268855344e-17	2.6387162456476314e-17
4330.749999999999	3.024623469386927e-17	2.6233874308441663e-17
4330.999999999999	2.938676214092998e-17	2.664362318795348e-17
4331.249999999999	2.929151981897391e-17	2.6662926274728018e-17
4331.499999999999	3.0115955977344296e-17	2.573038766755411e-17
4331.749999999999	3.163061762389695e-17	2.575604515579428e-17
4331.999999999999	3.322257555293024e-17	2.7009607595616342e-17
4332.249999999999	3.4093827020972447e-17	2.6796062648679652e-17
4332.499999999999	3.3558721183046003e-17	2.657599455543237e-17
4332.749999999999	3.131866715365667e-17	2.8304985669764184e-17
4332.999999999999	2.761770455093084e-17	2.669828493719221e-17
4333.249999999999	2.3226491959245778e-17	2.6271782341553743e-17
4333.499999999999	1.9254040393823712e-17	2.5830790850305797e-17
4333.749999999999	1.6841433818083196e-17	2.5339885626535177e-17
4333.999999999999	1.6831710335754268e-17	2.5525903657047327e-17
4334.249999999999	1.9518257162259003e-17	2.4061929630448927e-17
4334.499999999999	2.4553090707127364e-17	2.5510228584439447e-17
4334.749999999999	3.1052930293039735e-17	2.6159004536838263e-17
4334.999999999999	3.787185278783105e-17	2.6035362541957512e-17
4335.249999999999	4.392949131966035e-17	2.9538556808542064e-17
4335.499999999999	4.84494390697227e-17	2.6038333774717802e-17
4335.749999999999	5.102445533939966e-17	2.6620076664636546e-17
4335.999999999999	5.15497259997588e-17	2.804208781876013e-17
4336.249999999999	5.014242100219214e-17	2.789827750618411e-17
4336.499999999999	4.712380492956417e-17	2.6976836354108216e-17
4336.749999999999	4.3035357480556923e-17	2.7590154382369334e-17
4336.999999999999	3.8611521373039514e-17	2.6337531619723133e-17
4337.249999999999	3.467785163879202e-17	2.5477326648394538e-17
4337.499999999999	3.200720006247337e-17	2.7251652223377934e-17
4337.749999999999	3.117021211268138e-17	2.573757090399352e-17
4337.999999999999	3.2385953180380324e-17	2.5438871021716948e-17
4338.249999999999	3.5393525881058716e-17	2.579082644619091e-17
4338.499999999999	3.9426941709803543e-17	2.645486057216888e-17
4338.749999999999	4.3385034113977674e-17	2.7058146553960954e-17
4338.999999999999	4.6182031308463995e-17	2.757956812488988e-17
4339.249999999999	4.712119029244819e-17	2.798516455772668e-17
4339.499999999999	4.6099510589282124e-17	2.6544288722553212e-17
4339.749999999999	4.3567962525353517e-17	2.504901914465948e-17
4339.999999999999	4.0325633317699686e-17	2.8402953632792515e-17
4340.249999999999	3.7282565026966125e-17	2.5423508623380613e-17
4340.499999999999	3.527375021837276e-17	2.527668406465245e-17
4340.749999999999	3.493737751833768e-17	2.5415837350379796e-17
4340.999999999999	3.664596422477473e-17	2.4950255433881874e-17
4341.249999999999	4.047923754335457e-17	2.5832076288977705e-17
4341.499999999999	4.622098211804642e-17	2.597005663259645e-17
4341.749999999999	5.3362236337268666e-17	2.7070627055043154e-17
4341.999999999999	6.112108306244354e-17	2.7593436635039944e-17
4342.249999999999	6.852187633766909e-17	2.707688219483528e-17
4342.499999999999	7.456789190156559e-17	2.9289423242930893e-17
4342.749999999999	7.848072845214621e-17	2.937066892269585e-17
4342.999999999999	7.991235896069635e-17	2.891484608306483e-17
4343.249999999999	7.902310113487369e-17	2.8544441222208485e-17
4343.499999999999	7.638129910149646e-17	2.8607075338191e-17
4343.749999999999	7.273770119596029e-17	2.680493002484622e-17
4343.999999999999	6.879328225164108e-17	2.7262566044379958e-17
4344.249999999999	6.507316875030079e-17	2.716626071438286e-17
4344.499999999999	6.194610216649219e-17	2.6785703038688038e-17
4344.749999999999	5.97280246922134e-17	2.749663334231409e-17
4344.999999999999	5.874218352363352e-17	2.73255905896116e-17
4345.249999999999	5.924025663833945e-17	2.6232309282722712e-17
4345.499999999999	6.122277688667189e-17	2.5808758067509835e-17
4345.749999999999	6.432472697278539e-17	2.6786004132431008e-17
4345.999999999999	6.790565781808209e-17	2.898834604357384e-17
4346.249999999999	7.1293497478852e-17	2.8861277866595896e-17
4346.499999999999	7.397162303627538e-17	2.755133810494467e-17
4346.749999999999	7.556688153030208e-17	2.6457244506694257e-17
4346.999999999999	7.573265055434654e-17	2.680521788369939e-17
4347.249999999999	7.414937804631616e-17	2.925534671041616e-17
4347.499999999999	7.07252685699444e-17	2.919500884781409e-17
4347.749999999999	6.583361167914342e-17	2.6995547179564166e-17
4347.999999999999	6.035361887829536e-17	2.5513542269973335e-17
4348.249999999999	5.5450586294130986e-17	2.6476218375584998e-17
4348.499999999999	5.2234693892188196e-17	2.60340307811713e-17
4348.749999999999	5.1479870112082885e-17	2.5646882130355657e-17
4348.999999999999	5.348370979308352e-17	2.5920255396637083e-17
4349.249999999999	5.805157187854094e-17	2.6549777893098114e-17
4349.499999999999	6.456544091246779e-17	2.7295780654696413e-17
4349.749999999999	7.211091344752876e-17	2.887565426564207e-17
4349.999999999999	7.963753966027905e-17	2.860392212569595e-17
4350.249999999999	8.612876403201211e-17	2.83645162040884e-17
4350.499999999999	9.077259332956496e-17	2.8563621886252365e-17
4350.749999999999	9.3122765455026e-17	2.9174809097255546e-17
4350.999999999999	9.319845455301425e-17	3.039988674550373e-17
4351.249999999999	9.144147766754694e-17	2.7053281077597917e-17
4351.499999999999	8.851149957871998e-17	2.640067858768543e-17
4351.749999999999	8.502498732539638e-17	2.8832247135817735e-17
4351.999999999999	8.139793806986653e-17	2.9041881172818274e-17
4352.249999999999	7.786323769912468e-17	2.6700324764582765e-17
4352.499999999999	7.459573333394575e-17	2.7066855111449912e-17
4352.749999999999	7.183052374309626e-17	2.788762341989443e-17
4352.999999999999	6.991285570641216e-17	2.787964609006697e-17
4353.249999999999	6.927507668629645e-17	2.6977195350494064e-17
4353.499999999999	7.034613339580855e-17	2.6638430148067872e-17
4353.749999999999	7.34017720082757e-17	2.715471658175407e-17
4353.999999999999	7.839711089456044e-17	2.7398562808889802e-17
4354.249999999999	8.48583148737648e-17	2.7187582121852026e-17
4354.499999999999	9.189710971724827e-17	2.9679127881839326e-17
4354.749999999999	9.835482863394504e-17	2.8804338061950196e-17
4354.999999999999	1.0303629394149292e-16	2.8734150132613847e-17
4355.249999999999	1.0498936425900224e-16	2.9573801320081724e-17
4355.499999999999	1.0378774006781159e-16	3.038664523825798e-17
4355.749999999999	9.973425795334157e-17	2.897332113492743e-17
4355.999999999999	9.385234866639631e-17	2.893024818607057e-17
4356.249999999999	8.757951819088199e-17	2.745689558568704e-17
4356.499999999999	8.225446696745136e-17	2.6073161387228735e-17
4356.749999999999	7.86679047290052e-17	2.7744226697624686e-17
4356.999999999999	7.693485007618585e-17	2.7970993299472423e-17
4357.249999999999	7.671466366927954e-17	2.72144721092049e-17
4357.499999999999	7.755484598983959e-17	2.7486799819192058e-17
4357.749999999999	7.909486262658343e-17	2.803412041510002e-17
4357.999999999999	8.105035149654255e-17	2.6675817057394044e-17
4358.249999999999	8.310264910791353e-17	2.86288864365828e-17
4358.499999999999	8.485641224527882e-17	2.7530774394916602e-17
4358.749999999999	8.591219762312398e-17	2.709099885916911e-17
4358.999999999999	8.598730433261614e-17	2.786708287092351e-17
4359.249999999999	8.50125534446995e-17	2.681506133298877e-17
4359.499999999999	8.319148606543117e-17	2.873361411957691e-17
4359.749999999999	8.102603701526453e-17	2.8276917777219035e-17
4359.999999999999	7.926479087834641e-17	2.7735102895468226e-17
4360.249999999999	7.870547077308305e-17	2.778722023714274e-17
4360.499999999999	7.986748187072295e-17	2.5257177491447225e-17
4360.749999999999	8.269789108651962e-17	2.6825066909678212e-17
4360.999999999999	8.65291741466951e-17	2.8615089063965414e-17
4361.249999999999	9.036879907753312e-17	2.957985628216561e-17
4361.499999999999	9.335721406036042e-17	2.933136129998733e-17
4361.749999999999	9.509545950731319e-17	2.845602554089392e-17
4361.999999999999	9.564540691667319e-17	2.7423915894664552e-17
4362.249999999999	9.525702845111261e-17	2.8081938071950485e-17
4362.499999999999	9.406297079247362e-17	2.8997120775511805e-17
4362.749999999999	9.196489762729028e-17	2.852202793633075e-17
4362.999999999999	8.876657632544012e-17	2.9240920680533234e-17
4363.249999999999	8.443716370191597e-17	2.834254297829654e-17
4363.499999999999	7.932546232712491e-17	2.7407823923027945e-17
4363.749999999999	7.419616916378973e-17	2.702679806310642e-17
4363.999999999999	7.006148775665943e-17	2.7185919488820795e-17
4364.249999999999	6.787797908612094e-17	2.6315483947676144e-17
4364.499999999999	6.82375024199746e-17	2.609531493839413e-17
4364.749999999999	7.118313379652096e-17	2.7159587021200782e-17
4364.999999999999	7.621737828901152e-17	2.8507496027329417e-17
4365.249999999999	8.246896031875163e-17	2.811473412887699e-17
4365.499999999999	8.891394500819114e-17	2.6346857253949055e-17
4365.749999999999	9.455894607405538e-17	2.7569056313665556e-17
4365.999999999999	9.856942645999525e-17	2.8701046364499474e-17
4366.249999999999	1.0038825247950426e-16	2.8579248982384716e-17
4366.499999999999	9.987811241237611e-17	2.81094302467893e-17
4366.749999999999	9.744252630066741e-17	2.964779428023582e-17
4366.999999999999	9.400620734626823e-17	2.867883821941365e-17
4367.249999999999	9.075898596094951e-17	2.6683521417619363e-17
4367.499999999999	8.871721623314601e-17	2.5323542191992354e-17
4367.749999999999	8.833099192023091e-17	2.7324976821597084e-17
4367.999999999999	8.938917294346402e-17	2.908142702354321e-17
4368.249999999999	9.128094020789562e-17	2.8480612657421443e-17
4368.499999999999	9.341336694310242e-17	2.800354781966006e-17
4368.749999999999	9.549364271179262e-17	2.9191154186159593e-17
4368.999999999999	9.75341335698915e-17	2.6657404016958614e-17
4369.249999999999	9.966809034665694e-17	2.7880106002487547e-17
4369.499999999999	1.0196251820388017e-16	2.871811606362012e-17
4369.749999999999	1.0433519356936463e-16	2.8835671663553705e-17
4369.999999999999	1.0655649171190879e-16	2.8663929116052995e-17
4370.249999999999	1.0828346661159026e-16	2.7737902074661106e-17
4370.499999999999	1.0913087605201572e-16	2.931320303118057e-17
4370.749999999999	1.0881742521882876e-16	2.9310840603351116e-17
4370.999999999999	1.0736564984011526e-16	2.8299691713843845e-17
4371.249999999999	1.0524050261281034e-16	2.846888323633544e-17
4371.499999999999	1.0329595632502934e-16	2.743566351372403e-17
4371.749999999999	1.0249468571426634e-16	2.7462995215524007e-17
4371.999999999999	1.0350535264314148e-16	2.747371382190147e-17
4372.249999999999	1.0637172091270651e-16	2.7428142787594698e-17
4372.499999999999	1.1043764625107551e-16	2.801120420340985e-17
4372.749999999999	1.146001681241128e-16	2.8843943469679235e-17
4372.999999999999	1.1778664247826267e-16	2.962626773197474e-17
4373.249999999999	1.1939723073623075e-16	2.979496625482125e-17
4373.499999999999	1.194405713648118e-16	2.884071084784538e-17
4373.749999999999	1.1827955178861848e-16	2.6058713850649884e-17
4373.999999999999	1.1619403087542395e-16	2.777534192354648e-17
4374.249999999999	1.1312292273193447e-16	2.939542147534589e-17
4374.499999999999	1.0880710202106193e-16	2.9959724089229564e-17
4374.749999999999	1.0321423507148391e-16	2.916052534243798e-17
4374.999999999999	9.687929588655334e-17	2.7171281700701056e-17
4375.249999999999	9.085445309102341e-17	2.8022834362822347e-17
4375.499999999999	8.627104236152276e-17	2.6101282219333088e-17
4375.749999999999	8.381585185419553e-17	2.4951678184535465e-17
4375.999999999999	8.348356956387011e-17	2.7449733855943557e-17
4376.249999999999	8.474988701131825e-17	2.832457330666944e-17
4376.499999999999	8.698640588447069e-17	2.8621957971772054e-17
4376.749999999999	8.976725347628653e-17	2.7305893764865486e-17
4376.999999999999	9.28469662620878e-17	2.5889570304633815e-17
4377.249999999999	9.591091310156809e-17	2.6352841078500264e-17
4377.499999999999	9.841545276966829e-17	2.890406626532204e-17
4377.749999999999	9.973454405120328e-17	2.917827663838337e-17
4377.999999999999	9.951063198258936e-17	2.921151937284065e-17
4378.249999999999	9.789041822119959e-17	2.837951795167766e-17
4378.499999999999	9.542700685507748e-17	2.558069610082284e-17
4378.749999999999	9.274142453981038e-17	2.784552654416038e-17
4378.999999999999	9.024488815923106e-17	2.820073113408045e-17
4379.249999999999	8.813185626522786e-17	2.787857075527065e-17
4379.499999999999	8.657136384489307e-17	2.7476814094837318e-17
4379.749999999999	8.583636095106228e-17	2.700717072153176e-17
4379.999999999999	8.619473148655597e-17	2.4426817196619543e-17
4380.249999999999	8.764769757204938e-17	2.521973764256185e-17
4380.499999999999	8.977973443842095e-17	2.7293768951446684e-17
4380.749999999999	9.190209381222989e-17	2.877879803335701e-17
4380.999999999999	9.340479578554388e-17	2.7789294806119025e-17
4381.249999999999	9.40350547824976e-17	2.755085172274449e-17
4381.499999999999	9.388201152793083e-17	2.7137481446510915e-17
4381.749999999999	9.31097181914825e-17	2.687961781671486e-17
4381.999999999999	9.170096207049439e-17	2.7210519840238122e-17
4382.249999999999	8.945937656080695e-17	2.852191213104499e-17
4382.499999999999	8.628563903774417e-17	2.6833409853336422e-17
4382.749999999999	8.24942488755708e-17	2.7312972776547715e-17
4382.999999999999	7.887789635613427e-17	2.6576530568469304e-17
4383.249999999999	7.641114727096717e-17	2.2994939432149426e-17
4383.499999999999	7.577084936188206e-17	2.4222051944704492e-17
4383.749999999999	7.700072474221611e-17	2.6343608088502947e-17
4383.999999999999	7.953342867867167e-17	2.746295054777093e-17
4384.249999999999	8.251007027465972e-17	2.706923573725284e-17
4384.499999999999	8.515053789437191e-17	2.5451866029140156e-17
4384.749999999999	8.696877184485405e-17	2.789377433492937e-17
4384.999999999999	8.780507071872942e-17	2.7521637357870342e-17
4385.249999999999	8.776930051307688e-17	2.696755538763537e-17
4385.499999999999	8.717157751555277e-17	2.6993699258075722e-17
4385.749999999999	8.643777938995763e-17	2.7634899890424777e-17
4385.999999999999	8.59797370259645e-17	2.5840587977480875e-17
4386.249999999999	8.60412747383527e-17	2.5413951378583175e-17
4386.499999999999	8.660428506210053e-17	2.7074392381191495e-17
4386.749999999999	8.743183638208814e-17	2.848395777581861e-17
4386.999999999999	8.823743828910999e-17	2.6578687855506842e-17
4387.249999999999	8.887561619356275e-17	2.6965042412934435e-17
4387.499999999999	8.943504904451466e-17	2.7364112390738193e-17
4387.749999999999	9.018880189622222e-17	2.692090570980983e-17
4387.999999999999	9.144673430833028e-17	2.61529644640054e-17
4388.249999999999	9.339592001199865e-17	2.6551660556172285e-17
4388.499999999999	9.599868995543668e-17	2.7463612292260972e-17
4388.749999999999	9.897695305684382e-17	2.7260671800777212e-17
4388.999999999999	1.0187199979076404e-16	2.7407966198093304e-17
4389.249999999999	1.0414405371306023e-16	2.7664635379084834e-17
4389.499999999999	1.0527709627560991e-16	2.580758347104001e-17
4389.749999999999	1.0488238360940804e-16	2.7450681804925543e-17
4389.999999999999	1.0281808556885869e-16	2.827279180032362e-17
4390.249999999999	9.932023589538497e-17	2.777717826450635e-17
4390.499999999999	9.507568651907493e-17	2.6523691925300642e-17
4390.749999999999	9.11317113100896e-17	2.7251354438357415e-17
4390.999999999999	8.859902813837366e-17	2.511343666204266e-17
4391.249999999999	8.824400735634917e-17	2.5566691933052317e-17
4391.499999999999	9.017037292679865e-17	2.6457237889249357e-17
4391.749999999999	9.376290484028187e-17	2.6467468459065412e-17
4391.999999999999	9.791930628176303e-17	2.776411542827291e-17
4392.249999999999	1.0144199217223059e-16	2.7661619478571465e-17
4392.499999999999	1.0340295986230059e-16	2.7405062794143243e-17
4392.749999999999	1.0334821283563708e-16	2.7572753811003668e-17
4392.999999999999	1.0131461149726127e-16	2.8202173737068743e-17
4393.249999999999	9.772278563465715e-17	2.6662365446272707e-17
4393.499999999999	9.324424193378718e-17	2.707487049158555e-17
4393.749999999999	8.870700695129531e-17	2.7126501451059886e-17
4393.999999999999	8.502348836322e-17	2.6704478865619006e-17
4394.249999999999	8.306131832162233e-17	2.6093443855848535e-17
4394.499999999999	8.340654689567194e-17	2.4501208857828887e-17
4394.749999999999	8.608940188291896e-17	2.463445772834383e-17
4394.999999999999	9.045160621455567e-17	2.6059835507560506e-17
4395.249999999999	9.530726493710289e-17	2.7780106483874786e-17
4395.499999999999	9.937596317486189e-17	2.8646899121601753e-17
4395.749999999999	1.0177579186364879e-16	2.8172405161184185e-17
4395.999999999999	1.0230903302865587e-16	2.779230905227117e-17
4396.249999999999	1.0139549898541678e-16	2.7099927446701007e-17
4396.499999999999	9.9717706622391e-17	2.6416072418885043e-17
4396.749999999999	9.780228794842928e-17	2.6478455071961342e-17
4396.999999999999	9.578385980629123e-17	2.6677233190602735e-17
4397.249999999999	9.347557643500537e-17	2.794286915864562e-17
4397.499999999999	9.067759803780171e-17	2.7743626164499972e-17
4397.749999999999	8.750896857608404e-17	2.6052283348567896e-17
4397.999999999999	8.454297918588754e-17	2.5287008933058337e-17
4398.249999999999	8.265702670838619e-17	2.5472641497405038e-17
4398.499999999999	8.267523936845832e-17	2.585433406490028e-17
4398.749999999999	8.498042843692014e-17	2.5908980924887985e-17
4398.999999999999	8.927143267279725e-17	2.588885231186212e-17
4399.249999999999	9.45774189629078e-17	2.7036406593101835e-17
4399.499999999999	9.954582265879326e-17	2.7859638245410535e-17
4399.749999999999	1.0290859689448605e-16	2.838401781420995e-17
4399.999999999999	1.0393489175438965e-16	2.814628941488466e-17
4400.249999999999	1.0266032281289261e-16	2.7252178310247517e-17
4400.499999999999	9.978387735419446e-17	2.704817902757969e-17
4400.749999999999	9.629940234596081e-17	2.5856918177133897e-17
4400.999999999999	9.306711360752011e-17	2.5969919320614766e-17
4401.249999999999	9.053830088804363e-17	2.632789165686444e-17
4401.499999999999	8.872756063125644e-17	2.595311101056769e-17
4401.749999999999	8.737775256411376e-17	2.5671540384415863e-17
4401.999999999999	8.618683840576254e-17	2.6575261673409648e-17
4402.249999999999	8.498746590667065e-17	2.6259146330516383e-17
4402.499999999999	8.383104080289458e-17	2.6124514414017252e-17
4402.749999999999	8.296645913186893e-17	2.701153823516604e-17
4402.999999999999	8.271957501351608e-17	2.5020527735640704e-17
4403.249999999999	8.331068436854725e-17	2.4926995115056883e-17
4403.499999999999	8.469389281829713e-17	2.5854909782606618e-17
4403.749999999999	8.651306730223807e-17	2.6739301515046264e-17
4403.999999999999	8.821123695783081e-17	2.6656920943480883e-17
4404.249999999999	8.924159968396162e-17	2.6308103842250946e-17
4404.499999999999	8.927736923747328e-17	2.642827664164265e-17
4404.749999999999	8.83310419735255e-17	2.6983558023765822e-17
4404.999999999999	8.674564486541508e-17	2.6730917212357426e-17
4405.249999999999	8.507616011803486e-17	2.4251011537949973e-17
4405.499999999999	8.39167529442137e-17	2.5780481725450322e-17
4405.749999999999	8.373475368066507e-17	2.607423837638628e-17
4405.999999999999	8.474728714101644e-17	2.5281794386476803e-17
4406.249999999999	8.685117962621942e-17	2.4808344327992277e-17
4406.499999999999	8.9619770529841e-17	2.6682374945290364e-17
4406.749999999999	9.239451550073372e-17	2.670565015336638e-17
4406.999999999999	9.447759413824425e-17	2.7644907121475444e-17
4407.249999999999	9.536732785236886e-17	2.7790227865849985e-17
4407.499999999999	9.492918284461336e-17	2.6868737082937336e-17
4407.749999999999	9.341849310580686e-17	2.6000448902662873e-17
4407.999999999999	9.135359357573903e-17	2.5523192158999378e-17
4408.249999999999	8.931148758938522e-17	2.6240921887260614e-17
4408.499999999999	8.77384698963969e-17	2.611440792129308e-17
4408.749999999999	8.684668201420097e-17	2.523384107200588e-17
4408.999999999999	8.66289879761855e-17	2.6493122638583132e-17
4409.249999999999	8.697157537434133e-17	2.735347153933831e-17
4409.499999999999	8.778679776666769e-17	2.6550510775120836e-17
4409.749999999999	8.90733282236841e-17	2.5744686311622702e-17
4409.999999999999	9.08709462610766e-17	2.5992021586582183e-17
4410.249999999999	9.317112343003305e-17	2.6897802555301225e-17
4410.499999999999	9.58793047524895e-17	2.6740474457154864e-17
4410.749999999999	9.886280976140603e-17	2.6652565010375178e-17
4410.999999999999	1.0202202909858661e-16	2.6913490862798905e-17
4411.249999999999	1.0529032824726507e-16	2.7369361678905455e-17
4411.499999999999	1.0853166501584663e-16	2.6811509419438468e-17
4411.749999999999	1.1140518784802544e-16	2.6877799673728467e-17
4411.999999999999	1.1331239073172023e-16	2.844034550520236e-17
4412.249999999999	1.1349644263771724e-16	2.898879272110462e-17
4412.499999999999	1.1127117338628478e-16	2.745476642279033e-17
4412.749999999999	1.062945724739771e-16	2.812135157377741e-17
4412.999999999999	9.879386919548987e-17	2.7363096612945978e-17
4413.249999999999	8.966096551503494e-17	2.6658269247879344e-17
4413.499999999999	8.034420084694012e-17	2.544828102836535e-17
4413.749999999999	7.25018822925289e-17	2.3542888685322928e-17
4413.999999999999	6.749338348280414e-17	2.4454438411633914e-17
4414.249999999999	6.591705349239917e-17	2.264737302800567e-17
4414.499999999999	6.743774968437846e-17	2.449541693917979e-17
4414.749999999999	7.1006467521013e-17	2.6978798426521192e-17
4414.999999999999	7.53360311697916e-17	2.6319489156202126e-17
4415.249999999999	7.934327488958003e-17	2.6363170909989826e-17
4415.499999999999	8.233183530205713e-17	2.488763124406671e-17
4415.749999999999	8.392035525050144e-17	2.561337469810236e-17
4415.999999999999	8.391805097866033e-17	2.718718176643555e-17
4416.249999999999	8.233961663883329e-17	2.6933497053094113e-17
4416.499999999999	7.955294785158218e-17	2.65292571964619e-17
4416.749999999999	7.636181705755563e-17	2.574131637780716e-17
4416.999999999999	7.383121295177355e-17	2.432576384990639e-17
4417.249999999999	7.287047528878093e-17	2.3351639564616992e-17
4417.499999999999	7.381465276476335e-17	2.4723993412207794e-17
4417.749999999999	7.628240320169246e-17	2.666625815823538e-17
4417.999999999999	7.940127050620767e-17	2.6561953991714895e-17
4418.249999999999	8.223800072639663e-17	2.6042856798307242e-17
4418.499999999999	8.416064201614322e-17	2.5801702216884757e-17
4418.749999999999	8.495932749671341e-17	2.597012446140668e-17
4418.999999999999	8.474926509548618e-17	2.453391392488801e-17
4419.249999999999	8.380231047009606e-17	2.5874179782156654e-17
4419.499999999999	8.242965176576794e-17	2.6861074081742645e-17
4419.749999999999	8.093310589619768e-17	2.6178803931980332e-17
4419.999999999999	7.957193948532432e-17	2.3797781082358693e-17
4420.249999999999	7.850772032184149e-17	2.515609105750957e-17
4420.499999999999	7.774942178990821e-17	2.564693837863731e-17
4420.749999999999	7.71504108817866e-17	2.521138808145874e-17
4420.999999999999	7.648276758395401e-17	2.444632707854722e-17
4421.249999999999	7.556550332397846e-17	2.5178908007526232e-17
4421.499999999999	7.439127933074699e-17	2.4872819748018335e-17
4421.749999999999	7.319273862610477e-17	2.5003747549734453e-17
4421.999999999999	7.240921528276127e-17	2.4595734095147772e-17
4422.249999999999	7.255496733556932e-17	2.362802707705056e-17
4422.499999999999	7.403900372491841e-17	2.416039059312234e-17
4422.749999999999	7.70132028262882e-17	2.461948906797907e-17
4422.999999999999	8.130580699201797e-17	2.571337090799267e-17
4423.249999999999	8.644920092755046e-17	2.5658714121837616e-17
4423.499999999999	9.17782776328844e-17	2.4351629787660923e-17
4423.749999999999	9.657482842390357e-17	2.620012203072705e-17
4423.999999999999	1.0023407880064711e-16	2.7060389867782198e-17
4424.249999999999	1.0240527093770154e-16	2.7269504435358053e-17
4424.499999999999	1.0303988900534763e-16	2.6338696290025607e-17
4424.749999999999	1.0231893960112403e-16	2.478982871716089e-17
4424.999999999999	1.0051536955793979e-16	2.7202097487241107e-17
4425.249999999999	9.78988216263744e-17	2.7108149621989784e-17
4425.499999999999	9.474684197100846e-17	2.607253769304687e-17
4425.749999999999	9.142258734533043e-17	2.5349335337852983e-17
4425.999999999999	8.840666071779616e-17	2.5639814699202004e-17
4426.249999999999	8.619332631002604e-17	2.4442930674952076e-17
4426.499999999999	8.506726973479665e-17	2.338599237545632e-17
4426.749999999999	8.489435503185225e-17	2.4121448584244567e-17
4426.999999999999	8.509857740073139e-17	2.602517829425576e-17
4427.249999999999	8.490644324881064e-17	2.7627923449138505e-17
4427.499999999999	8.375974209964446e-17	2.613218568701807e-17
4427.749999999999	8.165669636703816e-17	2.6683551196121415e-17
4427.999999999999	7.919934858093953e-17	2.4951593812112985e-17
4428.249999999999	7.730258025577202e-17	2.3149157331192587e-17
4428.499999999999	7.672951246499822e-17	2.505430979185737e-17
4428.749999999999	7.771081326622309e-17	2.3894256811561978e-17
4428.999999999999	7.983506691366298e-17	2.5734604634316906e-17
4429.249999999999	8.22398653394343e-17	2.572809306853489e-17
4429.499999999999	8.399589732311397e-17	2.492571463946865e-17
4429.749999999999	8.450965696641027e-17	2.6234200217603008e-17
4429.999999999999	8.376406593175659e-17	2.6817061455709924e-17
4430.249999999999	8.22697451620295e-17	2.4211895821143566e-17
4430.499999999999	8.073349287474502e-17	2.283899603434848e-17
4430.749999999999	7.963066627782515e-17	2.3812759668890803e-17
4430.999999999999	7.896420725105692e-17	2.5773510247247725e-17
4431.249999999999	7.838407158182592e-17	2.6381709681878365e-17
4431.499999999999	7.757245251787449e-17	2.5915565282563907e-17
4431.749999999999	7.658729435261571e-17	2.5603698339296714e-17
4431.999999999999	7.588937129155446e-17	2.4876219460335928e-17
4432.249999999999	7.603347995781428e-17	2.180832733674618e-17
4432.499999999999	7.726701186159858e-17	2.5879607741336227e-17
4432.749999999999	7.933808407348066e-17	2.543813979405545e-17
4432.999999999999	8.164197285311917e-17	2.5172517210113648e-17
4433.249999999999	8.358355282976305e-17	2.5769392542158436e-17
4433.499999999999	8.489721364793685e-17	2.45926586376303e-17
4433.749999999999	8.572549694081444e-17	2.455123177819242e-17
4433.999999999999	8.644208575712974e-17	2.4093719835750565e-17
4434.249999999999	8.736827868645142e-17	2.4268163955131873e-17
4434.499999999999	8.857154904201686e-17	2.494222847321766e-17
4434.749999999999	8.985143019558062e-17	2.4794826542421935e-17
4434.999999999999	9.08927464626856e-17	2.428630733468761e-17
4435.249999999999	9.14802476262581e-17	2.513065029058989e-17
4435.499999999999	9.164672767538894e-17	2.580175515644396e-17
4435.749999999999	9.166177359184092e-17	2.5478304375878576e-17
4435.999999999999	9.185178145257671e-17	2.409171640430696e-17
4436.249999999999	9.235587672557535e-17	2.40100356275398e-17
4436.499999999999	9.299880746733794e-17	2.5357052932968103e-17
4436.749999999999	9.341033546885186e-17	2.6168857912294995e-17
4436.999999999999	9.333713471949091e-17	2.5942842390443455e-17
4437.249999999999	9.291150837959679e-17	2.6489157134726553e-17
4437.499999999999	9.263403184896277e-17	2.312494244594071e-17
4437.749999999999	9.303490418275119e-17	2.3728478236277775e-17
4437.999999999999	9.424228708073521e-17	2.4945512380249495e-17
4438.249999999999	9.578088926284804e-17	2.532229645798985e-17
4438.499999999999	9.67651710752096e-17	2.9078720488578936e-17
4438.749999999999	9.636836252642616e-17	2.5580623308928935e-17
4438.999999999999	9.426516835003274e-17	2.639817719351307e-17
4439.249999999999	9.078697209893351e-17	2.671187386029523e-17
4439.499999999999	8.673392477323098e-17	2.3686584846974415e-17
4439.749999999999	8.299436189673271e-17	2.53991332650899e-17
4439.999999999999	8.020007292834177e-17	2.3271373266697297e-17
4440.249999999999	7.857777235610431e-17	2.4194270256651286e-17
4440.499999999999	7.801418502139633e-17	2.5480284646265028e-17
4440.749999999999	7.823253358754437e-17	2.484255651812747e-17
4440.999999999999	7.894819412577994e-17	2.4540263363269966e-17
4441.249999999999	7.993239345634477e-17	2.4612575492419352e-17
4441.499999999999	8.100488366432643e-17	2.4716793632156133e-17
4441.749999999999	8.202312087923418e-17	2.4798208056766052e-17
4441.999999999999	8.290537952308226e-17	2.4960916137616458e-17
4442.249999999999	8.365762367719186e-17	2.5265647820919768e-17
4442.499999999999	8.43443268328901e-17	2.4304573136974007e-17
4442.749999999999	8.498932497533949e-17	2.4406374254960908e-17
4442.999999999999	8.547589290107443e-17	2.473116837684108e-17
4443.249999999999	8.554993962490237e-17	2.4302088286413897e-17
4443.499999999999	8.496301439921458e-17	2.530918399091966e-17
4443.749999999999	8.366763099368489e-17	2.5190468683767273e-17
4443.999999999999	8.190847095948698e-17	2.373564658346616e-17
4444.249999999999	8.011888249974718e-17	2.2494285057679255e-17
4444.499999999999	7.869014755533077e-17	2.3186046277790002e-17
4444.749999999999	7.778782027491634e-17	2.438886615011561e-17
4444.999999999999	7.734350715703115e-17	2.5289502055424572e-17
4445.249999999999	7.719471180775268e-17	2.458656727959946e-17
4445.499999999999	7.723014303939853e-17	2.375996569347522e-17
4445.749999999999	7.742434290448153e-17	2.4761201650521655e-17
4445.999999999999	7.77692395646014e-17	2.4292349061881698e-17
4446.249999999999	7.820202998041845e-17	2.551392277305511e-17
4446.499999999999	7.861319369294475e-17	2.5342638483613753e-17
4446.749999999999	7.893356469814317e-17	2.4360050486296713e-17
4446.999999999999	7.923169893154357e-17	2.4471807550136303e-17
4447.249999999999	7.974691907145573e-17	2.5941017630012164e-17
4447.499999999999	8.082265436234021e-17	2.4079497292298328e-17
4447.749999999999	8.275610429125286e-17	2.3150760407219715e-17
4447.999999999999	8.562188137049284e-17	2.4085697838170025e-17
4448.249999999999	8.91492883401305e-17	2.5574182880679597e-17
4448.499999999999	9.272407103585692e-17	2.435049820458295e-17
4448.749999999999	9.554358122462586e-17	2.4892706824305335e-17
4448.999999999999	9.688945977702453e-17	2.6087724729093343e-17
4449.249999999999	9.641302070307358e-17	2.6841130757173992e-17
4449.499999999999	9.429275419767489e-17	2.6015344771133728e-17
4449.749999999999	9.116281769066031e-17	2.3924586215901847e-17
4449.999999999999	8.782886100964886e-17	2.4078416994418334e-17
4450.249999999999	8.491504752747822e-17	2.4703247722444964e-17
4450.499999999999	8.262709396986401e-17	2.4609842487675476e-17
4450.749999999999	8.074006897319382e-17	2.3096690919299574e-17
4450.999999999999	7.8790459587214e-17	2.6438857936038428e-17
4451.249999999999	7.636097816129331e-17	2.371118188966929e-17
4451.499999999999	7.332880220388961e-17	2.360485774809295e-17
4451.749999999999	6.997815877272772e-17	2.5747432551256378e-17
4451.999999999999	6.692764564433288e-17	2.2607319288384627e-17
4452.249999999999	6.488977504713139e-17	2.288518579975344e-17
4452.499999999999	6.436023571022273e-17	2.2300565975664237e-17
4452.749999999999	6.538679971296846e-17	2.2801443688899796e-17
4452.999999999999	6.75412939014419e-17	2.3984755333658954e-17
4453.249999999999	7.011174188090977e-17	2.3733328823389786e-17
4453.499999999999	7.241171722740621e-17	2.4667695499717435e-17
4453.749999999999	7.404886276331978e-17	2.432217057732546e-17
4453.999999999999	7.503079913914359e-17	2.3883061749151685e-17
4454.249999999999	7.567950444442484e-17	2.3545848337554643e-17
4454.499999999999	7.641842907151845e-17	2.23233696907911e-17
4454.749999999999	7.754770431503881e-17	2.2535205682582254e-17
4454.999999999999	7.91131715936445e-17	2.42993933319782e-17
4455.249999999999	8.091311230799166e-17	2.516645893930731e-17
4455.499999999999	8.261206820019962e-17	2.4550048909916468e-17
4455.749999999999	8.389309859604909e-17	2.3887564920406424e-17
4455.999999999999	8.459278924040601e-17	2.3887068612038892e-17
4456.249999999999	8.479031544160727e-17	2.445174180283699e-17
4456.499999999999	8.482402255930144e-17	2.4392563647453722e-17
4456.749999999999	8.520091549692602e-17	2.341742027564966e-17
4456.999999999999	8.639679430584358e-17	2.27141662081081e-17
4457.249999999999	8.862351183158586e-17	2.3119183614516116e-17
4457.499999999999	9.169456256799368e-17	2.398297193225829e-17
4457.749999999999	9.50802216085047e-17	2.509707502952636e-17
4457.999999999999	9.8127951691494e-17	2.5683627147526488e-17
4458.249999999999	1.0032738636080776e-16	2.384201208407313e-17
4458.499999999999	1.0149005960330729e-16	2.5385038107451997e-17
4458.749999999999	1.0177540031243803e-16	2.604444994816702e-17
4458.999999999999	1.0156919803759304e-16	2.4463183365069825e-17
4459.249999999999	1.0127824040008668e-16	2.1807346300539693e-17
4459.499999999999	1.0113950862182669e-16	2.561595715597475e-17
4459.749999999999	1.0113705195272737e-16	2.4495663439002332e-17
4459.999999999999	1.0105716054092221e-16	2.5203624164229317e-17
4460.249999999999	1.0062313659949484e-16	2.5699770404361073e-17
4460.499999999999	9.96104844305709e-17	2.4606896070333563e-17
4460.749999999999	9.789303691591969e-17	2.2952157650868183e-17
4460.999999999999	9.545701046044885e-17	2.4612262818147807e-17
4461.249999999999	9.244374109549658e-17	2.5260175193987117e-17
4461.499999999999	8.921162008924735e-17	2.4967927320488457e-17
4461.749999999999	8.632628782381263e-17	2.3835760253003453e-17
4461.999999999999	8.440328692695577e-17	2.1043775877091993e-17
4462.249999999999	8.384541715204808e-17	2.3622213651705538e-17
4462.499999999999	8.462725527981555e-17	2.3194202278629775e-17
4462.749999999999	8.627129942352769e-17	2.332780849116934e-17
4462.999999999999	8.803806042086958e-17	2.5503442394694062e-17
4463.249999999999	8.922256537563042e-17	2.3737031283811574e-17
4463.499999999999	8.940889149598244e-17	2.4514923512385017e-17
4463.749999999999	8.858705507703754e-17	2.4334970370124105e-17
4463.999999999999	8.711777447939038e-17	2.4074784017168e-17
4464.249999999999	8.55838315173528e-17	2.4214772755314025e-17
4464.499999999999	8.458732780776974e-17	2.264815388650392e-17
4464.749999999999	8.456096595297799e-17	2.296519070859957e-17
4464.999999999999	8.566079162102538e-17	2.3699965320563072e-17
4465.249999999999	8.777793455665884e-17	2.398673064096173e-17
4465.499999999999	9.064513075703257e-17	2.376483282419948e-17
4465.749999999999	9.395882015943995e-17	2.498233680675913e-17
4465.999999999999	9.74397332081432e-17	2.3530466086883606e-17
4466.249999999999	1.0081939288085829e-16	2.4161250860959394e-17
4466.499999999999	1.038109547679502e-16	2.5367202439084128e-17
4466.749999999999	1.0613242830105097e-16	2.549863316661268e-17
4466.999999999999	1.0758927060214524e-16	2.5525830865153422e-17
4467.249999999999	1.0815367241346553e-16	2.4296873739832363e-17
4467.499999999999	1.079695987139984e-16	2.4614297682454687e-17
4467.749999999999	1.0727303237810922e-16	2.478388625164031e-17
4467.999999999999	1.0628576936869848e-16	2.367144578740347e-17
4468.249999999999	1.05154873705618e-16	2.522334745875503e-17
4468.499999999999	1.0396225601373239e-16	2.4765971173933635e-17
4468.749999999999	1.0276942155702931e-16	2.466696758077839e-17
4468.999999999999	1.0164497150403518e-16	2.44487573351869e-17
4469.249999999999	1.0065456131435951e-16	2.3757674403178447e-17
4469.499999999999	9.98361614686089e-17	2.564069151065131e-17
4469.749999999999	9.919591799224069e-17	2.3832875047026868e-17
4469.999999999999	9.873502582008805e-17	2.332462053708856e-17
4470.249999999999	9.848302993395778e-17	2.4141095778153927e-17
4470.499999999999	9.849929254345518e-17	2.4959741541146632e-17
4470.749999999999	9.882580824784329e-17	2.4006237214166956e-17
4470.999999999999	9.941941000429135e-17	2.284570612347751e-17
4471.249999999999	1.0012448369338202e-16	2.3876925723367767e-17
4471.499999999999	1.0072828809818429e-16	2.5261457323936574e-17
4471.749999999999	1.0107029398325143e-16	2.5126330753431137e-17
4471.999999999999	1.011163213817679e-16	2.441317864267977e-17
4472.249999999999	1.0092813492894516e-16	2.2406117530548453e-17
4472.499999999999	1.005544726689881e-16	2.377638026555072e-17
4472.749999999999	9.994765836019044e-17	2.5367460519435245e-17
4472.999999999999	9.898683134141128e-17	2.403749140643166e-17
4473.249999999999	9.758402241505932e-17	2.41559006567574e-17
4473.499999999999	9.576882985335923e-17	2.4461975681375497e-17
4473.749999999999	9.367237232857502e-17	2.3172455700325756e-17
4473.999999999999	9.143345690861659e-17	2.2604210743642652e-17
4474.249999999999	8.912431386942351e-17	2.471564550546591e-17
4474.499999999999	8.676671353466261e-17	2.3336869427599246e-17
4474.749999999999	8.441337020053291e-17	2.4467259711128486e-17
4474.999999999999	8.220424485267639e-17	2.291942942275191e-17
4475.249999999999	8.033485532079175e-17	2.157040703151878e-17
4475.499999999999	7.895874818243873e-17	2.407922928577986e-17
4475.749999999999	7.810308874162206e-17	2.266678695698229e-17
4475.999999999999	7.766053264275886e-17	2.3078919771019484e-17
4476.249999999999	7.74602683828987e-17	2.298469893616602e-17
4476.499999999999	7.736959877493445e-17	2.303243056623278e-17
4476.749999999999	7.73619138373948e-17	2.4062022274677533e-17
4476.999999999999	7.7507665770727e-17	2.243596055268814e-17
4477.249999999999	7.789271263320416e-17	2.1445724443427436e-17
4477.499999999999	7.852122652685116e-17	2.2792333121633137e-17
4477.749999999999	7.927886835531997e-17	2.4209733571022352e-17
4477.999999999999	7.999054025289535e-17	2.3358126314980633e-17
4478.249999999999	8.05324226863954e-17	2.2948030019611543e-17
4478.499999999999	8.091427979699997e-17	2.327541156244778e-17
4478.749999999999	8.127329072899607e-17	2.3156398470274876e-17
4478.999999999999	8.178724782080917e-17	2.267303051624584e-17
4479.249999999999	8.256234975912247e-17	2.2357444568944608e-17
4479.499999999999	8.35493125467213e-17	2.369282013443184e-17
4479.749999999999	8.451489095364814e-17	2.283776188087455e-17
4479.999999999999	8.508084218756158e-17	2.2837641112505117e-17
4480.249999999999	8.484026289162703e-17	2.362325755363858e-17
4480.499999999999	8.354013095738637e-17	2.4103664201074677e-17
4480.749999999999	8.126494337805647e-17	2.392445386700384e-17
4480.999999999999	7.85114714212395e-17	2.3389928100810847e-17
4481.249999999999	7.607123169483902e-17	2.169514421353055e-17
4481.499999999999	7.474466039056242e-17	2.0687891344708404e-17
4481.749999999999	7.502564182613489e-17	2.2532618261626188e-17
4481.999999999999	7.692169989924157e-17	2.229125523068934e-17
4482.249999999999	7.99884227048749e-17	2.3132314279559782e-17
4482.499999999999	8.352677255629336e-17	2.2890052930477702e-17
4482.749999999999	8.681782883571289e-17	2.270656110955629e-17
4482.999999999999	8.929195006960938e-17	2.4134423739333074e-17
4483.249999999999	9.060709349459779e-17	2.3343184124395475e-17
4483.499999999999	9.06712113311156e-17	2.347672250812481e-17
4483.749999999999	8.964715167279166e-17	2.383008910272379e-17
4483.999999999999	8.794085593173711e-17	2.3821411978098108e-17
4484.249999999999	8.614091041489462e-17	2.3136423712842946e-17
4484.499999999999	8.488467121690459e-17	2.354846222829031e-17
4484.749999999999	8.467080804449816e-17	2.1836022998015682e-17
4484.999999999999	8.568470257657326e-17	2.1916931188090718e-17
4485.249999999999	8.771215036329649e-17	2.3529155832793322e-17
4485.499999999999	9.018127010316671e-17	2.4684439289676734e-17
4485.749999999999	9.23219164647275e-17	2.249429332948538e-17
4485.999999999999	9.339779298358239e-17	2.3668054346892002e-17
4486.249999999999	9.294906788427746e-17	2.458932509976171e-17
4486.499999999999	9.09666228957268e-17	2.4659772763810402e-17
4486.749999999999	8.791499440194997e-17	2.406184029494277e-17
4486.999999999999	8.456813817277117e-17	2.0113832962680278e-17
4487.249999999999	8.172302029484092e-17	2.196868787901816e-17
4487.499999999999	7.993940161891526e-17	2.24903212081839e-17
4487.749999999999	7.943621545306422e-17	2.2142481834438003e-17
4487.999999999999	8.015892842720342e-17	2.3085629860148515e-17
4488.249999999999	8.191783991708351e-17	2.1706443500698025e-17
4488.499999999999	8.447952400413974e-17	2.2764604373139135e-17
4488.749999999999	8.756963280451023e-17	2.2956733614016826e-17
4488.999999999999	9.083241934660287e-17	2.2712773235956562e-17
4489.249999999999	9.382021682821575e-17	2.3399137929751012e-17
4489.499999999999	9.60533108677532e-17	2.3525984422324794e-17
4489.749999999999	9.71400705162209e-17	2.3163024186981426e-17
4489.999999999999	9.691226226692483e-17	2.338584348294606e-17
4490.249999999999	9.551650397527031e-17	2.3601739277183625e-17
4490.499999999999	9.340697602500938e-17	2.283090620795771e-17
4490.749999999999	9.121403708784184e-17	2.2595488951263893e-17
4490.999999999999	8.95225834994276e-17	2.1918780763940387e-17
4491.249999999999	8.865781712603162e-17	2.1988998471778788e-17
4491.499999999999	8.859382815839817e-17	2.2601927725152006e-17
4491.749999999999	8.903950106097065e-17	2.3170147866416733e-17
4491.999999999999	8.964568865468856e-17	2.4045045219785494e-17
4492.249999999999	9.019820004662542e-17	2.2980258630637835e-17
4492.499999999999	9.06791710558201e-17	2.2426775539166353e-17
4492.749999999999	9.118378319009673e-17	2.2080072711582102e-17
4492.999999999999	9.178530042693717e-17	2.1239756470901732e-17
4493.249999999999	9.2461624691387e-17	2.4438604520348424e-17
4493.499999999999	9.312028488905922e-17	2.3729535373100618e-17
4493.749999999999	9.366194535101911e-17	2.3064607892061092e-17
4493.999999999999	9.399792581971182e-17	2.28798719914984e-17
4494.249999999999	9.400484947360478e-17	2.2683125428441436e-17
4494.499999999999	9.348655250608767e-17	2.2847502759767974e-17
4494.749999999999	9.222694752248308e-17	2.4134145806647256e-17
4494.999999999999	9.013829317374486e-17	2.3629113992375455e-17
4495.249999999999	8.74097497971558e-17	2.2598599150367093e-17
4495.499999999999	8.453510199497415e-17	2.308088515215491e-17
4495.749999999999	8.217212502484061e-17	2.10918665035446e-17
4495.999999999999	8.08969718017241e-17	2.1786364037121673e-17
4496.249999999999	8.097675877534249e-17	2.2395235142409706e-17
4496.499999999999	8.225717510044702e-17	2.2634465701727392e-17
4496.749999999999	8.419146071216658e-17	2.2819282665990115e-17
4496.999999999999	8.598769027529002e-17	2.2160305922277295e-17
4497.249999999999	8.684077231783145e-17	2.369118066245776e-17
4497.499999999999	8.620655743781057e-17	2.3597715870684168e-17
4497.749999999999	8.403711582870947e-17	2.2862436678547006e-17
4497.999999999999	8.086090786444906e-17	2.3175373993526843e-17
4498.249999999999	7.76261033772166e-17	1.9799185038193682e-17
4498.499999999999	7.534477455573135e-17	2.156816537205876e-17
4498.749999999999	7.470438372282978e-17	2.1487480520749113e-17
4498.999999999999	7.58445504921512e-17	2.1318975558165935e-17
4499.249999999999	7.839725997484786e-17	2.3543917698004944e-17
4499.499999999999	8.17299376569814e-17	2.1995020346638174e-17
4499.749999999999	8.52282064540441e-17	2.2881173973782558e-17
4499.999999999999	8.846973152273099e-17	2.2939453811020594e-17
4500.249999999999	9.124201566115043e-17	2.2809435907978284e-17
4500.499999999999	9.346166546439129e-17	2.3494109844600676e-17
4500.749999999999	9.509221054839031e-17	2.2037022923782392e-17
4500.999999999999	9.612148747874404e-17	2.3613630825669688e-17
4501.249999999999	9.658855775921164e-17	2.3351436078186304e-17
4501.499999999999	9.660390505855755e-17	2.2226314935159027e-17
4501.749999999999	9.632018123542488e-17	2.229665341136686e-17
4501.999999999999	9.586797608644212e-17	2.2512185246134903e-17
4502.249999999999	9.531513539930807e-17	2.2747162442742842e-17
4502.499999999999	9.46913194331184e-17	2.395811184612862e-17
4502.749999999999	9.405467705106616e-17	2.3821325951314402e-17
4502.999999999999	9.353001154369746e-17	2.0872296373026075e-17
4503.249999999999	9.326938911129151e-17	2.2395023384172892e-17
4503.499999999999	9.335863514192647e-17	2.166029840304614e-17
4503.749999999999	9.374583246199301e-17	2.2562363676453595e-17
4503.999999999999	9.425203725018586e-17	2.3332285192644477e-17
4504.249999999999	9.465798059566898e-17	2.237985620046112e-17
4504.499999999999	9.480270136652363e-17	2.4256305493870312e-17
4504.749999999999	9.462540882776253e-17	2.2369405600602125e-17
4504.999999999999	9.412926487608486e-17	2.2081920633070545e-17
4505.249999999999	9.330831514028766e-17	2.270972093949624e-17
4505.499999999999	9.211051218805625e-17	2.2611155752065648e-17
4505.749999999999	9.048405242865169e-17	2.304865984985107e-17
4505.999999999999	8.848553760499073e-17	2.1766564641979604e-17
4506.249999999999	8.636656320362262e-17	2.217525638466858e-17
4506.499999999999	8.455104963242942e-17	2.282858348479766e-17
4506.749999999999	8.348020325447349e-17	2.2129672115472006e-17
4506.999999999999	8.339538924692093e-17	2.081302888213665e-17
4507.249999999999	8.418597750345802e-17	2.2141631492768298e-17
4507.499999999999	8.54028607448606e-17	2.2821919717782934e-17
4507.749999999999	8.643809565516853e-17	2.3107201076162672e-17
4507.999999999999	8.676465993633797e-17	2.3337301215878998e-17
4508.249999999999	8.609808234809975e-17	2.2157017052161784e-17
4508.499999999999	8.440915523233529e-17	2.2149029796166972e-17
4508.749999999999	8.182912534749793e-17	2.2107422611355555e-17
4508.999999999999	7.855411730867779e-17	2.2236605061979186e-17
4509.249999999999	7.482654898875359e-17	2.2615179158565106e-17
4509.499999999999	7.098197751250155e-17	2.1729214128600384e-17
4509.749999999999	6.747961163270634e-17	2.1878111601943605e-17
4509.999999999999	6.484173626547857e-17	2.0977462461744842e-17
4510.249999999999	6.350343342135964e-17	1.9944264245829357e-17
4510.499999999999	6.365704629380214e-17	1.9825481109866743e-17
4510.749999999999	6.519652678503066e-17	2.0629409675400905e-17
4510.999999999999	6.780230067114923e-17	2.2399167559041783e-17
4511.249999999999	7.110452405415772e-17	2.200251956607158e-17
4511.499999999999	7.480626404703719e-17	2.1342017501309213e-17
4511.749999999999	7.868917535283926e-17	2.1724691105010944e-17
4511.999999999999	8.252993986165979e-17	2.128169783668062e-17
4512.249999999999	8.603305366487965e-17	2.2892723069495023e-17
4512.499999999999	8.88650362020346e-17	2.3209106418906755e-17
4512.749999999999	9.077711239391473e-17	2.3003490825322e-17
4512.999999999999	9.17181667780349e-17	2.2738379438998753e-17
4513.249999999999	9.184292733070417e-17	2.119190738118799e-17
4513.499999999999	9.140536619359801e-17	2.28896310683653e-17
4513.749999999999	9.061758746557868e-17	2.2550444003826706e-17
4513.999999999999	8.957658944001056e-17	2.183878247253916e-17
4514.249999999999	8.830372040621053e-17	2.2280043624666796e-17
4514.499999999999	8.685485322823785e-17	2.3856666415805118e-17
4514.749999999999	8.54093654778866e-17	2.162735676233183e-17
4514.999999999999	8.426554314125463e-17	2.1754787244418074e-17
4515.249999999999	8.373987424998151e-17	2.1959914801441424e-17
4515.499999999999	8.403345569809235e-17	2.1334832610508577e-17
4515.749999999999	8.514359554568859e-17	2.249817115219703e-17
4515.999999999999	8.686006254245891e-17	2.246785167402451e-17
4516.249999999999	8.883213526270466e-17	2.19525462765448e-17
4516.499999999999	9.06660711740691e-17	2.1930061853134385e-17
4516.749999999999	9.202002638432246e-17	2.2659848566004194e-17
4516.999999999999	9.268124941798076e-17	2.3075625937820298e-17
4517.249999999999	9.261698326442821e-17	2.128986541804897e-17
4517.499999999999	9.198665897495486e-17	2.2137866166619957e-17
4517.749999999999	9.110396197992016e-17	2.2637375723122353e-17
4517.999999999999	9.03511442623134e-17	2.1878070242912977e-17
4518.249999999999	9.00678227720704e-17	2.249839118223997e-17
4518.499999999999	9.044988519598612e-17	2.2545590107992244e-17
4518.749999999999	9.149248389916478e-17	2.1708746371523372e-17
4518.999999999999	9.299508743252729e-17	2.1283357160989402e-17
4519.249999999999	9.46241923803251e-17	2.1868744608687054e-17
4519.499999999999	9.601129817149942e-17	2.309391324680262e-17
4519.749999999999	9.685709856287182e-17	2.2662326799119403e-17
4519.999999999999	9.701704630455187e-17	2.308008775004441e-17
4520.249999999999	9.654992539768058e-17	2.3182309075782487e-17
4520.499999999999	9.571445465553578e-17	2.2740318350354578e-17
4520.749999999999	9.490354086043049e-17	2.264934998966967e-17
4520.999999999999	9.45216764824474e-17	2.1805238644338908e-17
4521.249999999999	9.48403450235627e-17	2.2192872022993508e-17
4521.499999999999	9.589194926591741e-17	2.2191432728727666e-17
4521.749999999999	9.745918239066857e-17	2.178450288074343e-17
4521.999999999999	9.917271459363059e-17	2.2567728769906614e-17
4522.249999999999	1.0066681226594009e-16	2.4650253569321142e-17
4522.499999999999	1.0170537299834391e-16	2.2588312332269383e-17
4522.749999999999	1.0221289403706876e-16	2.109786356298561e-17
4522.999999999999	1.0221218288572637e-16	2.1850662440496645e-17
4523.249999999999	1.0172858115673792e-16	2.3115616811714787e-17
4523.499999999999	1.0072375673094702e-16	2.3790829456490797e-17
4523.749999999999	9.908108667155895e-17	2.2293002236143052e-17
4523.999999999999	9.663026947024532e-17	2.2331471097710443e-17
4524.249999999999	9.320337425211651e-17	2.325474031894008e-17
4524.499999999999	8.87340356543547e-17	2.153298868932933e-17
4524.749999999999	8.339756474528988e-17	2.2774174852826373e-17
4524.999999999999	7.7732794007371e-17	2.303312705230855e-17
4525.249999999999	7.2639500026646e-17	2.182742362836758e-17
4525.499999999999	6.917582937234953e-17	1.976786301711875e-17
4525.749999999999	6.819641584691053e-17	1.8366890374694838e-17
4525.999999999999	6.999615438757389e-17	1.8842922891051754e-17
4526.249999999999	7.415241964791595e-17	2.1869065554764725e-17
4526.499999999999	7.965557017904494e-17	2.3195426505936353e-17
4526.749999999999	8.525631066340261e-17	2.261728019732099e-17
4526.999999999999	8.985622892173741e-17	2.14572404519154e-17
4527.249999999999	9.27829741778307e-17	2.3852679405252612e-17
4527.499999999999	9.388516756264878e-17	2.3725090104488758e-17
4527.749999999999	9.347197910510346e-17	2.2345809446448437e-17
4527.999999999999	9.21583323974194e-17	2.1604015379806808e-17
4528.249999999999	9.06667154193182e-17	2.3188560906852163e-17
4528.499999999999	8.961871540740159e-17	2.218555312893364e-17
4528.749999999999	8.935152229769785e-17	2.1167682569768762e-17
4528.999999999999	8.981438550929295e-17	2.0888624918317872e-17
4529.249999999999	9.060471231811501e-17	2.1935747892665075e-17
4529.499999999999	9.116017371253735e-17	2.3943756953778376e-17
4529.749999999999	9.103899295292033e-17	2.223363879230257e-17
4529.999999999999	9.015185683515855e-17	2.3221140242458177e-17
4530.249999999999	8.88178524964557e-17	2.214673519714775e-17
4530.499999999999	8.760959754777978e-17	2.0403387536104465e-17
4530.749999999999	8.706773189037914e-17	2.1001458971315006e-17
4530.999999999999	8.742679950113719e-17	2.2723958372199504e-17
4531.249999999999	8.847693249421905e-17	2.184451483418415e-17
4531.499999999999	8.961893103579146e-17	2.1403784732009772e-17
4531.749999999999	9.00967681676548e-17	2.2286310344987498e-17
4531.999999999999	8.932788531739191e-17	2.3892547856416443e-17
4532.249999999999	8.720126283685909e-17	2.285125650538774e-17
4532.499999999999	8.419829566418708e-17	2.229896620835956e-17
4532.749999999999	8.124789229628595e-17	2.0937909993575007e-17
4532.999999999999	7.935407510652066e-17	1.990170745767473e-17
4533.249999999999	7.916530271100068e-17	2.0433460514454443e-17
4533.499999999999	8.069830975676235e-17	2.1607150394328384e-17
4533.749999999999	8.334830180888002e-17	2.1539697124097135e-17
4533.999999999999	8.616234135336967e-17	2.2361416690246088e-17
4534.249999999999	8.822192375867685e-17	2.3285365853939244e-17
4534.499999999999	8.894776067623859e-17	2.3456023140476284e-17
4534.749999999999	8.821044265996348e-17	2.226285315717672e-17
4534.999999999999	8.625059850483752e-17	2.1264092124523042e-17
4535.249999999999	8.350407973264935e-17	2.2235979713436096e-17
4535.499999999999	8.044252712245435e-17	2.2590572189702878e-17
4535.749999999999	7.748689136044876e-17	2.1069269583570878e-17
4535.999999999999	7.498510786421823e-17	2.068930913227832e-17
4536.249999999999	7.321329881517748e-17	2.118505170827115e-17
4536.499999999999	7.236840158522667e-17	2.1641076379971634e-17
4536.749999999999	7.254376196213687e-17	2.1532689249947586e-17
4536.999999999999	7.369970446352638e-17	2.0857074595393875e-17
4537.249999999999	7.565495835769073e-17	2.0770855905786247e-17
4537.499999999999	7.812519862347416e-17	2.1903673137232718e-17
4537.749999999999	8.080880640827078e-17	2.28669960980834e-17
4537.999999999999	8.347452600931224e-17	2.2722065782957983e-17
4538.249999999999	8.598343087022145e-17	2.1556737044715728e-17
4538.499999999999	8.821619647947123e-17	2.149672674563623e-17
4538.749999999999	8.99585408157694e-17	2.285695247108578e-17
4538.999999999999	9.085303828946426e-17	2.2101953293145354e-17
4539.249999999999	9.049420558577394e-17	2.2364065322567483e-17
4539.499999999999	8.863988885119877e-17	2.3808622111466813e-17
4539.749999999999	8.541571769250017e-17	2.2715395398498355e-17
4539.999999999999	8.137959758036174e-17	2.102345039508034e-17
4540.249999999999	7.739832183103245e-17	2.0139988413649205e-17
4540.499999999999	7.440048780144422e-17	2.049995094645268e-17
4540.749999999999	7.312535625724924e-17	2.099327650069563e-17
4540.999999999999	7.395835584688336e-17	1.878870947370503e-17
4541.249999999999	7.687390803140513e-17	2.1828381503516917e-17
4541.499999999999	8.145936197528023e-17	2.081628135630521e-17
4541.749999999999	8.699531901964135e-17	2.1154730575737406e-17
4541.999999999999	9.258923944593407e-17	2.2818788011983808e-17
4542.249999999999	9.735978324948989e-17	2.1709489179713445e-17
4542.499999999999	1.0063785519434073e-16	2.4212770978231647e-17
4542.749999999999	1.0211558171414556e-16	2.3502877959093738e-17
4542.999999999999	1.0187682056842194e-16	2.259264675867916e-17
4543.249999999999	1.0029451641123673e-16	2.229631592167694e-17
4543.499999999999	9.785172564711787e-17	2.183597998462383e-17
4543.749999999999	9.498283823786525e-17	2.1954258540412786e-17
4543.999999999999	9.200730215633118e-17	2.2711335596051945e-17
4544.249999999999	8.915736973998196e-17	2.2550518450081835e-17
4544.499999999999	8.663761864712876e-17	2.1813596477248144e-17
4544.749999999999	8.464576889390964e-17	2.1710996302789517e-17
4544.999999999999	8.333402174866857e-17	2.00677937441468e-17
4545.249999999999	8.275037713896342e-17	2.154904591938021e-17
4545.499999999999	8.281604310809306e-17	2.214758057573378e-17
4545.749999999999	8.335665203398608e-17	2.1826573286697876e-17
4545.999999999999	8.415383649247762e-17	2.1720902617805452e-17
4546.249999999999	8.497341645589842e-17	2.0003687246673942e-17
4546.499999999999	8.556483806839363e-17	2.2426720945245924e-17
4546.749999999999	8.56700915993557e-17	2.2478762186304085e-17
4546.999999999999	8.508075414048888e-17	2.170120579305934e-17
4547.249999999999	8.373487516528552e-17	2.302277902284551e-17
4547.499999999999	8.17953280422568e-17	2.1464604013728346e-17
4547.749999999999	7.964454754893131e-17	2.1820506744085412e-17
4547.999999999999	7.777783781127327e-17	2.055455810177098e-17
4548.249999999999	7.66434287020185e-17	1.956362385207328e-17
4548.499999999999	7.651183539391872e-17	2.1108813779934588e-17
4548.749999999999	7.743387346024523e-17	2.1009791988805865e-17
4548.999999999999	7.928610217782192e-17	2.1080661514966958e-17
4549.249999999999	8.185236154468333e-17	2.1264604976502825e-17
4549.499999999999	8.488552802337061e-17	2.1079837643076855e-17
4549.749999999999	8.812717271255248e-17	2.0735933994685484e-17
4549.999999999999	9.130015542642435e-17	2.3028547780437455e-17
4550.249999999999	9.410584138238452e-17	2.1845686121931526e-17
4550.499999999999	9.625254104245597e-17	2.1426313823173267e-17
4550.749999999999	9.752425204270254e-17	2.2270468181895882e-17
4550.999999999999	9.787209666469538e-17	2.3482957795582236e-17
4551.249999999999	9.748126479248026e-17	2.235351876975743e-17
4551.499999999999	9.675658620550032e-17	2.1604655617600924e-17
4551.749999999999	9.620137560793562e-17	2.122194230922979e-17
4551.999999999999	9.622822797051508e-17	2.100010239511042e-17
4552.249999999999	9.69915200789152e-17	2.1236151617792226e-17
4552.499999999999	9.832624874400263e-17	2.307190362506381e-17
4552.749999999999	9.981725716902444e-17	2.1296391873082013e-17
4552.999999999999	1.0095103964834062e-16	2.2519813505743867e-17
4553.249999999999	1.0126916350643563e-16	2.3159913987878227e-17
4553.499999999999	1.0046533367045119e-16	2.188795008814931e-17
4553.749999999999	9.842120912145098e-17	2.1560436196415065e-17
4553.999999999999	9.521373427783185e-17	2.226912318621987e-17
4554.249999999999	9.111979337722563e-17	2.2628538125457837e-17
4554.499999999999	8.660542991098764e-17	2.146690523019247e-17
4554.749999999999	8.22627382156134e-17	1.9531008120520315e-17
4554.999999999999	7.868218347045918e-17	2.045136070291009e-17
4555.249999999999	7.630311006160415e-17	1.9299409129534043e-17
4555.499999999999	7.531447615129647e-17	2.0483764676226243e-17
4555.749999999999	7.564548415407928e-17	2.1431721930018138e-17
4555.999999999999	7.70215772429665e-17	2.10633800576095e-17
4556.249999999999	7.903036192850316e-17	1.9387614706973023e-17
4556.499999999999	8.117375823237944e-17	2.1206153085697378e-17
4556.749999999999	8.293502046286533e-17	2.1135318301122012e-17
4556.999999999999	8.38941517713925e-17	2.1975498884181923e-17
4557.249999999999	8.386778973216899e-17	2.2735641471171203e-17
4557.499999999999	8.298902120293852e-17	2.0624448246086812e-17
4557.749999999999	8.165115165460997e-17	2.0302904944013974e-17
4557.999999999999	8.032582577215599e-17	2.0378730936405485e-17
4558.249999999999	7.935880410817099e-17	2.083703697223539e-17
4558.499999999999	7.886483039848379e-17	2.126092236841574e-17
4558.749999999999	7.877067922050966e-17	2.117826386416454e-17
4558.999999999999	7.895376369460272e-17	2.1544524550151995e-17
4559.249999999999	7.937102278266841e-17	2.02120639691434e-17
4559.499999999999	8.009899452922309e-17	2.0581214824191115e-17
4559.749999999999	8.127693681551445e-17	2.1341814014878525e-17
4559.999999999999	8.300460690667908e-17	2.0350906234960426e-17
4560.249999999999	8.526043072906887e-17	2.132982155035773e-17
4560.499999999999	8.787849619676696e-17	2.0903234582296784e-17
4560.749999999999	9.058119049770814e-17	2.1855534534304582e-17
4560.999999999999	9.303677026648182e-17	2.2446971981002447e-17
4561.249999999999	9.491210869701787e-17	2.0976115811707606e-17
4561.499999999999	9.591344564795176e-17	2.1586752120422827e-17
4561.749999999999	9.582814961442917e-17	2.244099808261859e-17
4561.999999999999	9.457775537776902e-17	2.2109167962448042e-17
4562.249999999999	9.226872736059287e-17	2.1479585908982907e-17
4562.499999999999	8.920707004293973e-17	2.1321050127142218e-17
4562.749999999999	8.584973404811023e-17	2.0555858429693915e-17
4562.999999999999	8.269764395725077e-17	2.1057566632264477e-17
4563.249999999999	8.016804975567486e-17	2.0524303143686242e-17
4563.499999999999	7.849449613937965e-17	2.0291857119752715e-17
4563.749999999999	7.768863194955623e-17	2.0875826779880452e-17
4563.999999999999	7.757259131300557e-17	1.9800569738539096e-17
4564.249999999999	7.786586802723032e-17	2.0937312769172743e-17
4564.499999999999	7.82922098989002e-17	2.1133394279017213e-17
4564.749999999999	7.866369385655188e-17	2.0484545534724493e-17
4564.999999999999	7.890896431404229e-17	1.9737383065907395e-17
4565.249999999999	7.904333501951063e-17	2.03279006877641e-17
4565.499999999999	7.911381973078679e-17	2.0098629383021553e-17
4565.749999999999	7.916483728973407e-17	2.0786805602357495e-17
4565.999999999999	7.924673127658952e-17	2.1516780912406966e-17
4566.249999999999	7.944837414290235e-17	2.1148917150392384e-17
4566.499999999999	7.991453512790828e-17	1.846175144734242e-17
4566.749999999999	8.082601206653618e-17	2.052355371805127e-17
4566.999999999999	8.235499115247727e-17	2.038776871177824e-17
4567.249999999999	8.462343600616162e-17	2.0556166140881784e-17
4567.499999999999	8.767599521924807e-17	2.111190908978676e-17
4567.749999999999	9.145425908683853e-17	1.983917260336572e-17
4567.999999999999	9.57581141737702e-17	2.1170880450016892e-17
4568.249999999999	1.0020652102292421e-16	2.165496805117885e-17
4568.499999999999	1.0423959253677304e-16	2.1609239852555693e-17
4568.749999999999	1.0720455067236762e-16	2.165357838774976e-17
4568.999999999999	1.0852877577229941e-16	2.2390530139085504e-17
4569.249999999999	1.079228648543164e-16	2.3159285330612686e-17
4569.499999999999	1.0551491737790737e-16	2.2641847461513815e-17
4569.749999999999	1.0183265328527438e-16	2.128621093410271e-17
4569.999999999999	9.762536067305256e-17	2.024450599276773e-17
4570.249999999999	9.360880455719513e-17	2.0817388123964805e-17
4570.499999999999	9.025820576758778e-17	2.0758750944702146e-17
4570.749999999999	8.773644515065896e-17	2.106664907539031e-17
4570.999999999999	8.595848168945682e-17	2.0468324522912328e-17
4571.249999999999	8.472363260343034e-17	2.0039146825172865e-17
4571.499999999999	8.383598490975e-17	2.1038619233153338e-17
4571.749999999999	8.31701549360222e-17	2.0475377064814955e-17
4571.999999999999	8.268522719272306e-17	2.0464739522137523e-17
4572.249999999999	8.241296381144044e-17	2.0156775217000356e-17
4572.499999999999	8.244217301824574e-17	2.0515271985758388e-17
4572.749999999999	8.290163955105953e-17	2.176657622250818e-17
4572.999999999999	8.392862792142178e-17	1.9958933466812373e-17
4573.249999999999	8.561279795615994e-17	1.9971324632388417e-17
4573.499999999999	8.792640727993068e-17	2.0307179813419648e-17
4573.749999999999	9.067436809698165e-17	2.077033478200034e-17
4573.999999999999	9.350025683108914e-17	2.1213705244689987e-17
4574.249999999999	9.596061162613198e-17	2.113191528008197e-17
4574.499999999999	9.764533982952347e-17	2.1278450325595738e-17
4574.749999999999	9.829875090157646e-17	2.1909336015706256e-17
4574.999999999999	9.789606735099807e-17	2.1731134841982733e-17
4575.249999999999	9.665061011472893e-17	2.0670927524706166e-17
4575.499999999999	9.495418908651101e-17	2.1461665868192558e-17
4575.749999999999	9.327498193890342e-17	2.0511777974850964e-17
4575.999999999999	9.204595904758321e-17	2.086534143843573e-17
4576.249999999999	9.157357484705366e-17	2.0823261106313932e-17
4576.499999999999	9.198640125125979e-17	2.0044596291048364e-17
4576.749999999999	9.323031302817688e-17	2.0301197643229664e-17
4576.999999999999	9.510327797447846e-17	2.083811892447661e-17
4577.249999999999	9.731271938222605e-17	2.193255497550062e-17
4577.499999999999	9.953748474685051e-17	2.161548506618047e-17
4577.749999999999	1.0148464231686302e-16	2.066414133496078e-17
4577.999999999999	1.0293668472553559e-16	2.2279456326431884e-17
4578.249999999999	1.0377948764786917e-16	2.2566994233522667e-17
4578.499999999999	1.0399506915916407e-16	2.126715600151194e-17
4578.749999999999	1.0361552485035343e-16	2.0581406730093227e-17
4578.999999999999	1.0266627043127708e-16	2.0948018140660405e-17
4579.249999999999	1.0114693055647255e-16	2.1602529763426663e-17
4579.499999999999	9.907583395935544e-17	2.178147043661781e-17
4579.749999999999	9.656877232016609e-17	2.145539418478818e-17
4579.999999999999	9.388380466099296e-17	2.1106486093690863e-17
4580.249999999999	9.138092798546971e-17	2.0656602410857973e-17
4580.499999999999	8.940593180969007e-17	2.0096323203473755e-17
4580.749999999999	8.81588435960901e-17	2.0817095302027962e-17
4580.999999999999	8.761115418661544e-17	2.007112066457049e-17
4581.249999999999	8.750117826453095e-17	2.042984738953881e-17
4581.499999999999	8.740236256142772e-17	2.08570894846449e-17
4581.749999999999	8.684773963673943e-17	2.0044389495895226e-17
4581.999999999999	8.549067792331298e-17	2.142272220495356e-17
4582.249999999999	8.326408704683135e-17	2.1460676560179944e-17
4582.499999999999	8.047158645532268e-17	2.0463942120027022e-17
4582.749999999999	7.774091862642879e-17	1.911499417504902e-17
4582.999999999999	7.582102967617816e-17	1.8378659500450242e-17
4583.249999999999	7.529031064438164e-17	1.9079135895494847e-17
4583.499999999999	7.630682033772981e-17	1.9289881663238657e-17
4583.749999999999	7.852268104926084e-17	1.9905160109551526e-17
4583.999999999999	8.120573115632006e-17	2.0340783198624002e-17
4584.249999999999	8.3510215730767e-17	2.0439581650987336e-17
4584.499999999999	8.477248961316552e-17	2.1357068879735227e-17
4584.749999999999	8.470787390509704e-17	2.0612520301653797e-17
4584.999999999999	8.344300464934875e-17	1.9696361524969665e-17
4585.249999999999	8.139835507211213e-17	1.9491761709177124e-17
4585.499999999999	7.90965363925483e-17	1.9846723107997104e-17
4585.749999999999	7.698764354227337e-17	1.9045295936635303e-17
4585.999999999999	7.535403470562491e-17	1.993922671589891e-17
4586.249999999999	7.430786230837e-17	1.945213810347461e-17
4586.499999999999	7.385216916878557e-17	1.9294067197138176e-17
4586.749999999999	7.395685423866728e-17	1.9778907532657557e-17
4586.999999999999	7.460627626199046e-17	1.9626454837041584e-17
4587.249999999999	7.579799369884789e-17	1.854990904830587e-17
4587.499999999999	7.750124625143242e-17	1.8527494108066908e-17
4587.749999999999	7.960582584084069e-17	1.931800580406546e-17
4587.999999999999	8.189736273729371e-17	1.996388331559789e-17
4588.249999999999	8.40820626552332e-17	1.9535382251599495e-17
4588.499999999999	8.585970670266872e-17	2.0609658256734364e-17
4588.749999999999	8.701906748757601e-17	2.069977462138834e-17
4588.999999999999	8.751315039916557e-17	2.110130463433383e-17
4589.249999999999	8.747268227516453e-17	2.106391772500766e-17
4589.499999999999	8.714040532555088e-17	1.9361540319704126e-17
4589.749999999999	8.674959014466008e-17	1.9277811443740284e-17
4589.999999999999	8.640627178196226e-17	1.9807134243880317e-17
4590.249999999999	8.60406855455081e-17	1.9971470216176227e-17
4590.499999999999	8.546212838668984e-17	1.9996007701867e-17
4590.749999999999	8.449792884006842e-17	2.0200920191931086e-17
4590.999999999999	8.314968095057549e-17	1.9878096414270016e-17
4591.249999999999	8.168209781962346e-17	1.922212729926444e-17
4591.499999999999	8.058324899305971e-17	1.9598904759559893e-17
4591.749999999999	8.039493725202708e-17	1.909056422283788e-17
4591.999999999999	8.148310078937456e-17	1.7152757980311954e-17
4592.249999999999	8.386123696894489e-17	1.9853636683556823e-17
4592.499999999999	8.716372279872425e-17	1.9888555285935136e-17
4592.749999999999	9.079222047570895e-17	2.0371739605868186e-17
4592.999999999999	9.416645214738832e-17	2.0693195226796094e-17
4593.249999999999	9.695315792527922e-17	2.0588201191644738e-17
4593.499999999999	9.915750347470947e-17	2.1039783903455812e-17
4593.749999999999	1.0103498883750318e-16	1.9245127883377088e-17
4593.999999999999	1.0288045861061718e-16	1.989461190238025e-17
4594.249999999999	1.0481926758743555e-16	2.0478659317485566e-17
4594.499999999999	1.0672226199157556e-16	2.0407329878903893e-17
4594.749999999999	1.0828887313575995e-16	2.1897163225811926e-17
4594.999999999999	1.0923707414837247e-16	2.1195944022577248e-17
4595.249999999999	1.0947448687451082e-16	2.0895374712116305e-17
4595.499999999999	1.0914466889673532e-16	2.0407174368948733e-17
4595.749999999999	1.0853138495320277e-16	1.972293056624487e-17
4595.999999999999	1.0789687761710181e-16	1.942611500140369e-17
4596.249999999999	1.0736253362873185e-16	2.073737494331255e-17
4596.499999999999	1.0689552361874066e-16	2.1396194522708986e-17
4596.749999999999	1.0638353103498049e-16	2.08418941767923e-17
4596.999999999999	1.0572499743979775e-16	1.9835607454925617e-17
4597.249999999999	1.0487008582199294e-16	1.9939739567878692e-17
4597.499999999999	1.0380025278201542e-16	2.1398773671858926e-17
4597.749999999999	1.0248542226357862e-16	2.0237162283289484e-17
4597.999999999999	1.0086984860291186e-16	2.0101001737018355e-17
4598.249999999999	9.890796539069289e-17	2.0654367368842855e-17
4598.499999999999	9.662718944726546e-17	2.0519032348823054e-17
4598.749999999999	9.416860057726965e-17	2.0643185541322363e-17
4598.999999999999	9.176675404745111e-17	1.8706032771480354e-17
4599.249999999999	8.966932900389724e-17	1.912693700873306e-17
4599.499999999999	8.803867197998144e-17	2.0026795364266223e-17
4599.749999999999	8.689243445785285e-17	1.9368807928566017e-17
4599.999999999999	8.611969727715918e-17	1.9190747375546627e-17
4600.249999999999	8.556530901890426e-17	1.9355759981583606e-17
4600.499999999999	8.513347333531515e-17	1.9861471738318925e-17
4600.749999999999	8.484519315669332e-17	1.9952600572042667e-17
4600.999999999999	8.480585284600513e-17	1.9382782317834488e-17
4601.249999999999	8.509367421676273e-17	1.925614096605262e-17
4601.499999999999	8.563792297374605e-17	1.8359346487508354e-17
4601.749999999999	8.617509892213175e-17	1.9823383379833308e-17
4601.999999999999	8.632902180017195e-17	2.0978622168963642e-17
4602.249999999999	8.578018595011819e-17	2.0479238343914353e-17
4602.499999999999	8.442906328033283e-17	1.8362684988460618e-17
4602.749999999999	8.246183301462432e-17	1.910780432116471e-17
4602.999999999999	8.028832786257503e-17	1.9243179045853913e-17
4603.249999999999	7.839336851688472e-17	1.9078826529945752e-17
4603.499999999999	7.717894593471545e-17	1.8601179357033132e-17
4603.749999999999	7.686429424735704e-17	1.770975493502556e-17
4603.999999999999	7.747117963147973e-17	1.9969489945789775e-17
4604.249999999999	7.887785318172742e-17	1.8927596407275132e-17
4604.499999999999	8.089721763321981e-17	1.9085945246297384e-17
4604.749999999999	8.333374110498346e-17	1.977511739109084e-17
4604.999999999999	8.599785918921433e-17	1.8336278074585475e-17
4605.249999999999	8.868988759194876e-17	2.0180141414943754e-17
4605.499999999999	9.118582690493903e-17	2.0089312020601756e-17
4605.749999999999	9.325277138231176e-17	2.0133994662930645e-17
4605.999999999999	9.469794683668037e-17	2.0075231752214878e-17
4606.249999999999	9.542986423964995e-17	1.9488340490163605e-17
4606.499999999999	9.549834849457313e-17	2.1156007742603188e-17
4606.749999999999	9.508913963889728e-17	1.9544891519921405e-17
4606.999999999999	9.44740622198661e-17	1.891743532063053e-17
4607.249999999999	9.394406171808462e-17	1.923229831207639e-17
4607.499999999999	9.37590014578958e-17	1.9766053145938483e-17
4607.749999999999	9.412630634128506e-17	2.0704438265681915e-17
4607.999999999999	9.518843343903544e-17	2.0026067445327177e-17
4608.249999999999	9.699026893362268e-17	1.8987780414283266e-17
4608.499999999999	9.942597675508207e-17	1.901068173672241e-17
4608.749999999999	1.0220437891292679e-16	2.0255967407335265e-17
4608.999999999999	1.048798105760109e-16	2.0696202855503337e-17
4609.249999999999	1.0695879881933264e-16	2.127405799654308e-17
4609.499999999999	1.0804300500552474e-16	2.025840924450352e-17
4609.749999999999	1.0794695288799851e-16	2.0306537921264307e-17
4609.999999999999	1.0674448933949362e-16	2.1368756941790602e-17
4610.249999999999	1.0472894361594208e-16	2.0425415355816752e-17
4610.499999999999	1.022993552584533e-16	2.0349298195849623e-17
4610.749999999999	9.980940693039249e-17	1.8626328956377194e-17
4610.999999999999	9.743886388691361e-17	1.872251351800486e-17
4611.249999999999	9.51521180188715e-17	2.0451139018505926e-17
4611.499999999999	9.277270675087173e-17	2.104487602730669e-17
4611.749999999999	9.013475900394384e-17	1.986772026066615e-17
4611.999999999999	8.721838637160728e-17	2.001114510707672e-17
4612.249999999999	8.418296660653703e-17	1.8998533762246455e-17
4612.499999999999	8.128160927071037e-17	1.771160451087523e-17
4612.749999999999	7.87219447368158e-17	1.8286346144089324e-17
4612.999999999999	7.657133994167188e-17	1.927118407267251e-17
4613.249999999999	7.476578063113328e-17	1.9562158088027837e-17
4613.499999999999	7.320346909728941e-17	1.9210864408043917e-17
4613.749999999999	7.18470510443529e-17	1.8610627413989713e-17
4613.999999999999	7.076151537145575e-17	1.818628375975001e-17
4614.249999999999	7.006789277606743e-17	1.8321577420739183e-17
4614.499999999999	6.985103744456792e-17	1.9719037854282194e-17
4614.749999999999	7.008397339477064e-17	1.8686622151226184e-17
4614.999999999999	7.061519645181073e-17	1.7855280820192015e-17
4615.249999999999	7.122752094102833e-17	1.898645030785828e-17
4615.499999999999	7.17387938493906e-17	1.9443778616204148e-17
4615.749999999999	7.209091295905577e-17	1.9866181704726802e-17
4615.999999999999	7.237551514980203e-17	1.846856906995108e-17
4616.249999999999	7.277775908786935e-17	1.8124945008606752e-17
4616.499999999999	7.346949794118542e-17	1.9218828502981577e-17
4616.749999999999	7.451615694997967e-17	1.796044029146588e-17
4616.999999999999	7.58503174930923e-17	1.961719041418099e-17
4617.249999999999	7.731643562899173e-17	1.9567486785533904e-17
4617.499999999999	7.874478983314929e-17	1.876976869203879e-17
4617.749999999999	8.000525044911598e-17	1.826637965846352e-17
4617.999999999999	8.102298737745848e-17	1.8965165296336066e-17
4618.249999999999	8.177456981280305e-17	1.9743191528168742e-17
4618.499999999999	8.22900201388912e-17	1.8899085145921655e-17
4618.749999999999	8.266280992287724e-17	1.8573682219110644e-17
4618.999999999999	8.304532198977961e-17	1.864465927875137e-17
4619.249999999999	8.36114547096875e-17	1.8024677483475524e-17
4619.499999999999	8.449908248675897e-17	1.827497902811162e-17
4619.749999999999	8.57707194065095e-17	1.8899741927328022e-17
4619.999999999999	8.741914490535631e-17	1.9882528447992075e-17
4620.249999999999	8.940077469053893e-17	2.0165141321715717e-17
4620.499999999999	9.164555574849019e-17	1.920147590809144e-17
4620.749999999999	9.400963014271765e-17	1.9296169890255285e-17
4620.999999999999	9.620057405736172e-17	1.8697878425001806e-17
4621.249999999999	9.775707060774013e-17	2.0137301731019632e-17
4621.499999999999	9.814766892285482e-17	2.143371212657194e-17
4621.749999999999	9.69689448278537e-17	2.1159872330425036e-17
4621.999999999999	9.414044784145566e-17	2.0125210004825332e-17
4622.249999999999	8.998552953833466e-17	1.913543877106888e-17
4622.499999999999	8.516013936692947e-17	1.8733025329229184e-17
4622.749999999999	8.048143963881958e-17	1.9226253276159853e-17
4622.999999999999	7.674254268280122e-17	1.9612146266805642e-17
4623.249999999999	7.45668524340082e-17	1.741899764099072e-17
4623.499999999999	7.430521540782109e-17	1.8567121022491874e-17
4623.749999999999	7.596464761033642e-17	1.754324513207986e-17
4623.999999999999	7.918242181851367e-17	1.7658344005594165e-17
4624.249999999999	8.328186642084087e-17	1.911826319282983e-17
4624.499999999999	8.742797227337643e-17	1.9634250187134284e-17
4624.749999999999	9.084717795982741e-17	2.1008804335154476e-17
4624.999999999999	9.302960712188111e-17	1.9675329630714892e-17
4625.249999999999	9.38326459347667e-17	1.9213711563712324e-17
4625.499999999999	9.345366889525565e-17	1.9447059214513533e-17
4625.749999999999	9.230221483257884e-17	1.8686734647789492e-17
4625.999999999999	9.083870620294277e-17	1.9806770284410793e-17
4626.249999999999	8.944302573285569e-17	1.896536381968308e-17
4626.499999999999	8.834590290704958e-17	1.9084989025509272e-17
4626.749999999999	8.762361099103336e-17	1.9519124843840378e-17
4626.999999999999	8.723746415302125e-17	1.921450400273915e-17
4627.249999999999	8.709424930040791e-17	1.888138678953547e-17
4627.499999999999	8.710473050622749e-17	1.9695234904975368e-17
4627.749999999999	8.722041928881293e-17	1.8962002157673663e-17
4627.999999999999	8.743672168034699e-17	1.8252453245670576e-17
4628.249999999999	8.776594888306215e-17	1.8575520214431737e-17
4628.499999999999	8.820020081830692e-17	1.8117846144589822e-17
4628.749999999999	8.868916736674036e-17	2.0024939170971654e-17
4628.999999999999	8.914559646874342e-17	1.9578304653584872e-17
4629.249999999999	8.947245151278126e-17	1.8577090203234363e-17
4629.499999999999	8.959708993813497e-17	1.844061698269169e-17
4629.749999999999	8.950274383928148e-17	1.939679310304991e-17
4629.999999999999	8.925383799676522e-17	1.9736832163619435e-17
4630.249999999999	8.900812477067557e-17	1.9179047732962677e-17
4630.499999999999	8.900056094607582e-17	1.8938591291977187e-17
4630.749999999999	8.948618460639939e-17	1.898645361658073e-17
4630.999999999999	9.064773799356063e-17	1.850569293584246e-17
4631.249999999999	9.249858548465452e-17	1.8835157319461106e-17
4631.499999999999	9.482652880994003e-17	1.8690258437198968e-17
4631.749999999999	9.721823342390661e-17	1.912069675819196e-17
4631.999999999999	9.917438621864212e-17	2.0071841966064636e-17
4632.249999999999	1.0028018150355256e-16	2.0869571640088326e-17
4632.499999999999	1.0035647373549809e-16	2.0256706906802887e-17
4632.749999999999	9.951429880723201e-17	1.9213691711377623e-17
4632.999999999999	9.808328330092113e-17	1.8377130870678244e-17
4633.249999999999	9.645910689992038e-17	1.8432323669870232e-17
4633.499999999999	9.496401806698503e-17	1.934482299952443e-17
4633.749999999999	9.379771037437979e-17	1.895969101504219e-17
4633.999999999999	9.308411917579176e-17	2.0489133078401712e-17
4634.249999999999	9.294779314654938e-17	1.915805719773853e-17
4634.499999999999	9.353690754020242e-17	1.820250311720095e-17
4634.749999999999	9.495947162770344e-17	1.9123358625403157e-17
4634.999999999999	9.717432809676107e-17	1.7569276505956905e-17
4635.249999999999	9.992138574385558e-17	1.949093783728702e-17
4635.499999999999	1.0275552415189164e-16	1.9946388445642394e-17
4635.749999999999	1.0518248928689456e-16	2.030177005221355e-17
4635.999999999999	1.068300761728121e-16	2.0574977882372465e-17
4636.249999999999	1.0756592465450174e-16	1.92882239932911e-17
4636.499999999999	1.0750483936297025e-16	2.068812295527992e-17
4636.749999999999	1.0691133066956289e-16	1.971695005041611e-17
4636.999999999999	1.0605951559233378e-16	1.8851178153565034e-17
4637.249999999999	1.051307775450432e-16	1.916908847838754e-17
4637.499999999999	1.0419958422650594e-16	2.0445692861352877e-17
4637.749999999999	1.0329793498582693e-16	1.9925932269093957e-17
4637.999999999999	1.0249852329863013e-16	1.9604832335829448e-17
4638.249999999999	1.0195044335483756e-16	1.921955807628185e-17
4638.499999999999	1.0184197552548057e-16	1.883902356164418e-17
4638.749999999999	1.0231858564641767e-16	1.896827053235559e-17
4638.999999999999	1.0340848645712731e-16	2.013866161594667e-17
4639.249999999999	1.0498974226469385e-16	1.9986672141473726e-17
4639.499999999999	1.0679742319322022e-16	1.9189379218813464e-17
4639.749999999999	1.0845265243773168e-16	1.910476856831664e-17
4639.999999999999	1.0950893606750135e-16	2.019817726101986e-17
4640.249999999999	1.0953241534734809e-16	2.044229811211896e-17
4640.499999999999	1.0823007242888986e-16	2.0208988511625928e-17
4640.749999999999	1.0560311417679686e-16	2.0105913535495695e-17
4640.999999999999	1.020548766762348e-16	2.0583739379420627e-17
4641.249999999999	9.836529254390522e-17	2.056676563325104e-17
4641.499999999999	9.548690120662433e-17	1.6768383693270813e-17
4641.749999999999	9.421055399293496e-17	1.7609475829365757e-17
4641.999999999999	9.483870266554903e-17	1.8220262684952463e-17
4642.249999999999	9.702651174171878e-17	1.89056314532894e-17
4642.499999999999	9.98808592309546e-17	2.0017894900875153e-17
4642.749999999999	1.0228214832436097e-16	2.1672552256640502e-17
4642.999999999999	1.0328732650106269e-16	2.046904417004525e-17
4643.249999999999	1.0244167356442925e-16	2.0807619120930554e-17
4643.499999999999	9.98791362516652e-17	2.0119022693843436e-17
4643.749999999999	9.619241288914033e-17	1.8593397241830233e-17
4643.999999999999	9.215553758467452e-17	1.7668657293471476e-17
4644.249999999999	8.843944910260958e-17	1.799537378309522e-17
4644.499999999999	8.544849796605457e-17	1.8905403151440335e-17
4644.749999999999	8.332761827530013e-17	1.882146251723968e-17
4644.999999999999	8.20894342597579e-17	1.8476994731670546e-17
4645.249999999999	8.175000206743155e-17	1.8575836197425732e-17
4645.499999999999	8.237886973706933e-17	1.7767804816053307e-17
4645.749999999999	8.404561935056108e-17	1.79349995245462e-17
4645.999999999999	8.672020272350443e-17	1.8031586095951567e-17
4646.249999999999	9.020536887119891e-17	1.8969395497988662e-17
4646.499999999999	9.414225418588226e-17	2.01680132928025e-17
4646.749999999999	9.807582451140518e-17	1.896985210168679e-17
4646.999999999999	1.0154027062530475e-16	1.979703602296227e-17
4647.249999999999	1.0413528741118598e-16	1.9478854382898847e-17
4647.499999999999	1.0558751486169618e-16	1.9898142309234626e-17
4647.749999999999	1.0579865739324875e-16	2.0682633784735017e-17
4647.999999999999	1.0487012745931861e-16	1.9750478989365335e-17
4648.249999999999	1.0308396539550562e-16	2.0181203514850272e-17
4648.499999999999	1.008303731023101e-16	1.8513666956947472e-17
4648.749999999999	9.84992771774401e-17	1.866805856391927e-17
4648.999999999999	9.637614334438756e-17	1.9669723000523008e-17
4649.249999999999	9.458364544908044e-17	1.8945521411149157e-17
4649.499999999999	9.309101814679313e-17	1.8998987057222134e-17
4649.749999999999	9.178497121701037e-17	1.85897774994697e-17
4649.999999999999	9.05710118957693e-17	1.91091873671489e-17
4650.249999999999	8.94587555867529e-17	1.9598835276388438e-17
4650.499999999999	8.858536885877646e-17	1.9174109464705736e-17
4650.749999999999	8.815487797736547e-17	1.8691274214991183e-17
4650.999999999999	8.831537220207833e-17	1.7805595389518405e-17
4651.249999999999	8.903931043847458e-17	1.8293266337093943e-17
4651.499999999999	9.008284172891877e-17	1.9267412129079267e-17
4651.749999999999	9.106238103159514e-17	1.9762084333359454e-17
4651.999999999999	9.16186250603016e-17	1.9236518587561636e-17
4652.249999999999	9.158318471181641e-17	2.0129594062071863e-17
4652.499999999999	9.105806408596368e-17	1.8897151197649506e-17
4652.749999999999	9.036760702590303e-17	1.821989872548294e-17
4652.999999999999	8.991374546418242e-17	1.8541408940331275e-17
4653.249999999999	9.001268609301597e-17	1.783279970550405e-17
4653.499999999999	9.078754490180271e-17	2.0451233317095758e-17
4653.749999999999	9.214585329439427e-17	1.8738358989818926e-17
4653.999999999999	9.382074685863116e-17	1.8685851218895285e-17
4654.249999999999	9.543542072905926e-17	1.9655123262711447e-17
4654.499999999999	9.656840326658907e-17	1.850422220871334e-17
4654.749999999999	9.682683296322286e-17	1.9301781483530845e-17
4654.999999999999	9.594285530008719e-17	2.0001086590828075e-17
4655.249999999999	9.388371891843104e-17	1.974674840480272e-17
4655.499999999999	9.093085804515658e-17	1.8954395404760625e-17
4655.749999999999	8.767197238250757e-17	1.8320867699773612e-17
4655.999999999999	8.488013657335696e-17	1.8188905922291803e-17
4656.249999999999	8.330999658941596e-17	1.7187072740843104e-17
4656.499999999999	8.348626038489795e-17	1.7720377588451967e-17
4656.749999999999	8.556520814172013e-17	1.831746467873357e-17
4656.999999999999	8.931325536137077e-17	1.8500759630669194e-17
4657.249999999999	9.419195499209611e-17	1.986944079634026e-17
4657.499999999999	9.94993954114715e-17	2.024963451256556e-17
4657.749999999999	1.0451348919662532e-16	1.9234897313561032e-17
4657.999999999999	1.0860770647587592e-16	1.943492447492738e-17
4658.249999999999	1.1133758131043936e-16	2.0829971195442962e-17
4658.499999999999	1.1250214741316344e-16	2.1177464807692814e-17
4658.749999999999	1.1216942577955428e-16	2.0658935060185373e-17
4658.999999999999	1.1064374991241228e-16	1.8786161757418366e-17
4659.249999999999	1.0836897070564184e-16	1.92086756881431e-17
4659.499999999999	1.0579839143934871e-16	1.995266343776922e-17
4659.749999999999	1.0328727036210489e-16	1.782040688556678e-17
4659.999999999999	1.0105125952604305e-16	2.1003427661172882e-17
4660.249999999999	9.919251112475166e-17	1.9114314232585502e-17
4660.499999999999	9.775782330776142e-17	1.8932044984609443e-17
4660.749999999999	9.678641347786242e-17	1.9398923920307848e-17
4660.999999999999	9.632469352507327e-17	1.8841801234141132e-17
4661.249999999999	9.640874782389052e-17	2.0143558525172984e-17
4661.499999999999	9.702668813154223e-17	1.890703766033074e-17
4661.749999999999	9.807595744798601e-17	1.8969732987678584e-17
4661.999999999999	9.933441224352914e-17	1.888073827993523e-17
4662.249999999999	1.004667512211146e-16	1.8636754740817813e-17
4662.499999999999	1.0107942708639295e-16	2.1385060671664022e-17
4662.749999999999	1.0081517949749591e-16	1.9514749058399973e-17
4662.999999999999	9.945476084820074e-17	1.8913949581529233e-17
4663.249999999999	9.698536531988452e-17	2.0063242596416535e-17
4663.499999999999	9.360820412009329e-17	2.075459188058223e-17
4663.749999999999	8.968399859842112e-17	1.7548027890381643e-17
4663.999999999999	8.564110109792459e-17	1.849981499040966e-17
4664.249999999999	8.188366833941186e-17	1.8482167919221453e-17
4664.499999999999	7.873062065067645e-17	1.8913565769725008e-17
4664.749999999999	7.639378169716572e-17	1.8645817331608944e-17
4664.999999999999	7.498006847211371e-17	1.63630105991994e-17
4665.249999999999	7.44945614109535e-17	1.867618147753454e-17
4665.499999999999	7.483264059894309e-17	1.8039814888685245e-17
4665.749999999999	7.577029930321201e-17	1.810673876332446e-17
4665.999999999999	7.69749817907087e-17	1.7864609763140388e-17
4666.249999999999	7.805493322215232e-17	1.7049228054844817e-17
4666.499999999999	7.864576533604094e-17	2.036979076834501e-17
4666.749999999999	7.851079226618882e-17	1.844530875112609e-17
4666.999999999999	7.76200737546406e-17	1.8024728768673503e-17
4667.249999999999	7.617769378440726e-17	1.7997157184495885e-17
4667.499999999999	7.458322396169851e-17	1.7615994012592675e-17
4667.749999999999	7.333368671303061e-17	1.8285001148413313e-17
4667.999999999999	7.289116058600341e-17	1.6886055098490156e-17
4668.249999999999	7.355518442416636e-17	1.7281900726266183e-17
4668.499999999999	7.538152058113941e-17	1.8100625898597693e-17
4668.749999999999	7.817242978259763e-17	1.8810169847517105e-17
4668.999999999999	8.153286137380498e-17	1.9303771680084648e-17
4669.249999999999	8.496175088708841e-17	1.7893117715771416e-17
4669.499999999999	8.794566592798647e-17	1.873177628650423e-17
4669.749999999999	9.00414078004487e-17	1.9680860160290422e-17
4669.999999999999	9.095186682908001e-17	1.968795240686245e-17
4670.249999999999	9.059567980522082e-17	1.8705336285404584e-17
4670.499999999999	8.915043828111354e-17	1.9778765257592198e-17
4670.749999999999	8.703542865385476e-17	1.9094572740086312e-17
4670.999999999999	8.481526710517398e-17	1.82945352321536e-17
4671.249999999999	8.304692749412275e-17	1.757938961612598e-17
4671.499999999999	8.213113918669493e-17	1.7471995102836994e-17
4671.749999999999	8.223324398225494e-17	1.9511130970400666e-17
4671.999999999999	8.329977676131615e-17	1.815993971160142e-17
4672.249999999999	8.514136626295012e-17	1.893560847868832e-17
4672.499999999999	8.75208577707391e-17	1.8869252049949317e-17
4672.749999999999	9.019947865272973e-17	1.778531788398228e-17
4672.999999999999	9.293758266894608e-17	1.8993378772669025e-17
4673.249999999999	9.548216671302253e-17	1.94453634942578e-17
4673.499999999999	9.757534298011323e-17	1.9965741163253684e-17
4673.749999999999	9.899351844974956e-17	1.9145891025289102e-17
4673.999999999999	9.960178200323281e-17	1.8414314293573728e-17
4674.249999999999	9.939962960566601e-17	2.013671443278472e-17
4674.499999999999	9.85398089961844e-17	1.991090570608632e-17
4674.749999999999	9.731111040108075e-17	1.8891309648163656e-17
4674.999999999999	9.608481783274065e-17	1.8602337409890706e-17
4675.249999999999	9.523581526842821e-17	1.860311330530528e-17
4675.499999999999	9.506025776935433e-17	1.846561107208059e-17
4675.749999999999	9.571285698033606e-17	1.9482431111867526e-17
4675.999999999999	9.71741620731751e-17	1.8643721255936734e-17
4676.249999999999	9.924317810158606e-17	1.9284978136567443e-17
4676.499999999999	1.0154981071421469e-16	1.9235674863336832e-17
4676.749999999999	1.0359658304231808e-16	1.8357293425227997e-17
4676.999999999999	1.0484983027506571e-16	2.0472432301834266e-17
4677.249999999999	1.0488351961306853e-16	1.991654707786393e-17
4677.499999999999	1.0353560254716091e-16	2.061383055574408e-17
4677.749999999999	1.010006501505336e-16	1.9985224575401758e-17
4677.999999999999	9.779247791861062e-17	1.8190684360608792e-17
4678.249999999999	9.457338493524158e-17	1.7881035915744466e-17
4678.499999999999	9.192391498304302e-17	1.7922927650686602e-17
4678.749999999999	9.016345751234318e-17	1.8570386731550233e-17
4678.999999999999	8.930090270480287e-17	1.8751143893366546e-17
4679.249999999999	8.911886148460121e-17	1.8724824660636333e-17
4679.499999999999	8.932705259260859e-17	1.8957116828975925e-17
4679.749999999999	8.969970407929766e-17	1.85297010259412e-17
4679.999999999999	9.013952199249065e-17	1.8138143502460648e-17
4680.249999999999	9.065921311560295e-17	1.8540874581655566e-17
4680.499999999999	9.131033404962646e-17	1.8713115091885033e-17
4680.749999999999	9.210527119067567e-17	1.807530093696377e-17
4680.999999999999	9.297327698509799e-17	1.7744845590971285e-17
4681.249999999999	9.377120866781621e-17	1.841521922916386e-17
4681.499999999999	9.434067352263922e-17	1.965462529998269e-17
4681.749999999999	9.45769237416495e-17	1.9481746206320332e-17
4681.999999999999	9.446716984492219e-17	1.8290382785478583e-17
4682.249999999999	9.407570850922553e-17	1.8924636755043418e-17
4682.499999999999	9.348904732672234e-17	1.8600646652718648e-17
4682.749999999999	9.276136767597775e-17	1.8748210710914433e-17
4682.999999999999	9.189890835590198e-17	1.8346157919821808e-17
4683.249999999999	9.08930268656102e-17	1.8239531030141273e-17
4683.499999999999	8.977669429916077e-17	1.9580099635514112e-17
4683.749999999999	8.866191155815155e-17	1.8260023602636662e-17
4683.999999999999	8.772735358240709e-17	1.820345933798906e-17
4684.249999999999	8.715764870251062e-17	1.7908313023624015e-17
4684.499999999999	8.706614690572544e-17	1.78098322086159e-17
4684.749999999999	8.74412676390802e-17	1.835583262426623e-17
4684.999999999999	8.813926653095685e-17	1.8411341406452212e-17
4685.249999999999	8.891947762221469e-17	1.8353480122604128e-17
4685.499999999999	8.950274885338103e-17	1.8459531294578326e-17
4685.749999999999	8.96355934610559e-17	1.8454311784913117e-17
4685.999999999999	8.915011159151175e-17	1.8308239960542378e-17
4686.249999999999	8.800951717963397e-17	1.851980629145384e-17
4686.499999999999	8.63223835054928e-17	1.8750146313547807e-17
4686.749999999999	8.431052742409603e-17	1.8076277010086582e-17
4686.999999999999	8.223542481605704e-17	1.793563810797909e-17
4687.249999999999	8.031600927944008e-17	1.8060380253074538e-17
4687.499999999999	7.86824278389473e-17	1.7416377132810153e-17
4687.749999999999	7.738954468031297e-17	1.8727129185822906e-17
4687.999999999999	7.647182767497719e-17	1.9025949836468913e-17
4688.249999999999	7.598972413151245e-17	1.782610946870972e-17
4688.499999999999	7.602425297483379e-17	1.705004530929002e-17
4688.749999999999	7.661841860430189e-17	1.8246760588694986e-17
4688.999999999999	7.77081403497887e-17	1.7141321381162796e-17
4689.249999999999	7.909694524092003e-17	1.8191015232853813e-17
4689.499999999999	8.049955555325666e-17	1.870223766682996e-17
4689.749999999999	8.163413472190882e-17	1.8666061749920566e-17
4689.999999999999	8.231551096539898e-17	1.846723400044242e-17
4690.249999999999	8.250772080319176e-17	1.824915941247139e-17
4690.499999999999	8.23221401880278e-17	1.7813046632476283e-17
4690.749999999999	8.197304232508095e-17	1.823848051076333e-17
4690.999999999999	8.171108928636599e-17	1.8217726549194375e-17
4691.249999999999	8.175125260777644e-17	1.7643608610162145e-17
4691.499999999999	8.220835186951805e-17	1.7423150087665738e-17
4691.749999999999	8.305668835510248e-17	1.7767252259404122e-17
4691.999999999999	8.413252728860966e-17	1.8142286022968314e-17
4692.249999999999	8.518774623557436e-17	1.8619331008394996e-17
4692.499999999999	8.597938267298689e-17	1.8901093540448933e-17
4692.749999999999	8.63569171214068e-17	1.858642410926641e-17
4692.999999999999	8.630501945004173e-17	1.7795311880143146e-17
4693.249999999999	8.592065537666574e-17	1.8556915268094194e-17
4693.499999999999	8.53395015443557e-17	1.7971081142865764e-17
4693.749999999999	8.465584684436404e-17	1.725684542551195e-17
4693.999999999999	8.38833875889157e-17	1.7782007507170843e-17
4694.249999999999	8.297741946168566e-17	1.9153749241108355e-17
4694.499999999999	8.18984776743272e-17	1.8853191511175988e-17
4694.749999999999	8.067096321338682e-17	1.734002836227151e-17
4694.999999999999	7.939622853641641e-17	1.7235249394079417e-17
4695.249999999999	7.82124777650554e-17	1.829207685137309e-17
4695.499999999999	7.722789656734154e-17	1.731242038214694e-17
4695.749999999999	7.646553421541677e-17	1.7856129507500494e-17
4695.999999999999	7.584627405376573e-17	1.7738636773293462e-17
4696.249999999999	7.521493270747871e-17	1.7409486718307587e-17
4696.499999999999	7.439902441327824e-17	1.7278716080907853e-17
4696.749999999999	7.328244840022045e-17	1.7557897809450626e-17
4696.999999999999	7.187209961194181e-17	1.8099107194993046e-17
4697.249999999999	7.033250812220539e-17	1.726921177566962e-17
4697.499999999999	6.896737867437836e-17	1.6928428252548798e-17
4697.749999999999	6.814223171833612e-17	1.7044317910728702e-17
4697.999999999999	6.816611688805491e-17	1.7007111326776067e-17
4698.249999999999	6.91718778169881e-17	1.5694941486193398e-17
4698.499999999999	7.104177682251475e-17	1.737555246085821e-17
4698.749999999999	7.341181917338207e-17	1.7630463055867453e-17
4698.999999999999	7.575804073992089e-17	1.7945938160966602e-17
4699.249999999999	7.753544892295588e-17	1.8452687202190063e-17
4699.499999999999	7.832190656046745e-17	1.762231036375013e-17
4699.749999999999	7.792265891531515e-17	1.8040034918728184e-17
4699.999999999999	7.641010046391846e-17	1.8441662538985956e-17
4700.249999999999	7.409475232623986e-17	1.7940045326282774e-17
4700.499999999999	7.143959505041234e-17	1.6928418326381447e-17
4700.749999999999	6.894139253702116e-17	1.647658249730293e-17
4700.999999999999	6.701131724882483e-17	1.648562523575936e-17
4701.249999999999	6.588867246149628e-17	1.6500762640969082e-17
4701.499999999999	6.561061739597265e-17	1.6872239527899296e-17
4701.749999999999	6.603948708480812e-17	1.7081316045166974e-17
4701.999999999999	6.692840738476258e-17	1.6855510627191023e-17
4702.249999999999	6.799602161307057e-17	1.74463491951254e-17
4702.499999999999	6.898475962914482e-17	1.7686435059196466e-17
4702.749999999999	6.968915638433929e-17	1.7579847874185333e-17
4702.999999999999	6.995618271999411e-17	1.71437268223841e-17
4703.249999999999	6.967356750662082e-17	1.667186329631445e-17
4703.499999999999	6.876812785057601e-17	1.6722182347337276e-17
4703.749999999999	6.722783558753939e-17	1.7821439206971246e-17
4703.999999999999	6.514002245805528e-17	1.768945261407106e-17
4704.249999999999	6.271944417897632e-17	1.6651769424874312e-17
4704.499999999999	6.030032250858192e-17	1.5712075705401822e-17
4704.749999999999	5.828713792722474e-17	1.6070933124906927e-17
4704.999999999999	5.708191515674947e-17	1.6783933034425585e-17
4705.249999999999	5.701168659437355e-17	1.6461311088833977e-17
4705.499999999999	5.82687185842336e-17	1.5971597005145434e-17
4705.749999999999	6.086507732865064e-17	1.570384525830692e-17
4705.999999999999	6.460636745923371e-17	1.6142145103841617e-17
4706.249999999999	6.910143583328766e-17	1.7973494855893193e-17
4706.499999999999	7.382619419667914e-17	1.622636367072809e-17
4706.749999999999	7.823901408012147e-17	1.798286681223342e-17
4706.999999999999	8.191274279835325e-17	1.8878978039591716e-17
4707.249999999999	8.462946898227657e-17	1.785475473332243e-17
4707.499999999999	8.639748509632244e-17	1.8183875009806255e-17
4707.749999999999	8.739012001649441e-17	1.6908481619257694e-17
4707.999999999999	8.784626281807051e-17	1.8336413732205934e-17
4708.249999999999	8.798543135462473e-17	1.839164127298365e-17
4708.499999999999	8.79699673262367e-17	1.7562437376652317e-17
4708.749999999999	8.791189005784551e-17	1.8331670678573555e-17
4708.999999999999	8.789755183760052e-17	1.7804870779301808e-17
4709.249999999999	8.800144119672469e-17	1.7660790805846097e-17
4709.499999999999	8.827607619741387e-17	1.7492932698501936e-17
4709.749999999999	8.872411653708071e-17	1.7364277989109114e-17
4709.999999999999	8.927240053850688e-17	1.7539309406725334e-17
4710.249999999999	8.97711769401278e-17	1.8099641553668755e-17
4710.499999999999	9.0033112798627e-17	1.7854188941783445e-17
4710.749999999999	8.990678081666252e-17	1.8558281770466132e-17
4710.999999999999	8.935612396621569e-17	1.846263653059785e-17
4711.249999999999	8.850621510796695e-17	1.7381537939770645e-17
4711.499999999999	8.762761906195379e-17	1.7410290737862988e-17
4711.749999999999	8.7061756214588e-17	1.6776109560192058e-17
4711.999999999999	8.711884235012862e-17	1.779980347086931e-17
4712.249999999999	8.79888127444793e-17	1.7756247448534716e-17
4712.499999999999	8.969220848337302e-17	1.742316663127799e-17
4712.749999999999	9.207715344248904e-17	1.863054592313999e-17
4712.999999999999	9.485576698725189e-17	1.6960144011595306e-17
4713.249999999999	9.767062884626352e-17	1.8569736567588766e-17
4713.499999999999	1.0017958074714363e-16	1.891974480890078e-17
4713.749999999999	1.0213855683895974e-16	1.8715437815045082e-17
4713.999999999999	1.0345493977138857e-16	1.8716311317771938e-17
4714.249999999999	1.0419088600271185e-16	1.6973875209763686e-17
4714.499999999999	1.0451922479796333e-16	1.8759822672353452e-17
4714.749999999999	1.046585279642268e-16	1.8463152691300084e-17
4714.999999999999	1.0481906199723767e-16	1.8100940227230463e-17
4715.249999999999	1.0517362686624551e-16	1.840778618417946e-17
4715.499999999999	1.0584304493110086e-16	1.7915372182971542e-17
4715.749999999999	1.0687738552597449e-16	1.8463913697463632e-17
4715.999999999999	1.0822874299291403e-16	1.8315982371075874e-17
4716.249999999999	1.0973462559171562e-16	1.7964572885806196e-17
4716.499999999999	1.111391286329169e-16	1.8491743361992366e-17
4716.749999999999	1.121605526587014e-16	2.0191655769070492e-17
4716.999999999999	1.1258111605419486e-16	1.7616214042635614e-17
4717.249999999999	1.1231401078015253e-16	1.858594765323358e-17
4717.499999999999	1.1141274006941367e-16	1.8786980666224793e-17
4717.749999999999	1.1002209783132147e-16	1.844376688646429e-17
4717.999999999999	1.0830408601519383e-16	1.8225382932944166e-17
4718.249999999999	1.0638203404999013e-16	1.7368215368824866e-17
4718.499999999999	1.0432826882489207e-16	1.9076955447400157e-17
4718.749999999999	1.0218994026160908e-16	1.8519075063792344e-17
4718.999999999999	1.0002595191085866e-16	1.7927923821586422e-17
4719.249999999999	9.792762601098028e-17	1.8049425073041886e-17
4719.499999999999	9.601214084946798e-17	1.7608046461267266e-17
4719.749999999999	9.439627730579019e-17	1.8020983294859863e-17
4719.999999999999	9.316585567726191e-17	1.7738168589066757e-17
4720.249999999999	9.235215071727688e-17	1.7697067638790223e-17
4720.499999999999	9.191896187811492e-17	1.762387538946908e-17
4720.749999999999	9.176043745416074e-17	1.7219858871602255e-17
4720.999999999999	9.171136186729026e-17	1.908129152817116e-17
4721.249999999999	9.157366635648167e-17	1.728755698729482e-17
4721.499999999999	9.115991490092169e-17	1.7486665978181234e-17
4721.749999999999	9.03459443160758e-17	1.8455931404552496e-17
4721.999999999999	8.91154095358225e-17	1.8468764284575643e-17
4722.249999999999	8.757637155354661e-17	1.744726571124411e-17
4722.499999999999	8.594026408831196e-17	1.7254974342966356e-17
4722.749999999999	8.447192762644378e-17	1.6883421355419787e-17
4722.999999999999	8.343277928918566e-17	1.7308274552916823e-17
4723.249999999999	8.303643322236205e-17	1.783226534682834e-17
4723.499999999999	8.342070389422651e-17	1.6599605761085493e-17
4723.749999999999	8.462833351842995e-17	1.756894067062821e-17
4723.999999999999	8.659224546530605e-17	1.5993866361596586e-17
4724.249999999999	8.913361125855631e-17	1.7362155443657302e-17
4724.499999999999	9.198550121687433e-17	1.8895685433604062e-17
4724.749999999999	9.484337737196087e-17	1.733799680668708e-17
4724.999999999999	9.742656926271502e-17	1.8330423290209825e-17
4725.249999999999	9.952824627096371e-17	1.81140030634639e-17
4725.499999999999	1.010395899557492e-16	1.8183473000028554e-17
4725.749999999999	1.0194680713406662e-16	1.8460327042327602e-17
4725.999999999999	1.0230684334729359e-16	1.8606795913392367e-17
4726.249999999999	1.0221025449056519e-16	1.8197816311850224e-17
4726.499999999999	1.0174406946360827e-16	1.7653016962449324e-17
4726.749999999999	1.0097376330750158e-16	1.7602601958475442e-17
4726.999999999999	9.996019607685324e-17	1.8198221630350375e-17
4727.249999999999	9.880697309962492e-17	1.8677155896296128e-17
4727.499999999999	9.770603675714036e-17	1.7899925412212727e-17
4727.749999999999	9.693812058009275e-17	1.679307834327797e-17
4727.999999999999	9.680513169800347e-17	1.6626044107823913e-17
4728.249999999999	9.751474701795612e-17	1.753979744328674e-17
4728.499999999999	9.90743322601375e-17	1.8022389501901203e-17
4728.749999999999	1.012559126290874e-16	1.7312699969193982e-17
4728.999999999999	1.0366144395769075e-16	1.8241230059119457e-17
4729.249999999999	1.0586489006465549e-16	1.9125644952616254e-17
4729.499999999999	1.0756402029856936e-16	1.9031556466660797e-17
4729.749999999999	1.0866616636660456e-16	1.856799452521873e-17
4729.999999999999	1.0926743490739315e-16	1.812117637373596e-17
4730.249999999999	1.0954719959925263e-16	1.760064815786859e-17
4730.499999999999	1.0965016653816259e-16	1.8042810936863912e-17
4730.749999999999	1.0963139254290355e-16	1.8798528107576033e-17
4730.999999999999	1.0949117563554319e-16	1.8787035260145222e-17
4731.249999999999	1.0926069194932285e-16	1.852828158401006e-17
4731.499999999999	1.0906419318709577e-16	1.8897391080027146e-17
4731.749999999999	1.0910422867383775e-16	1.7273857221989717e-17
4731.999999999999	1.0957464517655687e-16	1.7875583141146517e-17
4732.249999999999	1.1055753481963668e-16	1.8334181998913266e-17
4732.499999999999	1.1196881537880254e-16	1.875302490207949e-17
4732.749999999999	1.135823097361468e-16	1.909900477380837e-17
4732.999999999999	1.1511361706870928e-16	1.7948418048443036e-17
4733.249999999999	1.1631591975412542e-16	1.8211401926230795e-17
4733.499999999999	1.1704393090835229e-16	1.8632284656787576e-17
4733.749999999999	1.172680039607584e-16	1.8669385361621804e-17
4733.999999999999	1.1704798995466307e-16	1.8494623604885276e-17
4734.249999999999	1.1649120481530806e-16	1.8895088209201798e-17
4734.499999999999	1.157176952208117e-16	1.816528826144219e-17
4734.749999999999	1.1484413134284203e-16	1.903098736639936e-17
4734.999999999999	1.139833223881407e-16	1.8883944431989484e-17
4735.249999999999	1.132477047191835e-16	1.823066199961348e-17
4735.499999999999	1.127458449168675e-16	1.838713148428401e-17
4735.749999999999	1.1256858085384604e-16	1.7692784497578423e-17
4735.999999999999	1.127686849924695e-16	1.9222264611246123e-17
4736.249999999999	1.133403862850954e-16	1.7893149148634693e-17
4736.499999999999	1.1420362226125194e-16	1.7498051292132414e-17
4736.749999999999	1.1519740014016878e-16	1.933211254223194e-17
4736.999999999999	1.1608775768664354e-16	1.7548319057957262e-17
4737.249999999999	1.165956202417825e-16	1.9005751740271593e-17
4737.499999999999	1.1644482202945642e-16	1.9088911515974e-17
4737.749999999999	1.1542276094240768e-16	1.8872211702181032e-17
4737.999999999999	1.1344022519207896e-16	1.874160650090381e-17
4738.249999999999	1.1057522587376985e-16	1.850683279072656e-17
4738.499999999999	1.0708684299689402e-16	1.8960104605348466e-17
4738.749999999999	1.0338752771655793e-16	1.815565326166717e-17
4738.999999999999	9.996841047518759e-17	1.7541992780632456e-17
4739.249999999999	9.728583486344364e-17	1.738722232494011e-17
4739.499999999999	9.563762532070046e-17	1.7178562706701158e-17
4739.749999999999	9.507418095930284e-17	1.5442456184740162e-17
4739.999999999999	9.538832135895492e-17	1.763057555243076e-17
4740.249999999999	9.620051009172113e-17	1.8409210589194276e-17
4740.499999999999	9.711196335952139e-17	1.8296942327736128e-17
4740.749999999999	9.786032656462669e-17	1.7889729583982398e-17
4740.999999999999	9.840504413535708e-17	1.7590488725585215e-17
4741.249999999999	9.890075626021867e-17	1.806393878406974e-17
4741.499999999999	9.957235294534535e-17	1.7487335994477402e-17
4741.749999999999	1.0055654148996419e-16	1.704813121335257e-17
4741.999999999999	1.0179424001958728e-16	1.7473249108645624e-17
4742.249999999999	1.0303312144930908e-16	1.8750005692843673e-17
4742.499999999999	1.0394133013938557e-16	1.8927219212915808e-17
4742.749999999999	1.0427151710534815e-16	1.8459177261276154e-17
4742.999999999999	1.0398413561553533e-16	1.8679040213731523e-17
4743.249999999999	1.0326023575233432e-16	1.8293370561851124e-17
4743.499999999999	1.0239664719875978e-16	1.6899736665821783e-17
4743.749999999999	1.0164498632570319e-16	1.79006946901824e-17
4743.999999999999	1.0108924432137575e-16	1.7312762834920536e-17
4744.249999999999	1.0063367778813753e-16	1.8108641278733332e-17
4744.499999999999	1.0010630403709995e-16	1.870349829008349e-17
4744.749999999999	9.941354685350556e-17	1.845653524639966e-17
4744.999999999999	9.865120545622103e-17	1.776131972005089e-17
4745.249999999999	9.81044029557954e-17	1.7130352966240342e-17
4745.499999999999	9.813473127031021e-17	1.6654935872259165e-17
4745.749999999999	9.901528231023079e-17	1.697877211899e-17
4745.999999999999	1.0079663054632701e-16	1.7417857786106623e-17
4746.249999999999	1.0326255429679971e-16	1.7439048499039007e-17
4746.499999999999	1.0598512087575172e-16	1.8557787116459825e-17
4746.749999999999	1.0844572552890464e-16	1.8326656309700258e-17
4746.999999999999	1.1017163382142374e-16	1.8837713307553895e-17
4747.249999999999	1.1084557160049858e-16	1.872329106778066e-17
4747.499999999999	1.1036674551664357e-16	1.794210831473048e-17
4747.749999999999	1.0886097403652967e-16	1.872748652784753e-17
4747.999999999999	1.0664817271898663e-16	1.8227313572493865e-17
4748.249999999999	1.0417774976046998e-16	1.7676401358366198e-17
4748.499999999999	1.0194187547305037e-16	1.6794492822125437e-17
4748.749999999999	1.0037811772645698e-16	1.6738272664612658e-17
4748.999999999999	9.977830555446916e-17	1.836558839241068e-17
4749.249999999999	1.0022620279934764e-16	1.6448949701759985e-17
4749.499999999999	1.0158656001744136e-16	1.7605960311762407e-17
4749.749999999999	1.0355695254297102e-16	1.797390513747702e-17
4749.999999999999	1.0577039540030254e-16	1.829235478405891e-17
4750.249999999999	1.0791089461181725e-16	1.8871558229497115e-17
4750.499999999999	1.0979157017556741e-16	1.7164206159989688e-17
4750.749999999999	1.1135861606176746e-16	1.8528681939426534e-17
4750.999999999999	1.1262212853972134e-16	1.8183736043463346e-17
4751.249999999999	1.135570153686522e-16	1.7730262396771976e-17
4751.499999999999	1.1403794751749237e-16	1.790237552118711e-17
4751.749999999999	1.1385622734688343e-16	1.8277672328186093e-17
4751.999999999999	1.1281899511228524e-16	1.8912147982155092e-17
4752.249999999999	1.1087886086647834e-16	1.8764362239555143e-17
4752.499999999999	1.0821713799057727e-16	1.7808776726154284e-17
4752.749999999999	1.0522433589806847e-16	1.7242520311663758e-17
4752.999999999999	1.0237758656051402e-16	1.7646430950412176e-17
4753.249999999999	1.0007201856850875e-16	1.517484174988333e-17
4753.499999999999	9.84872918363823e-17	1.7965916227120982e-17
4753.749999999999	9.754839870115065e-17	1.7289340388695485e-17
4753.999999999999	9.698903284482216e-17	1.6839430236082992e-17
4754.249999999999	9.64778535037615e-17	1.8077461532723758e-17
4754.499999999999	9.574709285509475e-17	1.7647292872610457e-17
4754.749999999999	9.46746024489341e-17	1.7745414691232722e-17
4754.999999999999	9.330130679489685e-17	1.7019980602746167e-17
4755.249999999999	9.179701124934304e-17	1.6865661787668274e-17
4755.499999999999	9.040353422914062e-17	1.7345502643565385e-17
4755.749999999999	8.938010491895497e-17	1.7639289073003394e-17
4755.999999999999	8.896008943222092e-17	1.6578381960928607e-17
4756.249999999999	8.931416898967054e-17	1.6932701467593247e-17
4756.499999999999	9.05141425810758e-17	1.7216388021751983e-17
4756.749999999999	9.250311198892446e-17	1.6686039517652384e-17
4756.999999999999	9.50887414125879e-17	1.602885279278513e-17
4757.249999999999	9.797304957036875e-17	1.8243918396110254e-17
4757.499999999999	1.0081366917945963e-16	1.7931043946856972e-17
4757.749999999999	1.0329228071284136e-16	1.8016425529684695e-17
4757.999999999999	1.0516514001368022e-16	1.78550359747307e-17
4758.249999999999	1.0629050038773482e-16	1.747396048397242e-17
4758.499999999999	1.0664811433382863e-16	1.748680990760782e-17
4758.749999999999	1.0636336275896169e-16	1.8777582240104966e-17
4758.999999999999	1.057208916943806e-16	1.8714276453465057e-17
4759.249999999999	1.0513017514468287e-16	1.7610494915880423e-17
4759.499999999999	1.0501947312236969e-16	1.6234410483727007e-17
4759.749999999999	1.0568426916295353e-16	1.5962023216735745e-17
4759.999999999999	1.0716264482960438e-16	1.8814838454894354e-17
4760.249999999999	1.0921022416807218e-16	1.75371984418021e-17
4760.499999999999	1.1139505923558355e-16	1.8209234713025906e-17
4760.749999999999	1.132649430446736e-16	1.866814293634175e-17
4760.999999999999	1.1450346106044023e-16	1.828325745168205e-17
4761.249999999999	1.150072233938175e-16	1.8710382087141158e-17
4761.499999999999	1.1486774932225305e-16	1.7190487342411722e-17
4761.749999999999	1.1429046911946887e-16	1.8113804540116888e-17
4761.999999999999	1.1350264015337328e-16	1.823144947555663e-17
4762.249999999999	1.1268850566663809e-16	1.782533853637882e-17
4762.499999999999	1.1196199666023438e-16	1.811680886010168e-17
4762.749999999999	1.1136636180262067e-16	1.6507969038465644e-17
4762.999999999999	1.1088692255270794e-16	1.7154630717218774e-17
4763.249999999999	1.1047146113593598e-16	1.792257030866198e-17
4763.499999999999	1.1005866605232945e-16	1.8087189176727382e-17
4763.749999999999	1.0961144520040599e-16	1.7742023250721254e-17
4763.999999999999	1.0914277994751744e-16	1.790935196247338e-17
4764.249999999999	1.087173275443071e-16	1.7318083260620477e-17
4764.499999999999	1.0841960111565066e-16	1.771950408572511e-17
4764.749999999999	1.0829729457061461e-16	1.7439058425206357e-17
4764.999999999999	1.0830708272402742e-16	1.6937873000782928e-17
4765.249999999999	1.0829793900710884e-16	1.7769780123356084e-17
4765.499999999999	1.0805472991885102e-16	1.837497854672438e-17
4765.749999999999	1.0739508073500823e-16	1.814427456516089e-17
4765.999999999999	1.0627893164127992e-16	1.7760858153269087e-17
4766.249999999999	1.0487334389844255e-16	1.771076905845655e-17
4766.499999999999	1.0352910347787908e-16	1.7700159639919946e-17
4766.749999999999	1.0266676166704741e-16	1.574909534653602e-17
4766.999999999999	1.0261744111443616e-16	1.6781183486069458e-17
4767.249999999999	1.034911750607343e-16	1.7053701447597504e-17
4767.499999999999	1.051353501849096e-16	1.7239937853791368e-17
4767.749999999999	1.0720177070596491e-16	1.766264865350189e-17
4767.999999999999	1.0928556631584665e-16	1.8273756455166267e-17
4768.249999999999	1.1106408016239802e-16	1.8775767405841024e-17
4768.499999999999	1.1236955365857568e-16	1.757529838081629e-17
4768.749999999999	1.13172941380671e-16	1.7041075362727494e-17
4768.999999999999	1.1350988144651663e-16	1.7439887260180136e-17
4769.249999999999	1.134087061512515e-16	1.8129254619598154e-17
4769.499999999998	1.128667099022266e-16	1.831631489768212e-17
4769.749999999999	1.1187855138498263e-16	1.7995602084944286e-17
4770.0	1.1048273077820352e-16	1.699313197442392e-17
4770.249999999999	1.0878577022306302e-16	1.727677386082958e-17
4770.499999999998	1.0694780950860346e-16	1.813101651430289e-17
4770.749999999999	1.0514395968068387e-16	1.6138282170380994e-17
4771.0	1.035281482293791e-16	1.7608086165936668e-17
4771.249999999999	1.0221481499225284e-16	1.7532210542708404e-17
4771.499999999999	1.0127431205152059e-16	1.6991561985621295e-17
4771.749999999999	1.0072906257828849e-16	1.672971961707886e-17
4771.999999999999	1.00544849953364e-16	1.704001822590465e-17
4772.249999999999	1.0062466564842084e-16	1.7552272981285265e-17
4772.499999999999	1.0081692213929942e-16	1.761179358944213e-17
4772.749999999999	1.009423825125093e-16	1.7166452782533382e-17
4772.999999999999	1.0083357264495873e-16	1.691147435871391e-17
4773.249999999999	1.0037541351301873e-16	1.734831340328684e-17
4773.499999999999	9.953736906536444e-17	1.8236708689891242e-17
4773.749999999999	9.838977490596054e-17	1.6992839152487077e-17
4773.999999999999	9.709740534842109e-17	1.7470430077118044e-17
4774.249999999999	9.588569580919358e-17	1.70119106286901e-17
4774.499999999999	9.498324480930033e-17	1.6191671715837617e-17
4774.749999999999	9.455622292273529e-17	1.7020299894462612e-17
4774.999999999999	9.465740518655954e-17	1.638623452207744e-17
4775.249999999999	9.520772218092385e-17	1.693672321973148e-17
4775.499999999999	9.601393567759026e-17	1.740015612099799e-17
4775.749999999999	9.681214596399696e-17	1.7237289221469973e-17
4775.999999999999	9.732218649894324e-17	1.6758323522660943e-17
4776.249999999999	9.730291917898451e-17	1.7661129949897244e-17
4776.499999999999	9.660429711092443e-17	1.7104119760293836e-17
4776.75	9.521212378726526e-17	1.7824938180962345e-17
4776.999999999999	9.327534427935433e-17	1.7375886641825683e-17
4777.249999999998	9.110122219873177e-17	1.6333609291506816e-17
4777.499999999999	8.910744048386976e-17	1.7232322829072204e-17
4777.75	8.773317108453415e-17	1.551768495272941e-17
4777.999999999999	8.732822087962349e-17	1.619079821311076e-17
4778.249999999998	8.805284850671224e-17	1.6179151510086014e-17
4778.499999999999	8.982324509085087e-17	1.6144481061891467e-17
4778.749999999999	9.232546248765036e-17	1.6913237907779874e-17
4778.999999999999	9.509598629655754e-17	1.712752400854541e-17
4779.249999999999	9.764107988705087e-17	1.8195338078735015e-17
4779.499999999999	9.955308801668147e-17	1.7360990773354828e-17
4779.749999999999	1.005877739286091e-16	1.7294177740917695e-17
4779.999999999999	1.0068810608134786e-16	1.800978161500467e-17
4780.249999999999	9.99621140711108e-17	1.6946356565145272e-17
4780.499999999999	9.863369186207135e-17	1.7677933296860646e-17
4780.749999999999	9.698361017088787e-17	1.711442477636502e-17
4780.999999999999	9.529107588465816e-17	1.6647736092207504e-17
4781.249999999999	9.378254514771273e-17	1.673926859007017e-17
4781.499999999999	9.259571566909024e-17	1.7184996517505595e-17
4781.749999999999	9.176805208737546e-17	1.6773393099060434e-17
4781.999999999999	9.125575404606317e-17	1.693775719549717e-17
4782.249999999999	9.097792764580491e-17	1.6659040342458653e-17
4782.499999999999	9.086667971041823e-17	1.7179720759558732e-17
4782.749999999999	9.089577983406998e-17	1.7772868815763357e-17
4782.999999999999	9.106793580860153e-17	1.570493382799304e-17
4783.249999999999	9.136491387151065e-17	1.6552357204496464e-17
4783.499999999999	9.169227387465734e-17	1.6956891537426747e-17
4783.749999999999	9.186155139916096e-17	1.719693107938351e-17
4783.999999999998	9.163536679615408e-17	1.7109785947489824e-17
4784.249999999999	9.082338355315459e-17	1.683130070502282e-17
4784.5	8.938337154120943e-17	1.8116201709532067e-17
4784.749999999999	8.74741107732748e-17	1.6209808477948454e-17
4784.999999999998	8.543024624296461e-17	1.6102953286418854e-17
4785.249999999999	8.366902026719988e-17	1.6245408677151512e-17
4785.499999999998	8.257041864282977e-17	1.5847825970089124e-17
4785.749999999999	8.237976126007589e-17	1.6444760859138016e-17
4785.999999999999	8.316339365250358e-17	1.5285222385183632e-17
4786.249999999999	8.481722312331121e-17	1.6833330606246026e-17
4786.499999999999	8.710376213285678e-17	1.7208812701702222e-17
4786.749999999999	8.968976145616637e-17	1.6571418754532136e-17
4786.999999999999	9.217391872481199e-17	1.6569503004233463e-17
4787.249999999999	9.4118173187891e-17	1.660579307206739e-17
4787.499999999999	9.510577362760423e-17	1.7827408142271428e-17
4787.749999999999	9.483377621473077e-17	1.8201700752006773e-17
4787.999999999999	9.321600803356539e-17	1.7716888540628218e-17
4788.249999999999	9.044932107809881e-17	1.6866571686342082e-17
4788.499999999999	8.700169341303276e-17	1.6733331087633266e-17
4788.749999999999	8.351396552318482e-17	1.451742010572211e-17
4788.999999999999	8.064629670046677e-17	1.6481320587851635e-17
4789.249999999999	7.892134853310253e-17	1.5850962638971925e-17
4789.499999999999	7.861039777821599e-17	1.4015144457251337e-17
4789.749999999999	7.968650847395299e-17	1.6090765607273498e-17
4789.999999999999	8.18468860326827e-17	1.5901695280301027e-17
4790.249999999999	8.459342972140651e-17	1.6600920978259452e-17
4790.499999999999	8.735323616492175e-17	1.7043930790202027e-17
4790.749999999998	8.961310065635381e-17	1.7393192914601517e-17
4790.999999999999	9.103463333709211e-17	1.7647736241418785e-17
4791.25	9.151649708468689e-17	1.7264753272167958e-17
4791.499999999999	9.118518790666226e-17	1.743575466583982e-17
4791.749999999998	9.032290835351025e-17	1.6652328598968398e-17
4791.999999999999	8.926688318337069e-17	1.633406424084372e-17
4792.25	8.832334440093542e-17	1.665367359464441e-17
4792.499999999999	8.772451308770717e-17	1.6788194668941458e-17
4792.749999999999	8.762784239198682e-17	1.6631941905591416e-17
4792.999999999999	8.813289553816615e-17	1.6238541423706096e-17
4793.249999999999	8.928745068535918e-17	1.6162235666559305e-17
4793.499999999999	9.107131217563322e-17	1.663120406048502e-17
4793.749999999999	9.336998962941383e-17	1.7216627904129623e-17
4793.999999999999	9.596359679741444e-17	1.6488707310721734e-17
4794.249999999999	9.855114030241495e-17	1.714590727047879e-17
4794.499999999999	1.0081008862008451e-16	1.7775841702884872e-17
4794.749999999999	1.0247010729579103e-16	1.809466688946486e-17
4794.999999999999	1.0337209500273515e-16	1.7727426821632144e-17
4795.249999999999	1.0349378602145945e-16	1.642992951075494e-17
4795.499999999999	1.0294280583313353e-16	1.7445320182443384e-17
4795.749999999999	1.0193077067832686e-16	1.706098725443287e-17
4795.999999999999	1.0073901998920249e-16	1.7245256625130083e-17
4796.249999999999	9.967530994710108e-17	1.7276849961445934e-17
4796.499999999999	9.901651943807126e-17	1.648937401829545e-17
4796.749999999999	9.894295814050889e-17	1.6452408971081682e-17
4796.999999999999	9.9485392191087e-17	1.6586326203531567e-17
4797.249999999999	1.0050957210163462e-16	1.7406252442112504e-17
4797.499999999998	1.0174869387776391e-16	1.752288159976003e-17
4797.749999999999	1.0287191723965131e-16	1.7068534450341804e-17
4798.0	1.0356408848464454e-16	1.734076455301668e-17
4798.249999999999	1.0359511143259384e-16	1.7011516890718524e-17
4798.499999999998	1.028692114456107e-16	1.7814343651676766e-17
4798.749999999999	1.014515495003598e-16	1.776513964011966e-17
4799.0	9.956738130232753e-17	1.726260260257532e-17
4799.249999999999	9.756495333039021e-17	1.7079952851517486e-17
4799.499999999998	9.5839247154952e-17	1.7189289584884746e-17
4799.749999999999	9.473123985475145e-17	1.497692886216267e-17
4800.0	9.443525775058978e-17	1.6163757678886402e-17
4800.249999999999	9.494940631756479e-17	1.71632185063383e-17
4800.499999999999	9.608603304598578e-17	1.7062443092310964e-17
4800.749999999999	9.753278063853707e-17	1.7179651276387278e-17
4800.999999999999	9.893781890245305e-17	1.6266511708938965e-17
4801.249999999999	9.999434888932894e-17	1.7450460282769788e-17
4801.499999999999	1.0051040899386018e-16	1.7508012201068778e-17
4801.749999999999	1.0045604650668624e-16	1.7331233777998845e-17
4801.999999999999	9.997627440032668e-17	1.7880552842266735e-17
4802.249999999999	9.935514038562817e-17	1.7241109141538743e-17
4802.499999999999	9.892780903436099e-17	1.671119077135767e-17
4802.749999999999	9.896428954312819e-17	1.6005436964004978e-17
4802.999999999999	9.957245366025434e-17	1.6421310288772138e-17
4803.249999999999	1.0066787195030392e-16	1.7424063295061996e-17
4803.499999999999	1.0202673053878545e-16	1.7046978123578673e-17
4803.749999999999	1.0339361208248619e-16	1.7546957518669e-17
4803.999999999999	1.045871298765501e-16	1.735062950900199e-17
4804.249999999998	1.0555150657669072e-16	1.7484434244888566e-17
4804.499999999999	1.0633650248787872e-16	1.724801940837601e-17
4804.749999999999	1.0702783131156224e-16	1.6338196835184035e-17
4804.999999999999	1.0767224858787666e-16	1.7585471047989468e-17
4805.249999999998	1.0823766564221474e-16	1.714193184045486e-17
4805.499999999999	1.0862500555480859e-16	1.731658771807298e-17
4805.75	1.0872034531474041e-16	1.7680758945833127e-17
4805.999999999999	1.0845622951170903e-16	1.769796761129668e-17
4806.249999999998	1.0784766511503931e-16	1.7150158978827312e-17
4806.499999999999	1.0698319996086538e-16	1.775545170078544e-17
4806.75	1.0597826445970251e-16	1.6932143947860386e-17
4806.999999999999	1.0492343087775e-16	1.6687053641083374e-17
4807.249999999999	1.0386683777224396e-16	1.6795142986086903e-17
4807.499999999999	1.0284836150094731e-16	1.6875702105943443e-17
4807.749999999999	1.019627354091931e-16	1.8765804842543436e-17
4807.999999999999	1.0139790666972649e-16	1.67408716660973e-17
4808.249999999999	1.014006066007958e-16	1.6581780018884975e-17
4808.499999999999	1.0216778380011335e-16	1.613775939223386e-17
4808.749999999999	1.0371883727884075e-16	1.5629956522910007e-17
4808.999999999999	1.058275407036613e-16	1.7917727993356093e-17
4809.249999999999	1.0806284919542146e-16	1.810204037744516e-17
4809.499999999999	1.0992359923534348e-16	1.807859642452418e-17
4809.749999999999	1.109995840997214e-16	1.798178155126975e-17
4809.999999999999	1.1108449900381383e-16	1.7673828826661158e-17
4810.249999999999	1.1020415173757252e-16	1.7097192949844317e-17
4810.499999999999	1.0857286753245588e-16	1.665969050642012e-17
4810.749999999999	1.0651787351324343e-16	1.7988020147449624e-17
4810.999999999998	1.0440493691425807e-16	1.7803793790144264e-17
4811.249999999999	1.0257486768278593e-16	1.647529871299225e-17
4811.499999999999	1.0128478110613033e-16	1.584121845135605e-17
4811.749999999999	1.0065229815652954e-16	1.820718826819045e-17
4811.999999999998	1.0061701475155016e-16	1.5522034268390214e-17
4812.249999999999	1.0094437449540564e-16	1.705902683638112e-17
4812.5	1.0128875468057382e-16	1.7424935143427627e-17
4812.749999999999	1.0130671303737503e-16	1.7586179114593814e-17
4812.999999999998	1.0078275973340445e-16	1.860061852857782e-17
4813.249999999999	9.971692605305217e-17	1.6265889669118325e-17
4813.5	9.833644929078911e-17	1.6280097323319535e-17
4813.749999999999	9.702607853974553e-17	1.6703982719499884e-17
4813.999999999999	9.6204763991834e-17	1.6802387433891643e-17
4814.249999999999	9.619461284476361e-17	1.639894828809238e-17
4814.499999999999	9.712571346438091e-17	1.5901220478629422e-17
4814.749999999999	9.890432345695298e-17	1.7493824399202268e-17
4814.999999999999	1.0125054011358175e-16	1.7128708531182587e-17
4815.249999999999	1.037901829098489e-16	1.76109349759663e-17
4815.499999999999	1.0616861300560018e-16	1.79541222859472e-17
4815.749999999999	1.0814549429865558e-16	1.7220269153186082e-17
4815.999999999999	1.0963462750824526e-16	1.810242915233306e-17
4816.249999999999	1.1067325406385041e-16	1.7832245494493638e-17
4816.499999999999	1.1133605979856629e-16	1.7481851787016176e-17
4816.749999999999	1.1163855432053178e-16	1.7305884000946545e-17
4816.999999999999	1.114866121593144e-16	1.7457066147141637e-17
4817.249999999999	1.1071078142804812e-16	1.8063018959228582e-17
4817.499999999999	1.0917935426341105e-16	1.851168668656102e-17
4817.749999999999	1.0693328255447959e-16	1.8330666481309915e-17
4817.999999999999	1.0426226986128035e-16	1.7737374495678706e-17
4818.249999999999	1.0166487323560337e-16	1.669461407188211e-17
4818.499999999999	9.969764499548482e-17	1.5591757322222308e-17
4818.749999999998	9.878282918841975e-17	1.6103231219104672e-17
4818.999999999999	9.90686537456037e-17	1.623391913844315e-17
4819.25	1.0040550679519318e-16	1.7443602955491724e-17
4819.499999999999	1.0243643323530962e-16	1.7764441499682667e-17
4819.749999999998	1.0474412550796191e-16	1.7181656362192106e-17
4819.999999999999	1.0698095651800955e-16	1.7263497611998103e-17
4820.25	1.0893391658984424e-16	1.7371257739117836e-17
4820.499999999999	1.1051847306662612e-16	1.8336041500930285e-17
4820.749999999998	1.11727453948097e-16	1.7510344850396177e-17
4820.999999999999	1.1257201692043982e-16	1.6994425684901954e-17
4821.25	1.1304618296411486e-16	1.8081504791557917e-17
4821.499999999999	1.1313116709665945e-16	1.667319836582311e-17
4821.749999999999	1.1283530667185726e-16	1.798304548324573e-17
4821.999999999999	1.1224455523589568e-16	1.783532756945601e-17
4822.249999999999	1.1154662015046178e-16	1.750858295569144e-17
4822.499999999999	1.1100017391852186e-16	1.7273448594767116e-17
4822.749999999999	1.1084958934962271e-16	1.6592736853278853e-17
4822.999999999999	1.1122037402304364e-16	1.6579291859602416e-17
4823.249999999999	1.1204809559815927e-16	1.720346911494513e-17
4823.499999999999	1.1308065142522742e-16	1.7775601820507232e-17
4823.749999999999	1.1395661247169153e-16	1.803707857521892e-17
4823.999999999999	1.1432473726867942e-16	1.79221302485761e-17
4824.249999999999	1.139535051247327e-16	1.7733344471734348e-17
4824.499999999999	1.1279201382884917e-16	1.74791320171621e-17
4824.749999999999	1.1097229099098349e-16	1.6742698080889816e-17
4824.999999999999	1.0876815207406253e-16	1.6943259600931874e-17
4825.249999999999	1.0653429551376879e-16	1.7414716154140147e-17
4825.499999999998	1.0464176691641274e-16	1.6533782036660973e-17
4825.749999999999	1.0341437467555898e-16	1.7066370545859366e-17
4825.999999999999	1.030671109165744e-16	1.6639785232159644e-17
4826.249999999999	1.0365495206262644e-16	1.648328927770951e-17
4826.499999999998	1.0505127863547439e-16	1.67682050222585e-17
4826.749999999999	1.0697513593559148e-16	1.727662827704177e-17
4827.0	1.0906997907041254e-16	1.7602577143057065e-17
4827.249999999999	1.1100918648549465e-16	1.7998821471888342e-17
4827.499999999998	1.1258380749465103e-16	1.7833868422855467e-17
4827.749999999999	1.1373238578955078e-16	1.725676436181192e-17
4828.0	1.1450199621538392e-16	1.689565039359577e-17
4828.249999999999	1.1496758352104485e-16	1.7514088669848592e-17
4828.499999999999	1.151590181747673e-16	1.774226478746012e-17
4828.749999999999	1.1503800045579854e-16	1.721245395075868e-17
4828.999999999999	1.145357968733013e-16	1.806548395745399e-17
4829.249999999999	1.136272761728986e-16	1.817819062463679e-17
4829.499999999999	1.1239787471508e-16	1.6960544367011782e-17
4829.749999999999	1.1106561288061198e-16	1.744368567355298e-17
4829.999999999999	1.0994324510162893e-16	1.6756260534213236e-17
4830.249999999999	1.09352601876394e-16	1.720425328216583e-17
4830.499999999999	1.0952216728929661e-16	1.6443571373417165e-17
4830.749999999999	1.1050598021405385e-16	1.5764163268574286e-17
4830.999999999999	1.1215628680954026e-16	1.742988664657437e-17
4831.249999999999	1.1416411639952032e-16	1.749601808218676e-17
4831.499999999999	1.161551777787451e-16	1.8570747382297306e-17
4831.749999999999	1.1780348328182705e-16	1.7974027560207677e-17
4831.999999999999	1.189164844053606e-16	1.7417460739412598e-17
4832.249999999998	1.1946029379323613e-16	1.7671319160682672e-17
4832.499999999999	1.195241145493134e-16	1.7047667992209542e-17
4832.749999999999	1.1925060216589202e-16	1.848905502500157e-17
4832.999999999999	1.1876955771329156e-16	1.748215784384282e-17
4833.249999999998	1.181633994922161e-16	1.7318098149871503e-17
4833.499999999999	1.1747325738596433e-16	1.766387949825337e-17
4833.75	1.1673353972709005e-16	1.7279908875351155e-17
4833.999999999999	1.1600842548534623e-16	1.87644780448409e-17
4834.249999999998	1.154030877229129e-16	1.7161552564584618e-17
4834.499999999999	1.150374883700548e-16	1.6537482842721536e-17
4834.75	1.1499526318318622e-16	1.698954201056544e-17
4834.999999999999	1.1527753606589317e-16	1.78141219672726e-17
4835.249999999999	1.1578808210458283e-16	1.8199245679948715e-17
4835.499999999999	1.1635569146981963e-16	1.7762979044359673e-17
4835.749999999999	1.1677881849710908e-16	1.7153869711055225e-17
4835.999999999999	1.168729009144195e-16	1.7703941509680538e-17
4836.249999999999	1.1651051972717196e-16	1.8022773313705427e-17
4836.499999999999	1.1565395053279892e-16	1.7114998839710133e-17
4836.749999999999	1.1437801707243801e-16	1.8434662936642532e-17
4836.999999999999	1.128719000885637e-16	1.711634879846982e-17
4837.249999999999	1.114056761006051e-16	1.7330942610423227e-17
4837.499999999999	1.1026007572020051e-16	1.7058267484578796e-17
4837.749999999999	1.096400866840493e-16	1.619875238188107e-17
4837.999999999999	1.0960936193698244e-16	1.6909768712290827e-17
4838.249999999999	1.1007809753840225e-16	1.6401093994601342e-17
4838.499999999999	1.1085192277829132e-16	1.7749673017026145e-17
4838.749999999999	1.1171744453018456e-16	1.7686066136643267e-17
4838.999999999999	1.1252145080922928e-16	1.7331417412094832e-17
4839.249999999999	1.1320834198761928e-16	1.7769369841772258e-17
4839.499999999999	1.1380822657942658e-16	1.685032255038909e-17
4839.749999999999	1.1439672969336532e-16	1.6720815844965338e-17
4839.999999999998	1.1505659618894504e-16	1.7868747320564378e-17
4840.249999999999	1.1585691873951869e-16	1.8120610582196974e-17
4840.5	1.168448368957074e-16	1.7335746875420934e-17
4840.749999999999	1.180365892467477e-16	1.674761484245083e-17
4840.999999999998	1.1940442921224998e-16	1.6543137449388948e-17
4841.249999999999	1.208690289830895e-16	1.8450018717533967e-17
4841.5	1.2230721959807285e-16	1.825500096195724e-17
4841.749999999999	1.235722929668664e-16	1.7581307020785877e-17
4841.999999999998	1.2451416963448065e-16	1.7946953938758817e-17
4842.249999999999	1.2499076052891077e-16	1.7620702324639327e-17
4842.5	1.2487592776175385e-16	1.7700343274015933e-17
4842.749999999999	1.2407726475130892e-16	1.7857873204231756e-17
4842.999999999999	1.2256907905705765e-16	1.8146196932904465e-17
4843.249999999999	1.2042915511827534e-16	1.7922151755272027e-17
4843.499999999999	1.178568124246488e-16	1.663784301208137e-17
4843.749999999999	1.1515416888207506e-16	1.7291254484632932e-17
4843.999999999999	1.1266895466556141e-16	1.698124704338276e-17
4844.249999999999	1.1071511796254698e-16	1.6710596855677858e-17
4844.499999999999	1.0949764537111045e-16	1.648771800270912e-17
4844.749999999999	1.0906684758194849e-16	1.649061809793673e-17
4844.999999999999	1.0931569014195087e-16	1.7458983551801535e-17
4845.249999999999	1.1001641319085028e-16	1.769568955588971e-17
4845.499999999999	1.1087834555059973e-16	1.720424004727603e-17
4845.749999999999	1.1160591425717877e-16	1.7250702782283133e-17
4845.999999999999	1.1194606166429064e-16	1.7549538322180165e-17
4846.249999999999	1.1172820769797805e-16	1.7403213380541985e-17
4846.499999999999	1.1090415748616384e-16	1.7713215858708483e-17
4846.749999999998	1.095851374632426e-16	1.7868098810964137e-17
4846.999999999999	1.0805704238862223e-16	1.7303503375143617e-17
4847.25	1.0674885369465865e-16	1.6673335677804795e-17
4847.499999999999	1.0614195583668228e-16	1.6624088652855838e-17
4847.749999999998	1.0663512614629374e-16	1.7307872543139123e-17
4847.999999999999	1.0840672460642957e-16	1.5838523496920353e-17
4848.25	1.113267688024894e-16	1.641462666942271e-17
4848.499999999999	1.149596404166648e-16	1.731869041119009e-17
4848.749999999998	1.186664298908316e-16	1.8068868780520557e-17
4848.999999999999	1.2177756940680236e-16	1.8342430643981644e-17
4849.25	1.2377863432096543e-16	1.6547928479496855e-17
4849.499999999999	1.24447138062521e-16	1.8437528290284416e-17
4849.749999999999	1.2389656466344278e-16	1.760571546630109e-17
4849.999999999999	1.2251612605507797e-16	1.7272991991068986e-17
4850.249999999999	1.2082804896187748e-16	1.7757688397161784e-17
4850.499999999999	1.1930973142808699e-16	1.6371156673871823e-17
4850.749999999999	1.1824099922501256e-16	1.744976379669402e-17
4850.999999999999	1.1763224647857584e-16	1.6411531359570536e-17
4851.249999999999	1.172635507380246e-16	1.7142419877016266e-17
4851.499999999999	1.1682049994566494e-16	1.8126966638023832e-17
4851.749999999999	1.1606596119847118e-16	1.7895470217433516e-17
4851.999999999999	1.1496462174104556e-16	1.820503428987536e-17
4852.249999999999	1.136980154716968e-16	1.6597261531229518e-17
4852.499999999999	1.1256582800290682e-16	1.629132878167678e-17
4852.749999999999	1.118313990098253e-16	1.6826263175092373e-17
4852.999999999999	1.1159678431118036e-16	1.724885155207224e-17
4853.249999999999	1.117692716459169e-16	1.6949003543105442e-17
4853.499999999998	1.1212489554465924e-16	1.7818519259408933e-17
4853.749999999999	1.1242306666062456e-16	1.6781739351441094e-17
4853.999999999999	1.125093963808941e-16	1.7692208779872086e-17
4854.249999999999	1.1236451666610588e-16	1.76467882924368e-17
4854.499999999998	1.120948193096964e-16	1.5843749624030463e-17
4854.749999999999	1.1188959883534105e-16	1.7366516339846682e-17
4855.0	1.1197297915890418e-16	1.6449063852684517e-17
4855.249999999999	1.1256237883575437e-16	1.715932083129195e-17
4855.499999999998	1.1382736420221683e-16	1.701248800075766e-17
4855.749999999999	1.1584113315630485e-16	1.6224064108625193e-17
4856.0	1.185330494268288e-16	1.6168181440802336e-17
4856.249999999999	1.2166817988245144e-16	1.6468408298489682e-17
4856.499999999999	1.248788121429983e-16	1.873388890578869e-17
4856.749999999999	1.2774955796741523e-16	1.8351607385697308e-17
4856.999999999999	1.2992790572793398e-16	1.7358572097243723e-17
4857.249999999999	1.312174075834534e-16	1.7404197725470923e-17
4857.499999999999	1.3161955957939308e-16	1.8403006734600128e-17
4857.749999999999	1.3131405974820264e-16	1.831508405293064e-17
4857.999999999999	1.3059106702805844e-16	1.7711263712462858e-17
4858.249999999999	1.2976403831761454e-16	1.7018968133676402e-17
4858.499999999999	1.2909485301064397e-16	1.6887616815486656e-17
4858.749999999999	1.2875370324844194e-16	1.7572924372458264e-17
4858.999999999999	1.28817197221215e-16	1.8034855113732377e-17
4859.249999999999	1.2928845435831991e-16	1.7013561681192755e-17
4859.499999999999	1.3011569450514994e-16	1.6984324155261456e-17
4859.749999999999	1.3119652489479741e-16	1.741548212338737e-17
4859.999999999999	1.323749365169303e-16	1.7738555709593432e-17
4860.249999999998	1.3345046098479275e-16	1.7728910783651064e-17
4860.499999999999	1.3421340401441392e-16	1.864077483859482e-17
4860.749999999999	1.3450134336397136e-16	1.8306233220376324e-17
4860.999999999999	1.342541919522429e-16	1.8281677536712075e-17
4861.249999999998	1.3354063366914674e-16	1.8221581210848872e-17
4861.499999999999	1.3254033887855659e-16	1.781861852108244e-17
4861.75	1.314869442016153e-16	1.7577480483272206e-17
4861.999999999999	1.3059496276661407e-16	1.731993118210892e-17
4862.249999999998	1.3000011764542032e-16	1.7635924102271528e-17
4862.499999999999	1.297339357890681e-16	1.7417783339851494e-17
4862.75	1.2973448162311952e-16	1.715510221016793e-17
4862.999999999999	1.2987657155402322e-16	1.799238931544513e-17
4863.249999999998	1.2999834988334196e-16	1.9254392306237682e-17
4863.499999999999	1.299117296925248e-16	2.0505987710563093e-17
4863.749999999999	1.294048073821345e-16	2.0723276476952197e-17
4863.999999999999	1.2825843914480617e-16	1.9000950783996335e-17
4864.249999999999	1.262931400045015e-16	1.8863729792179913e-17
4864.499999999999	1.2343828513661306e-16	1.7684643385989676e-17
4864.749999999999	1.197914394788762e-16	1.6657316498062093e-17
4864.999999999999	1.1563154575866172e-16	1.6836579771692135e-17
4865.249999999999	1.113704844661689e-16	1.6621605456656953e-17
4865.499999999999	1.0745901483914557e-16	1.63501347057844e-17
4865.749999999999	1.0428465652652723e-16	1.6540483853983878e-17
4865.999999999999	1.02099293707245e-16	1.561533858712497e-17
4866.249999999999	1.0099654315302878e-16	1.6324574824856512e-17
4866.499999999999	1.0093538443359473e-16	1.634091991376056e-17
4866.749999999999	1.0178892559318263e-16	1.6441035237659078e-17
4866.999999999999	1.0339169793465113e-16	1.6650217634045163e-17
4867.249999999999	1.0556600368179113e-16	1.6301082895460006e-17
4867.499999999999	1.0812311486851062e-16	1.634069988371762e-17
4867.749999999999	1.1085072853777049e-16	1.735215317569031e-17
4867.999999999998	1.1350591357842632e-16	1.7449676115549088e-17
4868.249999999999	1.1582875030581769e-16	1.7057178914892676e-17
4868.5	1.1757858125201146e-16	1.715744147694023e-17
4868.749999999999	1.1858042587041336e-16	1.86073319264293e-17
4868.999999999998	1.1876251355325824e-16	1.7662766113148874e-17
4869.249999999999	1.1817086360434834e-16	1.6972918988975575e-17
4869.5	1.1695835462197226e-16	1.71604838472332e-17
4869.749999999999	1.1535454328454208e-16	1.760109814412182e-17
4869.999999999998	1.1362305110431408e-16	1.7332092391474675e-17
4870.249999999999	1.1201004256956122e-16	1.674257896688161e-17
4870.5	1.1068910078412861e-16	1.5393169455121803e-17
4870.749999999999	1.0971674090129221e-16	1.63392159216987e-17
4870.999999999999	1.0901943422561626e-16	1.71433248126064e-17
4871.249999999999	1.0842576849543899e-16	1.6777891307231497e-17
4871.499999999999	1.0773613396580228e-16	1.6735518153172856e-17
4871.749999999999	1.0680140512415924e-16	1.6751457923576753e-17
4871.999999999999	1.0557706051336999e-16	1.6990589221220933e-17
4872.249999999999	1.0413360629859359e-16	1.6516091952080914e-17
4872.499999999999	1.0262684617459371e-16	1.63013724086744e-17
4872.749999999999	1.0124761032328918e-16	1.7015376515456697e-17
4872.999999999999	1.001729732614657e-16	1.5996169232421934e-17
4873.249999999999	9.953348727229714e-17	1.6724586134197355e-17
4873.499999999999	9.940163118246982e-17	1.61871304942747e-17
4873.749999999999	9.980026736168063e-17	1.593738481501024e-17
4873.999999999999	1.0072489825122948e-16	1.6470563931165996e-17
4874.249999999999	1.021670385915511e-16	1.6842389888314707e-17
4874.499999999999	1.041202381505093e-16	1.667319505710066e-17
4874.749999999998	1.0655375934180454e-16	1.6646139633625276e-17
4874.999999999999	1.0935801932615647e-16	1.6395900954715734e-17
4875.249999999999	1.1229373528445312e-16	1.592638496722451e-17
4875.499999999999	1.1499220903342088e-16	1.5923617220894908e-17
4875.749999999998	1.1703706796618365e-16	1.8208735095935924e-17
4875.999999999999	1.1810942700700896e-16	1.8511878592463132e-17
4876.25	1.181284926395288e-16	1.8056439564636336e-17
4876.499999999999	1.1730649134003826e-16	1.7173520213687035e-17
4876.749999999998	1.160767680371427e-16	1.637837796061941e-17
4876.999999999999	1.1492465691471234e-16	1.6263821717586942e-17
4877.25	1.142062649796838e-16	1.6676116659024198e-17
4877.499999999999	1.1404469624177e-16	1.6835122279452816e-17
4877.749999999999	1.1434550571157492e-16	1.7293898153870652e-17
4877.999999999999	1.1490555430001023e-16	1.765302523425545e-17
4878.249999999999	1.1554341205085413e-16	1.773354299508136e-17
4878.499999999999	1.1617944645669874e-16	1.756498509293898e-17
4878.749999999999	1.168346400874738e-16	1.6085223497169393e-17
4878.999999999999	1.1756985176349733e-16	1.6748461875398086e-17
4879.249999999999	1.184180512128497e-16	1.745072332620458e-17
4879.499999999999	1.1935455410098372e-16	1.769132535097788e-17
4879.749999999999	1.2031497950038736e-16	1.7506103068215005e-17
4879.999999999999	1.2123570011613377e-16	1.6960526169038305e-17
4880.249999999999	1.220808945655285e-16	1.7337889273207447e-17
4880.499999999999	1.2283700687479037e-16	1.748325633969629e-17
4880.749999999999	1.2348337004076005e-16	1.7329043403736805e-17
4880.999999999999	1.2396616213401417e-16	1.709279400334676e-17
4881.249999999999	1.2420092893152087e-16	1.7230324360712276e-17
4881.499999999998	1.2410941505967774e-16	1.7947860528710175e-17
4881.749999999999	1.2367197116677329e-16	1.7829725902347802e-17
4881.999999999999	1.2296227387568188e-16	1.7362170332908328e-17
4882.249999999999	1.2213647332220067e-16	1.7203502202169632e-17
4882.499999999998	1.2137324527782773e-16	1.7264425708645387e-17
4882.749999999999	1.207913546930108e-16	1.6473391234499702e-17
4883.0	1.2038839998969852e-16	1.7216116706511065e-17
4883.249999999999	1.2003632916168717e-16	1.752889189409084e-17
4883.499999999998	1.1953949485209574e-16	1.7565102552585963e-17
4883.749999999999	1.1872734563277005e-16	1.728519786818782e-17
4884.0	1.1753677511242776e-16	1.6806389333695174e-17
4884.249999999999	1.1604782529128593e-16	1.724440628346038e-17
4884.499999999998	1.1446310715360992e-16	1.6634957806104784e-17
4884.749999999999	1.130476997037009e-16	1.6920184570564094e-17
4884.999999999999	1.1205737620383504e-16	1.6791465341083492e-17
4885.249999999999	1.1167735171780064e-16	1.647897304927321e-17
4885.499999999999	1.1198196989778415e-16	1.7241301047440855e-17
4885.749999999999	1.1291932851853287e-16	1.589730625997082e-17
4885.999999999999	1.143250625203673e-16	1.621486420585238e-17
4886.249999999999	1.159675471772369e-16	1.680110364958096e-17
4886.499999999999	1.1761546948762972e-16	1.7492436390134404e-17
4886.749999999999	1.1910330393168818e-16	1.7870203158442472e-17
4886.999999999999	1.203658396823994e-16	1.6675704723079146e-17
4887.249999999999	1.2142859824485942e-16	1.686768507144658e-17
4887.499999999999	1.2236753872109414e-16	1.7075438099734172e-17
4887.749999999999	1.2326744837423626e-16	1.7376645993628006e-17
4887.999999999999	1.2420070701860401e-16	1.7720223732858032e-17
4888.249999999999	1.2522531167776754e-16	1.7852829056856408e-17
4888.499999999999	1.263853828077791e-16	1.667475346537471e-17
4888.749999999999	1.277019537480328e-16	1.655953216912975e-17
4888.999999999999	1.2915871763289653e-16	1.7188427662686465e-17
4889.249999999998	1.3069727714048648e-16	1.7957351599058608e-17
4889.499999999999	1.3222946620986054e-16	1.8158548393811106e-17
4889.75	1.3365909746426256e-16	1.7273398963930363e-17
4889.999999999999	1.348978620378212e-16	1.75559191934254e-17
4890.249999999998	1.358664344028596e-16	1.7698215765480446e-17
4890.499999999999	1.3648471303248455e-16	1.801140785208895e-17
4890.75	1.3666326067272704e-16	1.7898054329667132e-17
4890.999999999999	1.3630711547143468e-16	1.727826774901585e-17
4891.249999999998	1.3533630245609335e-16	1.7658181878194105e-17
4891.499999999999	1.337192210941535e-16	1.8067277285022005e-17
4891.75	1.315078818463173e-16	1.7884981567266344e-17
4891.999999999999	1.2885963079900936e-16	1.7376730366050487e-17
4892.249999999999	1.2603143340932787e-16	1.713345323917619e-17
4892.499999999999	1.2334144198718099e-16	1.7519319760042378e-17
4892.749999999999	1.2110584891003714e-16	1.719662336819564e-17
4892.999999999999	1.1957061618365105e-16	1.6011683831990978e-17
4893.249999999999	1.1886133744628752e-16	1.6853407934073913e-17
4893.499999999999	1.189678526802913e-16	1.729459133122397e-17
4893.749999999999	1.1976589523060783e-16	1.6772132475806903e-17
4893.999999999999	1.2106268612070464e-16	1.751873742489114e-17
4894.249999999999	1.2264504663103782e-16	1.692893117836123e-17
4894.499999999999	1.243117981938514e-16	1.7266488697093095e-17
4894.749999999999	1.258850927915082e-16	1.7716602336136275e-17
4894.999999999999	1.272095725866148e-16	1.7695342140032437e-17
4895.249999999999	1.2815444556177269e-16	1.7187261338022766e-17
4895.499999999999	1.2862745375840331e-16	1.7712365517038778e-17
4895.749999999999	1.2859572603688636e-16	1.8243167316114056e-17
4895.999999999998	1.2809759215032053e-16	1.7493697013387935e-17
4896.249999999999	1.2723137047357228e-16	1.7363151369114816e-17
4896.499999999999	1.2612227749801986e-16	1.752591404388565e-17
4896.749999999999	1.248860936310563e-16	1.652598503220705e-17
4896.999999999998	1.2361321384495532e-16	1.725519933609297e-17
4897.249999999999	1.223827996201076e-16	1.7306638389665193e-17
4897.5	1.2129268398778368e-16	1.7408886185182873e-17
4897.749999999999	1.2047501676201143e-16	1.7124336054464632e-17
4897.999999999998	1.200742480788746e-16	1.6514897503276388e-17
4898.249999999999	1.2019013748446014e-16	1.653964509284275e-17
4898.5	1.2081588211817514e-16	1.6249991257745055e-17
4898.749999999999	1.2181024035336152e-16	1.7324955477149568e-17
4898.999999999999	1.2292613399681995e-16	1.7526655197714498e-17
4899.249999999999	1.2388736044645463e-16	1.7158275274997682e-17
4899.499999999999	1.2447918081593792e-16	1.7189577443737914e-17
4899.749999999999	1.2461182150491146e-16	1.796792462164826e-17
4899.999999999999	1.2433027739144585e-16	1.7175440927069383e-17
4900.249999999999	1.2377032217544005e-16	1.6801034166409506e-17
4900.499999999999	1.2308569593946215e-16	1.6794161949880415e-17
4900.749999999999	1.2238296241967398e-16	1.69031314150557e-17
4900.999999999999	1.2169290441919103e-16	1.6868264097875366e-17
4901.249999999999	1.2098500393223743e-16	1.701987472362776e-17
4901.499999999999	1.202080111338301e-16	1.7527713988898566e-17
4901.749999999999	1.1932917556227474e-16	1.6916536704062735e-17
4901.999999999999	1.1835241817964893e-16	1.6444372084250117e-17
4902.249999999999	1.1731324584070138e-16	1.6871212169578505e-17
4902.499999999999	1.162619231882559e-16	1.7369265888202808e-17
4902.749999999998	1.1524858121581063e-16	1.6612200413092225e-17
4902.999999999999	1.143176389672748e-16	1.6847478703443133e-17
4903.249999999999	1.1351201576763966e-16	1.664551263072096e-17
4903.499999999999	1.1288371086135253e-16	1.6588753151448797e-17
4903.749999999998	1.1250464399462967e-16	1.7159782398073754e-17
4903.999999999999	1.124686951942544e-16	1.6124673394943272e-17
4904.25	1.128759487385024e-16	1.6255420871285854e-17
4904.499999999999	1.1379740710481216e-16	1.6095050402846523e-17
4904.749999999998	1.1523105324308193e-16	1.6518677718675755e-17
4904.999999999999	1.1706943292541403e-16	1.722132132692525e-17
4905.25	1.1909731405453536e-16	1.7271048116629487e-17
4905.499999999999	1.2102609263848074e-16	1.785744307031323e-17
4905.749999999999	1.2255730727819907e-16	1.6670558005307842e-17
4905.999999999999	1.234575936436167e-16	1.7483937936521035e-17
4906.249999999999	1.2362297025574223e-16	1.8036203418130838e-17
4906.499999999999	1.2311005320250355e-16	1.729059935758779e-17
4906.749999999999	1.2211753034446287e-16	1.7239438236701385e-17
4906.999999999999	1.2091681849831556e-16	1.6288547800457377e-17
4907.249999999999	1.1975433173541474e-16	1.648477323972843e-17
4907.499999999999	1.1876740325520315e-16	1.6265290790354836e-17
4907.749999999999	1.1795564364246933e-16	1.650837601132702e-17
4907.999999999999	1.1722358954914704e-16	1.7746721636600556e-17
4908.249999999999	1.1647118335042283e-16	1.73672028997551e-17
4908.499999999999	1.1568059168734326e-16	1.685523434886643e-17
4908.749999999999	1.149504745246477e-16	1.6867946460520145e-17
4908.999999999999	1.1446128315741112e-16	1.6576605176972844e-17
4909.249999999999	1.1439620911654734e-16	1.601840384728736e-17
4909.499999999999	1.148651056961897e-16	1.597039097581233e-17
4909.749999999999	1.158698869710467e-16	1.7537064438542865e-17
4909.999999999999	1.1731843609752932e-16	1.6742870134457227e-17
4910.249999999999	1.1906389248484078e-16	1.6728923869329583e-17
4910.499999999998	1.2093780614770806e-16	1.6750367699529408e-17
4910.749999999999	1.2276186237331e-16	1.6482758227756252e-17
4911.0	1.2434802281352241e-16	1.7143356245469676e-17
4911.249999999999	1.255099324041483e-16	1.6950002777285406e-17
4911.499999999998	1.2609953300458201e-16	1.7733501636050733e-17
4911.749999999999	1.2606020354843214e-16	1.777406822765156e-17
4912.0	1.2547014543307038e-16	1.732801769977724e-17
4912.249999999999	1.2455055990379856e-16	1.6997386991494893e-17
4912.499999999998	1.2362980709841072e-16	1.6202673217984572e-17
4912.749999999999	1.230729484920172e-16	1.6790778781175073e-17
4913.0	1.2319450673321395e-16	1.744985809528385e-17
4913.249999999999	1.241726851891014e-16	1.6720253362148802e-17
4913.499999999999	1.259851265729284e-16	1.5558273051026162e-17
4913.749999999999	1.2839137953775675e-16	1.6155285695052634e-17
4913.999999999999	1.3098419720096913e-16	1.727856553403637e-17
4914.249999999999	1.333087849327503e-16	1.8186490554903148e-17
4914.499999999999	1.3501193179969447e-16	1.8494028034844238e-17
4914.749999999999	1.3595716839245206e-16	1.7895825905096914e-17
4914.999999999999	1.3625123251000465e-16	1.6843804367162173e-17
4915.249999999999	1.3617066005026672e-16	1.688969800190784e-17
4915.499999999999	1.3602829000906478e-16	1.7500051414853567e-17
4915.749999999999	1.360460582113216e-16	1.7287035863508912e-17
4915.999999999999	1.3628940318314625e-16	1.6969822024762176e-17
4916.249999999999	1.3668090864998848e-16	1.7197690431185834e-17
4916.499999999999	1.370704376661274e-16	1.7907818369617708e-17
4916.749999999999	1.3731627936829992e-16	1.7677427062325763e-17
4916.999999999999	1.3733531528725597e-16	1.7844398432053267e-17
4917.249999999998	1.3710484690004733e-16	1.7690076308252924e-17
4917.499999999999	1.3662997534850237e-16	1.731306558302473e-17
4917.749999999999	1.3591040299547431e-16	1.7072638920541293e-17
4917.999999999999	1.3493742266348353e-16	1.7420016727505387e-17
4918.249999999998	1.3372778559735867e-16	1.8700945610713153e-17
4918.499999999999	1.3237179243117866e-16	1.687378635564477e-17
4918.75	1.310579909183465e-16	1.7343247749215565e-17
4918.999999999999	1.3004669561443064e-16	1.7224939414924556e-17
4919.249999999998	1.2959331341866873e-16	1.6040087559864824e-17
4919.499999999999	1.2985221397661607e-16	1.6958208408961932e-17
4919.75	1.3080513178489023e-16	1.6089741557675157e-17
4919.999999999999	1.3224832184304407e-16	1.71577822753526e-17
4920.249999999999	1.3384697536952914e-16	1.7609034114918654e-17
4920.499999999999	1.352379153530547e-16	1.737990343088024e-17
4920.749999999999	1.3614405374664302e-16	1.7148316020422544e-17
4920.999999999999	1.3646064813879753e-16	1.7930607195493544e-17
4921.249999999999	1.3628247865126157e-16	1.805065426343214e-17
4921.499999999999	1.3585974821438354e-16	1.6706980422039776e-17
4921.749999999999	1.3549560160970727e-16	1.6379036396387003e-17
4921.999999999999	1.3542294582783576e-16	1.681960106243887e-17
4922.249999999999	1.3571093305524812e-16	1.664510400349836e-17
4922.499999999999	1.3624149760894161e-16	1.7342538028249995e-17
4922.749999999999	1.3676450532016734e-16	1.8038033141645806e-17
4922.999999999999	1.370026372293844e-16	1.8135082934194202e-17
4923.249999999999	1.367565180457778e-16	1.7678555336681286e-17
4923.499999999999	1.3596829568178054e-16	1.712787638748636e-17
4923.749999999999	1.3472950617544768e-16	1.7126233606789828e-17
4923.999999999998	1.3324542951699563e-16	1.8254248227599816e-17
4924.249999999999	1.3177809952453558e-16	1.764814652300261e-17
4924.499999999999	1.3058470477140234e-16	1.690102541321614e-17
4924.749999999999	1.2986020672400504e-16	1.6673294318774167e-17
4924.999999999998	1.2969196555048596e-16	1.7027895066847074e-17
4925.249999999999	1.3003735286469012e-16	1.7494894770914912e-17
4925.5	1.3073415645245745e-16	1.7123503910768403e-17
4925.749999999999	1.3154404287395244e-16	1.7263026119048948e-17
4925.999999999998	1.3221656299869458e-16	1.7737000610041832e-17
4926.249999999999	1.3255397845595237e-16	1.7909990545906272e-17
4926.5	1.3245964320177683e-16	1.7416241475189695e-17
4926.749999999999	1.3196156671553573e-16	1.739376366922418e-17
4926.999999999999	1.312111867589921e-16	1.6888763287815655e-17
4927.249999999999	1.3046007002236725e-16	1.7273943248773422e-17
4927.499999999999	1.3001508240265995e-16	1.7572583574045892e-17
4927.749999999999	1.301715911576629e-16	1.7229482290848697e-17
4927.999999999999	1.311307982550628e-16	1.6360069144941162e-17
4928.249999999999	1.3292084448850357e-16	1.6859716013425243e-17
4928.499999999999	1.3535244231976542e-16	1.7008206513907087e-17
4928.749999999999	1.3803629854910446e-16	1.7584261709933916e-17
4928.999999999999	1.4046763913544187e-16	1.8317645004107106e-17
4929.249999999999	1.4215275366466362e-16	1.85367055913683e-17
4929.499999999999	1.427320624069658e-16	1.751606066842892e-17
4929.749999999999	1.420568217727854e-16	1.7899121392657325e-17
4929.999999999999	1.402001152233554e-16	1.7315743993848177e-17
4930.249999999999	1.3741214861706373e-16	1.7652679472759402e-17
4930.499999999999	1.340478756811818e-16	1.7721689496903476e-17
4930.749999999998	1.3049457715240608e-16	1.672136343853085e-17
4930.999999999999	1.2711386406096537e-16	1.7330057527167795e-17
4931.249999999999	1.2419909222262713e-16	1.7071322049006108e-17
4931.499999999999	1.2194434659409543e-16	1.6647248055646097e-17
4931.749999999998	1.204250994376589e-16	1.6566273691122056e-17
4931.999999999999	1.1959598780536946e-16	1.688470183100802e-17
4932.25	1.193108604561066e-16	1.718958571554404e-17
4932.499999999999	1.1936322459430626e-16	1.6889087542615776e-17
4932.749999999998	1.1953683553053913e-16	1.650666209309781e-17
4932.999999999999	1.196524666253005e-16	1.721581064968442e-17
4933.25	1.195997135918057e-16	1.7025557454436e-17
4933.499999999999	1.1934885416057626e-16	1.62893071522597e-17
4933.749999999998	1.189434505768182e-16	1.7383038445401816e-17
4933.999999999999	1.1847797295603817e-16	1.5881186164193388e-17
4934.249999999999	1.1806725545188999e-16	1.680919678469418e-17
4934.499999999999	1.1781664662736007e-16	1.6880226783894108e-17
4934.749999999999	1.1780207481739833e-16	1.6481540617894574e-17
4934.999999999999	1.1806572884853087e-16	1.655401487444402e-17
4935.249999999999	1.1862589837768937e-16	1.7340030016632734e-17
4935.499999999999	1.194920751571498e-16	1.6659571392411912e-17
4935.749999999999	1.206737089535591e-16	1.6661331632755425e-17
4935.999999999999	1.2217517472452428e-16	1.6754516837481974e-17
4936.249999999999	1.2397813695457796e-16	1.68418687645288e-17
4936.499999999999	1.2602033727284288e-16	1.7059978094085556e-17
4936.749999999999	1.2818256220725816e-16	1.7638579352037823e-17
4936.999999999999	1.3029248527194214e-16	1.678832536347824e-17
4937.249999999999	1.3214719854092447e-16	1.75972881502204e-17
4937.499999999999	1.3354888644445808e-16	1.778420946196146e-17
4937.749999999999	1.3434341520141163e-16	1.7298636244419355e-17
4937.999999999999	1.3445171422319152e-16	1.75645251805184e-17
4938.249999999999	1.338879018579151e-16	1.7565822199718884e-17
4938.499999999998	1.327625090204065e-16	1.7343113745956332e-17
4938.749999999999	1.3127025555412412e-16	1.7684941171010195e-17
4938.999999999999	1.296606413309423e-16	1.766170566760358e-17
4939.249999999999	1.281914297396784e-16	1.696051127978728e-17
4939.499999999998	1.2707320071736196e-16	1.6420448366573858e-17
4939.749999999999	1.2642327886692942e-16	1.6789402352635785e-17
4940.0	1.2624914826029328e-16	1.710801247225651e-17
4940.249999999999	1.264689195418141e-16	1.7291510910622824e-17
4940.499999999998	1.2695613765033093e-16	1.727016799645773e-17
4940.749999999999	1.275832298963968e-16	1.712093634214704e-17
4941.0	1.2824268286133453e-16	1.7099262555736924e-17
4941.249999999999	1.288437029718347e-16	1.7044986272663645e-17
4941.499999999999	1.292993996161447e-16	1.7440611870396732e-17
4941.749999999999	1.2952299386588383e-16	1.7533424843847632e-17
4941.999999999999	1.2944108116139496e-16	1.729287410427231e-17
4942.249999999999	1.2901791878049993e-16	1.7182466999192408e-17
4942.499999999999	1.282772531825227e-16	1.760950229914536e-17
4942.749999999999	1.2730996944043064e-16	1.7199604527123282e-17
4942.999999999999	1.2626254482886626e-16	1.719880712501278e-17
4943.249999999999	1.2530789771537896e-16	1.726851528959385e-17
4943.499999999999	1.2460469558941435e-16	1.713232496482067e-17
4943.749999999999	1.2425412667497623e-16	1.6782617817251625e-17
4943.999999999999	1.2426514692179787e-16	1.7766555773328352e-17
4944.249999999999	1.2453964792282574e-16	1.674083030706667e-17
4944.499999999999	1.2488646537594235e-16	1.681101161895812e-17
4944.749999999999	1.2506639148050916e-16	1.723547438720603e-17
4944.999999999999	1.2485995326548906e-16	1.7356921044741067e-17
4945.249999999998	1.2413850958685092e-16	1.7462952364380564e-17
4945.499999999999	1.229125099785152e-16	1.7240960249028483e-17
4945.749999999999	1.2133450357143134e-16	1.742656303487313e-17
4945.999999999999	1.1965058931994875e-16	1.6867742974089457e-17
4946.249999999998	1.1811725918419719e-16	1.6166493992352728e-17
4946.499999999999	1.1691858992242637e-16	1.618165124989715e-17
4946.75	1.1611926384128468e-16	1.6654116963452738e-17
4946.999999999999	1.1566970704776019e-16	1.7000192788132673e-17
4947.249999999998	1.154518535623162e-16	1.7285318636557252e-17
4947.499999999999	1.1533607302175663e-16	1.6793870782304797e-17
4947.75	1.1522202807227913e-16	1.6326235803526518e-17
4947.999999999999	1.1505369250345545e-16	1.689694906715748e-17
4948.249999999999	1.1481585342073744e-16	1.6924282423318682e-17
4948.499999999999	1.1452441967293546e-16	1.7555897686729473e-17
4948.749999999999	1.1421693236692727e-16	1.674705732271797e-17
4948.999999999999	1.1394259935409635e-16	1.6441885579328782e-17
4949.249999999999	1.137502213656209e-16	1.6880517951469726e-17
4949.499999999999	1.1367624647327886e-16	1.6651670163200806e-17
4949.749999999999	1.1373787738718477e-16	1.7281887491376382e-17
4949.999999999999	1.139350200596446e-16	1.612691505440329e-17
4950.249999999999	1.1426128484089696e-16	1.662269898942675e-17
4950.499999999999	1.147201402585633e-16	1.707297144714754e-17
4950.749999999999	1.1533790391834652e-16	1.692736615264228e-17
4950.999999999999	1.1616199218976093e-16	1.8107579178826814e-17
4951.249999999999	1.1723597193522553e-16	1.643142339894121e-17
4951.499999999999	1.185562977866582e-16	1.6272765194369865e-17
4951.749999999999	1.2003370132828693e-16	1.657398301443105e-17
4951.999999999998	1.2149023722866164e-16	1.7196304076479195e-17
4952.249999999999	1.2270885661278664e-16	1.7880948234599535e-17
4952.499999999999	1.2352044069939821e-16	1.762532957298595e-17
4952.749999999999	1.2388443584214688e-16	1.8054138348172213e-17
4952.999999999998	1.2391572097986696e-16	1.7041048892947892e-17
4953.249999999999	1.2383697238363686e-16	1.6403702922253334e-17
4953.5	1.238766444908003e-16	1.6742630252079587e-17
4953.749999999999	1.2416245935790085e-16	1.741536466374039e-17
4953.999999999998	1.2466234920346963e-16	1.6972402828273342e-17
4954.249999999999	1.251993850899252e-16	1.746225753266602e-17
4954.5	1.2552971247217677e-16	1.807281608640366e-17
4954.749999999999	1.2544289537193788e-16	1.80157406241375e-17
4954.999999999998	1.2483729861299756e-16	1.7410047546762898e-17
4955.249999999999	1.23741644544482e-16	1.698305856892425e-17
4955.499999999999	1.222856064230106e-16	1.659013785179421e-17
4955.749999999999	1.206475602077384e-16	1.6925473563400758e-17
4955.999999999999	1.1901151498819722e-16	1.6994634134416317e-17
4956.249999999999	1.1754839339048724e-16	1.7244525397468587e-17
4956.499999999999	1.1641474035688017e-16	1.7274375037053175e-17
4956.749999999999	1.15751344343619e-16	1.5526229728457083e-17
4956.999999999999	1.1567034855585485e-16	1.6246695770184644e-17
4957.249999999999	1.162325970121105e-16	1.7040638611364066e-17
4957.499999999999	1.1742479267288732e-16	1.7010026311254704e-17
4957.749999999999	1.1914472952006046e-16	1.6830349447318385e-17
4957.999999999999	1.2119844581046188e-16	1.6968971683092472e-17
4958.249999999999	1.2331237893384252e-16	1.68812673771047e-17
4958.499999999999	1.2516549446699328e-16	1.7902234900482975e-17
4958.749999999999	1.2644426491758493e-16	1.81677863468921e-17
4958.999999999999	1.26913877095316e-16	1.7885251228146036e-17
4959.249999999999	1.2648653564859891e-16	1.7818105669102657e-17
4959.499999999999	1.2526163294354973e-16	1.8356990677123803e-17
4959.749999999998	1.2351900842698733e-16	1.7654095605968093e-17
4959.999999999999	1.216633328868468e-16	1.6825250706022608e-17
4960.25	1.2013593637963436e-16	1.6951726621681966e-17
4960.499999999999	1.1932012952469448e-16	1.7223334684536203e-17
4960.749999999998	1.1946346325874818e-16	1.7292230557755745e-17
4960.999999999999	1.206302957323547e-16	1.735642639073476e-17
4961.25	1.226891590589427e-16	1.661053612569977e-17
4961.499999999999	1.2533595311008774e-16	1.7234577723422024e-17
4961.749999999998	1.2815211537555127e-16	1.812918844514915e-17
4961.999999999999	1.3068977897661923e-16	1.8185471468388482e-17
4962.25	1.3256378338323836e-16	1.7800266692012338e-17
4962.499999999999	1.3352265858084824e-16	1.873632577987327e-17
4962.749999999999	1.3347733534968958e-16	1.7912185883251988e-17
4962.999999999999	1.3248685212355536e-16	1.7840030918418987e-17
4963.249999999999	1.3072123732885005e-16	1.7200084291878563e-17
4963.499999999999	1.284269675104866e-16	1.7443152969238495e-17
4963.749999999999	1.2590586646821546e-16	1.864919222850816e-17
4963.999999999999	1.2349685899049643e-16	1.7648141559918936e-17
4964.249999999999	1.2154086796554798e-16	1.6491969711057643e-17
4964.499999999999	1.2032132052984958e-16	1.6682203053971363e-17
4964.749999999999	1.1999635410950898e-16	1.7132410991604374e-17
4964.999999999999	1.205540482510153e-16	1.7601199060156552e-17
4965.249999999999	1.2181593711965394e-16	1.7878537830294556e-17
4965.499999999999	1.2349108045324636e-16	1.6842045781179885e-17
4965.749999999999	1.2525901090854537e-16	1.8170582217362528e-17
4965.999999999999	1.2684935292923968e-16	1.7995391981068697e-17
4966.249999999999	1.2809239638058595e-16	1.755609786443771e-17
4966.499999999998	1.2893168596165322e-16	1.7488025863108272e-17
4966.749999999999	1.2940588662530084e-16	1.768686684747622e-17
4966.999999999999	1.296147192924123e-16	1.755141271344821e-17
4967.249999999999	1.296814882279294e-16	1.7691609901108598e-17
4967.499999999998	1.2971824988230485e-16	1.733966936588566e-17
4967.749999999999	1.2979657736640489e-16	1.7091271991019662e-17
4968.0	1.2992953440588054e-16	1.7305697058128108e-17
4968.249999999999	1.3007320989222792e-16	1.783618949165429e-17
4968.499999999998	1.3015133266408143e-16	1.798810948295578e-17
4968.749999999999	1.3009299837550454e-16	1.7783575841612243e-17
4969.0	1.298608595598375e-16	1.7573556338446255e-17
4969.249999999999	1.2944873492728073e-16	1.7592859425220792e-17
4969.499999999999	1.2884761915145878e-16	1.7588275190266023e-17
4969.749999999999	1.2800651555254122e-16	1.6693745532238928e-17
4969.999999999999	1.2682766073272449e-16	1.7026058725887206e-17
4970.249999999999	1.2521874317696372e-16	1.7833780741710537e-17
4970.499999999999	1.2318372096866036e-16	1.8492239670359898e-17
4970.749999999999	1.2089639992442536e-16	1.7958360759405923e-17
4970.999999999999	1.1869800407466293e-16	1.6179313637486075e-17
4971.249999999999	1.1700018294824045e-16	1.5893572366685757e-17
4971.499999999999	1.1613367068061647e-16	1.6281195819173006e-17
4971.749999999999	1.1621975478046762e-16	1.702556076315845e-17
4971.999999999999	1.171306589732868e-16	1.7143463778949308e-17
4972.249999999999	1.1855395117877853e-16	1.705457164160191e-17
4972.499999999999	1.2011944960731825e-16	1.754975008041698e-17
4972.749999999999	1.215201473243223e-16	1.8387624483929092e-17
4972.999999999999	1.2257414221814607e-16	1.6401411631956563e-17
4973.249999999998	1.2321774840665953e-16	1.66492448696448e-17
4973.499999999999	1.2346057737431975e-16	1.700591026052664e-17
4973.749999999999	1.2334665091433432e-16	1.7321870093464745e-17
4973.999999999999	1.2294739842909908e-16	1.8399499488802903e-17
4974.249999999998	1.223801055505883e-16	1.6501058771628376e-17
4974.499999999999	1.2182347632689554e-16	1.6825076998093972e-17
4974.75	1.2150370969149186e-16	1.7354985442107693e-17
4974.999999999999	1.2164485702058934e-16	1.703420149183718e-17
4975.249999999998	1.2240014202973926e-16	1.623919655075124e-17
4975.499999999999	1.2379304146122755e-16	1.660899426103797e-17
4975.75	1.256940307358143e-16	1.724723524115531e-17
4975.999999999999	1.2784448349583753e-16	1.6984362205569633e-17
4976.249999999998	1.2992042195024458e-16	1.731065517871975e-17
4976.499999999999	1.3161354724740704e-16	1.7694812744440403e-17
4976.749999999999	1.3270249882752916e-16	1.745017904136152e-17
4976.999999999999	1.3309557059743399e-16	1.638678211564295e-17
4977.249999999999	1.3284131815812714e-16	1.7269402027210506e-17
4977.499999999999	1.3211490155717457e-16	1.7747851565317303e-17
4977.749999999999	1.3118841483936256e-16	1.722399808338747e-17
4977.999999999999	1.3038615443778072e-16	1.6696160899627583e-17
4978.249999999999	1.3002193227730098e-16	1.6882089594633577e-17
4978.499999999999	1.3032294830436695e-16	1.6695264235843575e-17
4978.749999999999	1.3135987581020292e-16	1.6023492662415785e-17
4978.999999999999	1.330117507203515e-16	1.6910476778895172e-17
4979.249999999999	1.3498564985096248e-16	1.735347831903162e-17
4979.499999999999	1.3688738793425343e-16	1.7419556815084807e-17
4979.749999999999	1.383159388993779e-16	1.7808437582103137e-17
4979.999999999999	1.3894779398374942e-16	1.7398457092019805e-17
4980.249999999999	1.3859087351618909e-16	1.7584241857599215e-17
4980.499999999999	1.3720817919116595e-16	1.7155962478004984e-17
4980.749999999999	1.34921984582083e-16	1.7622345105335857e-17
4980.999999999998	1.3200414299810405e-16	1.803655414271056e-17
4981.249999999999	1.2884688424000084e-16	1.643281637109275e-17
4981.5	1.2590592714270106e-16	1.5951570962515525e-17
4981.749999999999	1.2361886760403538e-16	1.6393412795433175e-17
4981.999999999998	1.22317851954015e-16	1.6275367504576957e-17
4982.249999999999	1.221629919320846e-16	1.594097477886872e-17
4982.5	1.231164567214154e-16	1.596389429928134e-17
4982.749999999999	1.2496225717084934e-16	1.6731357434691714e-17
4982.999999999998	1.2736265912477944e-16	1.7176278033849287e-17
4983.249999999999	1.2993409989422559e-16	1.6597661886645993e-17
4983.5	1.3232278209097389e-16	1.666803014135588e-17
4983.749999999999	1.342614337803952e-16	1.6969616883970263e-17
4983.999999999999	1.3559503393239463e-16	1.69062548490487e-17
4984.249999999999	1.3627547322179966e-16	1.643718719344948e-17
4984.499999999999	1.3633896983256186e-16	1.6238463668728516e-17
4984.749999999999	1.3588590927288659e-16	1.7439151069434963e-17
4984.999999999999	1.3507362633517453e-16	1.7236379322796164e-17
4985.249999999999	1.341133639436299e-16	1.6804023597143273e-17
4985.499999999999	1.3324940844237913e-16	1.700047402954094e-17
4985.749999999999	1.327061203275659e-16	1.5544520346161855e-17
4985.999999999999	1.3261524747592568e-16	1.6090770570357173e-17
4986.249999999999	1.3296139110713637e-16	1.639406295939464e-17
4986.499999999999	1.3358466844120599e-16	1.6665492351236567e-17
4986.749999999999	1.3425038881861827e-16	1.696084546075475e-17
4986.999999999999	1.3475430322680534e-16	1.7263534007945055e-17
4987.249999999999	1.3500757810006218e-16	1.7408318739282662e-17
4987.499999999999	1.3505581591159628e-16	1.679049588540558e-17
4987.749999999998	1.3502475466984779e-16	1.61446150651507e-17
4987.999999999999	1.3502619861043802e-16	1.6446302723799815e-17
4988.249999999999	1.3507665185399185e-16	1.708767540971628e-17
4988.499999999999	1.3507006635807585e-16	1.6933161380013826e-17
4988.749999999998	1.3481596410045508e-16	1.6591021280688418e-17
4988.999999999999	1.3412348545874334e-16	1.6765733406588193e-17
4989.25	1.3289369018110804e-16	1.707983373750928e-17
4989.499999999999	1.3118116790579316e-16	1.716074358194554e-17
4989.749999999998	1.2919961119901314e-16	1.6563634984968012e-17
4989.999999999999	1.2726929391105488e-16	1.5131239405434436e-17
4990.25	1.257281815036163e-16	1.5576054125473602e-17
4990.499999999999	1.248413979784422e-16	1.7040974446692763e-17
4990.749999999999	1.2473953535137747e-16	1.6313262302799237e-17
4990.999999999999	1.2539891998034548e-16	1.5889380215341338e-17
4991.249999999999	1.2665863302853646e-16	1.655683721469405e-17
4991.499999999999	1.2826034552951687e-16	1.6118691224753288e-17
4991.749999999999	1.2989854223748076e-16	1.697815338789181e-17
4991.999999999999	1.3127408029844076e-16	1.6776840787853555e-17
4992.249999999999	1.3214688099208174e-16	1.7008992335489012e-17
4992.499999999999	1.323827266572446e-16	1.7019409848123505e-17
4992.749999999999	1.319869733277137e-16	1.6572998669502112e-17
4992.999999999999	1.3111651169756478e-16	1.6829300582301668e-17
4993.249999999999	1.3006157557161635e-16	1.5486308337734048e-17
4993.499999999999	1.2919256846867309e-16	1.63154146267531e-17
4993.749999999999	1.2887560955893166e-16	1.607373064973858e-17
4993.999999999999	1.2937349868035202e-16	1.555038671106608e-17
4994.249999999999	1.307606758278926e-16	1.599570104819523e-17
4994.499999999998	1.3288314363590577e-16	1.637054621457976e-17
4994.749999999999	1.3538238401680107e-16	1.637604200256956e-17
4994.999999999999	1.3777967228625713e-16	1.6853083679273793e-17
4995.249999999999	1.3959515235199673e-16	1.7208969866018607e-17
4995.499999999998	1.404653791854185e-16	1.717681073816377e-17
4995.749999999999	1.4022714243450873e-16	1.6891133987451232e-17
4996.0	1.3894899057247474e-16	1.7167695207813436e-17
4996.249999999999	1.3690682219011707e-16	1.6951668719039088e-17
4996.499999999998	1.3451171690591701e-16	1.6191354078482396e-17
4996.749999999999	1.322067644805419e-16	1.6039692167532024e-17
4997.0	1.3035589601451963e-16	1.6228836940759624e-17
4997.249999999999	1.2915119933211034e-16	1.5877276908618462e-17
4997.499999999998	1.285636171753901e-16	1.644191701219206e-17
4997.749999999999	1.283539217948483e-16	1.5929303260425597e-17
4997.999999999999	1.2814645900902814e-16	1.6413513284318213e-17
4998.249999999999	1.2754916870036943e-16	1.6757696519756628e-17
4998.499999999999	1.2628493403361093e-16	1.666483887855265e-17
4998.749999999999	1.242891746882492e-16	1.6646108200762e-17
4998.999999999999	1.2173530403735953e-16	1.5859196394789278e-17
4999.249999999999	1.189752186232423e-16	1.6046493246528435e-17
4999.499999999999	1.164177099272451e-16	1.5508134325376873e-17
4999.749999999999	1.143965566806675e-16	1.501906213384367e-17
4999.999999999999	1.1308508454420995e-16	1.520299732357341e-17
5000.249999999999	1.1249005086454496e-16	1.57881763217567e-17
5000.499999999999	1.125159171737927e-16	1.6083322636121746e-17
5000.749999999999	1.1305396812326358e-16	1.6165618835264647e-17
5000.999999999999	1.140414105955683e-16	1.5817597481783986e-17
5001.249999999998	1.1545926464347238e-16	1.540262578388451e-17
5001.499999999999	1.1727929542707434e-16	1.5191062761695496e-17
5001.749999999999	1.1940173132507272e-16	1.502711721864871e-17
5001.999999999999	1.2162719523941443e-16	1.660796359399473e-17
5002.249999999998	1.2368052630666905e-16	1.6477361701439956e-17
5002.499999999999	1.2527248110156624e-16	1.601099396336011e-17
5002.75	1.2616948052199822e-16	1.58306785159909e-17
5002.999999999999	1.2624706205391483e-16	1.6239856640880056e-17
5003.249999999998	1.2551750364469424e-16	1.7048012099344364e-17
5003.499999999999	1.2413192063756242e-16	1.5730955275702732e-17
5003.75	1.2235796087353135e-16	1.6028002451115425e-17
5003.999999999999	1.2053245470334517e-16	1.5695699183634497e-17
5004.249999999998	1.189916982483292e-16	1.5540088312439796e-17
5004.499999999999	1.179911925586906e-16	1.6216480516769307e-17
5004.749999999999	1.1763681337362537e-16	1.4298753256432493e-17
5004.999999999999	1.1785353740726347e-16	1.5519362475011667e-17
5005.249999999999	1.1841069284085468e-16	1.5569049560046503e-17
5005.499999999999	1.190033293211378e-16	1.6015250634792307e-17
5005.749999999999	1.193637160347531e-16	1.6540705538388042e-17
5005.999999999999	1.1935846465188107e-16	1.621862953200072e-17
5006.249999999999	1.1902870004690806e-16	1.567305594154647e-17
5006.499999999999	1.185562293930316e-16	1.5799763467777343e-17
5006.749999999999	1.1817573454798286e-16	1.5565965830722905e-17
5006.999999999999	1.1808032871257255e-16	1.519651388193222e-17
5007.249999999999	1.1836815675023428e-16	1.5120193235534403e-17
5007.499999999999	1.1904999247246617e-16	1.5647687966520694e-17
5007.749999999999	1.2009853295938041e-16	1.6433770937519637e-17
5007.999999999999	1.2149452036040656e-16	1.544905212294466e-17
5008.249999999999	1.2323036818526458e-16	1.521937880842441e-17
5008.499999999999	1.252655003859606e-16	1.5381307685137792e-17
5008.749999999999	1.274662323628183e-16	1.570013618044023e-17
5008.999999999998	1.2957922309248322e-16	1.636383281672828e-17
5009.249999999999	1.312699044963814e-16	1.61831964232814e-17
5009.499999999999	1.322180372013417e-16	1.7257834733524565e-17
5009.749999999999	1.3222827159283766e-16	1.6762244358764444e-17
5009.999999999998	1.31305155811246e-16	1.5949319376888155e-17
5010.249999999999	1.2966104448726904e-16	1.5842204450646214e-17
5010.5	1.276573726795862e-16	1.6091372757843112e-17
5010.749999999999	1.2570619378613813e-16	1.560022765169485e-17
5010.999999999998	1.241694709720428e-16	1.5256122171234017e-17
5011.249999999999	1.2328796733958e-16	1.5205425925851867e-17
5011.5	1.231553503300354e-16	1.566549054766406e-17
5011.749999999999	1.2373371482771237e-16	1.6131548920194813e-17
5011.999999999999	1.2489199219491732e-16	1.5520661148573376e-17
5012.249999999999	1.2644488485789314e-16	1.5511338823069903e-17
5012.499999999999	1.2817847921951389e-16	1.6035966546053085e-17
5012.749999999999	1.2986320436793136e-16	1.5952168186917788e-17
5012.999999999999	1.3126564713652201e-16	1.574965286626888e-17
5013.249999999999	1.3217091415348482e-16	1.592498537762807e-17
5013.499999999999	1.3241794446321453e-16	1.616458982258263e-17
5013.749999999999	1.3193892306963368e-16	1.6019669433624565e-17
5013.999999999999	1.3078784993764495e-16	1.6049034345370198e-17
5014.249999999999	1.2914512902640008e-16	1.5857331929688583e-17
5014.499999999999	1.2729214317454365e-16	1.571073732717071e-17
5014.749999999999	1.255582685402042e-16	1.5795943547708573e-17
5014.999999999999	1.2425060246325361e-16	1.5439805898057542e-17
5015.249999999999	1.2358303852852752e-16	1.5059321014256626e-17
5015.499999999999	1.2362471381788667e-16	1.5328285407873143e-17
5015.749999999998	1.2428490469479506e-16	1.598645482330811e-17
5015.999999999999	1.2534040313881442e-16	1.613196912794599e-17
5016.249999999999	1.2649574057860676e-16	1.550490335790424e-17
5016.499999999999	1.274546960759068e-16	1.6595352398375745e-17
5016.749999999998	1.2798015934371193e-16	1.529696007807576e-17
5016.999999999999	1.2792872537033048e-16	1.6124249878469645e-17
5017.25	1.2725941414133556e-16	1.617668154877693e-17
5017.499999999999	1.2602511780827776e-16	1.5556618689801056e-17
5017.749999999998	1.2435719220463911e-16	1.5768825258506635e-17
5017.999999999999	1.2244945866265779e-16	1.5199233651786295e-17
5018.25	1.2054164769936683e-16	1.5890627603705068e-17
5018.499999999999	1.1889772567984246e-16	1.5571134055190136e-17
5018.749999999999	1.1777434371846967e-16	1.488941315335456e-17
5018.999999999999	1.1737900617736063e-16	1.4692300976466847e-17
5019.249999999999	1.178241410158018e-16	1.534218038780281e-17
5019.499999999999	1.1908838667939166e-16	1.5366416779750613e-17
5019.749999999999	1.2099767307303314e-16	1.5352927118321098e-17
5019.999999999999	1.2323613586841005e-16	1.5550332117145653e-17
5020.249999999999	1.2539138387101888e-16	1.613462934079596e-17
5020.499999999999	1.2703042443506694e-16	1.645642906885869e-17
5020.749999999999	1.2779241214833395e-16	1.5711223709370892e-17
5020.999999999999	1.2747559168724263e-16	1.68598185838212e-17
5021.249999999999	1.2609319303204764e-16	1.5751960700177903e-17
5021.499999999999	1.2387951265100794e-16	1.5665689071011073e-17
5021.749999999999	1.2124109972582937e-16	1.5696973041777828e-17
5021.999999999999	1.1866408258528163e-16	1.5340941271245204e-17
5022.249999999999	1.1660182315534223e-16	1.532856334055896e-17
5022.499999999998	1.153739870783855e-16	1.407320261008521e-17
5022.749999999999	1.1510567696911079e-16	1.4647413193346045e-17
5022.999999999999	1.1572229904898377e-16	1.538062608831305e-17
5023.249999999999	1.1699571277832343e-16	1.5842970419893438e-17
5023.499999999998	1.18618845426409e-16	1.5783489516405975e-17
5023.749999999999	1.2027980528516944e-16	1.5106758168025317e-17
5024.0	1.2171545506327908e-16	1.5492515501050646e-17
5024.249999999999	1.2274078276712258e-16	1.586759558672914e-17
5024.499999999998	1.2326209763040324e-16	1.5641436135451018e-17
5024.749999999999	1.2328195737628084e-16	1.5440047434796408e-17
5025.0	1.2289553470097128e-16	1.5679284611558994e-17
5025.249999999999	1.2227175261442935e-16	1.5789010119814154e-17
5025.499999999998	1.2161523800086984e-16	1.56981046248558e-17
5025.749999999999	1.2111551700484826e-16	1.477861561902553e-17
5025.999999999999	1.2089923905636433e-16	1.5173928542487073e-17
5026.249999999999	1.2100148920503225e-16	1.5896753703321636e-17
5026.499999999999	1.2136306484891517e-16	1.5807775539190532e-17
5026.749999999999	1.2184936916611376e-16	1.5535899469817828e-17
5026.999999999999	1.222820465475852e-16	1.5109347243342608e-17
5027.249999999999	1.2247789979080082e-16	1.6127411362770822e-17
5027.499999999999	1.222937009362326e-16	1.567882304477719e-17
5027.749999999999	1.2167321239757507e-16	1.5333331209609717e-17
5027.999999999999	1.2068405060229208e-16	1.6430821211455273e-17
5028.249999999999	1.1952582949717866e-16	1.506459346348104e-17
5028.499999999999	1.1849574784189488e-16	1.5200985620323682e-17
5028.749999999999	1.1791417210491377e-16	1.5160409102555506e-17
5028.999999999999	1.1803205238855554e-16	1.5034550263633113e-17
5029.249999999999	1.1895290103230171e-16	1.482033364603903e-17
5029.499999999999	1.2059805835178554e-16	1.4779647940429997e-17
5029.749999999999	1.2272697910114832e-16	1.577085185100739e-17
5029.999999999999	1.2500290958565343e-16	1.5661439017023775e-17
5030.249999999998	1.2707894905636461e-16	1.570128927021413e-17
5030.499999999999	1.286764508621653e-16	1.6115729918160348e-17
5030.749999999999	1.2963652125684594e-16	1.598013681778943e-17
5030.999999999999	1.2993921790232701e-16	1.4821116158898505e-17
5031.249999999998	1.2969533602127278e-16	1.684936963832343e-17
5031.499999999999	1.291178710682378e-16	1.5496836692570623e-17
5031.75	1.2847692191055042e-16	1.5583546727462107e-17
5031.999999999999	1.280403731076714e-16	1.6093242186027482e-17
5032.249999999998	1.280090236834875e-16	1.582341421585146e-17
5032.499999999999	1.2846589397860434e-16	1.457129107029524e-17
5032.75	1.293638123793848e-16	1.5570748589024687e-17
5032.999999999999	1.305623344837952e-16	1.6634383742759673e-17
5033.249999999999	1.3189742704105774e-16	1.6407969519852883e-17
5033.499999999999	1.3324427294720775e-16	1.5828185393624665e-17
5033.749999999999	1.3453533964197648e-16	1.542083533788925e-17
5033.999999999999	1.3572580988447182e-16	1.5155841411212988e-17
5034.249999999999	1.3673564296461617e-16	1.6101404804312155e-17
5034.499999999999	1.3741412703652434e-16	1.6699818692296292e-17
5034.749999999999	1.3755750484700601e-16	1.641827784464652e-17
5034.999999999999	1.369761112960352e-16	1.6241790589152205e-17
5035.249999999999	1.3557903850042495e-16	1.6402989892565314e-17
5035.499999999999	1.334366746087428e-16	1.6173898913196302e-17
5035.749999999999	1.3079335161797989e-16	1.631470490578753e-17
5035.999999999999	1.2802312782847595e-16	1.5623805607875063e-17
5036.249999999999	1.2554186537320832e-16	1.5562997906685065e-17
5036.499999999999	1.2370349818181717e-16	1.52944586839034e-17
5036.749999999999	1.227146373486502e-16	1.4968417173659498e-17
5036.999999999998	1.2259638894360012e-16	1.5913780389050427e-17
5037.249999999999	1.2320570525882222e-16	1.5064638131234117e-17
5037.499999999999	1.2430574863324782e-16	1.631729067238237e-17
5037.749999999999	1.2565547167601475e-16	1.6083711411009646e-17
5037.999999999998	1.270817403895441e-16	1.5806266761753235e-17
5038.249999999999	1.2850669310977468e-16	1.610147428748361e-17
5038.5	1.2992438099723316e-16	1.5631217146163538e-17
5038.749999999999	1.313442479295064e-16	1.6537462990386834e-17
5038.999999999998	1.3273357707337733e-16	1.581991855058281e-17
5039.249999999999	1.339896583418496e-16	1.6250570284173843e-17
5039.5	1.349559546764318e-16	1.6564170998004946e-17
5039.749999999999	1.3547335089047876e-16	1.6286077839148294e-17
5039.999999999999	1.3543956712146223e-16	1.715135011890939e-17
5040.249999999999	1.348466969838592e-16	1.6044516284864433e-17
5040.499999999999	1.337803310619669e-16	1.6412778747934266e-17
5040.749999999999	1.3238555833016754e-16	1.5939411407510995e-17
5040.999999999999	1.3082209224855445e-16	1.5751834968724795e-17
5041.249999999999	1.292326515189501e-16	1.6350998282343906e-17
5041.499999999999	1.2773576685807006e-16	1.5692443400743488e-17
5041.749999999999	1.2643642288535078e-16	1.5994925152780654e-17
5041.999999999999	1.254373655670478e-16	1.5338669833283134e-17
5042.249999999999	1.2483637544999977e-16	1.542025134837679e-17
5042.499999999999	1.247066549996978e-16	1.5526611885900082e-17
5042.749999999999	1.2506978965289326e-16	1.523589925961832e-17
5042.999999999999	1.258763580901123e-16	1.6253758238254622e-17
5043.249999999999	1.2700616607204584e-16	1.5827139837330398e-17
5043.499999999999	1.2829151442410436e-16	1.54695413867176e-17
5043.749999999998	1.295572797855549e-16	1.6093922128491e-17
5043.999999999999	1.3066445660555336e-16	1.6356389845576526e-17
5044.249999999999	1.3154157660127757e-16	1.5689179346046354e-17
5044.499999999999	1.3219208370030677e-16	1.6488065418566393e-17
5044.749999999998	1.3267497462367007e-16	1.5679453356403955e-17
5044.999999999999	1.3306751279791048e-16	1.6187858413213747e-17
5045.25	1.334270270354995e-16	1.5901926890872542e-17
5045.499999999999	1.3376931422929865e-16	1.5661078366276702e-17
5045.749999999998	1.3407259527254851e-16	1.6386656384189842e-17
5045.999999999999	1.343026745665473e-16	1.6294261964128894e-17
5046.25	1.3444354855177535e-16	1.6231383002685063e-17
5046.499999999999	1.3451430589123861e-16	1.5665669218676372e-17
5046.749999999998	1.3456006381712228e-16	1.594854017275113e-17
5046.999999999999	1.346187399587674e-16	1.604018351281588e-17
5047.249999999999	1.3468037870085824e-16	1.5079785462611188e-17
5047.499999999999	1.346635133263613e-16	1.5846098816970113e-17
5047.749999999999	1.3442821937697932e-16	1.6002842925604012e-17
5047.999999999999	1.3382838018530473e-16	1.5854344153316042e-17
5048.249999999999	1.3278373444665892e-16	1.6164149762496752e-17
5048.499999999999	1.313381940802899e-16	1.6234559376237266e-17
5048.749999999999	1.2967429091660326e-16	1.5435082696759865e-17
5048.999999999999	1.2807386039590582e-16	1.57987063309545e-17
5049.249999999999	1.2684012915778247e-16	1.47083168474871e-17
5049.499999999999	1.2621126832871815e-16	1.5820325523444186e-17
5049.749999999999	1.26293929776358e-16	1.5872826676922927e-17
5049.999999999999	1.2703339751429753e-16	1.5154972871569808e-17
5050.249999999999	1.282254436171642e-16	1.5449702286906127e-17
5050.499999999999	1.295682795039131e-16	1.5477925689406436e-17
5050.749999999999	1.307461622793174e-16	1.6713343095311534e-17
5050.999999999999	1.3152429098219127e-16	1.6149447454289235e-17
5051.249999999999	1.318221925599126e-16	1.6108075188771783e-17
5051.499999999998	1.3173235195558389e-16	1.6087623975307022e-17
5051.749999999999	1.3147072827136632e-16	1.4701500879239662e-17
5051.999999999999	1.3127853382412603e-16	1.5323587021993842e-17
5052.249999999999	1.3132039268983473e-16	1.5357630467284074e-17
5052.499999999998	1.3162566763753689e-16	1.581726495517774e-17
5052.749999999999	1.3209584464647302e-16	1.5849794659947e-17
5053.0	1.325673558820601e-16	1.5643861429007024e-17
5053.249999999999	1.3289537463535476e-16	1.578028998179662e-17
5053.499999999998	1.3302036505851235e-16	1.5566127958122965e-17
5053.749999999999	1.3299221255526524e-16	1.604705242062252e-17
5054.0	1.3294635404628007e-16	1.5967982225868577e-17
5054.249999999999	1.3304407423743315e-16	1.5267682847475058e-17
5054.499999999999	1.3340120124495818e-16	1.4825111441257136e-17
5054.749999999999	1.3403370093071136e-16	1.5670360987110772e-17
5054.999999999999	1.3484297291248306e-16	1.5933928854410994e-17
5055.249999999999	1.356475932109064e-16	1.6226165147381078e-17
5055.499999999999	1.3624776597998213e-16	1.565098179971988e-17
5055.749999999999	1.3649421126913698e-16	1.6057215161628347e-17
5055.999999999999	1.363329352989548e-16	1.6350407675386543e-17
5056.249999999999	1.3581167161713917e-16	1.4320428697203833e-17
5056.499999999999	1.3505376763456577e-16	1.6262420473629277e-17
5056.749999999999	1.3421917024160173e-16	1.5212870551364844e-17
5056.999999999999	1.334722080216169e-16	1.584146495117859e-17
5057.249999999999	1.3296367272999437e-16	1.6163506215980186e-17
5057.499999999999	1.3282002942394958e-16	1.566511169894351e-17
5057.749999999999	1.3312670056342143e-16	1.5465162292554743e-17
5057.999999999999	1.339003433986372e-16	1.539845348487479e-17
5058.249999999998	1.3506110118774805e-16	1.605849563721658e-17
5058.499999999999	1.3642666612723879e-16	1.504669327502539e-17
5058.749999999999	1.3774489254639649e-16	1.5128400521572154e-17
5058.999999999999	1.3876046509131667e-16	1.636325048157704e-17
5059.249999999998	1.3928735483354384e-16	1.6210465259354822e-17
5059.499999999999	1.3925039243345182e-16	1.5764457744872355e-17
5059.75	1.386755154759503e-16	1.5846520679082515e-17
5059.999999999999	1.3764017920328462e-16	1.5461115724998133e-17
5060.249999999998	1.3622051636415809e-16	1.538891112932838e-17
5060.499999999999	1.3447064400781523e-16	1.585322911385032e-17
5060.75	1.3244216331186936e-16	1.6236139291207242e-17
5060.999999999999	1.3021932369519443e-16	1.555669479041741e-17
5061.249999999999	1.2793328873647066e-16	1.5426484981472988e-17
5061.499999999999	1.257368428551933e-16	1.5297363742214686e-17
5061.749999999999	1.2375341339711823e-16	1.4487237939531276e-17
5061.999999999999	1.2203533361380293e-16	1.40859196848226e-17
5062.249999999999	1.205590988741316e-16	1.5972394407255935e-17
5062.499999999999	1.1925768097561272e-16	1.471800147809887e-17
5062.749999999999	1.180649893901417e-16	1.5497035215917636e-17
5062.999999999999	1.1694444078987557e-16	1.4894470535619708e-17
5063.249999999999	1.1589218448537986e-16	1.4528226393244504e-17
5063.499999999999	1.149274761212924e-16	1.4882474762376464e-17
5063.749999999999	1.1408919582795756e-16	1.446597774342744e-17
5063.999999999999	1.134443581816283e-16	1.50530658744645e-17
5064.249999999999	1.1309509491225394e-16	1.4976927207801444e-17
5064.499999999999	1.1316372145151483e-16	1.468431868355571e-17
5064.749999999999	1.1374849570558027e-16	1.4572502062712017e-17
5064.999999999998	1.148663189910985e-16	1.4584527614457313e-17
5065.249999999999	1.164136493202416e-16	1.4243019481119895e-17
5065.499999999999	1.181706663117705e-16	1.5587305436165548e-17
5065.749999999999	1.1985039636742275e-16	1.5221809065064092e-17
5065.999999999998	1.211708755783254e-16	1.5318944884396194e-17
5066.249999999999	1.2192047394951124e-16	1.516289560747684e-17
5066.5	1.2199604955499312e-16	1.4996943324264002e-17
5066.749999999999	1.2140996875544683e-16	1.6220355030758506e-17
5066.999999999998	1.202728234175319e-16	1.480169726683821e-17
5067.249999999999	1.1876082747008492e-16	1.5279147570765043e-17
5067.5	1.1707598547429772e-16	1.4946668940994254e-17
5067.749999999999	1.1540873844280469e-16	1.4844972047764535e-17
5067.999999999998	1.1391475491290908e-16	1.5063953225686923e-17
5068.249999999999	1.127136697960639e-16	1.4082159321757933e-17
5068.499999999999	1.1190534039659423e-16	1.564652329621822e-17
5068.749999999999	1.1158602649727164e-16	1.4826610292527082e-17
5068.999999999999	1.118447054197285e-16	1.4732864259345223e-17
5069.249999999999	1.127334169230744e-16	1.44719847290358e-17
5069.499999999999	1.1422663612179107e-16	1.408108564132284e-17
5069.749999999999	1.1619639724958535e-16	1.5495443720419084e-17
5069.999999999999	1.1842215351406942e-16	1.5228883113662646e-17
5070.249999999999	1.2063326025271835e-16	1.5539479507508957e-17
5070.499999999999	1.2256442937455957e-16	1.5310145337039855e-17
5070.749999999999	1.2400317359552226e-16	1.5153550120916216e-17
5070.999999999999	1.24820006599909e-16	1.550343263077512e-17
5071.249999999999	1.2498337103896405e-16	1.5959185987234688e-17
5071.499999999999	1.2456235515915717e-16	1.5583023949314974e-17
5071.749999999998	1.2371427739513513e-16	1.5334995497002173e-17
5071.999999999999	1.226522064499193e-16	1.5085312683464267e-17
5072.249999999999	1.2159519079151584e-16	1.4908588854314763e-17
5072.499999999999	1.2071571238147673e-16	1.488147221947405e-17
5072.749999999998	1.2010384778561852e-16	1.5044744437502216e-17
5072.999999999999	1.1976044160340443e-16	1.5752981441053794e-17
5073.249999999999	1.196175680042947e-16	1.4809213029883867e-17
5073.499999999999	1.1957359853612502e-16	1.491004634655408e-17
5073.749999999998	1.1952791263067047e-16	1.526996752032693e-17
5073.999999999999	1.194054017829679e-16	1.524159191659391e-17
5074.25	1.191678850262361e-16	1.533913801750984e-17
5074.499999999999	1.1881464031829054e-16	1.3810988010267124e-17
5074.749999999998	1.1837606842655695e-16	1.537348255654304e-17
5074.999999999999	1.1790369231012695e-16	1.5557088528388986e-17
5075.249999999999	1.1745834446556014e-16	1.502076612590553e-17
5075.499999999999	1.170980861790168e-16	1.470765013991338e-17
5075.749999999999	1.1686866095569908e-16	1.4457250987965004e-17
5075.999999999999	1.1679938569424106e-16	1.5677259673419465e-17
5076.249999999999	1.169040439937851e-16	1.5322185778036177e-17
5076.499999999999	1.1718141491925265e-16	1.4817651926493133e-17
5076.749999999999	1.1760909489706193e-16	1.4704536632087732e-17
5076.999999999999	1.181306633533929e-16	1.489421245526859e-17
5077.249999999999	1.1864577665527183e-16	1.4765466756008388e-17
5077.499999999999	1.1901657397465352e-16	1.501702726953679e-17
5077.749999999999	1.1909685881976595e-16	1.535038105639566e-17
5077.999999999999	1.18776860548945e-16	1.525828442135523e-17
5078.249999999999	1.1802589735611006e-16	1.4948376241778563e-17
5078.499999999999	1.1691493975292138e-16	1.4873117695287264e-17
5078.749999999999	1.1560994142370217e-16	1.542154175013237e-17
5078.999999999999	1.1433838031886874e-16	1.4220702148193215e-17
5079.249999999999	1.133394594799162e-16	1.4621707728630347e-17
5079.499999999998	1.1281116088034021e-16	1.4666441656157215e-17
5079.749999999999	1.1286676543829609e-16	1.444118879483045e-17
5079.999999999999	1.1351117991663442e-16	1.4352781385322007e-17
5080.249999999999	1.146440167820459e-16	1.4483887858050437e-17
5080.499999999998	1.1609066563836728e-16	1.5487927957373427e-17
5080.749999999999	1.1765470098979136e-16	1.460716093037799e-17
5081.0	1.1917677261963163e-16	1.495565212244658e-17
5081.249999999999	1.205794448761133e-16	1.550031250550457e-17
5081.499999999998	1.2187873672476107e-16	1.540669220377582e-17
5081.749999999999	1.2315419061193954e-16	1.5274793292020564e-17
5082.0	1.2448909690599256e-16	1.427545654166055e-17
5082.249999999999	1.2591177515537055e-16	1.458254072662596e-17
5082.499999999999	1.2737318268880336e-16	1.510282906011569e-17
5082.749999999999	1.287771634479257e-16	1.5766931014903888e-17
5082.999999999999	1.3004538995422556e-16	1.6121119827031744e-17
5083.249999999999	1.3117268663581743e-16	1.5199713416541576e-17
5083.499999999999	1.3223129956122698e-16	1.461038528040572e-17
5083.749999999999	1.3331571222563154e-16	1.540839950456013e-17
5083.999999999999	1.34460414489522e-16	1.5198083870734846e-17
5084.249999999999	1.3558296251246968e-16	1.5381315956943918e-17
5084.499999999999	1.3649046231444716e-16	1.6079289303454937e-17
5084.749999999999	1.3695030284138262e-16	1.531380809279224e-17
5084.999999999999	1.3679009740905554e-16	1.6082811438503188e-17
5085.249999999999	1.3597785697977025e-16	1.5454344424503774e-17
5085.499999999999	1.3464616988691618e-16	1.545285880812363e-17
5085.749999999999	1.3305299461057299e-16	1.5125057057536215e-17
5085.999999999999	1.3150018518481178e-16	1.448456945487518e-17
5086.249999999998	1.302456063209409e-16	1.52780771990524e-17
5086.499999999999	1.2944181060932487e-16	1.507660743469776e-17
5086.749999999999	1.2911847961238315e-16	1.5211788599123625e-17
5086.999999999999	1.292063326263219e-16	1.4967092030318188e-17
5087.249999999998	1.295851272634843e-16	1.5125702258414006e-17
5087.499999999999	1.301316674055612e-16	1.5697179836930967e-17
5087.75	1.3074719262065516e-16	1.5637942124543594e-17
5087.999999999999	1.3135629999603507e-16	1.49189104139982e-17
5088.249999999998	1.3188716302470354e-16	1.457185851619545e-17
5088.499999999999	1.3225556871732983e-16	1.4986649888721392e-17
5088.75	1.323732235931586e-16	1.573305135137494e-17
5088.999999999999	1.32182845116971e-16	1.6042713031129068e-17
5089.249999999998	1.3170077425665665e-16	1.5233379667472484e-17
5089.499999999999	1.3103878068689398e-16	1.5480284808513437e-17
5089.749999999999	1.3038756312757305e-16	1.4773131411564304e-17
5089.999999999999	1.299664050800865e-16	1.515197682339114e-17
5090.249999999999	1.2996040521395857e-16	1.5508177338768725e-17
5090.499999999999	1.304694169194748e-16	1.5266890408448232e-17
5090.749999999999	1.314836578940107e-16	1.5040451370123066e-17
5090.999999999999	1.3288855634458357e-16	1.4672154165467506e-17
5091.249999999999	1.3449174571449173e-16	1.636120899982526e-17
5091.499999999999	1.360600951846096e-16	1.6072197056882908e-17
5091.749999999999	1.3735531134737135e-16	1.5340133942967353e-17
5091.999999999999	1.3816242644134784e-16	1.5392719468868574e-17
5092.249999999999	1.3831316566858106e-16	1.590276565201367e-17
5092.499999999999	1.3770904189211998e-16	1.6056134863748353e-17
5092.749999999999	1.3634373835295002e-16	1.5896374854601086e-17
5092.999999999998	1.34315659803289e-16	1.5719184495586102e-17
5093.249999999999	1.3181848632957367e-16	1.5354148036905226e-17
5093.499999999999	1.2910502078556026e-16	1.5012421527886094e-17
5093.749999999999	1.2643273862137131e-16	1.5121541539932864e-17
5093.999999999998	1.2400881296837153e-16	1.4869317627553195e-17
5094.249999999999	1.2195245528993687e-16	1.505415113542817e-17
5094.5	1.202848432114418e-16	1.4741996333307808e-17
5094.749999999999	1.1894708996531055e-16	1.4602603165202822e-17
5094.999999999998	1.1783810984830597e-16	1.5044284525081637e-17
5095.249999999999	1.168579072709703e-16	1.5685433872232714e-17
5095.5	1.159394818342924e-16	1.4177781400569063e-17
5095.749999999999	1.1505677858580393e-16	1.465590999259819e-17
5095.999999999998	1.1420755568195345e-16	1.4328506943066026e-17
5096.249999999999	1.1338394735847442e-16	1.4619866424586804e-17
5096.499999999999	1.1255171234736026e-16	1.50569470058986e-17
5096.749999999999	1.1165561302600594e-16	1.3916493243037038e-17
5096.999999999999	1.1065336056779565e-16	1.4775014074638475e-17
5097.249999999999	1.095615783135816e-16	1.4473074953083144e-17
5097.499999999999	1.0848506850893598e-16	1.4819817485336797e-17
5097.749999999999	1.0760425268950964e-16	1.423302217623658e-17
5097.999999999999	1.0711623665870381e-16	1.3235941147406998e-17
5098.249999999999	1.0715269967185367e-16	1.3844547554899013e-17
5098.499999999999	1.0771590102893323e-16	1.3643142310632152e-17
5098.749999999999	1.0866923902864094e-16	1.451584184511336e-17
5098.999999999999	1.097914204252232e-16	1.4785899771499673e-17
5099.249999999999	1.1086917806121672e-16	1.4911232523552482e-17
5099.499999999999	1.1178279263434275e-16	1.486360346388168e-17
5099.749999999999	1.1254339626184463e-16	1.444683678405296e-17
5099.999999999999	1.1326683615729727e-16	1.4524419708065535e-17
5100.249999999999	1.1410012640110105e-16	1.437474964803019e-17
5100.499999999999	1.1513703788880506e-16	1.49169665395587e-17
5100.749999999998	1.163613363102633e-16	1.4874500741271453e-17
5100.999999999999	1.176419953661355e-16	1.4381142099804e-17
5101.249999999999	1.18782092336139e-16	1.454704640654131e-17
5101.499999999999	1.1960034117105228e-16	1.5409852033715772e-17
5101.749999999998	1.2000937484503002e-16	1.520158780780962e-17
5101.999999999999	1.2005486004342715e-16	1.5172054151219028e-17
5102.25	1.1989729849080407e-16	1.4495544487242534e-17
5102.499999999999	1.1974722870803223e-16	1.398526007608102e-17
5102.749999999998	1.1978835812350828e-16	1.4790268939495178e-17
5102.999999999999	1.2012625751873103e-16	1.4395917199905422e-17
5103.25	1.2078017008173798e-16	1.5649489565894834e-17
5103.499999999999	1.2170707427963992e-16	1.502586321284008e-17
5103.749999999999	1.2283161257104119e-16	1.4630176403741665e-17
5103.999999999999	1.2406226056128693e-16	1.475304250320784e-17
5104.249999999999	1.2529451839729404e-16	1.4736500545318006e-17
5104.499999999999	1.2641657709632027e-16	1.593521098436045e-17
5104.749999999999	1.2732978843047941e-16	1.4809133620545062e-17
5104.999999999999	1.2797943720719013e-16	1.5233679106854228e-17
5105.249999999999	1.2837557885639585e-16	1.524111876928353e-17
5105.499999999999	1.2858289653862708e-16	1.5111623644388354e-17
5105.749999999999	1.286747927425028e-16	1.5561492437970218e-17
5105.999999999999	1.2867111672100715e-16	1.4250247385312384e-17
5106.249999999999	1.284955106973558e-16	1.503223912100164e-17
5106.499999999999	1.2798458567740637e-16	1.5309634139421297e-17
5106.749999999999	1.2695558412794464e-16	1.549420791258393e-17
5106.999999999999	1.2530443140946355e-16	1.5630811827663387e-17
5107.249999999999	1.2308383248488404e-16	1.543351932540214e-17
5107.499999999998	1.2051741702849723e-16	1.429348411593053e-17
5107.749999999999	1.1793919187028845e-16	1.4814692274261418e-17
5107.999999999999	1.1568763828512024e-16	1.3533009829515617e-17
5108.249999999999	1.140056303097895e-16	1.4140948702253302e-17
5108.499999999998	1.1298848040979615e-16	1.4913740535169743e-17
5108.749999999999	1.125917335482264e-16	1.4175306476176305e-17
5109.0	1.126796255437113e-16	1.5150289374941532e-17
5109.249999999999	1.1308285334552233e-16	1.3727584216284015e-17
5109.499999999998	1.1364252383899433e-16	1.4431927680692306e-17
5109.749999999999	1.1423370718354185e-16	1.482853431463188e-17
5110.0	1.1477369431853562e-16	1.4845890218244468e-17
5110.249999999999	1.1522213878947067e-16	1.475678466829903e-17
5110.499999999998	1.1557758440331336e-16	1.3681382043169866e-17
5110.749999999999	1.1587225716642818e-16	1.4988337337171e-17
5110.999999999999	1.1616515704236178e-16	1.4690997339821464e-17
5111.249999999999	1.1653154654412243e-16	1.471551993626121e-17
5111.499999999999	1.1704577351434777e-16	1.476776135502761e-17
5111.749999999999	1.177575213181113e-16	1.4420583725771754e-17
5111.999999999999	1.1866818645454645e-16	1.4429040820354496e-17
5112.249999999999	1.1971884110396214e-16	1.457738573704853e-17
5112.499999999999	1.207983416986041e-16	1.500882990966639e-17
5112.749999999999	1.2176984964736202e-16	1.5060220986763083e-17
5112.999999999999	1.2250363155257813e-16	1.4985261879653528e-17
5113.249999999999	1.2290187548406482e-16	1.503842808634476e-17
5113.499999999999	1.2290885980702154e-16	1.488671158147396e-17
5113.749999999999	1.225108832725537e-16	1.4304482309355036e-17
5113.999999999999	1.2173525700114638e-16	1.5251618999979278e-17
5114.249999999998	1.206524238405804e-16	1.5012755708853566e-17
5114.499999999999	1.1937566584922252e-16	1.482954843806287e-17
5114.749999999999	1.180491963410664e-16	1.4907293489475505e-17
5114.999999999999	1.1682326745205951e-16	1.3071481098019205e-17
5115.249999999998	1.1582763752075e-16	1.5027247913185495e-17
5115.499999999999	1.1515939265110531e-16	1.440011265997229e-17
5115.75	1.1489079657170362e-16	1.5093584489589797e-17
5115.999999999999	1.150845107072042e-16	1.498879394086913e-17
5116.249999999998	1.157937145091039e-16	1.3796341123160648e-17
5116.499999999999	1.1703363132591158e-16	1.4496396483273464e-17
5116.75	1.1873435223536753e-16	1.4836020299175486e-17
5116.999999999999	1.2070549254796784e-16	1.3943222757351077e-17
5117.249999999998	1.2264478099089778e-16	1.4648903772809865e-17
5117.499999999999	1.2420214957919064e-16	1.559546474572777e-17
5117.749999999999	1.2507996405172358e-16	1.5640757847348725e-17
5117.999999999999	1.2512781915381363e-16	1.4853535021465684e-17
5118.249999999999	1.243899816130716e-16	1.4901364258844725e-17
5118.499999999999	1.2308472838023152e-16	1.5089041613665656e-17
5118.749999999999	1.2152511276274636e-16	1.4799343110814884e-17
5118.999999999999	1.2001473907583842e-16	1.4497716663531098e-17
5119.249999999999	1.1876014124130698e-16	1.4408262043367164e-17
5119.499999999999	1.17832051092673e-16	1.4418290781113757e-17
5119.749999999999	1.171856700545989e-16	1.4949396982654454e-17
5119.999999999999	1.167238231332817e-16	1.4677946084116602e-17
5120.249999999999	1.1636798933091613e-16	1.530103973285687e-17
5120.499999999999	1.1610087140234111e-16	1.4767627351768376e-17
5120.749999999999	1.1596275011828564e-16	1.3778418600828462e-17
5120.999999999999	1.1601164178193343e-16	1.4682884352373544e-17
5121.249999999999	1.162769902557079e-16	1.3882092455722183e-17
5121.499999999999	1.167360359483273e-16	1.4973166844736778e-17
5121.749999999999	1.1732379815796012e-16	1.452264292410977e-17
5121.999999999998	1.179665077028869e-16	1.4496226084067278e-17
5122.249999999999	1.1861781091617543e-16	1.4948516862482697e-17
5122.499999999999	1.192803642427129e-16	1.4712384921739635e-17
5122.749999999999	1.2000560004456931e-16	1.4354232260116425e-17
5122.999999999998	1.2087299467119327e-16	1.4893903089719496e-17
5123.249999999999	1.2195434574411481e-16	1.476004375991249e-17
5123.5	1.2327073470173477e-16	1.4656553539114756e-17
5123.749999999999	1.247532665588922e-16	1.478383181996829e-17
5123.999999999998	1.262225449202068e-16	1.4897635328643336e-17
5124.249999999999	1.274023286158936e-16	1.446734920888305e-17
5124.5	1.2797563496126802e-16	1.489612324248359e-17
5124.749999999999	1.2767595259388682e-16	1.544060826325172e-17
5124.999999999999	1.263873697003086e-16	1.5164938743589847e-17
5125.249999999999	1.2421497411792095e-16	1.495528650861583e-17
5125.499999999999	1.214903629320092e-16	1.5357319447373754e-17
5125.749999999999	1.1869918321025253e-16	1.3539240981069979e-17
5125.999999999999	1.163502116409113e-16	1.4097581277098372e-17
5126.249999999999	1.1483291379047818e-16	1.4101723797606038e-17
5126.499999999999	1.143179537801028e-16	1.406035318644981e-17
5126.749999999999	1.1473740305059823e-16	1.4160117785768606e-17
5126.999999999999	1.1584647272871054e-16	1.4542427430000814e-17
5127.249999999999	1.173333423119348e-16	1.5535143426737954e-17
5127.499999999999	1.1892578725335836e-16	1.446996640834117e-17
5127.749999999999	1.2045145635712514e-16	1.470865764589947e-17
5127.999999999999	1.218373572850758e-16	1.4560299494315635e-17
5128.249999999999	1.2306647618624903e-16	1.450804649502066e-17
5128.499999999999	1.2412699841346107e-16	1.488512670342031e-17
5128.749999999998	1.2498427068881952e-16	1.4519559194786173e-17
5128.999999999999	1.2558455667664192e-16	1.565368998904538e-17
5129.249999999999	1.2587877100862933e-16	1.474867498957356e-17
5129.499999999999	1.258465099022213e-16	1.4280214484543955e-17
5129.749999999998	1.25506419575033e-16	1.4769402481362915e-17
5129.999999999999	1.2491008069660091e-16	1.5388249384838337e-17
5130.25	1.2412458277284287e-16	1.4792503981510296e-17
5130.499999999999	1.2321176175208222e-16	1.4473859120303844e-17
5130.749999999998	1.222119304798263e-16	1.445384465820251e-17
5130.999999999999	1.2113816780333493e-16	1.4949650099921895e-17
5131.25	1.1998264414188038e-16	1.5035650413847808e-17
5131.499999999999	1.187300299453839e-16	1.4633232008924436e-17
5131.749999999998	1.1736925022613066e-16	1.4736419481617976e-17
5131.999999999999	1.1589808438481118e-16	1.4481914205108885e-17
5132.249999999999	1.1432320807091413e-16	1.4675889713113795e-17
5132.499999999999	1.126631671330586e-16	1.427912095177416e-17
5132.749999999999	1.1095789964810021e-16	1.472409945357461e-17
5132.999999999999	1.0927911254418199e-16	1.5194596477272323e-17
5133.249999999999	1.0773145661040287e-16	1.3421177492240285e-17
5133.499999999999	1.0644077713405356e-16	1.4407582100903645e-17
5133.749999999999	1.0553728211038514e-16	1.3769962333426332e-17
5133.999999999999	1.0514573618854952e-16	1.4099594634709326e-17
5134.249999999999	1.0538516350224245e-16	1.4636565546793024e-17
5134.499999999999	1.0636517504248241e-16	1.4435155339442488e-17
5134.749999999999	1.0816093400109076e-16	1.3216895313802964e-17
5134.999999999999	1.1076312512773645e-16	1.3765041435962254e-17
5135.249999999999	1.1402455693239054e-16	1.4234396950414643e-17
5135.499999999998	1.1764074925889366e-16	1.4660004536630327e-17
5135.749999999999	1.2119265279765878e-16	1.49914343013844e-17
5135.999999999999	1.2424774782972688e-16	1.5398081253599142e-17
5136.249999999999	1.26480900631685e-16	1.5865244739428266e-17
5136.499999999998	1.2776128710270987e-16	1.4939336812044584e-17
5136.749999999999	1.2816708970288506e-16	1.5036490829350162e-17
5137.0	1.2792665792892724e-16	1.4528577117824227e-17
5137.249999999999	1.2732082622228141e-16	1.4682480688234618e-17
5137.499999999998	1.265943309698541e-16	1.5108083311366627e-17
5137.749999999999	1.2590887142713885e-16	1.4978275512199905e-17
5138.0	1.253395783823799e-16	1.527598112338019e-17
5138.249999999999	1.2489328441588712e-16	1.4738254168216618e-17
5138.499999999998	1.245257916134068e-16	1.4526954189462398e-17
5138.749999999999	1.2415218987029224e-16	1.423373851464705e-17
5138.999999999999	1.2366149802690103e-16	1.4660560402001963e-17
5139.249999999999	1.2294802266703483e-16	1.5701724367216333e-17
5139.499999999999	1.2195650234894418e-16	1.4547122507157665e-17
5139.749999999999	1.207206107729895e-16	1.4893458066549943e-17
5139.999999999999	1.1937077379629397e-16	1.4259445633723974e-17
5140.249999999999	1.181013586817478e-16	1.423600995260912e-17
5140.499999999999	1.17108479580643e-16	1.456304573394931e-17
5140.749999999999	1.1652354477008673e-16	1.4537509014078574e-17
5140.999999999999	1.1636746315639917e-16	1.4114455761594454e-17
5141.249999999999	1.1654011855453732e-16	1.469017015920891e-17
5141.499999999999	1.1684710166732452e-16	1.4173453591604186e-17
5141.749999999999	1.1705499879000403e-16	1.4588175480958672e-17
5141.999999999999	1.1695853858710744e-16	1.4937755242713383e-17
5142.249999999998	1.1643862013038158e-16	1.4694211763681845e-17
5142.499999999999	1.154930113419914e-16	1.4949200113668666e-17
5142.749999999999	1.1423280571023095e-16	1.414699704689229e-17
5142.999999999999	1.1285252847765653e-16	1.440195561837706e-17
5143.249999999998	1.1159037294004097e-16	1.422852562242674e-17
5143.499999999999	1.1069160763550657e-16	1.4325937720083436e-17
5143.749999999999	1.1037685018962322e-16	1.4467460051085134e-17
5143.999999999999	1.1080934407723081e-16	1.3305579001636e-17
5144.249999999998	1.1205942480441936e-16	1.409543226186696e-17
5144.499999999999	1.1407620706402425e-16	1.3649749002184613e-17
5144.75	1.1668356811749397e-16	1.470442578988565e-17
5144.999999999999	1.1961000735886527e-16	1.4885338461657122e-17
5145.249999999998	1.225436894830061e-16	1.4493286284170264e-17
5145.499999999999	1.2518872438788168e-16	1.5597698133381664e-17
5145.749999999998	1.272998361864536e-16	1.475169750753183e-17
5145.999999999999	1.2869037419040355e-16	1.4793213702475867e-17
5146.249999999999	1.2922979798289498e-16	1.499049462420854e-17
5146.499999999999	1.2885459093026038e-16	1.5061984535829046e-17
5146.749999999999	1.2760330035471798e-16	1.522304321853802e-17
5146.999999999999	1.2566029232998034e-16	1.556205988387043e-17
5147.249999999999	1.2337281578167774e-16	1.4751002675817286e-17
5147.499999999999	1.2120865608758939e-16	1.4513672977547246e-17
5147.749999999999	1.1964910187169127e-16	1.3956282284862064e-17
5147.999999999999	1.1904921533387064e-16	1.3878619951510685e-17
5148.249999999999	1.19521420596045e-16	1.4136296638488304e-17
5148.499999999999	1.2089372855137715e-16	1.4275195152586983e-17
5148.749999999999	1.2276217674383156e-16	1.513401046048649e-17
5148.999999999999	1.246162547086929e-16	1.466545565686705e-17
5149.249999999999	1.259881154845949e-16	1.5532489831332884e-17
5149.499999999999	1.265734417353551e-16	1.4893467992717293e-17
5149.749999999999	1.2629094952080127e-16	1.4499462014623585e-17
5149.999999999998	1.2527466609375585e-16	1.5673249501809808e-17
5150.249999999999	1.23814795850273e-16	1.4357704764327923e-17
5150.499999999999	1.2227278964714964e-16	1.4726840730124612e-17
5150.749999999999	1.2099582262326734e-16	1.4234832047416846e-17
5150.999999999998	1.2025022917377119e-16	1.4349060726926743e-17
5151.249999999999	1.201853632509392e-16	1.4622328114089762e-17
5151.5	1.2083051856297145e-16	1.442637564442085e-17
5151.749999999999	1.2211836111840686e-16	1.4138240512927803e-17
5151.999999999998	1.239210281063798e-16	1.4840111534485173e-17
5152.249999999999	1.260827133964219e-16	1.4691253765811355e-17
5152.5	1.2843756141277175e-16	1.4915419711813226e-17
5152.749999999999	1.3081278047034541e-16	1.5010231153624054e-17
5152.999999999999	1.3302829981018335e-16	1.488062022344312e-17
5153.249999999999	1.3490744778831175e-16	1.527397603757536e-17
5153.499999999999	1.363039151704746e-16	1.5171071460651315e-17
5153.749999999999	1.3713415445621112e-16	1.5857626405986652e-17
5153.999999999999	1.3739458287023837e-16	1.5100688316690403e-17
5154.249999999999	1.371496698041836e-16	1.481746332931347e-17
5154.499999999999	1.3649660081203386e-16	1.5227816050672452e-17
5154.749999999999	1.3552918117220185e-16	1.4658075551441853e-17
5154.999999999999	1.3432302681982224e-16	1.60416476225001e-17
5155.249999999999	1.329464238750656e-16	1.4723421165472317e-17
5155.499999999999	1.3148188057819945e-16	1.492584715061507e-17
5155.749999999999	1.300377277587637e-16	1.486766988377299e-17
5155.999999999999	1.2873928654717547e-16	1.4376986344406534e-17
5156.249999999999	1.2770336084091078e-16	1.4841621966283695e-17
5156.499999999999	1.2700698205913494e-16	1.5531373137505937e-17
5156.749999999998	1.2666073862826006e-16	1.4231860814656555e-17
5156.999999999999	1.265953973007407e-16	1.4090409621187537e-17
5157.249999999999	1.2667096509229112e-16	1.497319000579393e-17
5157.499999999999	1.2671435192401858e-16	1.5539082460814932e-17
5157.749999999998	1.265800759475219e-16	1.4951830548016585e-17
5157.999999999999	1.2621223447956916e-16	1.4662919521108964e-17
5158.25	1.2567812264848176e-16	1.5251721570375235e-17
5158.499999999999	1.251538244977553e-16	1.409543226186696e-17
5158.749999999998	1.248656235423635e-16	1.4193681466303558e-17
5158.999999999999	1.250130865912312e-16	1.478054625857523e-17
5159.25	1.257063027734899e-16	1.4430978077349095e-17
5159.499999999999	1.2693852022604352e-16	1.4404979790696553e-17
5159.749999999998	1.285955896289618e-16	1.4364014498040477e-17
5159.999999999999	1.3048811943678545e-16	1.470491548080828e-17
5160.249999999999	1.3238883881957939e-16	1.478950462460918e-17
5160.499999999999	1.3406560169980014e-16	1.506881870204996e-17
5160.749999999999	1.3531121266397007e-16	1.531753040554873e-17
5160.999999999999	1.3597578099509258e-16	1.4262858580931367e-17
5161.249999999999	1.3600134833483751e-16	1.601458392721859e-17
5161.499999999999	1.3544707480857523e-16	1.5078806080765925e-17
5161.749999999999	1.3448710033059937e-16	1.5059344175313777e-17
5161.999999999999	1.3337052925119192e-16	1.4966822369438496e-17
5162.249999999999	1.323515606546621e-16	1.4383378796180343e-17
5162.499999999999	1.3161596402835107e-16	1.4776501345379845e-17
5162.749999999999	1.312348155354264e-16	1.482071911220448e-17
5162.999999999999	1.3116362375642526e-16	1.5022696765455228e-17
5163.249999999999	1.3128201006891875e-16	1.487861844636074e-17
5163.499999999998	1.3144973980158506e-16	1.494036913344905e-17
5163.749999999999	1.3154971838063845e-16	1.5243267784514943e-17
5163.999999999999	1.3150009289278693e-16	1.5260122416676323e-17
5164.249999999999	1.3123894074166297e-16	1.4381883253632848e-17
5164.499999999998	1.3070345015590466e-16	1.4752913463032283e-17
5164.749999999999	1.2982905432038191e-16	1.4668767688039714e-17
5164.999999999999	1.2857906508890177e-16	1.4787456525412497e-17
5165.249999999999	1.2699058038215532e-16	1.501494112003193e-17
5165.499999999998	1.2520479338049809e-16	1.475887081780389e-17
5165.749999999999	1.2345325867764873e-16	1.4110493566460325e-17
5166.0	1.219961352000502e-16	1.4519999254872052e-17
5166.249999999999	1.2103851545271757e-16	1.3779158100296084e-17
5166.499999999998	1.2066603234609276e-16	1.368416633311172e-17
5166.749999999999	1.2083032496777772e-16	1.462354903267389e-17
5166.999999999998	1.213853895899615e-16	1.5404174265991208e-17
5167.249999999999	1.2214757066110554e-16	1.3783567800141604e-17
5167.499999999999	1.2294377250025351e-16	1.4792957276485975e-17
5167.749999999999	1.2362859588701562e-16	1.4553625801133557e-17
5167.999999999999	1.2407806391950347e-16	1.4131596598247778e-17
5168.249999999999	1.241846306978182e-16	1.4373876145303334e-17
5168.499999999999	1.2387293215371392e-16	1.520038839592142e-17
5168.749999999999	1.231335851366135e-16	1.545926780350969e-17
5168.999999999999	1.2205186291064602e-16	1.4307622286960287e-17
5169.249999999999	1.208060757160252e-16	1.430500508750217e-17
5169.499999999999	1.1962849763327917e-16	1.431587589511234e-17
5169.749999999999	1.1874499889506008e-16	1.42235807367249e-17
5169.999999999999	1.1832028418539648e-16	1.4295280752220996e-17
5170.249999999999	1.1842736060346293e-16	1.4644572655122538e-17
5170.499999999999	1.1904245793896348e-16	1.4278636223935204e-17
5170.749999999999	1.2005582699369989e-16	1.3645172211855357e-17
5170.999999999999	1.2129159016443774e-16	1.4150352091456805e-17
5171.249999999998	1.225385555205772e-16	1.4496699231377658e-17
5171.499999999999	1.2359549426306747e-16	1.4502980840949386e-17
5171.749999999999	1.243240111281811e-16	1.496277083879821e-17
5171.999999999999	1.2468901022619723e-16	1.473471383519489e-17
5172.249999999998	1.2476532541296485e-16	1.417693767634426e-17
5172.499999999999	1.2470477300510733e-16	1.4352625875366847e-17
5172.75	1.2468059830970205e-16	1.431514963053452e-17
5172.999999999999	1.2483856562202943e-16	1.4218372807588265e-17
5173.249999999998	1.2527539996597959e-16	1.47204085736814e-17
5173.499999999999	1.2604242304201236e-16	1.5178792364488885e-17
5173.75	1.2715313350359331e-16	1.4680384612562408e-17
5173.999999999999	1.2857357021559774e-16	1.4259442325001523e-17
5174.249999999999	1.301938509059702e-16	1.4697829851681152e-17
5174.499999999999	1.3180288961939166e-16	1.5011738276700125e-17
5174.749999999999	1.3309749755535858e-16	1.4593085625074787e-17
5174.999999999999	1.3374358201723224e-16	1.52149103787554e-17
5175.249999999999	1.334787840162526e-16	1.5763638836065927e-17
5175.499999999999	1.3221951584817866e-16	1.5219085986487568e-17
5175.749999999999	1.301256224580746e-16	1.5091235296650147e-17
5175.999999999999	1.2758825077042297e-16	1.502429156967623e-17
5176.249999999999	1.251356340273217e-16	1.4402382443573137e-17
5176.499999999999	1.232855188547793e-16	1.3409502665074712e-17
5176.749999999999	1.2239705937891242e-16	1.4038634732286618e-17
5176.999999999999	1.2257735954562356e-16	1.445545435167454e-17
5177.249999999999	1.236755239125573e-16	1.4358933954718176e-17
5177.499999999999	1.2535920052498964e-16	1.4733827097578234e-17
5177.749999999999	1.2723420104863244e-16	1.5345819982498042e-17
5177.999999999998	1.2895471913886247e-16	1.4853849350098454e-17
5178.249999999999	1.3028614618015521e-16	1.4991244049843512e-17
5178.499999999999	1.3111409142895046e-16	1.4385071207713627e-17
5178.749999999999	1.3142171265921711e-16	1.517874273365213e-17
5178.999999999998	1.3126594955146138e-16	1.5195390570660374e-17
5179.249999999999	1.307694768524544e-16	1.461809294935349e-17
5179.5	1.3012197204011943e-16	1.5111061161571818e-17
5179.749999999999	1.2956964443465647e-16	1.406715426544622e-17
5179.999999999998	1.2937608612281975e-16	1.4730910458738372e-17
5180.249999999999	1.2975655017479752e-16	1.4426344211557573e-17
5180.5	1.3080815459385295e-16	1.4446714361322304e-17
5180.749999999999	1.324668053309598e-16	1.4708937232946514e-17
5180.999999999998	1.3451278754023904e-16	1.4692924670648712e-17
5181.249999999999	1.3662591009936458e-16	1.5543641880351324e-17
5181.499999999999	1.3846893825038838e-16	1.4529774875351203e-17
5181.749999999999	1.397663840496279e-16	1.5413686843035568e-17
5181.999999999999	1.4035079670694064e-16	1.5430751579072537e-17
5182.249999999999	1.40168446084752e-16	1.465374608811575e-17
5182.499999999999	1.3925912413381978e-16	1.4289062008375822e-17
5182.749999999999	1.377361145618211e-16	1.492584715061507e-17
5182.999999999999	1.3578370904741635e-16	1.498116402689894e-17
5183.249999999999	1.336666881204192e-16	1.523985483730755e-17
5183.499999999999	1.3172635858415031e-16	1.4665796455279423e-17
5183.749999999999	1.3033781104205514e-16	1.3841069260423228e-17
5183.999999999999	1.298249272613914e-16	1.3691651490474712e-17
5184.249999999999	1.3035914146231636e-16	1.4504645128341842e-17
5184.499999999999	1.318849659424873e-16	1.4740391602919455e-17
5184.749999999998	1.3410894145670746e-16	1.4386613072375426e-17
5184.999999999999	1.3656300723939294e-16	1.5194528648462093e-17
5185.249999999999	1.3872209286539614e-16	1.5548695953894023e-17
5185.499999999999	1.4013474008769218e-16	1.54465441113274e-17
5185.749999999998	1.4052393320292052e-16	1.6001383779003468e-17
5185.999999999999	1.3983270748986696e-16	1.4528790530422265e-17
5186.249999999999	1.3821466559215297e-16	1.500306942388057e-17
5186.499999999999	1.359878517760541e-16	1.5324066786749123e-17
5186.749999999998	1.335722723490401e-16	1.512948743689705e-17
5186.999999999999	1.314203111144427e-16	1.4875681955186178e-17
5187.25	1.2993974105210832e-16	1.4992618824021575e-17
5187.499999999999	1.2941204778211936e-16	1.443427191054828e-17
5187.749999999998	1.299226148424436e-16	1.461932710282742e-17
5187.999999999999	1.313301931987979e-16	1.433389023449252e-17
5188.249999999998	1.3329750072498856e-16	1.4971047608007417e-17
5188.499999999999	1.3538160327821138e-16	1.5401894556223012e-17
5188.749999999999	1.3715475094577261e-16	1.496929563947003e-17
5188.999999999999	1.3831100339619627e-16	1.5596505338938363e-17
5189.249999999999	1.387209900642269e-16	1.5068891493943864e-17
5189.499999999999	1.384222830021358e-16	1.5236029954155104e-17
5189.749999999999	1.3756171539307536e-16	1.490590878913009e-17
5189.999999999999	1.3632347341766597e-16	1.4841499543553037e-17
5190.249999999999	1.348757095350259e-16	1.5192736975255304e-17
5190.499999999999	1.3335209270057709e-16	1.4620693605199357e-17
5190.749999999999	1.3186343664619056e-16	1.5162606094262447e-17
5190.999999999999	1.3051968690739682e-16	1.4353630072630486e-17
5191.249999999999	1.2944074962307331e-16	1.4645441194765718e-17
5191.499999999999	1.2874448726255213e-16	1.460488949241592e-17
5191.749999999999	1.2851503291657535e-16	1.4156974499440904e-17
5191.999999999999	1.2876581569772734e-16	1.4618946599745645e-17
5192.249999999999	1.294151480750105e-16	1.4429399816740344e-17
5192.499999999998	1.3028813381117095e-16	1.4464007399208337e-17
5192.749999999999	1.3114950847368785e-16	1.4492493845143438e-17
5192.999999999999	1.3176047372919173e-16	1.5251079678219894e-17
5193.249999999999	1.3194166851359288e-16	1.5698754788817268e-17
5193.499999999998	1.3161943749458206e-16	1.4796236220434135e-17
5193.749999999999	1.3083817213124296e-16	1.4505344923140062e-17
5194.0	1.29736689591802e-16	1.483531554129359e-17
5194.249999999999	1.2850272624964981e-16	1.4802813960665157e-17
5194.499999999998	1.2732619493392842e-16	1.493168870010092e-17
5194.749999999999	1.263655595545841e-16	1.4575451788776382e-17
5195.0	1.2572905381642342e-16	1.3819249063044692e-17
5195.249999999999	1.2546388206592395e-16	1.4916926834889297e-17
5195.499999999999	1.2554750998594932e-16	1.3999135203675986e-17
5195.749999999999	1.2588297460847055e-16	1.4676711930642673e-17
5195.999999999999	1.263070852006426e-16	1.4443083038433196e-17
5196.249999999999	1.2662004909766546e-16	1.461014208930563e-17
5196.499999999999	1.266359579478085e-16	1.5367191020803962e-17
5196.749999999999	1.2624085039932847e-16	1.471315750843176e-17
5196.999999999999	1.254367895295411e-16	1.5605159302506893e-17
5197.249999999999	1.243526718464178e-16	1.459196893124784e-17
5197.499999999999	1.2321471763572578e-16	1.4986117184406908e-17
5197.749999999999	1.2228462771243942e-16	1.4935705489155476e-17
5197.999999999999	1.2178358133528193e-16	1.440017387133762e-17
5198.249999999999	1.2182312471831545e-16	1.4942483407094736e-17
5198.499999999999	1.2236231416005812e-16	1.3858670009497131e-17
5198.749999999999	1.2320676206063204e-16	1.447091932040683e-17
5198.999999999999	1.2405752764404934e-16	1.4698627253791653e-17
5199.249999999998	1.246028763141817e-16	1.5026195739446327e-17
5199.499999999999	1.246260549534156e-16	1.5358004352920948e-17
5199.749999999999	1.2408809148548285e-16	1.5260378842666215e-17
5199.999999999999	1.2314801207440782e-16	1.4583526725916124e-17
5200.249999999998	1.22106457912052e-16	1.4936201797523008e-17
5200.499999999999	1.2129204735803395e-16	1.4497872173486258e-17
5200.75	1.2093584525202369e-16	1.428643984583403e-17
5200.999999999999	1.2108496653387165e-16	1.4282029318807896e-17
5201.249999999998	1.2158952818697957e-16	1.428467795112929e-17
5201.499999999999	1.2216606375794256e-16	1.467027315675456e-17
5201.75	1.2250899390777364e-16	1.5206390418446104e-17
5201.999999999999	1.2240345600288182e-16	1.49512647564776e-17
5202.249999999998	1.2179545065994586e-16	1.5040482802986343e-17
5202.499999999999	1.2079733223545266e-16	1.5136705414922187e-17
5202.749999999999	1.19636171264771e-16	1.4714115383581096e-17
5202.999999999999	1.1857431418456812e-16	1.378402026793667e-17
5203.249999999999	1.1783533281499244e-16	1.4896040524422333e-17
5203.499999999999	1.1755626992704852e-16	1.4547167174910743e-17
5203.749999999999	1.1777019318989175e-16	1.4468545312048803e-17
5203.999999999999	1.1841306180663884e-16	1.410969781871105e-17
5204.249999999999	1.1934894660821878e-16	1.3934878159331642e-17
5204.499999999999	1.2041048941136245e-16	1.4616635457114172e-17
5204.749999999999	1.2144891530521892e-16	1.430963233584879e-17
5204.999999999999	1.2237939509106996e-16	1.5002053646088355e-17
5205.249999999999	1.2320173905563266e-16	1.468999479691905e-17
5205.499999999999	1.239826454145766e-16	1.410988972461316e-17
5205.749999999999	1.2480392049535006e-16	1.424059418756389e-17
5205.999999999998	1.257007725132247e-16	1.494487230470379e-17
5206.249999999999	1.2662209661030292e-16	1.4087051267900572e-17
5206.499999999999	1.274348808979588e-16	1.4958664714237498e-17
5206.749999999999	1.2797295012566865e-16	1.4946786400641237e-17
5206.999999999998	1.2810848784466632e-16	1.4910463245582808e-17
5207.249999999999	1.2781456115498648e-16	1.4778036592596744e-17
5207.5	1.2719211557334326e-16	1.463986599743711e-17
5207.749999999999	1.2645172884385655e-16	1.503387528425327e-17
5207.999999999998	1.258592318860088e-16	1.3770188980914171e-17
5208.249999999999	1.2566592604625253e-16	1.4366135389131063e-17
5208.5	1.2604461083375545e-16	1.4657071354178214e-17
5208.749999999999	1.270454826637795e-16	1.4833651253901134e-17
5208.999999999998	1.2857807247829406e-16	1.4602915839474367e-17
5209.249999999999	1.3042139560876732e-16	1.3690251900878272e-17
5209.499999999999	1.3226255204800098e-16	1.574022797036945e-17
5209.749999999999	1.3375949508211144e-16	1.5060604798567308e-17
5209.999999999999	1.3461555089054874e-16	1.4953835633821413e-17
5210.249999999999	1.3464622622547756e-16	1.4880922971547314e-17
5210.499999999999	1.3381949796098427e-16	1.510921158572215e-17
5210.749999999999	1.3226012297109162e-16	1.5619596912918393e-17
5210.999999999999	1.3022145537330878e-16	1.4027701058949892e-17
5211.249999999999	1.2803713206633957e-16	1.4686998748740382e-17
5211.499999999999	1.2606584627025995e-16	1.4518594702191937e-17
5211.749999999999	1.24637371720807e-16	1.4570450654792886e-17
5211.999999999999	1.240032604317595e-16	1.4578588457659183e-17
5212.249999999999	1.2429579040965003e-16	1.422536579248679e-17
5212.499999999999	1.2550250813458383e-16	1.3919998834473038e-17
5212.749999999998	1.2746508730230236e-16	1.507352701409661e-17
5212.999999999999	1.299060803517072e-16	1.520899769173687e-17
5213.249999999999	1.324783919400323e-16	1.4773361367774594e-17
5213.499999999999	1.348267577168912e-16	1.4582762411030125e-17
5213.749999999998	1.3665084688059335e-16	1.5025906226231934e-17
5213.999999999999	1.3776101020123202e-16	1.5701504337173394e-17
5214.249999999999	1.3811524157890758e-16	1.4781828388524687e-17
5214.499999999999	1.3782272362017286e-16	1.539650630171284e-17
5214.749999999998	1.371048107456436e-16	1.4705218228912475e-17
5214.999999999999	1.3622255280981482e-16	1.4005737759325384e-17
5215.25	1.354003618747037e-16	1.4202985593833554e-17
5215.499999999999	1.3478048781910597e-16	1.4935060288277685e-17
5215.749999999998	1.3442410982317069e-16	1.4804112634226865e-17
5215.999999999999	1.3434401182665133e-16	1.4763767727030204e-17
5216.249999999998	1.3453489976973633e-16	1.462177390307935e-17
5216.499999999999	1.3497541173870893e-16	1.4304996815696044e-17
5216.749999999999	1.356040188871697e-16	1.4582484478344307e-17
5216.999999999999	1.3629599831671851e-16	1.540765835073128e-17
5217.249999999999	1.368715041018144e-16	1.4946640816853427e-17
5217.499999999999	1.3714445290590693e-16	1.4905141165521642e-17
5217.749999999999	1.3699422745482118e-16	1.5466939076510507e-17
5217.999999999999	1.3642564350947335e-16	1.5259947054386462e-17
5218.249999999999	1.35586262568896e-16	1.4725088761587224e-17
5218.499999999999	1.3472948646707738e-16	1.4462697145118053e-17
5218.749999999999	1.3413522056834548e-16	1.4653258051554344e-17
5218.999999999999	1.3401581493730084e-16	1.5010504123226196e-17
5219.249999999999	1.3443880424609563e-16	1.462158530589969e-17
5219.499999999999	1.3529162756259262e-16	1.4729236245178565e-17
5219.749999999999	1.3630112964512824e-16	1.49734977169818e-17
5219.999999999999	1.3710519219736495e-16	1.535005349287309e-17
5220.249999999999	1.3735715835758873e-16	1.5795493561455344e-17
5220.499999999998	1.3683025456037235e-16	1.4897541030053505e-17
5220.749999999999	1.354856814386864e-16	1.5426202085703495e-17
5220.999999999999	1.3347915434996723e-16	1.5007580866941434e-17
5221.249999999999	1.3110417877642786e-16	1.4833965582533904e-17
5221.499999999998	1.286964188253432e-16	1.4833328653462238e-17
5221.749999999999	1.2653973050726242e-16	1.4433184995223386e-17
5222.0	1.2481173497016088e-16	1.3753384806770157e-17
5222.249999999999	1.2358510737573185e-16	1.5192258864861248e-17
5222.499999999998	1.2287064479083488e-16	1.4727117008449204e-17
5222.749999999999	1.2266697910864097e-16	1.465756600818452e-17
5223.0	1.2298341531189744e-16	1.4399184563325007e-17
5223.249999999999	1.238256749428872e-16	1.3897327468244184e-17
5223.499999999998	1.251620219955064e-16	1.4438202672819133e-17
5223.749999999999	1.2689896259815707e-16	1.5123161159572243e-17
5223.999999999999	1.2888480518080441e-16	1.5613899292859128e-17
5224.249999999999	1.3093779373008222e-16	1.464616745934354e-17
5224.499999999999	1.3288145047535864e-16	1.457903513518996e-17
5224.749999999999	1.3457081435035028e-16	1.534638908275948e-17
5224.999999999999	1.359030977641344e-16	1.5217034578568436e-17
5225.249999999999	1.3681472465186056e-16	1.4985716828990432e-17
5225.499999999999	1.372702722457997e-16	1.463401783050636e-17
5225.749999999999	1.3725014460825018e-16	1.4965700712527874e-17
5225.999999999999	1.3674409237725877e-16	1.4935187674092018e-17
5226.249999999999	1.3575482363643808e-16	1.4951895068104364e-17
5226.499999999999	1.3430937477121298e-16	1.530661493018548e-17
5226.749999999999	1.3247055148995015e-16	1.478680967017348e-17
5226.999999999999	1.3034213927768641e-16	1.3937976777906265e-17
5227.249999999998	1.2806798068040784e-16	1.4585257187757585e-17
5227.499999999999	1.25827934956689e-16	1.444479861102363e-17
5227.749999999999	1.2382824062470504e-16	1.457238294870381e-17
5227.999999999999	1.2227642488255403e-16	1.4836443815649113e-17
5228.249999999998	1.2133418194580342e-16	1.338077964548442e-17
5228.499999999999	1.2105885994653685e-16	1.3821433647042444e-17
5228.75	1.2136248910861507e-16	1.429302420350995e-17
5228.999999999999	1.2201844917761065e-16	1.4695455843323125e-17
5229.249999999998	1.2272460151158094e-16	1.4657043230037387e-17
5229.499999999999	1.232019865352998e-16	1.4381965971694103e-17
5229.75	1.2328999694826334e-16	1.435409494813474e-17
5229.999999999999	1.2300161781877727e-16	1.45488116099685e-17
5230.249999999998	1.2251986946396408e-16	1.431203943143132e-17
5230.499999999999	1.2213760905346933e-16	1.4538283255131924e-17
5230.749999999999	1.2216046257069923e-16	1.4149943464234204e-17
5230.999999999999	1.2280397799278242e-16	1.3575089334456802e-17
5231.249999999999	1.2411861915246166e-16	1.3824423904956823e-17
5231.499999999999	1.259669305091393e-16	1.5208665165130625e-17
5231.749999999999	1.280587483539334e-16	1.4351398339337818e-17
5231.999999999999	1.3003141224418262e-16	1.4780997899189683e-17
5232.249999999999	1.3155072415925976e-16	1.5057014834708828e-17
5232.499999999999	1.3240609013885542e-16	1.5117786139951874e-17
5232.749999999999	1.3257508245381397e-16	1.5192786606092057e-17
5232.999999999999	1.3223638334397097e-16	1.5332280690231774e-17
5233.249999999999	1.3171989947756751e-16	1.433777798337152e-17
5233.499999999999	1.3140277070387016e-16	1.43702034633836e-17
5233.749999999999	1.3158474578100914e-16	1.4158681800225214e-17
5233.999999999998	1.3239114510221217e-16	1.435983558158586e-17
5234.249999999999	1.3374320712750725e-16	1.4625903188697216e-17
5234.499999999999	1.3540492178979663e-16	1.457245077751404e-17
5234.749999999999	1.3707946751895734e-16	1.6034980546762922e-17
5234.999999999998	1.385084368414171e-16	1.4565641426711503e-17
5235.249999999999	1.395336279590971e-16	1.5273095917403605e-17
5235.499999999999	1.4010696756522033e-16	1.485131817742404e-17
5235.749999999999	1.402608018510755e-16	1.477932864871355e-17
5235.999999999998	1.4006372213675871e-16	1.5801237503628912e-17
5236.249999999999	1.395840916208809e-16	1.4357314335078798e-17
5236.5	1.3887269485175818e-16	1.4485558762887794e-17
5236.749999999999	1.3796571307841568e-16	1.4922654233450615e-17
5236.999999999998	1.3690210285347127e-16	1.5137722847075627e-17
5237.249999999999	1.3574440121187683e-16	1.4838402579339638e-17
5237.499999999998	1.3458976060825207e-16	1.4572296921920104e-17
5237.749999999999	1.335611206728985e-16	1.523394545901147e-17
5237.999999999999	1.3277761117553485e-16	1.478313864261497e-17
5238.249999999999	1.3231478780219896e-16	1.5162890644393165e-17
5238.499999999999	1.3217304319247185e-16	1.5164008992581337e-17
5238.749999999999	1.3227177901465044e-16	1.495596645107935e-17
5238.999999999999	1.3247674456334991e-16	1.4906418332387424e-17
5239.249999999999	1.3265181052167864e-16	1.524072668567318e-17
5239.499999999999	1.3271240376894134e-16	1.5254805299698833e-17
5239.749999999999	1.326551826040971e-16	1.4616961366275518e-17
5239.999999999999	1.32551136480817e-16	1.4750418686304823e-17
5240.249999999999	1.3251022123706336e-16	1.4455285606829578e-17
5240.499999999999	1.3263980917806436e-16	1.4436235637322482e-17
5240.749999999999	1.330163169176702e-16	1.5045991825865946e-17
5240.999999999999	1.336729891832052e-16	1.5087807460191727e-17
5241.249999999999	1.3459316845915835e-16	1.444360250785788e-17
5241.499999999999	1.3570061639913714e-16	1.45815679622256e-17
5241.749999999998	1.3685362397036653e-16	1.46007105759613e-17
5241.999999999999	1.3786111164778009e-16	1.5060505536893802e-17
5242.249999999999	1.385320990054341e-16	1.5520265756240575e-17
5242.499999999999	1.387465772864485e-16	1.5017411081341014e-17
5242.749999999998	1.3851389631122174e-16	1.478460275229919e-17
5242.999999999999	1.3798279956711844e-16	1.505488070872844e-17
5243.25	1.3738924356528298e-16	1.4919391833114705e-17
5243.499999999999	1.3696161538076626e-16	1.4162632414830767e-17
5243.749999999998	1.3682677578023517e-16	1.3958457769873078e-17
5243.999999999999	1.3696029474594693e-16	1.50328032581794e-17
5244.25	1.3720115328687934e-16	1.552252561367407e-17
5244.499999999999	1.3731918190328286e-16	1.43877512728983e-17
5244.749999999998	1.3710107847984655e-16	1.4821862275811028e-17
5244.999999999999	1.364182561397574e-16	1.5105504162216686e-17
5245.249999999999	1.352549962879313e-16	1.5007039890820824e-17
5245.499999999999	1.336973129437915e-16	1.468672908786069e-17
5245.749999999999	1.318991963707723e-16	1.433646607492001e-17
5245.999999999999	1.3004626874120405e-16	1.4854296027629232e-17
5246.249999999999	1.283277633511585e-16	1.4938701537334143e-17
5246.499999999999	1.2691405811222532e-16	1.4637528385026036e-17
5246.749999999999	1.2593064611120267e-16	1.417646452903388e-17
5246.999999999999	1.2542649281998335e-16	1.3741451072072854e-17
5247.249999999999	1.2535057133109845e-16	1.3684212655226022e-17
5247.499999999999	1.2555883403395255e-16	1.4630173095019215e-17
5247.749999999999	1.2586326684635695e-16	1.4865143674182253e-17
5247.999999999999	1.2610821593598146e-16	1.478751277369415e-17
5248.249999999999	1.2623572880794912e-16	1.444075204346702e-17
5248.499999999998	1.263014422738545e-16	1.440031945512543e-17
5248.749999999999	1.2642895425176351e-16	1.4567267663795782e-17
5248.999999999999	1.2672745319390299e-16	1.3726760344393912e-17
5249.249999999999	1.2721937041030787e-16	1.451084567421354e-17
5249.499999999998	1.2781754025917924e-16	1.5458690431442128e-17
5249.749999999999	1.2836126273279477e-16	1.5092732493558868e-17
5250.0	1.2868916554036701e-16	1.456216065069388e-17
5250.249999999999	1.2871299377965471e-16	1.4759433300620426e-17
5250.499999999998	1.2846325340069713e-16	1.526687386483598e-17
5250.749999999999	1.2809510760942402e-16	1.42345127557004e-17
5251.0	1.278572248069156e-16	1.4744542395233246e-17
5251.249999999999	1.2803270363176455e-16	1.432325269181509e-17
5251.499999999998	1.288629899479842e-16	1.4526160096074347e-17
5251.749999999999	1.304683401358983e-16	1.4658907695138082e-17
5251.999999999999	1.3278385076753209e-16	1.398735946047568e-17
5252.249999999999	1.3553398621870698e-16	1.4746449873725794e-17
5252.499999999999	1.3826519356959252e-16	1.4941790229741416e-17
5252.749999999999	1.4044130656715002e-16	1.552059497412437e-17
5252.999999999999	1.415823693558084e-16	1.5784267066181775e-17
5253.249999999999	1.414046410668699e-16	1.5945512691709186e-17
5253.499999999999	1.3991107335498684e-16	1.56965429078593e-17
5253.749999999999	1.3739587060500568e-16	1.4328736899276316e-17
5253.999999999999	1.3435997717908703e-16	1.5388355263956744e-17
5254.249999999999	1.3137033166047652e-16	1.439028575429516e-17
5254.499999999999	1.2891683358450796e-16	1.4131503954019172e-17
5254.749999999999	1.273171194384316e-16	1.4330172884819708e-17
5254.999999999999	1.2669333018544388e-16	1.4706546680976236e-17
5255.249999999998	1.2701182012280746e-16	1.5106604312431382e-17
5255.499999999999	1.281510381022952e-16	1.4551723285724685e-17
5255.749999999999	1.2995653353335836e-16	1.5478870329665972e-17
5255.999999999999	1.3225667366187357e-16	1.5356525353985703e-17
5256.249999999998	1.3484172512208347e-16	1.4778157360966176e-17
5256.499999999999	1.374367839823685e-16	1.4477171151476506e-17
5256.749999999999	1.3970878164071186e-16	1.4969345270306783e-17
5256.999999999999	1.4132984750394891e-16	1.596241033726242e-17
5257.249999999998	1.420810674966712e-16	1.5962943041576904e-17
5257.499999999999	1.4194663065833542e-16	1.4975496185341727e-17
5257.75	1.4114293007840494e-16	1.5096340655390824e-17
5257.999999999999	1.4005713131707137e-16	1.4809572026269715e-17
5258.249999999998	1.3911669212672271e-16	1.4280859685421746e-17
5258.499999999999	1.3864568207143532e-16	1.5082194212554942e-17
5258.749999999998	1.3876650581603263e-16	1.4167737773571444e-17
5258.999999999999	1.3937915486576907e-16	1.5440805132237506e-17
5259.249999999999	1.402139303985864e-16	1.5211707535423595e-17
5259.499999999999	1.4092689293729264e-16	1.484879362219453e-17
5259.749999999999	1.4120071329655464e-16	1.5050059900118482e-17
5259.999999999999	1.408230692237611e-16	1.54797090908071e-17
5260.249999999999	1.397308232433172e-16	1.52882449031419e-17
5260.499999999999	1.3802081421418277e-16	1.4745857612407206e-17
5260.749999999999	1.359326187096937e-16	1.4787348991932866e-17
5260.999999999999	1.3380742997358538e-16	1.486484423480051e-17
5261.249999999999	1.3202564746399202e-16	1.4715463687979557e-17
5261.499999999999	1.3092976910701885e-16	1.4184034885999964e-17
5261.749999999999	1.307478123729373e-16	1.3370675634302085e-17
5261.999999999999	1.3153872208711673e-16	1.43179554271723e-17
5262.249999999999	1.3317720991802827e-16	1.4972505100246735e-17
5262.499999999999	1.3538179384240188e-16	1.47765840634411e-17
5262.749999999999	1.377758600664447e-16	1.4558924720137572e-17
5262.999999999998	1.3996587660551891e-16	1.456647026168528e-17
5263.249999999999	1.4162225760186303e-16	1.4856079429029897e-17
5263.499999999999	1.4254767946211997e-16	1.6062181554026116e-17
5263.749999999999	1.427134693529463e-16	1.5193124095781978e-17
5263.999999999998	1.4224507985149138e-16	1.5061352569841056e-17
5264.249999999999	1.4135449823564758e-16	1.4734384617311095e-17
5264.5	1.4024619564664115e-16	1.4483255892062446e-17
5264.749999999999	1.3904397103816354e-16	1.4605756377697874e-17
5264.999999999998	1.3777855358414565e-16	1.4734641043300987e-17
5265.249999999999	1.3644013207197875e-16	1.5332462669966536e-17
5265.5	1.350590393039574e-16	1.4759721159473594e-17
5265.749999999999	1.3375985903457327e-16	1.438754116902271e-17
5265.999999999999	1.3275101273143542e-16	1.4175746536262183e-17
5266.249999999999	1.3225058497386928e-16	1.4348536294418385e-17
5266.499999999999	1.323849651891904e-16	1.4905149437327767e-17
5266.749999999999	1.3311140043794469e-16	1.4187628158580895e-17
5266.999999999999	1.3420513611188202e-16	1.481613818597216e-17
5267.249999999999	1.3532479529982202e-16	1.4315832881720488e-17
5267.499999999999	1.3613645320957708e-16	1.5133305702604594e-17
5267.749999999999	1.364483353004117e-16	1.5766006226979054e-17
5267.999999999999	1.3629589605911789e-16	1.503990873964123e-17
5268.249999999999	1.3593166407943284e-16	1.4727107082281854e-17
5268.499999999999	1.3571503825864985e-16	1.4577370847797505e-17
5268.749999999999	1.3594799687162137e-16	1.4150304114981277e-17
5268.999999999999	1.3673478486537079e-16	1.4073181103389283e-17
5269.249999999999	1.3793522187499219e-16	1.4600505435169388e-17
5269.499999999999	1.3923233413747859e-16	1.5402298220361938e-17
5269.749999999998	1.4027265582154884e-16	1.5825950351609547e-17
5269.999999999999	1.4080045264894535e-16	1.5499794690441113e-17
5270.249999999999	1.4071915814405425e-16	1.423597686538462e-17
5270.499999999999	1.4006565982967452e-16	1.4540356169746982e-17
5270.749999999998	1.3893808489253338e-16	1.4827657503182575e-17
5270.999999999999	1.3743723699631744e-16	1.482017151863897e-17
5271.25	1.356567181229091e-16	1.4954603257429863e-17
5271.499999999999	1.3371157533516316e-16	1.5325767470088532e-17
5271.749999999998	1.3176720570770263e-16	1.39490692699206e-17
5271.999999999999	1.300364856871535e-16	1.4253228544240025e-17
5272.25	1.2874197016947992e-16	1.4418537280936297e-17
5272.499999999999	1.2806359659198404e-16	1.4453890980316814e-17
5272.749999999998	1.280953927830853e-16	1.4529834432355307e-17
5272.999999999999	1.2882156381493549e-16	1.4415099518310527e-17
5273.249999999999	1.301104253934368e-16	1.4393811198065862e-17
5273.499999999999	1.3172388994341113e-16	1.4420808718898368e-17
5273.749999999999	1.333464546709177e-16	1.5075662794438223e-17
5273.999999999999	1.346391772416181e-16	1.5032900865491682e-17
5274.249999999999	1.3531459612782774e-16	1.5071473951816255e-17
5274.499999999999	1.3521325337986423e-16	1.5750074728381283e-17
5274.749999999999	1.3435354436931954e-16	1.461980355886025e-17
5274.999999999999	1.3293320229776157e-16	1.4656828163078123e-17
5275.249999999999	1.3128063387170886e-16	1.4674703536115394e-17
5275.499999999999	1.297754417556678e-16	1.4153677357519268e-17
5275.749999999999	1.2876689610938215e-16	1.4229900396604804e-17
5275.999999999999	1.2851259002655737e-16	1.4814629408534864e-17
5276.249999999999	1.291445017948538e-16	1.4345055518400762e-17
5276.499999999998	1.306579686715388e-16	1.4783464551776317e-17
5276.749999999999	1.3291679428854923e-16	1.4170611399019454e-17
5276.999999999999	1.3567148158657285e-16	1.4858288001265413e-17
5277.249999999999	1.385906358562353e-16	1.5281101371371893e-17
5277.499999999998	1.4130436268130935e-16	1.5192649294110373e-17
5277.749999999999	1.4345542537409517e-16	1.5122069281163673e-17
5277.999999999999	1.4475274909473674e-16	1.4641439294962187e-17
5278.249999999999	1.4502212476600835e-16	1.5676278637212977e-17
5278.499999999998	1.4424766837364985e-16	1.5347237770067958e-17
5278.749999999999	1.425933346609315e-16	1.4891689554400304e-17
5279.0	1.4039016792097658e-16	1.4865565536294655e-17
5279.249999999999	1.380779411516817e-16	1.497225694606297e-17
5279.499999999998	1.3610333305457328e-16	1.435787516353411e-17
5279.749999999999	1.3479795125879779e-16	1.3843425897988391e-17
5279.999999999998	1.3427758092979825e-16	1.3972008642667922e-17
5280.249999999999	1.3440580411311991e-16	1.473727974945503e-17
5280.499999999999	1.348431968956891e-16	1.5294609230774884e-17
5280.749999999999	1.351661156000429e-16	1.5131777072832596e-17
5280.999999999999	1.3500697849021514e-16	1.4510614063642025e-17
5281.249999999999	1.3416083156112878e-16	1.5193330890935117e-17
5281.499999999999	1.3262407483194317e-16	1.456815771013489e-17
5281.749999999999	1.3056648839484635e-16	1.4395834481844167e-17
5281.999999999999	1.28264869360125e-16	1.4312639964556034e-17
5282.249999999999	1.260327239828553e-16	1.4202573657888503e-17
5282.499999999999	1.2416635538598614e-16	1.4129467435351066e-17
5282.749999999999	1.229076852239579e-16	1.4120025995839386e-17
5282.999999999999	1.2241351841367597e-16	1.4134920209949016e-17
5283.249999999998	1.2272694514424892e-16	1.432125422345516e-17
5283.499999999999	1.2376205010048065e-16	1.3590693269532002e-17
5283.749999999999	1.2532125375702994e-16	1.3947942649926304e-17
5283.999999999999	1.2715296873370308e-16	1.4958439721110884e-17
5284.249999999998	1.2903064393272783e-16	1.5024710123066182e-17
5284.499999999999	1.3081359831336033e-16	1.5150593777406952e-17
5284.749999999999	1.324559961652628e-16	1.4072942875372867e-17
5284.999999999999	1.3396280947450526e-16	1.4314582184634308e-17
5285.249999999998	1.3532690448307857e-16	1.5040471222457767e-17
5285.499999999999	1.3649169815445793e-16	1.5246861057095873e-17
5285.75	1.3736189060391528e-16	1.4804466667529038e-17
5285.999999999999	1.3784969646606941e-16	1.4598113228837884e-17
5286.249999999998	1.3792322488803516e-16	1.443665584507366e-17
5286.499999999999	1.376290256619536e-16	1.498854413232414e-17
5286.749999999998	1.3708146460172083e-16	1.4896076920369286e-17
5286.999999999999	1.364290011033002e-16	1.4771536607343302e-17
5287.249999999999	1.3581223427613813e-16	1.4860008536939524e-17
5287.499999999999	1.353259531566643e-16	1.4743589483167585e-17
5287.749999999999	1.349953035969692e-16	1.3831645191704411e-17
5287.999999999999	1.347755969614856e-16	1.4618415549792386e-17
5288.249999999999	1.3457999064943308e-16	1.5102640462936028e-17
5288.499999999999	1.3432664440340968e-16	1.493629609611284e-17
5288.749999999999	1.339839174631289e-16	1.4653744433754526e-17
5288.999999999999	1.3359027235708243e-16	1.4551508218765422e-17
5289.249999999999	1.332388356867988e-16	1.420869644878262e-17
5289.499999999999	1.3303629138243127e-16	1.4654708926348762e-17
5289.749999999999	1.3305868098859472e-16	1.459658625342711e-17
5289.999999999999	1.3332505550791893e-16	1.466511154973223e-17
5290.249999999999	1.3379738957143586e-16	1.4433343813900997e-17
5290.499999999999	1.344008779471833e-16	1.4414048998932585e-17
5290.749999999999	1.350497318280826e-16	1.5140292070058217e-17
5290.999999999998	1.3566337064306701e-16	1.460079825710623e-17
5291.249999999999	1.3616613087824162e-16	1.4978495542242844e-17
5291.499999999999	1.3647633080208325e-16	1.4530454817814722e-17
5291.749999999999	1.3650043602012265e-16	1.443529265142417e-17
5291.999999999998	1.3614641888655627e-16	1.479949365768637e-17
5292.249999999999	1.3535619637100526e-16	1.5153091862856862e-17
5292.5	1.3414001267491834e-16	1.4994643762161105e-17
5292.749999999999	1.3259069219636798e-16	1.4262294443753606e-17
5292.999999999998	1.3086816278023372e-16	1.3984820015995143e-17
5293.249999999999	1.2916477362320344e-16	1.4309097977173082e-17
5293.5	1.276723981670286e-16	1.490323865011277e-17
5293.749999999999	1.2656519464292227e-16	1.478889912840079e-17
5293.999999999998	1.2599560501324633e-16	1.3620288137487924e-17
5294.249999999999	1.2609022695318958e-16	1.4662294172565874e-17
5294.499999999999	1.269341112963861e-16	1.4493698220115316e-17
5294.749999999999	1.285422168897885e-16	1.423231907271591e-17
5294.999999999999	1.308267773538153e-16	1.419365334216273e-17
5295.249999999999	1.3357512399493146e-16	1.4336732427077253e-17
5295.499999999999	1.3645415016292157e-16	1.4786511885152962e-17
5295.749999999999	1.3905384538381999e-16	1.5743478790176785e-17
5295.999999999999	1.4097021372258268e-16	1.5212291524936057e-17
5296.249999999999	1.419083840738827e-16	1.52340331401564e-17
5296.499999999999	1.417692455023224e-16	1.5050086369898084e-17
5296.749999999999	1.4068074825328521e-16	1.4687458661160962e-17
5296.999999999999	1.3895541335426788e-16	1.4459403311918867e-17
5297.249999999999	1.3698983473654426e-16	1.4496672761598056e-17
5297.499999999999	1.3515040386412967e-16	1.4010824920092585e-17
5297.749999999998	1.3369333387124851e-16	1.4672235229167536e-17
5297.999999999999	1.3274305763140838e-16	1.4690932819733685e-17
5298.249999999999	1.3231720661515285e-16	1.465313397446246e-17
5298.499999999999	1.323633348845751e-16	1.4723161430759976e-17
5298.749999999998	1.3277788245561368e-16	1.4508514679247365e-17
5298.999999999999	1.33405482157093e-16	1.3636262649477548e-17
5299.249999999999	1.3404210188262796e-16	1.474493282448237e-17
5299.499999999999	1.3446656856103692e-16	1.5693110108317206e-17
5299.749999999998	1.3450014484535106e-16	1.4720387066985473e-17
5299.999999999999	1.3406542763750244e-16	1.4487434808517064e-17
5300.25	1.332093697888319e-16	1.473546491519109e-17
5300.499999999999	1.3207649109923612e-16	1.3927818999984114e-17
5300.749999999998	1.3084925790124602e-16	1.470764352246848e-17
5300.999999999999	1.296884996356803e-16	1.4418631579526128e-17
5301.249999999998	1.286987785256277e-16	1.408108895004529e-17
5301.499999999999	1.2792299762424265e-16	1.4232358777385312e-17
5301.749999999999	1.27355139177073e-16	1.420471440131379e-17
5301.999999999999	1.2695846573488924e-16	1.4016853412396872e-17
5302.249999999999	1.2668293474762366e-16	1.4644786067720576e-17
5302.499999999999	1.2648181043588377e-16	1.4334092066561984e-17
5302.749999999999	1.2632778085228333e-16	1.423558147305182e-17
5302.999999999999	1.2622645098637189e-16	1.4391864014903912e-17
5303.249999999999	1.262236082061986e-16	1.4578980541269533e-17
5303.499999999999	1.2640385592776414e-16	1.4447788041757397e-17
5303.749999999999	1.2687993170723536e-16	1.39938842611475e-17
5303.999999999999	1.2777200666328096e-16	1.4205185894262945e-17
5304.249999999999	1.29174833586641e-16	1.4410976850137563e-17
5304.499999999998	1.3111239160317504e-16	1.4442201263900214e-17
5304.749999999999	1.3348873184682434e-16	1.3983271533888444e-17
5304.999999999999	1.3605713850323142e-16	1.4059772505659798e-17
5305.249999999999	1.384356995288267e-16	1.4631792714658593e-17
5305.499999999998	1.401835827568309e-16	1.4632988817824345e-17
5305.749999999999	1.4091984257530258e-16	1.6673057745118977e-17
5305.999999999999	1.4043615458664987e-16	1.43316088703631e-17
5306.249999999999	1.3875129421502488e-16	1.467103085419566e-17
5306.499999999998	1.3608619293283775e-16	1.4804994408759847e-17
5306.749999999999	1.3278313726226495e-16	1.427033133058517e-17
5307.0	1.2921842616358322e-16	1.4260032931958886e-17
5307.249999999999	1.2574643419984534e-16	1.4627231640760976e-17
5307.499999999998	1.2267828545269739e-16	1.422805247511636e-17
5307.749999999999	1.2027110672567438e-16	1.3410792239649682e-17
5307.999999999998	1.1870572786856818e-16	1.3103896651863933e-17
5308.249999999999	1.180549876113494e-16	1.3365979729964622e-17
5308.499999999999	1.182653498135754e-16	1.3957185566090972e-17
5308.749999999999	1.191711741486858e-16	1.4560562537750427e-17
5308.999999999999	1.2053826289282608e-16	1.4282385006471294e-17
5309.249999999999	1.2211400146290495e-16	1.388345564937167e-17
5309.499999999999	1.2366306703148637e-16	1.3743471047128709e-17
5309.749999999999	1.2498595831439823e-16	1.3968484853258446e-17
5309.999999999999	1.259322228332442e-16	1.459120130763939e-17
5310.249999999999	1.2641738984567824e-16	1.4956019390638553e-17
5310.499999999999	1.2643766885233413e-16	1.3683732063290129e-17
5310.749999999999	1.2606709583778668e-16	1.4557283593802267e-17
5310.999999999999	1.2542919103279595e-16	1.415073590326103e-17
5311.249999999999	1.246522168104843e-16	1.398827266787194e-17
5311.499999999999	1.2382957377192729e-16	1.4212010134316508e-17
5311.749999999999	1.230043372389313e-16	1.4394638378678415e-17
5311.999999999999	1.221830142074966e-16	1.4077464244601082e-17
5312.249999999998	1.213682459382698e-16	1.3815825362489335e-17
5312.499999999999	1.2059142678973347e-16	1.4262838728596666e-17
5312.749999999999	1.1992643964999911e-16	1.4502592066061486e-17
5312.999999999999	1.1947425148115303e-16	1.389576078816401e-17
5313.249999999998	1.1932229576682357e-16	1.3483363276330797e-17
5313.499999999999	1.1949685233645404e-16	1.39252745924199e-17
5313.75	1.199330172109655e-16	1.3951590516427663e-17
5313.999999999999	1.2048018584059448e-16	1.419497848550404e-17
5314.249999999998	1.2094408326856243e-16	1.4160690194752493e-17
5314.499999999999	1.211498320078869e-16	1.4266049843734597e-17
5314.75	1.2100316178021505e-16	1.4154135615578622e-17
5314.999999999999	1.2052945454179816e-16	1.4008217646801818e-17
5315.249999999998	1.1987667377848453e-16	1.4215270880291192e-17
5315.499999999999	1.1927552679876212e-16	1.399195031287535e-17
5315.749999999999	1.1896071043443619e-16	1.3638532433078394e-17
5315.999999999999	1.1907461962197215e-16	1.3003835921885843e-17
5316.249999999999	1.1959265197748122e-16	1.3548270484636608e-17
5316.499999999999	1.2031252854384367e-16	1.4135801984481997e-17
5316.749999999999	1.2092729544105767e-16	1.407470973316128e-17
5316.999999999999	1.2115878881526611e-16	1.4292410435495437e-17
5317.249999999999	1.2088921349098131e-16	1.4578336994752967e-17
5317.499999999999	1.2022040033907114e-16	1.406820643918539e-17
5317.749999999999	1.1942354756694422e-16	1.3519047847956334e-17
5317.999999999999	1.1880108863119827e-16	1.3228617290263453e-17
5318.249999999999	1.1853229446315664e-16	1.3243054073494341e-17
5318.499999999999	1.1858405473019242e-16	1.3641491258129496e-17
5318.749999999999	1.1873132264330902e-16	1.4906062644724026e-17
5318.999999999998	1.1867098289943657e-16	1.392469722035234e-17
5319.249999999999	1.1816606256392717e-16	1.3882621851314217e-17
5319.499999999999	1.1714955213017185e-16	1.4041644015355086e-17
5319.749999999999	1.1574693299010813e-16	1.390320375931576e-17
5319.999999999998	1.1422062485262766e-16	1.3486116133409373e-17
5320.249999999999	1.1287190504404304e-16	1.3268958888737664e-17
5320.499999999999	1.1194491497453185e-16	1.3587440795363444e-17
5320.749999999999	1.1156675203054377e-16	1.3879761460756008e-17
5320.999999999998	1.117385141815335e-16	1.3045797967180046e-17
5321.249999999999	1.1237311886299333e-16	1.3370147893071276e-17
5321.5	1.1336013740441977e-16	1.4156714764728563e-17
5321.749999999999	1.1462777899211932e-16	1.4023876175797447e-17
5321.999999999998	1.1617139642750666e-16	1.3720113120991436e-17
5322.249999999999	1.1803152805916185e-16	1.3460050845127215e-17
5322.499999999998	1.202305333514891e-16	1.3721616935345058e-17
5322.749999999999	1.2270307211057964e-16	1.3599034558828987e-17
5322.999999999999	1.252646194906387e-16	1.4208072754600755e-17
5323.249999999999	1.2764441947707057e-16	1.484211662029e-17
5323.499999999999	1.295725305369637e-16	1.4082817757525526e-17
5323.749999999999	1.3087761181738017e-16	1.4917868166426383e-17
5323.999999999999	1.315442128522871e-16	1.4392042685916224e-17
5324.249999999999	1.3170120862521988e-16	1.4235022298957733e-17
5324.499999999999	1.3155233128476977e-16	1.3944963145359888e-17
5324.749999999999	1.3128981820123226e-16	1.4038598336339666e-17
5324.999999999999	1.3103506884433633e-16	1.4502947753724884e-17
5325.249999999999	1.3082687120242786e-16	1.412874613385692e-17
5325.499999999999	1.306475131777846e-16	1.463656720115425e-17
5325.749999999998	1.304608301927485e-16	1.3789549143150975e-17
5325.999999999999	1.3024098365024673e-16	1.404561779101779e-17
5326.249999999999	1.2998572132702356e-16	1.4316918142684158e-17
5326.499999999999	1.2971755236658815e-16	1.4162963287075788e-17
5326.749999999998	1.2947555385097866e-16	1.41327381074931e-17
5326.999999999999	1.2929749321179588e-16	1.478802728003516e-17
5327.249999999999	1.2919655140796039e-16	1.3285681999181649e-17
5327.499999999999	1.2914641017804733e-16	1.3910974293990084e-17
5327.749999999998	1.290902270934293e-16	1.448443048853227e-17
5327.999999999999	1.2897484563108468e-16	1.4591305532396573e-17
5328.25	1.2879039454844127e-16	1.429700625097878e-17
5328.499999999999	1.285869932748072e-16	1.3687164035651612e-17
5328.749999999998	1.2845510480469435e-16	1.3840280130118852e-17
5328.999999999999	1.2848290938501288e-16	1.3410860068459911e-17
5329.249999999998	1.2871936907929997e-16	1.4428063092870458e-17
5329.499999999999	1.291629412721664e-16	1.46896027133087e-17
5329.749999999999	1.2977285130370525e-16	1.433217300754086e-17
5329.999999999999	1.3048393030937117e-16	1.4355066058173878e-17
5330.249999999999	1.3120987500333108e-16	1.4532306048025616e-17
5330.499999999999	1.3183658957179877e-16	1.476571656455338e-17
5330.749999999999	1.3222037402540413e-16	1.4220513551013553e-17
5330.999999999999	1.322042015666256e-16	1.5043422602883357e-17
5331.249999999999	1.3165273763332418e-16	1.4804848824972037e-17
5331.499999999999	1.304941393352008e-16	1.3708895724704605e-17
5331.749999999999	1.2875292995016801e-16	1.4306849700268162e-17
5331.999999999999	1.265629899214449e-16	1.4459017845753417e-17
5332.249999999999	1.241573237731176e-16	1.3481809831140422e-17
5332.499999999999	1.2183618804102674e-16	1.3464853455763697e-17
5332.749999999999	1.199172701456889e-16	1.3664916185896385e-17
5332.999999999999	1.1867320434034083e-16	1.3562538523022535e-17
5333.249999999999	1.1826595318967147e-16	1.3317816311618109e-17
5333.499999999998	1.186940903533699e-16	1.3631799182892212e-17
5333.749999999999	1.1977371230649446e-16	1.3833360764294846e-17
5333.999999999999	1.2117039937079055e-16	1.371078335086245e-17
5334.249999999999	1.2248452362962911e-16	1.460722545046577e-17
5334.499999999998	1.2336935507949271e-16	1.453407290581403e-17
5334.749999999999	1.2364183473585598e-16	1.4126117353870226e-17
5335.0	1.2334256674403482e-16	1.4694593921124844e-17
5335.249999999999	1.22719377348571e-16	1.3909736831793705e-17
5335.499999999998	1.221407240153146e-16	1.3587969363774865e-17
5335.749999999999	1.219747061169403e-16	1.331616443193484e-17
5336.0	1.2248062584486745e-16	1.3659139156498315e-17
5336.249999999999	1.237483206153264e-16	1.4038290625151796e-17
5336.499999999998	1.256939993472728e-16	1.403197758271679e-17
5336.749999999999	1.2809667972018118e-16	1.389241070668317e-17
5336.999999999999	1.306490253458793e-16	1.463025250435802e-17
5337.249999999999	1.3300324621654604e-16	1.455687000349599e-17
5337.499999999999	1.3480872691071385e-16	1.449447411552989e-17
5337.749999999999	1.3575159163766496e-16	1.4524777050090158e-17
5337.999999999999	1.3560762064670234e-16	1.4709322699111964e-17
5338.249999999999	1.3430648362881543e-16	1.486595265682133e-17
5338.499999999999	1.3198501512858823e-16	1.449703341234513e-17
5338.749999999999	1.2899528902166505e-16	1.492593152303755e-17
5338.999999999999	1.2584353971580662e-16	1.3759283431718272e-17
5339.249999999999	1.2306795129444762e-16	1.3097928543744363e-17
5339.499999999999	1.2109861912879808e-16	1.3095194711819875e-17
5339.749999999999	1.2015651310385237e-16	1.3556527401511112e-17
5339.999999999999	1.2022897580934493e-16	1.4053411486749265e-17
5340.249999999998	1.2111991935714083e-16	1.3314376067450501e-17
5340.499999999999	1.2254008911626578e-16	1.440463568356173e-17
5340.749999999999	1.2419468650799422e-16	1.3765319368648072e-17
5340.999999999999	1.25840019240664e-16	1.4052984661553188e-17
5341.249999999998	1.2730247756643914e-16	1.4448315782988206e-17
5341.499999999999	1.2846916388235296e-16	1.4163249491567732e-17
5341.75	1.2926709669727307e-16	1.3961741676904914e-17
5341.999999999999	1.296484477243492e-16	1.3844172842081527e-17
5342.249999999998	1.2959354994600376e-16	1.5067695390778113e-17
5342.499999999999	1.291317488140259e-16	1.406360235189592e-17
5342.75	1.283672697591939e-16	1.4046190200001677e-17
5342.999999999999	1.2749057688933966e-16	1.4643894367020244e-17
5343.249999999998	1.2675949810755467e-16	1.4148912797190963e-17
5343.499999999999	1.26446405370802e-16	1.3388196974037183e-17
5343.749999999999	1.267624223192894e-16	1.4307094545729478e-17
5343.999999999999	1.277820186452455e-16	1.3851725001074136e-17
5344.249999999999	1.293977190277355e-16	1.3923740999564228e-17
5344.499999999999	1.313308672259949e-16	1.4191170145963847e-17
5344.749999999999	1.3320646853346882e-16	1.4620715111895283e-17
5344.999999999999	1.346716407055138e-16	1.5304973803850174e-17
5345.249999999999	1.3551161194629714e-16	1.450025114492796e-17
5345.499999999999	1.3571200753062651e-16	1.4302859380993207e-17
5345.749999999999	1.354392002420285e-16	1.4116847967925957e-17
5345.999999999999	1.3495049565761766e-16	1.4281678594228174e-17
5346.249999999999	1.3447989209464497e-16	1.4286600318872864e-17
5346.499999999999	1.3415295449811962e-16	1.407913184071599e-17
5346.749999999999	1.3396342052799393e-16	1.4402893641191694e-17
5346.999999999998	1.338095659113303e-16	1.5083294362769638e-17
5347.249999999999	1.3356132164950969e-16	1.4126509437480576e-17
5347.499999999999	1.3312351385249785e-16	1.4415944896896556e-17
5347.749999999999	1.3247387114969905e-16	1.4333906778104772e-17
5347.999999999998	1.3167320082947168e-16	1.4161345321797635e-17
5348.249999999999	1.3085537939612734e-16	1.4572553347909996e-17
5348.499999999999	1.302035327161067e-16	1.3867282614035033e-17
5348.749999999999	1.299135139077952e-16	1.410837267536974e-17
5348.999999999998	1.3014586198564357e-16	1.3955812446274134e-17
5349.249999999999	1.3097452278099895e-16	1.3941025765644136e-17
5349.5	1.3234892469134764e-16	1.39147313483323e-17
5349.749999999999	1.3408747704584623e-16	1.4110374452452117e-17
5349.999999999998	1.359122346618405e-16	1.476728820771723e-17
5350.249999999999	1.3751980301107404e-16	1.4714528973887372e-17
5350.499999999998	1.3866828908735462e-16	1.4475346391045214e-17
5350.749999999999	1.392502806791723e-16	1.4838754958280586e-17
5350.999999999999	1.39321518029402e-16	1.511506967882025e-17
5351.249999999999	1.3906750524173483e-16	1.4714294054593407e-17
5351.499999999999	1.387153018076667e-16	1.3919696086368843e-17
5351.749999999999	1.3842629554824205e-16	1.4027464485294702e-17
5351.999999999999	1.3822175301682923e-16	1.4473337996517935e-17
5352.249999999999	1.3798218422559362e-16	1.4750944773174407e-17
5352.499999999999	1.375251966490105e-16	1.445209434402635e-17
5352.749999999999	1.3672394501635307e-16	1.4344752770296567e-17
5352.999999999999	1.3560448347221302e-16	1.4573531075394033e-17
5353.249999999999	1.3437017288779988e-16	1.4739104509886323e-17
5353.499999999999	1.333392498214963e-16	1.4341157843354412e-17
5353.749999999998	1.3282641824087912e-16	1.3070111286924817e-17
5353.999999999999	1.3302618430515081e-16	1.3942013419295524e-17
5354.249999999999	1.3394974829794773e-16	1.4532499608288953e-17
5354.499999999999	1.3543392918792316e-16	1.464383811873859e-17
5354.749999999998	1.3720251759069633e-16	1.4482873734619447e-17
5354.999999999999	1.389425432149634e-16	1.4303279588744384e-17
5355.249999999999	1.4036786113792877e-16	1.4650167704785846e-17
5355.499999999999	1.4126495936023471e-16	1.4404928505498575e-17
5355.749999999998	1.4152790529609634e-16	1.511162860747203e-17
5355.999999999999	1.4118222010940885e-16	1.499931402389958e-17
5356.25	1.4038424119356938e-16	1.4595469559600165e-17
5356.499999999999	1.3938317161966474e-16	1.4377184867753546e-17
5356.749999999998	1.3845190067470656e-16	1.3691170071358206e-17
5356.999999999999	1.3781373721202172e-16	1.4393260295777902e-17
5357.249999999998	1.375948832163114e-16	1.4597511041351946e-17
5357.499999999999	1.3781379843001785e-16	1.424256453178299e-17
5357.749999999998	1.3839634550458885e-16	1.4089501376874954e-17
5357.999999999999	1.3919961344935897e-16	1.417985431518412e-17
5358.249999999999	1.400386803581119e-16	1.423935341664506e-17
5358.499999999999	1.4072199412779267e-16	1.465747501831714e-17
5358.749999999999	1.410966870370941e-16	1.543472204601279e-17
5358.999999999999	1.4108923512995044e-16	1.4951805732598208e-17
5359.249999999999	1.4071934749616056e-16	1.406960602878183e-17
5359.499999999999	1.400782650429953e-16	1.402464545376712e-17
5359.749999999999	1.3928706407773779e-16	1.4474783908228678e-17
5359.999999999999	1.3846283850753706e-16	1.4364500880240658e-17
5360.249999999999	1.3770807322790814e-16	1.5034214428304416e-17
5360.499999999999	1.3711337205041169e-16	1.4690955980790836e-17
5360.749999999999	1.3675084976408587e-16	1.4066047497786625e-17
5360.999999999999	1.3664819041908893e-16	1.3986760581712193e-17
5361.249999999999	1.3675908327949315e-16	1.4153381226859974e-17
5361.499999999998	1.3695900665162372e-16	1.442862723004822e-17
5361.749999999999	1.3708220477378043e-16	1.504487182331655e-17
5361.999999999999	1.3698638374943934e-16	1.4306801723792634e-17
5362.249999999999	1.3661031192234574e-16	1.433209856128573e-17
5362.499999999998	1.3599195298908537e-16	1.4819013465781395e-17
5362.749999999999	1.3523828966376758e-16	1.447865676785665e-17
5363.0	1.3446658343270976e-16	1.3937776600198027e-17
5363.249999999999	1.3375348488779794e-16	1.409745058256159e-17
5363.499999999998	1.331234197784108e-16	1.4223006673379788e-17
5363.749999999999	1.3258220599607655e-16	1.4515654902294923e-17
5364.0	1.321697545737972e-16	1.4550583430840587e-17
5364.249999999999	1.3198853176620942e-16	1.444733805550417e-17
5364.499999999998	1.321779200645538e-16	1.395990037286137e-17
5364.749999999999	1.3284270560290084e-16	1.3602922307707986e-17
5364.999999999999	1.339791651509249e-16	1.411644761250948e-17
5365.249999999999	1.3544696096113436e-16	1.4676217276636366e-17
5365.499999999999	1.3700538114478437e-16	1.4468462593987548e-17
5365.749999999999	1.38391862085599e-16	1.401464980324503e-17
5365.999999999999	1.3939924611271944e-16	1.4357416905474754e-17
5366.249999999999	1.3991748668282922e-16	1.4817961292042228e-17
5366.499999999999	1.3993304884204671e-16	1.4724590798858467e-17
5366.749999999999	1.3950339813955848e-16	1.418569255594752e-17
5366.999999999999	1.3873077487353093e-16	1.4214724941086907e-17
5367.249999999999	1.377490075926207e-16	1.4931003794553725e-17
5367.499999999999	1.367196220049366e-16	1.4533935593832345e-17
5367.749999999999	1.358216404844153e-16	1.432082905262031e-17
5367.999999999999	1.352218221881751e-16	1.4140829588245094e-17
5368.249999999998	1.350275062243858e-16	1.392207340344932e-17
5368.499999999999	1.3524129594392036e-16	1.453041511314532e-17
5368.749999999999	1.3574280811854475e-16	1.4434137907289047e-17
5368.999999999999	1.3631297539101816e-16	1.4627658465957053e-17
5369.249999999998	1.3669740505367215e-16	1.4483360116819628e-17
5369.499999999999	1.3668785396671607e-16	1.4442409713414578e-17
5369.749999999999	1.3619210463875396e-16	1.460145834723505e-17
5369.999999999999	1.352643370334997e-16	1.4578763819949044e-17
5370.249999999998	1.3408064398024824e-16	1.3736458209895484e-17
5370.499999999999	1.3286542505836352e-16	1.3963745108348517e-17
5370.75	1.3179804376958446e-16	1.3929915075656323e-17
5370.999999999999	1.3094338516756887e-16	1.3790542587066651e-17
5371.249999999998	1.3024330106134462e-16	1.4070684672300598e-17
5371.499999999999	1.2957645067359603e-16	1.4475721931043313e-17
5371.749999999998	1.2885469131241377e-16	1.4373088669360184e-17
5371.999999999999	1.2809882590589995e-16	1.4749783411594382e-17
5372.249999999999	1.2744408770524557e-16	1.3619614812469306e-17
5372.499999999999	1.2706592452991328e-16	1.3650717630681913e-17
5372.749999999999	1.2706607375394308e-16	1.3913366500321588e-17
5372.999999999999	1.2738574767113266e-16	1.4020377201806348e-17
5373.249999999999	1.2779869783977737e-16	1.4214779535007335e-17
5373.499999999999	1.2799115562176089e-16	1.4771806268222994e-17
5373.749999999999	1.2768724579404662e-16	1.3950171074496522e-17
5373.999999999999	1.2675619940752681e-16	1.4631407248493144e-17
5374.249999999999	1.2525202006690215e-16	1.4069897196357447e-17
5374.499999999999	1.2337540311380176e-16	1.3756315507680432e-17
5374.749999999999	1.213875118136162e-16	1.3598593671562496e-17
5374.999999999998	1.1952379369419174e-16	1.3492104921044257e-17
5375.249999999999	1.1794611070463917e-16	1.460241125930071e-17
5375.499999999999	1.167428246394254e-16	1.3392053290052906e-17
5375.749999999999	1.159588846503808e-16	1.342350848720646e-17
5375.999999999998	1.1562648472180814e-16	1.3775540012296777e-17
5376.249999999999	1.157740125635926e-16	1.3652179258824294e-17
5376.499999999999	1.1640861714724436e-16	1.340865645930807e-17
5376.749999999999	1.1748532960528614e-16	1.361721516151229e-17
5376.999999999998	1.1888561055770023e-16	1.3373774252876709e-17
5377.249999999999	1.204258783760323e-16	1.3853381016660467e-17
5377.5	1.2190085210529686e-16	1.4150393450487433e-17
5377.749999999999	1.2314444192347925e-16	1.4228203021987846e-17
5377.999999999998	1.240766332264803e-16	1.413724789619274e-17
5378.249999999999	1.247112275206935e-16	1.3992567389612315e-17
5378.499999999998	1.2512490295882682e-16	1.3859338371432074e-17
5378.749999999999	1.2541424529907627e-16	1.3624393434868025e-17
5378.999999999998	1.2567170001894072e-16	1.432951941213579e-17
5379.249999999999	1.2598874188445677e-16	1.4366540707631214e-17
5379.499999999999	1.2646392369341385e-16	1.4112068518346626e-17
5379.749999999999	1.2718428077999674e-16	1.3730997163491409e-17
5379.999999999999	1.2817287156292181e-16	1.352342363339674e-17
5380.249999999999	1.2933407721897262e-16	1.393180270181417e-17
5380.499999999999	1.304465143977321e-16	1.4331512917412043e-17
5380.749999999999	1.31230306194636e-16	1.4710854637606412e-17
5380.999999999999	1.3146607219920515e-16	1.4764967138918406e-17
5381.249999999999	1.3110497092149075e-16	1.4238665202375416e-17
5381.499999999999	1.3031109699577363e-16	1.3893696145355077e-17
5381.749999999999	1.2941567804983724e-16	1.419379892595054e-17
5381.999999999999	1.2880709898208191e-16	1.409733146855338e-17
5382.249999999999	1.288039196723669e-16	1.3604416195894257e-17
5382.499999999999	1.295540992440002e-16	1.3655148837223359e-17
5382.749999999998	1.3098607083679503e-16	1.3886340855348255e-17
5382.999999999999	1.3282094024279956e-16	1.4144872847079254e-17
5383.249999999999	1.3464330522655563e-16	1.4385243261281038e-17
5383.499999999999	1.36016120431028e-16	1.4646516529562037e-17
5383.749999999998	1.3661050064252696e-16	1.507731715566333e-17
5383.999999999999	1.363097266821729e-16	1.4490219098458918e-17
5384.25	1.3524784558326366e-16	1.4623497747475912e-17
5384.499999999999	1.3376240192846797e-16	1.4494235887513475e-17
5384.749999999998	1.3227406733316325e-16	1.392377077806628e-17
5384.999999999999	1.3113926641926966e-16	1.3393466941719759e-17
5385.25	1.3053709609499727e-16	1.3678775597059711e-17
5385.499999999999	1.3043755380630773e-16	1.4856244865152407e-17
5385.749999999998	1.3065861016692414e-16	1.4377560407751645e-17
5385.999999999999	1.309760229658026e-16	1.42352903054762e-17
5386.249999999999	1.3122699236171807e-16	1.460857375486423e-17
5386.499999999999	1.3135925940369692e-16	1.4412571654358565e-17
5386.749999999999	1.314128494274141e-16	1.3700260786290164e-17
5386.999999999999	1.3145935896472265e-16	1.3991139675875048e-17
5387.249999999999	1.3154156010016512e-16	1.4128084389366877e-17
5387.499999999999	1.3164668383272058e-16	1.451426027578216e-17
5387.749999999999	1.3172034679853735e-16	1.41253116799536e-17
5387.999999999999	1.3170393456807559e-16	1.4257882262366248e-17
5388.249999999999	1.3157017642111525e-16	1.419502646197957e-17
5388.499999999999	1.313395880359733e-16	1.3633911802176673e-17
5388.749999999999	1.3107413733747054e-16	1.4300477100829054e-17
5388.999999999999	1.3085418274380016e-16	1.3442212695217509e-17
5389.249999999999	1.307480583905097e-16	1.400693220812991e-17
5389.499999999998	1.3078383163215997e-16	1.4191817001202863e-17
5389.749999999999	1.3093228151937255e-16	1.4302882542050358e-17
5389.999999999999	1.3110845767951376e-16	1.417578458657036e-17
5390.249999999999	1.3119416176443792e-16	1.3890122725108848e-17
5390.499999999998	1.3107520869146467e-16	1.478779070637997e-17
5390.749999999999	1.3067990934093738e-16	1.4629110995112696e-17
5390.999999999999	1.3000431562146766e-16	1.4008432713761082e-17
5391.249999999999	1.2911730694194642e-16	1.3904565298604023e-17
5391.499999999998	1.281483445765944e-16	1.4283253546114475e-17
5391.749999999999	1.2726436109998104e-16	1.4532188588378633e-17
5392.0	1.266386877269164e-16	1.4119577663947382e-17
5392.249999999999	1.2641274839408858e-16	1.3403908442592015e-17
5392.499999999998	1.2665714707824147e-16	1.3628937137972779e-17
5392.749999999999	1.2734793463497568e-16	1.4119728210818867e-17
5392.999999999998	1.2837341862026606e-16	1.4328852704562073e-17
5393.249999999999	1.2957225462383675e-16	1.4233280256587696e-17
5393.499999999999	1.3078527095930287e-16	1.400925824001241e-17
5393.749999999999	1.3189709013417221e-16	1.395933292696116e-17
5393.999999999999	1.3285389888458908e-16	1.4806180585758248e-17
5394.249999999999	1.3366013373945356e-16	1.3535345787565466e-17
5394.499999999999	1.3436548539364926e-16	1.405096964958101e-17
5394.749999999999	1.350490332790273e-16	1.4487664764727354e-17
5394.999999999999	1.3579676726387194e-16	1.4208708029311196e-17
5395.249999999999	1.3666477014784527e-16	1.3926616279373462e-17
5395.499999999999	1.3763034600706012e-16	1.4748617086930683e-17
5395.749999999999	1.3855236725533198e-16	1.3999348616274025e-17
5395.999999999999	1.3917403398852333e-16	1.4426569204684187e-17
5396.249999999998	1.3919036591348025e-16	1.480099085459509e-17
5396.499999999999	1.3836830175983777e-16	1.512116434557354e-17
5396.749999999999	1.366690971840549e-16	1.4887671110984522e-17
5396.999999999999	1.3430934958520308e-16	1.4072153745068492e-17
5397.249999999998	1.317227954590088e-16	1.3751077800041746e-17
5397.499999999999	1.2943588552990858e-16	1.357506617339965e-17
5397.749999999999	1.2791250485142402e-16	1.3979562456021756e-17
5397.999999999999	1.2743066178215034e-16	1.3770643103070463e-17
5398.249999999998	1.2802734299218902e-16	1.3810631495423114e-17
5398.499999999999	1.2951136422814066e-16	1.4175276697674253e-17
5398.75	1.315233323798976e-16	1.4252742162039844e-17
5398.999999999999	1.3362300804326619e-16	1.3659570117597455e-17
5399.249999999998	1.3539349505776987e-16	1.4667718823022996e-17
5399.499999999999	1.3655046032576695e-16	1.4931351210410997e-17
5399.749999999998	1.370299261952744e-16	1.487514428778802e-17
5399.999999999999	1.3701564122166582e-16	1.447310969466887e-17
5400.249999999999	1.3687750258451397e-16	1.405076285442787e-17
5400.499999999999	1.3703035364474884e-16	1.4013857364218205e-17
5400.749999999999	1.3776733356734974e-16	1.371677710158101e-17
5400.999999999999	1.3914218341063808e-16	1.387869274340459e-17
5401.249999999999	1.40953147582412e-16	1.4495178873411786e-17
5401.499999999999	1.428296377029936e-16	1.4959738394672592e-17
5401.749999999999	1.4437478442209832e-16	1.4776916590047347e-17
5401.999999999999	1.4530037643138236e-16	1.435220897633812e-17
5402.249999999999	1.4550819916000977e-16	1.4681575752644485e-17
5402.499999999999	1.4510319652267433e-16	1.5223789335450544e-17
5402.749999999999	1.4434730029857738e-16	1.4463628550487788e-17
5402.999999999999	1.4357241643932964e-16	1.414932638749724e-17
5403.249999999999	1.430752585172224e-16	1.431490643943443e-17
5403.499999999999	1.430226383175667e-16	1.431195836773129e-17
5403.749999999999	1.4339900659186814e-16	1.4074241548934576e-17
5403.999999999998	1.4401808711648898e-16	1.445459242947626e-17
5404.249999999999	1.4459507713868933e-16	1.5318738089243056e-17
5404.499999999999	1.4484759707406298e-16	1.4656945622725106e-17
5404.749999999999	1.4458125192822077e-16	1.4591911028604962e-17
5404.999999999998	1.4372899767569032e-16	1.4244915379083867e-17
5405.249999999999	1.4234308320557435e-16	1.4214033418094812e-17
5405.5	1.4056253320252765e-16	1.4714155088250498e-17
5405.749999999999	1.3858188117404232e-16	1.43865915656795e-17
5405.999999999998	1.3663074171181116e-16	1.4137664795221467e-17
5406.249999999999	1.3495567797525112e-16	1.3973927701689045e-17
5406.5	1.3379092537811304e-16	1.3889325322998346e-17
5406.749999999999	1.3331427818503706e-16	1.426236392692506e-17
5406.999999999998	1.3359896571077892e-16	1.4140260487983658e-17
5407.249999999999	1.345810540681217e-16	1.3277107444951924e-17
5407.499999999999	1.3606049549276526e-16	1.4102373961567504e-17
5407.749999999999	1.3774394457774026e-16	1.4897264751728912e-17
5407.999999999999	1.3932251025235101e-16	1.455437522676853e-17
5408.249999999999	1.405623257862525e-16	1.4409989196486174e-17
5408.499999999999	1.4137565442836808e-16	1.4768492582689107e-17
5408.749999999999	1.4184115246152557e-16	1.4956298977685596e-17
5408.999999999999	1.4215783808201403e-16	1.4482886969509248e-17
5409.249999999999	1.4254639442469572e-16	1.4261058635918452e-17
5409.499999999999	1.4314136215219798e-16	1.3979742781395293e-17
5409.749999999999	1.4392887274592044e-16	1.4654318497099637e-17
5409.999999999999	1.4476319515427777e-16	1.4775507074283556e-17
5410.249999999999	1.454492643103568e-16	1.4876390021790524e-17
5410.499999999999	1.4583782307196108e-16	1.48007344286052e-17
5410.749999999998	1.458758577222918e-16	1.413906603917913e-17
5410.999999999999	1.4559182546737399e-16	1.4406612645225733e-17
5411.249999999999	1.4504397221148932e-16	1.4427887730580597e-17
5411.499999999999	1.4428136585385336e-16	1.452698396796445e-17
5411.749999999998	1.433453272570597e-16	1.49153915876724e-17
5411.999999999999	1.422954977201707e-16	1.4776139040271547e-17
5412.249999999999	1.4122031437318017e-16	1.429064523206825e-17
5412.499999999999	1.4020890649562936e-16	1.4400470001996914e-17
5412.749999999998	1.393039923646228e-16	1.3556108020940547e-17
5412.999999999999	1.3848162151601283e-16	1.4623810421747457e-17
5413.25	1.376857589590371e-16	1.5233169563596896e-17
5413.499999999999	1.368978488429498e-16	1.4711637150465887e-17
5413.749999999998	1.361874817227721e-16	1.4017635925256347e-17
5413.999999999999	1.3570184297189884e-16	1.3865264293340404e-17
5414.249999999998	1.3559804015464643e-16	1.3898966940218264e-17
5414.499999999999	1.359621135715704e-16	1.448300773787868e-17
5414.749999999999	1.3676116894046454e-16	1.4307298032160166e-17
5414.999999999999	1.378470751102647e-16	1.4055634948235808e-17
5415.249999999999	1.390009981421067e-16	1.4285223890333576e-17
5415.499999999999	1.3999689499259654e-16	1.460787065134356e-17
5415.749999999999	1.4066436675434257e-16	1.4687379251822157e-17
5415.999999999999	1.409342157707552e-16	1.4771637523378033e-17
5416.249999999999	1.4085250609110234e-16	1.4531869296662188e-17
5416.499999999999	1.4055796398057426e-16	1.3697021547011406e-17
5416.749999999999	1.4023305904457252e-16	1.4480011689700013e-17
5416.999999999999	1.4004920572478442e-16	1.4397728725446913e-17
5417.249999999999	1.4012244343722738e-16	1.410061372122399e-17
5417.499999999998	1.404844590669842e-16	1.4423209197035997e-17
5417.749999999999	1.410688811461595e-16	1.3676872254470227e-17
5417.999999999999	1.4171747394477395e-16	1.4897013288822696e-17
5418.249999999999	1.422134276155529e-16	1.4574196128606526e-17
5418.499999999998	1.423388779949863e-16	1.462470543117024e-17
5418.749999999999	1.4193716682281723e-16	1.4726534673297967e-17
5418.999999999999	1.409541005357295e-16	1.4396085944750383e-17
5419.249999999999	1.3944493010524305e-16	1.3948753286926606e-17
5419.499999999998	1.375545434161033e-16	1.4733299356347426e-17
5419.749999999999	1.3548915599322741e-16	1.405549267317045e-17
5420.0	1.3349077075039132e-16	1.4096674687147014e-17
5420.249999999999	1.318107424338222e-16	1.4130200317373788e-17
5420.499999999998	1.306726358579827e-16	1.4009872008026924e-17
5420.749999999999	1.3022444577378741e-16	1.3672717326253373e-17
5420.999999999998	1.3049703554325813e-16	1.3512520565742678e-17
5421.249999999999	1.3139249026760218e-16	1.4575446825692706e-17
5421.499999999999	1.3271386424544223e-16	1.4447339709865394e-17
5421.749999999999	1.3422441071331338e-16	1.4246963478280548e-17
5421.999999999999	1.3570776884605752e-16	1.421160316145513e-17
5422.249999999999	1.3700311065148974e-16	1.4395051968984692e-17
5422.499999999999	1.3800777346459296e-16	1.444649929436304e-17
5422.749999999999	1.3866010848373331e-16	1.4198773590154434e-17
5422.999999999999	1.389238285932926e-16	1.4589540328969385e-17
5423.249999999999	1.3878898553730787e-16	1.464585313071077e-17
5423.499999999999	1.3828919746844194e-16	1.4397166242630377e-17
5423.749999999999	1.3751991295491245e-16	1.42270929456058e-17
5423.999999999999	1.3663714976484062e-16	1.4204678005366838e-17
5424.249999999998	1.358246268929585e-16	1.415463026958493e-17
5424.499999999999	1.352360366190876e-16	1.3940807389962422e-17
5424.749999999999	1.3493762044486621e-16	1.3982872832833193e-17
5424.999999999999	1.3488185583476033e-16	1.4517709618936505e-17
5425.249999999998	1.349308197410785e-16	1.4195605488408356e-17
5425.499999999999	1.349233690442737e-16	1.4370914838710394e-17
5425.749999999999	1.347567649809217e-16	1.4702094794919475e-17
5425.999999999999	1.3444338335585317e-16	1.4598315060907347e-17
5426.249999999998	1.3411279272686813e-16	1.4091360878891973e-17
5426.499999999999	1.3395603253828316e-16	1.4498939236476452e-17
5426.75	1.3413979169261192e-16	1.3232296589628089e-17
5426.999999999999	1.3473520930960441e-16	1.3966102573094293e-17
5427.249999999998	1.356959688376862e-16	1.4612360587708498e-17
5427.499999999999	1.3688784792396522e-16	1.4673346959910807e-17
5427.749999999998	1.3814005288957277e-16	1.445218533389373e-17
5427.999999999999	1.39282125529288e-16	1.4382804732835232e-17
5428.249999999998	1.4015286058818477e-16	1.4545635236416295e-17
5428.499999999999	1.4059773249688824e-16	1.4211384785773417e-17
5428.749999999999	1.4048099491371325e-16	1.4614319351399023e-17
5428.999999999999	1.3972049176989305e-16	1.5154797509279946e-17
5429.249999999999	1.3832696628914237e-16	1.4444502480364337e-17
5429.499999999999	1.36421587900157e-16	1.3126582907343812e-17
5429.749999999999	1.342218632701379e-16	1.4217229643981717e-17
5429.999999999999	1.3200812668886326e-16	1.455930026013567e-17
5430.249999999999	1.3008790548546487e-16	1.4077088704602983e-17
5430.499999999999	1.2876118059809622e-16	1.3885546761960204e-17
5430.749999999999	1.2827537440744733e-16	1.3808302154818165e-17
5430.999999999999	1.2876395718360537e-16	1.3617763582258413e-17
5431.249999999999	1.3018545871477377e-16	1.3431446939545131e-17
5431.499999999999	1.3229905547572483e-16	1.3786859151798953e-17
5431.749999999999	1.3470714931638568e-16	1.463554976900081e-17
5431.999999999998	1.3696211555583097e-16	1.4824039415183268e-17
5432.249999999999	1.3869481015826494e-16	1.474326026528379e-17
5432.499999999999	1.3970506572541342e-16	1.434227784590381e-17
5432.749999999999	1.399739200852362e-16	1.41541802833317e-17
5432.999999999998	1.396024896560855e-16	1.4351649802244034e-17
5433.249999999999	1.387238931565674e-16	1.4129955471912472e-17
5433.499999999999	1.374453927365649e-16	1.4394272764847667e-17
5433.749999999999	1.3585119535443379e-16	1.4317244051845504e-17
5433.999999999998	1.34050000797208e-16	1.4827402731553908e-17
5434.249999999999	1.322172611477286e-16	1.446864788244476e-17
5434.5	1.3058545096965574e-16	1.3775449849610009e-17
5434.749999999999	1.2937576209102953e-16	1.369127181457355e-17
5434.999999999998	1.287121738946006e-16	1.3598697896319678e-17
5435.249999999999	1.2857587622895537e-16	1.4052076417240605e-17
5435.499999999998	1.2883011396536965e-16	1.468876064344512e-17
5435.749999999999	1.2929551069075643e-16	1.420650938324303e-17
5435.999999999999	1.2982457014381913e-16	1.4010944034100793e-17
5436.249999999999	1.3033356427490352e-16	1.415454589716245e-17
5436.499999999999	1.3078643759641207e-16	1.4131672698864132e-17
5436.749999999999	1.311562828654958e-16	1.440968975710443e-17
5436.999999999999	1.3139595744256672e-16	1.435860142811193e-17
5437.249999999999	1.3143631563895307e-16	1.3584380227096997e-17
5437.499999999999	1.3121370907193274e-16	1.4081208064053497e-17
5437.749999999999	1.3071465838117665e-16	1.4456104515636006e-17
5437.999999999999	1.300140151631956e-16	1.4402537953528297e-17
5438.249999999999	1.2927780588509252e-16	1.4301883307870394e-17
5438.499999999999	1.2871405379122e-16	1.353536315835833e-17
5438.749999999998	1.2848532920051585e-16	1.3699284713167351e-17
5438.999999999999	1.286266274360791e-16	1.4173801007461458e-17
5439.249999999999	1.290157477648148e-16	1.4376956565904482e-17
5439.499999999999	1.2941408187573147e-16	1.4300266996953465e-17
5439.749999999998	1.2955522497612064e-16	1.42828664255878e-17
5439.999999999999	1.2923716013598833e-16	1.4404993025586354e-17
5440.249999999999	1.2838232433565142e-16	1.3887871139481478e-17
5440.499999999999	1.2705444834768318e-16	1.439174655525693e-17
5440.749999999998	1.25439468697491e-16	1.4033559152047993e-17
5440.999999999999	1.2380145949459693e-16	1.4114660902386367e-17
5441.25	1.2242218122953108e-16	1.366954095270117e-17
5441.499999999999	1.21535587407854e-16	1.3238354033253815e-17
5441.749999999998	1.212753783700917e-16	1.3783257607411897e-17
5441.999999999999	1.2165322205072636e-16	1.359503762210913e-17
5442.249999999998	1.2257162861272138e-16	1.4090752073961134e-17
5442.499999999999	1.2385803190534192e-16	1.3789095848175296e-17
5442.749999999999	1.2530153512654525e-16	1.3829486250305648e-17
5442.999999999999	1.266852153177592e-16	1.357225045059452e-17
5443.249999999999	1.2782061870984983e-16	1.353828558746248e-17
5443.499999999999	1.285891832464784e-16	1.4483666173646273e-17
5443.749999999999	1.2897753878229427e-16	1.4423788223464784e-17
5443.999999999999	1.2908055889315567e-16	1.3813973305097828e-17
5444.249999999999	1.2905785851692694e-16	1.3463491089294823e-17
5444.499999999999	1.2906182744094616e-16	1.3615054565752301e-17
5444.749999999999	1.2917975256921555e-16	1.3665234650432218e-17
5444.999999999999	1.2942366149652564e-16	1.3770424727388749e-17
5445.249999999999	1.2976376910069512e-16	1.4286578812176938e-17
5445.499999999998	1.3016760677582302e-16	1.3897668266656556e-17
5445.749999999999	1.306078699648821e-16	1.3896624364723514e-17
5445.999999999999	1.31036840915586e-16	1.367243112176143e-17
5446.249999999999	1.3136118995037386e-16	1.392455163656453e-17
5446.499999999998	1.3145329498492072e-16	1.4307848934448126e-17
5446.749999999999	1.3120050457013059e-16	1.4512577790416226e-17
5446.999999999999	1.3055470834816642e-16	1.4348339425432597e-17
5447.249999999999	1.2954003912173754e-16	1.3286929387545379e-17
5447.499999999998	1.2821334411831364e-16	1.370430983538861e-17
5447.749999999999	1.2661652890042062e-16	1.4056394300038132e-17
5448.0	1.2476974139260212e-16	1.43058901707576e-17
5448.249999999999	1.2271981147059024e-16	1.414778121411299e-17
5448.499999999998	1.2060992899690731e-16	1.376998135858042e-17
5448.749999999999	1.1871396218282722e-16	1.3685259865881514e-17
5448.999999999998	1.1739643323849655e-16	1.3437916319115908e-17
5449.249999999999	1.1700081120666122e-16	1.3344510257165808e-17
5449.499999999998	1.1770856988520267e-16	1.2799222044022889e-17
5449.749999999999	1.1943158377534318e-16	1.3312220434774188e-17
5449.999999999999	1.2179337634832743e-16	1.396582298604725e-17
5450.249999999999	1.242206467722352e-16	1.418098755262332e-17
5450.499999999999	1.2611677614591393e-16	1.4302149660027636e-17
5450.749999999999	1.270478484044843e-16	1.4176218029211338e-17
5450.999999999999	1.2686450980340177e-16	1.4429386581850543e-17
5451.249999999999	1.2571613175071724e-16	1.3732276811899029e-17
5451.499999999999	1.239673625355011e-16	1.4023836471128044e-17
5451.749999999999	1.2206868082145868e-16	1.3827714429433559e-17
5451.999999999999	1.2044028914982398e-16	1.3171706436939192e-17
5452.249999999999	1.1940453983096653e-16	1.3768156598149129e-17
5452.499999999999	1.1916600277516107e-16	1.3704567088559115e-17
5452.749999999999	1.1981309397151345e-16	1.3570162646728436e-17
5452.999999999999	1.2131370253792628e-16	1.3487923523047801e-17
5453.249999999998	1.2349770455360457e-16	1.3757422275340028e-17
5453.499999999999	1.2604674987877864e-16	1.3806440171259308e-17
5453.749999999999	1.2852541222840772e-16	1.3668195957025158e-17
5453.999999999999	1.304733387928356e-16	1.4168894172067794e-17
5454.249999999998	1.3154011637466314e-16	1.5448042962597345e-17
5454.499999999999	1.316085624611999e-16	1.444484658749916e-17
5454.75	1.3084673637816006e-16	1.396184424730087e-17
5454.999999999999	1.2966151182327212e-16	1.399287675516141e-17
5455.249999999998	1.2857431520469528e-16	1.4095670489883374e-17
5455.499999999999	1.2806962147390562e-16	1.3904361812173335e-17
5455.75	1.284649824850313e-16	1.351684672034633e-17
5455.999999999999	1.2983088228455587e-16	1.3700558571310683e-17
5456.249999999998	1.3197085101446506e-16	1.408653510719834e-17
5456.499999999999	1.3446380828445913e-16	1.393369859977814e-17
5456.749999999999	1.3676304577868608e-16	1.4418277546223956e-17
5456.999999999999	1.3833213354028856e-16	1.483092817532461e-17
5457.249999999999	1.3878279195502077e-16	1.4690979141847988e-17
5457.499999999999	1.3797550393799023e-16	1.437746445480059e-17
5457.749999999999	1.3605481737353116e-16	1.4544563210342426e-17
5457.999999999999	1.3341126302074543e-16	1.431353993706249e-17
5458.249999999999	1.3058104119565138e-16	1.4006245648221492e-17
5458.499999999999	1.2810946729948314e-16	1.341486775852773e-17
5458.749999999999	1.2641515905291965e-16	1.3341447207357524e-17
5458.999999999999	1.2569575044573858e-16	1.3766256564282094e-17
5459.249999999999	1.2590573555390348e-16	1.375147732827761e-17
5459.499999999999	1.2681077109842961e-16	1.3963326554958565e-17
5459.749999999999	1.2809137931920715e-16	1.4270012038868726e-17
5459.999999999998	1.2944887251413473e-16	1.4419471995028482e-17
5460.249999999999	1.3067066104047831e-16	1.398725192699605e-17
5460.499999999999	1.316381104171634e-16	1.4013500022193582e-17
5460.749999999999	1.322922215831834e-16	1.4381377019097965e-17
5460.999999999998	1.3259175424070686e-16	1.402070807405137e-17
5461.249999999999	1.3249491074139735e-16	1.4566701872256796e-17
5461.499999999999	1.3197478096560564e-16	1.40523857827897e-17
5461.749999999999	1.3105547642579766e-16	1.4528977473240702e-17
5461.999999999998	1.2984371514671425e-16	1.3815544948261679e-17
5462.249999999999	1.2853327066811122e-16	1.3733184229030999e-17
5462.5	1.2737307181093984e-16	1.433168993406313e-17
5462.749999999999	1.2660761492437692e-16	1.3453870978770831e-17
5462.999999999998	1.2641286874408265e-16	1.2831024657033715e-17
5463.249999999999	1.268540919661634e-16	1.4335779515011592e-17
5463.499999999998	1.2787875899716336e-16	1.404803812149012e-17
5463.749999999999	1.293372865428315e-16	1.3749487131723807e-17
5463.999999999999	1.3101420820391741e-16	1.3746804584997297e-17
5464.249999999999	1.3266203661547117e-16	1.3958087192958654e-17
5464.499999999999	1.3404595303081952e-16	1.4415728175576067e-17
5464.749999999999	1.3500609376276681e-16	1.4590663640241232e-17
5464.999999999999	1.3552045777992606e-16	1.4928573537914044e-17
5465.249999999999	1.3572905954075551e-16	1.435736396591555e-17
5465.499999999999	1.3588776306761588e-16	1.3887996870934586e-17
5465.749999999999	1.362602403007465e-16	1.3713564332081854e-17
5465.999999999999	1.3699829509270155e-16	1.4014669655579732e-17
5466.249999999999	1.3807107100983497e-16	1.4663374470445868e-17
5466.499999999999	1.3927579623694924e-16	1.3967268897757993e-17
5466.749999999998	1.4031999460972515e-16	1.434182124220568e-17
5466.999999999999	1.4093472926385252e-16	1.4336404863554682e-17
5467.249999999999	1.4097116991809944e-16	1.4800013127111052e-17
5467.499999999999	1.404437340037959e-16	1.470817126369929e-17
5467.749999999998	1.3950504957689436e-16	1.4158403867539396e-17
5467.999999999999	1.3836663608554055e-16	1.4327686379898373e-17
5468.249999999999	1.3720603232110556e-16	1.437107531174923e-17
5468.499999999999	1.3610920396240603e-16	1.4046934662552975e-17
5468.749999999998	1.350764187907418e-16	1.435407509580004e-17
5468.999999999999	1.3407864695033848e-16	1.4396021424662604e-17
5469.25	1.3311822723031637e-16	1.4322337830057605e-17
5469.499999999999	1.3224795703569462e-16	1.40356353753855e-17
5469.749999999998	1.315375034074998e-16	1.341492566117061e-17
5469.999999999999	1.3101758667216335e-16	1.3976273585906245e-17
5470.249999999998	1.306471014440621e-16	1.419343000339734e-17
5470.499999999999	1.3032703467970949e-16	1.4404847441798545e-17
5470.749999999998	1.2994825193519994e-16	1.37476350743323e-17
5470.999999999999	1.2943854614735537e-16	1.3766862060490483e-17
5471.249999999999	1.2878031398583794e-16	1.4343187744577617e-17
5471.499999999999	1.2799325953640088e-16	1.4094811876407544e-17
5471.749999999999	1.2709974169332798e-16	1.4010714077890503e-17
5471.999999999999	1.2610107761199958e-16	1.3436531618770494e-17
5472.249999999999	1.2498720054062272e-16	1.414432690787497e-17
5472.499999999999	1.2377900151235105e-16	1.4224755333194725e-17
5472.749999999999	1.2257412599891246e-16	1.4022640367962293e-17
5472.999999999999	1.215547942313987e-16	1.3727799283243279e-17
5473.249999999999	1.209360298322172e-16	1.32837480509095e-17
5473.499999999999	1.2087425876586284e-16	1.3468225871121076e-17
5473.749999999999	1.2138714740658127e-16	1.3377004393168728e-17
5473.999999999999	1.2232984228941773e-16	1.3977618581582257e-17
5474.249999999999	1.2343665715477445e-16	1.3898152994495512e-17
5474.499999999998	1.244010849406025e-16	1.3959273369957056e-17
5474.749999999999	1.2495658314635502e-16	1.4057558970340606e-17
5474.999999999999	1.2493511204414438e-16	1.3772230462665952e-17
5475.249999999999	1.2429879655790216e-16	1.4587335065456318e-17
5475.499999999998	1.2314577921781615e-16	1.3589115836103863e-17
5475.749999999999	1.2168698586280307e-16	1.3857259666552728e-17
5476.0	1.2019073930391155e-16	1.3465298478933251e-17
5476.249999999999	1.1890510201079204e-16	1.3491582970077736e-17
5476.499999999998	1.1798571481758699e-16	1.3645426156303411e-17
5476.749999999999	1.1746326539490177e-16	1.3201205351944058e-17
5477.0	1.1726818215449614e-16	1.3660211182572184e-17
5477.249999999999	1.1729701029380612e-16	1.4095574536932318e-17
5477.499999999998	1.1747620362670297e-16	1.3654088391678066e-17
5477.749999999999	1.17779364098392e-16	1.3518141258004976e-17
5477.999999999999	1.1818835345873666e-16	1.3486326237284962e-17
5478.249999999999	1.1863400464486888e-16	1.3512613209971284e-17
5478.499999999999	1.1897160956761032e-16	1.3811082308856955e-17
5478.749999999999	1.1902156707314182e-16	1.4325257777619918e-17
5478.999999999999	1.1865579190752667e-16	1.3775539185116164e-17
5479.249999999999	1.1787556237723255e-16	1.3640027148445277e-17
5479.499999999999	1.1683182330167428e-16	1.3781207026673378e-17
5479.749999999999	1.1577593846253733e-16	1.3632503940774107e-17
5479.999999999999	1.1496793524954293e-16	1.3432269157074009e-17
5480.249999999999	1.1458745568126113e-16	1.343338088781728e-17
5480.499999999999	1.1468541737474573e-16	1.3079243360887402e-17
5480.749999999999	1.151913584842654e-16	1.4158344310535292e-17
5480.999999999999	1.1596477545762316e-16	1.3434497581644226e-17
5481.249999999998	1.1686036775247552e-16	1.3433514063895901e-17
5481.499999999999	1.1777540187457836e-16	1.359780784998057e-17
5481.749999999999	1.1866214185674428e-16	1.350072414302706e-17
5481.999999999999	1.1950985976449903e-16	1.3434527360146278e-17
5482.249999999998	1.2031622732949727e-16	1.393594356796061e-17
5482.499999999999	1.2106968678977528e-16	1.3487033476708694e-17
5482.749999999999	1.2175370696339347e-16	1.3841370354166197e-17
5482.999999999999	1.2236760678344415e-16	1.3927737936284084e-17
5483.249999999998	1.2294551466769865e-16	1.3877443700679635e-17
5483.499999999999	1.235540039524603e-16	1.3666075065934572e-17
5483.75	1.2426309585373013e-16	1.3419653825551962e-17
5483.999999999999	1.2510626743363235e-16	1.357264253420487e-17
5484.249999999998	1.2605700149303278e-16	1.3742168237663938e-17
5484.499999999999	1.2704079709893468e-16	1.4096492707412252e-17
5484.749999999998	1.2797738826653667e-16	1.3545937008128595e-17
5484.999999999999	1.288259425689479e-16	1.3975175090052775e-17
5485.249999999999	1.2960301652350005e-16	1.4454034909743398e-17
5485.499999999999	1.3036157816070902e-16	1.3902783551564584e-17
5485.749999999999	1.3114661003319772e-16	1.3308632952457545e-17
5485.999999999999	1.3195840862878705e-16	1.4810339649878164e-17
5486.249999999999	1.3274768701993136e-16	1.4235511989880364e-17
5486.499999999999	1.3344342611086954e-16	1.405878485200841e-17
5486.749999999999	1.3399408223708194e-16	1.395441451103892e-17
5486.999999999999	1.343984639597834e-16	1.412725886311555e-17
5487.249999999999	1.3471121410827573e-16	1.433489443175616e-17
5487.499999999999	1.350183469034271e-16	1.3860426941118194e-17
5487.749999999999	1.353868907297681e-16	1.388031567176642e-17
5487.999999999998	1.3580364881853302e-16	1.4093298135886572e-17
5488.249999999999	1.361312830331523e-16	1.4354468833771615e-17
5488.499999999999	1.3611399542654047e-16	1.427732596984492e-17
5488.749999999999	1.3544762969897235e-16	1.441186689647667e-17
5488.999999999998	1.3389367841056207e-16	1.475374560672851e-17
5489.249999999999	1.3138659507491888e-16	1.453462049937954e-17
5489.499999999999	1.2808426718973257e-16	1.3848740533424045e-17
5489.749999999999	1.243449982238228e-16	1.3466819664079736e-17
5489.999999999998	1.2065354587881472e-16	1.3813709434482424e-17
5490.249999999999	1.1753163867423234e-16	1.3809539617014544e-17
5490.5	1.1545023813084806e-16	1.3271427195685523e-17
5490.749999999999	1.1473970493824525e-16	1.2852824174896937e-17
5490.999999999998	1.1549872070588488e-16	1.3219953400527573e-17
5491.249999999999	1.175291765918766e-16	1.3070846650489377e-17
5491.499999999998	1.2034160938919553e-16	1.3792147317455004e-17
5491.749999999999	1.2325852388320215e-16	1.4160610785413688e-17
5491.999999999998	1.2559735459219093e-16	1.4267702550598478e-17
5492.249999999999	1.2686977421845573e-16	1.4293796790202076e-17
5492.499999999999	1.2691738757232043e-16	1.429605003019067e-17
5492.749999999999	1.2592633066263976e-16	1.411632684414005e-17
5492.999999999999	1.2431640867838676e-16	1.318991433658271e-17
5493.249999999999	1.2256067207329758e-16	1.3705856663134085e-17
5493.499999999999	1.2102569541670942e-16	1.3370277760427447e-17
5493.749999999999	1.1990644186694214e-16	1.3955741308741454e-17
5493.999999999999	1.1926707840678814e-16	1.3816135555219042e-17
5494.249999999999	1.191306300165358e-16	1.3230419716818206e-17
5494.499999999999	1.1953539526688326e-16	1.3509928181702937e-17
5494.749999999998	1.2051314154108747e-16	1.3065075411355594e-17
5494.999999999999	1.2201305106739367e-16	1.365532089079077e-17
5495.249999999999	1.238419053622746e-16	1.372002378548528e-17
5495.499999999999	1.2568131098962348e-16	1.4189128664212066e-17
5495.749999999998	1.2718806963979608e-16	1.4186799323607116e-17
5495.999999999999	1.281266388469266e-16	1.4010689262472127e-17
5496.249999999999	1.284610758294748e-16	1.4204864948185275e-17
5496.499999999999	1.2835734836221564e-16	1.3729825048563421e-17
5496.749999999998	1.280961835242068e-16	1.3890258382729306e-17
5496.999999999999	1.2794240857851998e-16	1.3517846781706907e-17
5497.25	1.2803544307235794e-16	1.3623718455488182e-17
5497.499999999999	1.2835008383063585e-16	1.3975841797626493e-17
5497.749999999998	1.2873704089370085e-16	1.4105500704282955e-17
5497.999999999999	1.2901174582560125e-16	1.3989116392096744e-17
5498.249999999998	1.2904130519885116e-16	1.4135567065188032e-17
5498.499999999999	1.287907797910378e-16	1.3872923158632032e-17
5498.749999999998	1.283186402118804e-16	1.3572816242133506e-17
5498.999999999999	1.2773501839576607e-16	1.4149233743268633e-17
5499.249999999999	1.2714453707071834e-16	1.4110422428927645e-17
5499.499999999999	1.2659447291933505e-16	1.3590529487770717e-17
5499.749999999999	1.260488194063949e-16	1.3508425194529928e-17
5499.999999999999	1.2540641308870148e-16	1.4034260601207438e-17
5500.249999999999	1.245638399746958e-16	1.3676428885661898e-17
5500.499999999999	1.23492366540838e-16	1.4542443973613066e-17
5500.749999999999	1.222771680948993e-16	1.405248008137953e-17
5500.999999999999	1.210843433264028e-16	1.3072715251493134e-17
5501.249999999999	1.2007242043767778e-16	1.2981985946005255e-17
5501.499999999999	1.193096639752623e-16	1.3736178622848441e-17
5501.749999999999	1.1875545922997133e-16	1.3867137030247224e-17
5501.999999999999	1.183146038310337e-16	1.3764108376231294e-17
5502.249999999999	1.1791885982392273e-16	1.3869488704728712e-17
5502.499999999998	1.1757333899756733e-16	1.3186618021841686e-17
5502.749999999999	1.1733153053888612e-16	1.3524960534974863e-17
5502.999999999999	1.172051002827324e-16	1.3717203926777087e-17
5503.249999999999	1.1704604848042946e-16	1.3297305541149244e-17
5503.499999999998	1.1645271103150991e-16	1.3407507505437234e-17
5503.749999999999	1.1475250053679806e-16	1.3494387939534903e-17
5503.999999999999	1.1110218281016497e-16	1.4113980959922848e-17
5504.249999999999	1.0471200339976096e-16	1.4007205177732053e-17
5504.499999999998	9.514234102846022e-17	1.3658268962493909e-17
5504.749999999999	8.256228641055648e-17	1.3466376295271408e-17
5505.0	6.783903562965532e-17	1.3676233671037336e-17
5505.249999999999	5.23782869754667e-17	100000.0
5505.499999999998	3.7750723226182304e-17	100000.0
5505.749999999999	2.525552312688786e-17	100000.0
5505.999999999998	1.5609413802456884e-17	100000.0
5506.249999999999	8.877658959330332e-18	100000.0
5506.499999999999	4.630914286974872e-18	100000.0
5506.749999999999	2.2095961189392733e-18	100000.0
5506.999999999999	9.621935684633013e-19	100000.0
5507.249999999999	3.816878828496795e-19	100000.0
5507.499999999999	1.377140383289114e-19	100000.0
5507.749999999999	4.513293820731956e-20	100000.0
5507.999999999999	1.3418444370511449e-20	100000.0
5508.249999999999	3.611946778576637e-21	100000.0
5508.499999999999	8.764653414067121e-22	100000.0
5508.749999999999	1.884036853020736e-22	100000.0
5508.999999999999	3.2363885614468735e-23	100000.0
5509.249999999998	0.0	100000.0
5509.499999999999	0.0	100000.0
5509.749999999999	0.0	100000.0
5509.999999999999	0.0	100000.0
5510.249999999998	0.0	100000.0
5510.499999999999	0.0	100000.0
5510.749999999999	0.0	100000.0
5510.999999999999	0.0	100000.0
5511.249999999998	0.0	100000.0
5511.499999999999	0.0	100000.0
5511.75	0.0	100000.0
5511.999999999999	0.0	100000.0
5512.249999999998	0.0	100000.0
5512.499999999999	0.0	100000.0
5512.749999999998	0.0	100000.0
5512.999999999999	0.0	100000.0
5513.249999999999	0.0	100000.0
5513.499999999999	0.0	100000.0
5513.749999999999	0.0	100000.0
5513.999999999999	0.0	100000.0
5514.249999999999	0.0	100000.0
5514.499999999999	0.0	100000.0
5514.749999999999	0.0	100000.0
5514.999999999999	0.0	100000.0
5515.249999999999	0.0	100000.0
5515.499999999999	0.0	100000.0
5515.749999999999	0.0	100000.0
5515.999999999998	0.0	100000.0
5516.249999999999	0.0	100000.0
5516.499999999999	0.0	100000.0
5516.749999999999	0.0	100000.0
5516.999999999998	0.0	100000.0
5517.249999999999	0.0	100000.0
5517.499999999999	0.0	100000.0
5517.749999999999	0.0	100000.0
5517.999999999998	0.0	100000.0
5518.249999999999	0.0	100000.0
5518.5	0.0	100000.0
5518.749999999999	0.0	100000.0
5518.999999999998	0.0	100000.0
5519.249999999999	0.0	100000.0
5519.499999999998	0.0	100000.0
5519.749999999999	0.0	100000.0
5519.999999999998	0.0	100000.0
5520.249999999999	0.0	100000.0
5520.499999999999	0.0	100000.0
5520.749999999999	0.0	100000.0
5520.999999999999	0.0	100000.0
5521.249999999999	0.0	100000.0
5521.499999999999	0.0	100000.0
5521.749999999999	0.0	100000.0
5521.999999999999	0.0	100000.0
5522.249999999999	0.0	100000.0
5522.499999999999	0.0	100000.0
5522.749999999999	0.0	100000.0
5522.999999999999	0.0	100000.0
5523.249999999999	0.0	100000.0
5523.499999999999	0.0	100000.0
5523.749999999998	0.0	100000.0
5523.999999999999	0.0	100000.0
5524.249999999999	0.0	100000.0
5524.499999999999	0.0	100000.0
5524.749999999998	0.0	100000.0
5524.999999999999	0.0	100000.0
5525.249999999999	0.0	100000.0
5525.499999999999	0.0	100000.0
5525.749999999998	0.0	100000.0
5525.999999999999	0.0	100000.0
5526.25	0.0	100000.0
5526.499999999999	0.0	100000.0
5526.749999999998	0.0	100000.0
5526.999999999999	0.0	100000.0
5527.249999999998	0.0	100000.0
5527.499999999999	0.0	100000.0
5527.749999999999	0.0	100000.0
5527.999999999999	0.0	100000.0
5528.249999999999	0.0	100000.0
5528.499999999999	0.0	100000.0
5528.749999999999	0.0	100000.0
5528.999999999999	0.0	100000.0
5529.249999999999	0.0	100000.0
5529.499999999999	0.0	100000.0
5529.749999999999	0.0	100000.0
5529.999999999999	0.0	100000.0
5530.249999999999	0.0	100000.0
5530.499999999998	0.0	100000.0
5530.749999999999	0.0	100000.0
5530.999999999999	0.0	100000.0
5531.249999999999	0.0	100000.0
5531.499999999998	0.0	100000.0
5531.749999999999	0.0	100000.0
5531.999999999999	0.0	100000.0
5532.249999999999	0.0	100000.0
5532.499999999998	0.0	100000.0
5532.749999999999	0.0	100000.0
5533.0	0.0	100000.0
5533.249999999999	0.0	100000.0
5533.499999999998	0.0	100000.0
5533.749999999999	0.0	100000.0
5533.999999999998	0.0	100000.0
5534.249999999999	0.0	100000.0
5534.499999999999	0.0	100000.0
5534.749999999999	0.0	100000.0
5534.999999999999	0.0	100000.0
5535.249999999999	0.0	100000.0
5535.499999999999	0.0	100000.0
5535.749999999999	0.0	100000.0
5535.999999999999	0.0	100000.0
5536.249999999999	0.0	100000.0
5536.499999999999	0.0	100000.0
5536.749999999999	0.0	100000.0
5536.999999999999	0.0	100000.0
5537.249999999998	0.0	100000.0
5537.499999999999	0.0	100000.0
5537.749999999999	0.0	100000.0
5537.999999999999	0.0	100000.0
5538.249999999998	0.0	100000.0
5538.499999999999	0.0	100000.0
5538.749999999999	0.0	100000.0
5538.999999999999	0.0	100000.0
5539.249999999998	0.0	100000.0
5539.499999999999	0.0	100000.0
5539.75	0.0	100000.0
5539.999999999999	0.0	100000.0
5540.249999999998	0.0	100000.0
5540.499999999999	0.0	100000.0
5540.749999999998	0.0	100000.0
5540.999999999999	0.0	100000.0
5541.249999999998	0.0	100000.0
5541.499999999999	0.0	100000.0
5541.749999999999	0.0	100000.0
5541.999999999999	0.0	100000.0
5542.249999999999	0.0	100000.0
5542.499999999999	0.0	100000.0
5542.749999999999	0.0	100000.0
5542.999999999999	0.0	100000.0
5543.249999999999	0.0	100000.0
5543.499999999999	0.0	100000.0
5543.749999999999	0.0	100000.0
5543.999999999999	0.0	100000.0
5544.249999999999	0.0	100000.0
5544.499999999999	0.0	100000.0
5544.749999999999	0.0	100000.0
5544.999999999998	0.0	100000.0
5545.249999999999	0.0	100000.0
5545.499999999999	0.0	100000.0
5545.749999999999	0.0	100000.0
5545.999999999998	0.0	100000.0
5546.249999999999	0.0	100000.0
5546.499999999999	0.0	100000.0
5546.749999999999	0.0	100000.0
5546.999999999998	0.0	100000.0
5547.249999999999	0.0	100000.0
5547.5	0.0	100000.0
5547.749999999999	0.0	100000.0
5547.999999999998	0.0	100000.0
5548.249999999999	0.0	100000.0
5548.499999999998	0.0	100000.0
5548.749999999999	0.0	100000.0
5548.999999999999	0.0	100000.0
5549.249999999999	0.0	100000.0
5549.499999999999	0.0	100000.0
5549.749999999999	0.0	100000.0
5549.999999999999	0.0	100000.0
5550.249999999999	0.0	100000.0
5550.499999999999	0.0	100000.0
5550.749999999999	0.0	100000.0
5550.999999999999	0.0	100000.0
5551.249999999999	0.0	100000.0
5551.499999999999	0.0	100000.0
5551.749999999998	0.0	100000.0
5551.999999999999	0.0	100000.0
5552.249999999999	0.0	100000.0
5552.499999999999	0.0	100000.0
5552.749999999998	0.0	100000.0
5552.999999999999	0.0	100000.0
5553.249999999999	0.0	100000.0
5553.499999999999	0.0	100000.0
5553.749999999998	0.0	100000.0
5553.999999999999	0.0	100000.0
5554.25	0.0	100000.0
5554.499999999999	0.0	100000.0
5554.749999999998	0.0	100000.0
5554.999999999999	0.0	100000.0
5555.249999999998	0.0	100000.0
5555.499999999999	0.0	100000.0
5555.749999999999	0.0	100000.0
5555.999999999999	0.0	100000.0
5556.249999999999	0.0	100000.0
5556.499999999999	0.0	100000.0
5556.749999999999	0.0	100000.0
5556.999999999999	0.0	100000.0
5557.249999999999	0.0	100000.0
5557.499999999999	0.0	100000.0
5557.749999999999	0.0	100000.0
5557.999999999999	0.0	100000.0
5558.249999999999	0.0	100000.0
5558.499999999998	0.0	100000.0
5558.749999999999	0.0	100000.0
5558.999999999999	0.0	100000.0
5559.249999999999	0.0	100000.0
5559.499999999998	0.0	100000.0
5559.749999999999	0.0	100000.0
5559.999999999999	0.0	100000.0
5560.249999999999	0.0	100000.0
5560.499999999998	0.0	100000.0
5560.749999999999	0.0	100000.0
5561.0	1.4443486390170294e-23	100000.0
5561.249999999999	9.169000382159557e-23	100000.0
5561.499999999998	4.694785340795257e-22	100000.0
5561.749999999999	2.1187353352416005e-21	100000.0
5561.999999999998	8.58140606071691e-21	100000.0
5562.249999999999	3.1302531585975423e-20	100000.0
5562.499999999998	1.0294167103746961e-19	100000.0
5562.749999999999	3.054994148917078e-19	100000.0
5562.999999999999	8.190055113851018e-19	100000.0
5563.249999999999	1.9859686374143385e-18	100000.0
5563.499999999999	4.362662281588739e-18	100000.0
5563.749999999999	8.699268932070962e-18	100000.0
5563.999999999999	1.578514440227318e-17	100000.0
5564.249999999999	2.6147025163100576e-17	100000.0
5564.499999999999	3.9696555499629887e-17	100000.0
5564.749999999999	5.552252070309985e-17	100000.0
5564.999999999999	7.201090608070009e-17	1.4024150799760815e-17
5565.249999999998	8.731225242031358e-17	1.3579623938574818e-17
5565.499999999999	9.995399023903746e-17	1.4282408167528446e-17
5565.749999999999	1.0928639253030285e-16	1.389707931406042e-17
5565.999999999999	1.1554971982469948e-16	1.3338939195740263e-17
5566.249999999998	1.1958040586600991e-16	1.371678041030346e-17
5566.499999999999	1.223602611024965e-16	1.3198541830371638e-17
5566.749999999999	1.2464036335070666e-16	1.3859834679799606e-17
5566.999999999999	1.2676782613108216e-16	1.3543076617570387e-17
5567.249999999998	1.287159332092052e-16	1.4051111924646368e-17
5567.499999999999	1.3024467763483166e-16	1.4219001464853806e-17
5567.749999999999	1.311044371539075e-16	1.4022948079150162e-17
5567.999999999999	1.3120826701436695e-16	1.3869866726268649e-17
5568.249999999998	1.3071670276289616e-16	1.3788810470863965e-17
5568.499999999999	1.300058947632488e-16	1.3978369661578455e-17
5568.749999999998	1.295323194572531e-16	1.3477124680150922e-17
5568.999999999999	1.2965460690960682e-16	1.344149056654275e-17
5569.249999999998	1.3049693398648444e-16	1.3772275957599643e-17
5569.499999999999	1.3191777068243725e-16	1.3982500601557545e-17
5569.749999999998	1.335911162449998e-16	1.4046122371191448e-17
5569.999999999999	1.3514900779084184e-16	1.4332204440404138e-17
5570.249999999999	1.3631122852485532e-16	1.477142245641877e-17
5570.499999999999	1.3694960779142788e-16	1.3760953509375017e-17
5570.749999999999	1.370803485279939e-16	1.4121020266935675e-17
5570.999999999999	1.3681459506852611e-16	1.4070939443929264e-17
5571.249999999999	1.3630226318207064e-16	1.4037013458286014e-17
5571.499999999999	1.3568445879389358e-16	1.4117158987836277e-17
5571.749999999999	1.3505374042417683e-16	1.3860253233189558e-17
5571.999999999999	1.3442832950880158e-16	1.3282254162723229e-17
5572.249999999999	1.3376134806385942e-16	1.426563625342832e-17
5572.499999999999	1.329972273499883e-16	1.372769919438916e-17
5572.749999999999	1.3214655843337935e-16	1.4414982058663544e-17
5572.999999999998	1.313131567154893e-16	1.4003557311230694e-17
5573.249999999999	1.3062144186885014e-16	1.3092813258836335e-17
5573.499999999999	1.3006393812828276e-16	1.3367916159778608e-17
5573.749999999999	1.2936402108621558e-16	1.3789135552844699e-17
5573.999999999998	1.2796093427734619e-16	1.4114397858951575e-17
5574.249999999999	1.2515800765159536e-16	1.4098769108457998e-17
5574.499999999999	1.203827805576056e-16	1.3859485609581108e-17
5574.749999999999	1.1345124580791542e-16	1.4055649837486834e-17
5574.999999999998	1.0472601066852452e-16	1.5064064067889005e-17
5575.249999999999	9.509189921382282e-17	1.744035875312929e-17
5575.5	8.573203973876928e-17	2.2002718089418593e-17
5575.749999999999	7.77716913144932e-17	2.875946185935797e-17
5575.999999999998	7.1937047969617e-17	3.6811942699831036e-17
5576.249999999999	6.838847184175736e-17	4.210366523251652e-17
5576.499999999998	6.679806405048248e-17	4.6797481766113974e-17
5576.749999999999	6.660262615751985e-17	5.355520657225984e-17
5576.999999999999	6.728097063689722e-17	5.304050170790484e-17
5577.249999999999	6.853314221370607e-17	4.7688209702045775e-17
5577.499999999999	7.033030780795158e-17	3.955077741266351e-17
5577.749999999999	7.286585055311625e-17	3.4073964946113163e-17
5577.999999999999	7.643750132473092e-17	2.916361899792893e-17
5578.249999999999	8.127552708003798e-17	2.419635806051737e-17
5578.499999999999	8.735617851109687e-17	1.9883737786047627e-17
5578.749999999999	9.428635641302115e-17	1.6232615501797767e-17
5578.999999999999	1.0134734179135842e-16	1.4613846204088643e-17
5579.249999999999	1.0771108423872866e-16	1.4137276020333567e-17
5579.499999999999	1.127393622975945e-16	1.597583051552048e-17
5579.749999999998	1.162208280920884e-16	1.424831840012391e-17
5579.999999999999	1.1842804146645033e-16	1.3925529364048567e-17
5580.249999999999	1.199635377235711e-16	1.3623069118707328e-17
5580.499999999999	1.2146658941808046e-16	1.3379623246988071e-17
5580.749999999998	1.2332610739239068e-16	1.3172697399313031e-17
5580.999999999999	1.2554717073595174e-16	1.4027057512433326e-17
5581.249999999999	1.2783191445381615e-16	1.4444628211817445e-17
5581.499999999999	1.2980459327710456e-16	1.4568984890747442e-17
5581.749999999998	1.312292771852218e-16	1.3754970512004421e-17
5581.999999999999	1.3209925835385747e-16	1.39580177097872e-17
5582.25	1.3258622283308963e-16	1.4036606485424638e-17
5582.499999999999	1.3292775394625028e-16	1.3650374350727703e-17
5582.749999999998	1.333384176265511e-16	1.428475239738442e-17
5582.999999999999	1.339724107982788e-16	1.3813855845450846e-17
5583.249999999998	1.3491198769206739e-16	1.3949942772647457e-17
5583.499999999999	1.3614969074106235e-16	1.390008363404521e-17
5583.749999999998	1.3756353308185635e-16	1.397808345708651e-17
5583.999999999999	1.3891333301619837e-16	1.422560898358688e-17
5584.249999999999	1.3988543070817348e-16	1.4452077800414097e-17
5584.499999999999	1.4018557658831052e-16	1.4405972407431617e-17
5584.749999999999	1.396488802995199e-16	1.4197484842760076e-17
5584.999999999999	1.3832143867405807e-16	1.4236182006176532e-17
5585.249999999999	1.3647491500189135e-16	1.4133378345287217e-17
5585.499999999999	1.345393401591676e-16	1.3498676871010991e-17
5585.749999999999	1.3297501270636747e-16	1.3151795372414428e-17
5585.999999999999	1.3213700358585312e-16	1.3553431264478326e-17
5586.249999999999	1.3219143501089145e-16	1.4031152056465463e-17
5586.499999999998	1.3310957178637735e-16	1.3469051397372404e-17
5586.749999999999	1.347164355008617e-16	1.389912410453465e-17
5586.999999999999	1.3674608890183755e-16	1.4173875453716588e-17
5587.249999999999	1.3887461450176143e-16	1.3975719374895835e-17
5587.499999999998	1.4074115107883196e-16	1.4204175079554405e-17
5587.749999999999	1.4198770430107144e-16	1.4655684999471575e-17
5587.999999999999	1.4233306756944247e-16	1.4821021860308674e-17
5588.249999999999	1.416605542950468e-16	1.4795478522993037e-17
5588.499999999998	1.4007380612729538e-16	1.4500272651623887e-17
5588.749999999999	1.3788118367145903e-16	1.4570788144482808e-17
5589.0	1.355065376869618e-16	1.413467867321015e-17
5589.249999999999	1.3336886308771764e-16	1.3930535461115738e-17
5589.499999999998	1.3178932936702424e-16	1.410217543822049e-17
5589.749999999999	1.3095407633780342e-16	1.4189851620067437e-17
5589.999999999998	1.3091082857547164e-16	1.3756093823276268e-17
5590.249999999999	1.3155936150914695e-16	1.3210148001546369e-17
5590.499999999998	1.3263155996855806e-16	1.3436128781812181e-17
5590.749999999999	1.3370489469567192e-16	1.4503670709580255e-17
5590.999999999999	1.3429321584917834e-16	1.4295146748961762e-17
5591.249999999999	1.3400255780195578e-16	1.421205976515326e-17
5591.499999999999	1.326805792680386e-16	1.4304447567769308e-17
5591.749999999999	1.304804493927278e-16	1.3949625135292237e-17
5591.999999999999	1.2780687606626372e-16	1.4102721377424776e-17
5592.249999999999	1.2517517974780408e-16	1.2796780206854632e-17
5592.499999999999	1.2305298865382851e-16	1.347527096839819e-17
5592.749999999999	1.2174880779928362e-16	1.3280626271277725e-17
5592.999999999999	1.213698787508387e-16	1.3232625807511885e-17
5593.249999999999	1.21825923832858e-16	1.3303007297111572e-17
5593.499999999999	1.2284456931551104e-16	1.317026714267335e-17
5593.749999999999	1.2399646107493243e-16	1.3257775406855947e-17
5593.999999999999	1.247641124680315e-16	1.3982861252304618e-17
5594.249999999998	1.246789117699929e-16	1.4597372075009037e-17
5594.499999999999	1.23493500523386e-16	1.4193302617583008e-17
5594.749999999999	1.2130636430226452e-16	1.3701593374256987e-17
5594.999999999999	1.1856337508343753e-16	1.355942336083566e-17
5595.249999999998	1.1592228140398343e-16	1.352620709615798e-17
5595.499999999999	1.1403320236174472e-16	1.3051710654198575e-17
5595.749999999999	1.1332433500321948e-16	1.2439904712097204e-17
5595.999999999999	1.138809161134652e-16	1.2720371052131271e-17
5596.249999999998	1.1546831038688674e-16	1.3686958067679086e-17
5596.499999999999	1.1768023788620865e-16	1.364197846751029e-17
5596.75	1.2012097901392472e-16	1.3969232624532194e-17
5596.999999999999	1.2251297024643753e-16	1.4000599313360205e-17
5597.249999999998	1.2468859556301695e-16	1.3162600832756209e-17
5597.499999999999	1.2652698253348203e-16	1.4287063540015894e-17
5597.749999999998	1.2793677569100207e-16	1.4438831330084673e-17
5597.999999999999	1.2891939997284148e-16	1.4344253153206585e-17
5598.249999999999	1.296386936676857e-16	1.406752649672187e-17
5598.499999999999	1.3038510359570229e-16	1.3951529305062334e-17
5598.749999999999	1.314046322313493e-16	1.3610117951856585e-17
5598.999999999999	1.32696349476891e-16	1.336828921823487e-17
5599.249999999999	1.339446450761042e-16	1.4272166017183814e-17
5599.499999999999	1.3467436441176886e-16	1.4528294222054733e-17
5599.749999999999	1.3454787021483251e-16	1.4459065822228945e-17
5599.999999999999	1.3359896966291545e-16	1.4546237423902234e-17
5600.249999999999	1.3223135637306063e-16	1.3642883403100423e-17
5600.499999999999	1.309822727278458e-16	1.2974133520450289e-17
5600.749999999999	1.3022470391645006e-16	1.3553532180513057e-17
5600.999999999998	1.3001124353844502e-16	1.4410503702827182e-17
5601.249999999999	1.301350488728385e-16	1.3331858529696809e-17
5601.499999999999	1.3031767213466818e-16	1.4671631387320372e-17
5601.749999999999	1.303667135678822e-16	1.363785083625365e-17
5601.999999999998	1.30213679582305e-16	1.352246493106679e-17
5602.249999999999	1.2986359653749634e-16	1.3763430915309613e-17
5602.499999999999	1.2935074978658942e-16	1.4126946188844004e-17
5602.749999999999	1.2875431740860424e-16	1.4483732348095277e-17
5602.999999999998	1.2823713759490838e-16	1.392502809259736e-17
5603.249999999999	1.2802714972547584e-16	1.3124055870572463e-17
5603.5	1.2831033502133563e-16	1.3648175704659537e-17
5603.749999999999	1.2909757082426512e-16	1.3637149387094205e-17
5603.999999999998	1.3017277726475388e-16	1.4259728529493467e-17
5604.249999999999	1.3118054781793522e-16	1.476182881567438e-17
5604.499999999998	1.3180966378702613e-16	1.481407354316323e-17
5604.749999999999	1.3195764994583046e-16	1.5135279355546145e-17
5604.999999999998	1.317724475701262e-16	1.4252656135256138e-17
5605.249999999999	1.3154770823366683e-16	1.4362858099544128e-17
5605.499999999999	1.3154048557504358e-16	1.4154496266325696e-17
5605.749999999999	1.3182522185124164e-16	1.3980935575838594e-17
5605.999999999999	1.3226906366825318e-16	1.413257598009304e-17
5606.249999999999	1.3263179965688637e-16	1.4304120004246737e-17
5606.499999999999	1.3271473357370583e-16	1.4116550182905438e-17
5606.749999999999	1.3246168839800842e-16	1.3936939493418124e-17
5606.999999999999	1.3196209898164885e-16	1.3617926536839085e-17
5607.249999999999	1.3137655699300748e-16	1.410552221097888e-17
5607.499999999999	1.3084225198370862e-16	1.3712201138432367e-17
5607.749999999998	1.304047001793734e-16	1.3618057231375869e-17
5607.999999999999	1.2999494890968077e-16	1.3756099613540556e-17
5608.249999999999	1.2945720956326708e-16	1.388152170109952e-17
5608.499999999999	1.286232404038167e-16	1.4653805645119855e-17
5608.749999999998	1.2740795776248046e-16	1.3730649747634137e-17
5608.999999999999	1.2587576797029033e-16	1.401797672366872e-17
5609.249999999999	1.242322112361427e-16	1.3962082475317286e-17
5609.499999999999	1.2274265995507867e-16	1.3148660357892852e-17
5609.749999999998	1.2163509672284348e-16	1.3174542839259637e-17
5609.999999999999	1.210549688236835e-16	1.405084060940545e-17
5610.25	1.2108835143477214e-16	1.3905230351816516e-17
5610.499999999999	1.21799952615634e-16	1.2993154538635946e-17
5610.749999999998	1.2321715450577219e-16	1.3489290025419739e-17
5610.999999999999	1.2525373501553127e-16	1.3255248370084598e-17
5611.249999999998	1.276467513028391e-16	1.3834245847550278e-17
5611.499999999999	1.2999081833890932e-16	1.4238124226254807e-17
5611.749999999998	1.3187668675040666e-16	1.4205227253293573e-17
5611.999999999999	1.3304727144273931e-16	1.4185464254098456e-17
5612.249999999999	1.3346318783317846e-16	1.4156150627550802e-17
5612.499999999999	1.332407226526314e-16	1.358438436300006e-17
5612.749999999999	1.3252320123386274e-16	1.4296572808337804e-17
5612.999999999999	1.3138837346812853e-16	1.4139699659528347e-17
5613.249999999999	1.2985267448389036e-16	1.4267193007341145e-17
5613.499999999999	1.2795273069325473e-16	1.414943722969932e-17
5613.749999999999	1.2583250023770907e-16	1.3588266321614772e-17
5613.999999999999	1.2377078685757874e-16	1.3567717500837729e-17
5614.249999999999	1.2212869217605606e-16	1.333802433398278e-17
5614.499999999999	1.2124231131979188e-16	1.3236858490706319e-17
5614.749999999999	1.2131005483536469e-16	1.3446735718806949e-17
5614.999999999999	1.2232284557205505e-16	1.344359987710476e-17
5615.249999999999	1.2406353334230383e-16	1.35072108933907e-17
5615.499999999998	1.2616903526541192e-16	1.377809103730589e-17
5615.749999999999	1.2822286580535487e-16	1.4031365469063502e-17
5615.999999999999	1.2984458904204988e-16	1.3975754116481562e-17
5616.249999999999	1.30764492889985e-16	1.426353025158876e-17
5616.499999999998	1.3088973215568698e-16	1.4276808154781462e-17
5616.749999999999	1.3035490837223607e-16	1.4270122881070808e-17
5616.999999999999	1.2951426925574097e-16	1.416698173049157e-17
5617.249999999999	1.2882440515232952e-16	1.3750107517183222e-17
5617.499999999998	1.2862712716936678e-16	1.3267703228567809e-17
5617.749999999999	1.2894250744873967e-16	1.3598089091388839e-17
5618.0	1.2942552608558882e-16	1.4235988445913195e-17
5618.249999999999	1.2955511921852648e-16	1.4527735047960648e-17
5618.499999999998	1.2895641206602122e-16	1.4500198205368757e-17
5618.749999999999	1.2764417297592994e-16	1.3962150304127515e-17
5618.999999999998	1.2602264760136324e-16	1.3411417588192772e-17
5619.249999999999	1.2465066883620084e-16	1.3248385252542245e-17
5619.499999999999	1.2393947355512155e-16	1.3495933112919152e-17
5619.749999999999	1.23974646841029e-16	1.3771630756721851e-17
5619.999999999999	1.2454495933941682e-16	1.3605362490515018e-17
5620.249999999999	1.2532058914556676e-16	1.402337159562379e-17
5620.499999999999	1.2605007830246894e-16	1.4149445501505447e-17
5620.749999999999	1.266649504537341e-16	1.3835385702434376e-17
5620.999999999999	1.2725645891120623e-16	1.3742937515633612e-17
5621.249999999999	1.279685281093248e-16	1.4010618124939447e-17
5621.499999999999	1.2889312619615762e-16	1.3622960758047083e-17
5621.749999999999	1.3003623366949946e-16	1.4181894142574677e-17
5621.999999999999	1.3135554381308347e-16	1.451620745894411e-17
5622.249999999998	1.3280752825160698e-16	1.3832574115532308e-17
5622.499999999999	1.3434136519122627e-16	1.402066009757584e-17
5622.749999999999	1.3584630122295218e-16	1.4366080795210635e-17
5622.999999999999	1.3713110208957393e-16	1.4521564280591002e-17
5623.249999999998	1.380080103411578e-16	1.512527543321793e-17
5623.499999999999	1.3845807281915166e-16	1.5164705478657107e-17
5623.749999999999	1.3875097706145692e-16	1.4291017463343897e-17
5623.999999999999	1.393846814998633e-16	1.4266592474216432e-17
5624.249999999998	1.4082664122657022e-16	1.3977459762904646e-17
5624.499999999999	1.4319711136187605e-16	1.4135572028271707e-17
5624.75	1.4610557984096715e-16	1.4477814697993072e-17
5624.999999999999	1.4876621479509768e-16	1.5138596349802483e-17
5625.249999999998	1.5033507346026664e-16	1.7538396199329076e-17
5625.499999999999	1.5027034828378746e-16	1.7222217990709257e-17
5625.749999999998	1.4852099463997797e-16	1.5242091533683893e-17
5625.999999999999	1.4548094500249872e-16	1.417825289351822e-17
5626.249999999998	1.417912363718883e-16	1.3919975673415886e-17
5626.499999999999	1.3812476369835031e-16	1.425534943533061e-17
5626.749999999999	1.3503547132098644e-16	1.4217247841955193e-17
5626.999999999999	1.328720665072852e-16	1.353977947564875e-17
5627.249999999999	1.3172946947211718e-16	1.3547708829000684e-17
5627.499999999999	1.3144561060578658e-16	1.3457389805096632e-17
5627.749999999999	1.3167522742873783e-16	1.4367334801019265e-17
5627.999999999999	1.320317048558867e-16	1.4246693817400856e-17
5628.249999999999	1.322245235098023e-16	1.3897696390797383e-17
5628.499999999999	1.3211939090947377e-16	1.382430644530984e-17
5628.749999999999	1.3171759235547968e-16	1.4047492182285836e-17
5628.999999999998	1.3110582050212332e-16	1.4686758866362742e-17
5629.249999999999	1.304128024349362e-16	1.3486170727329802e-17
5629.499999999999	1.297716828977037e-16	1.3282709112060133e-17
5629.749999999999	1.292905600102929e-16	1.404803481276767e-17
5629.999999999998	1.290550625409356e-16	1.4239307094530758e-17
5630.249999999999	1.2916540339640582e-16	1.3997910976369407e-17
5630.499999999999	1.2976047871658772e-16	1.3765013311821427e-17
5630.749999999999	1.3097934084046698e-16	1.3492305925933107e-17
5630.999999999998	1.328724193379302e-16	1.3679941921723411e-17
5631.249999999999	1.3532574418106372e-16	1.4972215587032342e-17
5631.5	1.3804415643726923e-16	1.368148709510766e-17
5631.749999999999	1.4059326144419205e-16	1.4072484617313513e-17
5631.999999999998	1.4248772336829118e-16	1.4735489730609466e-17
5632.249999999999	1.4332356139139117e-16	1.4794732406080514e-17
5632.499999999998	1.42929024592936e-16	1.464560993961068e-17
5632.749999999999	1.4145840443073892e-16	1.4262024782873914e-17
5632.999999999998	1.3934979090610602e-16	1.4036593250534837e-17
5633.249999999999	1.3714858094667478e-16	1.3729433792133684e-17
5633.499999999999	1.3530169235232686e-16	1.383423013111864e-17
5633.749999999999	1.3405388885038937e-16	1.3870432517807635e-17
5633.999999999999	1.3349482496085122e-16	1.3725619662329202e-17
5634.249999999999	1.3368056337305574e-16	1.3709719596594707e-17
5634.499999999999	1.346954795576493e-16	1.390576636485345e-17
5634.749999999999	1.3658499048051986e-16	1.2736184263901448e-17
5634.999999999999	1.3922054733927447e-16	1.441016621313726e-17
5635.249999999999	1.4223222297226343e-16	1.4399985274157958e-17
5635.499999999999	1.4509111345664267e-16	1.4493714763727567e-17
5635.749999999998	1.472996208354483e-16	1.4569939457174328e-17
5635.999999999999	1.4856868037093547e-16	1.4742643188546825e-17
5636.249999999999	1.4888091693730024e-16	1.4986279311806968e-17
5636.499999999999	1.4841855084198545e-16	1.415598188270584e-17
5636.749999999998	1.474108305336866e-16	1.4536926678927337e-17
5636.999999999999	1.4599433575391221e-16	1.4541477826657604e-17
5637.249999999999	1.441701159088511e-16	1.4325573760613913e-17
5637.499999999999	1.4188367018576358e-16	1.4455581737488872e-17
5637.749999999998	1.3917007163581317e-16	1.44513399553077e-17
5637.999999999999	1.3625210577780994e-16	1.413476966307753e-17
5638.249999999999	1.3350428304964472e-16	1.4048686631090362e-17
5638.499999999999	1.3129417664386757e-16	1.3574961948642469e-17
5638.749999999998	1.2980840218540318e-16	1.4203263526519372e-17
5638.999999999999	1.2897866144803707e-16	1.414140199722898e-17
5639.249999999998	1.285370343367036e-16	1.426546089113846e-17
5639.499999999999	1.2813599942322556e-16	1.4038856416690782e-17
5639.749999999998	1.2745266396865621e-16	1.368239120351718e-17
5639.999999999999	1.2625356550773393e-16	1.378123018773053e-17
5640.249999999998	1.2444565062746773e-16	1.3798074893724559e-17
5640.499999999999	1.2212660816287306e-16	1.395864967577519e-17
5640.749999999999	1.196022874798059e-16	1.3314546466656687e-17
5640.999999999999	1.173252791626751e-16	1.3439314254351123e-17
5641.249999999999	1.1574907888436365e-16	1.3452817150670438e-17
5641.499999999999	1.1514983375515857e-16	1.2991180885694394e-17
5641.749999999999	1.1549825574166207e-16	1.2885803038738814e-17
5641.999999999999	1.1644996089414478e-16	1.397135682434523e-17
5642.249999999999	1.1746975569965827e-16	1.404827469514531e-17
5642.499999999999	1.1803865922452282e-16	1.3904398208120288e-17
5642.749999999999	1.1785065003386751e-16	1.3699800046688972e-17
5642.999999999999	1.1691388165001916e-16	1.3845019875028781e-17
5643.249999999999	1.1551503135670328e-16	1.376828315678285e-17
5643.499999999998	1.1406059244339895e-16	1.3278634420362697e-17
5643.749999999999	1.1286789166197342e-16	1.2905875403483026e-17
5643.999999999999	1.1202218406090933e-16	1.3393751491850477e-17
5644.249999999999	1.1139162307253392e-16	1.4289473944320874e-17
5644.499999999998	1.1078098530347412e-16	1.3521253938650013e-17
5644.749999999999	1.1009297995822205e-16	1.3627279468025223e-17
5644.999999999999	1.0936958675351155e-16	1.3626672317455609e-17
5645.249999999999	1.0870564812602218e-16	1.3674466813248923e-17
5645.499999999998	1.0813828608556544e-16	1.3690725875369265e-17
5645.749999999999	1.0761506544071689e-16	1.3294707366845215e-17
5646.0	1.0705578635455267e-16	1.3639702066464544e-17
5646.249999999999	1.0644206180650735e-16	1.3340689509916425e-17
5646.499999999998	1.058528803536599e-16	1.3276181829846477e-17
5646.749999999999	1.0540811592212764e-16	1.3214129221834587e-17
5646.999999999998	1.051543200437155e-16	1.2891838975668614e-17
5647.249999999999	1.0498592226207614e-16	1.3046094925019952e-17
5647.499999999999	1.0468814647024996e-16	1.3777683237263902e-17
5647.749999999999	1.0409759926950346e-16	1.3596542263643365e-17
5647.999999999999	1.032665698277727e-16	1.3237488802333084e-17
5648.249999999999	1.0249541839599421e-16	1.2322392952736083e-17
5648.499999999999	1.0219787886044262e-16	1.2803686337788837e-17
5648.749999999999	1.0269460888690621e-16	1.3086563909308497e-17
5648.999999999999	1.0406954454845012e-16	1.3114109023706512e-17
5649.249999999999	1.0615293526945351e-16	1.3132124190267305e-17
5649.499999999999	1.0859867260827368e-16	1.3162844023856299e-17
5649.749999999999	1.1098426503266025e-16	1.368667434472898e-17
5649.999999999999	1.1289039749239836e-16	1.2940568185554112e-17
5650.249999999998	1.139707348877394e-16	1.3832894234429366e-17
5650.499999999999	1.1404575939503647e-16	1.3835444432257867e-17
5650.749999999999	1.1321313496780395e-16	1.3835099497942433e-17
5650.999999999999	1.1189151595831752e-16	1.3753498130514076e-17
5651.249999999998	1.10699129404182e-16	1.3182501971113622e-17
5651.499999999999	1.1017606398527911e-16	1.2605155546150598e-17
5651.749999999999	1.105164546990266e-16	1.2999918394504792e-17
5651.999999999999	1.1151618817037358e-16	1.3514404055997461e-17
5652.249999999998	1.127861018204926e-16	1.3827990707758152e-17
5652.499999999999	1.140577162115957e-16	1.376735671449679e-17
5652.75	1.153347426956631e-16	1.325571903585314e-17
5652.999999999999	1.1679107658340368e-16	1.3104263920055906e-17
5653.249999999998	1.1853506607785776e-16	1.3779346697475746e-17
5653.499999999999	1.204462616989038e-16	1.3711142347248299e-17
5653.749999999998	1.2219503325315124e-16	1.3928940656894736e-17
5653.999999999999	1.2339967451685055e-16	1.4234009829887968e-17
5654.249999999998	1.2379840407709304e-16	1.407548397421463e-17
5654.499999999999	1.2334386867357544e-16	1.3675160817782855e-17
5654.749999999999	1.2220067571126507e-16	1.3575467355996739e-17
5654.999999999999	1.20672918154235e-16	1.3773322341074522e-17
5655.249999999999	1.1909561192220367e-16	1.3562323456063271e-17
5655.499999999999	1.1772266953281296e-16	1.269136927267455e-17
5655.749999999999	1.166547036192505e-16	1.39318771480693e-17
5655.999999999999	1.1584944734707663e-16	1.3939937195958016e-17
5656.249999999999	1.1521775313936487e-16	1.348428475553318e-17
5656.499999999999	1.147484315799929e-16	1.3371077644079786e-17
5656.749999999999	1.145760872587425e-16	1.3740345131593871e-17
5656.999999999998	1.1493203615387634e-16	1.3904371738340686e-17
5657.249999999999	1.1598761461089746e-16	1.2921404065122484e-17
5657.499999999999	1.1768073810709378e-16	1.2609114432562277e-17
5657.749999999999	1.1965422918537353e-16	1.4077429503015355e-17
5657.999999999998	1.213710475784824e-16	1.437678782105952e-17
5658.249999999999	1.2233694827555123e-16	1.3876472590640497e-17
5658.499999999999	1.2228418695020206e-16	1.3357705442297254e-17
5658.749999999999	1.212307382766643e-16	1.350451180305194e-17
5658.999999999998	1.1944299377085342e-16	1.412709342699304e-17
5659.249999999999	1.173580325933553e-16	1.340647931993583e-17
5659.499999999999	1.1546527242526558e-16	1.2966823725377158e-17
5659.749999999999	1.141307174866744e-16	1.3214666889232746e-17
5659.999999999998	1.1342340867966835e-16	1.3158700676168021e-17
5660.249999999999	1.1307365462409803e-16	1.3336066397472866e-17
5660.499999999998	1.126384389206759e-16	1.3771214684873737e-17
5660.749999999999	1.1179315964903806e-16	1.3914567566571015e-17
5660.999999999998	1.1055545516302746e-16	1.3375455911062029e-17
5661.249999999999	1.092895663129238e-16	1.3002831724622204e-17
5661.499999999998	1.0850220547283038e-16	1.318149363794692e-17
5661.749999999999	1.0857758282288737e-16	1.3283394017607327e-17
5661.999999999999	1.0960598619156321e-16	1.3292464880204584e-17
5662.249999999999	1.1136700255736507e-16	1.3316757520434041e-17
5662.499999999999	1.1343704870893184e-16	1.3488239506041797e-17
5662.749999999999	1.153558345294398e-16	1.3648903623598584e-17
5662.999999999999	1.1678815850607684e-16	1.3262660735553686e-17
5663.249999999999	1.176259040097838e-16	1.390266278319515e-17
5663.499999999999	1.179916339850998e-16	1.3890678590480483e-17
5663.749999999999	1.1814369437458078e-16	1.3649617480467217e-17
5663.999999999999	1.1833611190168615e-16	1.3307424441582605e-17
5664.249999999999	1.1871549547572694e-16	1.370013670919828e-17
5664.499999999999	1.1930104067584107e-16	1.4366787207453755e-17
5664.749999999998	1.200156615671748e-16	1.372285522472205e-17
5664.999999999999	1.2070842855478962e-16	1.2916498884090044e-17
5665.249999999999	1.2117546576852358e-16	1.3524332704889935e-17
5665.499999999999	1.212510447762318e-16	1.4422585502854132e-17
5665.749999999998	1.2097927701935151e-16	1.4011468466609152e-17
5665.999999999999	1.2073681400376524e-16	1.3429013374183e-17
5666.249999999999	1.2114385595541686e-16	1.3360042227527716e-17
5666.499999999999	1.227525657905327e-16	1.3492726960864897e-17
5666.749999999998	1.2569862404282727e-16	1.3523591551061088e-17
5666.999999999999	1.2955342968080277e-16	1.3892448756991347e-17
5667.25	1.3347923634909034e-16	1.4714308943844433e-17
5667.499999999999	1.365826465309197e-16	1.481362355691e-17
5667.749999999998	1.3824085830944278e-16	1.443729442850655e-17
5667.999999999999	1.3822785402974652e-16	1.4154913165354422e-17
5668.249999999998	1.3664570117293423e-16	1.4205847638752988e-17
5668.499999999999	1.3380527336948147e-16	1.438442435247461e-17
5668.749999999999	1.3017011781509395e-16	1.4558478042606793e-17
5668.999999999999	1.2633178166165022e-16	1.4079570246440642e-17
5669.249999999999	1.229157076524539e-16	1.278281822529535e-17
5669.499999999999	1.204163002349628e-16	1.3569442172414902e-17
5669.749999999999	1.1909224903546053e-16	1.3781523009667373e-17
5669.999999999999	1.1902445649397614e-16	1.3743752288536977e-17
5670.249999999999	1.2026010225173138e-16	1.3963194206060557e-17
5670.499999999999	1.2285401822382322e-16	1.3348263175604961e-17
5670.749999999999	1.2672252232301364e-16	1.3761797233599821e-17
5670.999999999999	1.3144177933690588e-16	1.3910393613200072e-17
5671.249999999999	1.3621935172992603e-16	1.421234431528398e-17
5671.499999999998	1.4013862867452945e-16	1.5134915396076622e-17
5671.749999999999	1.4254250972630184e-16	1.48299851894263e-17
5671.999999999999	1.4330029483003501e-16	1.4251193679933145e-17
5672.249999999999	1.4279170799762811e-16	1.483017378660596e-17
5672.499999999998	1.4164862269219287e-16	1.434380482131458e-17
5672.749999999999	1.4043683441581818e-16	1.4212427033345234e-17
5672.999999999999	1.3944712602890704e-16	1.4401700846748393e-17
5673.249999999999	1.3865406008857343e-16	1.4479723830846845e-17
5673.499999999998	1.378045139390408e-16	1.407187415802145e-17
5673.749999999999	1.3657337384103532e-16	1.415791913970044e-17
5674.0	1.3474339653795647e-16	1.463070249061125e-17
5674.249999999999	1.3236682101903935e-16	1.447775514098897e-17
5674.499999999998	1.2983396786467702e-16	1.421705593605308e-17
5674.749999999999	1.2777349002184582e-16	1.4430946644485818e-17
5674.999999999998	1.2679635297706467e-16	1.4060023968566014e-17
5675.249999999999	1.2721444208198903e-16	1.4358864471546722e-17
5675.499999999998	1.2889139034743294e-16	1.388992585612306e-17
5675.749999999999	1.3128802040496643e-16	1.3540184794148902e-17
5675.999999999999	1.3365355521413404e-16	1.41619623985346e-17
5676.249999999999	1.352828152055601e-16	1.4577350995462803e-17
5676.499999999999	1.357776543293807e-16	1.4836311466751104e-17
5676.749999999999	1.3523763324024837e-16	1.4380566382097663e-17
5676.999999999999	1.3426956154249127e-16	1.4299507645151142e-17
5677.249999999999	1.3373914118343652e-16	1.3759922015151163e-17
5677.499999999999	1.3433357577501835e-16	1.376350122566168e-17
5677.749999999999	1.36174346985481e-16	1.4026256801600375e-17
5677.999999999999	1.3875007007607212e-16	1.4223896719718895e-17
5678.249999999998	1.412433292604552e-16	1.5640008421713752e-17
5678.499999999999	1.4302495620441227e-16	1.4512911971383697e-17
5678.749999999999	1.4395499058872612e-16	1.453199668247652e-17
5678.999999999999	1.4430847491140136e-16	1.4148965736750166e-17
5679.249999999998	1.444653169077661e-16	1.4679926354503054e-17
5679.499999999999	1.4465011660844225e-16	1.49204853658845e-17
5679.749999999999	1.4487832634796647e-16	1.4532866876480927e-17
5679.999999999999	1.4505434702533048e-16	1.4564939977552058e-17
5680.249999999998	1.450865775279347e-16	1.4729520795309283e-17
5680.499999999999	1.449359158819185e-16	1.4841699721261275e-17
5680.749999999999	1.4458665826336328e-16	1.441070718925787e-17
5680.999999999999	1.4397997633622953e-16	1.446840469134467e-17
5681.249999999998	1.4298965629272012e-16	1.4860840680635752e-17
5681.499999999999	1.4150761189176062e-16	1.506087115072455e-17
5681.749999999998	1.3960535667778067e-16	1.4861957374462698e-17
5681.999999999999	1.3762963311281961e-16	1.4510157459943896e-17
5682.249999999998	1.361137733048013e-16	1.4073101694050478e-17
5682.499999999999	1.3554111583140841e-16	1.4292885237167042e-17
5682.749999999998	1.3611858165064166e-16	1.435058604797629e-17
5682.999999999999	1.3768436824894583e-16	1.4506729623485476e-17
5683.249999999999	1.3975420149184985e-16	1.4461631736489085e-17
5683.499999999999	1.4165411059609246e-16	1.4566519892522034e-17
5683.749999999999	1.4271419646991972e-16	1.5084002429373983e-17
5683.999999999999	1.4249989330217702e-16	1.5376405812827803e-17
5684.249999999999	1.40993701779975e-16	1.4557525130541132e-17
5684.499999999999	1.386143817615423e-16	1.413812305328082e-17
5684.749999999999	1.3605241075461219e-16	1.3942236758060913e-17
5684.999999999999	1.340196917790744e-16	1.4549888599126043e-17
5685.249999999999	1.330210340683291e-16	1.430406871904876e-17
5685.499999999999	1.3318410035286722e-16	1.3481470687089275e-17
5685.749999999999	1.3417481844125886e-16	1.386076608516934e-17
5685.999999999998	1.352815880515642e-16	1.4937538521392894e-17
5686.249999999999	1.357182516247748e-16	1.4989650899983734e-17
5686.499999999999	1.350248872539284e-16	1.424761860532569e-17
5686.749999999999	1.3331617775478042e-16	1.4566918593577285e-17
5686.999999999998	1.3120466077094355e-16	1.4327628477255494e-17
5687.249999999999	1.2944455479562624e-16	1.3809384107059384e-17
5687.499999999999	1.2851821866101086e-16	1.3724356557533833e-17
5687.749999999999	1.2841884002530595e-16	1.406199596714634e-17
5687.999999999998	1.2875932064932272e-16	1.4917639864577318e-17
5688.249999999999	1.2911014259706565e-16	1.4446400032689534e-17
5688.5	1.2929245671326308e-16	1.4139747636003875e-17
5688.749999999999	1.2940476472334818e-16	1.3809528863666581e-17
5688.999999999998	1.296187033435421e-16	1.415971743035213e-17
5689.249999999999	1.299810402170895e-16	1.4725892781142626e-17
5689.499999999998	1.3040229565518304e-16	1.4659518154430146e-17
5689.749999999999	1.307957259802844e-16	1.388862056511645e-17
5689.999999999999	1.3120445793509476e-16	1.4353403425142647e-17
5690.249999999999	1.318065584817052e-16	1.4619762199829622e-17
5690.499999999999	1.3280165248002358e-16	1.4008679213583623e-17
5690.749999999999	1.3425266185124264e-16	1.4325484425107757e-17
5690.999999999999	1.359818399875407e-16	1.4447414156120524e-17
5691.249999999999	1.3760501101504433e-16	1.4495473349709854e-17
5691.499999999999	1.3870751653922295e-16	1.4859747147865957e-17
5691.749999999999	1.3905940003702743e-16	1.4234004866804293e-17
5691.999999999999	1.3873957851221224e-16	1.4356988425917452e-17
5692.249999999999	1.3811842655768023e-16	1.4672624004055436e-17
5692.499999999999	1.3773752166284656e-16	1.4439684980476828e-17
5692.749999999998	1.3813355499115444e-16	1.4451596381297592e-17
5692.999999999999	1.3962120532360748e-16	1.41846039862614e-17
5693.249999999999	1.4208251216641081e-16	1.3917315460565916e-17
5693.499999999999	1.4490387346107724e-16	1.454838478477242e-17
5693.749999999998	1.472068844165828e-16	1.5520138370426242e-17
5693.999999999999	1.4832706839591852e-16	1.537708244656887e-17
5694.249999999999	1.482318014555079e-16	1.5075970505626093e-17
5694.499999999999	1.475254257954579e-16	1.3941897614009767e-17
5694.749999999998	1.4699351887620261e-16	1.389259599514038e-17
5694.999999999999	1.4704392271980074e-16	1.4421981661006968e-17
5695.25	1.475013946861729e-16	1.484272542522084e-17
5695.499999999999	1.4788244217201106e-16	1.5440992075055943e-17
5695.749999999998	1.4784639544395865e-16	1.5316304523880925e-17
5695.999999999999	1.4742148964841114e-16	1.4245209855381936e-17
5696.249999999998	1.4689429688526056e-16	1.4864801221408656e-17
5696.499999999999	1.4656470371067805e-16	1.5011610890885792e-17
5696.749999999998	1.465903953428959e-16	1.478724973025936e-17
5696.999999999999	1.469594808059585e-16	1.457096350677267e-17
5697.249999999999	1.475205409097165e-16	1.4719114863203366e-17
5697.499999999999	1.4803885757451893e-16	1.5123890732872515e-17
5697.749999999999	1.4828611357067932e-16	1.4352543157305592e-17
5697.999999999999	1.481351692920657e-16	1.484449062864803e-17
5698.249999999999	1.4760814566118235e-16	1.500644266641856e-17
5698.499999999999	1.468645294196306e-16	1.4870253996006605e-17
5698.749999999999	1.4614991440551887e-16	1.4709261487746635e-17
5698.999999999999	1.4571463832264474e-16	1.4283797830957535e-17
5699.249999999999	1.4570935916435801e-16	1.3832332578793443e-17
5699.499999999998	1.4611029938298307e-16	1.4621897980171234e-17
5699.749999999999	1.4675735792955697e-16	1.479586564351971e-17
5699.999999999999	1.4751877668987296e-16	1.5289315274854545e-17
5700.249999999999	1.4845786005193544e-16	1.4496528832171472e-17
5700.499999999998	1.4982321474770357e-16	1.4697614784721888e-17
5700.749999999999	1.5181885701525348e-16	1.4662520820053713e-17
5700.999999999999	1.5433028004401275e-16	1.4616719829536652e-17
5701.249999999999	1.5685065678245262e-16	1.5442681177866777e-17
5701.499999999998	1.5867593142261942e-16	1.5211406441680625e-17
5701.749999999999	1.5920980309935003e-16	1.4861059056317466e-17
5702.0	1.581848644570803e-16	1.5273565755991535e-17
5702.249999999999	1.557484151940103e-16	1.532431494093289e-17
5702.499999999998	1.524533036042481e-16	1.503480172653933e-17
5702.749999999999	1.491442010480806e-16	1.4497170724326813e-17
5702.999999999998	1.4669498526611327e-16	1.3833884369622592e-17
5703.249999999999	1.456617403765051e-16	1.3589167121301842e-17
5703.499999999998	1.460523122101432e-16	1.4760877557969944e-17
5703.749999999999	1.4738208316666146e-16	1.4540518297147042e-17
5703.999999999999	1.489859736147339e-16	1.4872407974321693e-17
5704.249999999999	1.5037784888409273e-16	1.5255976587446208e-17
5704.499999999999	1.5143753113207651e-16	1.49548034351381e-17
5704.749999999999	1.5234014191293497e-16	1.4735651858009526e-17
5704.999999999999	1.5330894542122294e-16	1.4904234575570284e-17
5705.249999999999	1.5437130759390775e-16	1.478381527635604e-17
5705.499999999999	1.552779866295717e-16	1.505478641013861e-17
5705.749999999999	1.5562549957057866e-16	1.5195931546780983e-17
5705.999999999999	1.5508410225231444e-16	1.5192468968736836e-17
5706.249999999998	1.5357376527287309e-16	1.5069387802311396e-17
5706.499999999999	1.5128340580845586e-16	1.4900641302989353e-17
5706.749999999999	1.4855289557399816e-16	1.4602446000886437e-17
5706.999999999999	1.4573440394471826e-16	1.457751146850164e-17
5707.249999999998	1.43131215609942e-16	1.5344663584001693e-17
5707.499999999999	1.4099904447055403e-16	1.4167886666081704e-17
5707.749999999999	1.3952373017972935e-16	1.4674367700786698e-17
5707.999999999999	1.3874886454185201e-16	1.450016015506058e-17
5708.249999999998	1.3852718707573756e-16	1.4572326700422156e-17
5708.499999999999	1.385657613065399e-16	1.4590991203763803e-17
5708.749999999999	1.3853855358092028e-16	1.4533601412864874e-17
5708.999999999999	1.3818926582720385e-16	1.4449351413115123e-17
5709.249999999998	1.373987766496096e-16	1.422343184421464e-17
5709.499999999999	1.3624896049378407e-16	1.4753416388844715e-17
5709.749999999998	1.350754456075631e-16	1.4757737580364692e-17
5709.999999999999	1.344154650562842e-16	1.4263697342072496e-17
5710.249999999998	1.3478139103687068e-16	1.4035426925871137e-17
5710.499999999999	1.3636125140063075e-16	1.4521021650109167e-17
5710.749999999998	1.38871943096971e-16	1.486831839337323e-17
5710.999999999999	1.4169141868644545e-16	1.4489214901195278e-17
5711.249999999999	1.4417116448889909e-16	1.4688077392259152e-17
5711.499999999999	1.4591212566031481e-16	1.5114652779791523e-17
5711.749999999999	1.4684394775000458e-16	1.479663988457306e-17
5711.999999999999	1.4709858820503386e-16	1.458742936404615e-17
5712.249999999999	1.4683402550299744e-16	1.463906197788171e-17
5712.499999999999	1.4621599312703121e-16	1.5188122961798483e-17
5712.749999999999	1.455745718177338e-16	1.529390447289299e-17
5712.999999999999	1.4547228980306534e-16	1.4270438864064803e-17
5713.249999999999	1.4644730257810592e-16	1.4412642791891244e-17
5713.499999999999	1.485896997014528e-16	1.4980608161527305e-17
5713.749999999999	1.513809626102658e-16	1.5473030434541347e-17
5713.999999999998	1.539913614666813e-16	1.5122757495433317e-17
5714.249999999999	1.557747597385253e-16	1.534203811273745e-17
5714.499999999999	1.5656418507300615e-16	1.5193974437451683e-17
5714.749999999999	1.566226285294811e-16	1.479068418416268e-17
5714.999999999998	1.563786752534598e-16	1.5341184462345295e-17
5715.249999999999	1.5614609712253469e-16	1.4936506199988428e-17
5715.499999999999	1.5597275037799382e-16	1.486852187980392e-17
5715.749999999999	1.556910523637283e-16	1.544185565161545e-17
5715.999999999998	1.551268948264106e-16	1.5272768353881034e-17
5716.249999999999	1.5429041257160225e-16	1.474246948061819e-17
5716.5	1.5336811610179353e-16	1.4842224153769633e-17
5716.749999999999	1.525221120370888e-16	1.5170479199332727e-17
5716.999999999998	1.5171219124316652e-16	1.4621639899820118e-17
5717.249999999999	1.5076399565455983e-16	1.506836540707428e-17
5717.499999999998	1.496648736653911e-16	1.558453272675227e-17
5717.749999999999	1.4878806932021866e-16	1.4541643262780114e-17
5717.999999999998	1.487475365874242e-16	1.450405121266203e-17
5718.249999999999	1.4994937812105642e-16	1.4575268154680395e-17
5718.499999999999	1.5225483105692487e-16	1.4778617273386756e-17
5718.749999999999	1.5506379177500885e-16	1.5163635106944463e-17
5718.999999999999	1.576802886144378e-16	1.5098334160667077e-17
5719.249999999999	1.595886686682446e-16	1.4883028973386874e-17
5719.499999999999	1.6048759568988678e-16	1.564621558503035e-17
5719.749999999999	1.6023342642639513e-16	1.5480857217497324e-17
5719.999999999999	1.5885494738276233e-16	1.499542296629813e-17
5720.249999999999	1.5661173487698267e-16	1.5187332177132882e-17
5720.499999999999	1.5397775541393652e-16	1.529182494083303e-17
5720.749999999998	1.515107435251868e-16	1.4733201749035144e-17
5720.999999999999	1.4968102839433815e-16	1.464837106849538e-17
5721.249999999999	1.4876267093631362e-16	1.5322382647021965e-17
5721.499999999999	1.4881811368295658e-16	1.4566316406091346e-17
5721.749999999998	1.4972644229234461e-16	1.4775756882828547e-17
5721.999999999999	1.5122495834253598e-16	1.4926366620039752e-17
5722.249999999999	1.5300283245462093e-16	1.5283250386603306e-17
5722.499999999999	1.5484400121835397e-16	1.5505993581951585e-17
5722.749999999998	1.5669273747219309e-16	1.5142178041854837e-17
5722.999999999999	1.5854147696256614e-16	1.4680460713178763e-17
5723.25	1.602622907032633e-16	1.524666915119376e-17
5723.499999999999	1.6161882370283353e-16	1.5737357653643892e-17
5723.749999999998	1.624834422156889e-16	1.5574833206889473e-17
5723.999999999999	1.630037121561301e-16	1.51946279101356e-17
5724.249999999998	1.635163962109884e-16	1.5324369534853317e-17
5724.499999999999	1.6432006541788922e-16	1.5714218103188334e-17
5724.749999999998	1.6554065352428392e-16	1.5593941079039448e-17
5724.999999999999	1.6713334075365149e-16	1.510424519332438e-17
5725.249999999999	1.6890193209138656e-16	1.5344690053781295e-17
5725.499999999999	1.7049578303126726e-16	1.6009677091824925e-17
5725.749999999999	1.7146070754299802e-16	1.5756248804473378e-17
5725.999999999999	1.7137954395666437e-16	1.5654100270629205e-17
5726.249999999999	1.7004709039931208e-16	1.5718640210743042e-17
5726.499999999999	1.6761257384243505e-16	1.5706895900406015e-17
5726.749999999999	1.646313431440053e-16	1.5498117168158855e-17
5726.999999999999	1.6195385051064857e-16	1.5174711055346548e-17
5727.249999999999	1.6042857458446082e-16	1.5011923565157337e-17
5727.499999999998	1.605209715288672e-16	1.5337791367472603e-17
5727.749999999999	1.6204366718191977e-16	1.491182809359352e-17
5727.999999999999	1.64184150483436e-16	1.5568629352295326e-17
5728.249999999999	1.658873514495585e-16	1.625624308881473e-17
5728.499999999998	1.6640010857577606e-16	1.598223951090654e-17
5728.749999999999	1.655924258280536e-16	1.509860051282432e-17
5728.999999999999	1.63834531173012e-16	1.4967482459567313e-17
5729.249999999999	1.616431696733737e-16	1.5496730813452217e-17
5729.499999999998	1.5948287077773141e-16	1.540038081570204e-17
5729.749999999999	1.5779262402471139e-16	1.49114972213485e-17
5729.999999999999	1.5697454818726946e-16	1.49575248593534e-17
5730.249999999999	1.5718405728222295e-16	1.5045702312651553e-17
5730.499999999998	1.580996727944957e-16	1.6157740767110692e-17
5730.749999999999	1.5896089936422602e-16	1.8373919755540313e-17
5730.999999999998	1.589517557822251e-16	1.771395701253733e-17
5731.249999999999	1.5771131449020149e-16	1.68149903577045e-17
5731.499999999998	1.5559767876958527e-16	1.5124276199037965e-17
5731.749999999999	1.534585021602938e-16	1.4707742784141987e-17
5731.999999999998	1.520547038551374e-16	1.491744961303643e-17
5732.249999999999	1.516129009094017e-16	1.5052319757551977e-17
5732.499999999999	1.5185618503033115e-16	1.519994833583554e-17
5732.749999999999	1.5238014906774493e-16	1.5473187598857732e-17
5732.999999999999	1.5293799911612957e-16	1.4678076778653386e-17
5733.249999999999	1.533833017977509e-16	1.4828749381591145e-17
5733.499999999999	1.5344502727537412e-16	1.5324654084984035e-17
5733.749999999999	1.5271097635296138e-16	1.5329507980818496e-17
5733.999999999999	1.5096305192877027e-16	1.551704636929652e-17
5734.249999999999	1.4857141673970807e-16	1.528968585176897e-17
5734.499999999999	1.464839628832996e-16	1.457338714596745e-17
5734.749999999999	1.4568533839225879e-16	1.433223752762864e-17
5734.999999999999	1.4654191597040256e-16	1.493457556043873e-17
5735.249999999998	1.4860773346629394e-16	1.4642003432139948e-17
5735.499999999999	1.5103460402121395e-16	1.5729287679587825e-17
5735.749999999999	1.531673456001422e-16	1.4899928273301333e-17
5735.999999999999	1.5481000828773655e-16	1.4823620861793316e-17
5736.249999999998	1.5605258257828744e-16	1.5283033665282817e-17
5736.499999999999	1.569424477732057e-16	1.5275952999239363e-17
5736.749999999999	1.5731221149522698e-16	1.5108314921938142e-17
5736.999999999999	1.5687708469506281e-16	1.5298999905466316e-17
5737.249999999998	1.5553279352980528e-16	1.578760887585649e-17
5737.499999999999	1.5363678077563822e-16	1.476805583132568e-17
5737.75	1.5198819123480157e-16	1.4838265267357955e-17
5737.999999999999	1.5141199809087308e-16	1.471310953195623e-17
5738.249999999998	1.522229259985512e-16	1.4873106114758688e-17
5738.499999999999	1.5400584139361005e-16	1.538618639639063e-17
5738.749999999998	1.5589337131863486e-16	1.5335553016735034e-17
5738.999999999999	1.570997339547744e-16	1.514954325802901e-17
5739.249999999998	1.5729114231903521e-16	1.5345267425848857e-17
5739.499999999999	1.5656810133952636e-16	1.5339359701914003e-17
5739.749999999999	1.5518011051461452e-16	1.4790219308658425e-17
5739.999999999999	1.532903296299018e-16	1.506728345483306e-17
5740.249999999999	1.5100912855201203e-16	1.5367586413136763e-17
5740.499999999999	1.4858962110726645e-16	1.503324000954283e-17
5740.749999999999	1.464595318125839e-16	1.467430979814382e-17
5740.999999999999	1.4499047846862914e-16	1.444714118651838e-17
5741.249999999999	1.443453562852979e-16	1.5634226429232006e-17
5741.499999999999	1.447116496499358e-16	1.4937379702715284e-17
5741.749999999999	1.466200394020808e-16	1.5068952705309193e-17
5741.999999999998	1.5070387809750473e-16	1.462166636959972e-17
5742.249999999999	1.568307187651518e-16	1.4486518292398355e-17
5742.499999999999	1.634538271863268e-16	1.5617244411256292e-17
5742.749999999999	1.6809153928329409e-16	1.6757395426013658e-17
5742.999999999998	1.6878521734247264e-16	1.592786892924343e-17
5743.249999999999	1.6536265321279852e-16	1.5386411389517244e-17
5743.499999999999	1.5951180101367076e-16	1.5252216224381542e-17
5743.749999999999	1.5374722217239885e-16	1.4899589129250186e-17
5743.999999999998	1.500904080951362e-16	1.4691141269248048e-17
5744.249999999999	1.4919033009544473e-16	1.476908980709137e-17
5744.5	1.502048543968057e-16	1.509731507415241e-17
5744.749999999999	1.514619556972406e-16	1.5530200195397337e-17
5744.999999999998	1.5158586356199674e-16	1.581803588750864e-17
5745.249999999999	1.5039032396294665e-16	1.5381641866105264e-17
5745.499999999998	1.4885772997325868e-16	1.4249377191307978e-17
5745.749999999999	1.482101307490767e-16	1.494278946392138e-17
5745.999999999998	1.4888804643316093e-16	1.518060223566915e-17
5746.249999999999	1.5030458703947674e-16	1.5294591032801408e-17
5746.499999999999	1.514413051575581e-16	1.5658338744087927e-17
5746.749999999999	1.515798258231399e-16	1.5324245457761434e-17
5746.999999999999	1.5052904488004808e-16	1.4318105974043784e-17
5747.249999999999	1.4841874036020716e-16	1.55046436231919e-17
5747.499999999999	1.4555729965127845e-16	1.54559342656411e-17
5747.749999999999	1.4249965298156587e-16	1.4854653369653855e-17
5747.999999999999	1.3996990031019224e-16	1.4343424318232807e-17
5748.249999999999	1.3846800483847168e-16	1.4612845315547454e-17
5748.499999999999	1.3797109912447807e-16	1.5125186097711773e-17
5748.749999999998	1.3814179894748562e-16	1.4962509449724644e-17
5748.999999999999	1.388012082716192e-16	1.5220753582602475e-17
5749.249999999999	1.4006776647424329e-16	1.4172080471787348e-17
5749.499999999999	1.4202475297969995e-16	1.4965366531560403e-17
5749.749999999998	1.4438794577648855e-16	1.55405366443318e-17
5749.999999999999	1.4656101473173523e-16	1.528223460881109e-17
5750.249999999999	1.4792393206852082e-16	1.508208337035286e-17
5750.499999999999	1.4805499847363096e-16	1.5474911443254293e-17
5750.749999999998	1.4689283135524666e-16	1.57534893299499e-17
5750.999999999999	1.4489677569800598e-16	1.5204213279073864e-17
5751.249999999999	1.429873752417008e-16	1.4475257055539058e-17
5751.499999999999	1.4209776355853554e-16	1.4487552268164047e-17
5751.749999999998	1.4261458294393826e-16	1.5078369329402497e-17
5751.999999999999	1.4415842854611468e-16	1.49540192679174e-17
5752.249999999998	1.4583210464134857e-16	1.5004828009862857e-17
5752.499999999999	1.4673362318587675e-16	1.54797223256969e-17
5752.749999999998	1.4644655064175713e-16	1.5379590458186132e-17
5752.999999999999	1.4524111661581124e-16	1.4972971630112215e-17
5753.249999999998	1.4385729236240513e-16	1.502543804200523e-17
5753.499999999999	1.4303046112032842e-16	1.508878684203699e-17
5753.749999999999	1.4308442652588127e-16	1.5074637090478658e-17
5753.999999999999	1.437858446430145e-16	1.4972930271081588e-17
5754.249999999999	1.4445424451649836e-16	1.535662792438166e-17
5754.499999999999	1.4424153422283213e-16	1.549449908015955e-17
5754.749999999999	1.4248510789957872e-16	1.468345014391253e-17
5754.999999999999	1.3904981245806797e-16	1.5580853427387634e-17
5755.249999999999	1.3455284025221436e-16	1.4573509568698107e-17
5755.499999999999	1.302690275076448e-16	1.465273196468476e-17
5755.749999999999	1.2756979376332562e-16	1.4206552396634883e-17
5755.999999999999	1.2716285706683328e-16	1.462598259803602e-17
5756.249999999999	1.287529410534719e-16	1.499246827715009e-17
5756.499999999998	1.3143181240317784e-16	1.4838452210176392e-17
5756.749999999999	1.3437512161740567e-16	1.4896429299310233e-17
5756.999999999999	1.371712871723872e-16	1.4845642064060703e-17
5757.249999999999	1.396144634455933e-16	1.534159474392912e-17
5757.499999999998	1.41390066674763e-16	1.4363217095929976e-17
5757.749999999999	1.4213159003163612e-16	1.5530272987291242e-17
5757.999999999999	1.418657701337978e-16	1.538370485455297e-17
5758.249999999999	1.4133886240100836e-16	1.478390957494587e-17
5758.499999999998	1.4168829746506638e-16	1.4765154081736843e-17
5758.749999999999	1.4359807072021638e-16	1.4923512846926445e-17
5759.0	1.467602338558965e-16	1.5535977224795408e-17
5759.249999999999	1.5022768398843432e-16	1.601919132323051e-17
5759.499999999998	1.532726501342154e-16	1.5862668899000776e-17
5759.749999999999	1.5582111291183352e-16	1.5469764725482988e-17
5759.999999999998	1.580520857930637e-16	1.5508031754980916e-17
5760.249999999999	1.5971232012171866e-16	1.582473605047032e-17
5760.499999999999	1.6000391569949157e-16	1.6059569317651673e-17
5760.749999999999	1.5823520234715177e-16	1.6024695383026438e-17
5760.999999999999	1.5458011439871966e-16	1.5709680190347868e-17
5761.249999999999	1.501927152298892e-16	1.54758081070383e-17
5761.499999999999	1.4657197565066428e-16	1.47695662631242e-17
5761.749999999999	1.447306815305507e-16	1.5079894650452045e-17
5761.999999999999	1.448073814540798e-16	1.553219370067359e-17
5762.249999999999	1.4627413962964482e-16	1.5276973740115254e-17
5762.499999999999	1.4836186055296834e-16	1.511407540772396e-17
5762.749999999999	1.5032499803456857e-16	1.5746815636767824e-17
5762.999999999999	1.5158539751460286e-16	1.5591568725042646e-17
5763.249999999998	1.519412826989459e-16	1.571978999179449e-17
5763.499999999999	1.5171875977621237e-16	1.538805913329745e-17
5763.749999999999	1.5158122871085686e-16	1.5224012674215934e-17
5763.999999999999	1.520527598339925e-16	1.5436002521601023e-17
5764.249999999998	1.531697623863027e-16	1.570423072447237e-17
5764.499999999999	1.5452618030228372e-16	1.5719121629859548e-17
5764.749999999999	1.5558385965319944e-16	1.5683117766517565e-17
5764.999999999999	1.559981369608793e-16	1.592209520856781e-17
5765.249999999998	1.5578760069814087e-16	1.575674511284091e-17
5765.499999999999	1.5522446316632494e-16	1.507628979734254e-17
5765.75	1.5452858253235343e-16	1.5725651393615042e-17
5765.999999999999	1.5375337629525423e-16	1.5967972299701226e-17
5766.249999999998	1.5306751217367826e-16	1.5567764121374595e-17
5766.499999999999	1.5303104004967462e-16	1.536209393386941e-17
5766.749999999998	1.5435395941908876e-16	1.5555162851922962e-17
5766.999999999999	1.5724399288760364e-16	1.5150602049213077e-17
5767.249999999998	1.6098265503136387e-16	1.576303664857999e-17
5767.499999999999	1.6419457478418509e-16	1.6671486101955126e-17
5767.749999999999	1.6560384686745099e-16	1.5892503649334338e-17
5767.999999999999	1.6464241715820862e-16	1.5853758509442354e-17
5768.249999999999	1.6160051005422786e-16	1.612738820171367e-17
5768.499999999999	1.5754706444451078e-16	1.5835649871472343e-17
5768.749999999999	1.5414832754256827e-16	1.5309260253784423e-17
5768.999999999999	1.5314272613611833e-16	1.56364664343308e-17
5769.249999999999	1.5547699969785268e-16	1.4663063450535548e-17
5769.499999999999	1.6067996360673197e-16	1.621074650076309e-17
5769.749999999999	1.670204408522206e-16	1.5777613225334398e-17
5769.999999999998	1.7237074070774317e-16	1.6249690164002086e-17
5770.249999999999	1.7522972196260097e-16	1.6865273012780374e-17
5770.499999999999	1.7533412622663515e-16	1.6395282223617545e-17
5770.749999999999	1.735116081872211e-16	1.5539759094556e-17
5770.999999999998	1.7092404001635566e-16	1.6258956241223905e-17
5771.249999999999	1.6836470688213187e-16	1.6322243829890337e-17
5771.499999999999	1.6608406348900718e-16	1.5723446130101975e-17
5771.749999999999	1.6394820160879966e-16	1.5814048876956134e-17
5771.999999999998	1.6165683395392244e-16	1.5879432541294775e-17
5772.249999999999	1.5912721616508646e-16	1.6180661941884536e-17
5772.499999999999	1.569525838229012e-16	1.588764148169375e-17
5772.749999999999	1.563373321814358e-16	1.5143226906871555e-17
5772.999999999998	1.5824076375642958e-16	1.5442937603856668e-17
5773.249999999999	1.6244025936145988e-16	1.5944080014888245e-17
5773.499999999998	1.6747173560113493e-16	1.644902249365389e-17
5773.749999999999	1.7151987366077847e-16	1.641633066148457e-17
5773.999999999998	1.7344613785899228e-16	1.654730809403744e-17
5774.249999999999	1.7319431362496204e-16	1.6400010387998898e-17
5774.499999999998	1.7147655986613625e-16	1.6208246760951954e-17
5774.749999999999	1.691587189064498e-16	1.613494036070628e-17
5774.999999999999	1.6683362790085307e-16	1.6029051316132142e-17
5775.249999999999	1.6480449160037273e-16	1.60806706950779e-17
5775.499999999999	1.6331417857239188e-16	1.6095148010158804e-17
5775.749999999999	1.6262973155025268e-16	1.599578211189526e-17
5775.999999999999	1.6282110478216183e-16	1.5527460573208562e-17
5776.249999999999	1.636091131838058e-16	1.607498134682476e-17
5776.499999999999	1.6466717236193957e-16	1.6194950659785777e-17
5776.749999999998	1.6596901294486092e-16	1.5513987455391298e-17
5776.999999999999	1.6748848172293317e-16	1.5600189601386674e-17
5777.249999999999	1.6860900984882753e-16	1.6813245006612014e-17
5777.499999999999	1.6830997229375426e-16	1.660390710027077e-17
5777.749999999998	1.6612058017695464e-16	1.581759251870031e-17
5777.999999999999	1.6265389576943748e-16	1.610423210764586e-17
5778.249999999999	1.5912631999756785e-16	1.538353941843046e-17
5778.499999999999	1.5652959428586754e-16	1.533488134607764e-17
5778.749999999998	1.552950440876452e-16	1.605327943627382e-17
5778.999999999999	1.5550126467392549e-16	1.5935932285854597e-17
5779.249999999999	1.5703227942471238e-16	1.5137770823551155e-17
5779.499999999999	1.593697035506809e-16	1.575317500131713e-17
5779.749999999998	1.6151704688099852e-16	1.5870872876316077e-17
5779.999999999999	1.62537869031208e-16	1.5886948304340432e-17
5780.249999999998	1.622409487677915e-16	1.5707896788947204e-17
5780.499999999999	1.6123367333892842e-16	1.58053552087182e-17
5780.749999999998	1.6033596741738338e-16	1.5962266407835835e-17
5780.999999999999	1.5999477996374269e-16	1.5844848119883933e-17
5781.249999999998	1.6021148685834051e-16	1.5902145266554256e-17
5781.499999999999	1.6093483258767154e-16	1.5964997758218486e-17
5781.749999999999	1.6236651886473526e-16	1.5740236242175577e-17
5781.999999999999	1.647245507688879e-16	1.5738586844034146e-17
5782.249999999999	1.6778960255597958e-16	1.6025080849191887e-17
5782.499999999999	1.7100039033498527e-16	1.627291574124135e-17
5782.749999999999	1.741141969956349e-16	1.609820196098035e-17
5782.999999999999	1.7741711927593917e-16	1.5679818970234704e-17
5783.249999999999	1.8084879038552655e-16	1.5947818871256984e-17
5783.499999999999	1.830534989174762e-16	1.723364300932984e-17
5783.749999999999	1.8193558248778724e-16	1.7199005648359793e-17
5783.999999999999	1.765657033936015e-16	1.65622635195124e-17
5784.249999999999	1.6844751428993674e-16	1.5789918364126737e-17
5784.499999999998	1.6072985481597278e-16	1.5444026173542788e-17
5784.749999999999	1.5608233707842656e-16	1.5200201453102982e-17
5784.999999999999	1.5508093220189627e-16	1.5318364203606182e-17
5785.249999999999	1.5631094458923191e-16	1.6221294707934366e-17
5785.499999999998	1.578978721634213e-16	1.577829151343669e-17
5785.749999999999	1.589349516279226e-16	1.556079595189445e-17
5785.999999999999	1.5950765358856487e-16	1.574089798666562e-17
5786.249999999999	1.597832140099125e-16	1.6127808409464848e-17
5786.499999999998	1.596485825477821e-16	1.611334929235742e-17
5786.749999999999	1.591423937066989e-16	1.568989072137315e-17
5787.0	1.5858419955108486e-16	1.5545307822105006e-17
5787.249999999999	1.5807714447540604e-16	1.6086312066855513e-17
5787.499999999998	1.573097494609596e-16	1.626978568980345e-17
5787.749999999999	1.5602524921650126e-16	1.5610421825563955e-17
5787.999999999998	1.544178221829419e-16	1.5890381103882527e-17
5788.249999999999	1.5297134570181154e-16	1.5538293330510556e-17
5788.499999999998	1.519956061991068e-16	1.5477727166059423e-17
5788.749999999999	1.5128382322944414e-16	1.563988434462187e-17
5788.999999999999	1.5031366370121729e-16	1.581756935764316e-17
5789.249999999999	1.4899228214774458e-16	1.577774391987118e-17
5789.499999999999	1.4807309634089277e-16	1.513238091467976e-17
5789.749999999999	1.485847648409524e-16	1.5307147634499963e-17
5789.999999999999	1.5097297855948536e-16	1.5509725820875425e-17
5790.249999999999	1.549235810016797e-16	1.549777802410771e-17
5790.499999999999	1.596862304353557e-16	1.556887088903419e-17
5790.749999999999	1.642816646393413e-16	1.5718325882110272e-17
5790.999999999999	1.6763662105437508e-16	1.611637842776059e-17
5791.249999999998	1.689181232369626e-16	1.6544214438546492e-17
5791.499999999999	1.679039607453503e-16	1.6289042454463684e-17
5791.749999999999	1.6509600265931023e-16	1.5365252109448138e-17
5791.999999999999	1.615871771599319e-16	1.63407644038054e-17
5792.249999999998	1.587170549659407e-16	1.547127184855906e-17
5792.499999999999	1.573960708293825e-16	1.5355350757515878e-17
5792.749999999999	1.575097653637163e-16	1.5957831065391326e-17
5792.999999999999	1.5825943161654048e-16	1.6166502264158853e-17
5793.249999999998	1.592212815892072e-16	1.5707271440404114e-17
5793.499999999999	1.607694744627436e-16	1.556276629611355e-17
5793.749999999999	1.6335875508677177e-16	1.614360755916461e-17
5793.999999999999	1.66613380135287e-16	1.5248662656470014e-17
5794.249999999998	1.6925477307942442e-16	1.6464975498947587e-17
5794.499999999999	1.7006801484350435e-16	1.6687912254559204e-17
5794.749999999998	1.690413117450385e-16	1.601519934959433e-17
5794.999999999999	1.673009320059926e-16	1.571207239667937e-17
5795.249999999998	1.658533075487598e-16	1.6186928662205238e-17
5795.499999999999	1.6481524047226366e-16	1.6412418097187193e-17
5795.749999999998	1.63850897750279e-16	1.5522896190588494e-17
5795.999999999999	1.627109496262993e-16	1.6398357681135017e-17
5796.249999999999	1.6127639607217474e-16	1.591516178067339e-17
5796.499999999999	1.597365969488912e-16	1.6084742078052887e-17
5796.749999999999	1.588860850140399e-16	1.5319222817082012e-17
5796.999999999999	1.5963068653044409e-16	1.525358603547593e-17
5797.249999999999	1.6188686796762997e-16	1.6025085812275563e-17
5797.499999999999	1.6438788585383288e-16	1.6218267226892422e-17
5797.749999999999	1.6585507292300785e-16	1.6087534639800866e-17
5797.999999999998	1.6612376560910378e-16	1.5995213011633823e-17
5798.249999999999	1.6609739669876108e-16	1.574288156577452e-17
5798.499999999999	1.669227507428772e-16	1.5724733223135108e-17
5798.749999999999	1.692051067746595e-16	1.6037715205868022e-17
5798.999999999998	1.7262386766671994e-16	1.6252360303019407e-17
5799.249999999999	1.75958191221049e-16	1.6301465052903005e-17
5799.499999999999	1.7752620842141019e-16	1.6596004216698437e-17
5799.749999999999	1.762001185994618e-16	1.7038516065912255e-17
5799.999999999998	1.7250704646032366e-16	1.5422406981053102e-17
5800.249999999999	1.6842226750873877e-16	1.5755539083507808e-17
5800.499999999999	1.6578864070045223e-16	1.6188869227922287e-17
5800.749999999999	1.6535794944016813e-16	1.5814613014133895e-17
5800.999999999998	1.6729570687705425e-16	1.5625646911918606e-17
5801.249999999999	1.7161148523159556e-16	1.5822117196650976e-17
5801.499999999998	1.7759653867896364e-16	1.6081459825382277e-17
5801.749999999999	1.8328715741553475e-16	1.6298432608777386e-17
5801.999999999998	1.8604590409780025e-16	1.658364779270812e-17
5802.249999999999	1.8426643165255415e-16	1.7623375772379098e-17
5802.499999999998	1.7898364820077937e-16	1.5827119984995697e-17
5802.749999999999	1.734365714978756e-16	1.5761435226914086e-17
5802.999999999999	1.7046345156709064e-16	1.6062748999926327e-17
5803.249999999999	1.7039692416574447e-16	1.5632947608005e-17
5803.499999999999	1.713836221143068e-16	1.5445880712476132e-17
5803.749999999999	1.7132050304516947e-16	1.6389305016511236e-17
5803.999999999999	1.6973185986787182e-16	1.6319242818627995e-17
5804.249999999999	1.681011179725147e-16	1.571477396855997e-17
5804.499999999999	1.681284971686156e-16	1.5075844774172985e-17
5804.749999999999	1.6982269707435955e-16	1.585892507954836e-17
5804.999999999999	1.7176136353997489e-16	1.6080966825737195e-17
5805.249999999999	1.7265840609697262e-16	1.600390171678808e-17
5805.499999999999	1.718861308199893e-16	1.621098307441828e-17
5805.749999999998	1.6918557491111498e-16	1.638538252604651e-17
5805.999999999999	1.6504585062103358e-16	1.5730015598526872e-17
5806.249999999999	1.6104827764537382e-16	1.537801881502228e-17
5806.499999999999	1.588630510376449e-16	1.5760047217846222e-17
5806.749999999998	1.588288525992747e-16	1.5731555808827445e-17
5806.999999999999	1.5985270527882023e-16	1.598634067238358e-17
5807.249999999999	1.6071867789366377e-16	1.6035668761032566e-17
5807.499999999999	1.6120513047911603e-16	1.5567719453621517e-17
5807.749999999998	1.6161781151821165e-16	1.5409152238917552e-17
5807.999999999999	1.6179371064314307e-16	1.6140270712573572e-17
5808.25	1.6149257891645684e-16	1.5178128965637617e-17
5808.499999999999	1.6121631655394474e-16	1.5802494818159993e-17
5808.749999999998	1.616662912430283e-16	1.5865092538195556e-17
5808.999999999999	1.628988647883334e-16	1.561105544591317e-17
5809.249999999998	1.6451780091085796e-16	1.5775121757329388e-17
5809.499999999999	1.6616196687772992e-16	1.5967472682611244e-17
5809.749999999998	1.6755926366029605e-16	1.5893966104657332e-17
5809.999999999999	1.6838589849063852e-16	1.5829543624190477e-17
5810.249999999999	1.6828306110541034e-16	1.602239251220109e-17
5810.499999999999	1.6726404436165809e-16	1.624960413721838e-17
5810.749999999999	1.662559998247518e-16	1.599149566196101e-17
5810.999999999999	1.6678487727969206e-16	1.5842406282715677e-17
5811.249999999999	1.693537547139995e-16	1.579271919768084e-17
5811.499999999999	1.7220447163853468e-16	1.6622449180881757e-17
5811.749999999999	1.7284500293499834e-16	1.678401575248684e-17
5811.999999999999	1.7114381750425488e-16	1.557462144865266e-17
5812.249999999999	1.6963418407219958e-16	1.577976224056581e-17
5812.499999999998	1.702935559945789e-16	1.561071133877835e-17
5812.749999999999	1.721637671690234e-16	1.6329901868001353e-17
5812.999999999999	1.7258243636547269e-16	1.6288623901073732e-17
5813.249999999999	1.7005963362000175e-16	1.6095215838969033e-17
5813.499999999998	1.6566620778342718e-16	1.5897716541554647e-17
5813.749999999999	1.618808012174167e-16	1.5529809766148212e-17
5813.999999999999	1.6020728549189448e-16	1.5426774494687382e-17
5814.249999999999	1.6002208857870726e-16	1.6088580196095133e-17
5814.499999999998	1.5981266088016206e-16	1.5586297930179458e-17
5814.749999999999	1.5894458192625913e-16	1.5792416449576647e-17
5814.999999999999	1.5769845496514562e-16	1.5451121728837268e-17
5815.249999999999	1.5633452873281993e-16	1.5586433587799917e-17
5815.499999999998	1.5507270370717699e-16	1.5741261946135143e-17
5815.749999999999	1.5466723411464958e-16	1.5550848277847886e-17
5815.999999999998	1.559160732734198e-16	1.5424595700953917e-17
5816.249999999999	1.5832046529193552e-16	1.583752757146284e-17
5816.499999999998	1.602525494589933e-16	1.609453755086674e-17
5816.749999999999	1.6067341545213573e-16	1.470535223217171e-17
5816.999999999998	1.5938570918226663e-16	1.5915403317412256e-17
5817.249999999999	1.5606366711295977e-16	1.563739618533931e-17
5817.499999999999	1.5087859520168085e-16	1.5361829236073393e-17
5817.749999999999	1.4549328582560097e-16	1.524641272520387e-17
5817.999999999999	1.4216827125405947e-16	1.5189568873509225e-17
5818.249999999999	1.4218140203163304e-16	1.517582278608982e-17
5818.499999999999	1.449445049291593e-16	1.5218852721554828e-17
5818.749999999999	1.479778981583401e-16	1.5783583814995806e-17
5818.999999999999	1.4832927070337076e-16	1.5597683244130638e-17
5819.249999999998	1.4493600216514467e-16	1.5675221500390134e-17
5819.499999999999	1.3934762633307632e-16	1.4694792444471857e-17
5819.749999999999	1.3380129781654998e-16	1.5071349874724372e-17
5819.999999999999	1.2952840841201444e-16	1.520608105289701e-17
5820.249999999998	1.2731858489214519e-16	1.4353011341532297e-17
5820.499999999999	1.2796685370885046e-16	1.455048086044463e-17
5820.749999999999	1.3132319224397322e-16	1.525085137637083e-17
5820.999999999999	1.3600671000652868e-16	1.4773035458613248e-17
5821.249999999998	1.4010916092987864e-16	1.5416399995444742e-17
5821.499999999999	1.423516737950218e-16	1.564122934029788e-17
5821.749999999999	1.4385576555498195e-16	1.5071234069438614e-17
5821.999999999999	1.477285690388046e-16	1.444067428848944e-17
5822.249999999998	1.5477486150759468e-16	1.508542352566635e-17
5822.499999999999	1.6097858478951474e-16	1.6523083282618212e-17
5822.749999999998	1.6165891105947135e-16	1.6162662491755382e-17
5822.999999999999	1.5710911986581016e-16	1.5757793977857627e-17
5823.249999999998	1.5215491840582607e-16	1.5065184070438402e-17
5823.499999999999	1.509534030444122e-16	1.5266524794617484e-17
5823.749999999998	1.5368499139700687e-16	1.5494638046502457e-17
5823.999999999999	1.5755791920228763e-16	1.5967279122347907e-17
5824.249999999999	1.5972545991450497e-16	1.6232956300210138e-17
5824.499999999999	1.5963935794482987e-16	1.5818825017813015e-17
5824.749999999999	1.5901647072653736e-16	1.535469066738706e-17
5824.999999999999	1.590822692263033e-16	1.5752016948459557e-17
5825.249999999999	1.5864891259875814e-16	1.579622478911684e-17
5825.499999999999	1.5621707860288036e-16	1.6084217645544528e-17
5825.749999999999	1.5299034128172674e-16	1.502454137822122e-17
5825.999999999999	1.5172609154122742e-16	1.5420554096480983e-17
5826.249999999999	1.532527421770757e-16	1.588708727068334e-17
5826.499999999999	1.5610748268754643e-16	1.5675180141359506e-17
5826.749999999999	1.5848677105602564e-16	1.5898652910008057e-17
5826.999999999998	1.5910410590386343e-16	1.605290720499817e-17
5827.249999999999	1.5749099050195157e-16	1.5454155827324112e-17
5827.499999999999	1.5409764638690598e-16	1.565630222541982e-17
5827.749999999999	1.4995504814318428e-16	1.560580284902346e-17
5827.999999999998	1.4682735145865624e-16	1.5135735959244274e-17
5828.249999999999	1.4649541048883652e-16	1.5223476661179e-17
5828.499999999999	1.4880962436907212e-16	1.544945082399991e-17
5828.749999999999	1.5193523487215363e-16	1.523115620598594e-17
5828.999999999998	1.5478203962968463e-16	1.5327074415456365e-17
5829.249999999999	1.5762596616902148e-16	1.5672026928864454e-17
5829.5	1.603979413999205e-16	1.610092338519565e-17
5829.749999999999	1.6160080255983708e-16	1.6257394524227405e-17
5829.999999999998	1.5941526310362147e-16	1.6171870666334322e-17
5830.249999999999	1.539722282237339e-16	1.5995355286699182e-17
5830.499999999998	1.4820424619873262e-16	1.5171243514218726e-17
5830.749999999999	1.453627428664993e-16	1.4805565163382508e-17
5830.999999999998	1.4562502119360956e-16	1.5884259967349635e-17
5831.249999999999	1.4653355246137189e-16	1.5168623006038158e-17
5831.499999999999	1.4676458297193328e-16	1.6250502455363613e-17
5831.749999999999	1.4817010748534802e-16	1.475382005298364e-17
5831.999999999999	1.526891643221716e-16	1.557883676105423e-17
5832.249999999999	1.5781716376493295e-16	1.5943658152775843e-17
5832.499999999999	1.5874005750492686e-16	1.585151850434356e-17
5832.749999999999	1.5428207831410274e-16	1.5770759206778784e-17
5832.999999999999	1.4778650456593862e-16	1.5647153607844985e-17
5833.249999999999	1.439285033413658e-16	1.5283175940348176e-17
5833.499999999999	1.4527104064853034e-16	1.4933630920179193e-17
5833.749999999998	1.4966271767109935e-16	1.6113124299230806e-17
5833.999999999999	1.5242224670960327e-16	1.5860739913812302e-17
5834.249999999999	1.5188344724870398e-16	1.5700827703432326e-17
5834.499999999999	1.498238493483146e-16	1.551668406418822e-17
5834.749999999998	1.4804409872486081e-16	1.5439491569424772e-17
5834.999999999999	1.4771239249677595e-16	1.5371485742544338e-17
5835.249999999999	1.4959487178751537e-16	1.52523651168918e-17
5835.499999999999	1.5264973026166997e-16	1.583292017545092e-17
5835.749999999998	1.5482239414846553e-16	1.5896943954862523e-17
5835.999999999999	1.557398573627946e-16	1.5693164702237634e-17
5836.25	1.557886399754694e-16	1.5908951308634343e-17
5836.499999999999	1.5426757856339286e-16	1.594821922667346e-17
5836.749999999998	1.5172339494586776e-16	1.5271362146839694e-17
5836.999999999999	1.5137351660053115e-16	1.4988827028093632e-17
5837.249999999998	1.5464829833260447e-16	1.5929607662891017e-17
5837.499999999999	1.581948924782455e-16	1.6387720138457585e-17
5837.749999999998	1.5884438111189726e-16	1.5645016173142148e-17
5837.999999999999	1.5848371062300912e-16	1.5923838905299072e-17
5838.249999999999	1.6085892087728157e-16	1.5254676259523274e-17
5838.499999999999	1.651290830070379e-16	1.6233083686024472e-17
5838.749999999999	1.6565447621088014e-16	1.6572308800871243e-17
5838.999999999999	1.5954655166391404e-16	1.6011887318421666e-17
5839.249999999999	1.5100408628890516e-16	1.548242720629995e-17
5839.499999999999	1.4648115226780935e-16	1.536569382389524e-17
5839.749999999999	1.484324698593781e-16	1.5215431502541308e-17
5839.999999999999	1.534252512006395e-16	1.611068246206255e-17
5840.249999999999	1.559926993336509e-16	1.5737370888533693e-17
5840.499999999998	1.562119408488679e-16	1.5479199547549768e-17
5840.749999999999	1.599617160877482e-16	1.5089883683529235e-17
5840.999999999999	1.6895103659037097e-16	1.608828737415829e-17
5841.249999999999	1.7652072327076609e-16	1.6995618479345255e-17
5841.499999999998	1.7718579239128093e-16	1.6364479671967295e-17
5841.749999999999	1.738438364224946e-16	1.6266146095108216e-17
5841.999999999999	1.7207431625674724e-16	1.6163774222498653e-17
5842.249999999999	1.7267054441940304e-16	1.6695727456986605e-17
5842.499999999998	1.7252803084028554e-16	1.6069017374608254e-17
5842.749999999999	1.6997787189060709e-16	1.6253791325479124e-17
5842.999999999999	1.6704688520596531e-16	1.583378540637165e-17
5843.249999999999	1.673889810244788e-16	1.5649712904660224e-17
5843.499999999998	1.7073695331137756e-16	1.6373323887076712e-17
5843.749999999999	1.7120754646163415e-16	1.6760955611370087e-17
5843.999999999998	1.6513091094316988e-16	1.6240958445455976e-17
5844.249999999999	1.5633899115483865e-16	1.5595848557531996e-17
5844.499999999998	1.4986625774829196e-16	1.5633053487123406e-17
5844.749999999999	1.469949435078963e-16	1.5499296727712356e-17
5844.999999999998	1.487468870623981e-16	1.528196163920895e-17
5845.249999999999	1.5483664472863143e-16	1.5893600490826584e-17
5845.499999999999	1.597652647855805e-16	1.6422747928676755e-17
5845.749999999999	1.5899568417322475e-16	1.592202737975758e-17
5845.999999999999	1.5563244854429562e-16	1.5366939557897746e-17
5846.249999999999	1.556705089475445e-16	1.5535102067707326e-17
5846.499999999999	1.6018094761560505e-16	1.5828850446837158e-17
5846.749999999999	1.6380587531324305e-16	1.6740241354470534e-17
5846.999999999999	1.6226813891623549e-16	1.561339802140792e-17
5847.249999999998	1.5856334548186276e-16	1.567943184970803e-17
5847.499999999999	1.568281772293489e-16	1.6034280751964702e-17
5847.749999999999	1.5872329380779068e-16	1.570385518447427e-17
5847.999999999999	1.640027172499149e-16	1.59616906901295e-17
5848.249999999998	1.668571505503969e-16	1.6788962292549907e-17
5848.499999999999	1.6264848506546435e-16	1.5886092999587052e-17
5848.749999999999	1.5689487578332355e-16	1.5865807222244802e-17
5848.999999999999	1.5663433112792664e-16	1.571968576703731e-17
5849.249999999998	1.6210730012471558e-16	1.6184824314726903e-17
5849.499999999999	1.691382705240308e-16	1.6374164302579066e-17
5849.749999999999	1.7419007782046208e-16	1.6399964065884595e-17
5849.999999999999	1.7471776864555813e-16	1.6698983239877614e-17
5850.249999999998	1.6814526795132095e-16	1.6584939848824928e-17
5850.499999999999	1.5795628573191297e-16	1.532798927721385e-17
5850.749999999998	1.5202332216483832e-16	1.5991224346720092e-17
5850.999999999999	1.519568164390116e-16	1.55920137482122e-17
5851.249999999998	1.5504770340432324e-16	1.5822828571977772e-17
5851.499999999999	1.5938235807136674e-16	1.5959156208732636e-17
5851.749999999998	1.6417177069165543e-16	1.6100274875595408e-17
5851.999999999999	1.6773626927802809e-16	1.6513837057731095e-17
5852.249999999998	1.6631544198999395e-16	1.673208535363076e-17
5852.499999999999	1.6075116681954555e-16	1.564124919263258e-17
5852.749999999999	1.5666689065608921e-16	1.5634330653989188e-17
5852.999999999999	1.5557988690279884e-16	1.615742312975547e-17
5853.249999999999	1.5825832372021462e-16	1.5666986090211556e-17
5853.499999999999	1.6541007001365727e-16	1.6402735120936647e-17
5853.749999999999	1.716683944581529e-16	1.6917982615773478e-17
5853.999999999999	1.7243083261499536e-16	1.6578628460751148e-17
5854.249999999999	1.6983231260653078e-16	1.6122856906318105e-17
5854.499999999999	1.6619909222665463e-16	1.635053340683965e-17
5854.749999999999	1.609364509569658e-16	1.6552415107139343e-17
5854.999999999998	1.5676452262036813e-16	1.6170970693827865e-17
5855.249999999999	1.5978720810963978e-16	1.589118843216038e-17
5855.499999999999	1.6846128072077518e-16	1.6668767986462277e-17
5855.749999999999	1.724501815921774e-16	1.653117972645388e-17
5855.999999999998	1.6797022972078693e-16	1.636316280043211e-17
5856.249999999999	1.6079573199878021e-16	1.6329501512584878e-17
5856.499999999999	1.5678980348763644e-16	1.5918769942505347e-17
5856.749999999999	1.5611538741336469e-16	1.6237072350938202e-17
5856.999999999998	1.5577879066035138e-16	1.5807270959016874e-17
5857.249999999999	1.5711498629965913e-16	1.5929986511611566e-17
5857.5	1.6139936883435685e-16	1.6094645084346372e-17
5857.749999999999	1.6462964274004346e-16	1.663395857192482e-17
5857.999999999998	1.6344905931409633e-16	1.6547716721260042e-17
5858.249999999999	1.6003814134045266e-16	1.6128579341795747e-17
5858.499999999998	1.5803388720235365e-16	1.596691681723961e-17
5858.749999999999	1.569042030585202e-16	1.592980949496048e-17
5858.999999999998	1.5158638587118949e-16	1.600203228860371e-17
5859.249999999999	1.4199409464247406e-16	1.541198946841861e-17
5859.499999999999	1.3739462235203085e-16	1.5248788387923122e-17
5859.749999999999	1.3999512978005357e-16	1.5805689389685673e-17
5859.999999999999	1.4329210729752548e-16	1.595867809833858e-17
5860.249999999999	1.434640649777458e-16	1.6075004507881913e-17
5860.499999999999	1.4082245027283708e-16	1.5922972020017116e-17
5860.749999999999	1.3853893829011707e-16	1.5483555480655472e-17
5860.999999999999	1.3868593207874178e-16	1.5823950228888393e-17
5861.249999999999	1.415916852816581e-16	1.5921509564694123e-17
5861.499999999999	1.4881576967556423e-16	1.6136199329598586e-17
5861.749999999998	1.578113778462931e-16	1.6296993314511544e-17
5861.999999999999	1.630218367312784e-16	1.7043932444563252e-17
5862.249999999999	1.6011560111166442e-16	1.643024383938771e-17
5862.499999999999	1.5750057630566103e-16	1.620449632405464e-17
5862.749999999998	1.598019232180073e-16	1.6864076909614622e-17
5862.999999999999	1.5701420802640069e-16	1.6764406608885658e-17
5863.249999999999	1.4717508071582484e-16	1.6286441798617817e-17
5863.499999999999	1.4038685640064608e-16	1.6058849670518752e-17
5863.749999999998	1.425320439038142e-16	1.6194982092649054e-17
5863.999999999999	1.4671954366356967e-16	1.6482321476392824e-17
5864.249999999999	1.4728290689724555e-16	1.645863598673298e-17
5864.499999999999	1.4772909144306456e-16	1.6683294932379933e-17
5864.749999999998	1.4860976821007459e-16	1.6917646780444782e-17
5864.999999999999	1.468007143233218e-16	1.7013095151327275e-17
5865.249999999998	1.377645316655061e-16	1.714016332830522e-17
5865.499999999999	1.2021387289770507e-16	1.6441822713602228e-17
5865.749999999998	1.1149056306911792e-16	1.566797208950172e-17
5865.999999999999	1.249215989491417e-16	1.6745917467833873e-17
5866.249999999998	1.426947543732163e-16	1.772793471052825e-17
5866.499999999999	1.479154643372859e-16	1.7484055396168017e-17
5866.749999999999	1.4444730355118884e-16	1.7403744430495244e-17
5866.999999999999	1.4029757815487335e-16	1.730736630860424e-17
5867.249999999999	1.4048102430744265e-16	1.6828734790762682e-17
5867.499999999999	1.3862428663436564e-16	1.7270831395308998e-17
5867.749999999999	1.3100284494834003e-16	1.622648609345875e-17
5867.999999999999	1.3806229968974273e-16	1.68406958224202e-17
5868.249999999999	1.5082259757313907e-16	1.7169169243665006e-17
5868.499999999998	1.604360229072076e-16	1.749719433301781e-17
5868.749999999999	1.6446473516487757e-16	1.7567552661560345e-17
5868.999999999999	1.568094472958901e-16	1.6961948919691897e-17
5869.249999999999	1.4644559431045597e-16	1.643390163205642e-17
5869.499999999998	1.4502205849624387e-16	1.6797239061759113e-17
5869.749999999999	1.483866552431602e-16	1.6814788525635038e-17
5869.999999999999	1.5329435662706898e-16	1.7432288779073223e-17
5870.249999999999	1.5151611900674272e-16	1.6851844562716188e-17
5870.499999999998	1.505363843551805e-16	1.7071009374734563e-17
5870.749999999999	1.4425335792522308e-16	1.623484227200676e-17
5870.999999999999	1.5050842932495002e-16	1.668034520631557e-17
5871.249999999999	1.646812868087587e-16	1.7668508400961217e-17
5871.499999999998	1.6742844773088036e-16	1.7574982397822296e-17
5871.749999999999	1.7159135556161344e-16	1.7271876951603265e-17
5871.999999999998	1.7420389144981165e-16	1.8489506665616023e-17
5872.249999999999	1.5069493178253393e-16	1.6742565731991808e-17
5872.499999999998	1.4706038511889189e-16	1.7209267651039126e-17
5872.749999999999	1.5902933577767174e-16	1.7314880417288672e-17
5872.999999999998	1.752075245185595e-16	1.795557646946407e-17
5873.249999999999	1.799998164836402e-16	1.8438836890013475e-17
5873.499999999998	1.574869421583011e-16	1.772462929680049e-17
5873.749999999999	1.3475016439714763e-16	1.659837657069524e-17
5873.999999999999	1.4916093679772999e-16	1.748354088982701e-17
5874.249999999999	1.627031577603741e-16	1.7853287314915762e-17
5874.499999999999	1.621181131218861e-16	1.7256292868862766e-17
5874.749999999999	1.7867915547009045e-16	1.82017553459272e-17
5874.999999999999	1.816018750685875e-16	1.8412175204509666e-17
5875.249999999999	1.6786396356389803e-16	1.7598203011977885e-17
5875.499999999999	1.7105945531672308e-16	1.788912739649646e-17
5875.749999999999	1.7087142117051716e-16	1.8347034731271115e-17
5875.999999999999	1.55342804578074e-16	1.7338676749150597e-17
5876.249999999998	1.659443515902736e-16	1.82142027597849e-17
5876.499999999999	1.6676202189717981e-16	1.792881055920308e-17
5876.749999999999	1.6399714611180343e-16	1.7812103646577972e-17
5876.999999999999	1.6411719015292673e-16	1.8266867695024925e-17
5877.249999999998	1.5008678316354207e-16	1.7542970508116494e-17
5877.499999999999	1.3782300938978332e-16	1.7057125975333473e-17
5877.749999999999	1.358543412441245e-16	1.7258145753434885e-17
5877.999999999999	1.417716998160203e-16	1.7576954396402622e-17
5878.249999999998	1.553109218125251e-16	1.774046649680843e-17
5878.499999999999	1.710448001395648e-16	1.811773861111019e-17
5878.75	1.710913332340205e-16	1.8674805048995252e-17
5878.999999999999	1.632361447835815e-16	1.811414202980681e-17
5879.249999999998	1.6649555573092263e-16	1.831920837546483e-17
5879.499999999999	1.728808304053338e-16	1.8744769639566212e-17
5879.749999999998	1.6667855107817586e-16	1.840639321202792e-17
5879.999999999999	1.4962120622909754e-16	1.7678734007693597e-17
5880.249999999998	1.387413211795887e-16	1.723553890729381e-17
5880.499999999999	1.3734627329531192e-16	1.704348411267125e-17
5880.749999999999	1.5436298656691837e-16	1.845255319893083e-17
5880.999999999999	1.6033301523628747e-16	1.8212861072831338e-17
5881.249999999999	1.5204342893312144e-16	1.764689582591643e-17
5881.499999999999	1.4247602256445903e-16	1.7880031718480827e-17
5881.749999999999	1.334072322581275e-16	1.7343853245423954e-17
5881.999999999999	1.4689326251758293e-16	1.7678821688838528e-17
5882.249999999999	1.6227740830462333e-16	1.8304752567079854e-17
5882.499999999999	1.5567613369686112e-16	1.8050311810658543e-17
5882.749999999999	1.5086288934243274e-16	1.8431602368376086e-17
5882.999999999998	1.5508260665392506e-16	1.7932989475657697e-17
5883.249999999999	1.8086693519629687e-16	1.9827413403777667e-17
5883.499999999999	1.582699358517127e-16	1.819010698854123e-17
5883.749999999999	1.387418597013811e-16	1.8038256480411195e-17
5883.999999999998	1.312084875451458e-16	1.7743641215999408e-17
5884.249999999999	1.4347647631975893e-16	1.8416607238231725e-17
5884.499999999999	1.5009348949760038e-16	1.8909628390009256e-17
5884.749999999999	1.2546539359678974e-16	1.736640880636705e-17
5884.999999999998	1.1383632162136388e-16	1.73243053131881e-17
5885.249999999999	1.2676749188663012e-16	1.798211573223722e-17
5885.499999999999	1.5774757471842854e-16	1.919213207589204e-17
5885.749999999999	1.6979246713081048e-16	1.9414082832213494e-17
5885.999999999998	1.6954626355861497e-16	1.9651940271714343e-17
5886.249999999999	1.5953808390912976e-16	1.9110327222032997e-17
5886.499999999998	1.6786811374800544e-16	1.989726549778532e-17
5886.749999999999	1.8843819697269674e-16	2.1491849688744618e-17
5886.999999999998	1.7241430754248081e-16	2.0895902453347114e-17
5887.249999999999	1.499938336340898e-16	1.9865541466932686e-17
5887.499999999998	1.5144400648722595e-16	2.062264995543512e-17
5887.749999999999	1.417690930436096e-16	2.028941859130691e-17
5887.999999999999	1.191772577064488e-16	2.0317613869666392e-17
5888.249999999999	1.003270134104956e-16	2.0061356624619914e-17
5888.499999999999	1.1435168442043545e-16	2.1544010043810987e-17
5888.749999999999	1.385198720023259e-16	2.310575516445193e-17
5888.999999999999	1.3825528310534907e-16	2.3243904252915636e-17
5889.249999999999	1.295858744450633e-16	2.3218200442561163e-17
5889.499999999999	1.2836520804752666e-16	2.3399245463230644e-17
5889.749999999998	1.2821452035429796e-16	2.316994272562482e-17
5889.999999999999	1.4635254426445173e-16	2.3008303362125832e-17
5890.249999999999	1.5561072296491939e-16	2.3037167002420258e-17
5890.499999999999	1.39570212740641e-16	2.2150206046998023e-17
5890.749999999998	1.2975407279359388e-16	2.1567109889597142e-17
5890.999999999999	1.256556994101512e-16	2.0848776319488743e-17
5891.249999999999	1.1673344653368754e-16	1.9434178358014858e-17
5891.499999999999	1.209087152202523e-16	1.9022024037281736e-17
5891.749999999998	1.2045439780270608e-16	1.8747141993563014e-17
5891.999999999999	1.1238780741360397e-16	1.742199699789184e-17
5892.249999999999	1.283650408481602e-16	1.9122129435012903e-17
5892.499999999999	1.4275459931025317e-16	1.8864009379226956e-17
5892.749999999998	1.57007995073855e-16	1.9826089914797582e-17
5892.999999999999	1.4926754093051948e-16	1.9615205180710863e-17
5893.249999999998	1.3405940238099477e-16	1.8911731083126365e-17
5893.499999999999	1.391661350871179e-16	2.019262687910963e-17
5893.749999999998	1.4050500924111132e-16	2.095587966520211e-17
5893.999999999999	1.2061376042269526e-16	2.017134683067109e-17
5894.249999999998	1.198890521161898e-16	1.9276999152378756e-17
5894.499999999999	1.3646687545498652e-16	2.1735892784866138e-17
5894.749999999999	1.4885627306207325e-16	2.2607713026356202e-17
5894.999999999999	1.543102462005587e-16	2.3280998340304964e-17
5895.249999999999	1.3790251424154073e-16	2.3052799061636285e-17
5895.499999999999	1.1979197295617751e-16	2.2227327404228792e-17
5895.749999999999	1.2800076202692038e-16	2.2367069642552275e-17
5895.999999999999	1.4547912847735883e-16	2.2703487306400042e-17
5896.249999999999	1.4206844546359898e-16	2.255059785942064e-17
5896.499999999999	1.5536959527869642e-16	2.2392053805773827e-17
5896.749999999999	1.7354456489999834e-16	2.2911250260854986e-17
5896.999999999999	1.4590832066540178e-16	2.131389005175996e-17
5897.249999999999	1.3112040983113675e-16	2.0527201584552628e-17
5897.499999999998	1.3374637289027174e-16	2.0237340954301796e-17
5897.749999999999	1.266235695930672e-16	1.9689292439454787e-17
5897.999999999999	1.2522948486046077e-16	1.9666048664242047e-17
5898.249999999999	1.2884855122086057e-16	1.900709177286393e-17
5898.499999999998	1.3196842909484718e-16	1.9373909978584244e-17
5898.749999999999	1.2345484858925118e-16	1.911715477080901e-17
5898.999999999999	1.3199944876398392e-16	1.9893910453220804e-17
5899.249999999999	1.2979876749779361e-16	1.9381796318544325e-17
5899.499999999998	1.2412807903943216e-16	1.892383769857169e-17
5899.749999999999	1.3396954590362034e-16	1.943117238366884e-17
5900.0	1.4696876478912323e-16	2.0290713956146167e-17
5900.249999999999	1.4753654054630398e-16	2.057866049045955e-17
5900.499999999998	1.3926045995820093e-16	2.0714203959993716e-17
5900.749999999999	1.1901664306443086e-16	1.876639875822325e-17
5900.999999999998	1.4108065779501559e-16	2.035294275362853e-17
5901.249999999999	1.531555698040683e-16	2.0607059255249722e-17
5901.499999999998	1.505934505285174e-16	2.0468713297800228e-17
5901.749999999999	1.501666939953678e-16	2.0736514675475496e-17
5901.999999999999	1.5055264149469885e-16	2.096426893097462e-17
5902.249999999999	1.4776292124215988e-16	2.088936276342427e-17
5902.499999999999	1.4268580217523403e-16	2.0874230321298224e-17
5902.749999999999	1.3462097637787734e-16	2.0584606264702583e-17
5902.999999999999	1.2775135730775216e-16	2.0091414713718866e-17
5903.249999999999	1.2801786032342646e-16	1.9841090008025618e-17
5903.499999999999	1.4366379085732117e-16	2.081490492776592e-17
5903.749999999999	1.4703863312499524e-16	2.106812641996433e-17
5903.999999999999	1.3669002743230957e-16	2.0350242836109158e-17
5904.249999999998	1.4466643271584045e-16	2.050004193632006e-17
5904.499999999999	1.615016498720327e-16	2.1488033077398298e-17
5904.749999999999	1.5017812383786643e-16	2.0884915840451184e-17
5904.999999999999	1.468308103995485e-16	2.111790945795022e-17
5905.249999999998	1.6098413150716836e-16	2.1315021634837932e-17
5905.499999999999	1.691218688084639e-16	2.2540630333039376e-17
5905.749999999999	1.5723077003117613e-16	2.1792799502287336e-17
5905.999999999999	1.506608574346024e-16	2.1634187619830293e-17
5906.249999999998	1.4668874083998987e-16	2.167386085636956e-17
5906.499999999999	1.4602889456395492e-16	2.1401106321186326e-17
5906.749999999999	1.6199344036764719e-16	2.173530714099245e-17
5906.999999999999	1.7897322980242847e-16	2.297884084306792e-17
5907.249999999998	1.5202747327973343e-16	2.154787297727161e-17
5907.499999999999	1.3617361710887797e-16	2.0957381825194505e-17
5907.749999999998	1.3333811636717358e-16	2.0925358354960127e-17
5907.999999999999	1.3359737530911078e-16	2.0978805803059628e-17
5908.249999999998	1.3755109820991758e-16	2.112789849102741e-17
5908.499999999999	1.4046315438517154e-16	2.1145995548468846e-17
5908.749999999998	1.4745479769179273e-16	2.129629095704728e-17
5908.999999999999	1.558648742228897e-16	2.1850083414067858e-17
5909.249999999999	1.5621581299614043e-16	2.2208270817276795e-17
5909.499999999999	1.4704565862320386e-16	2.0925707425178624e-17
5909.749999999999	1.5781108954290463e-16	2.2500483949189728e-17
5909.999999999999	1.4269841983670813e-16	2.1284217428826457e-17
5910.249999999999	1.4885226063172862e-16	2.2014718825745512e-17
5910.499999999999	1.4999632978505563e-16	2.1585944792144975e-17
5910.749999999999	1.3977938744460635e-16	2.1039239618612753e-17
5910.999999999998	1.2977913773572531e-16	2.0991648609250127e-17
5911.249999999999	1.3409474845637168e-16	2.1130601717269234e-17
5911.499999999999	1.561900618194991e-16	2.2357388320662954e-17
5911.749999999999	1.5872283299539274e-16	2.220631536230872e-17
5911.999999999998	1.520652661860315e-16	2.124524729580786e-17
5912.249999999999	1.6156005572463914e-16	2.3159275404445336e-17
5912.499999999999	1.4007835593135968e-16	2.1653922494884583e-17
5912.749999999999	1.3461533689281715e-16	2.165427487382553e-17
5912.999999999998	1.4497054595635816e-16	2.1981643181771967e-17
5913.249999999999	1.6185844687112944e-16	2.252469718008038e-17
5913.499999999999	1.81016756176339e-16	2.4032351306105256e-17
5913.749999999999	1.7110211866613802e-16	2.350486815564754e-17
5913.999999999998	1.5224841935690535e-16	2.3361398641483893e-17
5914.249999999999	1.4589036475957903e-16	2.3318247937649452e-17
5914.499999999998	1.390430964825903e-16	2.315309801963079e-17
5914.749999999999	1.2736885223809823e-16	2.212339381462273e-17
5914.999999999998	1.411391174946291e-16	2.3050570637066067e-17
5915.249999999999	1.3835937200075565e-16	2.3132198474274025e-17
5915.499999999998	1.3521847845768795e-16	2.2807478798648983e-17
5915.749999999999	1.5882221456848086e-16	2.4367844182028188e-17
5915.999999999999	1.5263256922831835e-16	2.4099577928848665e-17
5916.249999999999	1.3449128309815645e-16	2.2796103410865154e-17
5916.499999999999	1.3058467496433192e-16	2.198666582245139e-17
5916.749999999999	1.4672122517604866e-16	2.2738582925429442e-17
5916.999999999999	1.5175108264910457e-16	2.2981059341470786e-17
5917.249999999999	1.4841089306693384e-16	2.2876801497064602e-17
5917.499999999999	1.5689645428970707e-16	2.328146652453167e-17
5917.749999999998	1.6098342036337692e-16	2.3599754043713498e-17
5917.999999999999	1.4593123011495038e-16	2.290663459303694e-17
5918.249999999999	1.3417155766272035e-16	2.2210712654445052e-17
5918.499999999999	1.3507991527154647e-16	2.2356938334409726e-17
5918.749999999998	1.6761418431651931e-16	2.286555184073388e-17
5918.999999999999	1.863329524057842e-16	2.4493249725974902e-17
5919.249999999999	1.7197885128691728e-16	2.3809202792256825e-17
5919.499999999999	1.6401903820927973e-16	2.3763496100329595e-17
5919.749999999998	1.6452297445982334e-16	2.3867522334164264e-17
5919.999999999999	1.5135137601533834e-16	2.3195869874744682e-17
5920.249999999999	1.2656234981536042e-16	2.2345586107683048e-17
5920.499999999999	1.1937517620897705e-16	2.1723025163257263e-17
5920.749999999998	1.4963213822451472e-16	2.291812082302285e-17
5920.999999999999	1.820427030114173e-16	2.5149632431286756e-17
5921.249999999998	1.8584966248520357e-16	2.546519356316961e-17
5921.499999999999	1.7820221771278042e-16	2.5158309555912437e-17
5921.749999999998	1.5633526632403012e-16	2.4018400077893936e-17
5921.999999999999	1.374373437979803e-16	2.3079971944758652e-17
5922.249999999998	1.4095198495006561e-16	2.3573269374860775e-17
5922.499999999999	1.6254250744668707e-16	2.4812806140216388e-17
5922.749999999998	1.7555854842566874e-16	2.535959899489354e-17
5922.999999999999	1.5800319827986192e-16	2.451894526452325e-17
5923.249999999999	1.3466635104675471e-16	2.3359833615764943e-17
5923.499999999999	1.5095892512801468e-16	2.4995687501845737e-17
5923.749999999999	1.8232621214276507e-16	2.6288158863321068e-17
5923.999999999999	1.8941748558782521e-16	2.645356851605207e-17
5924.249999999999	1.8458297384307476e-16	2.627893910821355e-17
5924.499999999999	1.6466870185832194e-16	2.5612885007179728e-17
5924.749999999999	1.4742419288921416e-16	2.4737095953110634e-17
5924.999999999999	1.6710684149769118e-16	2.583779707009412e-17
5925.249999999999	1.7934206047936123e-16	2.579489286608222e-17
5925.499999999998	2.0310459875770633e-16	2.823159158837358e-17
5925.749999999999	1.6934057001105613e-16	2.4965897419265252e-17
5925.999999999999	1.5866127436604519e-16	2.5606234475054802e-17
5926.249999999999	1.337228131652983e-16	2.3954672429141626e-17
5926.499999999998	1.3730269803761437e-16	2.4251003266143848e-17
5926.749999999999	1.722123416364898e-16	2.6644094680902635e-17
5926.999999999999	1.7180342960424184e-16	2.61494654900143e-17
5927.249999999999	1.619566154118992e-16	2.5780365920164565e-17
5927.499999999998	1.7223023241743614e-16	2.6481752213882978e-17
5927.749999999999	1.6118529045556148e-16	2.6441678621927234e-17
5927.999999999999	1.4043116791285537e-16	2.5165329010590562e-17
5928.249999999999	1.3046123732197032e-16	2.484629868321866e-17
5928.499999999998	1.2459030676408849e-16	2.5019877571679237e-17
5928.749999999999	1.3271117516040604e-16	2.5540693646399775e-17
5928.999999999998	1.3868659071227566e-16	2.5805829848141397e-17
5929.249999999999	1.4170074553938005e-16	2.6025294099541516e-17
5929.499999999998	1.8275804418474913e-16	2.778921208805777e-17
5929.749999999999	2.0037033348304856e-16	2.8658317522777435e-17
5929.999999999998	1.6479694313978554e-16	2.6730142971304077e-17
5930.249999999999	1.436522378176653e-16	2.6432457212458493e-17
5930.499999999999	1.480232852205337e-16	2.7097657663100162e-17
5930.749999999999	1.6166679464387482e-16	2.8274247638201714e-17
5930.999999999999	1.5131230946748782e-16	2.7770090981017994e-17
5931.249999999999	1.4179105647181158e-16	2.7199379371748258e-17
5931.499999999999	1.5750835155597846e-16	2.855328874604035e-17
5931.749999999999	1.6222857695999681e-16	2.895090123160479e-17
5931.999999999999	1.907127824234687e-16	3.2025839279652265e-17
5932.249999999998	1.6505795837506936e-16	3.000282681658848e-17
5932.499999999999	1.4419314788884532e-16	2.9597197296527173e-17
5932.749999999999	1.485788062575958e-16	3.0395711137771563e-17
5932.999999999999	1.5379859652908352e-16	3.0767320373599786e-17
5933.249999999998	1.6200889904986819e-16	3.08540982373015e-17
5933.499999999999	1.6528148451050207e-16	3.078233535607885e-17
5933.749999999999	1.6465157912681315e-16	3.0635014488983154e-17
5933.999999999999	1.7065485711190337e-16	3.0937001587014014e-17
5934.249999999998	1.659830907939543e-16	3.073602647666568e-17
5934.499999999999	1.653193723839435e-16	3.069751625606766e-17
5934.749999999999	1.5080637000329043e-16	2.9160743718119694e-17
5934.999999999999	1.5747985720450525e-16	2.96023324337699e-17
5935.249999999998	1.6607640975246211e-16	3.039660780155557e-17
5935.499999999999	1.6458866872355795e-16	3.090874178856675e-17
5935.749999999998	1.4470050858138058e-16	3.02418555438367e-17
5935.999999999999	1.2948790112345625e-16	2.9290088296143386e-17
5936.249999999998	1.411895706425744e-16	3.103206780045351e-17
5936.499999999999	1.5102527318271319e-16	3.1095171755023953e-17
5936.749999999998	1.8159717427565377e-16	3.1982028485689007e-17
5936.999999999999	1.6767712465241869e-16	3.201766673520024e-17
5937.249999999999	1.544513613090254e-16	3.217020876632237e-17
5937.499999999999	1.4078697655669851e-16	3.1137596194280573e-17
5937.749999999999	1.4589768563464795e-16	3.164189512652965e-17
5937.999999999999	1.6625777597196772e-16	3.3222723303902193e-17
5938.249999999999	1.6154598662463994e-16	3.304169317248374e-17
5938.499999999999	1.4302722390121932e-16	3.1391606816783357e-17
5938.749999999999	1.5604314080882547e-16	3.4307051207840806e-17
5938.999999999998	1.4365114687840967e-16	3.133906099555154e-17
5939.249999999999	1.8139770118480325e-16	3.5265131497969125e-17
5939.499999999999	1.6969466606648137e-16	3.414018571723171e-17
5939.749999999999	1.4996312272071523e-16	3.3867278980815764e-17
5939.999999999998	1.4975036255650192e-16	3.356417353459673e-17
5940.249999999999	1.595601985994151e-16	3.375659890613372e-17
5940.499999999999	1.6385271048244985e-16	3.4471001713971266e-17
5940.749999999999	1.7882789246101107e-16	3.408299114095734e-17
5940.999999999998	2.0388732840848208e-16	3.8225660541133164e-17
5941.249999999999	1.5669888368651979e-16	3.391125851962398e-17
5941.499999999999	1.7802664209737582e-16	3.660611038492579e-17
5941.749999999999	1.6808420741079745e-16	3.593139901160099e-17
5941.999999999998	1.409762824532797e-16	3.4876866153326535e-17
5942.249999999999	1.3693848522055579e-16	3.5697856146175216e-17
5942.499999999998	1.3556109127388563e-16	3.6263310195471565e-17
5942.749999999999	1.304958256168544e-16	3.5824950792932763e-17
5942.999999999998	1.2545543784656677e-16	3.583829156185202e-17
5943.249999999999	1.0648131491405154e-16	3.4483333322543207e-17
5943.499999999998	1.311360606408945e-16	3.6772300896155044e-17
5943.749999999999	1.762675384413109e-16	3.947215554980157e-17
5943.999999999998	2.0807977078798765e-16	4.009203146595901e-17
5944.249999999999	2.1574075015532806e-16	4.0743489137903724e-17
5944.499999999999	2.238277881939205e-16	4.1994543566108524e-17
5944.749999999999	1.9681161085646505e-16	4.100803804141043e-17
5944.999999999999	1.466979458583654e-16	3.8824062848588726e-17
5945.249999999999	1.251544936778215e-16	3.911441647848464e-17
5945.499999999999	1.1602060932943059e-16	3.748417914876308e-17
5945.749999999999	1.4075806225589567e-16	4.116162232010438e-17
5945.999999999999	1.126908395247731e-16	3.852521241944067e-17
5946.249999999999	1.2033045803241548e-16	3.9547511703605154e-17
5946.499999999999	1.5072098942498662e-16	4.1410977570119714e-17
5946.749999999998	1.6829315204766528e-16	4.2582192525600896e-17
5946.999999999999	1.712964667349349e-16	4.216699087149113e-17
5947.249999999999	1.8598479004886842e-16	4.1997528033758616e-17
5947.499999999999	2.067038278287887e-16	4.365096612530106e-17
5947.749999999998	1.9269674015801251e-16	4.43652432016855e-17
5947.999999999999	1.6904650590525506e-16	4.393576441020307e-17
5948.249999999999	1.9028306273331148e-16	4.5271297140006686e-17
5948.499999999999	1.7905199157754e-16	4.316913010976647e-17
5948.749999999998	1.546328859301981e-16	4.36016926305725e-17
5948.999999999999	9.958831012843043e-17	4.2177694588617565e-17
5949.25	7.657945258459705e-17	4.1096546366953607e-17
5949.499999999999	1.3326877355422496e-16	4.327611765019408e-17
5949.749999999998	1.7377164732893136e-16	4.5545222962937296e-17
5949.999999999999	1.3818708248572264e-16	4.292463206430805e-17
