3599.999999999999	5.948280212999732e-16	2.196299469264698e-15
3600.249999999999	6.156136637666901e-16	2.1570377980935666e-15
3600.499999999999	6.47316477692768e-16	2.110753164998513e-15
3600.749999999999	6.774192183765128e-16	2.0910757426008484e-15
3600.9999999999995	6.864625807722555e-16	2.193517389549441e-15
3601.2499999999995	6.509302250909712e-16	2.23482210418935e-15
3601.4999999999995	5.4968447678763e-16	2.184286424490264e-15
3601.7499999999995	3.7259925002928806e-16	1.9945408799099335e-15
3601.9999999999995	1.2814058731135184e-16	2.075699553509341e-15
3602.2499999999995	-1.5378777779491748e-16	2.100972052040094e-15
3602.4999999999995	-4.2600207380317927e-16	1.9678188962481916e-15
3602.7499999999995	-6.350451568319359e-16	2.0025173891742272e-15
3602.9999999999995	-7.36327053191903e-16	1.9557908166389438e-15
3603.2499999999995	-7.084786361931016e-16	1.932199254992017e-15
3603.4999999999995	-5.610918232034152e-16	1.96647126682911e-15
3603.749999999999	-3.317813560566991e-16	1.9613191889274358e-15
3603.999999999999	-7.315246595159451e-17	2.0532525451323917e-15
3604.249999999999	1.6440364048003424e-16	2.094966588444061e-15
3604.499999999999	3.457340804296009e-16	1.95831243372292e-15
3604.749999999999	4.541228234245562e-16	1.9516905418995225e-15
3604.999999999999	4.854514186235198e-16	1.9132032706004184e-15
3605.249999999999	4.3981553407104694e-16	1.9136301752058346e-15
3605.499999999999	3.1787766663877134e-16	2.0654330906721453e-15
3605.749999999999	1.2465277501235485e-16	1.9556978547729826e-15
3605.999999999999	-1.2283807852787155e-16	1.8750387188542182e-15
3606.249999999999	-3.9083101950490054e-16	1.8332543718079268e-15
3606.499999999999	-6.319890651332062e-16	1.7565655969502985e-15
3606.749999999999	-7.965306561857006e-16	1.7895305310706598e-15
3606.999999999999	-8.469134829603522e-16	1.7561588093773796e-15
3607.249999999999	-7.700946524300258e-16	1.694548279772062e-15
3607.499999999999	-5.82796782366307e-16	1.802548580437011e-15
3607.749999999999	-3.28179033461508e-16	1.8330114851103016e-15
3607.9999999999995	-6.527435500615947e-17	1.839637823856672e-15
3608.2499999999995	1.4540867436802117e-16	1.8240164187269346e-15
3608.4999999999995	2.5591884289315934e-16	1.852048338841605e-15
3608.7499999999995	2.4071941735257565e-16	1.839123039582978e-15
3608.9999999999995	1.0003710150338101e-16	1.7801151245872178e-15
3609.2499999999995	-1.4329119913487847e-16	1.6840193426003358e-15
3609.4999999999995	-4.511080812712061e-16	1.6804151115306504e-15
3609.7499999999995	-7.779544354575306e-16	1.7062051471921757e-15
3609.9999999999995	-1.07752414305675e-15	1.6952777868978848e-15
3610.2499999999995	-1.3076519431656626e-15	1.6156469489770871e-15
3610.4999999999995	-1.4353613120863883e-15	1.572645627343828e-15
3610.749999999999	-1.4424930703691137e-15	1.5810989102783076e-15
3610.999999999999	-1.3300078848973683e-15	1.5945765808976628e-15
3611.249999999999	-1.117927951484208e-15	1.5896004740907806e-15
3611.499999999999	-8.397248539163544e-16	1.6758478039999368e-15
3611.749999999999	-5.334672991053162e-16	1.6618246441625498e-15
3611.999999999999	-2.3409972483055524e-16	1.6031861414109107e-15
3612.249999999999	3.00930594687469e-17	1.5533362407617454e-15
3612.499999999999	2.3731851935136656e-16	1.6096322738977527e-15
3612.749999999999	3.7153707602362897e-16	1.6525468805330366e-15
3612.999999999999	4.238561810541507e-16	1.6539358028082969e-15
3613.249999999999	3.9586859173164185e-16	1.5721345488392785e-15
3613.499999999999	3.02034371005876e-16	1.6157521928207835e-15
3613.749999999999	1.6806208980781187e-16	1.5437602156556803e-15
3613.999999999999	2.4828416967744173e-17	1.433718247950493e-15
3614.249999999999	-9.936698673748291e-17	1.4449752099403843e-15
3614.499999999999	-1.8414077233138375e-16	1.4706858362631046e-15
3614.749999999999	-2.177361603759263e-16	1.4985686785790584e-15
3614.9999999999995	-1.9447847328164417e-16	1.5100827150684414e-15
3615.2499999999995	-1.1279636482359792e-16	1.4671786963449981e-15
3615.4999999999995	2.3172002937104104e-17	1.4591377066975946e-15
3615.7499999999995	1.9893842601532707e-16	1.439919164399105e-15
3615.9999999999995	3.860758685481407e-16	1.4192861829578191e-15
3616.2499999999995	5.443715165771192e-16	1.522728387575356e-15
3616.4999999999995	6.313533913256267e-16	1.5437381927990517e-15
3616.7499999999995	6.161127111194376e-16	1.5528003865434886e-15
3616.9999999999995	4.911980791731489e-16	1.543609973186661e-15
3617.2499999999995	2.7685694334926974e-16	1.3648593397781652e-15
3617.4999999999995	1.5586388689540715e-17	1.3334146180398886e-15
3617.749999999999	-2.405886224974204e-16	1.3434857339036238e-15
3617.999999999999	-4.449500572127216e-16	1.3476682767180471e-15
3618.249999999999	-5.677974057379457e-16	1.2989298950539163e-15
3618.499999999999	-6.017129571094209e-16	1.278873848928829e-15
3618.749999999999	-5.596919098917023e-16	1.3149228300101431e-15
3618.999999999999	-4.678257680421074e-16	1.4076795022398302e-15
3619.249999999999	-3.557402528320543e-16	1.3084055467557317e-15
3619.499999999999	-2.4819525703222854e-16	1.288562317658642e-15
3619.749999999999	-1.6011853182664363e-16	1.3137187726756211e-15
3619.999999999999	-9.551695981423605e-17	1.3512764253151136e-15
3620.249999999999	-4.9322107940256476e-17	1.3566608020025724e-15
3620.499999999999	-1.097109718533323e-17	1.3149618994048352e-15
3620.749999999999	3.0981200649121295e-17	1.2603234038674862e-15
3620.999999999999	8.365374134062534e-17	1.2295140627187687e-15
3621.249999999999	1.4501091952047544e-16	1.231357735807586e-15
3621.499999999999	2.0132230056139174e-16	1.240438670155981e-15
3621.749999999999	2.2905234981656003e-16	1.2470804672536388e-15
3621.999999999999	2.020514259760651e-16	1.229884004358482e-15
3622.2499999999995	1.0232639877893103e-16	1.3103544636882455e-15
3622.4999999999995	-6.993785208301094e-17	1.3140278338222506e-15
3622.7499999999995	-2.922711489366448e-16	1.2518616506035341e-15
3622.9999999999995	-5.248656758078948e-16	1.1545113069426501e-15
3623.2499999999995	-7.234387851342424e-16	1.129662219006406e-15
3623.4999999999995	-8.546488065619781e-16	1.1184796900367546e-15
3623.7499999999995	-9.071240942498565e-16	1.1150845702259226e-15
3623.9999999999995	-8.933231263038087e-16	1.1237348941997571e-15
3624.2499999999995	-8.421000372400893e-16	1.1257722201961405e-15
3624.4999999999995	-7.862872660739555e-16	1.1604286791121687e-15
3624.749999999999	-7.513884670706919e-16	1.206519871057893e-15
3624.999999999999	-7.498600523375942e-16	1.1700827371284995e-15
3625.249999999999	-7.816934889878012e-16	1.1088490313055917e-15
3625.499999999999	-8.385409379344622e-16	1.0872240684039526e-15
3625.749999999999	-9.075913560987635e-16	1.1095896557388471e-15
3625.999999999999	-9.732179887209068e-16	1.1172726680869173e-15
3626.249999999999	-1.0174049070366476e-15	1.088640095733525e-15
3626.499999999999	-1.0215950585490132e-15	1.0507199129926076e-15
3626.749999999999	-9.715189732371835e-16	1.0218613946005352e-15
3626.999999999999	-8.636926338487296e-16	1.0565088537914987e-15
3627.249999999999	-7.100001433393961e-16	1.0509304006800003e-15
3627.499999999999	-5.369516914982188e-16	1.0676570779267862e-15
3627.749999999999	-3.7878555621636346e-16	1.1264059067198052e-15
3627.999999999999	-2.6688430054024727e-16	1.098209344576012e-15
3628.249999999999	-2.2004128441251762e-16	1.0865288661124936e-15
3628.499999999999	-2.398328819616671e-16	1.0729429870341266e-15
3628.749999999999	-3.1288688601209347e-16	1.041118265139888e-15
3628.999999999999	-4.1840772646654113e-16	9.908198605451516e-16
3629.2499999999995	-5.36713434205026e-16	1.0029886535027621e-15
3629.4999999999995	-6.542943533275921e-16	1.0274596471071757e-15
3629.7499999999995	-7.633234107318151e-16	1.0202678079893946e-15
3629.9999999999995	-8.572371016184871e-16	1.0317534688750445e-15
3630.2499999999995	-9.265301104181954e-16	9.987209838771397e-16
3630.4999999999995	-9.584714539474108e-16	9.446541297000689e-16
3630.7499999999995	-9.41328790931179e-16	8.990512522484367e-16
3630.9999999999995	-8.701996582393808e-16	9.43433978739549e-16
3631.2499999999995	-7.503655273342786e-16	9.698776061989995e-16
3631.4999999999995	-5.960114722930087e-16	9.834438976404612e-16
3631.7499999999995	-4.2549949697606645e-16	9.965387093676574e-16
3631.999999999999	-2.5639693102285736e-16	9.202576749950137e-16
3632.249999999999	-1.0275509696556193e-16	9.458644339025769e-16
3632.499999999999	2.521632235634118e-17	1.0181992476530812e-15
3632.749999999999	1.2067672535311674e-16	1.0147484354259672e-15
3632.999999999999	1.8031719729517103e-16	9.651707499902257e-16
3633.249999999999	2.0511792941051715e-16	9.678255630051575e-16
3633.499999999999	2.0047532949922334e-16	9.962805760769817e-16
3633.749999999999	1.7461747325098348e-16	9.326258383325842e-16
3633.999999999999	1.3552502405238233e-16	9.325040773464164e-16
3634.249999999999	8.797846541106759e-17	9.120395495825157e-16
3634.499999999999	3.27305790766271e-17	8.905546647545288e-16
3634.749999999999	-3.133506581651198e-17	9.944955600197617e-16
3634.999999999999	-1.0325922792866759e-16	9.432901948967527e-16
3635.249999999999	-1.7697518981267824e-16	8.92656471134022e-16
3635.499999999999	-2.415525783074856e-16	8.769392454021263e-16
3635.749999999999	-2.8496224641246e-16	8.429709478161831e-16
3635.999999999999	-2.9922868683610967e-16	8.426918504600628e-16
3636.2499999999995	-2.839548580804968e-16	8.479210612994965e-16
3636.4999999999995	-2.4637190587748824e-16	8.527532254449046e-16
3636.7499999999995	-1.9829861975358906e-16	8.657409404438324e-16
3636.9999999999995	-1.5208431129301457e-16	8.927024226714105e-16
3637.2499999999995	-1.1774133598008153e-16	8.919381871947503e-16
3637.4999999999995	-1.0217792623762071e-16	8.491576764629285e-16
3637.7499999999995	-1.0976789332641336e-16	8.62945414080538e-16
3637.9999999999995	-1.4265112224172377e-16	8.416010837822361e-16
3638.2499999999995	-1.9975679230238228e-16	8.390283800236288e-16
3638.4999999999995	-2.7509188686182154e-16	8.831559378393809e-16
3638.749999999999	-3.57058852036388e-16	8.265270207551026e-16
3638.999999999999	-4.3033651974776596e-16	7.945947256765627e-16
3639.249999999999	-4.80191403392428e-16	7.837353927158482e-16
3639.499999999999	-4.97270068211653e-16	7.92927182501215e-16
3639.749999999999	-4.80465849834126e-16	8.424968211239575e-16
3639.999999999999	-4.3673868193485104e-16	8.265278148484906e-16
3640.249999999999	-3.7869060106655255e-16	7.845368976421875e-16
3640.499999999999	-3.216288796871548e-16	7.574557720108099e-16
3640.749999999999	-2.8118960058533357e-16	7.731327636777109e-16
3640.999999999999	-2.712744591286837e-16	8.062004534824859e-16
3641.249999999999	-3.015370779486875e-16	8.173240607227438e-16
3641.499999999999	-3.7445007191217984e-16	7.541332852752049e-16
3641.749999999999	-4.831978472686064e-16	7.714575972058379e-16
3641.999999999999	-6.119467822592726e-16	7.583843848187966e-16
3642.249999999999	-7.389830218547564e-16	7.234566636014103e-16
3642.499999999999	-8.415856775576367e-16	6.904371487955103e-16
3642.749999999999	-9.00624279789572e-16	7.12779072147441e-16
3642.999999999999	-9.033952309739323e-16	7.152081508819295e-16
3643.2499999999995	-8.446575745133294e-16	6.97915973263733e-16
3643.4999999999995	-7.269549092596191e-16	6.794976653421618e-16
3643.7499999999995	-5.611658120433024e-16	6.841156889705923e-16
3643.9999999999995	-3.669649224172699e-16	6.912180072937604e-16
3644.2499999999995	-1.7165875567765498e-16	7.036112110428341e-16
3644.4999999999995	-5.951960221654486e-18	7.283629431297032e-16
3644.7499999999995	1.0312003205374202e-16	7.800118358797182e-16
3644.9999999999995	1.3965193378067661e-16	7.834084909377672e-16
3645.2499999999995	1.0323736174698846e-16	7.410446674764354e-16
3645.4999999999995	7.934575356967269e-18	7.190179462600017e-16
3645.7499999999995	-1.2360144451943505e-16	6.646016909921885e-16
3645.999999999999	-2.675596413558455e-16	6.568292637286238e-16
3646.249999999999	-4.0415501413794074e-16	6.974471405274277e-16
3646.499999999999	-5.187183617561103e-16	6.792795543582439e-16
3646.749999999999	-5.999277427509079e-16	6.626790850205989e-16
3646.999999999999	-6.382299025422636e-16	6.417737824867707e-16
3647.249999999999	-6.267823435057165e-16	6.211171900020801e-16
3647.499999999999	-5.647282463228222e-16	6.273756517515461e-16
3647.749999999999	-4.603499967759912e-16	6.444647002810792e-16
3647.999999999999	-3.3130118130001365e-16	6.611570197539421e-16
3648.249999999999	-2.007946931907054e-16	6.740075683549739e-16
3648.499999999999	-9.105154355790135e-17	6.801400339535358e-16
3648.749999999999	-1.6925221971218772e-17	7.14379540901278e-16
3648.999999999999	1.745933162745019e-17	7.030444930615617e-16
3649.249999999999	1.782765026118495e-17	6.150917681922274e-16
3649.499999999999	-4.3993164101474955e-18	6.208689564089754e-16
3649.749999999999	-3.708844606227893e-17	6.472621324685049e-16
3649.999999999999	-7.081093618828646e-17	6.603866432884143e-16
3650.249999999999	-9.971899425064835e-17	6.39769702533567e-16
3650.4999999999995	-1.2058713429802936e-16	6.09336073436516e-16
3650.7499999999995	-1.31483776821832e-16	6.266375154775732e-16
3650.9999999999995	-1.3108779773168384e-16	6.355353318906836e-16
3651.2499999999995	-1.187005714864875e-16	5.957221363917713e-16
3651.4999999999995	-9.447142839219679e-17	6.017896980907498e-16
3651.7499999999995	-5.957543500301169e-17	6.272188977167448e-16
3651.9999999999995	-1.654789943555084e-17	6.316975314857927e-16
3652.2499999999995	3.003043272705788e-17	5.704235386583311e-16
3652.4999999999995	7.294697282315377e-17	5.815827742219329e-16
3652.7499999999995	1.0293387755935719e-16	6.13444342049377e-16
3652.999999999999	1.111671511331719e-16	6.40306139086975e-16
3653.249999999999	9.309255801327024e-17	6.36088814982155e-16
3653.499999999999	5.155507604357536e-17	6.268245509402387e-16
3653.749999999999	-2.954646743086405e-18	5.865538517706907e-16
3653.999999999999	-5.558787107159279e-17	5.512525890235653e-16
3654.249999999999	-9.240161259836302e-17	5.81033102778724e-16
3654.499999999999	-1.048414291556386e-16	5.779169744448938e-16
3654.749999999999	-9.140450585452294e-17	5.758707016630051e-16
3654.999999999999	-5.645217846526641e-17	5.787891536827698e-16
3655.249999999999	-7.831605180283618e-18	5.881958780785024e-16
3655.499999999999	4.48834717141972e-17	5.720381422744754e-16
3655.749999999999	9.101975048712017e-17	5.711416108393659e-16
3655.999999999999	1.1927804008002094e-16	5.815926209799447e-16
3656.249999999999	1.1942415957025613e-16	5.863548519676452e-16
3656.499999999999	8.553883508309558e-17	5.884011776890932e-16
3656.749999999999	1.9565277068329017e-17	5.785395436611258e-16
3656.999999999999	-6.7010035170532e-17	5.596339800366466e-16
3657.249999999999	-1.5498261031957902e-16	5.429326608387191e-16
3657.4999999999995	-2.227225923543083e-16	5.131974104066793e-16
3657.7499999999995	-2.530546108974972e-16	5.012227997522269e-16
3657.9999999999995	-2.3888329766370135e-16	5.086583726005803e-16
3658.2499999999995	-1.8516437489855132e-16	5.218815098192856e-16
3658.4999999999995	-1.064613243962382e-16	5.241539403980913e-16
3658.7499999999995	-2.1349812507862806e-17	5.522423999619911e-16
3658.9999999999995	5.3706343030886756e-17	5.885536436195989e-16
3659.2499999999995	1.0841725273815005e-16	5.344780544152595e-16
3659.4999999999995	1.394545402749813e-16	5.207016458633196e-16
3659.7499999999995	1.4859338647559913e-16	5.216142709244269e-16
3659.999999999999	1.3998170881663002e-16	5.278690798443079e-16
3660.249999999999	1.1815113962287996e-16	5.277308546552278e-16
3660.499999999999	8.730242010898047e-17	5.198373016802058e-16
3660.749999999999	5.137800828576874e-17	5.071075082137169e-16
3660.999999999999	1.419190539958918e-17	4.932240558730677e-16
3661.249999999999	-2.066542459950454e-17	5.027346476839574e-16
3661.499999999999	-4.9946127636056484e-17	5.011172912107345e-16
3661.749999999999	-7.068045020172415e-17	5.062795335077758e-16
3661.999999999999	-8.010901269346153e-17	5.1746915637836035e-16
3662.249999999999	-7.605566116834171e-17	4.770215861415138e-16
3662.499999999999	-5.79358249011539e-17	4.681102701408065e-16
3662.749999999999	-2.7976688504652406e-17	4.834226670634737e-16
3662.999999999999	8.229707863383757e-18	5.128939079137662e-16
3663.249999999999	4.2578523107463617e-17	5.043399868772411e-16
3663.499999999999	6.675583707654756e-17	4.868097930008661e-16
3663.749999999999	7.522250551056002e-17	4.924684495445576e-16
3663.999999999999	6.762105237690505e-17	5.325647658060897e-16
3664.249999999999	4.9423058226177126e-17	4.879134239915792e-16
3664.4999999999995	3.025564977069419e-17	4.605844882835705e-16
3664.7499999999995	2.0317123180428396e-17	4.518272264001451e-16
3664.9999999999995	2.622174099196305e-17	4.61749899739874e-16
3665.2499999999995	4.803396221888456e-17	4.540827163200057e-16
3665.4999999999995	7.886602524547255e-17	4.762493567914139e-16
3665.7499999999995	1.0733929594414148e-16	4.958578518829957e-16
3665.9999999999995	1.219473640252433e-16	4.859143203569407e-16
3666.2499999999995	1.155029986439303e-16	4.712461978697788e-16
3666.4999999999995	8.779131695682301e-17	4.65615334594669e-16
3666.7499999999995	4.531634202632157e-17	4.564088276118436e-16
3666.9999999999995	-1.6991243253105838e-18	4.2970449929309606e-16
3667.249999999999	-4.366903792303677e-17	4.2857995717649757e-16
3667.499999999999	-7.535868807811966e-17	4.366167381289444e-16
3667.749999999999	-9.730716087300059e-17	4.444643395665779e-16
3667.999999999999	-1.1447208770527227e-16	4.4185725156426793e-16
3668.249999999999	-1.3299519721063539e-16	4.498075822165356e-16
3668.499999999999	-1.568467936120316e-16	4.3892993216833667e-16
3668.749999999999	-1.8598309040527766e-16	4.2562992670966806e-16
3668.999999999999	-2.1667901783831311e-16	4.331756138411646e-16
3669.249999999999	-2.43500577631207e-16	4.1581464126578323e-16
3669.499999999999	-2.616588659463941e-16	4.1361714663302996e-16
3669.749999999999	-2.6855663166624644e-16	4.1837797472241156e-16
3669.999999999999	-2.639980784718558e-16	4.15951622375222e-16
3670.249999999999	-2.4928585924559265e-16	4.1840142694713866e-16
3670.499999999999	-2.2588282276150194e-16	4.0566829828842e-16
3670.749999999999	-1.9439123168403303e-16	3.965444828970703e-16
3670.999999999999	-1.5441287694769605e-16	4.2856521350925943e-16
3671.249999999999	-1.054765176074786e-16	4.107175675661213e-16
3671.4999999999995	-4.8679257679092596e-17	3.9812869920623185e-16
3671.7499999999995	1.1856873605347601e-17	4.027964330807543e-16
3671.9999999999995	6.877588962051397e-17	4.3949567076776374e-16
3672.2499999999995	1.1306281622162997e-16	4.326359215048656e-16
3672.4999999999995	1.3689793494976407e-16	4.3152278786327543e-16
3672.7499999999995	1.3642361244144044e-16	4.332666698829944e-16
3672.9999999999995	1.1304144866972898e-16	4.1916214194311183e-16
3673.2499999999995	7.272850956262603e-17	3.967956811054904e-16
3673.4999999999995	2.3970618260998847e-17	3.981574718566589e-16
3673.7499999999995	-2.4526340772296707e-17	4.1349504153972733e-16
3673.999999999999	-6.544049986767688e-17	4.011199431199012e-16
3674.249999999999	-9.35358567369062e-17	3.9847487098386284e-16
3674.499999999999	-1.0577583664175316e-16	3.8697724575783297e-16
3674.749999999999	-1.012514861079775e-16	3.771843272777116e-16
3674.999999999999	-8.113530567014221e-17	4.1856363375653786e-16
3675.249999999999	-4.8672883903072964e-17	4.025780044594811e-16
3675.499999999999	-9.088009438077643e-18	3.799065323515093e-16
3675.749999999999	3.08555933191548e-17	3.734144483272787e-16
3675.999999999999	6.394946715722102e-17	4.26078113017884e-16
3676.249999999999	8.436570316316291e-17	4.064405805780791e-16
3676.499999999999	8.970333176768784e-17	3.902579631812265e-16
3676.749999999999	8.221071938937365e-17	3.9049015608789257e-16
3676.999999999999	6.82030389389305e-17	3.656789464062584e-16
3677.249999999999	5.554310254697153e-17	3.6389062162658816e-16
3677.499999999999	5.021378094817785e-17	3.6277687918006717e-16
3677.749999999999	5.3683857444657075e-17	3.624704385416183e-16
3677.999999999999	6.24394906441847e-17	3.9350961678661733e-16
3678.249999999999	6.989039728318972e-17	3.7980780007359496e-16
3678.499999999999	6.958354947263758e-17	3.75318737211384e-16
3678.7499999999995	5.803254052908249e-17	3.8894418861025546e-16
3678.9999999999995	3.582090482061508e-17	3.649079081962406e-16
3679.2499999999995	6.68420411184802e-18	3.5294939116778596e-16
3679.4999999999995	-2.4634955043310535e-17	3.546862851656901e-16
3679.7499999999995	-5.445798301413565e-17	3.6568410801328074e-16
3679.9999999999995	-8.116060938915038e-17	3.522464597006833e-16
3680.2499999999995	-1.0487453334895176e-16	3.52141745252579e-16
3680.4999999999995	-1.2641742574441546e-16	3.4635426029156597e-16
3680.7499999999995	-1.4618741535754424e-16	3.3192505403508896e-16
3680.9999999999995	-1.6349581110645607e-16	3.507976098444048e-16
3681.249999999999	-1.7643661686478014e-16	3.4077580718006755e-16
3681.499999999999	-1.8224006130633302e-16	3.3513991464683346e-16
3681.749999999999	-1.7808912613963238e-16	3.471469772510776e-16
3681.999999999999	-1.6230802058335303e-16	3.402817752135815e-16
3682.249999999999	-1.3552208649074847e-16	3.2812619067599223e-16
3682.499999999999	-1.0110131793437552e-16	3.3371224061423633e-16
3682.749999999999	-6.437646143082946e-17	3.641701954387413e-16
3682.999999999999	-3.084336997130666e-17	3.780211693598192e-16
3683.249999999999	-4.3360426100032135e-18	3.4914274569348633e-16
3683.499999999999	1.3745653971603956e-17	3.28166610029444e-16
3683.749999999999	2.3817143221589403e-17	3.4811360066257235e-16
3683.999999999999	2.677967797554189e-17	3.317246513337245e-16
3684.249999999999	2.3093347777838195e-17	3.446531269659037e-16
3684.499999999999	1.288563392044598e-17	3.504607024896344e-16
3684.749999999999	-3.1984006956331384e-18	3.276392526104394e-16
3684.999999999999	-2.3281823716363184e-17	3.3901305220749255e-16
3685.249999999999	-4.4388469901770156e-17	3.206526072241307e-16
3685.499999999999	-6.345568895340612e-17	3.052998968271301e-16
3685.7499999999995	-7.864730954785771e-17	3.1727702211064473e-16
3685.9999999999995	-9.023386638542772e-17	3.2231088597661783e-16
3686.2499999999995	-1.0058914319519731e-16	3.223505906460204e-16
3686.4999999999995	-1.1328403113452193e-16	3.1802021411252157e-16
3686.7499999999995	-1.315920130116697e-16	3.1032523742407147e-16
3686.9999999999995	-1.5690318687708867e-16	3.1917876989590824e-16
3687.2499999999995	-1.8762299621971342e-16	3.193122040548804e-16
3687.4999999999995	-2.1907012056974437e-16	3.075286257998134e-16
3687.7499999999995	-2.445835790691047e-16	2.7993914805118513e-16
3687.9999999999995	-2.575132130020498e-16	2.840541399880649e-16
3688.249999999999	-2.532644303569135e-16	2.8495630948622956e-16
3688.499999999999	-2.3048418655416986e-16	2.896725624667619e-16
3688.749999999999	-1.9095840695644017e-16	3.040922925421415e-16
3688.999999999999	-1.3855984900322855e-16	3.0079990194594364e-16
3689.249999999999	-7.810099979173279e-17	3.0123347693581943e-16
3689.499999999999	-1.4823485415040683e-17	3.0277931206455853e-16
3689.749999999999	4.5409872711699704e-17	3.0217889805385324e-16
3689.999999999999	9.586164088073885e-17	3.1027931235646253e-16
3690.249999999999	1.2945236126343978e-16	3.099014033130891e-16
3690.499999999999	1.4042186435579245e-16	3.154496014665028e-16
3690.749999999999	1.2654673992163325e-16	3.436014561525487e-16
3690.999999999999	9.065696839354606e-17	3.0256263044873904e-16
3691.249999999999	4.031041271622615e-17	2.921931207595539e-16
3691.499999999999	-1.453364071182014e-17	2.9280396386342224e-16
3691.749999999999	-6.475029001958964e-17	2.7002015401082085e-16
3691.999999999999	-1.0448451983075927e-16	2.9000269355795427e-16
3692.249999999999	-1.316134867270362e-16	2.9753030182998283e-16
3692.499999999999	-1.4641250187921118e-16	2.953658679519521e-16
3692.7499999999995	-1.4975942655872604e-16	2.894757861252029e-16
3692.9999999999995	-1.4230476871418975e-16	2.754714198313331e-16
3693.2499999999995	-1.2504515312079763e-16	2.7047268136289146e-16
3693.4999999999995	-1.0051554883067934e-16	2.7569350128219135e-16
3693.7499999999995	-7.333134197673283e-17	2.90969052271653e-16
3693.9999999999995	-4.9362899307522586e-17	2.9180261210109005e-16
3694.2499999999995	-3.387608079776692e-17	2.871249785289966e-16
3694.4999999999995	-2.9688711307711584e-17	2.8057111403917564e-16
3694.7499999999995	-3.6332902997200285e-17	2.791825358710502e-16
3694.9999999999995	-5.055317199721451e-17	2.7495885901912586e-16
3695.249999999999	-6.77304192410526e-17	2.7337887787470057e-16
3695.499999999999	-8.344174260242598e-17	2.7447671198368095e-16
3695.749999999999	-9.447843259248125e-17	2.7735183297423766e-16
3695.999999999999	-9.908802815725589e-17	2.6880508524798456e-16
3696.249999999999	-9.667499218087515e-17	2.632647486191126e-16
3696.499999999999	-8.741087814680715e-17	2.5950768104200694e-16
3696.749999999999	-7.208954442269976e-17	2.530800509311065e-16
3696.999999999999	-5.226426528579758e-17	2.696886200213096e-16
3697.249999999999	-3.0455747923913113e-17	2.7159677349323673e-16
3697.499999999999	-1.0161987314230267e-17	2.652602258939457e-16
3697.749999999999	4.5015522841552026e-18	2.704204829575169e-16
3697.999999999999	9.547635568972043e-18	2.685171205156977e-16
3698.249999999999	2.1068321830188165e-18	2.7016677012003465e-16
3698.499999999999	-1.8625372953728712e-17	2.741518483786293e-16
3698.749999999999	-5.084605933024801e-17	2.7674188984287576e-16
3698.999999999999	-9.029256409510841e-17	2.550629815304084e-16
3699.249999999999	-1.3112418586446643e-16	2.505441666359251e-16
3699.499999999999	-1.6728688755441695e-16	2.564419511685384e-16
3699.7499999999995	-1.9391854914508436e-16	2.4287123927388323e-16
3699.9999999999995	-2.0834344596270193e-16	2.398210206912613e-16
3700.2499999999995	-2.1035790484854843e-16	2.4333806030693876e-16
3700.4999999999995	-2.0177343815386052e-16	2.518743789400288e-16
3700.7499999999995	-1.854874784768282e-16	2.6345612512563286e-16
3700.9999999999995	-1.6455769663840205e-16	2.4790698249420806e-16
3701.2499999999995	-1.4170072233348335e-16	2.3934456465843075e-16
3701.4999999999995	-1.1928905597712442e-16	2.3877384974043856e-16
3701.7499999999995	-9.951903816815321e-17	2.3392736544426587e-16
3701.9999999999995	-8.431648972738997e-17	2.560941912041313e-16
3702.2499999999995	-7.485348130205926e-17	2.6305526678334476e-16
3702.499999999999	-7.100102954633329e-17	2.530100648338396e-16
3702.749999999999	-7.120806924729808e-17	2.317250797814047e-16
3702.999999999999	-7.301576300689473e-17	2.3006915683930213e-16
3703.249999999999	-7.395197154187953e-17	2.4121198113955086e-16
3703.499999999999	-7.231294639858741e-17	2.5238707210113406e-16
3703.749999999999	-6.748101065254542e-17	2.358919789560834e-16
3703.999999999999	-5.975359223054431e-17	2.363408270087894e-16
3704.249999999999	-4.989470374548118e-17	2.369869543288668e-16
3704.499999999999	-3.866434457000343e-17	2.375950445756566e-16
3704.749999999999	-2.651099834063127e-17	2.4391060163972346e-16
3704.999999999999	-1.3509893574949157e-17	2.3100404298505447e-16
3705.249999999999	4.842793535988666e-19	2.3096296188711263e-16
3705.499999999999	1.5596854248680815e-17	2.409705238100242e-16
3705.749999999999	3.174568040351496e-17	2.3469168033026487e-16
3705.999999999999	4.856541294210643e-17	2.3030487022665524e-16
3706.249999999999	6.540104031273133e-17	2.2960919147916345e-16
3706.499999999999	8.131516629796435e-17	2.303646919285551e-16
3706.749999999999	9.512894212527702e-17	2.2994652235040747e-16
3706.9999999999995	1.055746131148005e-16	2.367477998701655e-16
3707.2499999999995	1.1159186637359273e-16	2.3482540565681264e-16
3707.4999999999995	1.1266567645362413e-16	2.281840585454081e-16
3707.7499999999995	1.090074841965987e-16	2.415746965294329e-16
3707.9999999999995	1.0143669363896896e-16	2.357124079712655e-16
3708.2499999999995	9.101486475569072e-17	2.2672509723332176e-16
3708.4999999999995	7.867603423203854e-17	2.2163834674770446e-16
3708.7499999999995	6.510774166169461e-17	2.34378860474932e-16
3708.9999999999995	5.093093362858241e-17	2.4445781139342934e-16
3709.249999999999	3.697452922806529e-17	2.3260591463721036e-16
3709.499999999999	2.436631682235509e-17	2.0817045671191208e-16
3709.749999999999	1.43314904723437e-17	2.2940791527507214e-16
3709.999999999999	7.835897727151672e-18	2.167859861604602e-16
3710.249999999999	5.311517685938048e-18	2.1623099429155142e-16
3710.499999999999	6.6040161750411894e-18	2.257505593577261e-16
3710.749999999999	1.1112051383375612e-17	2.024099709260928e-16
3710.999999999999	1.7981871616288715e-17	2.292664607728807e-16
3711.249999999999	2.6214255491648194e-17	2.3172568858633553e-16
3711.499999999999	3.460346273881471e-17	2.094140996018284e-16
3711.749999999999	4.154490367247577e-17	2.1588180495904583e-16
3711.999999999999	4.4892709671710295e-17	2.0779350058060432e-16
3712.249999999999	4.2126080282579557e-17	2.1419460797234387e-16
3712.499999999999	3.09774554720508e-17	2.302935411609857e-16
3712.749999999999	1.0387927289085236e-17	2.235543617441733e-16
3712.999999999999	-1.8640304091927905e-17	2.1643080142287483e-16
3713.249999999999	-5.280687857916165e-17	2.1399828161703809e-16
3713.499999999999	-8.716256296976271e-17	2.125289441513479e-16
3713.749999999999	-1.1646006256242112e-16	1.9471532510988772e-16
3713.9999999999995	-1.366183802121268e-16	1.950018604740761e-16
3714.2499999999995	-1.4563255015645047e-16	2.0155612201059106e-16
3714.4999999999995	-1.4359334619710034e-16	2.0811718628046367e-16
3714.7499999999995	-1.3202012638939498e-16	2.0570221593850285e-16
3714.9999999999995	-1.1305808245937448e-16	1.977522426282598e-16
3715.2499999999995	-8.898965895343451e-17	1.9626793650220486e-16
3715.4999999999995	-6.208113881548962e-17	2.019419587529552e-16
3715.7499999999995	-3.445800494971347e-17	2.0597390175633467e-16
3715.9999999999995	-7.793491423495551e-18	2.230099842568848e-16
3716.2499999999995	1.7023608545086965e-17	2.1410813120238513e-16
3716.499999999999	3.984552945991864e-17	1.8541054907029103e-16
3716.749999999999	6.067452508716093e-17	2.0944010616028708e-16
3716.999999999999	7.886598396391067e-17	1.9878879919746226e-16
3717.249999999999	9.278040655066217e-17	1.9773843863819752e-16
3717.499999999999	1.0031179721090945e-16	2.0956607584141155e-16
3717.749999999999	1.0008020358030412e-16	2.094294388391076e-16
3717.999999999999	9.252016968600727e-17	2.1160152248344324e-16
3718.249999999999	8.007787734799408e-17	2.0241567516359697e-16
3718.499999999999	6.629812077562903e-17	1.857891727977137e-16
3718.749999999999	5.4337617474089854e-17	1.9476380451122823e-16
3718.999999999999	4.58267101720797e-17	1.946604929614428e-16
3719.249999999999	4.072966546945783e-17	1.9820312885399511e-16
3719.499999999999	3.8127806677639885e-17	2.0378854351752878e-16
3719.749999999999	3.7231507362170946e-17	2.0035596896856032e-16
3719.999999999999	3.788297536053564e-17	1.846083162250126e-16
3720.249999999999	4.0327722175331713e-17	1.809223861805865e-16
3720.499999999999	4.4639464627809213e-17	1.900369371490756e-16
3720.749999999999	5.037154567754469e-17	1.8971601754118463e-16
3720.9999999999995	5.668330724873548e-17	1.9561564172348024e-16
3721.2499999999995	6.272065752727138e-17	1.913002867899054e-16
3721.4999999999995	6.786410743731893e-17	1.8060674729372607e-16
3721.7499999999995	7.169287112276554e-17	1.9462375290735565e-16
3721.9999999999995	7.385419129221729e-17	1.8769272052799013e-16
3722.2499999999995	7.41123626616152e-17	1.9000309553585484e-16
3722.4999999999995	7.262654166760216e-17	1.980002379933481e-16
3722.7499999999995	7.022127712676153e-17	1.7505801974472036e-16
3722.9999999999995	6.834901298133718e-17	1.8828075991673163e-16
3723.2499999999995	6.864749952396493e-17	1.8835021661840648e-16
3723.499999999999	7.227848567170572e-17	1.7588557093418781e-16
3723.749999999999	7.937976273756729e-17	1.9220233717406182e-16
3723.999999999999	8.889743372428699e-17	1.844866611179632e-16
3724.249999999999	9.886755665739574e-17	1.80845994396656e-16
3724.499999999999	1.0700729518461698e-16	1.8547930432280643e-16
3724.749999999999	1.1134480746015064e-16	1.9074913303903886e-16
3724.999999999999	1.1061812578098953e-16	1.8608274912327612e-16
3725.249999999999	1.0432313819812943e-16	1.7966057178697361e-16
3725.499999999999	9.253430763951456e-17	1.7647584701930565e-16
3725.749999999999	7.579233020184872e-17	1.8746973910462543e-16
3725.999999999999	5.52762508705114e-17	1.853385512697744e-16
3726.249999999999	3.315922869192636e-17	1.8038974804055136e-16
3726.499999999999	1.2733477113655039e-17	1.74225611350696e-16
3726.749999999999	-2.1024958964020137e-18	1.7058925920346388e-16
3726.999999999999	-7.994165481195564e-18	1.6047626814839878e-16
3727.249999999999	-3.401206359064434e-18	1.6431144804510904e-16
3727.499999999999	1.0735147132226502e-17	1.772332003532694e-16
3727.749999999999	3.134668980761477e-17	1.7437652879909507e-16
3727.9999999999995	5.4432881479948624e-17	1.7706601722530509e-16
3728.2499999999995	7.645206429535676e-17	1.7611806824331932e-16
3728.4999999999995	9.523403751554329e-17	1.7523352761836941e-16
3728.7499999999995	1.1009511534920937e-16	1.8760865250797514e-16
3728.9999999999995	1.2129958744473287e-16	1.718622173742891e-16
3729.2499999999995	1.2930042674096908e-16	1.714148251594612e-16
3729.4999999999995	1.3419621308338562e-16	1.8293955543980322e-16
3729.7499999999995	1.3562067047417453e-16	1.7410126956101703e-16
3729.9999999999995	1.3299655686179197e-16	1.8271805632409622e-16
3730.2499999999995	1.259032150827786e-16	1.7775750051273002e-16
3730.499999999999	1.1432193928601153e-16	1.6318984407404633e-16
3730.749999999999	9.868900255799035e-17	1.6941128783673937e-16
3730.999999999999	7.985193810923253e-17	1.7197751973423408e-16
3731.249999999999	5.90559510332148e-17	1.720496366487589e-16
3731.499999999999	3.797983293344994e-17	1.6937491835956664e-16
3731.749999999999	1.8713958315768426e-17	1.6314761154069183e-16
3731.999999999999	3.547900602672336e-18	1.648426435821559e-16
3732.249999999999	-5.4685694041466845e-18	1.6510061805415403e-16
3732.499999999999	-7.079394953249415e-18	1.623063622402805e-16
3732.749999999999	-1.2694494773725036e-18	1.5780332333443982e-16
3732.999999999999	1.0627577579448662e-17	1.6263163612691595e-16
3733.249999999999	2.628200165601012e-17	1.6179434405855507e-16
3733.499999999999	4.3087533246520745e-17	1.6071245799178472e-16
3733.749999999999	5.892858180205316e-17	1.7842071407554033e-16
3733.999999999999	7.259973168244922e-17	1.6440728188215698e-16
3734.249999999999	8.365447690609021e-17	1.5755527502979232e-16
3734.499999999999	9.181977535319323e-17	1.59075884458571e-16
3734.749999999999	9.64131631939693e-17	1.5887904194256298e-16
3734.999999999999	9.620164313115039e-17	1.7652154709378798e-16
3735.2499999999995	8.983347921383244e-17	1.72665747238768e-16
3735.4999999999995	7.658691477232973e-17	1.5627682437969976e-16
3735.7499999999995	5.699549023889774e-17	1.585845524096043e-16
3735.9999999999995	3.301402059180538e-17	1.552742020679467e-16
3736.2499999999995	7.642516206633938e-18	1.5524680584605893e-16
3736.4999999999995	-1.5852408026658848e-17	1.5592423368051536e-16
3736.7499999999995	-3.485200091097909e-17	1.4911948861962953e-16
3736.9999999999995	-4.810845455026979e-17	1.4775164952382204e-16
3737.2499999999995	-5.596281688005333e-17	1.454064667557811e-16
3737.4999999999995	-5.990401341629774e-17	1.472533162181507e-16
3737.749999999999	-6.163257075379261e-17	1.6225359473464451e-16
3737.999999999999	-6.210820699460304e-17	1.5116504671746907e-16
3738.249999999999	-6.112283055797137e-17	1.4431851910948196e-16
3738.499999999999	-5.764305839533624e-17	1.4343551373174895e-16
3738.749999999999	-5.068175193260898e-17	1.4610942469266337e-16
3738.999999999999	-4.01291650136116e-17	1.4925983139107773e-16
3739.249999999999	-2.7037728896206614e-17	1.5174154528230422e-16
3739.499999999999	-1.3236578071941658e-17	1.522792788549127e-16
3739.749999999999	-5.613212018300106e-19	1.4815876796898594e-16
3739.999999999999	9.848179013178343e-18	1.487009352296777e-16
3740.249999999999	1.7856116050572255e-17	1.49803692717664e-16
3740.499999999999	2.4182775671291484e-17	1.5037512231970543e-16
3740.749999999999	2.9949821823994115e-17	1.4916529457323027e-16
3740.999999999999	3.613984727749383e-17	1.432881035291471e-16
3741.249999999999	4.314988453096556e-17	1.4969737684789378e-16
3741.499999999999	5.054382049561965e-17	1.5509729129597875e-16
3741.749999999999	5.705737117763821e-17	1.401838733612479e-16
3741.999999999999	6.088832722962708e-17	1.4960745900658681e-16
3742.2499999999995	6.026925732476365e-17	1.4764291166921827e-16
3742.4999999999995	5.421602326038295e-17	1.457542796597474e-16
3742.7499999999995	4.318830905502898e-17	1.606232283647474e-16
3742.9999999999995	2.930865841521171e-17	1.3976837723084007e-16
3743.2499999999995	1.590008266113489e-17	1.412772208425858e-16
3743.4999999999995	6.423913305675073e-18	1.4789358048204634e-16
3743.7499999999995	3.2421305522090295e-18	1.350641547651367e-16
3743.9999999999995	6.751935020955063e-18	1.4164827421304238e-16
3744.2499999999995	1.5255400085139683e-17	1.4092399486869095e-16
3744.499999999999	2.556639031024429e-17	1.40625402519894e-16
3744.749999999999	3.405241736269383e-17	1.4978565356286544e-16
3744.999999999999	3.770682413196487e-17	1.4296273699828304e-16
3745.249999999999	3.4931490060818894e-17	1.405458343624113e-16
3745.499999999999	2.58721455516884e-17	1.4061632338549062e-16
3745.749999999999	1.2295492117102894e-17	1.4040109760754923e-16
3745.999999999999	-2.9004927032393063e-18	1.3710902464870658e-16
3746.249999999999	-1.6393279118264153e-17	1.3441760392858565e-16
3746.499999999999	-2.5192811260959735e-17	1.3272324686650143e-16
3746.749999999999	-2.7303806210118628e-17	1.3259394199314714e-16
3746.999999999999	-2.2181640603822737e-17	1.3470803035037546e-16
3747.249999999999	-1.0882469820689734e-17	1.3201897867552888e-16
3747.499999999999	4.180058301483858e-18	1.3107583395854082e-16
3747.749999999999	1.9887797635662287e-17	1.3765503002744059e-16
3747.999999999999	3.3334101189468914e-17	1.3874164094986984e-16
3748.249999999999	4.2676068470425745e-17	1.3677954206711446e-16
3748.499999999999	4.75534376754139e-17	1.327992416037379e-16
3748.749999999999	4.8885927438327123e-17	1.2769801214867848e-16
3748.999999999999	4.818433022821183e-17	1.3455135572491302e-16
3749.2499999999995	4.6769410684802474e-17	1.3019916809302242e-16
3749.4999999999995	4.53077574829694e-17	1.2864461117190456e-16
3749.7499999999995	4.3838219869542967e-17	1.3932195116296765e-16
3749.9999999999995	4.214001308026808e-17	1.3243770411904812e-16
3750.2499999999995	4.010479523587519e-17	1.3629785825281258e-16
3750.4999999999995	3.7834666203686513e-17	1.3589345296005786e-16
3750.7499999999995	3.547389563254289e-17	1.2346929280373999e-16
3750.9999999999995	3.298990905538524e-17	1.3852184913494715e-16
3751.2499999999995	3.018342364819117e-17	1.3664249478322668e-16
3751.4999999999995	2.698152195382124e-17	1.3040204571877962e-16
3751.749999999999	2.377021902685443e-17	1.2750101081399285e-16
3751.999999999999	2.1409992363371837e-17	1.334982158387901e-16
3752.249999999999	2.0781389910147687e-17	1.258639078851871e-16
3752.499999999999	2.2097065798972474e-17	1.2034408533550644e-16
3752.749999999999	2.4482584337088093e-17	1.2529790458796401e-16
3752.999999999999	2.622041548858259e-17	1.3373169252976687e-16
3753.249999999999	2.5600089543489662e-17	1.3925298415221542e-16
3753.499999999999	2.1850071792816643e-17	1.3386810453894422e-16
3753.749999999999	1.552522333321173e-17	1.1664702474875784e-16
3753.999999999999	8.100076745236558e-18	1.242058011862674e-16
3754.249999999999	1.0915278213574785e-18	1.2021613042091184e-16
3754.499999999999	-4.651527131426944e-18	1.2362484246356936e-16
3754.749999999999	-9.04243480275128e-18	1.3603260459142398e-16
3754.999999999999	-1.2297839801910278e-17	1.2211135340550353e-16
3755.249999999999	-1.4391509777049448e-17	1.23082582558649e-16
3755.499999999999	-1.4871268532845277e-17	1.2143645343499907e-16
3755.749999999999	-1.3125008330270954e-17	1.1377395516612025e-16
3755.999999999999	-8.817024426647282e-18	1.2098580543728018e-16
3756.2499999999995	-2.1475130946038264e-18	1.2312996346413603e-16
3756.4999999999995	6.18566470349336e-18	1.223994240169088e-16
3756.7499999999995	1.5180434413537377e-17	1.196976139082942e-16
3756.9999999999995	2.3675661768744465e-17	1.1920039233336612e-16
3757.2499999999995	3.039440894692081e-17	1.190829856259428e-16
3757.4999999999995	3.399998433028418e-17	1.2161119368503967e-16
3757.7499999999995	3.329358415947947e-17	1.246737736547356e-16
3757.9999999999995	2.754726427331947e-17	1.1777249330764239e-16
3758.2499999999995	1.682851411997808e-17	1.1797306806257424e-16
3758.499999999999	2.1554384385148862e-18	1.1777874017562839e-16
3758.7499999999995	-1.4585663395338104e-17	1.1551901509103152e-16
3758.999999999999	-3.092668314461619e-17	1.1369729868439374e-16
3759.249999999999	-4.4239518847694734e-17	1.1223149493428037e-16
3759.499999999999	-5.224581225563001e-17	1.1244751480560982e-16
3759.749999999999	-5.3570308002680184e-17	1.1276991672115849e-16
3759.999999999999	-4.823291791611488e-17	1.0769719521873009e-16
3760.249999999999	-3.788711663773584e-17	1.145157707394578e-16
3760.499999999999	-2.5596178100294245e-17	1.171534313372077e-16
3760.749999999999	-1.5075342140735183e-17	1.1710144469006997e-16
3760.999999999999	-9.585013861222957e-18	1.2533752984802775e-16
3761.249999999999	-1.0887964286037508e-17	1.170644664079664e-16
3761.499999999999	-1.8714869934210986e-17	1.1295969180601285e-16
3761.749999999999	-3.0964742995194576e-17	1.125268579699659e-16
3761.999999999999	-4.4519706433620464e-17	1.0583223380966804e-16
3762.249999999999	-5.628507542224283e-17	1.0944784688458222e-16
3762.499999999999	-6.402214623913762e-17	1.0744205963059424e-16
3762.749999999999	-6.671308403025897e-17	1.0361130680452236e-16
3762.999999999999	-6.445198639336861e-17	1.1074503152118788e-16
3763.249999999999	-5.804683706245696e-17	1.0657978670773426e-16
3763.4999999999995	-4.857266839084143e-17	1.0756084938400175e-16
3763.7499999999995	-3.705915027539436e-17	1.098547337191746e-16
3763.9999999999995	-2.4392410183344902e-17	1.0350223807767357e-16
3764.2499999999995	-1.1415363456442485e-17	1.1598391706506593e-16
3764.4999999999995	8.6248646915726075e-19	1.1388414885860212e-16
3764.7499999999995	1.109453790062668e-17	1.0645625224633314e-16
3764.9999999999995	1.7640554206909285e-17	1.1215759130963243e-16
3765.2499999999995	1.8935147493210306e-17	1.1029722240733127e-16
3765.4999999999995	1.4110377396117107e-17	1.145531857729248e-16
3765.749999999999	3.581538185241257e-18	1.168273898269638e-16
3765.999999999999	-1.0776276282301534e-17	1.0502024685060638e-16
3766.249999999999	-2.605749275227879e-17	1.0018724890714076e-16
3766.499999999999	-3.921272428230155e-17	1.033217472680145e-16
3766.749999999999	-4.797844041405571e-17	1.0673755321160527e-16
3766.999999999999	-5.143950378588131e-17	1.022749865987756e-16
3767.249999999999	-5.004701826147456e-17	1.0447048938061384e-16
3767.499999999999	-4.517370860592331e-17	1.0040350038904172e-16
3767.749999999999	-3.843447945218631e-17	1.0123099202150507e-16
3767.999999999999	-3.103945084052812e-17	1.161378653032294e-16
3768.249999999999	-2.3436363065315758e-17	1.0411821631878466e-16
3768.499999999999	-1.5410602666314703e-17	1.006324375128168e-16
3768.749999999999	-6.5988871479813716e-18	1.0102036536776946e-16
3768.999999999999	2.882452293044654e-18	1.0094931386187361e-16
3769.249999999999	1.2100713189085981e-17	1.0810999143161856e-16
3769.499999999999	1.9497883827065084e-17	1.0582420684900382e-16
3769.749999999999	2.350124464249187e-17	1.046805072294186e-16
3769.999999999999	2.3183978944502013e-17	1.1102882726318747e-16
3770.249999999999	1.8613557214593723e-17	1.033966567442873e-16
3770.4999999999995	1.0774161529359399e-17	1.0010144049911696e-16
3770.7499999999995	1.22446511359971e-18	9.964479047887338e-17
3770.9999999999995	-8.260472112198055e-18	1.0085905191343182e-16
3771.2499999999995	-1.5953353360788086e-17	1.0211531427077326e-16
3771.4999999999995	-2.0425872448617052e-17	1.0011251810188027e-16
3771.7499999999995	-2.0886414958530045e-17	9.745611028272747e-17
3771.9999999999995	-1.7509683346503118e-17	9.672232828749903e-17
3772.2499999999995	-1.1475496404703795e-17	1.0514973039497298e-16
3772.4999999999995	-4.520486314132956e-18	1.0483633482193379e-16
3772.7499999999995	1.834718766796666e-18	1.0468656219150249e-16
3772.999999999999	6.912056809190843e-18	1.0622375493720164e-16
3773.249999999999	1.0956554032274125e-17	9.46938895196169e-17
3773.499999999999	1.469772690557333e-17	9.759287301648454e-17
3773.749999999999	1.8802950312537573e-17	1.0233064592783306e-16
3773.999999999999	2.3622618215952574e-17	1.0439162928973548e-16
3774.249999999999	2.9266891494506086e-17	1.0307132330064774e-16
3774.499999999999	3.573541487467648e-17	9.823218436831452e-17
3774.749999999999	4.2851099648191186e-17	9.798131703213944e-17
3774.999999999999	5.004297783010906e-17	1.0287391168437829e-16
3775.249999999999	5.624032057741047e-17	1.0507025488171889e-16
3775.499999999999	6.006928300357312e-17	1.0381513734234523e-16
3775.749999999999	6.029092661766563e-17	1.0127170254253248e-16
3775.999999999999	5.624274428679971e-17	9.919477113842003e-17
3776.249999999999	4.8075401094792226e-17	1.0235121294658358e-16
3776.499999999999	3.672106014623838e-17	9.805496257643626e-17
3776.749999999999	2.364529231199784e-17	9.86747458483651e-17
3776.999999999999	1.047713290316126e-17	1.0112720401568681e-16
3777.249999999999	-1.3659749632835426e-18	8.914799423702857e-17
3777.4999999999995	-1.09221983113023e-17	9.542919352717243e-17
3777.7499999999995	-1.7701194674612525e-17	9.728394421875314e-17
3777.9999999999995	-2.1510365782689664e-17	9.426584009623296e-17
3778.2499999999995	-2.227612657390823e-17	9.220326854755443e-17
3778.4999999999995	-2.004689962865196e-17	9.421423726089945e-17
3778.7499999999995	-1.518198007451548e-17	9.20561164253037e-17
3778.9999999999995	-8.5166290691153e-18	9.076710433315006e-17
3779.2499999999995	-1.2678107025574933e-18	1.0284488095360013e-16
3779.4999999999995	5.347608629303248e-18	9.791946377465518e-17
3779.749999999999	1.0553946715273863e-17	9.39857832106021e-17
3779.999999999999	1.421880338520909e-17	9.340408995152011e-17
3780.249999999999	1.669297493126625e-17	9.732319890190245e-17
3780.499999999999	1.842940567807017e-17	9.426388133254243e-17
3780.749999999999	1.9666086480868094e-17	9.446417153734357e-17
3780.999999999999	2.0384688875901835e-17	9.760017867565461e-17
3781.249999999999	2.0532340242701617e-17	1.0228401941106467e-16
3781.499999999999	2.0282616079919808e-17	9.4010777299991e-17
3781.749999999999	2.008013434889564e-17	9.017510109491321e-17
3781.999999999999	2.0401816472591552e-17	8.979151428381522e-17
3782.249999999999	2.1429585512087394e-17	9.035608159549491e-17
3782.499999999999	2.2928477373819933e-17	1.014015103416992e-16
3782.749999999999	2.4455269840861917e-17	9.916267653065297e-17
3782.999999999999	2.5737505305361782e-17	9.327331600539793e-17
3783.249999999999	2.692005754928246e-17	9.279599308728543e-17
3783.499999999999	2.848642454834424e-17	9.16864725706109e-17
3783.749999999999	3.090339253581085e-17	8.971553278146855e-17
3783.999999999999	3.421345441695958e-17	8.955682660042168e-17
3784.249999999999	3.7817901933146857e-17	9.288472640595522e-17
3784.4999999999995	4.0587424131277416e-17	9.400274372188189e-17
3784.7499999999995	4.127865038202459e-17	9.421619602458997e-17
3784.9999999999995	3.908187393181674e-17	9.506487009817958e-17
3785.2499999999995	3.4041657703654406e-17	9.653533252950284e-17
3785.4999999999995	2.7133455256934478e-17	8.774073502194925e-17
3785.7499999999995	1.9944356196759486e-17	8.854415238986486e-17
3785.9999999999995	1.4104026705917646e-17	8.948409426352111e-17
3786.2499999999995	1.07246291284778e-17	8.665064332350237e-17
3786.4999999999995	1.0081443269539045e-17	8.668435258782513e-17
3786.7499999999995	1.1639168037876647e-17	8.866628395294709e-17
3786.999999999999	1.4380816134478938e-17	8.868887590983714e-17
3787.249999999999	1.7279739085839055e-17	8.633410446413548e-17
3787.499999999999	1.9693953707424387e-17	9.089119465992282e-17
3787.749999999999	2.148327357062182e-17	8.698577058559456e-17
3787.999999999999	2.278624548164903e-17	8.604964036020094e-17
3788.249999999999	2.361357410520931e-17	8.928799290134194e-17
3788.499999999999	2.357653595793925e-17	8.504927459715891e-17
3788.749999999999	2.200750285119468e-17	9.419686646803583e-17
3788.999999999999	1.8428327570934444e-17	9.576224952901079e-17
3789.249999999999	1.300113683720878e-17	8.85244919610657e-17
3789.499999999999	6.558775380435513e-18	8.434337189729596e-17
3789.749999999999	1.4716700031777086e-19	8.103093706049471e-17
3789.999999999999	-5.547395220432076e-18	8.268837539747946e-17
3790.249999999999	-1.0373708503774368e-17	8.710400447363044e-17
3790.499999999999	-1.4307092399062512e-17	8.75902080027993e-17
3790.749999999999	-1.6799343503083388e-17	8.512672517227348e-17
3790.999999999999	-1.650848022381449e-17	8.406721930415636e-17
3791.249999999999	-1.1807055268244929e-17	8.335173454407759e-17
3791.499999999999	-1.8947371642426817e-18	7.862409294087162e-17
3791.7499999999995	1.2165445506773634e-17	8.105740684009641e-17
3791.9999999999995	2.7240663291776403e-17	8.52846968169364e-17
3792.2499999999995	3.9067837328745003e-17	9.011241403937149e-17
3792.4999999999995	4.396700651711518e-17	9.486029178908296e-17
3792.7499999999995	4.0456087400446546e-17	8.99581150766283e-17
3792.9999999999995	2.9920145765878626e-17	8.568034723008787e-17
3793.2499999999995	1.602875481057313e-17	8.13021596571835e-17
3793.4999999999995	3.2836447010827824e-18	7.482260245614942e-17
3793.749999999999	-4.537547724710426e-18	8.576919966276587e-17
3793.9999999999995	-5.390812735728775e-18	8.210264549700822e-17
3794.249999999999	7.898214814645956e-19	7.666896222759638e-17
3794.499999999999	1.2434166905686048e-17	8.555069163215386e-17
3794.749999999999	2.694464412241806e-17	8.421537727803196e-17
3794.999999999999	4.133944375952777e-17	8.578184559997058e-17
3795.249999999999	5.2840489156284823e-17	8.692121741059092e-17
3795.499999999999	5.938085640335131e-17	8.504040722099235e-17
3795.749999999999	5.997867583508072e-17	9.042459200254901e-17
3795.999999999999	5.488583487063826e-17	8.530084338249344e-17
3796.249999999999	4.545192752719423e-17	8.132677655221308e-17
3796.499999999999	3.37483022337351e-17	8.621810727247594e-17
3796.749999999999	2.2090290346316232e-17	8.15469852661645e-17
3796.999999999999	1.2596739522230604e-17	8.186566817767912e-17
3797.249999999999	6.8460234878816494e-18	8.226811470674332e-17
3797.499999999999	5.618557387790967e-18	7.982525845197212e-17
3797.749999999999	8.732011995115746e-18	7.83258314643197e-17
3797.999999999999	1.5046507514205726e-17	7.700328216141071e-17
3798.249999999999	2.2732605380402294e-17	8.085690487705846e-17
3798.499999999999	2.97843295738219e-17	8.826643146228385e-17
3798.7499999999995	3.459063138254202e-17	8.097255134413827e-17
3798.9999999999995	3.6310928108123934e-17	7.914032643499861e-17
3799.2499999999995	3.4917280479423657e-17	8.087019270641851e-17
3799.4999999999995	3.096885648905296e-17	8.370854055566356e-17
3799.7499999999995	2.5294865839893152e-17	7.846792785866651e-17
3799.9999999999995	1.872131114545633e-17	7.92914622590794e-17
3800.2499999999995	1.1887659992511909e-17	7.723458171301524e-17
3800.4999999999995	5.1712718467394495e-18	7.384455071731162e-17
3800.7499999999995	-1.2540471770810792e-18	8.476893316139734e-17
3800.999999999999	-7.247457221977492e-18	7.854195721476755e-17
3801.249999999999	-1.254261490537321e-17	7.612713907403945e-17
3801.499999999999	-1.675499925325039e-17	7.813592403056732e-17
3801.749999999999	-1.9575507777225876e-17	7.453135547119195e-17
3801.999999999999	-2.0966229662322863e-17	7.448472895442356e-17
3802.249999999999	-2.1112109195510465e-17	7.54337698148179e-17
3802.499999999999	-2.007710536976732e-17	7.713536636162318e-17
3802.749999999999	-1.7430373532547355e-17	7.946422389309478e-17
3802.999999999999	-1.225003270196647e-17	7.530455758569221e-17
3803.249999999999	-3.689876732412522e-18	7.425737339997968e-17
3803.499999999999	8.166005339204348e-18	7.53200357893143e-17
3803.749999999999	2.176178364886703e-17	7.510527323251594e-17
3803.999999999999	3.433093010089635e-17	8.196637907161868e-17
3804.249999999999	4.2939309684496556e-17	8.121027643474111e-17
3804.499999999999	4.574992717983121e-17	7.788861687974867e-17
3804.749999999999	4.2780360331159604e-17	7.903262751924421e-17
3804.999999999999	3.5747648040767053e-17	7.349241662182534e-17
3805.249999999999	2.7170355127819487e-17	7.554538625795335e-17
3805.499999999999	1.9315436282812988e-17	7.901519716937649e-17
3805.7499999999995	1.3570985069743532e-17	7.792084383641373e-17
3805.9999999999995	1.0453575379856461e-17	7.424446276497895e-17
3806.2499999999995	1.0023887957788407e-17	7.410155904235429e-17
3806.4999999999995	1.2279900762177439e-17	7.429567517106334e-17
3806.7499999999995	1.7213197900835227e-17	7.230483672510541e-17
3806.9999999999995	2.4530495959798905e-17	7.308705841700496e-17
3807.2499999999995	3.333819745354664e-17	7.181628400299689e-17
3807.4999999999995	4.215747140052017e-17	7.494949857955995e-17
3807.7499999999995	4.9404300162109253e-17	8.29447484478117e-17
3807.9999999999995	5.407764367518101e-17	7.443937298707605e-17
3808.249999999999	5.616447667186436e-17	7.701766186917933e-17
3808.499999999999	5.643136952281273e-17	7.664353138684405e-17
3808.749999999999	5.57386710857482e-17	7.080443035560773e-17
3808.999999999999	5.4398740753065453e-17	8.175735383954898e-17
3809.249999999999	5.20622891885005e-17	7.838525611952551e-17
3809.499999999999	4.818509195241876e-17	7.716190893311878e-17
3809.749999999999	4.267707831774499e-17	7.980993244958274e-17
3809.999999999999	3.623719466961145e-17	7.134431459780884e-17
3810.249999999999	3.017030759025177e-17	7.303351667031562e-17
3810.499999999999	2.5875235395563284e-17	7.339272481440045e-17
3810.749999999999	2.4359643708566334e-17	7.174214876777744e-17
3810.999999999999	2.600173392634681e-17	7.422166566729699e-17
3811.249999999999	3.0535032505870154e-17	7.015770084804437e-17
3811.499999999999	3.71234210981794e-17	7.00163456075264e-17
3811.749999999999	4.4473100345871054e-17	7.300083972739733e-17
3811.999999999999	5.103958099692989e-17	7.389634545854724e-17
3812.249999999999	5.5361116288827e-17	7.460819062393077e-17
3812.499999999999	5.640324178684943e-17	7.708211578250947e-17
3812.749999999999	5.372104455485816e-17	7.739131589548179e-17
3812.9999999999995	4.7367500284907334e-17	6.844177753302966e-17
3813.2499999999995	3.769878657406594e-17	7.615035307075013e-17
3813.4999999999995	2.5305715980745142e-17	7.590949131126449e-17
3813.7499999999995	1.1135381979336207e-17	7.203128478781168e-17
3813.9999999999995	-3.3714924602319887e-18	7.196266850163918e-17
3814.2499999999995	-1.6351526190016927e-17	6.704676720846104e-17
3814.4999999999995	-2.5845361562816364e-17	6.751278091323871e-17
3814.7499999999995	-3.024149663205339e-17	6.872757174338919e-17
3814.999999999999	-2.868730944707096e-17	6.582050834629812e-17
3815.249999999999	-2.1416148887340932e-17	6.653798495729192e-17
3815.499999999999	-9.948513201728983e-18	6.585175592111793e-17
3815.749999999999	2.9809939608683788e-18	6.799487500912442e-17
3815.999999999999	1.3944369119983262e-17	7.510117703412258e-17
3816.249999999999	1.9758449842328468e-17	7.24201721722749e-17
3816.499999999999	1.8500154449492217e-17	7.262671586250695e-17
3816.749999999999	1.0124835752528158e-17	7.221967020923695e-17
3816.999999999999	-3.602956793538108e-18	6.963747703464242e-17
3817.249999999999	-1.9797027738157922e-17	6.581592907442703e-17
3817.499999999999	-3.540192430369847e-17	6.526251215740455e-17
3817.749999999999	-4.799734435903634e-17	6.400223962845346e-17
3817.999999999999	-5.618302656434548e-17	6.210373439119115e-17
3818.249999999999	-5.950934385555245e-17	6.801264284868205e-17
3818.499999999999	-5.814017988536658e-17	6.529499057697583e-17
3818.749999999999	-5.253689412011368e-17	6.33804777404994e-17
3818.999999999999	-4.337045258448175e-17	6.464816842518387e-17
3819.249999999999	-3.164306039084587e-17	6.631414326609017e-17
3819.499999999999	-1.879573363015004e-17	6.664654414088338e-17
3819.749999999999	-6.571129291708836e-18	6.659866692702881e-17
3819.9999999999995	3.3912726732216834e-18	6.710660214525067e-17
3820.2499999999995	1.0008504547720512e-17	7.019536734441758e-17
3820.4999999999995	1.2986686274623185e-17	6.406942654652747e-17
3820.7499999999995	1.2751908776204163e-17	6.67077025666531e-17
3820.9999999999995	1.0229790005287428e-17	7.199212274889096e-17
3821.2499999999995	6.662056572730348e-18	6.459894787001451e-17
3821.4999999999995	3.474587303621919e-18	6.786216876909131e-17
3821.7499999999995	2.052860067177633e-18	6.647580082756263e-17
3821.9999999999995	3.3470843824714636e-18	6.399022896595919e-17
3822.249999999999	7.462929997326952e-18	6.784685600159173e-17
3822.499999999999	1.3531534571335396e-17	6.480049538934673e-17
3822.749999999999	2.0019226465312023e-17	6.809544031927616e-17
3822.999999999999	2.5338340194653255e-17	7.077816571679794e-17
3823.249999999999	2.8423528401474806e-17	6.615795833155036e-17
3823.499999999999	2.900233413433663e-17	6.662203974241711e-17
3823.749999999999	2.752133842121923e-17	6.799796535589291e-17
3823.999999999999	2.4866422785135516e-17	6.829316957290084e-17
3824.249999999999	2.202772112984965e-17	6.619941000640661e-17
3824.499999999999	1.9795022133231364e-17	6.105535244795165e-17
3824.749999999999	1.85538496352893e-17	6.255757861479695e-17
3824.999999999999	1.8275303917829128e-17	6.44114491862059e-17
3825.249999999999	1.8738557573067207e-17	6.344725437698958e-17
3825.499999999999	1.9868775684457835e-17	6.393345790615845e-17
3825.749999999999	2.1950499719554232e-17	6.477920045165717e-17
3825.999999999999	2.552702099138377e-17	6.394077680021832e-17
3826.249999999999	3.1003112503776356e-17	6.224505654448461e-17
3826.499999999999	3.8174165321949045e-17	6.888988443190679e-17
3826.749999999999	4.596878145270435e-17	6.347845562969508e-17
3826.9999999999995	5.2588155815699205e-17	6.455564992803104e-17
3827.2499999999995	5.602268376674641e-17	7.20534532282281e-17
3827.4999999999995	5.4733130577556267e-17	6.690057461572086e-17
3827.7499999999995	4.820042205800001e-17	6.772893975091107e-17
3827.9999999999995	3.712063806288021e-17	6.515908149361092e-17
3828.2499999999995	2.319864816055243e-17	6.095901568509127e-17
3828.4999999999995	8.657030869338058e-18	6.597828146761404e-17
3828.7499999999995	-4.354146702301919e-18	6.019390008825932e-17
3828.999999999999	-1.4272412470773165e-17	6.094177062368077e-17
3829.2499999999995	-2.0426568699275305e-17	6.430878614602071e-17
3829.499999999999	-2.3044134572344925e-17	5.897510570394409e-17
3829.749999999999	-2.296264898651482e-17	6.197705002601743e-17
3829.999999999999	-2.115498407025496e-17	6.333436738443325e-17
3830.249999999999	-1.8267134785304642e-17	6.282991955967391e-17
3830.499999999999	-1.4389297236452038e-17	6.129557893272685e-17
3830.749999999999	-9.20850417335194e-18	6.216315242895206e-17
3830.999999999999	-2.506618785654234e-18	5.87320072480821e-17
3831.249999999999	5.2825466399286564e-18	5.747799482200681e-17
3831.499999999999	1.2886646996668193e-17	6.464064439033209e-17
3831.749999999999	1.864721476847765e-17	6.675590403530779e-17
3831.999999999999	2.14281732190091e-17	6.495113490505999e-17
3832.249999999999	2.138094472286707e-17	6.231100600036224e-17
3832.499999999999	1.9972637641784492e-17	6.09749769621911e-17
3832.749999999999	1.9170127277567363e-17	5.852492754481313e-17
3832.999999999999	2.0272973155064212e-17	5.984389019258608e-17
3833.249999999999	2.3133829903320875e-17	6.13729434810577e-17
3833.499999999999	2.623023809521344e-17	6.183410659872337e-17
3833.749999999999	2.749936875136393e-17	6.337451542264412e-17
3833.9999999999995	2.5415452687218708e-17	6.479046334287769e-17
3834.2499999999995	1.972027894292626e-17	6.367566210517263e-17
3834.4999999999995	1.1479326139142687e-17	6.059384522315116e-17
3834.7499999999995	2.527204780529075e-18	6.17003746547307e-17
3834.9999999999995	-5.334653956378554e-18	5.732999566680883e-17
3835.2499999999995	-1.0962702031273026e-17	5.850922434806442e-17
3835.4999999999995	-1.4077373892270602e-17	6.27736580431305e-17
3835.7499999999995	-1.5090701756090373e-17	5.602642519587426e-17
3835.9999999999995	-1.476074610573431e-17	5.4649123153859165e-17
3836.249999999999	-1.3845012243375567e-17	5.93731317798148e-17
3836.499999999999	-1.2819440220916241e-17	6.418470243669286e-17
3836.749999999999	-1.1704611763199304e-17	5.831755667396854e-17
3836.999999999999	-1.0074033522544623e-17	5.66181968235396e-17
3837.249999999999	-7.280224377098602e-18	5.856424840241145e-17
3837.499999999999	-2.8051645403499163e-18	6.036655584315629e-17
3837.749999999999	3.4475519904256037e-18	5.747098033041236e-17
3837.999999999999	1.1055522944108078e-17	5.790566043358653e-17
3838.249999999999	1.9180523371754563e-17	6.164593293553491e-17
3838.499999999999	2.677396667873407e-17	6.331697673923493e-17
3838.749999999999	3.2781621002674693e-17	5.755631228240334e-17
3838.999999999999	3.632282354924395e-17	6.070851892583061e-17
3839.249999999999	3.688532083820688e-17	6.01045645821036e-17
3839.499999999999	3.4526130414227623e-17	5.978884628590436e-17
3839.749999999999	2.9934760858940196e-17	6.199696853516771e-17
3839.999999999999	2.419490391499631e-17	5.666451893784257e-17
3840.249999999999	1.8296345822649227e-17	5.729430116901594e-17
3840.499999999999	1.2720957471547938e-17	5.938506303297027e-17
3840.749999999999	7.430682089709809e-18	6.051145141669598e-17
3840.999999999999	2.2576200548917807e-18	5.84106839760522e-17
3841.2499999999995	-2.647571169363069e-18	5.470802503091784e-17
3841.4999999999995	-6.6746603846281085e-18	5.5440738308794863e-17
3841.7499999999995	-9.001245597141111e-18	5.938309765183484e-17
3841.9999999999995	-9.01881768655191e-18	5.243495586867927e-17
3842.2499999999995	-6.6564736612888065e-18	5.485041590156272e-17
3842.4999999999995	-2.4457815489019242e-18	5.705463054961237e-17
3842.7499999999995	2.6586539806786106e-18	5.711883300003629e-17
3842.9999999999995	7.58345534162567e-18	5.6387367110523e-17
3843.2499999999995	1.1439535577556859e-17	5.671453358639997e-17
3843.499999999999	1.3747251802708246e-17	5.842334314814672e-17
3843.749999999999	1.4534895917579313e-17	5.92529457455333e-17
3843.999999999999	1.4250702156137442e-17	5.443848988267866e-17
3844.249999999999	1.3465101267778359e-17	5.613208593859933e-17
3844.499999999999	1.2488725840668984e-17	5.660956105794454e-17
3844.749999999999	1.1181141051965922e-17	5.657949138831701e-17
3844.999999999999	9.163470648201944e-18	5.817924545810477e-17
3845.249999999999	6.3295518135121836e-18	6.065187359748298e-17
3845.499999999999	3.233498752115159e-18	5.682093548295389e-17
3845.749999999999	9.649332544460878e-19	5.243461837898935e-17
3845.999999999999	5.56463017113357e-19	5.365493477563168e-17
3846.249999999999	2.4178862815220893e-18	5.4816663623848106e-17
3846.499999999999	6.286681503959828e-18	5.872026790082875e-17
3846.749999999999	1.1681892753571205e-17	5.879888976369069e-17
3846.999999999999	1.8341722998016947e-17	5.2500518204030226e-17
3847.249999999999	2.6147349660940166e-17	5.510005239298632e-17
3847.499999999999	3.4585004416793424e-17	5.419867698820974e-17
3847.749999999999	4.232027424744833e-17	5.643748763819881e-17
3847.999999999999	4.741772984122189e-17	6.213454521464753e-17
3848.2499999999995	4.816761312067186e-17	5.967007638483154e-17
3848.4999999999995	4.393815656007277e-17	5.693663488959291e-17
3848.7499999999995	3.547088624454627e-17	5.4379250515930065e-17
3848.9999999999995	2.453152551245743e-17	5.318445429554622e-17
3849.2499999999995	1.3293455253198065e-17	5.641101124115221e-17
3849.4999999999995	3.842110566003885e-18	5.4642750554420057e-17
3849.7499999999995	-2.1334715973063666e-18	5.241131835549496e-17
3849.9999999999995	-3.6004027796841475e-18	5.163369909652366e-17
3850.249999999999	-4.1251390738133547e-19	5.474903995441067e-17
3850.499999999999	6.6617251668228044e-18	5.396489589476755e-17
3850.749999999999	1.623368491175707e-17	5.432336288502353e-17
3850.999999999999	2.6771694837739948e-17	5.467495435002797e-17
3851.249999999999	3.697576861965208e-17	5.2077296206701145e-17
3851.499999999999	4.589915381817506e-17	5.673275141221084e-17
3851.749999999999	5.290535802375963e-17	5.583663687613009e-17
3851.999999999999	5.763247144263299e-17	5.403350556349515e-17
3852.249999999999	6.0020151667864e-17	5.687901679684492e-17
3852.499999999999	6.03118803095524e-17	5.737365756826183e-17
3852.749999999999	5.893910019385895e-17	5.60489311259806e-17
3852.999999999999	5.63206672806011e-17	5.5051586226535616e-17
3853.249999999999	5.2730372813771456e-17	5.581974253929931e-17
3853.499999999999	4.835855316232613e-17	5.382946988488037e-17
3853.749999999999	4.3519369736223944e-17	5.538845056791416e-17
3853.999999999999	3.879352311636383e-17	5.48228244650504e-17
3854.249999999999	3.492874379054157e-17	5.065113426026377e-17
3854.499999999999	3.254662773881955e-17	5.332251073978132e-17
3854.749999999999	3.190128086451798e-17	5.3197394709049e-17
3854.999999999999	3.2882129577356506e-17	5.3270633280484445e-17
3855.2499999999995	3.5193093424472975e-17	5.3822865674869747e-17
3855.4999999999995	3.845908029115279e-17	5.2429390597518016e-17
3855.7499999999995	4.212105570092706e-17	5.120957381796567e-17
3855.9999999999995	4.527200077713122e-17	5.216056020716073e-17
3856.2499999999995	4.6733775867110917e-17	5.4811058648017447e-17
3856.4999999999995	4.5495056879037374e-17	5.661936149384207e-17
3856.7499999999995	4.1283404833104124e-17	5.446904593450637e-17
3856.9999999999995	3.4868371521833016e-17	5.410137738711635e-17
3857.2499999999995	2.7857269139495015e-17	5.3930637382518056e-17
3857.499999999999	2.2096590406443425e-17	4.950493986395109e-17
3857.749999999999	1.9025011329666902e-17	5.088283416728477e-17
3857.999999999999	1.927490616450939e-17	5.264470240224312e-17
3858.249999999999	2.2590469075649818e-17	5.307317865082314e-17
3858.499999999999	2.795905974104502e-17	5.0609285538713485e-17
3858.749999999999	3.386110770695799e-17	5.1686234991588125e-17
3858.999999999999	3.862640476838058e-17	5.3489300129774063e-17
3859.249999999999	4.0867750028518915e-17	5.441781698480974e-17
3859.499999999999	3.9857872262332674e-17	5.32574182430183e-17
3859.749999999999	3.570019475889473e-17	5.088666897660457e-17
3859.999999999999	2.9277679170337197e-17	5.3069092378597125e-17
3860.249999999999	2.207506017471537e-17	5.406374728669009e-17
3860.499999999999	1.5914383309956814e-17	5.144855953182204e-17
3860.749999999999	1.254198332097237e-17	4.8571095965770574e-17
3860.999999999999	1.3069027016565784e-17	4.9612522974419736e-17
3861.249999999999	1.747654155250733e-17	5.027895261545166e-17
3861.499999999999	2.4503480100064765e-17	5.02140950379826e-17
3861.749999999999	3.208049346066819e-17	5.3429296448139467e-17
3861.999999999999	3.814872674622372e-17	5.4446930433649154e-17
3862.2499999999995	4.1448901212714164e-17	5.3469057365823665e-17
3862.4999999999995	4.186537929560581e-17	5.135729504047784e-17
3862.7499999999995	4.018220724021823e-17	4.9974844626330214e-17
3862.9999999999995	3.7475574300396336e-17	5.1819116593911094e-17
3863.2499999999995	3.4554817783497655e-17	5.2364152516967184e-17
3863.4999999999995	3.174175286300219e-17	5.20103045032517e-17
3863.7499999999995	2.8995594274734227e-17	5.216656553840787e-17
3863.9999999999995	2.620151522110001e-17	5.1977614325443604e-17
3864.249999999999	2.3426894349211503e-17	5.1459574268858795e-17
3864.4999999999995	2.1013809744484828e-17	5.070087759358026e-17
3864.749999999999	1.945171684343918e-17	5.0021034391735175e-17
3864.999999999999	1.9090845930630314e-17	4.991237925519266e-17
3865.249999999999	1.9889369449294955e-17	5.0777451357245516e-17
3865.499999999999	2.1401211348009445e-17	5.161457137203898e-17
3865.749999999999	2.3031756910230096e-17	5.189205738032602e-17
3865.999999999999	2.436170869782576e-17	5.1556473514535706e-17
3866.249999999999	2.529573698643087e-17	5.038596662565887e-17
3866.499999999999	2.5974944507540262e-17	4.9483201557453196e-17
3866.749999999999	2.6601228508267246e-17	4.9558670207820084e-17
3866.999999999999	2.7346771323323113e-17	5.033641850696694e-17
3867.249999999999	2.836846270576874e-17	5.159567856684827e-17
3867.499999999999	2.981223610271574e-17	4.9681625642792416e-17
3867.749999999999	3.1724952187744075e-17	4.661363591189039e-17
3867.999999999999	3.39375093848631e-17	5.384908068284278e-17
3868.249999999999	3.606147168504884e-17	5.0373247896560254e-17
3868.499999999999	3.7659186892158794e-17	4.9492552007097496e-17
3868.749999999999	3.848836388408814e-17	5.1199551697663975e-17
3868.999999999999	3.8633779387814296e-17	4.997122819269213e-17
3869.249999999999	3.8397622237561324e-17	4.88538262991412e-17
3869.4999999999995	3.799809599086108e-17	4.8660977411130586e-17
3869.7499999999995	3.73009045761053e-17	4.985160133250471e-17
3869.9999999999995	3.581974472996937e-17	5.263223844477317e-17
3870.2499999999995	3.3020367578088965e-17	4.8630064017278254e-17
3870.4999999999995	2.8713146834281024e-17	4.945471345715687e-17
3870.7499999999995	2.3253831479902645e-17	5.057786591032627e-17
3870.9999999999995	1.7431938910832924e-17	4.78149205369991e-17
3871.2499999999995	1.2138579451738249e-17	4.7481533662915726e-17
3871.499999999999	8.00533930292829e-18	4.6538134174299e-17
3871.749999999999	5.1785883529777326e-18	4.6057165044046365e-17
3871.999999999999	3.309379263807493e-18	4.6387891705279767e-17
3872.249999999999	1.7506335355687043e-18	4.641866613278919e-17
3872.499999999999	-1.1897864315749627e-19	4.782363571193296e-17
3872.749999999999	-2.5730460020085173e-18	4.8592940151386875e-17
3872.999999999999	-5.3612205874680456e-18	4.822611201949921e-17
3873.249999999999	-7.787161264498426e-18	4.6357312492394906e-17
3873.499999999999	-9.040489729773062e-18	4.5547691269885154e-17
3873.749999999999	-8.630228707269668e-18	4.5378453425279255e-17
3873.999999999999	-6.673612632116313e-18	4.5872035405512097e-17
3874.249999999999	-3.860051496094567e-18	4.723810764353117e-17
3874.499999999999	-1.112949775203445e-18	4.911095704691453e-17
3874.749999999999	8.408006825974824e-19	4.7497442000456346e-17
3874.999999999999	1.758104129753383e-18	4.5482075994975e-17
3875.249999999999	1.9106747090360026e-18	4.96213506459169e-17
3875.499999999999	1.8828834251080746e-18	4.665315529283572e-17
3875.749999999999	2.227550492364935e-18	4.7652922177114263e-17
3875.999999999999	3.118406858285976e-18	4.86674228024636e-17
3876.249999999999	4.201307244862435e-18	4.5272372474803004e-17
3876.4999999999995	4.823469722092414e-18	4.858692489397239e-17
3876.7499999999995	4.592796387485457e-18	4.9257943733042756e-17
3876.9999999999995	3.893210743820732e-18	4.783910729811015e-17
3877.2499999999995	3.885224268868778e-18	4.476297480125815e-17
3877.4999999999995	5.859413640030358e-18	4.3326542580335314e-17
3877.7499999999995	1.0357963066568067e-17	4.600922496446524e-17
3877.9999999999995	1.6727307348318624e-17	4.797249182624555e-17
3878.2499999999995	2.3444422575595986e-17	4.849287776704756e-17
3878.4999999999995	2.89477049751082e-17	5.276394214190386e-17
3878.749999999999	3.2351890430646986e-17	4.8100347479166646e-17
3878.999999999999	3.3610248967608967e-17	4.6682708801761016e-17
3879.249999999999	3.3168555856459604e-17	4.904760162943787e-17
3879.499999999999	3.1482318972095706e-17	4.563391988566013e-17
3879.749999999999	2.873441987907238e-17	4.683436409526649e-17
3879.999999999999	2.4855477224588588e-17	4.706681508228369e-17
3880.249999999999	1.976916929345961e-17	4.59462070366785e-17
3880.499999999999	1.3725068362013685e-17	4.484302272349613e-17
3880.749999999999	7.551958843994412e-18	4.7365331330464277e-17
3880.999999999999	2.634684880857196e-18	4.619797434536004e-17
3881.249999999999	4.839542646398764e-19	4.385299010066611e-17
3881.499999999999	2.004050588431244e-18	4.4023217253284625e-17
3881.749999999999	6.8512032323809625e-18	4.3417661487891705e-17
3881.999999999999	1.3357073165699241e-17	4.587320669325947e-17
3882.249999999999	1.9207973198340885e-17	4.821127239931001e-17
3882.499999999999	2.2553497967689845e-17	4.8578590222120305e-17
3882.749999999999	2.2849996537566142e-17	4.6968483159785836e-17
3882.999999999999	2.0868864208151156e-17	4.4700181866598023e-17
3883.249999999999	1.7891582422334426e-17	4.374202547585335e-17
3883.4999999999995	1.4724553979371254e-17	4.4539248915342156e-17
3883.7499999999995	1.1276344910983637e-17	4.45976478665884e-17
3883.9999999999995	6.94642506122016e-18	4.670808339423169e-17
3884.2499999999995	1.4111235194751182e-18	4.5845810471371716e-17
3884.4999999999995	-4.874810412586018e-18	4.2711652908910346e-17
3884.7499999999995	-1.0829373220362114e-17	4.469404749517533e-17
3884.9999999999995	-1.5345937863746645e-17	4.2434305866966216e-17
3885.2499999999995	-1.7817630866958755e-17	4.3757576471369346e-17
3885.499999999999	-1.8199968767485587e-17	4.6051682490946363e-17
3885.749999999999	-1.6660924907358692e-17	4.266368305082717e-17
3885.999999999999	-1.3200406067835434e-17	4.414400878377452e-17
3886.249999999999	-7.61620449749481e-18	4.525702000263402e-17
3886.499999999999	1.0301867418815104e-19	4.49432075305661e-17
3886.749999999999	9.248042260419608e-18	4.2364432266262637e-17
3886.999999999999	1.821628005935986e-17	4.588329829673262e-17
3887.249999999999	2.5029739227478053e-17	4.781046037913621e-17
3887.499999999999	2.8357840017483e-17	4.8185629800320863e-17
3887.749999999999	2.83423011240675e-17	4.698103645276194e-17
3887.999999999999	2.6528130631233835e-17	4.358219102045095e-17
3888.249999999999	2.485370974560478e-17	4.4222716673420165e-17
3888.499999999999	2.4410637154647208e-17	4.4493519062357775e-17
3888.749999999999	2.4856690429454524e-17	4.3123770833696515e-17
3888.999999999999	2.481699301766653e-17	4.584154221941094e-17
3889.249999999999	2.287374797501297e-17	4.509474371006337e-17
3889.499999999999	1.8445534798358826e-17	4.4566549184278857e-17
3889.749999999999	1.2116667394035063e-17	4.4865227559859504e-17
3889.999999999999	5.411837150718148e-18	4.5164415478697484e-17
3890.249999999999	2.2536732956045275e-19	4.1650879800094793e-17
3890.4999999999995	-1.902467675261382e-18	4.102436327797978e-17
3890.7499999999995	-4.656947016430273e-19	4.2314963556909515e-17
3890.9999999999995	3.674188682302179e-18	4.1446430531173737e-17
3891.2499999999995	8.587554130079575e-18	4.471991177856864e-17
3891.4999999999995	1.2160858936413303e-17	4.633648739329327e-17
3891.7499999999995	1.3079624006837534e-17	4.553720923716288e-17
3891.9999999999995	1.1322750533455956e-17	4.1794111086242025e-17
3892.2499999999995	7.959239871434259e-18	4.32678160655665e-17
3892.4999999999995	4.530889635982239e-18	4.372733805689686e-17
3892.749999999999	2.4581578332015518e-18	4.3269784755424376e-17
3892.999999999999	2.685219807444517e-18	4.217572589875969e-17
3893.249999999999	5.517498501250791e-18	4.3715608635810856e-17
3893.499999999999	1.0556385256171274e-17	4.301197571954875e-17
3893.749999999999	1.6755570152610294e-17	4.256617500021942e-17
3893.999999999999	2.271292166390377e-17	4.382642436811336e-17
3894.249999999999	2.7214128221757434e-17	4.8483447908064455e-17
3894.499999999999	2.977699055058716e-17	4.552325304586789e-17
3894.749999999999	3.0768120082040904e-17	4.2526169237073905e-17
3894.999999999999	3.088251246699991e-17	4.1748401085592345e-17
3895.249999999999	3.032326970170442e-17	4.4109310211439145e-17
3895.499999999999	2.837981082077284e-17	4.4405229112496315e-17
3895.749999999999	2.384997108062498e-17	4.6499865490439845e-17
3895.999999999999	1.6056955519782896e-17	4.741967047926411e-17
3896.249999999999	5.693526662118099e-18	4.18826392641199e-17
3896.499999999999	-5.174284046571063e-18	4.120031782915961e-17
3896.749999999999	-1.4000399864981838e-17	3.9152595826837637e-17
3896.999999999999	-1.8975058498064782e-17	3.825991243593776e-17
3897.249999999999	-1.9794073055849772e-17	4.131830025428927e-17
3897.499999999999	-1.7555471863930584e-17	4.339201888890256e-17
3897.7499999999995	-1.396364875165323e-17	4.1883800625699925e-17
3897.9999999999995	-1.0429872558234082e-17	4.082203159142686e-17
3898.2499999999995	-7.59201334900308e-18	4.225609807579779e-17
3898.4999999999995	-5.374051651479546e-18	4.1873669317557375e-17
3898.7499999999995	-3.3533086490235882e-18	4.24652358044308e-17
3898.9999999999995	-1.1304047100405409e-18	4.175850592395529e-17
3899.2499999999995	1.4794698766634501e-18	4.006047287122889e-17
3899.499999999999	4.465016028373531e-18	4.2235901633961697e-17
3899.7499999999995	7.755919360374678e-18	4.115321485635839e-17
3899.999999999999	1.1311309416039734e-17	4.113266438122012e-17
3900.249999999999	1.5046963195524166e-17	4.219168055841461e-17
3900.499999999999	1.8687542311027862e-17	4.2593064987572293e-17
3900.749999999999	2.1772491079074382e-17	4.457592610370276e-17
3900.999999999999	2.39114876855468e-17	4.4415817024336994e-17
3901.249999999999	2.508145690820142e-17	4.2571098379225335e-17
3901.499999999999	2.5654644277287276e-17	4.0314552976903126e-17
3901.749999999999	2.6103691173226352e-17	4.339062922547347e-17
3901.999999999999	2.6640866344584636e-17	4.3522177412649006e-17
3902.249999999999	2.7051211321033933e-17	4.229362891455055e-17
3902.499999999999	2.6748813656063126e-17	4.126829553189922e-17
3902.749999999999	2.4973368898422678e-17	4.305836069957827e-17
3902.999999999999	2.1119436213124313e-17	4.4941523390838945e-17
3903.249999999999	1.5181561146444125e-17	4.431657520316533e-17
3903.499999999999	8.097074411113855e-18	4.096007480077216e-17
3903.749999999999	1.6545563170702569e-18	4.181274250235917e-17
3903.999999999999	-2.1349888090016865e-18	3.9823799954365215e-17
3904.249999999999	-1.9010111520070517e-18	3.9430531821377904e-17
3904.499999999999	2.476984033918449e-18	4.104156532599843e-17
3904.7499999999995	9.803843160750566e-18	4.1487098038809294e-17
3904.9999999999995	1.7994252742806844e-17	4.150359532894605e-17
3905.2499999999995	2.47542260760906e-17	4.33902487223917e-17
3905.4999999999995	2.8294936215420003e-17	4.5479524969965884e-17
3905.7499999999995	2.7880035205347485e-17	4.494210572599018e-17
3905.9999999999995	2.399446697504119e-17	4.157441853299284e-17
3906.249999999999	1.802524051289925e-17	4.15066691321023e-17
3906.4999999999995	1.161260784254046e-17	4.192052413617483e-17
3906.749999999999	6.041121589745295e-18	3.9867177305687496e-17
3906.9999999999995	1.9684970416105576e-18	4.111020477322808e-17
3907.249999999999	-4.868029658700238e-19	4.0136073870493784e-17
3907.499999999999	-1.4871217554601088e-18	3.985213585342883e-17
3907.749999999999	-1.2386029134462464e-18	4.1618285575237754e-17
3907.999999999999	1.3123610016030635e-19	4.11050464749282e-17
3908.249999999999	2.5585501178404466e-18	3.944716807785757e-17
3908.499999999999	5.913530056148914e-18	3.9825669382549585e-17
3908.749999999999	9.854888343323477e-18	4.236747629091683e-17
3908.999999999999	1.3822128475482841e-17	4.2443484263043104e-17
3909.249999999999	1.7239004590840015e-17	4.33153723333434e-17
3909.499999999999	1.9803078365451318e-17	4.282228997020054e-17
3909.749999999999	2.161337053935087e-17	4.148875570875685e-17
3909.999999999999	2.3005354879076817e-17	4.106894831299639e-17
3910.249999999999	2.423498871639109e-17	4.1167157812763583e-17
3910.499999999999	2.530264360230002e-17	4.228419574684499e-17
3910.749999999999	2.6067072578386468e-17	4.2859503171598074e-17
3910.999999999999	2.6513957478573586e-17	4.1101062773098146e-17
3911.249999999999	2.6905804304072665e-17	4.049633087959533e-17
3911.499999999999	2.766056384984411e-17	4.2116089485317066e-17
3911.7499999999995	2.903395512566312e-17	4.2683664425704e-17
3911.9999999999995	3.082650226099128e-17	4.0509856936971796e-17
3912.2499999999995	3.234059425215973e-17	4.194475060195528e-17
3912.4999999999995	3.268028363863359e-17	4.2947832826128936e-17
3912.7499999999995	3.1248942939644294e-17	4.2378110524871813e-17
3912.9999999999995	2.811366245570229e-17	4.0378034125832895e-17
3913.2499999999995	2.3982229182784845e-17	3.932770665379266e-17
3913.499999999999	1.984989541920868e-17	4.105388700840302e-17
3913.7499999999995	1.6602118322464074e-17	4.118141509780155e-17
3913.999999999999	1.479001323362635e-17	3.957773357446539e-17
3914.249999999999	1.4579577066051616e-17	3.8597408743304296e-17
3914.499999999999	1.5775970158879183e-17	4.017020334256772e-17
3914.749999999999	1.7867584909940547e-17	4.0273528127242946e-17
3914.999999999999	2.0090605232284807e-17	3.970936778842463e-17
3915.249999999999	2.1542228106653453e-17	3.977068172414951e-17
3915.499999999999	2.1388811857665246e-17	4.0020467108083373e-17
3915.749999999999	1.9165708817500832e-17	4.1388666854637934e-17
3915.999999999999	1.5024561300471364e-17	4.148747192444617e-17
3916.249999999999	9.717974160290642e-18	3.890040831040492e-17
3916.499999999999	4.2846258871864825e-18	4.0662528008269483e-17
3916.749999999999	-3.366868439925593e-19	3.9972464162775696e-17
3916.999999999999	-3.506667167631346e-18	3.9157876547868175e-17
3917.249999999999	-4.895414006708955e-18	3.892508807116105e-17
3917.499999999999	-4.496169554147026e-18	3.7578292450136914e-17
3917.749999999999	-2.7147836572998555e-18	3.891661443296606e-17
3917.999999999999	-3.6018869838344187e-19	3.9840336949171376e-17
3918.249999999999	1.6306923604598076e-18	3.9581541914005585e-17
3918.499999999999	2.6108891146212466e-18	3.758053576395816e-17
3918.7499999999995	2.4597346651874283e-18	3.8405079324718366e-17
3918.9999999999995	1.465290591223283e-18	3.8451520553029543e-17
3919.2499999999995	1.3397113833369985e-20	3.8557310335930175e-17
3919.4999999999995	-1.6151138103846118e-18	4.0567544512891244e-17
3919.7499999999995	-3.2146739772839763e-18	3.9137266515725804e-17
3919.9999999999995	-4.5340327731090706e-18	3.88556578392658e-17
3920.2499999999995	-5.264723492021893e-18	3.86552253593993e-17
3920.4999999999995	-5.161566088586342e-18	3.761193223128822e-17
3920.749999999999	-4.1463684252895295e-18	3.90404665317224e-17
3920.9999999999995	-2.2865480895322644e-18	3.861229799433025e-17
3921.249999999999	2.898158481217874e-19	3.779132454509382e-17
3921.499999999999	3.4204547831830335e-18	3.7541178510412885e-17
3921.749999999999	6.873504383649529e-18	3.92042549104528e-17
3921.999999999999	1.0367648499837099e-17	3.9689796695131625e-17
3922.249999999999	1.3709778761382257e-17	3.9956846992810695e-17
3922.499999999999	1.6933809615295527e-17	3.994755279144805e-17
3922.749999999999	2.0253501075517533e-17	3.849781288883046e-17
3922.999999999999	2.3810557563865024e-17	3.994472383375312e-17
3923.249999999999	2.7451553445029682e-17	3.992635711543199e-17
3923.499999999999	3.0800639425330526e-17	3.959362205967131e-17
3923.749999999999	3.3613377988837845e-17	4.1636089810742345e-17
3923.999999999999	3.606837565533556e-17	3.932060282669206e-17
3924.249999999999	3.864627982219644e-17	3.910881481137643e-17
3924.499999999999	4.161979024520319e-17	3.978361221148494e-17
3924.749999999999	4.4588601264083934e-17	4.0298651256807407e-17
3924.999999999999	4.652811272434679e-17	4.151493101206048e-17
3925.249999999999	4.6417309272657853e-17	4.210221932080578e-17
3925.499999999999	4.4015399208943116e-17	4.150700000434732e-17
3925.749999999999	4.01914814260748e-17	3.9766989189895073e-17
3925.9999999999995	3.6512956923834685e-17	3.973475892450756e-17
3926.2499999999995	3.4340045826828773e-17	3.809299400576946e-17
3926.4999999999995	3.4055363187261095e-17	3.8436723946232195e-17
3926.7499999999995	3.4973661138950514e-17	4.055861096227567e-17
3926.9999999999995	3.594519255582144e-17	4.08733995074664e-17
3927.2499999999995	3.609757730780614e-17	3.940225878804084e-17
3927.499999999999	3.5087547516249676e-17	3.836453754853592e-17
3927.7499999999995	3.2776564260980574e-17	3.849221783916715e-17
3927.999999999999	2.88770995114034e-17	4.0301440509832935e-17
3928.2499999999995	2.3145454823724645e-17	4.016638176813773e-17
3928.499999999999	1.6036958894409034e-17	4.0134082019578757e-17
3928.749999999999	9.085868429934693e-18	3.868951365015085e-17
3928.999999999999	4.387416837557338e-18	3.4442305164160577e-17
3929.249999999999	3.4084888454969113e-18	3.7103166523731355e-17
3929.499999999999	6.071033754699576e-18	3.765969694857948e-17
3929.749999999999	1.0859550896616797e-17	3.9034034375279186e-17
3929.999999999999	1.5788126544403853e-17	4.140714937824482e-17
3930.249999999999	1.938073337562433e-17	3.7043708781301043e-17
3930.499999999999	2.1019188557286164e-17	3.7989824731049396e-17
3930.749999999999	2.0743411227912414e-17	3.999658144071529e-17
3930.999999999999	1.8990820926302968e-17	4.08328478051166e-17
3931.249999999999	1.650934293046025e-17	3.8232089388853926e-17
3931.499999999999	1.426143079725124e-17	3.647850288618846e-17
3931.749999999999	1.3118792214971102e-17	3.6721482228042237e-17
3931.999999999999	1.346341194968507e-17	3.767164143662475e-17
3932.249999999999	1.499314595117935e-17	3.718514012243536e-17
3932.499999999999	1.688723008922914e-17	3.7798259627349465e-17
3932.749999999999	1.8238024893696944e-17	3.8048620728989665e-17
3932.9999999999995	1.8519184655598128e-17	3.8618309943022286e-17
3933.2499999999995	1.7840690171087157e-17	3.9817572938713916e-17
3933.4999999999995	1.682041887914713e-17	3.6718779001800413e-17
3933.7499999999995	1.6128457404782732e-17	3.691059556840656e-17
3933.9999999999995	1.6023596645203936e-17	3.8580087581277435e-17
3934.2499999999995	1.6212970165070482e-17	4.009089657415859e-17
3934.4999999999995	1.606250150128722e-17	3.892728175414554e-17
3934.749999999999	1.492246172172959e-17	3.786224701081412e-17
3934.9999999999995	1.2396886595891413e-17	3.800657017536992e-17
3935.249999999999	8.572153829109983e-18	3.8601279948571044e-17
3935.499999999999	4.187617034682771e-18	3.719906322650585e-17
3935.749999999999	5.668258321032194e-19	3.665214133165314e-17
3935.999999999999	-8.285878430703736e-19	3.745371574116398e-17
3936.249999999999	9.166373681221837e-19	3.749571004650207e-17
3936.499999999999	5.606981725990281e-18	3.3627065730930364e-17
3936.749999999999	1.1838226027371979e-17	3.800015456253896e-17
3936.999999999999	1.750758134384224e-17	3.9765437399065924e-17
3937.249999999999	2.0748304977164654e-17	3.9072226958521985e-17
3937.499999999999	2.080201229593518e-17	3.634587936421661e-17
3937.749999999999	1.83149925307985e-17	3.831095609717718e-17
3937.999999999999	1.489879734122044e-17	3.712762460008332e-17
3938.249999999999	1.2279699412993669e-17	3.6370347366735927e-17
3938.499999999999	1.1585558036238184e-17	3.7319030885105643e-17
3938.749999999999	1.3110258139802519e-17	3.8441591076956457e-17
3938.999999999999	1.6460863242496082e-17	3.7376430602171923e-17
3939.249999999999	2.0763425108382484e-17	3.671283653627983e-17
3939.499999999999	2.480456286961179e-17	3.710745793674928e-17
3939.749999999999	2.7311086411590994e-17	3.858589769790001e-17
3939.9999999999995	2.751081716737659e-17	3.9856377635610004e-17
3940.2499999999995	2.567165120732366e-17	3.910618768575096e-17
3940.4999999999995	2.3079730060687895e-17	3.725141383311311e-17
3940.7499999999995	2.1316305499565104e-17	3.5566499864901795e-17
3940.9999999999995	2.1352121704684186e-17	3.6255852335068787e-17
3941.2499999999995	2.314878297353525e-17	3.7148416611960456e-17
3941.499999999999	2.5957793961603908e-17	3.751938726435579e-17
3941.7499999999995	2.891588812245961e-17	3.7183664432222566e-17
3941.999999999999	3.1427452175908856e-17	3.7815428588143616e-17
3942.2499999999995	3.3155865692734726e-17	3.945747474828998e-17
3942.499999999999	3.380586732397205e-17	3.8897208775795565e-17
3942.749999999999	3.302627076062002e-17	3.67310940667601e-17
3942.999999999999	3.0660510100480267e-17	4.02416518951576e-17
3943.249999999999	2.7225797889742782e-17	3.848487909277258e-17
3943.499999999999	2.4116995450986156e-17	3.598416982595942e-17
3943.749999999999	2.3076005358301623e-17	3.441580891477928e-17
3943.999999999999	2.5111182301551423e-17	3.550275401817601e-17
3944.249999999999	2.9699008229590994e-17	3.798660534410534e-17
3944.499999999999	3.4975924604077254e-17	3.9171111437669024e-17
3944.749999999999	3.8786704429370573e-17	3.8708475938513016e-17
3944.999999999999	3.978530435411803e-17	3.62787056810324e-17
3945.249999999999	3.79243846605835e-17	3.7272870898202734e-17
3945.499999999999	3.429342419159183e-17	3.84649274963978e-17
3945.749999999999	3.0623491283278164e-17	3.734000487671754e-17
3945.999999999999	2.8666066356941447e-17	3.336567665736361e-17
3946.249999999999	2.9503575811410885e-17	3.659969808081728e-17
3946.499999999999	3.297389604014945e-17	3.68464890709337e-17
3946.749999999999	3.756700899966194e-17	3.803642146931573e-17
3946.9999999999995	4.1018935776773115e-17	4.027111606857674e-17
3947.2499999999995	4.1393391219019225e-17	4.081767731268238e-17
3947.4999999999995	3.8057854217050393e-17	3.935619475408899e-17
3947.7499999999995	3.197567145794962e-17	3.7362103833962505e-17
3947.9999999999995	2.5183749003948288e-17	3.565967018037732e-17
3948.2499999999995	1.9855095143883748e-17	3.552706981946262e-17
3948.4999999999995	1.7499291378758933e-17	3.6979281337750513e-17
3948.749999999999	1.8556843887805783e-17	3.604873292713041e-17
3948.9999999999995	2.2309431554436994e-17	3.5627678143006217e-17
3949.249999999999	2.7031356639698857e-17	3.811605249252499e-17
3949.499999999999	3.048595988603012e-17	3.941905386319812e-17
3949.749999999999	3.079024733787043e-17	4.010653359645829e-17
3949.999999999999	2.729630543591866e-17	3.879384097772849e-17
3950.249999999999	2.0931875572179744e-17	3.560179069855576e-17
3950.499999999999	1.3739958415505193e-17	3.581974948124103e-17
3950.749999999999	7.90887689771682e-18	3.569322062602247e-17
3950.999999999999	4.879982863625337e-18	3.56289950145414e-17
3951.249999999999	4.970404066080333e-18	3.5879710149483774e-17
3951.499999999999	7.569137428751151e-18	3.7089127614375105e-17
3951.749999999999	1.1647826664703696e-17	3.656272972488106e-17
3951.999999999999	1.622450870708707e-17	3.640532387175712e-17
3952.249999999999	2.0550461722592596e-17	3.6408056876500994e-17
3952.499999999999	2.4057593841083706e-17	3.60618321593108e-17
3952.749999999999	2.6296677773195853e-17	3.607777689279837e-17
3952.999999999999	2.7038030359584274e-17	3.61094546015367e-17
3953.249999999999	2.6447077904326463e-17	3.656774243939313e-17
3953.499999999999	2.5072474366260214e-17	3.717764917480808e-17
3953.749999999999	2.3535635876887385e-17	3.4981868460284016e-17
3953.999999999999	2.2158664675957587e-17	3.741722384126059e-17
3954.2499999999995	2.088548219808969e-17	3.8119000564228127e-17
3954.4999999999995	1.9544070243717677e-17	3.6266913394219846e-17
3954.7499999999995	1.8126459158460425e-17	3.506615485598072e-17
3954.9999999999995	1.6795862518356558e-17	3.5682109936034656e-17
3955.2499999999995	1.569868956857002e-17	3.694649189826891e-17
3955.4999999999995	1.4876973853102937e-17	3.744122862263688e-17
3955.7499999999995	1.4418026620932055e-17	3.496399143288552e-17
3955.999999999999	1.4678363435803435e-17	3.7006942257434286e-17
3956.2499999999995	1.6276120600298862e-17	3.5814223914749175e-17
3956.499999999999	1.9674021721132758e-17	3.4177243408674084e-17
3956.749999999999	2.4549647583182518e-17	3.477837210342862e-17
3956.999999999999	2.9523503206355873e-17	3.6066785316818766e-17
3957.249999999999	3.27222909982653e-17	3.8470132116811986e-17
3957.499999999999	3.294751566278598e-17	3.867126273711548e-17
3957.749999999999	3.052015713733055e-17	3.587200413489723e-17
3957.999999999999	2.7016029865356792e-17	3.2677746937850207e-17
3958.249999999999	2.4078967750841164e-17	3.455108272343375e-17
3958.499999999999	2.2322644638784203e-17	3.601601958826516e-17
3958.749999999999	2.11745445596325e-17	3.6295877950549e-17
3958.999999999999	1.9622513898291237e-17	3.648333362096577e-17
3959.249999999999	1.7142655840047716e-17	3.4549276160975934e-17
3959.499999999999	1.415825049995239e-17	3.507072420168446e-17
3959.749999999999	1.1891458710472665e-17	3.61164591669638e-17
3959.999999999999	1.1840222874613557e-17	3.492293018727839e-17
3960.249999999999	1.5160867964232135e-17	3.397546427877035e-17
3960.499999999999	2.215055212438666e-17	3.5389149032847975e-17
3960.749999999999	3.19570163841322e-17	3.658563601040388e-17
3960.999999999999	4.2612233250536436e-17	3.633746528302572e-17
3961.2499999999995	5.1478705638497e-17	3.668472893906528e-17
3961.4999999999995	5.612915301575972e-17	4.050418578669213e-17
3961.7499999999995	5.5419152798844276e-17	4.0063073527074754e-17
3961.9999999999995	5.017722482529868e-17	3.567776558345753e-17
3962.2499999999995	4.294068594981631e-17	3.641099171331433e-17
3962.4999999999995	3.670341969019985e-17	3.512401117674513e-17
3962.749999999999	3.33486481467798e-17	3.3540062874102037e-17
3962.9999999999995	3.274643145993238e-17	3.417762722047831e-17
3963.249999999999	3.313021799226649e-17	3.971095266647828e-17
3963.4999999999995	3.2514074006728924e-17	3.708831366865235e-17
3963.749999999999	3.015852790409451e-17	3.556641052939564e-17
3963.999999999999	2.7076028836527553e-17	3.48989187884572e-17
3964.249999999999	2.5333140149862653e-17	3.456728553727244e-17
3964.499999999999	2.6761321336221266e-17	3.264427259282141e-17
3964.749999999999	3.193623598682412e-17	3.5285850717952353e-17
3964.999999999999	3.991280159426482e-17	3.680463704066097e-17
3965.249999999999	4.868003723048785e-17	3.627043718362932e-17
3965.499999999999	5.599528075730819e-17	3.724502469006175e-17
3965.749999999999	6.020675204325136e-17	3.722722376327961e-17
3965.999999999999	6.074474651523273e-17	3.720306016322571e-17
3966.249999999999	5.809710903356287e-17	3.693898771575183e-17
3966.499999999999	5.3326380299649006e-17	3.5129864306759554e-17
3966.749999999999	4.7462111736684365e-17	3.6037612310975246e-17
3966.999999999999	4.116511730863897e-17	3.582445117584278e-17
3967.249999999999	3.479963493707796e-17	3.487210159299823e-17
3967.499999999999	2.872182435088841e-17	3.394985145828326e-17
3967.749999999999	2.3517625565853656e-17	3.489048485493161e-17
3967.999999999999	2.0057765178598123e-17	3.5511452649497616e-17
3968.2499999999995	1.9325407295643572e-17	3.415279525848947e-17
3968.4999999999995	2.200091281389715e-17	3.1315466495759076e-17
3968.7499999999995	2.7941353456450134e-17	3.612316594737038e-17
3968.9999999999995	3.5896137696298515e-17	3.51134001038473e-17
3969.2499999999995	4.374231078630123e-17	3.61601276858617e-17
3969.4999999999995	4.916827272762997e-17	3.87355710666578e-17
3969.7499999999995	5.04365876575518e-17	3.746874726725529e-17
3969.999999999999	4.6889021381179926e-17	3.636586073909344e-17
3970.2499999999995	3.9100283007996694e-17	3.5100744240475237e-17
3970.499999999999	2.874891437978385e-17	3.4197072582318205e-17
3970.749999999999	1.8250914210498835e-17	3.419338335678622e-17
3970.999999999999	1.0156695588619872e-17	3.4295788316620284e-17
3971.249999999999	6.42248569778272e-18	3.255206180685645e-17
3971.499999999999	7.8478797191579e-18	3.2502914043581e-17
3971.749999999999	1.3947592745414245e-17	3.5473690200173345e-17
3971.999999999999	2.324261525976196e-17	3.385381578916585e-17
3972.249999999999	3.372750049356705e-17	3.448699276957314e-17
3972.499999999999	4.333757798185497e-17	3.7016775780556317e-17
3972.749999999999	5.03995593206187e-17	3.926763348898661e-17
3972.999999999999	5.402288608837328e-17	3.555628583869799e-17
3973.249999999999	5.429477651331014e-17	3.6517449858149907e-17
3973.499999999999	5.2201199578720114e-17	3.743907464432179e-17
3973.749999999999	4.929243690636796e-17	3.7017847806630186e-17
3973.999999999999	4.7103915111304177e-17	3.415950865634095e-17
3974.249999999999	4.643560009625994e-17	3.5259993052003946e-17
3974.499999999999	4.688361654833467e-17	3.589451999117092e-17
3974.749999999999	4.7084492647529374e-17	3.676737089970423e-17
3974.999999999999	4.5637863358024874e-17	3.808239285903898e-17
3975.2499999999995	4.2049137780137735e-17	3.582852421317899e-17
3975.4999999999995	3.7001209259180984e-17	3.5472730670662784e-17
3975.7499999999995	3.186541121967539e-17	3.528281992818796e-17
3975.9999999999995	2.794362158771029e-17	3.446407986660542e-17
3976.2499999999995	2.599481975984897e-17	3.2518742971782814e-17
3976.4999999999995	2.6238589037245247e-17	3.4976888832996447e-17
3976.749999999999	2.8613772180161495e-17	3.5796111968056714e-17
3976.9999999999995	3.289651770054756e-17	3.5060338121913246e-17
3977.249999999999	3.8505044498302553e-17	3.39926133872298e-17
3977.4999999999995	4.429072916320598e-17	3.627507601250452e-17
3977.749999999999	4.8802364546914046e-17	3.706252879459785e-17
3977.999999999999	5.1057461871419784e-17	3.666238844508145e-17
3978.249999999999	5.1206034030789243e-17	3.556444183953776e-17
3978.499999999999	5.0436703501231125e-17	3.4938305820504523e-17
3978.749999999999	5.014851626575448e-17	3.592192944794848e-17
3978.999999999999	5.104143453728071e-17	3.5747126332181324e-17
3979.249999999999	5.275365197831159e-17	3.4408417228825504e-17
3979.499999999999	5.4188905707746775e-17	3.716606202878744e-17
3979.749999999999	5.4267420067156346e-17	3.6181111603640945e-17
3979.999999999999	5.26879508150357e-17	3.69424519481572e-17
3980.249999999999	5.028883296043753e-17	3.763224447841007e-17
3980.499999999999	4.8734529559317477e-17	3.3098447688672226e-17
3980.749999999999	4.9610049938359984e-17	3.512998672949021e-17
3980.999999999999	5.341639410822983e-17	3.578857469831513e-17
3981.249999999999	5.908044932867886e-17	3.597696342846286e-17
3981.499999999999	6.43151776742812e-17	3.6900371616035405e-17
3981.749999999999	6.67109722954896e-17	3.860590554255644e-17
3981.999999999999	6.504236209172563e-17	3.848781723830837e-17
3982.249999999999	6.007628196339678e-17	3.654963380142312e-17
3982.4999999999995	5.433277563731681e-17	3.3645161134010574e-17
3982.7499999999995	5.081271982343388e-17	3.4930249081338257e-17
3982.9999999999995	5.1350418088362715e-17	3.393612356883733e-17
3983.2499999999995	5.552877169329749e-17	3.417407365256678e-17
3983.4999999999995	6.084265065255169e-17	3.6301820416069584e-17
3983.7499999999995	6.41237423248271e-17	4.0260236989160444e-17
3983.999999999999	6.343456005625136e-17	3.7106567890410173e-17
3984.2499999999995	5.921730199364696e-17	3.4891533719948325e-17
3984.499999999999	5.391188936252445e-17	3.4094574978255535e-17
3984.749999999999	5.0335467964957235e-17	3.4412010501406434e-17
3984.999999999999	4.998005728780669e-17	3.3686344802348365e-17
3985.249999999999	5.235327415158203e-17	3.5133497284009886e-17
3985.499999999999	5.56577552470428e-17	3.693133794944694e-17
3985.749999999999	5.81466032627762e-17	3.761954229292371e-17
3985.999999999999	5.911406833001515e-17	3.363180051275662e-17
3986.249999999999	5.893659570673464e-17	3.7017060330687035e-17
3986.499999999999	5.84081995261701e-17	3.655432887857997e-17
3986.749999999999	5.805007600172876e-17	3.355367164953976e-17
3986.999999999999	5.786195347273246e-17	3.6926285530265466e-17
3987.249999999999	5.75254853900502e-17	3.410085162474359e-17
3987.499999999999	5.678773555647734e-17	3.539796346945534e-17
3987.749999999999	5.570213386646721e-17	3.652844805157441e-17
3987.999999999999	5.452783892862821e-17	3.255186659223189e-17
3988.249999999999	5.336999062177937e-17	3.547528500439435e-17
3988.499999999999	5.1918625257249534e-17	3.5901597348491927e-17
3988.749999999999	4.961830111326488e-17	3.547209870467479e-17
3988.999999999999	4.622613934545654e-17	3.4882510833826597e-17
3989.249999999999	4.23235682574193e-17	3.414005667705615e-17
3989.4999999999995	3.9290238821841975e-17	3.3993156017711633e-17
3989.7499999999995	3.859072927964162e-17	3.2874883930156295e-17
3989.9999999999995	4.0769382472169395e-17	3.187740337309085e-17
3990.2499999999995	4.4915838271590073e-17	3.457671208753309e-17
3990.4999999999995	4.913014928879645e-17	3.710257757113522e-17
3990.7499999999995	5.1698933728626925e-17	3.5891456114182027e-17
3990.9999999999995	5.203887140964071e-17	3.3817257714813457e-17
3991.249999999999	5.0716829343068845e-17	3.46017392641465e-17
3991.4999999999995	4.8751895739115553e-17	3.3967467096608186e-17
3991.749999999999	4.693474597812006e-17	3.364152484803779e-17
3991.999999999999	4.559563843736855e-17	3.407019961996482e-17
3992.249999999999	4.466577497138574e-17	3.494920475225552e-17
3992.499999999999	4.3726827612893676e-17	3.3983980930357195e-17
3992.749999999999	4.2056159702301484e-17	3.502704244789676e-17
3992.999999999999	3.8917176657378806e-17	3.5705813623667976e-17
3993.249999999999	3.414358967400311e-17	3.5264168659736113e-17
3993.499999999999	2.8635899424434e-17	3.3296216646966305e-17
3993.749999999999	2.4247200701792658e-17	3.210076199081487e-17
3993.999999999999	2.2906532075335705e-17	3.163435785678807e-17
3994.249999999999	2.5426811074808053e-17	3.1939729777885495e-17
3994.499999999999	3.079575986983559e-17	3.275939959047654e-17
3994.749999999999	3.654817718381379e-17	3.5916407190179076e-17
3994.999999999999	4.010283386688024e-17	3.595717065076569e-17
3995.249999999999	4.018220116443569e-17	3.5005423255407076e-17
3995.499999999999	3.7308839604697026e-17	3.403152396324429e-17
3995.749999999999	3.3131371032886634e-17	3.2003657604346043e-17
3995.999999999999	2.9309307738375015e-17	3.3959337565548015e-17
3996.249999999999	2.6891774485484486e-17	3.512090759508683e-17
3996.4999999999995	2.6400904479236674e-17	3.452109246314503e-17
3996.7499999999995	2.808341226842645e-17	3.224510500770537e-17
3996.9999999999995	3.187304261783538e-17	3.242852734545533e-17
3997.2499999999995	3.7234300253160304e-17	3.4237177607137226e-17
3997.4999999999995	4.328991938593092e-17	3.537426309054447e-17
3997.7499999999995	4.9200940529045684e-17	3.3716629538935156e-17
3997.999999999999	5.436578511060284e-17	3.526034046786122e-17
3998.2499999999995	5.82207971654022e-17	3.509924869792774e-17
3998.499999999999	5.995716731277354e-17	3.556846193731477e-17
3998.7499999999995	5.863641570068082e-17	3.7204535853438504e-17
3998.999999999999	5.379846460847573e-17	3.6000753142879883e-17
3999.249999999999	4.6129278861739107e-17	3.431384401503109e-17
3999.499999999999	3.759294265144586e-17	3.300620381548276e-17
3999.749999999999	3.076868770879641e-17	3.224837402548618e-17
3999.999999999999	2.7687967824688596e-17	3.173985316339063e-17
4000.249999999999	2.883981260930833e-17	3.165076250269622e-17
4000.499999999999	3.296666488758077e-17	3.395206168488e-17
4000.749999999999	3.781255763194387e-17	3.5985033402518925e-17
4000.999999999999	4.135590833029564e-17	3.541711104627472e-17
4001.249999999999	4.271529365324213e-17	3.469195158175153e-17
4001.499999999999	4.221453969600642e-17	3.280369014919508e-17
4001.749999999999	4.080694318002468e-17	3.348782145533564e-17
4001.999999999999	3.945924474836318e-17	3.643423879724952e-17
4002.249999999999	3.88188965963935e-17	3.282645746837499e-17
4002.499999999999	3.904813007311289e-17	3.2167313634178435e-17
4002.749999999999	3.973814229961376e-17	3.380403936862486e-17
4002.999999999999	4.0091346535942276e-17	3.5906858217187764e-17
4003.249999999999	3.942940496273401e-17	3.5369928664134693e-17
4003.4999999999995	3.764313421029e-17	3.248768068542022e-17
4003.7499999999995	3.516862566702367e-17	3.355785387471683e-17
4003.9999999999995	3.258018620088766e-17	3.480239342841716e-17
4004.2499999999995	3.024798084521166e-17	3.272586899716609e-17
4004.4999999999995	2.831009482493633e-17	3.3418550042118e-17
4004.7499999999995	2.6846283698898896e-17	3.324946109002236e-17
4004.9999999999995	2.6045659563041302e-17	3.3377038810257636e-17
4005.249999999999	2.6239456877753058e-17	3.387203692369917e-17
4005.4999999999995	2.772830094436191e-17	3.311405824119233e-17
4005.749999999999	3.046278559500988e-17	3.337246946455389e-17
4005.999999999999	3.3858596557484795e-17	3.41845391416768e-17
4006.249999999999	3.7022724382146474e-17	3.4971115112320827e-17
4006.499999999999	3.9264306977937625e-17	3.4908408204444407e-17
4006.749999999999	4.040117471333617e-17	3.32634007377051e-17
4006.999999999999	4.0588529669280774e-17	3.378066324451411e-17
4007.249999999999	3.9974779001091556e-17	3.514903173591363e-17
4007.499999999999	3.865839740756008e-17	3.576091377863136e-17
4007.749999999999	3.694658818677866e-17	3.156275710296548e-17
4007.999999999999	3.545908642377064e-17	3.368036594088083e-17
4008.249999999999	3.478580630829602e-17	3.415908844858977e-17
4008.499999999999	3.496721720475709e-17	3.219075924146064e-17
4008.749999999999	3.5349976097895293e-17	3.6009382291030036e-17
4008.999999999999	3.5052838057489646e-17	3.585675754184665e-17
4009.249999999999	3.36544563946476e-17	3.4604379624661767e-17
4009.499999999999	3.143962192931687e-17	3.308448487993233e-17
4009.749999999999	2.899056955529341e-17	3.19531069427517e-17
4009.999999999999	2.6625746096318614e-17	3.5047037057663394e-17
4010.249999999999	2.429894157177534e-17	3.4549454831988246e-17
4010.499999999999	2.1956004856696223e-17	3.264438178066227e-17
4010.7499999999995	1.9839027437354773e-17	3.1441317062875344e-17
4010.9999999999995	1.8427234504815126e-17	3.2273076947299465e-17
4011.2499999999995	1.8194390808675028e-17	3.236397417045169e-17
4011.4999999999995	1.9471218643897128e-17	3.211151203005561e-17
4011.7499999999995	2.2443003562361e-17	3.217407997158912e-17
4011.999999999999	2.714488581072292e-17	3.3968085827706376e-17
4012.2499999999995	3.339110099813806e-17	3.387115018608251e-17
4012.499999999999	4.067648692931466e-17	3.462377204694246e-17
4012.7499999999995	4.810010098723077e-17	3.5001518962915826e-17
4012.999999999999	5.438706383224424e-17	3.2916070907216535e-17
4013.249999999999	5.815809499242172e-17	3.5819051340804035e-17
4013.499999999999	5.851662230386723e-17	3.6724426991022925e-17
4013.749999999999	5.567051666853626e-17	3.6057726034750086e-17
4013.999999999999	5.1013091827615196e-17	3.423738936537404e-17
4014.249999999999	4.63772538190884e-17	3.3159874120960414e-17
4014.499999999999	4.297423680925264e-17	3.2845102119381935e-17
4014.749999999999	4.09767620835177e-17	3.4859108239936246e-17
4014.999999999999	4.012173124444554e-17	3.696067639141297e-17
4015.249999999999	4.059794161499457e-17	3.247765194767363e-17
4015.499999999999	4.313511239457491e-17	3.1819904394351064e-17
4015.749999999999	4.810616446171854e-17	3.273582494301878e-17
4015.999999999999	5.4577948905526593e-17	3.444207686231151e-17
4016.249999999999	6.033156530084083e-17	3.6168015680183006e-17
4016.499999999999	6.29471563690932e-17	3.4816802914687834e-17
4016.749999999999	6.117305542975729e-17	3.604985458404103e-17
4016.999999999999	5.56690686501881e-17	3.576577760063317e-17
4017.249999999999	4.8660835599661703e-17	3.2407248951378016e-17
4017.499999999999	4.2676877020587084e-17	3.1664086728003225e-17
4017.7499999999995	3.912220182659341e-17	3.142717558312314e-17
4017.9999999999995	3.7644676602818486e-17	3.3813015932632285e-17
4018.2499999999995	3.6735787602607545e-17	3.644075698047644e-17
4018.4999999999995	3.5020992314581967e-17	3.4295182820411895e-17
4018.7499999999995	3.214451095636315e-17	3.209075972284788e-17
4018.9999999999995	2.865492715504686e-17	3.290505947890223e-17
4019.249999999999	2.5311798580173708e-17	3.387688089336628e-17
4019.4999999999995	2.2626867330543995e-17	3.2468685309833555e-17
4019.749999999999	2.0895486644149532e-17	3.3596387256372e-17
4019.999999999999	2.0288308360319715e-17	3.191827933024077e-17
4020.249999999999	2.0621431965215308e-17	3.193548137825942e-17
4020.499999999999	2.1059463779435246e-17	3.4136238411348606e-17
4020.749999999999	2.035706173544775e-17	3.311484902585793e-17
4020.999999999999	1.779590442230613e-17	3.4699015704182733e-17
4021.249999999999	1.414857071564122e-17	3.2952701773462833e-17
4021.499999999999	1.1694093272494591e-17	2.91397697265078e-17
4021.749999999999	1.2959434818915613e-17	2.8288451983680474e-17
4021.999999999999	1.8964692929965953e-17	3.075158078090413e-17
4022.249999999999	2.829487919715331e-17	3.254053090911746e-17
4022.499999999999	3.775955415180352e-17	3.4487532091332526e-17
4022.749999999999	4.419502802513889e-17	3.6704323193415437e-17
4022.999999999999	4.61282542884538e-17	3.35652257083359e-17
4023.249999999999	4.421272415890569e-17	3.2451685093884365e-17
4023.499999999999	4.0360722504194124e-17	3.2547753850226273e-17
4023.749999999999	3.646065246030902e-17	3.3168443712106464e-17
4023.999999999999	3.366394722062324e-17	3.3473726297697734e-17
4024.249999999999	3.2465512795127213e-17	3.277716743003418e-17
4024.499999999999	3.303781410857934e-17	3.25434988331553e-17
4024.7499999999995	3.526582149311837e-17	3.264001426702799e-17
4024.9999999999995	3.852286345890842e-17	3.2559946492455305e-17
4025.2499999999995	4.167602440854746e-17	3.414976446872507e-17
4025.4999999999995	4.362790129882869e-17	3.5034592952528146e-17
4025.7499999999995	4.408675649418805e-17	3.46625866700059e-17
4025.9999999999995	4.38536862814515e-17	3.266296687466511e-17
4026.2499999999995	4.423368482608299e-17	3.035089118346099e-17
4026.499999999999	4.6009520399611655e-17	3.257312182525205e-17
4026.7499999999995	4.888078383582517e-17	3.460192786132616e-17
4026.999999999999	5.1787226995704636e-17	3.5021761726866223e-17
4027.249999999999	5.365923864298736e-17	3.32930138036345e-17
4027.499999999999	5.3899353612292413e-17	3.450552823273923e-17
4027.749999999999	5.2427834455876606e-17	3.4887000770191534e-17
4027.999999999999	4.9582949804090525e-17	3.449427195896361e-17
4028.249999999999	4.6032481350035294e-17	3.3871954205637913e-17
4028.499999999999	4.255512287026631e-17	3.206099776440822e-17
4028.749999999999	3.963838427432063e-17	3.2931029641413944e-17
4028.999999999999	3.716703549160895e-17	3.35035742829211e-17
4029.249999999999	3.452680499578711e-17	3.306031466243353e-17
4029.499999999999	3.109770220646647e-17	3.4434321216888215e-17
4029.749999999999	2.674822330847039e-17	3.1621510087513895e-17
4029.999999999999	2.1956472660383348e-17	3.166303786298651e-17
4030.249999999999	1.7531115363446302e-17	3.307341058589147e-17
4030.499999999999	1.4200296707949216e-17	3.0464198383768504e-17
4030.749999999999	1.2330222346581162e-17	3.075722215268174e-17
4030.999999999999	1.1851383107388087e-17	3.1331808275940673e-17
4031.249999999999	1.2342101520211268e-17	3.173636246120566e-17
4031.499999999999	1.3193164865813813e-17	3.17011245671109e-17
4031.749999999999	1.3796605862781597e-17	3.2460747684675496e-17
4031.9999999999995	1.3744977371843856e-17	3.234728166569037e-17
4032.2499999999995	1.3042852727150984e-17	3.194074886440016e-17
4032.4999999999995	1.2244477742751175e-17	3.149865391421507e-17
4032.7499999999995	1.2325293368675417e-17	3.112089045462945e-17
4032.9999999999995	1.4198583819873673e-17	3.0298391684343475e-17
4033.249999999999	1.813211635083496e-17	3.1210943953556875e-17
4033.4999999999995	2.3544533386610873e-17	3.3115279159776455e-17
4033.749999999999	2.939930866944925e-17	3.46290660028628e-17
4033.9999999999995	3.4854792352698865e-17	3.1991653559296674e-17
4034.249999999999	3.9602143201427866e-17	3.2453273280660467e-17
4034.499999999999	4.368893524275e-17	3.277356092256345e-17
4034.749999999999	4.712412456633949e-17	3.141393076715494e-17
4034.999999999999	4.966380673736912e-17	3.2315369037658076e-17
4035.249999999999	5.092214603568428e-17	3.3398681163804473e-17
4035.499999999999	5.067552802466888e-17	3.459649824778536e-17
4035.749999999999	4.909741632240355e-17	3.4837429490442457e-17
4035.999999999999	4.671341171071312e-17	3.2450153155389917e-17
4036.249999999999	4.4113443791192634e-17	3.328800770656733e-17
4036.499999999999	4.170811980165704e-17	3.333534228994006e-17
4036.749999999999	3.975282320104144e-17	3.287014253088514e-17
4036.999999999999	3.851404761090219e-17	3.266239446568122e-17
4037.249999999999	3.824704864138483e-17	3.182792804629283e-17
4037.499999999999	3.887074173112163e-17	3.100075735990715e-17
4037.749999999999	3.9643546046776345e-17	3.2097615395764717e-17
4037.999999999999	3.9304208440234795e-17	3.434795363477033e-17
4038.249999999999	3.681071993476853e-17	3.3318527362448085e-17
4038.499999999999	3.222743235578011e-17	3.22034746618368e-17
4038.749999999999	2.7027847118123804e-17	3.1692667472528157e-17
4038.9999999999995	2.343715618870666e-17	3.130947109067929e-17
4039.2499999999995	2.3183504231423798e-17	3.0279214329022045e-17
4039.4999999999995	2.6536117291512e-17	3.1771130516712487e-17
4039.7499999999995	3.231931110701197e-17	3.2869560195733903e-17
4039.9999999999995	3.880043568966487e-17	3.319800714719911e-17
4040.2499999999995	4.464233206844541e-17	3.274488422508746e-17
4040.499999999999	4.9195964467495836e-17	3.3181705071686914e-17
4040.7499999999995	5.2178502546845324e-17	3.369888816915712e-17
4040.999999999999	5.333330551342975e-17	3.4230735524526664e-17
4041.249999999999	5.2439370485147753e-17	3.421928734484893e-17
4041.499999999999	4.9504994534207714e-17	3.200488514037507e-17
4041.749999999999	4.485912201983727e-17	3.41244891379279e-17
4041.999999999999	3.910444670297297e-17	3.326725209063715e-17
4042.249999999999	3.302932328214883e-17	3.1516524324168665e-17
4042.499999999999	2.7496823393044313e-17	3.163892389376936e-17
4042.749999999999	2.3292044305904305e-17	3.262713341052931e-17
4042.999999999999	2.0961801287437627e-17	3.145346669171252e-17
4043.249999999999	2.069730694018987e-17	3.0970399831426455e-17
4043.499999999999	2.2294764676402514e-17	3.2165106716304143e-17
4043.749999999999	2.5218474659063922e-17	3.3324473136691116e-17
4043.999999999999	2.873780865771333e-17	3.194965594523613e-17
4044.249999999999	3.206288909359289e-17	3.2213152675003673e-17
4044.499999999999	3.4474918542654035e-17	3.354931075335038e-17
4044.749999999999	3.551950367693158e-17	3.400525601571206e-17
4044.999999999999	3.5210079160266276e-17	3.3936848179053923e-17
4045.249999999999	3.403022620652401e-17	3.224382453211714e-17
4045.499999999999	3.2656136297923635e-17	3.122367260882284e-17
4045.749999999999	3.163458867947313e-17	3.228952791532192e-17
4045.9999999999995	3.128342408045292e-17	3.2389461259485676e-17
4046.2499999999995	3.1764153493916646e-17	3.110166015974882e-17
4046.4999999999995	3.3084248896343527e-17	3.190817449187782e-17
4046.7499999999995	3.498126393520595e-17	3.3549525820309644e-17
4046.9999999999995	3.689522983478553e-17	3.1157120965459275e-17
4047.249999999999	3.819194975054993e-17	3.3034652211109687e-17
4047.4999999999995	3.853653602279858e-17	3.298945175371734e-17
4047.749999999999	3.8118845955819836e-17	3.2262932404267114e-17
4047.9999999999995	3.7489530172966306e-17	3.2470723482862885e-17
4048.249999999999	3.7099053452733205e-17	3.130865714495654e-17
4048.499999999999	3.697210285990116e-17	3.412043595292639e-17
4048.749999999999	3.6857771154153644e-17	3.428898558326265e-17
4048.999999999999	3.667057599301019e-17	3.099462960592936e-17
4049.249999999999	3.6700847527682724e-17	3.256813227179713e-17
4049.499999999999	3.736735597532891e-17	3.1448530077816806e-17
4049.749999999999	3.8821630569749745e-17	3.282072676109122e-17
4049.999999999999	4.0830966351908985e-17	3.413274770916363e-17
4050.249999999999	4.3013954470317143e-17	3.050832350636453e-17
4050.499999999999	4.5152481844062965e-17	3.471376268014333e-17
4050.749999999999	4.726331630001071e-17	3.343046806038366e-17
4050.999999999999	4.932437049768493e-17	3.2176227332459306e-17
4051.249999999999	5.087232233318466e-17	3.393478353624499e-17
4051.499999999999	5.092554596326377e-17	3.2605027835839445e-17
4051.749999999999	4.853592504918776e-17	3.467787958517078e-17
4051.999999999999	4.368527491163903e-17	3.474119529797804e-17
4052.249999999999	3.774625365880593e-17	3.2288184574007133e-17
4052.499999999999	3.2958257787061716e-17	2.964413483320588e-17
4052.749999999999	3.122142921022529e-17	3.182845082443996e-17
4052.9999999999995	3.312150579996624e-17	3.1880010646381617e-17
4053.2499999999995	3.78385480365849e-17	3.184093132552216e-17
4053.4999999999995	4.38238482709991e-17	3.358227224639939e-17
4053.7499999999995	4.966870033252026e-17	3.268447357059149e-17
4053.9999999999995	5.4691524119867584e-17	3.323729491757293e-17
4054.2499999999995	5.905081653934132e-17	3.356366068261695e-17
4054.499999999999	6.337405881659101e-17	3.30629153182794e-17
4054.7499999999995	6.809894047059854e-17	3.238090159450698e-17
4054.999999999999	7.297192086850543e-17	3.4643012267990443e-17
4055.249999999999	7.70993008607205e-17	3.5665893887306167e-17
4055.499999999999	7.94602809945144e-17	3.485870788451977e-17
4055.749999999999	7.937060131221799e-17	3.201761048691859e-17
4055.999999999999	7.655360606478945e-17	3.463169974593317e-17
4056.249999999999	7.098593416947618e-17	3.456842373779531e-17
4056.499999999999	6.28668513950789e-17	3.3906004268373046e-17
4056.749999999999	5.277540985075306e-17	3.3636886019162594e-17
4056.999999999999	4.179447949442461e-17	3.2263071370610023e-17
4057.249999999999	3.140546654704658e-17	3.1512014535469026e-17
4057.499999999999	2.3137413651925264e-17	3.114065345382457e-17
4057.749999999999	1.8082005471039643e-17	3.1046368098883325e-17
4057.999999999999	1.646751749956115e-17	3.1168350769455295e-17
4058.249999999999	1.7528603338011384e-17	3.1168688259145216e-17
4058.499999999999	1.9802159967830417e-17	3.237188532583015e-17
4058.749999999999	2.171771639724994e-17	3.283239993389557e-17
4058.999999999999	2.2166491786687772e-17	3.143469300053002e-17
4059.249999999999	2.0819056187818753e-17	3.249296140645076e-17
4059.499999999999	1.817724341114344e-17	3.2283989113940264e-17
4059.749999999999	1.5399492446544607e-17	3.1132924278180874e-17
4059.999999999999	1.3836169403324473e-17	2.9478500187348264e-17
4060.2499999999995	1.4279455864777308e-17	2.895714479086834e-17
4060.4999999999995	1.6289466879377724e-17	3.125122434066576e-17
4060.7499999999995	1.8208773695557464e-17	3.177756598187815e-17
4060.9999999999995	1.815061680450358e-17	3.194230396395176e-17
4061.2499999999995	1.5430102311917656e-17	3.3549072525333964e-17
4061.4999999999995	1.1304270131657158e-17	3.069130247530616e-17
4061.749999999999	8.215229666721703e-18	2.8624300547266804e-17
4061.9999999999995	7.951610263006887e-18	2.9072165909405066e-17
4062.249999999999	1.0227622107165778e-17	3.171460099365061e-17
4062.499999999999	1.2966856119351999e-17	3.223039773641418e-17
4062.749999999999	1.4092915576310815e-17	3.349538519485682e-17
4062.999999999999	1.325612187007039e-17	3.177460467528521e-17
4063.249999999999	1.2022366688485371e-17	2.893763987202434e-17
4063.499999999999	1.2502696349675858e-17	2.9959432921653945e-17
4063.749999999999	1.5743496760599746e-17	3.21628634024829e-17
4063.999999999999	2.1166168790379026e-17	3.226835209164056e-17
4064.249999999999	2.7188612248690817e-17	3.210392182075482e-17
4064.499999999999	3.220722340447744e-17	3.2804077269721755e-17
4064.749999999999	3.518414887763101e-17	3.385055669755239e-17
4064.999999999999	3.574062839911249e-17	3.3498928836601e-17
4065.249999999999	3.4067958165910397e-17	3.303192913253316e-17
4065.499999999999	3.0877856395180574e-17	3.276749603431221e-17
4065.749999999999	2.7328493727954507e-17	3.238543123554132e-17
4065.999999999999	2.474941149208344e-17	3.094177607350967e-17
4066.249999999999	2.4185328885492985e-17	3.07808232699191e-17
4066.499999999999	2.6057073475761857e-17	3.192795403468519e-17
4066.749999999999	3.018037402634461e-17	3.355941228299088e-17
4066.999999999999	3.5990038076463964e-17	3.043157107168696e-17
4067.2499999999995	4.2649999169905705e-17	3.173487684482551e-17
4067.4999999999995	4.906139673692018e-17	3.416935872307523e-17
4067.7499999999995	5.406629906750293e-17	3.545478085137038e-17
4067.9999999999995	5.688538120192751e-17	3.2723106213920165e-17
4068.2499999999995	5.742284493886598e-17	3.2824816342039685e-17
4068.499999999999	5.615610182788719e-17	3.330392927899775e-17
4068.7499999999995	5.376160468175773e-17	3.3284047165794425e-17
4068.999999999999	5.0813055218507456e-17	3.240265975333957e-17
4069.2499999999995	4.7691089306416204e-17	3.3269409377674686e-17
4069.499999999999	4.462486309529968e-17	3.256810911073998e-17
4069.749999999999	4.177326515198606e-17	3.202231218152034e-17
4069.999999999999	3.9322361820429786e-17	3.249963840835529e-17
4070.249999999999	3.7549893420482454e-17	3.330284070931163e-17
4070.499999999999	3.6740131992126106e-17	3.049408938238372e-17
4070.749999999999	3.692034182315295e-17	3.1656628867600446e-17
4070.999999999999	3.762181962633308e-17	3.4371902167864963e-17
4071.249999999999	3.79386598392194e-17	3.2817510682869617e-17
4071.499999999999	3.6908863163068085e-17	3.388517255182651e-17
4071.749999999999	3.3961705142946116e-17	3.275219319297998e-17
4071.999999999999	2.918406729300863e-17	3.156508313484798e-17
4072.249999999999	2.334920602543401e-17	3.1798543282212494e-17
4072.499999999999	1.7726163868564744e-17	3.0717702771736405e-17
4072.749999999999	1.3656544406166516e-17	3.0179194958074583e-17
4072.999999999999	1.1993981789880503e-17	3.024763257323477e-17
4073.249999999999	1.272666621731555e-17	3.098202999083895e-17
4073.499999999999	1.508339272956166e-17	3.208362611724522e-17
4073.749999999999	1.8029775676867975e-17	3.003605631615596e-17
4073.999999999999	2.071517491451566e-17	3.0694624432646176e-17
4074.2499999999995	2.2569495180119434e-17	3.152482590879625e-17
4074.4999999999995	2.3195879986673257e-17	3.0237848680949493e-17
4074.7499999999995	2.2391933373555824e-17	3.2068707087717213e-17
4074.9999999999995	2.033863388278871e-17	3.256543566300021e-17
4075.2499999999995	1.7627380501046098e-17	3.0843298567224007e-17
4075.4999999999995	1.4888925073097946e-17	2.836904253640029e-17
4075.749999999999	1.230360346188201e-17	3.176886735055654e-17
4075.9999999999995	9.541032956603259e-18	3.2299129827872435e-17
4076.249999999999	6.262983477990552e-18	3.076211244446315e-17
4076.499999999999	2.7040546156664745e-18	2.895059021169447e-17
4076.749999999999	-2.0921030737156567e-19	2.9579922456614616e-17
4076.999999999999	-1.24313282683798e-18	3.0772756604585485e-17
4077.249999999999	5.877706197275925e-19	3.00515179761658e-17
4077.499999999999	5.5690085500701286e-18	3.015741363818484e-17
4077.749999999999	1.3026486559565236e-17	3.13922553263836e-17
4077.999999999999	2.131815308986715e-17	3.006295953839863e-17
4078.249999999999	2.816962976759673e-17	3.108605953339607e-17
4078.499999999999	3.137058065607694e-17	3.2971435759975934e-17
4078.749999999999	2.966219891937135e-17	3.383418513886874e-17
4078.999999999999	2.345621154603228e-17	3.09905731122054e-17
4079.249999999999	1.4951235705457e-17	3.323658354224613e-17
4079.499999999999	7.375602541710403e-18	3.009131528979695e-17
4079.749999999999	3.554477631760167e-18	2.7505674426409293e-17
4079.999999999999	4.5790120963597505e-18	2.956435160876392e-17
4080.249999999999	9.495739395145016e-18	3.180095864960115e-17
4080.499999999999	1.6245364982440805e-17	3.139865108687986e-17
4080.749999999999	2.3061062534129995e-17	3.053849905511047e-17
4080.999999999999	2.9239022298332614e-17	3.018646091257525e-17
4081.2499999999995	3.49158016567244e-17	3.137679366637376e-17
4081.4999999999995	4.0371883925501315e-17	3.066690726468075e-17
4081.7499999999995	4.5553865013559233e-17	3.277965889803919e-17
4081.9999999999995	5.0047774465236333e-17	3.3955420038166964e-17
4082.2499999999995	5.329889991655113e-17	3.2217076819829625e-17
4082.499999999999	5.483033302247547e-17	3.401075842114676e-17
4082.7499999999995	5.4404445158372456e-17	3.270525896502372e-17
4082.999999999999	5.216200641834466e-17	3.2235976242465236e-17
4083.2499999999995	4.866938221781216e-17	3.2762440306408286e-17
4083.499999999999	4.473368534010938e-17	3.162377656239229e-17
4083.749999999999	4.101768266561034e-17	3.2284769972438514e-17
4083.999999999999	3.7756894220962047e-17	3.230156835631824e-17
4084.249999999999	3.489185558019429e-17	3.198471847704103e-17
4084.499999999999	3.255501910819928e-17	3.180070056925003e-17
4084.749999999999	3.141760991545074e-17	3.193634495481893e-17
4084.999999999999	3.240048800515682e-17	2.9915423604343674e-17
4085.249999999999	3.5819826266614535e-17	3.0050849614230856e-17
4085.499999999999	4.0688206588495713e-17	3.27049677974481e-17
4085.749999999999	4.492579033040714e-17	3.356330995803723e-17
4085.999999999999	4.6512979520170784e-17	3.475884402352747e-17
4086.249999999999	4.478110557693836e-17	3.376257776760125e-17
4086.499999999999	4.087137003901074e-17	3.143560951664873e-17
4086.749999999999	3.7030010252499374e-17	2.928082718200524e-17
4086.999999999999	3.526752973195498e-17	2.998478104434502e-17
4087.249999999999	3.629305874359484e-17	3.0876524758069037e-17
4087.499999999999	3.934208185666318e-17	3.173360960412708e-17
4087.749999999999	4.2893159467794014e-17	3.244286073110965e-17
4087.999999999999	4.5753476372736915e-17	3.3630172621311114e-17
4088.249999999999	4.780290834020958e-17	3.153294551368907e-17
4088.4999999999995	4.990799732202487e-17	3.106376205280409e-17
4088.7499999999995	5.3100339920436336e-17	3.1882141463639553e-17
4088.9999999999995	5.767595945288496e-17	3.205054220146555e-17
4089.2499999999995	6.290346094435865e-17	3.420681676993408e-17
4089.4999999999995	6.748611309160247e-17	3.35441259852709e-17
4089.749999999999	7.034205061869118e-17	3.2843980462471313e-17
4089.9999999999995	7.113753178434668e-17	3.3348765776920573e-17
4090.249999999999	7.028641956481683e-17	3.321766757599827e-17
4090.499999999999	6.84878102215882e-17	3.1710729788383865e-17
4090.749999999999	6.613664478264633e-17	3.210340566005259e-17
4090.999999999999	6.304269945192787e-17	3.33476540461773e-17
4091.249999999999	5.869969889899802e-17	3.2665736275355937e-17
4091.499999999999	5.288748848265258e-17	3.4501574309411226e-17
4091.749999999999	4.607261528419582e-17	3.1636177654135685e-17
4091.999999999999	3.9274400275551953e-17	2.9796891931287275e-17
4092.249999999999	3.3578550441904254e-17	3.2392882478499195e-17
4092.499999999999	2.9725577802622074e-17	3.008676248770546e-17
4092.749999999999	2.797539799046005e-17	3.17978517592204e-17
4092.999999999999	2.8141815689654374e-17	3.177491238647308e-17
4093.249999999999	2.967665018573484e-17	3.044608974579849e-17
4093.499999999999	3.184952233897249e-17	3.162038512188082e-17
4093.749999999999	3.407137418465271e-17	3.144644227395072e-17
4093.999999999999	3.618051857563518e-17	3.153564212248599e-17
4094.249999999999	3.8372845959808e-17	3.103942970790523e-17
4094.499999999999	4.07253506326414e-17	3.0044572967742803e-17
4094.749999999999	4.2740711965562194e-17	3.4586221355855e-17
4094.999999999999	4.344938245212873e-17	3.229979818980738e-17
4095.249999999999	4.212081808889432e-17	3.1768916981393295e-17
4095.4999999999995	3.903066057576597e-17	3.329035689950698e-17
4095.7499999999995	3.5607144633075916e-17	3.0873818223104763e-17
4095.9999999999995	3.374065409210884e-17	2.934040734716621e-17
4096.249999999999	3.4696496795109484e-17	3.045495712196506e-17
4096.499999999999	3.838461506547991e-17	3.216454754221006e-17
4096.749999999999	4.343332080290269e-17	3.2640295508436256e-17
4096.999999999999	4.788211047101058e-17	3.1754411542171565e-17
4097.249999999999	4.996062153204713e-17	3.348445317588132e-17
4097.499999999999	4.858839799487226e-17	3.351093619037282e-17
4097.749999999999	4.357730269011156e-17	3.178944429547441e-17
4097.999999999999	3.566438602764353e-17	3.2924018458541944e-17
4098.249999999999	2.6423414308953793e-17	3.0046793120506896e-17
4098.499999999999	1.799884673266702e-17	2.9223305042208305e-17
4098.749999999999	1.2620536240145512e-17	2.970963761155273e-17
4098.999999999999	1.1973794384119535e-17	2.9883924566617655e-17
4099.249999999999	1.6616700044150692e-17	2.748636306782863e-17
4099.499999999999	2.5687004452325022e-17	2.950900660833922e-17
4099.749999999999	3.7087505406837215e-17	3.134016280012746e-17
4099.999999999999	4.814324651859952e-17	3.2089945777125125e-17
4100.249999999999	5.645706122283916e-17	3.441211638052484e-17
4100.499999999999	6.057455683793344e-17	3.1746477225735956e-17
4100.749999999999	6.023560521140249e-17	3.254390911473913e-17
4100.999999999999	5.626629052313184e-17	3.3573735742477846e-17
4101.249999999999	5.0281652766787654e-17	3.0080446136548e-17
4101.499999999999	4.4292355500621924e-17	3.0629406204430045e-17
4101.749999999999	4.022799538244377e-17	3.048846786294081e-17
4101.999999999999	3.9428334229192643e-17	3.022346235573597e-17
4102.249999999999	4.224809649050583e-17	3.020593936163965e-17
4102.499999999999	4.7951825174681667e-17	3.055585661308428e-17
4102.749999999999	5.4983075289666455e-17	3.271914236442481e-17
4102.999999999999	6.151914062789002e-17	3.316147554262632e-17
4103.249999999999	6.610170912303235e-17	3.2434684877935175e-17
4103.499999999999	6.813435056579858e-17	3.208926087157793e-17
4103.749999999999	6.806436502697596e-17	3.467928910093457e-17
4103.999999999999	6.708854031156139e-17	3.1779087994205247e-17
4104.249999999999	6.642299730989482e-17	3.053433337354565e-17
4104.499999999999	6.655786640184512e-17	3.360705126882903e-17
4104.749999999999	6.703714026470332e-17	3.342815195466851e-17
4104.999999999999	6.689045922046908e-17	3.1938780174542284e-17
4105.249999999999	6.533360537713378e-17	3.220627714975213e-17
4105.499999999999	6.228554240903648e-17	3.308536169138164e-17
4105.749999999999	5.850223241291043e-17	3.196284782164513e-17
4105.999999999999	5.531117346988454e-17	2.934766999294443e-17
4106.249999999999	5.404361199248064e-17	3.0610076647875906e-17
4106.499999999999	5.542597321538266e-17	3.1923957097965334e-17
4106.749999999999	5.924297399561292e-17	3.151610080769504e-17
4106.999999999999	6.440688614550109e-17	3.186324865844884e-17
4107.249999999999	6.93768786838268e-17	3.273317465633616e-17
4107.499999999999	7.280081594764572e-17	3.429400160649717e-17
4107.749999999999	7.413422831200216e-17	3.4868746548433714e-17
4107.999999999999	7.384408940507978e-17	3.160802704352928e-17
4108.249999999999	7.297911849496995e-17	3.170274253238905e-17
4108.499999999999	7.242186273734745e-17	3.21698944376896e-17
4108.749999999999	7.244791766012096e-17	3.306981731331054e-17
4108.999999999999	7.286065224000973e-17	3.3836279560179726e-17
4109.249999999999	7.336005239927097e-17	3.1038122762537396e-17
4109.499999999999	7.369538593100387e-17	3.3003712347477753e-17
4109.749999999999	7.359766751968375e-17	3.3414324803549076e-17
4109.999999999999	7.281262099847396e-17	3.270841548624122e-17
4110.249999999999	7.132200174151389e-17	3.422136522254766e-17
4110.499999999999	6.942078690783387e-17	3.20934960363142e-17
4110.749999999999	6.735921860405833e-17	3.1354138843757155e-17
4110.999999999999	6.483232598137607e-17	3.195807333514947e-17
4111.249999999999	6.102171096188754e-17	3.341264728126682e-17
4111.499999999999	5.5476730627783034e-17	3.496118894497019e-17
4111.749999999999	4.911895259257231e-17	3.186179282057075e-17
4111.999999999999	4.421638483632368e-17	2.89213543401244e-17
4112.249999999999	4.3032815983218296e-17	2.8339608141483204e-17
4112.499999999999	4.623285097775217e-17	3.1340894027788956e-17
4112.749999999999	5.2479984307054937e-17	3.151268289740397e-17
4112.999999999999	5.955463538225833e-17	3.360674355764116e-17
4113.249999999999	6.592696331882072e-17	3.36533866180218e-17
4113.499999999999	7.144077392560884e-17	3.0100311706139076e-17
4113.749999999999	7.671029644123158e-17	3.22058139286091e-17
4113.999999999999	8.195737565638682e-17	3.2158588533077225e-17
4114.249999999999	8.635278861288286e-17	3.381933559251219e-17
4114.499999999999	8.837816086961282e-17	3.570949292303261e-17
4114.749999999999	8.688671302623376e-17	3.3598690127197345e-17
4114.999999999999	8.205726576138019e-17	3.461675424662556e-17
4115.249999999999	7.556708693562335e-17	3.261073207334361e-17
4115.499999999999	6.986625695442234e-17	3.09055951935166e-17
4115.749999999999	6.699091742951684e-17	3.2092132842664715e-17
4115.999999999999	6.756704663940402e-17	3.1096144519424316e-17
4116.249999999999	7.049967205310602e-17	3.249220370900966e-17
4116.499999999999	7.350155679260534e-17	3.4024353961694683e-17
4116.749999999999	7.424529228720532e-17	3.4617300185829845e-17
4116.999999999999	7.159189504527736e-17	3.290971154266723e-17
4117.249999999999	6.620394935933406e-17	3.352119653869093e-17
4117.499999999999	6.011163468477147e-17	3.10241599537975e-17
4117.749999999999	5.545049132712856e-17	2.964880674930558e-17
4117.999999999999	5.318907130928111e-17	3.243145887354622e-17
4118.249999999999	5.267727126803973e-17	3.1156684214095847e-17
4118.499999999999	5.223019940507334e-17	3.2864759239458646e-17
4118.749999999999	5.0257161662818734e-17	3.34256604866635e-17
4118.999999999999	4.619014711626105e-17	3.239625737539841e-17
4119.249999999999	4.0720111235630514e-17	3.1361626482661985e-17
4119.499999999999	3.533093320806587e-17	3.049257067877907e-17
4119.749999999999	3.1526784189097037e-17	3.069437627846241e-17
4119.999999999999	3.024295758292428e-17	3.11497094271708e-17
4120.249999999999	3.166030644640825e-17	3.1180186069659703e-17
4120.499999999999	3.5293390669994496e-17	3.1361623173939535e-17
4120.749999999999	4.0160609477366e-17	3.1667848745429116e-17
4120.999999999999	4.5036901197651287e-17	3.1851264465734174e-17
4121.249999999999	4.884556269874402e-17	3.2082640117955057e-17
4121.499999999999	5.102919596912988e-17	3.352746325901163e-17
4121.749999999999	5.1606001307956465e-17	2.980129584086851e-17
4121.999999999999	5.086062237749934e-17	3.1968899475006565e-17
4122.249999999999	4.8979240142817484e-17	3.3757842985775e-17
4122.499999999999	4.59687405564887e-17	3.0522239992990125e-17
4122.749999999999	4.1900531714814925e-17	3.20996634949614e-17
4122.999999999999	3.7250245772081705e-17	3.145561074386026e-17
4123.249999999999	3.304717798007888e-17	3.094797661938137e-17
4123.499999999999	3.06453514314954e-17	3.058641597363444e-17
4123.749999999999	3.1153317704049164e-17	2.914132151733695e-17
4123.999999999999	3.48410331693258e-17	3.055806353095857e-17
4124.249999999999	4.0924363871555513e-17	3.149519299053215e-17
4124.499999999999	4.785915544534705e-17	3.231747007641396e-17
4124.749999999999	5.3908189296774146e-17	3.314466392385679e-17
4124.999999999999	5.765649876396837e-17	3.171064376160016e-17
4125.249999999999	5.835322931697182e-17	3.352610999152949e-17
4125.499999999999	5.610787160422617e-17	3.3190929789878105e-17
4125.749999999999	5.188532973321396e-17	3.1105028439203135e-17
4125.999999999999	4.715904775131702e-17	3.2089664535716857e-17
4126.249999999999	4.3260735864412656e-17	2.864233970206536e-17
4126.499999999999	4.0782248161743997e-17	3.005592850319193e-17
4126.749999999999	3.9447506141511557e-17	3.2442629120538134e-17
4126.999999999999	3.852324636375872e-17	3.239719043512937e-17
4127.249999999999	3.739957542158713e-17	3.100881079035097e-17
4127.499999999999	3.590085775133931e-17	3.183296392186205e-17
4127.749999999999	3.4210619315678275e-17	3.156201925785908e-17
4127.999999999999	3.259986074177038e-17	3.01786953409846e-17
4128.249999999999	3.117165714325031e-17	3.0250325873309243e-17
4128.499999999999	2.9737075090406246e-17	3.0311487607801414e-17
4128.749999999999	2.789991002595787e-17	3.1079567819948753e-17
4128.999999999999	2.535063082976978e-17	3.126498862605864e-17
4129.249999999999	2.2176594338869496e-17	2.99236557057998e-17
4129.499999999999	1.891060618112702e-17	2.8360681394768605e-17
4129.749999999999	1.626723392955239e-17	2.85571864210867e-17
4129.999999999999	1.4824985545090753e-17	3.00709964252302e-17
4130.249999999999	1.4893357980611457e-17	3.098517327716665e-17
4130.499999999999	1.6502248422935543e-17	2.7706139993500294e-17
4130.749999999999	1.935326397935381e-17	3.0137405793528404e-17
4130.999999999999	2.2834448809033413e-17	3.087141939932836e-17
4131.249999999999	2.6335927799167184e-17	3.132086633079782e-17
4131.499999999999	2.974816814679807e-17	3.222793935563367e-17
4131.749999999999	3.3613925616705246e-17	2.802401888545952e-17
4131.999999999999	3.860972357284368e-17	2.8666867261588783e-17
4132.249999999999	4.473397663688075e-17	3.096393458775874e-17
4132.499999999999	5.0954905767161264e-17	3.2764577741111123e-17
4132.749999999999	5.56810404394731e-17	3.1898218546025134e-17
4132.999999999999	5.770620859236846e-17	3.266639140240108e-17
4133.249999999999	5.692772928162285e-17	3.287323618637609e-17
4133.499999999999	5.434127781008419e-17	3.1585180315010566e-17
4133.749999999999	5.134415513973664e-17	2.901346586441585e-17
4133.999999999999	4.887097090371414e-17	3.276020030130949e-17
4134.249999999999	4.699851525623205e-17	3.072605729592319e-17
4134.499999999999	4.5274194641762014e-17	3.074386484015023e-17
4134.749999999999	4.344916051241351e-17	3.234521702288144e-17
4134.999999999999	4.20077356832731e-17	3.0028052516548894e-17
4135.249999999999	4.20731834324847e-17	3.050438612664878e-17
4135.499999999999	4.4747779644720195e-17	3.0023671768024813e-17
4135.749999999999	5.0352138902067994e-17	3.0362752953445e-17
4135.999999999999	5.80737530472363e-17	3.246023483269571e-17
4136.249999999999	6.620987576665722e-17	3.3340808299427813e-17
4136.499999999999	7.280863223992743e-17	3.198093991600289e-17
4136.749999999999	7.638018355964594e-17	3.3568881846643384e-17
4136.999999999999	7.64226497297412e-17	3.565096162288836e-17
4137.249999999999	7.356907541994958e-17	3.1794632372276343e-17
4137.499999999999	6.923148558047433e-17	3.348532998733063e-17
4137.749999999999	6.4868753874632e-17	3.121456038719496e-17
4137.999999999999	6.132640000653587e-17	3.0832025749836134e-17
4138.249999999999	5.870613808178485e-17	3.4667195720379043e-17
4138.499999999999	5.678553339976664e-17	3.075237156556973e-17
4138.749999999999	5.5508952528026686e-17	3.257653642682067e-17
4138.999999999999	5.504337391151989e-17	3.1727091420900164e-17
4139.249999999999	5.540877969153976e-17	2.979997235188842e-17
4139.499999999999	5.62038582491744e-17	3.319053936062898e-17
4139.749999999999	5.684002922480295e-17	3.307739759644398e-17
4139.999999999999	5.704995025544294e-17	3.168589782639502e-17
4140.249999999999	5.703711258496107e-17	2.9883775674107395e-17
4140.499999999999	5.703014512255178e-17	2.9000558538137575e-17
4140.749999999999	5.673943324521295e-17	3.141618400714353e-17
4140.999999999999	5.536191528871058e-17	3.179648525684846e-17
4141.249999999999	5.2175809454730154e-17	3.1104217802202833e-17
4141.499999999999	4.71776256186442e-17	3.025826018974485e-17
4141.749999999999	4.126756075201618e-17	3.070559946501353e-17
4141.999999999999	3.5947834913528234e-17	2.987032902606973e-17
4142.249999999999	3.277675997750519e-17	3.0444415532238686e-17
4142.499999999999	3.278145320930835e-17	3.0176418939938855e-17
4142.749999999999	3.5965133852646676e-17	2.876060667732574e-17
4142.999999999999	4.1115410361921967e-17	3.157247482080175e-17
4143.249999999999	4.614459039582457e-17	3.1902132764683735e-17
4143.499999999999	4.8965529492152157e-17	3.2376527463427797e-17
4143.749999999999	4.8532594030777756e-17	3.2415001288078863e-17
4143.999999999999	4.5469048995484276e-17	3.064290248330446e-17
4144.249999999999	4.184332902259319e-17	3.048937445289217e-17
4144.499999999999	4.009574014259531e-17	2.8587964157318575e-17
4144.749999999999	4.16556358977391e-17	2.806471948031958e-17
4144.999999999999	4.6101374783475966e-17	3.0104990239683676e-17
4145.249999999999	5.146288518060201e-17	3.228612985736555e-17
4145.499999999999	5.548500265871636e-17	3.30933853433234e-17
4145.749999999999	5.694789597494062e-17	3.203930247130218e-17
4145.999999999999	5.61284120231497e-17	3.1018634387305647e-17
4146.249999999999	5.420809551044928e-17	3.264436854577247e-17
4146.499999999999	5.224988487177414e-17	3.108501728582425e-17
4146.749999999999	5.0596568229183486e-17	3.208826494612042e-17
4146.999999999999	4.906239768443948e-17	3.248985451607001e-17
4147.249999999999	4.756974768551419e-17	3.1336172480852503e-17
4147.499999999999	4.655586512853181e-17	3.02083017894691e-17
4147.749999999999	4.677415758102348e-17	3.026037115466809e-17
4147.999999999999	4.8698265514948806e-17	2.9953510308468065e-17
4148.249999999999	5.2058505484114015e-17	3.029661820911016e-17
4148.499999999999	5.58752594619356e-17	3.2349339691054404e-17
4148.749999999999	5.893570090999293e-17	3.037596799091115e-17
4148.999999999999	6.035434626409261e-17	3.295247016289132e-17
4149.249999999999	5.984476496518984e-17	3.262588602216558e-17
4149.499999999999	5.758499813900542e-17	2.910954123820266e-17
4149.749999999999	5.391553899074571e-17	3.24833958898472e-17
4149.999999999999	4.9250813822072773e-17	3.194482190173637e-17
4150.249999999999	4.428450202073999e-17	3.188770011735591e-17
4150.499999999999	4.010923632963758e-17	3.081325205865363e-17
4150.749999999999	3.7876267927927673e-17	2.730696413657813e-17
4150.999999999999	3.8182687165120215e-17	3.295313852482626e-17
4151.249999999999	4.077268446311609e-17	3.098363141250485e-17
4151.499999999999	4.4817680957534853e-17	3.026950322863067e-17
4151.749999999999	4.942473416630149e-17	3.2094922095690244e-17
4151.999999999999	5.389135039153338e-17	3.068519788238552e-17
4152.249999999999	5.763163648629932e-17	3.153396460020373e-17
4152.499999999999	6.005352379161549e-17	3.173417539566607e-17
4152.749999999999	6.061990722149007e-17	3.201730939317562e-17
4152.999999999999	5.907840622147931e-17	3.2849641686583626e-17
4153.249999999999	5.570252227811132e-17	3.1537746469964325e-17
4153.499999999999	5.1392951389158756e-17	3.13376547885102e-17
4153.749999999999	4.7524184823610256e-17	3.1092514850896433e-17
4153.999999999999	4.547858624515507e-17	3.050825733191553e-17
4154.249999999999	4.599455497152797e-17	2.9946644709383875e-17
4154.499999999999	4.871126112838922e-17	3.144310046427601e-17
4154.749999999999	5.2304025090151576e-17	3.29412337414504e-17
4154.999999999999	5.519722854852158e-17	3.317902169777979e-17
4155.249999999999	5.636045003301614e-17	3.186382106743273e-17
4155.499999999999	5.565325236238167e-17	3.3392794946565546e-17
4155.749999999999	5.36046502967681e-17	3.306679314099105e-17
4155.999999999999	5.0929944773656713e-17	3.064418626761514e-17
4156.249999999999	4.816416137325847e-17	2.9001319544301124e-17
4156.499999999999	4.5584669116092353e-17	3.408983357898438e-17
4156.749999999999	4.3324711499555004e-17	3.068237554213549e-17
4156.999999999999	4.145570717966609e-17	3.015928968381411e-17
4157.249999999999	3.9949134724629713e-17	3.093822581432059e-17
4157.499999999999	3.864608895677957e-17	3.147590644736986e-17
4157.749999999999	3.735343706571903e-17	3.2422842960285866e-17
4157.999999999999	3.597577934115214e-17	3.0432550453532225e-17
4158.249999999999	3.453571203117021e-17	3.08712837417079e-17
4158.499999999999	3.311942733673781e-17	3.2336700371294594e-17
4158.749999999999	3.188197571689786e-17	3.0446093054520943e-17
4158.999999999999	3.108459273060924e-17	3.085036599837766e-17
4159.249999999999	3.099628908001045e-17	3.0757940145453435e-17
4159.499999999999	3.163900323554021e-17	3.014203469623625e-17
4159.749999999999	3.261369694521584e-17	2.977449849774424e-17
4159.999999999999	3.325006448445141e-17	3.242900380148816e-17
4160.249999999999	3.302493585807667e-17	3.0881348875401446e-17
4160.499999999999	3.1923860375798715e-17	3.016509318299178e-17
4160.749999999999	3.047661808244952e-17	3.044028293789837e-17
4160.999999999999	2.9483247106653406e-17	3.076911700989025e-17
4161.249999999999	2.963071590803056e-17	3.0850577756614473e-17
4161.499999999999	3.117832459001426e-17	2.93043555073487e-17
4161.749999999999	3.384356782952494e-17	2.9416901701492665e-17
4161.999999999999	3.6997023397489644e-17	3.165263523960304e-17
4162.249999999999	4.009619667273803e-17	3.251365415665439e-17
4162.499999999999	4.3001548250974795e-17	3.051215831568433e-17
4162.749999999999	4.582355265776998e-17	3.039424537372612e-17
4162.999999999999	4.8412767522411866e-17	3.1480469175628703e-17
4163.249999999999	5.0059856960281985e-17	3.2317218613507745e-17
4163.499999999999	4.983968146373011e-17	3.295888908444473e-17
4163.749999999999	4.737729701983408e-17	3.268843080264194e-17
4163.999999999999	4.3320512086853515e-17	3.102494081229575e-17
4164.249999999999	3.9028645906535934e-17	2.8906944853853724e-17
4164.499999999999	3.573539064226022e-17	2.9821194497684083e-17
4164.749999999999	3.3945513856053914e-17	3.159587410596965e-17
4164.999999999999	3.3546965117049106e-17	3.112068531383754e-17
4165.249999999999	3.437245909875276e-17	2.989894616654162e-17
4165.499999999999	3.6544180685837536e-17	2.975707476532142e-17
4165.749999999999	4.0263984036928473e-17	3.064778615764097e-17
4165.999999999999	4.53230379637919e-17	3.0723175398669056e-17
4166.249999999999	5.083121335588766e-17	3.1956882195067395e-17
4166.499999999999	5.538816009680858e-17	3.328081785268302e-17
4166.749999999999	5.755755629099485e-17	3.1077119365335596e-17
4166.999999999999	5.640574462357438e-17	3.3800512270492933e-17
4167.249999999999	5.193153740291094e-17	3.3351310184484787e-17
4167.499999999999	4.521547119731673e-17	3.1718816306052183e-17
4167.749999999999	3.810350814085583e-17	3.04337085063898e-17
4167.999999999999	3.2437631612291925e-17	2.863268484995564e-17
4168.249999999999	2.9224838294073545e-17	2.919342727848289e-17
4168.499999999999	2.8321420638982905e-17	3.114222840571087e-17
4168.749999999999	2.889806768275429e-17	3.236460944516213e-17
4168.999999999999	3.032732878999629e-17	2.980621260242952e-17
4169.249999999999	3.276234125418754e-17	3.0725369081653547e-17
4169.499999999999	3.6930939440386203e-17	2.983861492138445e-17
4169.749999999999	4.333090618546395e-17	2.984766096856333e-17
4169.999999999999	5.1487138551783084e-17	3.1823517519266695e-17
4170.249999999999	5.984581557739243e-17	3.275669305551227e-17
4170.499999999999	6.637648499788258e-17	3.4337435206101104e-17
4170.749999999999	6.947351224201128e-17	3.3373452155121606e-17
4170.999999999999	6.862763115022501e-17	3.170687512672937e-17
4171.249999999999	6.456841580751108e-17	3.2931198386258905e-17
4171.499999999999	5.889860973482667e-17	3.162098069192186e-17
4171.749999999999	5.343902828564547e-17	2.98238381669218e-17
4171.999999999999	4.9571949804827385e-17	2.961931279738439e-17
4172.249999999999	4.7858687414749255e-17	3.100901923986533e-17
4172.499999999999	4.8066951194216876e-17	3.064104629000989e-17
4172.749999999999	4.948607164059873e-17	3.125005636164083e-17
4172.999999999999	5.124819351194839e-17	3.120726465419224e-17
4173.249999999999	5.249429767443906e-17	3.1455855589321576e-17
4173.499999999999	5.2475764343338084e-17	3.2909804186895833e-17
4173.749999999999	5.0743105762919475e-17	3.205027750366953e-17
4173.999999999999	4.737785325557207e-17	3.227498277143079e-17
4174.249999999999	4.3046197119155863e-17	3.10225585321316e-17
4174.499999999999	3.874275514134431e-17	2.8918485677760064e-17
4174.749999999999	3.535622433346085e-17	3.074769964947003e-17
4174.999999999999	3.3318010435291006e-17	3.0126807955520375e-17
4175.249999999999	3.2471374749686996e-17	3.024930016934968e-17
4175.499999999999	3.2137118733008846e-17	3.024666311755686e-17
4175.749999999999	3.136392950842258e-17	2.960870834193146e-17
4175.999999999999	2.940486224811429e-17	3.331114891138411e-17
4176.249999999999	2.6297108480565904e-17	3.0654218314084185e-17
4176.499999999999	2.3140003653685385e-17	2.875948171169267e-17
4176.749999999999	2.1682879104832752e-17	2.866586140996392e-17
4176.999999999999	2.330780397576335e-17	2.7215519319860392e-17
4177.249999999999	2.804550092078365e-17	2.853748628761814e-17
4177.499999999999	3.437019979226561e-17	3.040234512628424e-17
4177.749999999999	4.002297143574864e-17	3.17814438045898e-17
4177.999999999999	4.335436915070656e-17	3.227972747942439e-17
4178.249999999999	4.4249271989918834e-17	3.215537576357807e-17
4178.499999999999	4.3993453787999955e-17	2.941591239348005e-17
4178.749999999999	4.4265216810318454e-17	2.944271966277167e-17
4178.999999999999	4.6078837743311224e-17	3.117731409857292e-17
4179.249999999999	4.940262596433207e-17	3.100399990790836e-17
4179.499999999999	5.3491449906030604e-17	3.169144986266648e-17
4179.749999999999	5.742886979006143e-17	3.081558470798103e-17
4179.999999999999	6.043532726047627e-17	3.0927009245214373e-17
4180.249999999999	6.192796467569626e-17	3.2469188235645987e-17
4180.499999999999	6.156379242788219e-17	3.192237883735658e-17
4180.749999999999	5.937001220624625e-17	3.240220314964144e-17
4180.999999999999	5.584491047413642e-17	3.1226068123876795e-17
4181.249999999999	5.1889345024048065e-17	3.008785105739158e-17
4181.499999999999	4.855193791504899e-17	3.1154778389964525e-17
4181.749999999999	4.6647809105673535e-17	2.9604383841689034e-17
4181.999999999999	4.6352672037358566e-17	2.947641900092708e-17
4182.249999999999	4.699541553573249e-17	3.026027851043948e-17
4182.499999999999	4.733520674495498e-17	3.1569089997735185e-17
4182.749999999999	4.6334640734566656e-17	3.3418341592603634e-17
4182.999999999999	4.394441465844573e-17	3.036325257053498e-17
4183.249999999999	4.124901200660505e-17	2.907677826850066e-17
4183.499999999999	3.97777828766548e-17	2.910342010166977e-17
4183.749999999999	4.045406498114317e-17	2.939540493173364e-17
4183.999999999999	4.292511434557449e-17	2.9883606929262434e-17
4184.249999999999	4.573668760663984e-17	3.137420955414014e-17
4184.499999999999	4.726589325701804e-17	3.303405664106865e-17
4184.749999999999	4.682330653466548e-17	3.329224618002605e-17
4184.999999999999	4.515468396930634e-17	2.931196556898419e-17
4185.249999999999	4.393037521927871e-17	2.8902137280133566e-17
4185.499999999999	4.456032357657839e-17	3.0429714878392393e-17
4185.749999999999	4.7214344443649845e-17	3.116108481495463e-17
4185.999999999999	5.075722691152454e-17	3.0625167730971323e-17
4186.249999999999	5.357995835252459e-17	3.481298134025784e-17
4186.499999999999	5.464968845055804e-17	3.204650225135384e-17
4186.749999999999	5.400588104629682e-17	3.087061207105051e-17
4186.999999999999	5.242139543461049e-17	3.090201515582547e-17
4187.249999999999	5.0630902513617884e-17	2.885779378185582e-17
4187.499999999999	4.884993452128677e-17	3.2007571823004644e-17
4187.749999999999	4.6965197832122654e-17	3.254019672814999e-17
4187.999999999999	4.5081031308693134e-17	3.06224446523948e-17
4188.249999999999	4.3774627873674764e-17	2.7869633895932625e-17
4188.499999999999	4.3788941532361056e-17	3.0339876446424234e-17
4188.749999999999	4.55079919302598e-17	3.07628999204063e-17
4188.999999999999	4.871217596948594e-17	2.9953328328733304e-17
4189.249999999999	5.2737442058979336e-17	3.021332112142607e-17
4189.499999999999	5.67940760262729e-17	3.2934943860072545e-17
4189.749999999999	6.019492975063058e-17	3.207330621192301e-17
4189.999999999999	6.245591698046658e-17	3.1009260776604196e-17
4190.249999999999	6.336958669661948e-17	3.2006033267065296e-17
4190.499999999999	6.310101788516677e-17	3.363057959417249e-17
4190.749999999999	6.219998146615964e-17	3.1283447988608373e-17
4190.999999999999	6.136982120575427e-17	3.134609203075824e-17
4191.249999999999	6.101924373484804e-17	3.094784757920581e-17
4191.499999999999	6.090563883638241e-17	3.146571889094566e-17
4191.749999999999	6.023114746219452e-17	3.320332095545415e-17
4191.999999999999	5.824492894174357e-17	3.1361805153674296e-17
4192.249999999999	5.496769702806605e-17	3.2999844450933455e-17
4192.499999999999	5.145756429888144e-17	3.1282696908612175e-17
4192.749999999999	4.929577827225682e-17	2.7658446413741712e-17
4192.999999999999	4.9569626818664574e-17	2.832287593205248e-17
4193.249999999999	5.209796115338582e-17	3.147699170833353e-17
4193.499999999999	5.549762194454972e-17	3.238013397089853e-17
4193.749999999999	5.800026034917171e-17	3.195492674009932e-17
4193.999999999999	5.837346379416454e-17	3.131444740924441e-17
4194.249999999999	5.638778811170499e-17	3.3170812757380816e-17
4194.499999999999	5.275805606406798e-17	3.163191932834226e-17
4194.749999999999	4.879081761675944e-17	3.0847186316103006e-17
4194.999999999999	4.591966016585252e-17	3.071529402179265e-17
4195.249999999999	4.5188287145456476e-17	3.019992741294761e-17
4195.499999999999	4.677773954988208e-17	2.9222514257542704e-17
4195.749999999999	4.979386658854005e-17	3.005686156292289e-17
4195.999999999999	5.252052412723653e-17	3.1993536222370844e-17
4196.249999999999	5.311067441838157e-17	3.3354066350285813e-17
4196.499999999999	5.039027600897332e-17	3.044165605771521e-17
4196.749999999999	4.436835718107111e-17	3.048551648251522e-17
4196.999999999999	3.6248970143457176e-17	3.1262864426245604e-17
4197.249999999999	2.799056012813561e-17	3.065381134122281e-17
4197.499999999999	2.1574182231790423e-17	2.7634413508224596e-17
4197.749999999999	1.8230611781994664e-17	2.8237596919620714e-17
4197.999999999999	1.800949215821442e-17	2.8571920162157497e-17
4198.249999999999	2.00069997315274e-17	3.001114825355076e-17
4198.499999999999	2.3125024975451824e-17	3.1031412673408366e-17
4198.749999999999	2.676097221686454e-17	2.81850908030583e-17
4198.999999999999	3.086993208280204e-17	2.9989082383530296e-17
4199.249999999999	3.5431274631453203e-17	2.9281498852662635e-17
4199.499999999999	3.991768695935027e-17	2.971721789468617e-17
4199.749999999999	4.335428478224043e-17	3.2235195383966986e-17
4199.999999999999	4.497709807426167e-17	3.214197543765471e-17
4200.249999999999	4.488682072821726e-17	3.117589796536423e-17
4200.499999999999	4.4043584400942256e-17	2.894023060170286e-17
4200.749999999999	4.356549735955833e-17	2.8368357630853097e-17
4200.999999999999	4.39866889797215e-17	3.244899179380989e-17
4201.249999999999	4.514872712395595e-17	3.141710383198469e-17
4201.499999999999	4.6704701933172844e-17	3.0272960843591144e-17
4201.749999999999	4.8596439584276106e-17	2.8888396155797835e-17
4201.999999999999	5.100721048487353e-17	2.8425568750739714e-17
4202.249999999999	5.3954681088885164e-17	3.1758494505675127e-17
4202.499999999999	5.706401874867655e-17	3.1321822551585933e-17
4202.749999999999	5.978713312217037e-17	3.0808348531982416e-17
4202.999999999999	6.18260731946535e-17	3.0589956306656166e-17
4203.249999999999	6.334356624039635e-17	3.0628797399499206e-17
4203.499999999999	6.478468633843604e-17	2.9166970733770993e-17
4203.749999999999	6.646651072843068e-17	3.151349684312672e-17
4203.999999999999	6.823664855833884e-17	3.1359277289722334e-17
4204.249999999999	6.943054461125388e-17	3.01357580497482e-17
4204.499999999999	6.917608586436173e-17	3.2691590632581894e-17
4204.749999999999	6.689286311722631e-17	3.160454957623411e-17
4204.999999999999	6.27004488095029e-17	3.0963074319921685e-17
4205.249999999999	5.748349645601229e-17	3.0646270762758776e-17
4205.499999999999	5.256018225995766e-17	3.0475593623887034e-17
4205.749999999999	4.911353407590746e-17	3.0105589118447165e-17
4205.999999999999	4.764159995203739e-17	2.9801113861133746e-17
4206.249999999999	4.7679572819388785e-17	3.06466148698936e-17
4206.499999999999	4.797796252232543e-17	3.211907907829924e-17
4206.749999999999	4.712308230638123e-17	3.3310579811122676e-17
4206.999999999999	4.4288273339521223e-17	3.257749595633123e-17
4207.249999999999	3.966152759094499e-17	2.908785256254152e-17
4207.499999999999	3.431227340252953e-17	2.9020056839536675e-17
4207.749999999999	2.9662042842084724e-17	3.1553671351117196e-17
4207.999999999999	2.69308963438969e-17	2.8002680934378105e-17
4208.249999999999	2.6815492365600657e-17	2.952386277214067e-17
4208.499999999999	2.941392035047001e-17	3.028103412636966e-17
4208.749999999999	3.426902570981236e-17	3.009713202386442e-17
4208.999999999999	4.042612453065887e-17	2.96545010606424e-17
4209.249999999999	4.654753969757977e-17	3.0254541185710814e-17
4209.499999999999	5.1230925073493477e-17	3.189740790902483e-17
4209.749999999999	5.3541666968888116e-17	3.2794104780256816e-17
4209.999999999999	5.3451077098343996e-17	3.200656266265733e-17
4210.249999999999	5.176820315932822e-17	2.894308933789984e-17
4210.499999999999	4.9523460077634736e-17	3.0216037582557695e-17
4210.749999999999	4.728608903239481e-17	3.032982785634294e-17
4210.999999999999	4.498782498387025e-17	3.051346856977461e-17
4211.249999999999	4.235787015393507e-17	3.095912039659368e-17
4211.499999999999	3.953664761665509e-17	2.9812016101607195e-17
4211.749999999999	3.7325646383408066e-17	3.031720838891783e-17
4211.999999999999	3.686137947407652e-17	2.895395518242634e-17
4212.249999999999	3.893333953655202e-17	2.829681312531216e-17
4212.499999999999	4.3393213431261036e-17	3.09788833957888e-17
4212.749999999999	4.9035432722512425e-17	3.020241226350772e-17
4212.999999999999	5.405541819182944e-17	3.1769062565181104e-17
4213.249999999999	5.688082843738028e-17	3.2175271111671195e-17
4213.499999999999	5.696489407793178e-17	3.158430350356126e-17
4213.749999999999	5.509903232066957e-17	3.267934505079366e-17
4213.999999999999	5.299085579582178e-17	2.816550647487549e-17
4214.249999999999	5.226734126401052e-17	2.820963159747152e-17
4214.499999999999	5.349979964495413e-17	3.0111223872779876e-17
4214.749999999999	5.591252467347487e-17	3.1481577597649525e-17
4214.999999999999	5.795588934081452e-17	3.279343310959942e-17
4215.249999999999	5.82788555566377e-17	3.0818165511492196e-17
4215.499999999999	5.642257278463852e-17	3.021422440265498e-17
4215.749999999999	5.290462578860069e-17	3.073026929960231e-17
4215.999999999999	4.8829840405646885e-17	3.053726821035899e-17
4216.249999999999	4.533508402253599e-17	2.9414079361242634e-17
4216.499999999999	4.310812179919911e-17	2.8625713371753045e-17
4216.749999999999	4.2166776617013935e-17	2.951854234644073e-17
4216.999999999999	4.203634519827452e-17	3.1509341087729254e-17
4217.249999999999	4.2238125868949813e-17	3.1717112313990324e-17
4217.499999999999	4.2689712758642506e-17	2.99345149328814e-17
4217.749999999999	4.361157949336263e-17	2.9068096180791305e-17
4217.999999999999	4.499651771888667e-17	2.915597584906894e-17
4218.249999999999	4.62044390790951e-17	3.0251417751717813e-17
4218.499999999999	4.619760096907661e-17	3.393054837150872e-17
4218.749999999999	4.4302789066276095e-17	3.0340329741399913e-17
4218.999999999999	4.0832703216127877e-17	2.845001690092433e-17
4219.249999999999	3.7018718140635936e-17	2.931071156317556e-17
4219.499999999999	3.4342426861541313e-17	2.880317670037017e-17
4219.749999999999	3.381241617191261e-17	2.99867762039825e-17
4219.999999999999	3.5627565500219664e-17	2.877464227795954e-17
4220.249999999999	3.9266143866942576e-17	2.860487834648406e-17
4220.499999999999	4.379259955064691e-17	3.04172939343143e-17
4220.749999999999	4.818832597797859e-17	2.9691456181688816e-17
4220.999999999999	5.1605889233729467e-17	3.140270427188137e-17
4221.249999999999	5.349889640389925e-17	3.147916553898332e-17
4221.499999999999	5.362763578406133e-17	3.086658204710615e-17
4221.749999999999	5.20016733593727e-17	3.118218784674208e-17
4221.999999999999	4.8833839807468366e-17	3.1838936165884684e-17
4222.249999999999	4.4530919569585245e-17	2.959812373881323e-17
4222.499999999999	3.970381407945397e-17	2.944862904106775e-17
4222.749999999999	3.516783831948954e-17	3.086379610280307e-17
4222.999999999999	3.187222011116868e-17	2.823159820581848e-17
4223.249999999999	3.067562945222176e-17	2.8667992227221855e-17
4223.499999999999	3.198979433374692e-17	2.848337874938982e-17
4223.749999999999	3.55118030029538e-17	2.943549672166286e-17
4223.999999999999	4.0302527710243897e-17	3.1707467388047956e-17
4224.249999999999	4.52091303074523e-17	2.9834002562288854e-17
4224.499999999999	4.932879705798107e-17	3.0280015039854997e-17
4224.749999999999	5.222042099175178e-17	3.053414808508844e-17
4224.999999999999	5.385341371868794e-17	3.106068494092539e-17
4225.249999999999	5.446789952017035e-17	3.290940052275691e-17
4225.499999999999	5.443911403400069e-17	2.9194294163764845e-17
4225.749999999999	5.411868232101705e-17	2.994624766268985e-17
4225.999999999999	5.36779872133395e-17	3.078723557402761e-17
4226.249999999999	5.307359018561278e-17	3.036084382059123e-17
4226.499999999999	5.218165850094564e-17	3.07620826659611e-17
4226.749999999999	5.098181487234234e-17	2.948267579508043e-17
4226.999999999999	4.96362515259092e-17	2.996778413711828e-17
4227.249999999999	4.84303132020469e-17	3.063133188089607e-17
4227.499999999999	4.7644736949800666e-17	2.999214626051919e-17
4227.749999999999	4.743213680738477e-17	2.796810809349584e-17
4227.999999999999	4.7739196453847405e-17	3.1833490008731634e-17
4228.249999999999	4.8307148050296504e-17	3.0807696713659724e-17
4228.499999999999	4.877265232330665e-17	2.7789615752196696e-17
4228.749999999999	4.8847404992640766e-17	3.228987863990164e-17
4228.999999999999	4.8478713622822586e-17	3.033517144310003e-17
4229.249999999999	4.7843818818086074e-17	2.979638238802994e-17
4229.499999999999	4.712342933997307e-17	2.9582384146117574e-17
4229.749999999999	4.623666046716664e-17	2.9448271699043126e-17
4229.999999999999	4.4846216525441886e-17	3.045538725588359e-17
4230.249999999999	4.271494629529096e-17	3.098893529459254e-17
4230.499999999999	4.0092597813221816e-17	2.9572275999032176e-17
4230.749999999999	3.771528854470195e-17	2.7869276553908e-17
4230.999999999999	3.63735074400298e-17	2.8188323424892155e-17
4231.249999999999	3.643958444096306e-17	3.062337771212576e-17
4231.499999999999	3.776116829520147e-17	2.9759298226807965e-17
4231.749999999999	3.9944146865477285e-17	2.94970389592368e-17
4231.999999999999	4.270163340070954e-17	3.00733555443372e-17
4232.249999999999	4.5945533772816566e-17	2.955694007047544e-17
4232.499999999999	4.956545519045313e-17	3.014112148883999e-17
4232.749999999999	5.3112307089856503e-17	3.0022437614550884e-17
4232.999999999999	5.569628591717786e-17	3.038767755966245e-17
4233.249999999999	5.6277626220156e-17	3.142816489113575e-17
4233.499999999999	5.424383008810437e-17	3.101848218607294e-17
4233.749999999999	4.9904744234826644e-17	3.0759505171172385e-17
4233.999999999999	4.451257851684185e-17	2.9244507335669264e-17
4234.249999999999	3.971632682280067e-17	2.718036083510444e-17
4234.499999999999	3.679731252585783e-17	2.6529483843949738e-17
4234.749999999999	3.6214180285383634e-17	3.116892317843918e-17
4234.999999999999	3.7700091673385195e-17	3.018160370801834e-17
4235.249999999999	4.067515369007757e-17	2.8956903254129476e-17
4235.499999999999	4.4564543274262984e-17	2.91865749142885e-17
4235.749999999999	4.886599752823834e-17	3.036801382214084e-17
4235.999999999999	5.3103553747768575e-17	3.0746534979167554e-17
4236.249999999999	5.681698659621821e-17	3.012144782515103e-17
4236.499999999999	5.960085854883107e-17	3.0121838254400156e-17
4236.749999999999	6.117069896462794e-17	3.139835991930424e-17
4236.999999999999	6.145520835574251e-17	3.134174106073621e-17
4237.249999999999	6.065313383361778e-17	2.936456102105276e-17
4237.499999999999	5.914943753501247e-17	2.852690499322236e-17
4237.749999999999	5.731720577318308e-17	2.9212078546934735e-17
4237.999999999999	5.540382397384873e-17	3.08064890299654e-17
4238.249999999999	5.362776438304116e-17	3.097829775191511e-17
4238.499999999999	5.232616780261355e-17	3.014469821780867e-17
4238.749999999999	5.1867947506735903e-17	2.905535759935799e-17
4238.999999999999	5.23027843102627e-17	2.836797712777132e-17
4239.249999999999	5.308694542950445e-17	2.882966964102902e-17
4239.499999999999	5.325573577156341e-17	3.2570415290287776e-17
4239.749999999999	5.2012874087346894e-17	3.098673499416315e-17
4239.999999999999	4.9294140186342075e-17	2.8667231221058307e-17
4240.249999999999	4.587825491568147e-17	2.938860550709845e-17
4240.499999999999	4.301521224137147e-17	2.9436542277957124e-17
4240.749999999999	4.1879418678385853e-17	2.9735915485252316e-17
4240.999999999999	4.315447868142231e-17	2.9280119115400897e-17
4241.249999999999	4.6862814588393547e-17	2.928108526235636e-17
4241.499999999999	5.2417157551425143e-17	3.144236592789206e-17
4241.749999999999	5.88283621578138e-17	3.0506033870428986e-17
4241.999999999999	6.497982064055894e-17	3.088370799450845e-17
4242.249999999999	6.988394764585546e-17	3.111800855737532e-17
4242.499999999999	7.289064517203129e-17	3.0988677214241426e-17
4242.749999999999	7.383255757050318e-17	3.170874455491374e-17
4242.999999999999	7.301753947810417e-17	3.082258927340813e-17
4243.249999999999	7.096546697765183e-17	3.003754524125855e-17
4243.499999999999	6.798832920610403e-17	2.9814487717277503e-17
4243.749999999999	6.396655572162932e-17	3.062183584746396e-17
4243.999999999999	5.861265640966932e-17	3.2863356341139756e-17
4244.249999999999	5.206769850833897e-17	3.054791237048132e-17
4244.499999999999	4.5279662166788764e-17	2.9064956203186053e-17
4244.749999999999	3.973373739769588e-17	2.846790385449018e-17
4244.999999999999	3.667853545184454e-17	2.671056526056617e-17
4245.249999999999	3.6461138788271966e-17	2.8475474211456264e-17
4245.499999999999	3.848612819204223e-17	3.1004072699802263e-17
4245.749999999999	4.175487488324364e-17	3.0845637833996307e-17
4245.999999999999	4.547652524183388e-17	2.8280788982485783e-17
4246.249999999999	4.9298510692928324e-17	2.922558806069895e-17
4246.499999999999	5.3143113605910377e-17	3.088985560082094e-17
4246.749999999999	5.695047180663511e-17	3.115060939967726e-17
4246.999999999999	6.055348791861693e-17	3.0561696508208904e-17
4247.249999999999	6.36717031231725e-17	3.013169493857934e-17
4247.499999999999	6.59339886454612e-17	3.171345286696039e-17
4247.749999999999	6.69332634138449e-17	3.113627601402294e-17
4247.999999999999	6.636991247832498e-17	3.078684845350094e-17
4248.249999999999	6.42596112691533e-17	3.1252600769205046e-17
4248.499999999999	6.107028405501912e-17	3.228203035024974e-17
4248.749999999999	5.764991348965243e-17	2.9575822949498803e-17
4248.999999999999	5.493978289028861e-17	2.915941692041716e-17
4249.249999999999	5.3632775713372946e-17	2.969181683243589e-17
4249.499999999999	5.398201383528584e-17	3.01240550984418e-17
4249.749999999999	5.584169577072757e-17	2.9743823331908323e-17
4249.999999999999	5.884702419399711e-17	3.0946080721417396e-17
4250.249999999999	6.257284950656041e-17	3.071181324577503e-17
4250.499999999999	6.658617395524842e-17	3.0439128193763247e-17
4250.749999999999	7.04309609686816e-17	3.1197229299000746e-17
4250.999999999999	7.36444764954554e-17	3.090447684532843e-17
4251.249999999999	7.586033768924968e-17	3.170173668076419e-17
4251.499999999999	7.694794891589099e-17	3.2056395331479974e-17
4251.749999999999	7.707296411978783e-17	3.170828133377071e-17
4251.999999999999	7.661326929825677e-17	3.103539306651597e-17
4252.249999999999	7.59869306865951e-17	3.201105259902227e-17
4252.499999999999	7.551381822670839e-17	3.1434186765995136e-17
4252.749999999999	7.537684051300063e-17	3.097283174242736e-17
4252.999999999999	7.565079071571388e-17	3.106700129208285e-17
4253.249999999999	7.633898859871679e-17	3.048412351036368e-17
4253.499999999999	7.740052644033001e-17	3.171657960967584e-17
4253.749999999999	7.8772767637779e-17	3.1869826398679864e-17
4253.999999999999	8.035955591819276e-17	3.1588273970501514e-17
4254.249999999999	8.194394274162993e-17	3.1332589134438923e-17
4254.499999999999	8.306857966857209e-17	3.033417882636497e-17
4254.749999999999	8.303561589390139e-17	3.205332814576863e-17
4254.999999999999	8.11482807858207e-17	3.2413135168616943e-17
4255.249999999999	7.711382142921042e-17	3.147148599417638e-17
4255.499999999999	7.133978111837556e-17	3.063733390342075e-17
4255.749999999999	6.489081356234632e-17	3.0028836683769594e-17
4255.999999999999	5.91082116479095e-17	3.005591857702458e-17
4256.249999999999	5.511231504939197e-17	3.008831758725706e-17
4256.499999999999	5.344856021893949e-17	2.9978597042085574e-17
4256.749999999999	5.401794978981493e-17	2.987214882341735e-17
4256.999999999999	5.626124949993372e-17	3.125110522665755e-17
4257.249999999999	5.944922787136807e-17	2.987856112752586e-17
4257.499999999999	6.293151582736944e-17	2.894311580767944e-17
4257.749999999999	6.628494153272697e-17	3.101731089832556e-17
4257.999999999999	6.93650830548658e-17	3.14991039004683e-17
4258.249999999999	7.224770776556176e-17	3.029453702268898e-17
4258.499999999999	7.504128164651078e-17	3.063901804314791e-17
4258.749999999999	7.76462795819617e-17	3.198272993484845e-17
4258.999999999999	7.964381022234527e-17	3.2380107501118926e-17
4259.249999999999	8.044731447402518e-17	3.121230714720636e-17
4259.499999999999	7.96388933618426e-17	3.2724035964928674e-17
4259.749999999999	7.72305455769606e-17	3.211088668151252e-17
4259.999999999999	7.363166174244807e-17	2.945254987717125e-17
4260.249999999999	6.93529532282904e-17	3.175402773036734e-17
4260.499999999999	6.470944046540131e-17	3.050000206940225e-17
4260.749999999999	5.977563216137541e-17	3.1281919358836375e-17
4260.999999999999	5.4604927854243237e-17	3.119996561246707e-17
4261.249999999999	4.9500482376185806e-17	2.8347555692808613e-17
4261.499999999999	4.512458361078361e-17	2.842366954405329e-17
4261.749999999999	4.239539343468457e-17	2.9506733516015924e-17
4261.999999999999	4.223307394547096e-17	2.9157653371351196e-17
4262.249999999999	4.522063215396453e-17	2.7649731238807853e-17
4262.499999999999	5.126158214924628e-17	2.6462255566845103e-17
4262.749999999999	5.939795004414461e-17	3.14164189264375e-17
4262.999999999999	6.796026104450377e-17	3.122600194942779e-17
4263.249999999999	7.504838609110156e-17	3.153172128638249e-17
4263.499999999999	7.911466348060911e-17	3.2894838835253524e-17
4263.749999999999	7.936537611616484e-17	3.142344665292175e-17
4263.999999999999	7.586553576643473e-17	3.1338988203657634e-17
4264.249999999999	6.944160016165481e-17	3.16309862686113e-17
4264.499999999999	6.151433187684538e-17	3.135268300587906e-17
4264.749999999999	5.385421927659032e-17	3.0029339609582027e-17
4264.999999999999	4.815571990878082e-17	2.823923473723357e-17
4265.249999999999	4.546597998224324e-17	2.756599905412156e-17
4265.499999999999	4.5766279463683164e-17	2.872516033371662e-17
4265.749999999999	4.8051354547230586e-17	3.076976882821294e-17
4265.999999999999	5.092837939796636e-17	3.2323769883959165e-17
4266.249999999999	5.3339652271920137e-17	3.0432054145164693e-17
4266.499999999999	5.4927603706023587e-17	2.961396590190485e-17
4266.749999999999	5.588822711512627e-17	3.0063773484121384e-17
4266.999999999999	5.655007007898142e-17	3.0938741975022825e-17
4267.249999999999	5.702148150523948e-17	3.006683736111028e-17
4267.499999999999	5.708580589315634e-17	2.984995722194378e-17
4267.749999999999	5.633620142411358e-17	3.058676338949171e-17
4267.999999999999	5.4448940566942126e-17	3.0792089469862074e-17
4268.249999999999	5.1448602276446053e-17	2.966557535468326e-17
4268.499999999999	4.7809671008244656e-17	2.8943469840981615e-17
4268.749999999999	4.432467957080873e-17	2.8419030715178095e-17
4268.999999999999	4.1814012085225035e-17	2.904713873279166e-17
4269.249999999999	4.0820371142164444e-17	2.9531108874306637e-17
4269.499999999999	4.138328606131909e-17	2.818525954790326e-17
4269.749999999999	4.294478738386191e-17	2.8096721443858033e-17
4269.999999999999	4.4463759607911164e-17	2.985106895268705e-17
4270.249999999999	4.479520817392353e-17	3.117183154547292e-17
4270.499999999999	4.321436724807447e-17	3.087785155577157e-17
4270.749999999999	3.977406730148712e-17	2.8027205185179077e-17
4270.999999999999	3.523873398144445e-17	2.84362294544743e-17
4271.249999999999	3.0658611880444495e-17	2.7118317326079286e-17
4271.499999999999	2.692691953371459e-17	2.6742972542604774e-17
4271.749999999999	2.4612454770234912e-17	2.824861827410237e-17
4271.999999999999	2.4048155990271334e-17	2.8129682936907046e-17
4272.249999999999	2.5421110051895707e-17	2.694670878183781e-17
4272.499999999999	2.867990615367484e-17	2.7076873923029154e-17
4272.749999999999	3.3338142968561436e-17	2.855088992226395e-17
4272.999999999999	3.8413081886109847e-17	3.044901796516693e-17
4273.249999999999	4.2648421937993706e-17	2.811069087004283e-17
4273.499999999999	4.494653046412313e-17	3.0165036934710126e-17
4273.749999999999	4.477808033839454e-17	3.08346065533473e-17
4273.999999999999	4.234011032677708e-17	2.9401267987915413e-17
4274.249999999999	3.838238891189846e-17	2.6911503974967553e-17
4274.499999999999	3.3835322644925196e-17	2.8368797690938975e-17
4274.749999999999	2.949649337834388e-17	2.959638004208197e-17
4274.999999999999	2.593554254330608e-17	2.906567419595775e-17
4275.249999999999	2.3538914804102678e-17	2.726454300604396e-17
4275.499999999999	2.250225674340963e-17	2.7769922236173033e-17
4275.749999999999	2.2722318081392467e-17	2.6265047437006336e-17
4275.999999999999	2.3753507853391305e-17	2.81383650246164e-17
4276.249999999999	2.499477771510866e-17	2.952630791803138e-17
4276.499999999999	2.6037920219148624e-17	2.793567268731641e-17
4276.749999999999	2.6901664346040148e-17	2.830226920863256e-17
4276.999999999999	2.7934174376907175e-17	2.7134993287228355e-17
4277.249999999999	2.944505428036555e-17	2.7157148492754975e-17
4277.499999999999	3.13622367216752e-17	2.840243085464538e-17
4277.749999999999	3.3183435995555684e-17	2.9781741291187754e-17
4277.999999999999	3.4239974020423295e-17	2.9670230727170705e-17
4278.249999999999	3.404980124661944e-17	2.870911633855554e-17
4278.499999999999	3.251547647872047e-17	2.8316370983715364e-17
4278.749999999999	2.990257519582416e-17	2.844827982163797e-17
4278.999999999999	2.67070960867762e-17	2.7331508239713803e-17
4279.249999999999	2.3529890805808228e-17	2.947453633785291e-17
4279.499999999999	2.097543686498275e-17	2.7655491724593672e-17
4279.749999999999	1.9540455068100307e-17	2.66992924431783e-17
4279.999999999999	1.9503171595300253e-17	2.902154245591682e-17
4280.249999999999	2.0866784969636485e-17	2.777127219493272e-17
4280.499999999999	2.337712453375499e-17	2.796784670442227e-17
4280.749999999999	2.6585265894259283e-17	2.783417762615615e-17
4280.999999999999	2.993935913118705e-17	2.796798897948763e-17
4281.249999999999	3.292373119128305e-17	2.9319066087362343e-17
4281.499999999999	3.522437665306477e-17	2.9251366317308553e-17
4281.749999999999	3.6817836167261416e-17	2.9161527885340394e-17
4281.999999999999	3.789089182185213e-17	2.84503444644469e-17
4282.249999999999	3.864340620753664e-17	2.771310485425799e-17
4282.499999999999	3.915588656479981e-17	2.8599948350033243e-17
4282.749999999999	3.944449236107883e-17	2.979139614329747e-17
4282.999999999999	3.9616839646000474e-17	2.9033298346782424e-17
4283.249999999999	3.9917398250199107e-17	2.786610348907825e-17
4283.499999999999	4.0567872518608156e-17	2.782731864451686e-17
4283.749999999999	4.1541435718648303e-17	3.073320413641565e-17
4283.999999999999	4.2495990838621137e-17	2.857338592620294e-17
4284.249999999999	4.294519690390806e-17	2.895212215018892e-17
4284.499999999999	4.253979966815984e-17	2.971208275744344e-17
4284.749999999999	4.126778148986497e-17	2.8490333683980166e-17
4284.999999999999	3.947678100715714e-17	2.7023151850966285e-17
4285.249999999999	3.7746926951476394e-17	2.952991442550211e-17
4285.499999999999	3.6694144420693434e-17	2.94650535393106e-17
4285.749999999999	3.677157666503731e-17	2.7316680200053177e-17
4285.999999999999	3.8123958395541696e-17	2.6673896344011696e-17
4286.249999999999	4.055304081414825e-17	2.91663056805585e-17
4286.499999999999	4.362356854922239e-17	2.9080570064428604e-17
4286.749999999999	4.6860005167656945e-17	2.865495586076802e-17
4286.999999999999	4.9918625535269895e-17	2.8972957175457906e-17
4287.249999999999	5.263873845718911e-17	3.0032284372562715e-17
4287.499999999999	5.496445729766094e-17	2.808823787949569e-17
4287.749999999999	5.681031070925386e-17	2.9524369006675555e-17
4287.999999999999	5.796886467073964e-17	3.075181239147564e-17
4288.249999999999	5.812678905479256e-17	2.942412464260148e-17
4288.499999999999	5.699732130267442e-17	2.91351110452979e-17
4288.749999999999	5.452343830104543e-17	2.875155732142441e-17
4288.999999999999	5.106307070339383e-17	2.956814671341431e-17
4289.249999999999	4.743539497809224e-17	2.9372442397929165e-17
4289.499999999999	4.4726837377539376e-17	2.5694918162887837e-17
4289.749999999999	4.387795517296037e-17	2.8254279498214684e-17
4289.999999999999	4.525437791592862e-17	2.772582192899538e-17
4290.249999999999	4.848844439024219e-17	2.829115190119985e-17
4290.499999999999	5.273374999320359e-17	3.011722589530456e-17
4290.749999999999	5.71686690917677e-17	3.0954312822873523e-17
4290.999999999999	6.136666401247826e-17	2.78146032241407e-17
4291.249999999999	6.524298298866019e-17	2.9626568825717706e-17
4291.499999999999	6.86538693681541e-17	3.010251200656847e-17
4291.749999999999	7.106206391041266e-17	2.803739935904818e-17
4291.999999999999	7.166890576817632e-17	3.251833269019899e-17
4292.249999999999	7.001163289259597e-17	3.2075890324156624e-17
4292.499999999999	6.656013841591206e-17	3.0152407541117666e-17
4292.749999999999	6.275570004078922e-17	2.8042286342107144e-17
4292.999999999999	6.034786428773828e-17	2.6841069545808663e-17
4293.249999999999	6.045691104068714e-17	2.773416156393114e-17
4293.499999999999	6.30000705737122e-17	2.9985608224957573e-17
4293.749999999999	6.680508804732178e-17	3.0668081861150574e-17
4293.999999999999	7.023447198967828e-17	3.047146102954672e-17
4294.249999999999	7.190057253873754e-17	3.1149967507521916e-17
4294.499999999999	7.115745864425327e-17	3.0978076067510947e-17
4294.749999999999	6.82682293470073e-17	3.0396386117151407e-17
4294.999999999999	6.425781844245383e-17	2.9273372630324914e-17
4295.249999999999	6.050610583283939e-17	2.8064792272213486e-17
4295.499999999999	5.822251822031233e-17	2.784019950101554e-17
4295.749999999999	5.803816318198794e-17	2.8591719557299566e-17
4295.999999999999	5.991746683204283e-17	2.827999488909773e-17
4296.249999999999	6.339124643938936e-17	2.94704500656269e-17
4296.499999999999	6.78892984461106e-17	3.206504764068728e-17
4296.749999999999	7.289794690659978e-17	2.87833773052281e-17
4296.999999999999	7.785781940497998e-17	3.009770112412586e-17
4297.249999999999	8.200164911929207e-17	3.0042855740791143e-17
4297.499999999999	8.443283700976002e-17	3.077349444969188e-17
4297.749999999999	8.451619078542709e-17	3.4272379105285033e-17
4297.999999999999	8.229536368855476e-17	2.962912977689417e-17
4298.249999999999	7.855979426642005e-17	2.961682463810183e-17
4298.499999999999	7.448614681309153e-17	2.9922454639550375e-17
4298.749999999999	7.114984131099101e-17	2.975699535598262e-17
4298.999999999999	6.924223225247059e-17	3.0190140211939885e-17
4299.249999999999	6.905122605968624e-17	2.836938664353511e-17
4299.499999999999	7.053251093311282e-17	2.742359494858688e-17
4299.749999999999	7.334100033029183e-17	2.894606387938258e-17
4299.999999999999	7.685900966242963e-17	3.144309053810866e-17
4300.249999999999	8.030380103860386e-17	2.923542158382098e-17
4300.499999999999	8.29083557351924e-17	3.0796943365696535e-17
4300.749999999999	8.410180173669725e-17	2.9728563503967945e-17
4300.999999999999	8.363708010327677e-17	2.8871581228305857e-17
4301.249999999999	8.16489303078238e-17	3.0173146613435596e-17
4301.499999999999	7.862244474953485e-17	2.886004371312197e-17
4301.749999999999	7.525527513530295e-17	2.91615742074547e-17
4301.999999999999	7.22484269094541e-17	2.891448874104021e-17
4302.249999999999	7.011665557530587e-17	2.8932991116981794e-17
4302.499999999999	6.909688831070678e-17	3.00585490113725e-17
4302.749999999999	6.915783314521276e-17	2.8475818318591086e-17
4302.999999999999	7.005420235486246e-17	2.90470096926161e-17
4303.249999999999	7.137758217440324e-17	2.979402326892294e-17
4303.499999999999	7.260350427313571e-17	2.993112680109238e-17
4303.749999999999	7.316429869444079e-17	2.930683374046391e-17
4303.999999999999	7.257474490420965e-17	2.95859244791393e-17
4304.249999999999	7.061084922906209e-17	3.038273432832183e-17
4304.499999999999	6.748818864746226e-17	3.0291698138826696e-17
4304.749999999999	6.39238385572874e-17	2.9069790246685813e-17
4304.999999999999	6.0965917670912e-17	2.886148962483271e-17
4305.249999999999	5.959074198316453e-17	2.7939385073905547e-17
4305.499999999999	6.024254205217168e-17	2.848820617544468e-17
4305.749999999999	6.258356576568953e-17	2.9556354426601755e-17
4305.999999999999	6.563842467506687e-17	3.015823089263004e-17
4306.249999999999	6.829007507938013e-17	2.981211867200315e-17
4306.499999999999	6.985222988818996e-17	3.096114202601076e-17
4306.749999999999	7.03630836747281e-17	2.9680821947733834e-17
4306.999999999999	7.040203504992644e-17	2.798122386928848e-17
4307.249999999999	7.054777112201841e-17	2.973709008172214e-17
4307.499999999999	7.085094383075071e-17	2.846560760110973e-17
4307.749999999999	7.068710434109317e-17	2.972486766099106e-17
4307.999999999999	6.909166602020487e-17	3.080090059774699e-17
4308.249999999999	6.536314466559581e-17	3.0759339735049874e-17
4308.499999999999	5.956813180629506e-17	2.966799403079436e-17
4308.749999999999	5.2654791611067155e-17	2.832850737766274e-17
4308.999999999999	4.610137083707616e-17	2.7352225805335806e-17
4309.249999999999	4.127018483100117e-17	2.641994693287424e-17
4309.499999999999	3.8802305504495396e-17	2.5907169399346494e-17
4309.749999999999	3.8385316701095477e-17	2.792355945442618e-17
4309.999999999999	3.9017320805969676e-17	3.011171025498006e-17
4310.249999999999	3.957330278834376e-17	2.886963900822758e-17
4310.499999999999	3.9292614363288057e-17	2.6955931845667776e-17
4310.749999999999	3.7922368827260816e-17	2.7426642281963527e-17
4310.999999999999	3.5564146542076075e-17	2.859319193878991e-17
4311.249999999999	3.247622622476581e-17	2.835965238208659e-17
4311.499999999999	2.90113120112112e-17	2.7167857172965087e-17
4311.749999999999	2.565539970970961e-17	2.6157052390592638e-17
4311.999999999999	2.3017951374905535e-17	2.679205413143122e-17
4312.249999999999	2.168863446464413e-17	2.5714203051688898e-17
4312.499999999999	2.2013045133508773e-17	2.6253753112922537e-17
4312.749999999999	2.391423380888457e-17	2.7103436346859457e-17
4312.999999999999	2.6855203103185347e-17	2.7801120180156083e-17
4313.249999999999	2.995023794795859e-17	2.8234354371619506e-17
4313.499999999999	3.2175571349314e-17	2.782045966287757e-17
4313.749999999999	3.263559546626787e-17	2.7788063961367546e-17
4313.999999999999	3.084999770955523e-17	2.8816490999509825e-17
4314.249999999999	2.6974994083734103e-17	2.983358897198258e-17
4314.499999999999	2.1814187207326892e-17	2.533823788275497e-17
4314.749999999999	1.6542387746101225e-17	2.639655095642879e-17
4314.999999999999	1.2261549855782978e-17	2.648926301384496e-17
4315.249999999999	9.644558661096689e-18	2.6349143581162152e-17
4315.499999999999	8.84203917229219e-18	2.695850934045649e-17
4315.749999999999	9.611291202446814e-18	2.5828615365294783e-17
4315.999999999999	1.1497583394922281e-17	2.681762062980401e-17
4316.249999999999	1.395250874428954e-17	2.7275120991717288e-17
4316.499999999999	1.6403423806663443e-17	2.7243924702095463e-17
4316.749999999999	1.8344036864042876e-17	2.7552315832428708e-17
4316.999999999999	1.9469513048276945e-17	2.69282113689799e-17
4317.249999999999	1.9800325498441633e-17	2.829679327297746e-17
4317.499999999999	1.9704237260605228e-17	2.802944849900032e-17
4317.749999999999	1.9766449413343678e-17	2.6481952391591216e-17
4317.999999999999	2.0552153382624238e-17	2.7281149484021575e-17
4318.249999999999	2.2384406903316752e-17	2.796099103150543e-17
4318.499999999999	2.5256313543970317e-17	2.6537006224440295e-17
4318.749999999999	2.890848767971196e-17	2.6756703740773154e-17
4318.999999999999	3.299640251481994e-17	2.916349326647582e-17
4319.249999999999	3.722444071576062e-17	2.8194841608119073e-17
4319.499999999999	4.136726082192537e-17	2.6204542483920532e-17
4319.749999999999	4.520301076105625e-17	2.8065252184634066e-17
4319.999999999999	4.845924425469876e-17	2.9686162225768477e-17
4320.249999999999	5.0847751237176334e-17	2.83270945531765e-17
4320.499999999999	5.2169425012592147e-17	2.94010826994582e-17
4320.749999999999	5.241185764455008e-17	2.748658971531647e-17
4320.999999999999	5.1787716922588827e-17	2.811617011442038e-17
4321.249999999999	5.070470843277628e-17	2.9603301889447815e-17
4321.499999999999	4.966089449606383e-17	2.845805709647835e-17
4321.749999999999	4.907165558836411e-17	2.6716987490842033e-17
4321.999999999999	4.911029156445878e-17	2.7455370264637493e-17
4322.249999999999	4.970069606213667e-17	2.9021906415386344e-17
4322.499999999999	5.070667580533127e-17	2.9898132220818865e-17
4322.749999999999	5.216525003686031e-17	2.842783191689566e-17
4322.999999999999	5.433538748041682e-17	2.6222508846825184e-17
4323.249999999999	5.749736913178657e-17	2.7932509548654006e-17
4323.499999999999	6.167383558177342e-17	2.924760429988266e-17
4323.749999999999	6.650190910644151e-17	2.8906484941433144e-17
4323.999999999999	7.133568891445699e-17	2.939899820431457e-17
4324.249999999999	7.548647882466596e-17	2.8795884276089904e-17
4324.499999999999	7.84570130953955e-17	3.056832057055423e-17
4324.749999999999	8.006666916164068e-17	3.102632716700239e-17
4324.999999999999	8.042485050496457e-17	2.837670222887253e-17
4325.249999999999	7.978255231709584e-17	2.8894030910130546e-17
4325.499999999999	7.837528858283668e-17	2.9347315959642254e-17
4325.749999999999	7.638515075392692e-17	2.989963438081126e-17
4325.999999999999	7.403659640020312e-17	3.011798359274566e-17
4326.249999999999	7.169122708019428e-17	2.9406588413615354e-17
4326.499999999999	6.979285961219164e-17	2.600092701305693e-17
4326.749999999999	6.866934697070429e-17	2.932013811343621e-17
4326.999999999999	6.835708343194077e-17	2.9564133233082204e-17
4327.249999999999	6.860770804875012e-17	2.780204000499724e-17
4327.499999999999	6.908098777798833e-17	3.06022349756689e-17
4327.749999999999	6.957925569122246e-17	2.8430399485517024e-17
4327.999999999999	7.015304271697318e-17	2.928813945862021e-17
4328.249999999999	7.10019536763667e-17	2.920778713391681e-17
4328.499999999999	7.22422037655848e-17	2.7648419330356344e-17
4328.749999999999	7.372317614475528e-17	2.865807598603857e-17
4328.999999999999	7.505676940965723e-17	3.114678782524726e-17
4329.249999999999	7.585476675767933e-17	2.973864848999619e-17
4329.499999999999	7.59790743359645e-17	2.79698054681128e-17
4329.749999999999	7.558781245362045e-17	2.8448984579519866e-17
4329.999999999999	7.494741914154747e-17	2.891918050947461e-17
4330.249999999999	7.419465675386917e-17	2.816296537603373e-17
4330.499999999999	7.32584393257893e-17	2.93659870804288e-17
4330.749999999999	7.197991163384154e-17	2.9778333307064035e-17
4330.999999999999	7.02920387331363e-17	2.6957551465307155e-17
4331.249999999999	6.830562896645774e-17	2.9309748724942546e-17
4331.499999999999	6.627066311805267e-17	2.866571582617611e-17
4331.749999999999	6.448462975244037e-17	2.842264384009373e-17
4331.999999999999	6.321485919532637e-17	2.8551329982349827e-17
4332.249999999999	6.264617873482062e-17	2.7736275837576826e-17
4332.499999999999	6.284968230326342e-17	2.7756363091572064e-17
4332.749999999999	6.379087246718609e-17	2.8268966917171175e-17
4332.999999999999	6.538261982628873e-17	2.8154313066826425e-17
4333.249999999999	6.75247169173756e-17	2.789281149669636e-17
4333.499999999999	7.004539607786297e-17	2.935743072417255e-17
4333.749999999999	7.255288550344242e-17	2.774200489049937e-17
4333.999999999999	7.435621010322026e-17	2.865656389987882e-17
4334.249999999999	7.46477599895582e-17	3.0160993675875967e-17
4334.499999999999	7.295892160155669e-17	3.056432032511192e-17
4334.749999999999	6.963418461552944e-17	2.8268513622195496e-17
4334.999999999999	6.597017361171394e-17	2.7453841634865495e-17
4335.249999999999	6.384488107307027e-17	2.7423275656870436e-17
4335.499999999999	6.49761886065256e-17	2.7142039211686082e-17
4335.749999999999	7.016077051374882e-17	2.632524137018182e-17
4335.999999999999	7.884522674345296e-17	2.8799014327527805e-17
4336.249999999999	8.922437396850972e-17	3.1336854077677247e-17
4336.499999999999	9.884677545537512e-17	3.760049397777784e-17
4336.749999999999	1.0550021845096083e-16	4.117430134453359e-17
4336.999999999999	1.0800785387434714e-16	3.612327182648879e-17
4337.249999999999	1.0657171243197329e-16	2.970088934939437e-17
4337.499999999999	1.025052741473433e-16	2.926880990206607e-17
4337.749999999999	9.752214444545664e-17	2.874532699705066e-17
4337.999999999999	9.298947138597733e-17	2.7825621269899904e-17
4338.249999999999	8.953817525891949e-17	2.9841195724895615e-17
4338.499999999999	8.716284068903973e-17	2.970132279203535e-17
4338.749999999999	8.563369033776267e-17	2.9958509788090336e-17
4338.999999999999	8.48837216708548e-17	3.002925689152077e-17
4339.249999999999	8.51033424405748e-17	2.935803291165849e-17
4339.499999999999	8.650886351656712e-17	2.7036222959005848e-17
4339.749999999999	8.899491973859718e-17	2.8648331798422695e-17
4339.999999999999	9.196426170020091e-17	3.087797397850223e-17
4340.249999999999	9.448367020255919e-17	3.144957232538862e-17
4340.499999999999	9.56610735060612e-17	2.975342193573639e-17
4340.749999999999	9.499627165355252e-17	2.898411418756002e-17
4340.999999999999	9.252889878783558e-17	2.917608295539888e-17
4341.249999999999	8.87814526336658e-17	2.9365593342457226e-17
4341.499999999999	8.459441026551772e-17	2.914897790108674e-17
4341.749999999999	8.092923163219298e-17	2.834347934674995e-17
4341.999999999999	7.86657513727397e-17	2.843393320109385e-17
4342.249999999999	7.842068851317667e-17	2.7335338085949924e-17
4342.499999999999	8.043542831540038e-17	2.8000493868838514e-17
4342.749999999999	8.455854566807451e-17	2.9392873759059225e-17
4342.999999999999	9.028741289137646e-17	2.9522357303425826e-17
4343.249999999999	9.680990680635994e-17	2.9175252466063874e-17
4343.499999999999	1.0304502173782954e-16	3.042995310640881e-17
4343.749999999999	1.077586057694381e-16	3.186010868084359e-17
4343.999999999999	1.0982394715743577e-16	3.219937846344344e-17
4344.249999999999	1.0858521969728646e-16	3.009720150703588e-17
4344.499999999999	1.0415967536917888e-16	3.0835930042327384e-17
4344.749999999999	9.749483899276804e-17	2.969967173953269e-17
4344.999999999999	9.01046467109097e-17	2.878538569975538e-17
4345.249999999999	8.357449088738386e-17	2.884136266616807e-17
4345.499999999999	7.90523465858114e-17	2.775598589721274e-17
4345.749999999999	7.695984498452388e-17	2.7970371259651783e-17
4345.999999999999	7.704404182322771e-17	2.9303472078454494e-17
4346.249999999999	7.86999744718003e-17	2.938093588845886e-17
4346.499999999999	8.134236446224191e-17	2.7463445201777236e-17
4346.749999999999	8.459861686733523e-17	2.855103219732931e-17
4346.999999999999	8.824212522230708e-17	2.850976911965271e-17
4347.249999999999	9.197923209401407e-17	2.892236350047171e-17
4347.499999999999	9.530691642677979e-17	2.960975720694818e-17
4347.749999999999	9.759895662820478e-17	3.023376571744593e-17
4347.999999999999	9.839492102992973e-17	3.113188533933151e-17
4348.249999999999	9.768808020007993e-17	2.9558697002096505e-17
4348.499999999999	9.597590636653683e-17	2.96053698409792e-17
4348.749999999999	9.399574017628002e-17	2.968043151848471e-17
4348.999999999999	9.230981645133074e-17	2.6275168818981535e-17
4349.249999999999	9.103156386807187e-17	3.176977724923035e-17
4349.499999999999	8.988052988533973e-17	3.029458665352573e-17
4349.749999999999	8.849772243922572e-17	2.8997279594189415e-17
4349.999999999999	8.676514290644547e-17	2.955049137041998e-17
4350.249999999999	8.490638412401723e-17	2.957081023498673e-17
4350.499999999999	8.33501324255312e-17	2.7899885545294915e-17
4350.749999999999	8.25233387114351e-17	2.802476334801082e-17
4350.999999999999	8.275108384443777e-17	2.894639144290515e-17
4351.249999999999	8.428815827577955e-17	2.955740329161847e-17
4351.499999999999	8.735398030160848e-17	2.846414845450919e-17
4351.749999999999	9.204475695795736e-17	2.782510180047522e-17
4351.999999999999	9.814819208507479e-17	2.9584614225049017e-17
4352.249999999999	1.0501861163120317e-16	3.08813720364586e-17
4352.499999999999	1.1164436375209793e-16	3.021047231139644e-17
4352.749999999999	1.168960397672808e-16	3.021256673270742e-17
4352.999999999999	1.198336430792262e-16	3.096131077085572e-17
4353.249999999999	1.1994727188667098e-16	3.165983171093225e-17
4353.499999999999	1.1725850730249965e-16	3.1477987633791044e-17
4353.749999999999	1.122583648982369e-16	2.990073287666473e-17
4353.999999999999	1.0570827738868805e-16	3.048269414226519e-17
4354.249999999999	9.83955586131223e-17	2.824834034141655e-17
4354.499999999999	9.096978952038824e-17	2.882452788634139e-17
4354.749999999999	8.393437430267182e-17	3.0120101175113795e-17
4354.999999999999	7.775048183674934e-17	2.750469173584158e-17
4355.249999999999	7.292544517273946e-17	2.8121728768136736e-17
4355.499999999999	6.997608728087238e-17	2.6832104562329813e-17
4355.749999999999	6.925672050913325e-17	2.708756771398824e-17
4355.999999999999	7.074396911435878e-17	2.813735255554664e-17
4356.249999999999	7.391716769285051e-17	2.597662444666012e-17
4356.499999999999	7.784349749527133e-17	2.957438034651051e-17
4356.749999999999	8.147453102631177e-17	2.870034822406248e-17
4356.999999999999	8.402789165332294e-17	2.8585495850370717e-17
4357.249999999999	8.525654308632336e-17	2.995625323937929e-17
4357.499999999999	8.547008036321941e-17	2.6750848956397504e-17
4357.749999999999	8.532507977673099e-17	3.011085329586545e-17
4357.999999999999	8.551707528587984e-17	2.9534033784952624e-17
4358.249999999999	8.651031766478468e-17	2.785788131378947e-17
4358.499999999999	8.838228988480523e-17	2.78879642183068e-17
4358.749999999999	9.081795346013554e-17	2.980539203926187e-17
4358.999999999999	9.326460129261134e-17	2.8558324621609575e-17
4359.249999999999	9.520240855132121e-17	2.961397251934975e-17
4359.499999999999	9.64036151036036e-17	3.040516746653427e-17
4359.749999999999	9.70266719552486e-17	2.8609202846726487e-17
4359.999999999999	9.748089319690809e-17	2.916017461785826e-17
4360.249999999999	9.815321772410151e-17	2.859509445419878e-17
4360.499999999999	9.918398939178498e-17	2.9747588658056665e-17
4360.749999999999	1.0042884652348513e-16	3.0726619778739727e-17
4360.999999999999	1.0159507764108841e-16	2.9097414770422634e-17
4361.249999999999	1.0242774931720605e-16	3.100993575598404e-17
4361.499999999999	1.0282996419992102e-16	2.7837310986316503e-17
4361.749999999999	1.02892108504361e-16	2.9049365503000654e-17
4361.999999999999	1.0286839144216275e-16	3.206915045652554e-17
4362.249999999999	1.0312397566332105e-16	2.7450671878758192e-17
4362.499999999999	1.0403282552562836e-16	3.0092956416132255e-17
4362.749999999999	1.0581321985692873e-16	2.928811629756306e-17
4362.999999999999	1.0835835468217357e-16	2.8090841844064006e-17
4363.249999999999	1.1118270468597614e-16	2.856557403249799e-17
4363.499999999999	1.1357430424711135e-16	3.1909134021388384e-17
4363.749999999999	1.1490987624320419e-16	3.007803076915935e-17
4363.999999999999	1.1495569141929518e-16	2.898936513008851e-17
4364.249999999999	1.1396997171057852e-16	2.898096428378742e-17
4364.499999999999	1.125581329588002e-16	2.942584186955314e-17
4364.749999999999	1.113877345499563e-16	2.820886066514062e-17
4364.999999999999	1.1091996386445231e-16	2.9418939874521996e-17
4365.249999999999	1.1125953764077464e-16	2.905866963053065e-17
4365.499999999999	1.1215089127196314e-16	2.9374305208668635e-17
4365.749999999999	1.1310098088556862e-16	3.1447444816853136e-17
4365.999999999999	1.1356926034619434e-16	2.9978590424640673e-17
4366.249999999999	1.1313343621292208e-16	2.951913129903687e-17
4366.499999999999	1.1156130771326694e-16	2.896040057375935e-17
4366.749999999999	1.0880040033327001e-16	2.928481419255775e-17
4366.999999999999	1.0496037585153821e-16	3.1069631726430766e-17
4367.249999999999	1.0033585249716867e-16	2.8853472590335846e-17
4367.499999999999	9.543217156713469e-17	2.7606724464399996e-17
4367.749999999999	9.091527253687231e-17	2.82755975969614e-17
4367.999999999999	8.745384534636605e-17	2.890551879447768e-17
4368.249999999999	8.550692111088007e-17	2.6541706264680822e-17
4368.499999999999	8.516022442359273e-17	2.8755365660964607e-17
4368.749999999999	8.610254304311869e-17	2.8227018933947386e-17
4368.999999999999	8.777059084978437e-17	2.857652259508574e-17
4369.249999999999	8.960362906130628e-17	2.9429057947774745e-17
4369.499999999999	9.127792379453957e-17	2.7591549008882098e-17
4369.749999999999	9.278781768255463e-17	2.895197325767866e-17
4369.999999999999	9.4328517516134e-17	2.648035924173144e-17
4370.249999999999	9.606882112501937e-17	2.624514216274586e-17
4370.499999999999	9.797834490467058e-17	2.934863613989989e-17
4370.749999999999	9.98224851273279e-17	2.951695746838708e-17
4370.999999999999	1.0129998038355981e-16	2.8443955321395543e-17
4371.249999999999	1.0219722655837217e-16	2.850460420390793e-17
4371.499999999999	1.024551957803713e-16	2.8688248226062054e-17
4371.749999999999	1.0214651852131378e-16	2.84815258648177e-17
4371.999999999999	1.0142693822673685e-16	2.938877756066586e-17
4372.249999999999	1.0050284861286957e-16	2.8670453916724813e-17
4372.499999999999	9.960102783122976e-17	2.800696903867358e-17
4372.749999999999	9.891815291579698e-17	2.7632879915368923e-17
4372.999999999999	9.85652970805797e-17	2.779151495888312e-17
4373.249999999999	9.853971156222767e-17	2.944692504900589e-17
4373.499999999999	9.872649947796573e-17	2.6896220985970023e-17
4373.749999999999	9.891101438191904e-17	2.7155841547387142e-17
4373.999999999999	9.881291214472132e-17	2.888877996760206e-17
4374.249999999999	9.818585899047794e-17	2.910126612335468e-17
4374.499999999999	9.69849063826536e-17	2.9730409771095163e-17
4374.749999999999	9.550444315146681e-17	2.85937974349983e-17
4374.999999999999	9.434865181630587e-17	2.80034187794845e-17
4375.249999999999	9.418626668019022e-17	2.7982745881615577e-17
4375.499999999999	9.540007130916578e-17	2.7297802284113492e-17
4375.749999999999	9.783617237118465e-17	2.795801979874514e-17
4375.999999999999	1.0081438034843745e-16	2.9112088954489325e-17
4376.249999999999	1.0341426046634816e-16	2.948672567135949e-17
4376.499999999999	1.0489699953491002e-16	2.9347458234707614e-17
4376.749999999999	1.0504685206109197e-16	3.0080459371437804e-17
4376.999999999999	1.0425625496737491e-16	2.9914477309722913e-17
4377.249999999999	1.0331659284881167e-16	2.6944286797004255e-17
4377.499999999999	1.0303517252834768e-16	2.672568281344119e-17
4377.749999999999	1.0387918062283981e-16	2.9553862958596745e-17
4377.999999999999	1.0580287175620587e-16	2.7986454959482264e-17
4378.249999999999	1.0829552456437036e-16	2.7359344521687438e-17
4378.499999999999	1.1058941173258102e-16	2.887401644802921e-17
4378.749999999999	1.119318402585639e-16	2.9993899883417805e-17
4378.999999999999	1.1182909188756148e-16	2.9518621755779536e-17
4379.249999999999	1.1018596419240559e-16	2.8993706173943186e-17
4379.499999999999	1.0729703426767961e-16	2.966094314325296e-17
4379.749999999999	1.0369923602434121e-16	2.856496522756715e-17
4379.999999999999	9.995077690105457e-17	2.7360704406614475e-17
4380.249999999999	9.643477189750657e-17	2.7747212819636002e-17
4380.499999999999	9.327994653165465e-17	2.7636082758700728e-17
4380.749999999999	9.043448519160967e-17	2.783209313101252e-17
4380.999999999999	8.783826625439186e-17	2.833175654310885e-17
4381.249999999999	8.557413650684102e-17	2.7883507369166365e-17
4381.499999999999	8.390019100906874e-17	2.5538713376013323e-17
4381.749999999999	8.315631968448754e-17	2.7501667563522086e-17
4381.999999999999	8.361175256525493e-17	2.8288461909847825e-17
4382.249999999999	8.531794793776723e-17	2.814561112678237e-17
4382.499999999999	8.799506990963245e-17	2.7272472359395893e-17
4382.749999999999	9.098478702379278e-17	2.600023052698116e-17
4382.999999999999	9.333807644768561e-17	2.922887362209201e-17
4383.249999999999	9.408430309893677e-17	2.9363998538236224e-17
4383.499999999999	9.260987769139213e-17	2.8686057851800013e-17
4383.749999999999	8.895500511108899e-17	2.801088656605463e-17
4383.999999999999	8.384655349088928e-17	2.7189693086775262e-17
4384.249999999999	7.843962131454642e-17	2.4921448041869102e-17
4384.499999999999	7.391557884920803e-17	2.659821097232432e-17
4384.749999999999	7.114166030099774e-17	2.6763526326465492e-17
4384.999999999999	7.051227673179467e-17	2.5219069280626907e-17
4385.249999999999	7.195818917557097e-17	2.7903329925365586e-17
4385.499999999999	7.503601106883369e-17	2.7475493914579683e-17
4385.749999999999	7.903057852995127e-17	2.6883909229732784e-17
4385.999999999999	8.306646797136773e-17	2.7051676347209564e-17
4386.249999999999	8.625943229285327e-17	2.8148393762362996e-17
4386.499999999999	8.791125220166989e-17	2.8962365954894777e-17
4386.749999999999	8.769229409966654e-17	2.76184803552656e-17
4386.999999999999	8.57280980196325e-17	2.758906746704444e-17
4387.249999999999	8.254530567537819e-17	2.7562893818102036e-17
4387.499999999999	7.891030661211764e-17	2.6771134733739754e-17
4387.749999999999	7.564429449826983e-17	2.7588865634974976e-17
4387.999999999999	7.348039810191351e-17	2.6176054383624206e-17
4388.249999999999	7.296656997489782e-17	2.6295651465309573e-17
4388.499999999999	7.437555608011988e-17	2.6749497343276592e-17
4388.749999999999	7.76040868197427e-17	2.592802758567263e-17
4388.999999999999	8.210962846085801e-17	2.668768709918418e-17
4389.249999999999	8.697598294656671e-17	2.7383670249141397e-17
4389.499999999999	9.11548545573624e-17	2.9205239417630146e-17
4389.749999999999	9.3810696726916e-17	3.015791656399727e-17
4389.999999999999	9.459590032250898e-17	2.812569923507699e-17
4390.249999999999	9.370442420184057e-17	2.825044468889489e-17
4390.499999999999	9.169632920795266e-17	2.693354172084719e-17
4390.749999999999	8.923654893121895e-17	2.7033387383866017e-17
4390.999999999999	8.691797387952417e-17	2.812018359475249e-17
4391.249999999999	8.522460611057519e-17	2.7979003716524387e-17
4391.499999999999	8.45491754422701e-17	2.659688582898301e-17
4391.749999999999	8.514576530979295e-17	2.710854335996136e-17
4391.999999999999	8.69982743209101e-17	2.6587429500220303e-17
4392.249999999999	8.971463981428872e-17	2.6061620563322395e-17
4392.499999999999	9.258212135655157e-17	2.9759146025575255e-17
4392.749999999999	9.481029551924663e-17	2.780873355051402e-17
4392.999999999999	9.584441305331968e-17	2.800230374001878e-17
4393.249999999999	9.557693290294133e-17	2.859680175498309e-17
4393.499999999999	9.435192309343599e-17	2.8539474829810717e-17
4393.749999999999	9.27788358764337e-17	2.7470267787469573e-17
4393.999999999999	9.146636585979743e-17	2.761086036746276e-17
4394.249999999999	9.081554596524291e-17	2.7066476262729363e-17
4394.499999999999	9.096793716301488e-17	2.7606727773122446e-17
4394.749999999999	9.190099577219741e-17	2.921182708402852e-17
4394.999999999999	9.355297860454617e-17	2.809933202587125e-17
4395.249999999999	9.583826023192751e-17	2.6870965507507554e-17
4395.499999999999	9.852761942958686e-17	2.6751795251018265e-17
4395.749999999999	1.0112991132005776e-16	2.784875916599424e-17
4395.999999999999	1.0295481735252725e-16	2.9238425903805774e-17
4396.249999999999	1.0339075210629916e-16	2.7484202472068642e-17
4396.499999999999	1.0222313192951673e-16	2.8744572608332015e-17
4396.749999999999	9.975352598571778e-17	2.784602946997281e-17
4396.999999999999	9.663232088079667e-17	2.6727019537311076e-17
4397.249999999999	9.35434818815753e-17	2.7651251596773726e-17
4397.499999999999	9.096557060204841e-17	2.765498549005879e-17
4397.749999999999	8.9115204841938e-17	2.845186978549645e-17
4397.999999999999	8.800108703583033e-17	2.6591532316058566e-17
4398.249999999999	8.746666502795386e-17	2.500337697282003e-17
4398.499999999999	8.720063285150795e-17	2.7799773530118847e-17
4398.749999999999	8.679309587273171e-17	2.847010415491957e-17
4398.999999999999	8.587777647211548e-17	2.8664895263008457e-17
4399.249999999999	8.428211975310427e-17	2.7740123881786423e-17
4399.499999999999	8.20718552263352e-17	2.6378927046297736e-17
4399.749999999999	7.947939696046248e-17	2.6038691116742425e-17
4399.999999999999	7.681705726629086e-17	2.7307467062390562e-17
4400.249999999999	7.445416139268857e-17	2.777081559123459e-17
4400.499999999999	7.281482398802549e-17	2.6429656378904388e-17
4400.749999999999	7.229568282917237e-17	2.4793370704543842e-17
4400.999999999999	7.30934615140269e-17	2.6363692033775735e-17
4401.249999999999	7.506809124539632e-17	2.6967638105696627e-17
4401.499999999999	7.778413947408742e-17	2.643802248361975e-17
4401.749999999999	8.073581085020009e-17	2.755942462261299e-17
4401.999999999999	8.359452298380507e-17	2.912484407953489e-17
4402.249999999999	8.628150206452897e-17	2.599483896374854e-17
4402.499999999999	8.880456580789798e-17	2.6431277652904992e-17
4402.749999999999	9.099876809732434e-17	2.768156611186257e-17
4402.999999999999	9.240449115055861e-17	2.8401395224518465e-17
4403.249999999999	9.241815088546604e-17	2.827077017090654e-17
4403.499999999999	9.063842696312574e-17	2.8409064843158056e-17
4403.749999999999	8.717777272886795e-17	2.7707417160366076e-17
4403.999999999999	8.272883084096935e-17	2.6463713059084422e-17
4404.249999999999	7.833607372813366e-17	2.60043713931276e-17
4404.499999999999	7.499956090111861e-17	2.6427391558387218e-17
4404.749999999999	7.332269185075597e-17	2.455098858709233e-17
4404.999999999999	7.337706870973574e-17	2.679750028858427e-17
4405.249999999999	7.482720938142698e-17	2.7104230440247508e-17
4405.499999999999	7.720781043186676e-17	2.7024912091309798e-17
4405.749999999999	8.016760079691427e-17	2.7661508636369383e-17
4405.999999999999	8.354280450128316e-17	2.5147256768567503e-17
4406.249999999999	8.726030244009836e-17	2.7210251833719655e-17
4406.499999999999	9.118040693256124e-17	2.894322830424275e-17
4406.749999999999	9.499409318636599e-17	2.818228500642052e-17
4406.999999999999	9.822642343480764e-17	2.447973855784946e-17
4407.249999999999	1.003486469946093e-16	2.7572821639813898e-17
4407.499999999999	1.0097672136010064e-16	2.944896322203522e-17
4407.749999999999	1.0008645582905427e-16	2.855542618074319e-17
4407.999999999999	9.811398653974015e-17	2.667062567186966e-17
4408.249999999999	9.582565529579529e-17	2.678040577404525e-17
4408.499999999999	9.398027041057426e-17	2.723288514964033e-17
4408.749999999999	9.297356984144086e-17	2.6447245547449716e-17
4408.999999999999	9.269164888022256e-17	2.7364550796462846e-17
4409.249999999999	9.265912265304912e-17	2.846355950191305e-17
4409.499999999999	9.236181077915702e-17	2.6950098567988052e-17
4409.749999999999	9.151735392821735e-17	2.812960352756824e-17
4409.999999999999	9.013119476518078e-17	2.6810617718738136e-17
4410.249999999999	8.834717033917018e-17	2.608749311852183e-17
4410.499999999999	8.624942203802358e-17	2.6643631459759606e-17
4410.749999999999	8.379051449039358e-17	2.7339641079496424e-17
4410.999999999999	8.090389859375269e-17	2.8399353742766684e-17
4411.249999999999	7.770413445247279e-17	2.708781421381078e-17
4411.499999999999	7.460968048252423e-17	2.5967313701685224e-17
4411.749999999999	7.228460679013e-17	2.6028525067014148e-17
4411.999999999999	7.1418699871573e-17	2.6721158135490526e-17
4412.249999999999	7.245165144705236e-17	2.4974655607590963e-17
4412.499999999999	7.536299861386006e-17	2.4443785979705456e-17
4412.749999999999	7.961924211355356e-17	2.5677013011348514e-17
4412.999999999999	8.431207972673166e-17	2.7621524379919795e-17
4413.249999999999	8.843778660642843e-17	2.7740347220551812e-17
4413.499999999999	9.118993582933846e-17	2.7323464735437337e-17
4413.749999999999	9.213115498935183e-17	2.7485625222722233e-17
4413.999999999999	9.1196918491622e-17	2.7148487911741545e-17
4414.249999999999	8.8598107545574e-17	2.65124935541679e-17
4414.499999999999	8.473134557462365e-17	2.8513554298135755e-17
4414.749999999999	8.014864021112695e-17	2.580807977940754e-17
4414.999999999999	7.55467095161451e-17	2.617345041905589e-17
4415.249999999999	7.169707198678114e-17	2.6126939707573257e-17
4415.499999999999	6.927790430887155e-17	2.392183335882327e-17
4415.749999999999	6.865022231705527e-17	2.6464191169478477e-17
4415.999999999999	6.968746297653663e-17	2.4485614848921038e-17
4416.249999999999	7.177725547263935e-17	2.5234727809622536e-17
4416.499999999999	7.404871947606891e-17	2.682314454193464e-17
4416.749999999999	7.5753041924662e-17	2.7208476704125116e-17
4416.999999999999	7.660700142512547e-17	2.7480681991381616e-17
4417.249999999999	7.689610879802858e-17	2.4757719220142806e-17
4417.499999999999	7.726715815794964e-17	2.459712706729931e-17
4417.749999999999	7.833835578599497e-17	2.5910185299859862e-17
4417.999999999999	8.036468825500369e-17	2.6431398421274425e-17
4418.249999999999	8.313211576691284e-17	2.7287283855444268e-17
4418.499999999999	8.60852708849701e-17	2.6768615141593918e-17
4418.749999999999	8.856681577081764e-17	2.6188774767084046e-17
4418.999999999999	9.004047634438561e-17	2.6378237177666867e-17
4419.249999999999	9.023851182273629e-17	2.7600580166809952e-17
4419.499999999999	8.922675133800955e-17	2.6602816713975014e-17
4419.749999999999	8.73848201543669e-17	2.714075211865295e-17
4419.999999999999	8.529337820700046e-17	2.673807894210091e-17
4420.249999999999	8.354691228389968e-17	2.5555905497864625e-17
4420.499999999999	8.256211439361419e-17	2.4962383556023127e-17
4420.749999999999	8.247617008894599e-17	2.6021609837093205e-17
4420.999999999999	8.318675891373029e-17	2.6966799344555498e-17
4421.249999999999	8.449300146615864e-17	2.7066163588457818e-17
4421.499999999999	8.62243159324755e-17	2.6482518183130202e-17
4421.749999999999	8.825775546687493e-17	2.595837353362475e-17
4421.999999999999	9.042156557519327e-17	2.6397110130522877e-17
4422.249999999999	9.238749228034765e-17	2.6780293277481942e-17
4422.499999999999	9.367684721622755e-17	2.717919781916319e-17
4422.749999999999	9.382032510598339e-17	2.7567684848209943e-17
4422.999999999999	9.258327720981365e-17	2.785530712772321e-17
4423.249999999999	9.010282144281008e-17	2.6293054118186156e-17
4423.499999999999	8.683909673314939e-17	2.5779085444576333e-17
4423.749999999999	8.337609409489223e-17	2.6166437581822664e-17
4423.999999999999	8.020612294489972e-17	2.6854486415344273e-17
4424.249999999999	7.761852096219333e-17	2.6858728197525445e-17
4424.499999999999	7.571516592707967e-17	2.5420457981281517e-17
4424.749999999999	7.448713014704527e-17	2.586772446465629e-17
4424.999999999999	7.387602717877814e-17	2.6018759372702347e-17
4425.249999999999	7.379260484104668e-17	2.5429461015068544e-17
4425.499999999999	7.411414498176324e-17	2.647344235744927e-17
4425.749999999999	7.469327958999875e-17	2.4792818147894656e-17
4425.999999999999	7.539042525240608e-17	2.589004841502787e-17
4426.249999999999	7.611610347165315e-17	2.676498381870481e-17
4426.499999999999	7.685663242071695e-17	2.5955665344299253e-17
4426.749999999999	7.766450658579526e-17	2.575336509060961e-17
4426.999999999999	7.861818467152976e-17	2.6121207345928265e-17
4427.249999999999	7.977786970855794e-17	2.4708913909640953e-17
4427.499999999999	8.116595408223143e-17	2.5237392985556182e-17
4427.749999999999	8.278034271152653e-17	2.824143834638541e-17
4427.999999999999	8.462454903695061e-17	2.4979178631180403e-17
4428.249999999999	8.67292341233011e-17	2.6994905287408825e-17
4428.499999999999	8.914716647062506e-17	2.718648858908223e-17
4428.749999999999	9.191569066126478e-17	2.6407147140075595e-17
4428.999999999999	9.499501535706858e-17	2.611799126770666e-17
4429.249999999999	9.820838926014347e-17	2.600921205407226e-17
4429.499999999999	1.0122276898049991e-16	2.745282585707328e-17
4429.749999999999	1.0359765642562106e-16	2.695850603173404e-17
4429.999999999999	1.0489333487907818e-16	2.6594276901331017e-17
4430.249999999999	1.0479295190855399e-16	2.82646324907614e-17
4430.499999999999	1.031837709855648e-16	2.6731398631473932e-17
4430.749999999999	1.0016834856540441e-16	2.7399217935934944e-17
4430.999999999999	9.601935522792616e-17	2.746171308557455e-17
4431.249999999999	9.112624647450535e-17	2.627258470674792e-17
4431.499999999999	8.597980120705654e-17	2.4360808183737812e-17
4431.749999999999	8.118964482577526e-17	2.817306028822933e-17
4431.999999999999	7.746165186963008e-17	2.5718128850876075e-17
4432.249999999999	7.545091970696988e-17	2.3798315441034402e-17
4432.499999999999	7.549820129374825e-17	2.3752188541355995e-17
4432.749999999999	7.739684886149992e-17	2.4573013098082165e-17
4432.999999999999	8.038829078339201e-17	2.6870538682311477e-17
4433.249999999999	8.346250511687271e-17	2.7926249445778205e-17
4433.499999999999	8.58221593051612e-17	2.722849778367135e-17
4433.749999999999	8.723356651594923e-17	2.601133790824652e-17
4433.999999999999	8.805181313151103e-17	2.6475902392591003e-17
4434.249999999999	8.89226141022677e-17	2.4825425607641497e-17
4434.499999999999	9.03659964590425e-17	2.4045655679077558e-17
4434.749999999999	9.249700123800598e-17	2.583986998470918e-17
4434.999999999999	9.5018289314628e-17	2.772058918444037e-17
4435.249999999999	9.742907272750826e-17	2.5630642920570016e-17
4435.499999999999	9.927543764072753e-17	2.728925419966337e-17
4435.749999999999	1.0029338430296814e-16	2.6340924714595825e-17
4435.999999999999	1.0041994062611859e-16	2.638874898889119e-17
4436.249999999999	9.974673497295222e-17	2.7396749628987085e-17
4436.499999999999	9.84827823914244e-17	2.6693621292898635e-17
4436.749999999999	9.691674003481916e-17	2.699304743975303e-17
4436.999999999999	9.53341991050697e-17	2.5243196484733854e-17
4437.249999999999	9.390110199574329e-17	2.4859280455752067e-17
4437.499999999999	9.260010314499628e-17	2.6436293676139514e-17
4437.749999999999	9.129290125262587e-17	2.753293829939904e-17
4437.999999999999	8.987106021825735e-17	2.6047247472998674e-17
4438.249999999999	8.836677543397597e-17	2.576281976501109e-17
4438.499999999999	8.692929859849845e-17	2.5403590114230336e-17
4438.749999999999	8.570060817415238e-17	2.5342373785817737e-17
4438.999999999999	8.470876003833978e-17	2.7987258979037666e-17
4439.249999999999	8.38592561691054e-17	2.5886031625973314e-17
4439.499999999999	8.300332797777918e-17	2.564615421141661e-17
4439.749999999999	8.201149387788719e-17	2.5454560983575853e-17
4439.999999999999	8.08132418904233e-17	2.4955870335879884e-17
4440.249999999999	7.941429076836037e-17	2.6863342210982266e-17
4440.499999999999	7.790977141525047e-17	2.4185722172201163e-17
4440.749999999999	7.648519016502587e-17	2.520790234235744e-17
4440.999999999999	7.538402605308808e-17	2.5489008093005012e-17
4441.249999999999	7.483768197610187e-17	2.3496574842826084e-17
4441.499999999999	7.498143595265185e-17	2.5044595382743547e-17
4441.749999999999	7.579966270164126e-17	2.4922305000983707e-17
4441.999999999999	7.714404660078986e-17	2.461832936076027e-17
4442.249999999999	7.883510229547573e-17	2.5406314847168086e-17
4442.499999999999	8.079038052385002e-17	2.6962557562374326e-17
4442.749999999999	8.307181301435354e-17	2.519750468205765e-17
4442.999999999999	8.578215726459433e-17	2.291484187907469e-17
4443.249999999999	8.886982705866477e-17	2.4653534167630527e-17
4443.499999999999	9.201244717884144e-17	2.6656308829827593e-17
4443.749999999999	9.471449990134925e-17	2.6578702744757868e-17
4443.999999999999	9.657812944599393e-17	2.805333085764595e-17
4444.249999999999	9.754690449344687e-17	2.6421614528989148e-17
4444.499999999999	9.793653102739751e-17	2.4533798119602252e-17
4444.749999999999	9.824026058327809e-17	2.4745811128044493e-17
4444.999999999999	9.886155697710066e-17	2.7262251715747188e-17
4445.249999999999	9.994052107759942e-17	2.6368228292254975e-17
4445.499999999999	1.0132777293012039e-16	2.6442343675139727e-17
4445.749999999999	1.0265720589586626e-16	2.6490732086612854e-17
4445.999999999999	1.034608738948203e-16	2.664658780326887e-17
4446.249999999999	1.0331097263158422e-16	2.7023342102507173e-17
4446.499999999999	1.0197923567962202e-16	2.687704859373227e-17
4446.749999999999	9.956118816107691e-17	2.679290612746215e-17
4446.999999999999	9.648724861455418e-17	2.596288993976929e-17
4447.249999999999	9.33855181147606e-17	2.5181581455266004e-17
4447.499999999999	9.084663033549222e-17	2.5286438178435676e-17
4447.749999999999	8.919993797153506e-17	2.471489442546971e-17
4447.999999999999	8.840175933925428e-17	2.6057438338145327e-17
4448.249999999999	8.807645897697898e-17	2.593681058941672e-17
4448.499999999999	8.768360133384602e-17	2.541993685749561e-17
4448.749999999999	8.67399359247217e-17	2.632468715917141e-17
4448.999999999999	8.501134953031625e-17	2.6082870833258882e-17
4449.249999999999	8.260644104700029e-17	2.4623158441176355e-17
4449.499999999999	7.994579970073584e-17	2.3936611767647143e-17
4449.749999999999	7.763037698288895e-17	2.4178524046510726e-17
4449.999999999999	7.625958729061156e-17	2.455974015797314e-17
4450.249999999999	7.624603004660051e-17	2.3772930922396375e-17
4450.499999999999	7.766410449760192e-17	2.2325924024522662e-17
4450.749999999999	8.017760691326898e-17	2.4143061159289353e-17
4450.999999999999	8.30991320827042e-17	2.66408306262055e-17
4451.249999999999	8.560165410804215e-17	2.5566248564243988e-17
4451.499999999999	8.70253268869352e-17	2.553374202053188e-17
4451.749999999999	8.714970541295992e-17	2.675919686313939e-17
4451.999999999999	8.629266224266219e-17	2.6374412294514422e-17
4452.249999999999	8.517019269945897e-17	2.4567550397316865e-17
4452.499999999999	8.457151828912133e-17	2.366467779563156e-17
4452.749999999999	8.500453245933911e-17	2.4283121034968057e-17
4452.999999999999	8.64838156754648e-17	2.5438255599341208e-17
4453.249999999999	8.855122529019726e-17	2.6281303190404228e-17
4453.499999999999	9.049203421342329e-17	2.6304217747733172e-17
4453.749999999999	9.162476444635093e-17	2.5236921492607026e-17
4453.999999999999	9.154259601458651e-17	2.6393442411686817e-17
4454.249999999999	9.023584462655795e-17	2.659636801391955e-17
4454.499999999999	8.807331901805512e-17	2.548943160947864e-17
4454.749999999999	8.565211546592478e-17	2.398040601799815e-17
4454.999999999999	8.356390726596851e-17	2.4316582145107052e-17
4455.249999999999	8.217234111392009e-17	2.32195537100433e-17
4455.499999999999	8.150889926560616e-17	2.569159785990905e-17
4455.749999999999	8.133807314507495e-17	2.5932515867676343e-17
4455.999999999999	8.134288604985243e-17	2.4123920199914876e-17
4456.249999999999	8.131181713174529e-17	2.5921277791874198e-17
4456.499999999999	8.12200941893486e-17	2.3929206846803568e-17
4456.749999999999	8.117694604837212e-17	2.3897522520620337e-17
4456.999999999999	8.129365415190357e-17	2.4263933753479276e-17
4457.249999999999	8.156219545719526e-17	2.4472047432513943e-17
4457.499999999999	8.181250542751033e-17	2.5032442445183918e-17
4457.749999999999	8.176601644099429e-17	2.453002286728656e-17
4457.999999999999	8.115573344447629e-17	2.4269431195830304e-17
4458.249999999999	7.985232638038628e-17	2.5297674599876596e-17
4458.499999999999	7.792686943247493e-17	2.6317793435946392e-17
4458.749999999999	7.560658587385069e-17	2.2853870396123407e-17
4458.999999999999	7.314576787231013e-17	2.2684988239180906e-17
4459.249999999999	7.070435052270568e-17	2.403708939665396e-17
4459.499999999999	6.833401468008469e-17	2.5078393982572464e-17
4459.749999999999	6.608682821127013e-17	2.490588215710208e-17
4459.999999999999	6.414669737443352e-17	2.3578144777391163e-17
4460.249999999999	6.284763096884509e-17	2.3932656189957914e-17
4460.499999999999	6.253026402476028e-17	2.2487369827758312e-17
4460.749999999999	6.332698752971426e-17	2.2667786191162253e-17
4460.999999999999	6.503332083870815e-17	2.4891487560082432e-17
4461.249999999999	6.716115991112118e-17	2.3919262481479456e-17
4461.499999999999	6.91360262958343e-17	2.4598222254430332e-17
4461.749999999999	7.050997045918568e-17	2.41075403694251e-17
4461.999999999999	7.107845341292851e-17	2.3621927447213595e-17
4462.249999999999	7.087938604197764e-17	2.3902560050550785e-17
4462.499999999999	7.012871618636758e-17	2.4343515145851778e-17
4462.749999999999	6.915448907334954e-17	2.3980816299581977e-17
4462.999999999999	6.834642188523016e-17	2.3816718555302482e-17
4463.249999999999	6.809745952359784e-17	2.401050877485018e-17
4463.499999999999	6.871680214480807e-17	2.412537272907052e-17
4463.749999999999	7.033293900723429e-17	2.2471889969774995e-17
4463.999999999999	7.283998007849651e-17	2.435030960740329e-17
4464.249999999999	7.59341069885917e-17	2.4267639522623514e-17
4464.499999999999	7.923767767777903e-17	2.4448479402501082e-17
4464.749999999999	8.245208599106175e-17	2.5780253423601257e-17
4464.999999999999	8.546019774631325e-17	2.411056619610582e-17
4465.249999999999	8.832835830413097e-17	2.5338391738348906e-17
4465.499999999999	9.121167193372323e-17	2.5668011631922712e-17
4465.749999999999	9.42109885882273e-17	2.4962616820955867e-17
4465.999999999999	9.725092269273144e-17	2.4143392031534374e-17
4466.249999999999	1.0004464920144606e-16	2.605123779227363e-17
4466.499999999999	1.0217854815389882e-16	2.5694056240689557e-17
4466.749999999999	1.0328642137213651e-16	2.6358479141555426e-17
4466.999999999999	1.0321717429471809e-16	2.653348243503082e-17
4467.249999999999	1.0208683766946696e-16	2.523076065140473e-17
4467.499999999999	1.0017655074073648e-16	2.4668590509140218e-17
4467.749999999999	9.775118419258016e-17	2.406126623159766e-17
4467.999999999999	9.49364574240194e-17	2.5584871708555007e-17
4468.249999999999	9.174605489497887e-17	2.6255984846215205e-17
4468.499999999999	8.823068839572874e-17	2.4400871849526205e-17
4468.749999999999	8.462906083111659e-17	2.4208957675607777e-17
4468.999999999999	8.140681109668489e-17	2.4318932992407927e-17
4469.249999999999	7.91530749878286e-17	2.3519666416806114e-17
4469.499999999999	7.838887254785473e-17	2.3336957108744176e-17
4469.749999999999	7.937445178485394e-17	2.4545813745180197e-17
4469.999999999999	8.199015517720735e-17	2.2574867338592946e-17
4470.249999999999	8.573727942190069e-17	2.3859869259136923e-17
4470.499999999999	8.986987266766969e-17	2.4857960275494432e-17
4470.749999999999	9.361770862684287e-17	2.561299584938181e-17
4470.999999999999	9.64095340366753e-17	2.6286115727208062e-17
4471.249999999999	9.799640111025846e-17	2.4148431215826047e-17
4471.499999999999	9.842937964150045e-17	2.470130550236669e-17
4471.749999999999	9.7929580748058e-17	2.5412507121233658e-17
4471.999999999999	9.673819996641677e-17	2.5196366481534777e-17
4472.249999999999	9.502289973826154e-17	2.389983035452936e-17
4472.499999999999	9.287045448357369e-17	2.468704987168995e-17
4472.749999999999	9.03524085913208e-17	2.4830507805325023e-17
4472.999999999999	8.762239235302096e-17	2.4351388250922058e-17
4473.249999999999	8.498604653725276e-17	2.4170235696772945e-17
4473.499999999999	8.288511100948644e-17	2.4881807892554336e-17
4473.749999999999	8.177531801347331e-17	2.3447609059285395e-17
4473.999999999999	8.194853233145018e-17	2.3206952440591667e-17
4474.249999999999	8.340515302955622e-17	2.3408258423185022e-17
4474.499999999999	8.586510470005284e-17	2.4390588340150946e-17
4474.749999999999	8.890991462321176e-17	2.6015677297739975e-17
4474.999999999999	9.214764535376313e-17	2.39164649566478e-17
4475.249999999999	9.528049707929821e-17	2.384326939860421e-17
4475.499999999999	9.804963373648733e-17	2.412748203963253e-17
4475.749999999999	1.0014706595400244e-16	2.457012789210558e-17
4475.999999999999	1.0121028504276972e-16	2.5328619426592205e-17
4476.249999999999	1.0093038911596252e-16	2.6661516758964227e-17
4476.499999999999	9.919696215052006e-17	2.4311205471125457e-17
4476.749999999999	9.617559764530193e-17	2.4168176017047688e-17
4476.999999999999	9.227938756612592e-17	2.50501209492354e-17
4477.249999999999	8.807410626829077e-17	2.4223155403641637e-17
4477.499999999999	8.41725990497283e-17	2.5131902642037294e-17
4477.749999999999	8.11349751923124e-17	2.3369816031397233e-17
4477.999999999999	7.936440735500898e-17	2.2302428786403706e-17
4478.249999999999	7.901041995521447e-17	2.2664111854881292e-17
4478.499999999999	7.99263115768577e-17	2.389306236275745e-17
4478.749999999999	8.171786098763911e-17	2.4367759809605707e-17
4478.999999999999	8.386463035109474e-17	2.37647616866668e-17
4479.249999999999	8.584963426596528e-17	2.3752471437125488e-17
4479.499999999999	8.724471612845601e-17	2.443614448520669e-17
4479.749999999999	8.775098715432197e-17	2.5127430903645832e-17
4479.999999999999	8.722880949413072e-17	2.406682323095279e-17
4480.249999999999	8.573773331422593e-17	2.4294746231296877e-17
4480.499999999999	8.356603380101997e-17	2.4467678264518438e-17
4480.749999999999	8.120835253775813e-17	2.366578952637483e-17
4480.999999999999	7.927009514589971e-17	2.1296481208588168e-17
4481.249999999999	7.83197835677576e-17	2.366223761282453e-17
4481.499999999999	7.874025476048748e-17	2.343317641195757e-17
4481.749999999999	8.062885629719117e-17	2.2619867618277056e-17
4481.999999999999	8.377308458520121e-17	2.28627460440961e-17
4482.249999999999	8.76997908362399e-17	2.50501010969007e-17
4482.499999999999	9.177640922145676e-17	2.5014419833997613e-17
4482.749999999999	9.533723290959839e-17	2.4935154424619106e-17
4482.999999999999	9.781471064235132e-17	2.46811620000898e-17
4483.249999999999	9.886210138508386e-17	2.5078274868564256e-17
4483.499999999999	9.844502732508172e-17	2.663761289362267e-17
4483.749999999999	9.68632005796423e-17	2.452393481797817e-17
4483.999999999999	9.467133677962871e-17	2.3785841557397103e-17
4484.249999999999	9.251620960599886e-17	2.319614449870805e-17
4484.499999999999	9.096063275735054e-17	2.3354900310591677e-17
4484.749999999999	9.036921072581545e-17	2.501974853150368e-17
4484.999999999999	9.087594158787615e-17	2.3475499935179458e-17
4485.249999999999	9.23963254995353e-17	2.3589902322617992e-17
4485.499999999999	9.464552159103348e-17	2.3713469871243613e-17
4485.749999999999	9.717014348744469e-17	2.385335603899368e-17
4485.999999999999	9.943035201653086e-17	2.4642051246367066e-17
4486.249999999999	1.0093974564156916e-16	2.6102693389458103e-17
4486.499999999999	1.0141120365825814e-16	2.4329618511560887e-17
4486.749999999999	1.008303427251981e-16	2.4456168873475375e-17
4486.999999999999	9.941252018368483e-17	2.5468659449936207e-17
4487.249999999999	9.746637327711008e-17	2.394419866822548e-17
4487.499999999999	9.523827086203556e-17	2.2984508684625132e-17
4487.749999999999	9.281990410125845e-17	2.419619262439486e-17
4487.999999999999	9.016595296156421e-17	2.402979035492879e-17
4488.249999999999	8.720797409698275e-17	2.365328586423548e-17
4488.499999999999	8.399432424581563e-17	2.5467183759723413e-17
4488.749999999999	8.076904631476759e-17	2.230209956851991e-17
4488.999999999999	7.794169131139385e-17	2.194775690079812e-17
4489.249999999999	7.596898573983598e-17	2.2366409552423458e-17
4489.499999999999	7.521554213209395e-17	2.3004539690338716e-17
4489.749999999999	7.585268629068825e-17	2.3937154398128978e-17
4489.999999999999	7.781172221993422e-17	2.2262651325107256e-17
4490.249999999999	8.077819689956017e-17	2.3447484982193512e-17
4490.499999999999	8.421943956773968e-17	2.3951166837705626e-17
4490.749999999999	8.745818770388437e-17	2.375770749040295e-17
4490.999999999999	8.980488265201927e-17	2.412781291187755e-17
4491.249999999999	9.07295151598862e-17	2.5152654949245024e-17
4491.499999999999	9.001402884854923e-17	2.5028776380709083e-17
4491.749999999999	8.781561556385723e-17	2.4324595870881465e-17
4491.999999999999	8.4608300674109e-17	2.3269106791818902e-17
4492.249999999999	8.103645063351225e-17	2.2320770689306457e-17
4492.499999999999	7.77602822525841e-17	2.36083732656963e-17
4492.749999999999	7.535945721641913e-17	2.3018562056082715e-17
4492.999999999999	7.42960827296353e-17	2.301490260905278e-17
4493.249999999999	7.488238316449863e-17	2.3062788094713475e-17
4493.499999999999	7.720745432674613e-17	2.1466197163588123e-17
4493.749999999999	8.104586527764201e-17	2.2554111722662766e-17
4493.999999999999	8.58311855353568e-17	2.3914253075689835e-17
4494.249999999999	9.076353917479123e-17	2.4393008670623276e-17
4494.499999999999	9.503311626761988e-17	2.455038639960639e-17
4494.749999999999	9.805250292651845e-17	2.5418633220850225e-17
4494.999999999999	9.957732930105204e-17	2.3528239316674614e-17
4495.249999999999	9.967125955735163e-17	2.4169228190786855e-17
4495.499999999999	9.857543175192415e-17	2.4421121230921503e-17
4495.749999999999	9.659066491773312e-17	2.4314156851551046e-17
4495.999999999999	9.404121063927553e-17	2.4906797018859563e-17
4496.249999999999	9.130392182062341e-17	2.2961324466416496e-17
4496.499999999999	8.883000585586319e-17	2.373672191826248e-17
4496.749999999999	8.709751708497513e-17	2.3485482350811748e-17
4496.999999999999	8.64926730339245e-17	2.271350777234051e-17
4497.249999999999	8.717619058071893e-17	2.351010751764745e-17
4497.499999999999	8.900814722865788e-17	2.3036035419342285e-17
4497.749999999999	9.157571844169444e-17	2.3941799844449076e-17
4497.999999999999	9.431595680998934e-17	2.4035305995253295e-17
4498.249999999999	9.668265395710287e-17	2.3887386249394112e-17
4498.499999999999	9.829303068925051e-17	2.508424049514199e-17
4498.749999999999	9.900640010929006e-17	2.391598519189252e-17
4498.999999999999	9.891767866037601e-17	2.3929633671999646e-17
4499.249999999999	9.827853496634629e-17	2.4334366528276942e-17
4499.499999999999	9.738284337351185e-17	2.3900243944835637e-17
4499.749999999999	9.64676580410459e-17	2.1671088146956283e-17
4499.999999999999	9.567505825810917e-17	2.4215277335487682e-17
4500.249999999999	9.508422399522539e-17	2.45017763037291e-17
4500.499999999999	9.477112729233466e-17	2.357137843998048e-17
4500.749999999999	9.482808371167994e-17	2.2435661113306397e-17
4500.999999999999	9.530967435337435e-17	2.2296454888019848e-17
4501.249999999999	9.614333328189534e-17	2.347101992498187e-17
4501.499999999999	9.708588443019692e-17	2.3617822977014107e-17
4501.749999999999	9.777706247876841e-17	2.4440232411793928e-17
4501.999999999999	9.786463645828673e-17	2.4724706441895815e-17
4502.249999999999	9.712450302799239e-17	2.2806914661471222e-17
4502.499999999999	9.551350205332112e-17	2.4078792534416433e-17
4502.749999999999	9.314756003170307e-17	2.396134777668493e-17
4502.999999999999	9.023858586939883e-17	2.351430297771432e-17
4503.249999999999	8.702589872082056e-17	2.320487290853171e-17
4503.499999999999	8.372043332916095e-17	2.333530274751907e-17
4503.749999999999	8.046966842683347e-17	2.3020163477748618e-17
4503.999999999999	7.735223765337148e-17	2.234591036248317e-17
4504.249999999999	7.44078258504949e-17	2.2038586295140117e-17
4504.499999999999	7.169079780700167e-17	2.2456383642012076e-17
4504.749999999999	6.931630893817294e-17	2.3278329855648868e-17
4504.999999999999	6.746606956407277e-17	2.1155766205864323e-17
4505.249999999999	6.634362484737253e-17	2.1664803228662105e-17
4505.499999999999	6.609930002266366e-17	2.265908259675697e-17
4505.749999999999	6.675894446555748e-17	2.299905548287749e-17
4505.999999999999	6.818301099927108e-17	2.2118895606451666e-17
4506.249999999999	7.006874567580059e-17	2.2542969599811676e-17
4506.499999999999	7.200191404758218e-17	2.3389752738520986e-17
4506.749999999999	7.356017409420751e-17	2.327042862643776e-17
4506.999999999999	7.445231014487844e-17	2.3021212342765335e-17
4507.249999999999	7.46464316821467e-17	2.3685393706892338e-17
4507.499999999999	7.441977941960798e-17	2.2028231648232178e-17
4507.749999999999	7.428053961866211e-17	2.1839548441786383e-17
4507.999999999999	7.477330614246671e-17	2.1685069153669654e-17
4508.249999999999	7.625254359366168e-17	2.1829420442366283e-17
4508.499999999999	7.874088801134665e-17	2.272048752234923e-17
4508.749999999999	8.194794104600425e-17	2.3078046268292628e-17
4508.999999999999	8.542909661852314e-17	2.4024724700857517e-17
4509.249999999999	8.877893897879137e-17	2.345183926093799e-17
4509.499999999999	9.174440777741347e-17	2.2837847907658255e-17
4509.749999999999	9.421642673098774e-17	2.397212428570527e-17
4509.999999999999	9.615407961749629e-17	2.2475817423323397e-17
4510.249999999999	9.753425100981465e-17	2.470365800402879e-17
4510.499999999999	9.837343693261296e-17	2.4254388089210415e-17
4510.749999999999	9.878414721908013e-17	2.3010890783081898e-17
4510.999999999999	9.898374421638695e-17	2.3743086245895462e-17
4511.249999999999	9.920888744003455e-17	2.2485161255522796e-17
4511.499999999999	9.957349852503734e-17	2.316966148421655e-17
4511.749999999999	9.996988235498409e-17	2.3594115980658337e-17
4511.999999999999	1.0009904081744375e-16	2.3872133038898635e-17
4512.249999999999	9.963354433024838e-17	2.4380389203198167e-17
4512.499999999999	9.842297756319605e-17	2.4314593602914474e-17
4512.749999999999	9.66150101371255e-17	2.3521951089657986e-17
4512.999999999999	9.461320629749706e-17	2.2588805331914465e-17
4513.249999999999	9.289532003043644e-17	2.2127620707552875e-17
4513.499999999999	9.180317792838866e-17	2.2565291895822032e-17
4513.749999999999	9.142646207709245e-17	2.3957847148332604e-17
4513.999999999999	9.163163968989635e-17	2.3050997462262144e-17
4514.249999999999	9.218764576790593e-17	2.4060801356093404e-17
4514.499999999999	9.288586958830233e-17	2.4214853819014055e-17
4514.749999999999	9.357946566305844e-17	2.1538180074853713e-17
4514.999999999999	9.414659227426352e-17	2.3409251039920086e-17
4515.249999999999	9.444595365194802e-17	2.341986707590159e-17
4515.499999999999	9.432939156804336e-17	2.363800949268285e-17
4515.749999999999	9.371414690749412e-17	2.3915909091276166e-17
4515.999999999999	9.265375035192588e-17	2.38407845480441e-17
4516.249999999999	9.13372787017399e-17	2.288604441322927e-17
4516.499999999999	9.000031677729381e-17	2.265945813675507e-17
4516.749999999999	8.880288582494357e-17	2.2817295778158763e-17
4516.999999999999	8.776018917799303e-17	2.280319400307596e-17
4517.249999999999	8.677511246034127e-17	2.2648984375838923e-17
4517.499999999999	8.57439343842987e-17	2.4019030389520702e-17
4517.749999999999	8.464937101064374e-17	2.320607232041991e-17
4517.999999999999	8.356597254199834e-17	2.290349792415414e-17
4518.249999999999	8.257744669795346e-17	2.2241986699044456e-17
4518.499999999999	8.168429637230536e-17	2.1321749921940438e-17
4518.749999999999	8.079371103093229e-17	2.4630801590036345e-17
4518.999999999999	7.981423578807716e-17	2.3878477514196916e-17
4519.249999999999	7.878297413688183e-17	2.2474015823949256e-17
4519.499999999999	7.791689659381167e-17	2.1639322757073022e-17
4519.749999999999	7.753456633392694e-17	2.1724515742721083e-17
4519.999999999999	7.789117336866426e-17	2.1172265150362305e-17
4520.249999999999	7.902718200200572e-17	2.3374666618509244e-17
4520.499999999999	8.071507224960316e-17	2.2256452433596784e-17
4520.749999999999	8.25282223436289e-17	2.1295893910353256e-17
4520.999999999999	8.399934790195497e-17	2.2887986633307544e-17
4521.249999999999	8.480330773921914e-17	2.4541155063970298e-17
4521.499999999999	8.488796732875528e-17	2.3830770699548533e-17
4521.749999999999	8.449012049631192e-17	2.2514607230968458e-17
4521.999999999999	8.402041963335089e-17	2.2265874020773763e-17
4522.249999999999	8.386957784086634e-17	2.3283479882142623e-17
4522.499999999999	8.423597866284618e-17	2.275643513740956e-17
4522.749999999999	8.506441172188155e-17	2.276607013718458e-17
4522.999999999999	8.611996964210146e-17	2.2798851304860055e-17
4523.249999999999	8.714379481329536e-17	2.3544751496062397e-17
4523.499999999999	8.799637067806375e-17	2.4265556681841106e-17
4523.749999999999	8.871120126849968e-17	2.152409815210561e-17
4523.999999999999	8.944070720587501e-17	2.2800998665730243e-17
4524.249999999999	9.03376169724175e-17	2.335760684555595e-17
4524.499999999999	9.144364566334899e-17	2.3217580057101748e-17
4524.749999999999	9.264368120348743e-17	2.281507893411712e-17
4524.999999999999	9.370605282566722e-17	2.2968135471580257e-17
4525.249999999999	9.43905230069558e-17	2.4186565896425967e-17
4525.499999999999	9.457604637518299e-17	2.4530027830370235e-17
4525.749999999999	9.434653651288339e-17	2.3318750863461884e-17
4525.999999999999	9.39837642565075e-17	2.1615764653227512e-17
4526.249999999999	9.385669121594495e-17	2.331917437993551e-17
4526.499999999999	9.425126265003268e-17	2.1901477799887003e-17
4526.749999999999	9.52227003701677e-17	2.2574390882560116e-17
4526.999999999999	9.654792695274044e-17	2.3249686245397382e-17
4527.249999999999	9.780663316380976e-17	2.3472364920657882e-17
4527.499999999999	9.855120207234353e-17	2.479839499958449e-17
4527.749999999999	9.84783102307022e-17	2.2798553519839536e-17
4527.999999999999	9.751838482398442e-17	2.3467611940858152e-17
4528.249999999999	9.581098202889238e-17	2.317689931457639e-17
4528.499999999999	9.359861335702599e-17	2.1931332402555267e-17
4528.749999999999	9.110701805508729e-17	2.3553347556988048e-17
4528.999999999999	8.847156969237708e-17	2.274212325845117e-17
4529.249999999999	8.573242801157935e-17	2.2810848732464524e-17
4529.499999999999	8.288219271318182e-17	2.259507039787394e-17
4529.749999999999	7.992758142870773e-17	2.206794458944085e-17
4529.999999999999	7.692793146230597e-17	2.2250897088602878e-17
4530.249999999999	7.399660739855053e-17	2.0994459368971582e-17
4530.499999999999	7.12826368302336e-17	2.1134080838925632e-17
4530.749999999999	6.896292720844393e-17	2.1718566659755602e-17
4530.999999999999	6.725305485713299e-17	2.2213539957778758e-17
4531.249999999999	6.640364303733654e-17	2.2274905178701617e-17
4531.499999999999	6.663529300358375e-17	2.0575647898668633e-17
4531.749999999999	6.800923154999549e-17	2.1293940109746406e-17
4531.999999999999	7.03053407055148e-17	2.1599158175249897e-17
4532.249999999999	7.301311106018146e-17	2.1837674050518337e-17
4532.499999999999	7.548639695318602e-17	2.381254460193154e-17
4532.749999999999	7.719890285548619e-17	2.436163370998914e-17
4532.999999999999	7.795507365333746e-17	2.229352005120651e-17
4533.249999999999	7.793143186360528e-17	2.155921362346971e-17
4533.499999999999	7.753473500954006e-17	2.20024219587593e-17
4533.749999999999	7.717957821832067e-17	2.1137406104988096e-17
4533.999999999999	7.71230200596938e-17	2.312879214451153e-17
4534.249999999999	7.743107512598388e-17	2.275243654632848e-17
4534.499999999999	7.804904801948859e-17	2.294011059242696e-17
4534.749999999999	7.888537306274222e-17	2.303923495395164e-17
4534.999999999999	7.983714380480449e-17	2.1379793185523284e-17
4535.249999999999	8.075956653576493e-17	2.15052053469149e-17
4535.499999999999	8.144470141885177e-17	2.242199939830947e-17
4535.749999999999	8.167293252693639e-17	2.301489268288543e-17
4535.999999999999	8.133465876203844e-17	2.301113066545954e-17
4536.249999999999	8.054722834667342e-17	2.263141009654462e-17
4536.499999999999	7.967663809139501e-17	2.2182949164365322e-17
4536.749999999999	7.923024084708354e-17	2.0921379616213747e-17
4536.999999999999	7.966996236614759e-17	2.1649636044950333e-17
4537.249999999999	8.123998022685984e-17	2.2450742270234464e-17
4537.499999999999	8.388157971909742e-17	2.1484654871776632e-17
4537.749999999999	8.724857290015208e-17	2.3192359320225007e-17
4537.999999999999	9.079037312191865e-17	2.257306739358003e-17
4538.249999999999	9.386447199960875e-17	2.2430595459235123e-17
4538.499999999999	9.586072476499476e-17	2.3408959872344467e-17
4538.749999999999	9.633263502095683e-17	2.475560494649712e-17
4538.999999999999	9.5118599571319e-17	2.1875977475963218e-17
4539.249999999999	9.241213496265063e-17	2.3815151875222307e-17
4539.499999999999	8.873451431173876e-17	2.3278869177408252e-17
4539.749999999999	8.4794546802201e-17	2.1844109515684e-17
4539.999999999999	8.127723520866383e-17	2.1866327586937174e-17
4540.249999999999	7.864919459023487e-17	2.0729250375336055e-17
4540.499999999999	7.706642472525759e-17	2.2874907253461856e-17
4540.749999999999	7.641414644390546e-17	2.2204995182051085e-17
4540.999999999999	7.643638158013563e-17	2.124761303235976e-17
4541.249999999999	7.687550098280385e-17	2.2291185747517885e-17
4541.499999999999	7.75593977339315e-17	2.1972057812833702e-17
4541.749999999999	7.842039363410691e-17	2.243088000936584e-17
4541.999999999999	7.946529588979106e-17	2.2412309804614025e-17
4542.249999999999	8.072299420134078e-17	2.1865326698395985e-17
4542.499999999999	8.218787851554453e-17	2.1384982916686442e-17
4542.749999999999	8.377288809359424e-17	2.269089596311576e-17
4542.999999999999	8.528768879316318e-17	2.2363526000808098e-17
4543.249999999999	8.645495296149165e-17	2.3049889040241323e-17
4543.499999999999	8.69665348324745e-17	2.3639741608885537e-17
4543.749999999999	8.656639582185779e-17	2.3357199872694574e-17
4543.999999999999	8.513745048479737e-17	2.2511518538561185e-17
4544.249999999999	8.27680945940174e-17	2.211371911017831e-17
4544.499999999999	7.97755281477794e-17	2.2498445776160397e-17
4544.749999999999	7.666719152665535e-17	2.2571776991824448e-17
4544.999999999999	7.403488003623925e-17	2.16432882609296e-17
4545.249999999999	7.2403506561019e-17	1.9811644032579956e-17
4545.499999999999	7.20870567801222e-17	2.0544284518563073e-17
4545.749999999999	7.311223667684744e-17	2.2558901098409448e-17
4545.999999999999	7.52407237859959e-17	2.2360592818355985e-17
4546.249999999999	7.807119494738386e-17	2.0580561351507198e-17
4546.499999999999	8.116874139307181e-17	2.347092231766959e-17
4546.749999999999	8.417249138922701e-17	2.1248107686366067e-17
4546.999999999999	8.685774943840625e-17	2.2662775131011407e-17
4547.249999999999	8.914820195833875e-17	2.3187232454788403e-17
4547.499999999999	9.107950269431572e-17	2.2270847030616432e-17
4547.749999999999	9.272414121047861e-17	2.3295799910185988e-17
4547.999999999999	9.411018867858103e-17	2.1426676128281565e-17
4548.249999999999	9.518612216052117e-17	2.2023240440416033e-17
4548.499999999999	9.58676844569006e-17	2.3449743185265782e-17
4548.749999999999	9.614586842098965e-17	2.3898357973039016e-17
4548.999999999999	9.617745911626604e-17	2.1580712047589964e-17
4549.249999999999	9.627441423040724e-17	2.185479834355941e-17
4549.499999999999	9.677028328356122e-17	2.241394431350443e-17
4549.749999999999	9.782803295306605e-17	2.2683429830906856e-17
4549.999999999999	9.930181880151179e-17	2.2551878335008873e-17
4550.249999999999	1.0074121772840162e-16	2.2213367904211347e-17
4550.499999999999	1.0154712325936604e-16	2.4653214875914082e-17
4550.749999999999	1.0120449223310437e-16	2.378073785301765e-17
4550.999999999999	9.947943060472675e-17	2.3007745842392972e-17
4551.249999999999	9.649763986044255e-17	2.2696168412340172e-17
4551.499999999999	9.269417371388429e-17	2.1780001363849915e-17
4551.749999999999	8.868576502033373e-17	2.338215260305285e-17
4551.999999999999	8.512764583082457e-17	2.2696720968989358e-17
4552.249999999999	8.258565720848264e-17	2.141410960041566e-17
4552.499999999999	8.14262188220919e-17	2.0496589284443265e-17
4552.749999999999	8.173359803947979e-17	2.068032098774232e-17
4552.999999999999	8.328884235588064e-17	2.2906295448985793e-17
4553.249999999999	8.564521822058297e-17	2.217808534236351e-17
4553.499999999999	8.829112914540649e-17	2.2976079714183217e-17
4553.749999999999	9.083203504376766e-17	2.374515254306562e-17
4553.999999999999	9.309888563845956e-17	2.2205729718435032e-17
4554.249999999999	9.512901203693799e-17	2.2390502014944677e-17
4554.499999999999	9.704308301523463e-17	2.289596561749623e-17
4554.749999999999	9.890603282596121e-17	2.2081207603382524e-17
4554.999999999999	1.0066421093252735e-16	2.210226927613935e-17
4555.249999999999	1.0219148124902517e-16	2.411839132470057e-17
4555.499999999999	1.0339546850325946e-16	2.174436642306113e-17
4555.749999999999	1.0429115470321631e-16	2.282186677822373e-17
4555.999999999999	1.049770971848934e-16	2.2438028504219524e-17
4556.249999999999	1.0552916622239003e-16	2.2078901423834727e-17
4556.499999999999	1.0589585227545555e-16	2.3059696093583752e-17
4556.749999999999	1.0588366454830134e-16	2.3014852978216027e-17
4556.999999999999	1.0525704345684665e-16	2.4066394751395488e-17
4557.249999999999	1.0389459848040312e-16	2.2994499372063547e-17
4557.499999999999	1.0190325162045498e-16	2.2477087972744278e-17
4557.749999999999	9.961962841633565e-17	2.340478757333475e-17
4557.999999999999	9.74991548353633e-17	2.018271229228757e-17
4558.249999999999	9.595584247978077e-17	2.2330399071636574e-17
4558.499999999999	9.523312814068657e-17	2.3052731232826055e-17
4558.749999999999	9.535611304709224e-17	2.249474331573861e-17
4558.999999999999	9.616622134562522e-17	2.163041567623705e-17
4559.249999999999	9.740237705089474e-17	2.2498882527523825e-17
4559.499999999999	9.878253940789897e-17	2.279208165872692e-17
4559.749999999999	1.000526004003354e-16	2.2433474047766807e-17
4559.999999999999	1.0099461221348752e-16	2.2426069126923232e-17
4560.249999999999	1.0141225736917449e-16	2.2877679962875134e-17
4560.499999999999	1.0112619345653232e-16	2.2513040550888283e-17
4560.749999999999	1.0000709031749452e-16	2.2625811738158862e-17
4560.999999999999	9.804738291904375e-17	2.2271700681008586e-17
4561.249999999999	9.54369761348696e-17	2.278169061587203e-17
4561.499999999999	9.25859527743204e-17	2.3357686254894755e-17
4561.749999999999	9.004943037617207e-17	2.0914919335629708e-17
4561.999999999999	8.835836020280657e-17	2.022493655383595e-17
4562.249999999999	8.781941662388497e-17	2.0823982407808078e-17
4562.499999999999	8.837885785610866e-17	2.167190374704026e-17
4562.749999999999	8.96224472989258e-17	2.225459458594099e-17
4562.999999999999	9.091631199260504e-17	2.249644730780047e-17
4563.249999999999	9.162383610852425e-17	2.351367101172633e-17
4563.499999999999	9.130290141366624e-17	2.2345663862660628e-17
4563.749999999999	8.981039465604894e-17	2.173342778664073e-17
4563.999999999999	8.729573228132588e-17	2.197078726341282e-17
4564.249999999999	8.411514709673021e-17	2.182883645285382e-17
4564.499999999999	8.071796992280606e-17	2.1353621190942106e-17
4564.749999999999	7.754530431812433e-17	2.115987067606381e-17
4564.999999999999	7.4958317153711e-17	2.063431320207212e-17
4565.249999999999	7.319534736677081e-17	2.0616745540222718e-17
4565.499999999999	7.235032640144616e-17	2.1888285923478007e-17
4565.749999999999	7.236709661980961e-17	1.978605933623369e-17
4565.999999999999	7.305111929420774e-17	2.1399165755469276e-17
4566.249999999999	7.410585193078096e-17	2.161311105782244e-17
4566.499999999999	7.519964816263649e-17	2.1267326400718124e-17
4566.749999999999	7.605540598493927e-17	2.218854090530618e-17
4566.999999999999	7.653652781370162e-17	2.236411660776546e-17
4567.249999999999	7.669311018042388e-17	2.0993678510473332e-17
4567.499999999999	7.674188384525538e-17	2.0920613646966523e-17
4567.749999999999	7.697923671834154e-17	2.1348021178195122e-17
4567.999999999999	7.76555774132909e-17	2.106866408736249e-17
4568.249999999999	7.885980910652038e-17	2.0259807179738736e-17
4568.499999999999	8.046572216108147e-17	2.0404441364204858e-17
4568.749999999999	8.217036941977426e-17	2.2168243547435354e-17
4568.999999999999	8.361054846943816e-17	2.2889237330393724e-17
4569.249999999999	8.449969873843924e-17	2.1575800249112625e-17
4569.499999999999	8.471709509925795e-17	2.2598764586489603e-17
4569.749999999999	8.431708726696509e-17	2.0767659679899343e-17
4569.999999999999	8.34803748442135e-17	2.1693263204817605e-17
4570.249999999999	8.245578954360047e-17	2.259179476264823e-17
4570.499999999999	8.152108365739468e-17	2.1703068603798808e-17
4570.749999999999	8.095201908076457e-17	2.0853014792947464e-17
4570.999999999999	8.097345101749288e-17	2.0123630089855356e-17
4571.249999999999	8.168858267392715e-17	2.1405162814910286e-17
4571.499999999999	8.301808267214157e-17	2.1363848452035712e-17
4571.749999999999	8.469365111909352e-17	1.975311438679693e-17
4571.999999999999	8.632757561870746e-17	2.1430259474695144e-17
4572.249999999999	8.753752981208207e-17	2.1695504864277623e-17
4572.499999999999	8.807377803082676e-17	2.21287886865778e-17
4572.749999999999	8.789482300897145e-17	2.1924959803116158e-17
4572.999999999999	8.71664756147598e-17	2.125662930103659e-17
4573.249999999999	8.619773224817982e-17	2.1370659457199474e-17
4573.499999999999	8.534911768414145e-17	2.194813244079622e-17
4573.749999999999	8.494493697120944e-17	2.0895889218457313e-17
4573.999999999999	8.520367243954871e-17	2.099216476995236e-17
4574.249999999999	8.619284934523493e-17	2.1665013332537694e-17
4574.499999999999	8.782143663724224e-17	1.9878222145723124e-17
4574.749999999999	8.988531592921501e-17	2.183274405406752e-17
4574.999999999999	9.21590388089843e-17	2.2916087613077196e-17
4575.249999999999	9.448979251775395e-17	2.2520675427942147e-17
4575.499999999999	9.683425026315351e-17	2.1337967625030153e-17
4575.749999999999	9.921150675585055e-17	2.1048664514512182e-17
4575.999999999999	1.0160562120641192e-16	2.2980715234335964e-17
4576.249999999999	1.0388835591372457e-16	2.251776706090841e-17
4576.499999999999	1.0581522807382048e-16	2.251735512496336e-17
4576.749999999999	1.0709489708559861e-16	2.2899107249462707e-17
4576.999999999999	1.0748954263731462e-16	2.273799893591698e-17
4577.249999999999	1.0689928251531804e-16	2.2667693546933647e-17
4577.499999999999	1.0540512964674356e-16	2.1546271555605707e-17
4577.749999999999	1.0326445040283039e-16	2.2388582955923554e-17
4577.999999999999	1.0085874028771111e-16	2.287176231277293e-17
4578.249999999999	9.859747682931407e-17	2.081970919276363e-17
4578.499999999999	9.679804865910266e-17	2.1478498993658012e-17
4578.749999999999	9.558494283586981e-17	2.108684717158763e-17
4578.999999999999	9.485787854355072e-17	2.1451203687804987e-17
4579.249999999999	9.435213373765957e-17	2.209026853981243e-17
4579.499999999999	9.376611741820663e-17	2.2109965364558543e-17
4579.749999999999	9.289364403711798e-17	2.0414968064680208e-17
4579.999999999999	9.16974862442491e-17	2.1773711482472062e-17
4580.249999999999	9.029494893500343e-17	2.1603686161923012e-17
4580.499999999999	8.887203831092716e-17	2.1328519568073572e-17
4580.749999999999	8.757533084427147e-17	2.1647361298265812e-17
4580.999999999999	8.643746962247679e-17	1.993207987540645e-17
4581.249999999999	8.537279840799135e-17	2.1831117816983242e-17
4581.499999999999	8.424156600219366e-17	2.14736550239909e-17
4581.749999999999	8.294132018687366e-17	2.1588707575390902e-17
4581.999999999999	8.146724193370441e-17	2.2357729119075326e-17
4582.249999999999	7.99059592268557e-17	1.9135676999085297e-17
4582.499999999999	7.837833674604616e-17	2.008195507623371e-17
4582.749999999999	7.698648777964333e-17	2.0724176449458655e-17
4582.999999999999	7.58123780027334e-17	2.1454499175365398e-17
4583.249999999999	7.496372823896994e-17	2.1654561078317474e-17
4583.499999999999	7.461365826190617e-17	1.962255219891156e-17
4583.749999999999	7.498063246821144e-17	1.98587618946322e-17
4583.999999999999	7.624538488351351e-17	1.965057873242608e-17
4584.249999999999	7.845469829700391e-17	2.0219353084701217e-17
4584.499999999999	8.147043878949731e-17	2.1287780922905336e-17
4584.749999999999	8.49844622620406e-17	2.1700626766630552e-17
4584.999999999999	8.857742942530308e-17	2.0418539830565212e-17
4585.249999999999	9.179037057853317e-17	2.138587958047045e-17
4585.499999999999	9.419856303952201e-17	2.1756233156128817e-17
4585.749999999999	9.549356821895798e-17	2.1610942190256327e-17
4585.999999999999	9.556777370111781e-17	2.227089831581441e-17
4586.249999999999	9.456969621717909e-17	2.1234191199740475e-17
4586.499999999999	9.289027442607829e-17	2.159031726886293e-17
4586.749999999999	9.106548506526085e-17	2.0896797462769896e-17
4586.999999999999	8.962209028520828e-17	1.9981270652073755e-17
4587.249999999999	8.89211936820335e-17	2.056396645405816e-17
4587.499999999999	8.905360422764341e-17	2.043816717213987e-17
4587.749999999999	8.982001631617884e-17	2.0786474730112474e-17
4587.999999999999	9.080404844423707e-17	2.1287509607664418e-17
4588.249999999999	9.152394645724264e-17	2.1697640644619235e-17
4588.499999999999	9.162509902600066e-17	2.1714056871055963e-17
4588.749999999999	9.104942961559173e-17	2.0727114594994443e-17
4588.999999999999	9.010426416061966e-17	2.2044925807354724e-17
4589.249999999999	8.937620291806404e-17	2.0612781690727364e-17
4589.499999999999	8.950223531854163e-17	1.8686430245324072e-17
4589.749999999999	9.089089937504653e-17	1.903176491617516e-17
4589.999999999999	9.352616641314752e-17	2.1074939079489316e-17
4590.249999999999	9.695057039792688e-17	2.1626774427180592e-17
4590.499999999999	1.0043158839283191e-16	2.1998896514988598e-17
4590.749999999999	1.0322761385079774e-16	2.1340521958761717e-17
4590.999999999999	1.0483817329577053e-16	2.0212052388614824e-17
4591.249999999999	1.0514958203148628e-16	2.227433276971773e-17
4591.499999999999	1.0443799680839612e-16	2.1623399530281376e-17
4591.749999999999	1.0323826591890272e-16	2.131349465942716e-17
4591.999999999999	1.0212469912905861e-16	2.086567231068075e-17
4592.249999999999	1.0148121739832016e-16	2.037390516471185e-17
4592.499999999999	1.013507835783788e-16	2.0792504876777985e-17
4592.749999999999	1.0142814091186948e-16	2.163922845848319e-17
4592.999999999999	1.0119686002553346e-16	2.1186418210643088e-17
4593.249999999999	1.0014424285166124e-16	2.1200410797885035e-17
4593.499999999999	9.795669055675682e-17	2.1611724703115803e-17
4593.749999999999	9.461934224401115e-17	2.100884403982388e-17
4593.999999999999	9.03969117018334e-17	2.0430952502837182e-17
4594.249999999999	8.572258599425751e-17	2.1171135221645558e-17
4594.499999999999	8.104792681647623e-17	1.9950779120333825e-17
4594.749999999999	7.671000802980331e-17	1.828162128843042e-17
4594.999999999999	7.286092545517803e-17	1.9880733466062835e-17
4595.249999999999	6.948177556882725e-17	2.053267752020773e-17
4595.499999999999	6.64691726463992e-17	2.0063083777738925e-17
4595.749999999999	6.375001922991666e-17	1.9555022828063955e-17
4595.999999999999	6.136855054008598e-17	1.9039202924243237e-17
4596.249999999999	5.95065975661079e-17	1.846053714620319e-17
4596.499999999999	5.843104779674524e-17	1.9822961517720906e-17
4596.749999999999	5.839212493687678e-17	1.8611894654688144e-17
4596.999999999999	5.951412922324916e-17	1.824313588325078e-17
4597.249999999999	6.172710748784543e-17	1.8501973931808422e-17
4597.499999999999	6.477907613115571e-17	1.8908895507986534e-17
4597.749999999999	6.833476029593105e-17	2.1153723069751317e-17
4597.999999999999	7.211547149450458e-17	2.0513720194929238e-17
4598.249999999999	7.599903271272779e-17	2.023186336428547e-17
4598.499999999999	8.001469589448473e-17	1.9497775312230385e-17
4598.749999999999	8.423486673564108e-17	1.8674384841244075e-17
4598.999999999999	8.86365029356807e-17	2.185323662656291e-17
4599.249999999999	9.302537034910716e-17	1.9833595751675888e-17
4599.499999999999	9.707029057843272e-17	2.0964282165864422e-17
4599.749999999999	1.0041887340595929e-16	2.2004607369937664e-17
4599.999999999999	1.0281723267886497e-16	2.1505162333523046e-17
4600.249999999999	1.0416545102820724e-16	2.0991589052246023e-17
4600.499999999999	1.0449452366193516e-16	2.116268309014649e-17
4600.749999999999	1.0390495704299189e-16	2.096555106092408e-17
4600.999999999999	1.0252325497750654e-16	2.1591447197579678e-17
4601.249999999999	1.0050435841190437e-16	2.2203410303997433e-17
4601.499999999999	9.806399314148737e-17	1.9990760068060963e-17
4601.749999999999	9.550030926169722e-17	2.0340627688668842e-17
4601.999999999999	9.31719167264604e-17	2.0610813000869488e-17
4602.249999999999	9.142702426361182e-17	2.0746907372691612e-17
4602.499999999999	9.050578784035754e-17	2.038966791846466e-17
4602.749999999999	9.045522659198674e-17	1.9291734547810776e-17
4602.999999999999	9.11001342814164e-17	2.0805420474862388e-17
4603.249999999999	9.209805749556963e-17	2.022851990024953e-17
4603.499999999999	9.306841297691449e-17	2.1036677013075063e-17
4603.749999999999	9.373911230040926e-17	2.186195180149677e-17
4603.999999999999	9.403186024795745e-17	2.0496220361890066e-17
4604.249999999999	9.403645430479026e-17	2.0056795550722296e-17
4604.499999999999	9.389448155351507e-17	1.9155729511494807e-17
4604.749999999999	9.367578506766855e-17	2.0406242963578998e-17
4604.999999999999	9.333631266740256e-17	2.139781248798714e-17
4605.249999999999	9.278482859788202e-17	2.0547697465770466e-17
4605.499999999999	9.200295797630459e-17	2.2403276992324946e-17
4605.749999999999	9.112211514503732e-17	1.986520563160399e-17
4605.999999999999	9.039297169743647e-17	1.9684675117275516e-17
4606.249999999999	9.006230088775746e-17	2.024583775355394e-17
4606.499999999999	9.023747549478328e-17	2.0037912671698936e-17
4606.749999999999	9.082490322608225e-17	2.116960659187356e-17
4606.999999999999	9.157787520830151e-17	2.001255462284051e-17
4607.249999999999	9.222210421821738e-17	2.082228172446867e-17
4607.499999999999	9.258735566544294e-17	2.1189851010185183e-17
4607.749999999999	9.267765630047335e-17	2.027865862589882e-17
4607.999999999999	9.264943048760347e-17	2.014778541810313e-17
4608.249999999999	9.271400958986704e-17	2.0936078615698814e-17
4608.499999999999	9.301734791623641e-17	2.0110203294152395e-17
4608.749999999999	9.356137944825034e-17	2.0217708649643462e-17
4608.999999999999	9.421067358825574e-17	2.1204674086762133e-17
4609.249999999999	9.478021406542984e-17	2.0722293786384484e-17
4609.499999999999	9.514920458781508e-17	2.225482123342883e-17
4609.749999999999	9.53264150094003e-17	2.053980947144916e-17
4609.999999999999	9.542427607580648e-17	1.9655181165354325e-17
4610.249999999999	9.556364328785931e-17	2.0145581808951288e-17
4610.499999999999	9.578039239623694e-17	2.032794866423963e-17
4610.749999999999	9.599974330416954e-17	2.2428419974224108e-17
4610.999999999999	9.609025635630562e-17	2.0339089132729493e-17
4611.249999999999	9.59525407409533e-17	2.022642051585487e-17
4611.499999999999	9.558133159064188e-17	2.1065234596542844e-17
4611.749999999999	9.5068282838641e-17	1.9963003195426134e-17
4611.999999999999	9.455591006651855e-17	2.0182472409909928e-17
4612.249999999999	9.417766688042379e-17	2.1064117902715897e-17
4612.499999999999	9.401640959303157e-17	2.0351567979450468e-17
4612.749999999999	9.409591823368826e-17	1.995123737839318e-17
4612.999999999999	9.440254387899864e-17	2.1304743088546348e-17
4613.249999999999	9.492192060654143e-17	2.0547100241368203e-17
4613.499999999999	9.566967948960905e-17	2.141217234342106e-17
4613.749999999999	9.669715551243626e-17	2.0275225826356724e-17
4613.999999999999	9.806562569192996e-17	1.9773171862290114e-17
4614.249999999999	9.980048096658628e-17	2.1058564212083216e-17
4614.499999999999	1.0184853201889943e-16	1.99023973263056e-17
4614.749999999999	1.04060512192945e-16	2.1558045644444786e-17
4614.999999999999	1.062093943931302e-16	2.0499418242138196e-17
4615.249999999999	1.0804185503477319e-16	2.0496481750963633e-17
4615.499999999999	1.0934847818870102e-16	2.2214322470638233e-17
4615.749999999999	1.1002810434715433e-16	2.1792309811364704e-17
4615.999999999999	1.1011703673684274e-16	2.06273863916226e-17
4616.249999999999	1.0976256774359744e-16	2.034145983236507e-17
4616.499999999999	1.0914460991431661e-16	2.1213442201255195e-17
4616.749999999999	1.0837813778643978e-16	2.1850043709398455e-17
4616.999999999999	1.0744493264249741e-16	2.013280683157102e-17
4617.249999999999	1.0619459878052141e-16	2.117826055544209e-17
4617.499999999999	1.0442355385278312e-16	2.164849122698256e-17
4617.749999999999	1.0200040705343846e-16	2.18035445784444e-17
4617.999999999999	9.897697226053236e-17	2.1267203977987467e-17
4618.249999999999	9.562421078278108e-17	1.9729422279692185e-17
4618.499999999999	9.236567883190041e-17	2.0585808985313235e-17
4618.749999999999	8.963212413951604e-17	1.9428861241037367e-17
4618.999999999999	8.770157477733221e-17	1.8973460263518748e-17
4619.249999999999	8.65979372295373e-17	1.964301664726612e-17
4619.499999999999	8.609424398887476e-17	2.071131875401713e-17
4619.749999999999	8.581864806092264e-17	1.9655336675309485e-17
4619.999999999999	8.541546740408028e-17	2.0982607525154922e-17
4620.249999999999	8.468983143823856e-17	2.116875790456508e-17
4620.499999999999	8.36739475409961e-17	2.0153716303095135e-17
4620.749999999999	8.259134915730169e-17	1.886993033805161e-17
4620.999999999999	8.174377914582633e-17	1.970018971684456e-17
4621.249999999999	8.137840833672341e-17	1.9734233162134793e-17
4621.499999999999	8.159448018895135e-17	2.0109218949223457e-17
4621.749999999999	8.2321379248577e-17	2.02315424182078e-17
4621.999999999999	8.336365183398612e-17	1.9924461541964838e-17
4622.249999999999	8.448217503268152e-17	2.021659030145529e-17
4622.499999999999	8.547343584992803e-17	2.1039097343547393e-17
4622.749999999999	8.621804177842053e-17	1.9660627322507375e-17
4622.999999999999	8.668811910983794e-17	1.9708362261296585e-17
4623.249999999999	8.692244559125584e-17	2.077971170142424e-17
4623.499999999999	8.698883872833846e-17	1.8880265132624848e-17
4623.749999999999	8.695042241985317e-17	2.1047425397954577e-17
4623.999999999999	8.684090440732046e-17	2.023516216056833e-17
4624.249999999999	8.664637313339529e-17	1.948538745537679e-17
4624.499999999999	8.629589717851723e-17	1.9682802380368696e-17
4624.749999999999	8.567419248374179e-17	2.0328216670758096e-17
4624.999999999999	8.467028336450639e-17	2.015778768607012e-17
4625.249999999999	8.32576375196122e-17	2.047567319547425e-17
4625.499999999999	8.157276750128154e-17	2.035754353219555e-17
4625.749999999999	7.994434193708902e-17	1.9725499789227458e-17
4625.999999999999	7.883974362292309e-17	1.8875138267188245e-17
4626.249999999999	7.87356171326008e-17	1.8659834734269267e-17
4626.499999999999	7.995925623375704e-17	1.9285049274100122e-17
4626.749999999999	8.25637558404097e-17	1.8514456087251847e-17
4626.999999999999	8.628437931986447e-17	1.9179199934195387e-17
4627.249999999999	9.058923728529446e-17	2.1752805319670397e-17
4627.499999999999	9.480456132755411e-17	1.9656140694864887e-17
4627.749999999999	9.827614696703866e-17	2.12813669644356e-17
4627.999999999999	1.0052271980373785e-16	2.1709164924913324e-17
4628.249999999999	1.0133951608091076e-16	2.1687022954276505e-17
4628.499999999999	1.0082162706663483e-16	2.1416650699257422e-17
4628.749999999999	9.930054450526757e-17	1.9449603622077747e-17
4628.999999999999	9.721973134209402e-17	2.1317691773855253e-17
4629.249999999999	9.499912923859792e-17	2.004033134781004e-17
4629.499999999999	9.293781647207593e-17	1.962008058324125e-17
4629.749999999999	9.117891032878116e-17	2.052908755634925e-17
4629.999999999999	8.972971429252029e-17	1.9509326062304075e-17
4630.249999999999	8.851301201388855e-17	1.991920398199145e-17
4630.499999999999	8.742706153097073e-17	1.9447376851868754e-17
4630.749999999999	8.640118430096609e-17	1.9999771373654116e-17
4630.999999999999	8.543817064465094e-17	2.0644861409243395e-17
4631.249999999999	8.463210667627755e-17	1.9422422467149254e-17
4631.499999999999	8.414954144320317e-17	2.0003313361037068e-17
4631.749999999999	8.417260501702075e-17	1.9320619694801128e-17
4631.999999999999	8.482233111631737e-17	1.89731078845778e-17
4632.249999999999	8.609622543313713e-17	1.9557764104613955e-17
4632.499999999999	8.78521601691771e-17	2.0780616637014373e-17
4632.749999999999	8.984906496096145e-17	1.9871196073600098e-17
4632.999999999999	9.182702416364002e-17	1.98634073409523e-17
4633.249999999999	9.359142127519522e-17	2.0400532108629932e-17
4633.499999999999	9.506602370235194e-17	2.0551879690947535e-17
4633.749999999999	9.629430023520525e-17	2.006560998732966e-17
4633.999999999999	9.738867742530884e-17	2.068386297512527e-17
4634.249999999999	9.844845372271637e-17	2.06172583922025e-17
4634.499999999999	9.948334081521205e-17	1.9666822905295397e-17
4634.749999999999	1.0038282741893833e-16	2.028664257317118e-17
4634.999999999999	1.0095358434073673e-16	2.186135292273328e-17
4635.249999999999	1.0101123070450261e-16	1.967231538456275e-17
4635.499999999999	1.0047913521295922e-16	2.1653407988543575e-17
4635.749999999999	9.943911505205082e-17	2.093748978582383e-17
4635.999999999999	9.810567356082637e-17	1.9609342124529087e-17
4636.249999999999	9.673954117010595e-17	1.9063606406674777e-17
4636.499999999999	9.554787458859689e-17	1.9798822733085384e-17
4636.749999999999	9.461932427400067e-17	2.0319334405340502e-17
4636.999999999999	9.391746598342739e-17	1.963131038723727e-17
4637.249999999999	9.332631855525438e-17	1.9400617986202356e-17
4637.499999999999	9.272220575162613e-17	2.0149390148491482e-17
4637.749999999999	9.204009475377948e-17	2.1296785611053588e-17
4637.999999999999	9.130663671559421e-17	1.9575654366902252e-17
4638.249999999999	9.062634278416093e-17	1.901788813421897e-17
4638.499999999999	9.012927506285666e-17	2.029715934747918e-17
4638.749999999999	8.990852204185478e-17	2.0678469757531425e-17
4638.999999999999	8.99787862199882e-17	1.8461276645670813e-17
4639.249999999999	9.026951874869484e-17	2.0430072382665426e-17
4639.499999999999	9.064151230594726e-17	2.0948074388942058e-17
4639.749999999999	9.090696093753841e-17	1.9273528302528484e-17
4639.999999999999	9.084793917446049e-17	1.8544438075734444e-17
4640.249999999999	9.025047573919912e-17	2.0391353712553044e-17
4640.499999999999	8.897272986324641e-17	2.1399987972998154e-17
4640.749999999999	8.70359928393091e-17	1.97978946364381e-17
4640.999999999999	8.468767066922783e-17	1.9645963064608034e-17
4641.249999999999	8.237532056231259e-17	1.9772793013569565e-17
4641.499999999999	8.061102413712111e-17	1.900634069286773e-17
4641.749999999999	7.977523792559395e-17	1.6426594318525127e-17
4641.999999999999	7.99584305220104e-17	1.8935762334282256e-17
4642.249999999999	8.09270232997732e-17	2.0273836162927635e-17
4642.499999999999	8.22313075608076e-17	2.041499784318226e-17
4642.749999999999	8.339439899481966e-17	2.0062604012983644e-17
4642.999999999999	8.408564129101608e-17	2.0296874797348462e-17
4643.249999999999	8.420578550604101e-17	1.976077738799162e-17
4643.499999999999	8.386809082304202e-17	1.9888330292808522e-17
4643.749999999999	8.330712863065574e-17	1.9844580710210592e-17
4643.999999999999	8.276475499897713e-17	1.949116117605241e-17
4644.249999999999	8.23964411778874e-17	1.9012504842792476e-17
4644.499999999999	8.222620897270623e-17	1.932728180745463e-17
4644.749999999999	8.216095947576971e-17	2.0553850035166636e-17
4644.999999999999	8.205385065211323e-17	1.9709700639527695e-17
4645.249999999999	8.178590669495986e-17	1.9115993409228985e-17
4645.499999999999	8.132655858233857e-17	2.0197520479613493e-17
4645.749999999999	8.07453198489556e-17	1.86244843436112e-17
4645.999999999999	8.017300244486091e-17	1.9463862561476936e-17
4646.249999999999	7.973637672530536e-17	1.93868487377258e-17
4646.499999999999	7.95013064601382e-17	1.9303232358325263e-17
4646.749999999999	7.945279349703456e-17	1.951905701503015e-17
4646.999999999999	7.952116556657733e-17	1.8784648016897394e-17
4647.249999999999	7.964087371599609e-17	2.069789195831417e-17
4647.499999999999	7.981064757496905e-17	1.8997860437227837e-17
4647.749999999999	8.011972439783035e-17	1.8938288543872993e-17
4647.999999999999	8.07191130938847e-17	2.0192213288803353e-17
4648.249999999999	8.174535261193683e-17	1.774739330725795e-17
4648.499999999999	8.323260318233504e-17	1.9055212177818588e-17
4648.749999999999	8.505956721956834e-17	1.9507562513238112e-17
4648.999999999999	8.696179262697242e-17	2.00556755481729e-17
4649.249999999999	8.860596762407212e-17	2.0504518637795198e-17
4649.499999999999	8.9692040481002e-17	2.0268964069119698e-17
4649.749999999999	9.003994758077705e-17	2.0024509037053127e-17
4649.999999999999	8.963276403790702e-17	1.9894163570488246e-17
4650.249999999999	8.861228049653615e-17	1.988665442488749e-17
4650.499999999999	8.72396469263291e-17	1.9837561255532467e-17
4650.749999999999	8.583699549087822e-17	1.9594839994029807e-17
4650.999999999999	8.472219574188288e-17	1.9236538439896338e-17
4651.249999999999	8.414731118524693e-17	1.9091383131644307e-17
4651.499999999999	8.425230033074202e-17	1.9336102861506895e-17
4651.749999999999	8.504444862686475e-17	1.9580041732871233e-17
4651.999999999999	8.640712250639216e-17	1.956651402113354e-17
4652.249999999999	8.813113065820278e-17	1.91489681371678e-17
4652.499999999999	8.995468718536007e-17	2.0135040219224912e-17
4652.749999999999	9.15978936660535e-17	1.9473274222486564e-17
4652.999999999999	9.27856812174997e-17	1.956066916292524e-17
4653.249999999999	9.326570667817723e-17	2.0233241447185983e-17
4653.499999999999	9.283688012278344e-17	1.8835883584038928e-17
4653.749999999999	9.140072608894051e-17	1.9550431975664285e-17
4653.999999999999	8.902715911334976e-17	2.011396696593951e-17
4654.249999999999	8.599907831250844e-17	2.0534762015351362e-17
4654.499999999999	8.278994698334001e-17	1.9816438371410313e-17
4654.749999999999	7.995340003825558e-17	1.7037894026091615e-17
4654.999999999999	7.795557065818789e-17	1.859063942166798e-17
4655.249999999999	7.702392943037686e-17	1.8918853108200447e-17
4655.499999999999	7.708640374245225e-17	1.9311709305242707e-17
4655.749999999999	7.782819519222093e-17	1.9468567564801137e-17
4655.999999999999	7.88325975233646e-17	1.9055427244777852e-17
4656.249999999999	7.973551173048467e-17	1.885301118580245e-17
4656.499999999999	8.032805428523988e-17	1.9772354607844912e-17
4656.749999999999	8.057534232579282e-17	1.9386423566890946e-17
4656.999999999999	8.05589663311081e-17	1.935386573798086e-17
4657.249999999999	8.03798045212088e-17	2.0028639977032217e-17
4657.499999999999	8.007175233515783e-17	1.838065466008772e-17
4657.749999999999	7.95734298927853e-17	1.8706945978876612e-17
4657.999999999999	7.878000209589898e-17	1.9677379384272798e-17
4658.249999999999	7.76538489113579e-17	2.0272640059761884e-17
4658.499999999999	7.633026621262265e-17	2.014708893202736e-17
4658.749999999999	7.514354089654094e-17	1.9380110524455942e-17
4658.999999999999	7.453791071438945e-17	1.8097029317294313e-17
4659.249999999999	7.48985993505719e-17	1.7213433332603943e-17
4659.499999999999	7.639152457514736e-17	1.878442302377078e-17
4659.749999999999	7.889482466838629e-17	2.0679834605542137e-17
4659.999999999999	8.204508596423728e-17	1.9969777804642943e-17
4660.249999999999	8.535494455384454e-17	1.9975764937916602e-17
4660.499999999999	8.833583124171463e-17	1.9417368393606555e-17
4660.749999999999	9.058623525439732e-17	1.986492769891817e-17
4660.999999999999	9.184530981353502e-17	2.0641226777631837e-17
4661.249999999999	9.20256436875037e-17	2.074977768941717e-17
4661.499999999999	9.122499510322492e-17	2.0395620310152592e-17
4661.749999999999	8.970285652575783e-17	1.91673001139032e-17
4661.999999999999	8.781580008194915e-17	1.8694180927663694e-17
4662.249999999999	8.59286134389658e-17	1.924243623766384e-17
4662.499999999999	8.433202206865596e-17	2.011669500759971e-17
4662.749999999999	8.319039903692618e-17	1.9280223502406488e-17
4662.999999999999	8.252518093282339e-17	1.8251070199686388e-17
4663.249999999999	8.222838968203422e-17	1.8347406962546764e-17
4663.499999999999	8.20990863593589e-17	1.9645463447518052e-17
4663.749999999999	8.189564799293122e-17	2.0565665483036343e-17
4663.999999999999	8.139370553498698e-17	1.8469465733735088e-17
4664.249999999999	8.043805618239869e-17	1.9512102080439803e-17
4664.499999999999	7.898123568109436e-17	1.914258561156134e-17
4664.749999999999	7.710627849414164e-17	1.9078727268272246e-17
4664.999999999999	7.50286678037955e-17	1.9267175555424077e-17
4665.249999999999	7.306618285956371e-17	1.8922135360871057e-17
4665.499999999999	7.156973202038267e-17	1.8313160030825843e-17
4665.749999999999	7.083018331169198e-17	1.755569916338246e-17
4665.999999999999	7.100068424341633e-17	1.7985765253099805e-17
4666.249999999999	7.207509790411742e-17	1.897186380493652e-17
4666.499999999999	7.393068926482089e-17	1.953754450172071e-17
4666.749999999999	7.639920199242387e-17	1.932071399339096e-17
4666.999999999999	7.931288486060905e-17	1.9417020977749283e-17
4667.249999999999	8.249894181679396e-17	1.819418995204479e-17
4667.499999999999	8.574531594723088e-17	1.8287156781089626e-17
4667.749999999999	8.878839096176144e-17	2.0475256296445523e-17
4667.999999999999	9.135348922842498e-17	2.0862720930255162e-17
4668.249999999999	9.323034637609494e-17	1.9881724428436673e-17
4668.499999999999	9.433218303950458e-17	1.9558824550159248e-17
4668.749999999999	9.469829634804306e-17	1.9608865668496256e-17
4668.999999999999	9.444359305912774e-17	1.96306205186064e-17
4669.249999999999	9.369531389041153e-17	1.9404955721334584e-17
4669.499999999999	9.255892158305463e-17	2.0887916851713527e-17
4669.749999999999	9.112557420877738e-17	1.975249565569874e-17
4669.999999999999	8.950092262886133e-17	1.960798885704695e-17
4670.249999999999	8.782310606978174e-17	2.0082009670154138e-17
4670.499999999999	8.625008901862356e-17	1.9290325032046986e-17
4670.749999999999	8.491940198374109e-17	1.9385753550594778e-17
4670.999999999999	8.39011745892146e-17	1.9352399973935415e-17
4671.249999999999	8.317065355835468e-17	1.9009300345099445e-17
4671.499999999999	8.261849657883981e-17	1.8616794872636908e-17
4671.749999999999	8.209892168940641e-17	1.8792350722761487e-17
4671.999999999999	8.149459904329278e-17	2.1159359478445253e-17
4672.249999999999	8.076606946211911e-17	1.8671818926983935e-17
4672.499999999999	7.99620547161714e-17	1.8666606034763626e-17
4672.749999999999	7.919207625768656e-17	1.9512500781495054e-17
4672.999999999999	7.858463626485626e-17	1.9669416943696363e-17
4673.249999999999	7.825461458509341e-17	1.9324224547910634e-17
4673.499999999999	7.828411353417507e-17	1.8596929303045835e-17
4673.749999999999	7.870271243361467e-17	1.9491149595523835e-17
4673.999999999999	7.945638218589498e-17	1.9240642910095826e-17
4674.249999999999	8.037744052709523e-17	1.8209413384038217e-17
4674.499999999999	8.118703532627859e-17	1.9008163798937797e-17
4674.749999999999	8.155341551573091e-17	2.0520474951811346e-17
4674.999999999999	8.119362419778552e-17	2.0148050115899146e-17
4675.249999999999	7.99710727759163e-17	1.9724442652404615e-17
4675.499999999999	7.793757181240244e-17	1.914883578826979e-17
4675.749999999999	7.530203359219537e-17	1.8115748414556388e-17
4675.999999999999	7.235369136478536e-17	1.9930814289069245e-17
4676.249999999999	6.939015283508967e-17	1.8294740372945512e-17
4676.499999999999	6.668512511171485e-17	1.857308168598593e-17
4676.749999999999	6.4493207939415e-17	1.9061950391088445e-17
4676.999999999999	6.305910505371969e-17	1.8124468552573922e-17
4677.249999999999	6.259605841965648e-17	1.798114296783686e-17
4677.499999999999	6.322159337794049e-17	1.7323774263234842e-17
4677.749999999999	6.487307906244664e-17	1.7114666313103887e-17
4677.999999999999	6.725050587969754e-17	1.7621890155998953e-17
4678.249999999999	6.983467241774804e-17	1.862218643586953e-17
4678.499999999999	7.200074888346694e-17	1.9471859743639098e-17
4678.749999999999	7.319978444204147e-17	2.0029948576761275e-17
4678.999999999999	7.313796576347645e-17	2.0198976317491586e-17
4679.249999999999	7.187244224161516e-17	1.9754970580091498e-17
4679.499999999999	6.977552142363329e-17	1.8528179013614102e-17
4679.749999999999	6.738194343918394e-17	1.6653349339844288e-17
4679.999999999999	6.519122284596683e-17	1.8095168160916068e-17
4680.249999999999	6.351476934080056e-17	1.8443399618272317e-17
4680.499999999999	6.242695126085663e-17	1.8018030260073048e-17
4680.749999999999	6.182135741499875e-17	1.799956593443964e-17
4680.999999999999	6.15229163250836e-17	1.893293503094855e-17
4681.249999999999	6.138941157937749e-17	1.7911231316825102e-17
4681.499999999999	6.135543515598527e-17	1.839625197771802e-17
4681.749999999999	6.141271791846537e-17	1.8204286518601614e-17
4681.999999999999	6.15578679894182e-17	1.780450185674861e-17
4682.249999999999	6.175177963220136e-17	1.7885669781535988e-17
4682.499999999999	6.19191402405994e-17	1.912799249119468e-17
4682.749999999999	6.198406865102332e-17	1.755499275113934e-17
4682.999999999999	6.191253011565959e-17	1.821687620752467e-17
4683.249999999999	6.173055314233736e-17	1.813549652450048e-17
4683.499999999999	6.150783841847591e-17	1.7368736492610774e-17
4683.749999999999	6.132092760041879e-17	1.857267305876333e-17
4683.999999999999	6.12203700886335e-17	1.8289601926980333e-17
4684.249999999999	6.121794415252732e-17	1.800111441654634e-17
4684.499999999999	6.129467515029368e-17	1.7913529224566774e-17
4684.749999999999	6.142050805345907e-17	1.819462008596332e-17
4684.999999999999	6.157620630629069e-17	1.8734555613362407e-17
4685.249999999999	6.177205812520723e-17	1.7560592763886324e-17
4685.499999999999	6.2059601054266e-17	1.8267843768147738e-17
4685.749999999999	6.253174124779613e-17	1.8104397842190935e-17
4685.999999999999	6.330644395802292e-17	1.7729206914310358e-17
4686.249999999999	6.449291296113193e-17	1.7907583450323743e-17
4686.499999999999	6.614651878257384e-17	1.8011776774642147e-17
4686.749999999999	6.822725903061364e-17	1.8488059099544055e-17
4686.999999999999	7.058059697212935e-17	1.8575811382007356e-17
4687.249999999999	7.295421969312771e-17	1.845701501115494e-17
4687.499999999999	7.504887002694754e-17	1.8897199174125034e-17
4687.749999999999	7.658447775121431e-17	2.085940559036005e-17
4687.999999999999	7.735723001015457e-17	1.7421047394548628e-17
4688.249999999999	7.727496638820682e-17	1.8728849721497016e-17
4688.499999999999	7.637681519831214e-17	1.9233509304493168e-17
4688.749999999999	7.484929022199807e-17	1.866596248824706e-17
4688.999999999999	7.303686233773058e-17	1.9334926610675845e-17
4689.249999999999	7.142404999559105e-17	1.882927771966708e-17
4689.499999999999	7.056302064824835e-17	1.811260016514501e-17
4689.749999999999	7.094691436463148e-17	1.7395687691328977e-17
4689.999999999999	7.286743911722525e-17	1.7514189585883324e-17
4690.249999999999	7.63156784615553e-17	1.8687141620650868e-17
4690.499999999999	8.097046554669252e-17	1.9371289470403676e-17
4690.749999999999	8.627982700083801e-17	1.8564751977217522e-17
4690.999999999999	9.160455815635047e-17	1.914408611719251e-17
4691.249999999999	9.637648119201559e-17	1.9908740147242655e-17
4691.499999999999	1.0022691462456225e-16	2.0130634655282455e-17
4691.749999999999	1.0305253600557677e-16	2.039151418559188e-17
4691.999999999999	1.0500104196122721e-16	1.992800683807024e-17
4692.249999999999	1.0638016942593373e-16	1.9887340984795908e-17
4692.499999999999	1.0752030636497727e-16	1.969487259986707e-17
4692.749999999999	1.0864292322461017e-16	1.9643450089907098e-17
4692.999999999999	1.0978958890158285e-16	2.049892358813189e-17
4693.249999999999	1.1084133265584679e-16	1.944605005416622e-17
4693.499999999999	1.116156750118666e-16	2.089794889818257e-17
4693.749999999999	1.1198952345833708e-16	2.089750222065179e-17
4693.999999999999	1.1198357302823696e-16	2.015853545734387e-17
4694.249999999999	1.117666290332941e-16	2.0247060326499294e-17
4694.499999999999	1.1158381985180583e-16	1.893589633754149e-17
4694.749999999999	1.1165299658267682e-16	2.035227770041604e-17
4694.999999999999	1.1208389132279153e-16	2.0236803286903636e-17
4695.249999999999	1.1285103677103438e-16	2.0259906441412242e-17
4695.499999999999	1.1381537973581195e-16	2.0972706173222662e-17
4695.749999999999	1.1476859722421782e-16	1.920344294358809e-17
4695.999999999999	1.1547865383319317e-16	1.946938812796879e-17
4696.249999999999	1.1573250761998757e-16	2.010115559261229e-17
4696.499999999999	1.1538012636187092e-16	2.081989778994329e-17
4696.749999999999	1.1437604678311217e-16	2.0853906493647796e-17
4696.999999999999	1.1280238845078513e-16	1.925473806773373e-17
4697.249999999999	1.1085676088545663e-16	2.0279431212590944e-17
4697.499999999999	1.0880376882998442e-16	2.0311108921329275e-17
4697.749999999999	1.0690746940298247e-16	1.9253240870825008e-17
4697.999999999999	1.0537012526716115e-16	1.8812188168211734e-17
4698.249999999999	1.0429537910150927e-16	2.0493591581903373e-17
4698.499999999999	1.036790578216695e-16	1.912767154511701e-17
4698.749999999999	1.0342074531178194e-16	1.9341271085974127e-17
4698.999999999999	1.0334857913482579e-16	1.903963140380054e-17
4699.249999999999	1.0325473822716125e-16	1.951032860520649e-17
4699.499999999999	1.0294090357112729e-16	2.0864588704078306e-17
4699.749999999999	1.022673347854392e-16	1.9249730316305333e-17
4699.999999999999	1.011911638154094e-16	1.9099783977945396e-17
4700.249999999999	9.977715365006022e-17	1.985806209983398e-17
4700.499999999999	9.817224963725221e-17	1.9980312776924418e-17
4700.749999999999	9.655135400719693e-17	1.8860075308233654e-17
4700.999999999999	9.505673528849013e-17	1.6973345814171652e-17
4701.249999999999	9.375794558537328e-17	1.9571708715380374e-17
4701.499999999999	9.264841444450672e-17	1.9339717640783752e-17
4701.749999999999	9.167463419725642e-17	1.898241035774657e-17
4701.999999999999	9.07774849929528e-17	1.877171918392319e-17
4702.249999999999	8.992352718898981e-17	1.8198795693695487e-17
4702.499999999999	8.911599015593178e-17	1.928268022882577e-17
4702.749999999999	8.838887734673529e-17	1.8126313165339915e-17
4702.999999999999	8.779292985481204e-17	1.8073461287281452e-17
4703.249999999999	8.737956511445477e-17	1.860826829488271e-17
4703.499999999999	8.718531235720288e-17	1.8671416917206235e-17
4703.749999999999	8.721892770640153e-17	1.825459564345709e-17
4703.999999999999	8.745533785591932e-17	1.9184311910380965e-17
4704.249999999999	8.783940439521492e-17	1.8718564557760532e-17
4704.499999999999	8.82987280195504e-17	1.850973288595417e-17
4704.749999999999	8.876126237951782e-17	1.90300675415582e-17
4704.999999999999	8.91728699277209e-17	1.8956873637875834e-17
4705.249999999999	8.951154250231859e-17	1.8309684217891895e-17
4705.499999999999	8.979548911777798e-17	1.9119862960134508e-17
4705.749999999999	9.008156537328621e-17	1.9351197253324763e-17
4705.999999999999	9.045178820682585e-17	1.8795095308033938e-17
4706.249999999999	9.099100046746038e-17	1.8244681056635028e-17
4706.499999999999	9.176547948784639e-17	1.9495800004927608e-17
4706.749999999999	9.281273606854245e-17	1.829799284711407e-17
4706.999999999999	9.414428464828461e-17	1.892677253538503e-17
4707.249999999999	9.575182804797989e-17	1.912575414045711e-17
4707.499999999999	9.760422947307849e-17	1.7247825848112673e-17
4707.749999999999	9.963279785801354e-17	1.930980182675016e-17
4707.999999999999	1.017173317174028e-16	1.882162795336219e-17
4708.249999999999	1.0369032196357565e-16	1.9542788826804295e-17
4708.499999999999	1.0536637272997261e-16	1.9740354298667686e-17
4708.749999999999	1.0658706986820357e-16	1.9091000974201308e-17
4708.999999999999	1.0726266915577171e-16	1.9656820637328405e-17
4709.249999999999	1.073967078077739e-16	1.989804966500602e-17
4709.499999999999	1.0708969001325734e-16	1.974711732735592e-17
4709.749999999999	1.0652340490592161e-16	1.9438613700459367e-17
4709.999999999999	1.0592673052923093e-16	1.9289572297689562e-17
4710.249999999999	1.0552490874079055e-16	1.9349951519322258e-17
4710.499999999999	1.0548288764434788e-16	1.824563396870069e-17
4710.749999999999	1.0586361402495971e-16	1.787663696924691e-17
4710.999999999999	1.0662071210508542e-16	1.992550875262033e-17
4711.249999999999	1.0762766947462555e-16	2.0844561007087172e-17
4711.499999999999	1.0872408361610778e-16	1.8679574572407233e-17
4711.749999999999	1.0975356482626083e-16	1.9668153011720382e-17
4711.999999999999	1.1058364953500883e-16	1.942547972669325e-17
4712.249999999999	1.1111985139364166e-16	1.968901781549142e-17
4712.499999999999	1.1132951056607114e-16	1.994381756829858e-17
4712.749999999999	1.112696874467301e-16	1.984729882570344e-17
4712.999999999999	1.110885039934494e-16	1.9524197115356553e-17
4713.249999999999	1.109700039078701e-16	1.8401441708881177e-17
4713.499999999999	1.110284734071918e-16	1.8832606294451993e-17
4713.749999999999	1.1120432691538852e-16	1.9563271473132333e-17
4713.999999999999	1.112316390252979e-16	1.99047696803024e-17
4714.249999999999	1.1071719484526442e-16	1.9809721664836382e-17
4714.499999999999	1.0930856731040786e-16	2.1257861800149293e-17
4714.749999999999	1.0687377492100742e-16	1.9797209730890905e-17
4714.999999999999	1.0360215334000382e-16	1.9588708931329564e-17
4715.249999999999	9.997153273801063e-17	1.9521022396165575e-17
4715.499999999999	9.659010830793047e-17	1.7995150444329832e-17
4715.749999999999	9.397953228404586e-17	1.7783784291126607e-17
4715.999999999999	9.239186645990904e-17	1.789763577627718e-17
4716.249999999999	9.173668628728932e-17	1.8405698380313375e-17
4716.499999999999	9.164383953153313e-17	1.922695803404175e-17
4716.749999999999	9.162589783949703e-17	1.9903475969824368e-17
4716.999999999999	9.126250445235942e-17	1.9446342876103062e-17
4717.249999999999	9.032655768923111e-17	1.868661718814251e-17
4717.499999999999	8.880984154724207e-17	1.848781425408274e-17
4717.749999999999	8.685974872912445e-17	1.852049946880716e-17
4717.999999999999	8.467861550465556e-17	1.8680271058483002e-17
4718.249999999999	8.244330638714639e-17	1.878842492357431e-17
4718.499999999999	8.027732471134067e-17	1.6897274976318826e-17
4718.749999999999	7.827033035860726e-17	1.8655272006010425e-17
4718.999999999999	7.651371499074885e-17	1.8519209067051577e-17
4719.249999999999	7.511901908629292e-17	1.7389631074883864e-17
4719.499999999999	7.420582328778425e-17	1.7131325730640705e-17
4719.749999999999	7.387136881467075e-17	1.742734058464893e-17
4719.999999999999	7.416585254577428e-17	1.8506445670199884e-17
4720.249999999999	7.508777740584125e-17	1.8137796086603376e-17
4720.499999999999	7.659262851409504e-17	1.8171189367932142e-17
4720.749999999999	7.85960400793026e-17	1.8695972600870484e-17
4720.999999999999	8.096200150225301e-17	1.7224919562589855e-17
4721.249999999999	8.348899398033599e-17	1.8205097155601916e-17
4721.499999999999	8.592059839150761e-17	1.8872426769140296e-17
4721.749999999999	8.799600595554984e-17	1.900693957163122e-17
4721.999999999999	8.952657221233244e-17	1.906223328685794e-17
4722.249999999999	9.046031070013153e-17	1.9563569258152852e-17
4722.499999999999	9.089771779174651e-17	1.8355199003917013e-17
4722.749999999999	9.104944104069353e-17	1.8165925190513854e-17
4722.999999999999	9.115855805195175e-17	1.8344890679123377e-17
4723.249999999999	9.142507192893766e-17	1.8734117207637754e-17
4723.499999999999	9.196076314122583e-17	1.911684705962114e-17
4723.749999999999	9.278082132335862e-17	1.8565928228048572e-17
4723.999999999999	9.38225932542094e-17	1.8577232478299722e-17
4724.249999999999	9.497854904384905e-17	1.8782828219549777e-17
4724.499999999999	9.61339935731022e-17	1.9273190812838562e-17
4724.749999999999	9.7201503055652e-17	1.9404083872968953e-17
4724.999999999999	9.814233874484586e-17	1.7898029514248755e-17
4725.249999999999	9.896656312968555e-17	1.8865534700276504e-17
4725.499999999999	9.971283085880667e-17	1.8616306836075502e-17
4725.749999999999	1.0042156867488008e-16	1.8759137766806258e-17
4725.999999999999	1.0112170618052639e-16	1.903535157131119e-17
4726.249999999999	1.0184292738278301e-16	1.8722890712364184e-17
4726.499999999999	1.0264482197478306e-16	1.9836193098799304e-17
4726.749999999999	1.0363386698781034e-16	1.9283791959569042e-17
4726.999999999999	1.049361297532686e-16	1.8764661678936887e-17
4727.249999999999	1.0661729336383216e-16	1.8425008084532813e-17
4727.499999999999	1.0858232447874315e-16	1.822100383878131e-17
4727.749999999999	1.1051716089182022e-16	1.8425335648055384e-17
4727.999999999999	1.1192778152487874e-16	2.0040675454944863e-17
4728.249999999999	1.1228391837699955e-16	2.0666073628871705e-17
4728.499999999999	1.1121323747140443e-16	2.0623472172964e-17
4728.749999999999	1.0865758082360375e-16	1.9980918273132807e-17
4728.999999999999	1.049190834896754e-16	1.8549113300556594e-17
4729.249999999999	1.0057898449350732e-16	1.8784007779103277e-17
4729.499999999999	9.632879462226734e-17	1.8455868538825942e-17
4729.749999999999	9.278118299152519e-17	1.8509306060758092e-17
4729.999999999999	9.032119092855457e-17	1.841395860591033e-17
4730.249999999999	8.903377127071061e-17	1.750267357739536e-17
4730.499999999999	8.87189915114885e-17	1.8101017982208043e-17
4730.749999999999	8.898533145990645e-17	1.8559095716188884e-17
4730.999999999999	8.939067121801677e-17	1.937937433371077e-17
4731.249999999999	8.958307817554761e-17	1.9452318428848146e-17
4731.499999999999	8.939141959304581e-17	1.85133195410902e-17
4731.749999999999	8.883810472399288e-17	1.8435283322101947e-17
4731.999999999999	8.808424888951648e-17	1.8006016288856328e-17
4732.249999999999	8.734728006508528e-17	1.86611416796371e-17
4732.499999999999	8.683389842248343e-17	1.846464161640268e-17
4732.749999999999	8.670714079840079e-17	1.7759875462701374e-17
4732.999999999999	8.707610462493958e-17	1.8703020179689436e-17
4733.249999999999	8.798484386355404e-17	1.7979395962383147e-17
4733.499999999999	8.939034271572009e-17	1.731789962652449e-17
4733.749999999999	9.114512559447531e-17	1.8060835202411442e-17
4733.999999999999	9.301296614199378e-17	1.8852121139463344e-17
4734.249999999999	9.473204676806845e-17	1.858990323092281e-17
4734.499999999999	9.610763332135137e-17	1.975171148847804e-17
4734.749999999999	9.709053101996547e-17	1.860551709216536e-17
4734.999999999999	9.779876068003484e-17	1.8735824508422064e-17
4735.249999999999	9.846738829530976e-17	1.8770628959875845e-17
4735.499999999999	9.934634658527978e-17	1.8401276272758667e-17
4735.749999999999	1.0058901220390096e-16	1.9762464836441228e-17
4735.999999999999	1.0217711511215515e-16	1.74755933385016e-17
4736.249999999999	1.0391322530468412e-16	1.8743146711204383e-17
4736.499999999999	1.0548689991344725e-16	1.9683917419834418e-17
4736.749999999999	1.0659126811040807e-16	1.9661748979417996e-17
4736.999999999999	1.0704426599406928e-16	1.9787308378958646e-17
4737.249999999999	1.0686497052406195e-16	1.8475277504718886e-17
4737.499999999999	1.0627488102642313e-16	1.884581471447324e-17
4737.749999999999	1.0562675953175532e-16	1.9168684814248613e-17
4737.999999999999	1.0529070064752365e-16	1.9121719153429077e-17
4738.249999999999	1.0553714666634339e-16	1.8829630098608027e-17
4738.499999999999	1.0645109209292206e-16	1.8546064312818724e-17
4738.749999999999	1.0790004808935712e-16	1.844944630855008e-17
4738.999999999999	1.0956581601112974e-16	1.9303556613125384e-17
4739.249999999999	1.110338693020577e-16	1.964450722672994e-17
4739.499999999999	1.1191462155161903e-16	1.9271966585531984e-17
4739.749999999999	1.1195622710641347e-16	1.9632870449872545e-17
4739.999999999999	1.11109766497768e-16	1.9053797698971123e-17
4740.249999999999	1.0952817508602365e-16	1.9310700144895392e-17
4740.499999999999	1.0750835201079648e-16	1.9195159556933985e-17
4740.749999999999	1.0540524778547953e-16	1.888639288660264e-17
4740.999999999999	1.0354937252890209e-16	1.8945164069124534e-17
4741.249999999999	1.0218817430659846e-16	1.750461745183486e-17
4741.499999999999	1.0145785044264937e-16	1.8241981139115655e-17
4741.749999999999	1.0138217731011457e-16	1.8386264599002055e-17
4741.999999999999	1.0188975106338838e-16	1.8624178286784556e-17
4742.249999999999	1.0284052575010534e-16	1.912255956893143e-17
4742.499999999999	1.040550349465472e-16	1.7682608521682796e-17
4742.749999999999	1.0534364745433082e-16	1.949273281921626e-17
4742.999999999999	1.0653546221011795e-16	1.9030307423935842e-17
4743.249999999999	1.0750435392441302e-16	1.8996556800582453e-17
4743.499999999999	1.0818645463672082e-16	1.945509941006755e-17
4743.749999999999	1.0858362026180333e-16	1.8410853369890806e-17
4743.999999999999	1.0875291796367486e-16	1.9032651653791817e-17
4744.249999999999	1.0878877320252955e-16	1.9281874554909144e-17
4744.499999999999	1.088059096742868e-16	1.880501982102335e-17
4744.749999999999	1.0892630453693606e-16	1.8765609627918873e-17
4744.999999999999	1.0926763002710597e-16	1.971895513622094e-17
4745.249999999999	1.099294999794813e-16	1.7909133586791667e-17
4745.499999999999	1.1097774104376056e-16	1.9211038115972553e-17
4745.749999999999	1.1243016522369741e-16	1.9300639974285522e-17
4745.999999999999	1.142468728171358e-16	1.9231711013841478e-17
4746.249999999999	1.16325692114594e-16	1.9498213717955038e-17
4746.499999999999	1.1850346321467975e-16	1.895745266430462e-17
4746.749999999999	1.205676291649311e-16	2.0000648185103422e-17
4746.999999999999	1.222836252711102e-16	1.9536302076440654e-17
4747.249999999999	1.2343710043737103e-16	1.9573406089997333e-17
4747.499999999999	1.2387877748050392e-16	2.005013840115247e-17
4747.749999999999	1.235529017451923e-16	1.9736220049966145e-17
4747.999999999999	1.2249649856271762e-16	1.860272453041738e-17
4748.249999999999	1.208124404690015e-16	1.9410168613554893e-17
4748.499999999999	1.1863339576802792e-16	1.964066745432647e-17
4748.749999999999	1.1609601757288471e-16	1.8986597546007315e-17
4748.999999999999	1.1333500871120046e-16	1.7947046582987423e-17
4749.249999999999	1.1049391826550577e-16	1.824963917722667e-17
4749.499999999999	1.0774153731284337e-16	1.8173202725543096e-17
4749.749999999999	1.0528001779280392e-16	1.9137010414232732e-17
4749.999999999999	1.0333241015419771e-16	1.9082576966843068e-17
4750.249999999999	1.0210260444577232e-16	1.8108411322523042e-17
4750.499999999999	1.017126172097943e-16	1.8446982964685897e-17
4750.749999999999	1.021402952907686e-16	1.8635264161353992e-17
4750.999999999999	1.0319316784977578e-16	1.7828728322529063e-17
4751.249999999999	1.0454725290004557e-16	1.8362615505289163e-17
4751.499999999999	1.0584838810734307e-16	1.9452091781360306e-17
4751.749999999999	1.0683312735640055e-16	1.953493061098504e-17
4751.999999999999	1.0740601284964987e-16	1.8845693946103807e-17
4752.249999999999	1.0762972315539736e-16	1.8226724619897727e-17
4752.499999999999	1.0763605597721773e-16	1.8436065834961422e-17
4752.749999999999	1.0751483096974713e-16	1.8626180063866935e-17
4752.999999999999	1.0724912556179131e-16	1.876665849293559e-17
4753.249999999999	1.0673144555174199e-16	2.0382307665374164e-17
4753.499999999999	1.0584218385116817e-16	1.7834581452543488e-17
4753.749999999999	1.045363217375395e-16	1.8813892160273593e-17
4753.999999999999	1.028883255352985e-16	1.8942105155219313e-17
4754.249999999999	1.0107962486944959e-16	1.7934092934594842e-17
4754.499999999999	9.934935734366875e-17	1.7925677199042728e-17
4754.749999999999	9.794204918428225e-17	1.8581815058893266e-17
4754.999999999999	9.707091088919101e-17	1.9051779378276493e-17
4755.249999999999	9.689045940086364e-17	1.8946330393788233e-17
4755.499999999999	9.746169737668606e-17	1.8051440085014065e-17
4755.749999999999	9.87076911477258e-17	1.7043800095665244e-17
4755.999999999999	1.0038391502407768e-16	1.8772294901629527e-17
4756.249999999999	1.0209997720007758e-16	1.8747188315677317e-17
4756.499999999999	1.0341043097603257e-16	1.900986282791598e-17
4756.749999999999	1.0395108499051902e-16	1.938532341667625e-17
4756.999999999999	1.0356215861990384e-16	1.9571756691855902e-17
4757.249999999999	1.0233770722824744e-16	1.9173542018805524e-17
4757.499999999999	1.0057658984017323e-16	1.7511737822547717e-17
4757.749999999999	9.866220012486271e-17	1.7351478196310468e-17
4757.999999999999	9.693330048548076e-17	1.795206756930562e-17
4758.249999999999	9.56050593972837e-17	1.8193167556807676e-17
4758.499999999999	9.476238395801068e-17	1.7509425025555018e-17
4758.749999999999	9.440379555664377e-17	1.8364488242195984e-17
4758.999999999999	9.449195315948165e-17	1.8272763838431203e-17
4759.249999999999	9.497726240657759e-17	1.7198646651973945e-17
4759.499999999999	9.579019087080647e-17	1.7735491832604536e-17
4759.749999999999	9.68224092514516e-17	1.946946919166882e-17
4759.999999999999	9.792142658537189e-17	1.7615669757792554e-17
4760.249999999999	9.890999723174044e-17	1.848705986536409e-17
4760.499999999999	9.962304231791738e-17	1.9042053388634095e-17
4760.749999999999	9.994379255618075e-17	1.8964993242768655e-17
4760.999999999999	9.982239052999391e-17	1.8507635155920735e-17
4761.249999999999	9.92719322290638e-17	1.818979596863091e-17
4761.499999999999	9.835143294110766e-17	1.817365767488e-17
4761.749999999999	9.715220011661591e-17	1.8090423452922464e-17
4761.999999999999	9.579739372410691e-17	1.830999358344099e-17
4762.249999999999	9.444746289364847e-17	1.787659230149383e-17
4762.499999999999	9.329062909532777e-17	1.6847473740359458e-17
4762.749999999999	9.250195917141666e-17	1.8364021712330504e-17
4762.999999999999	9.217779598144531e-17	1.7261988834560806e-17
4763.249999999999	9.227839171974674e-17	1.72224909603114e-17
4763.499999999999	9.261846197074025e-17	1.8362297867933943e-17
4763.749999999999	9.292372039906265e-17	1.9322006049507767e-17
4763.999999999999	9.293354405695458e-17	1.8267398744978184e-17
4764.249999999999	9.25012290097653e-17	1.8680198266589098e-17
4764.499999999999	9.164285056241725e-17	1.7006343703167618e-17
4764.749999999999	9.051307649976349e-17	1.7592397858438987e-17
4764.999999999999	8.932355417500764e-17	1.830571044222919e-17
4765.249999999999	8.824553410600185e-17	1.6722918538082448e-17
4765.499999999999	8.734138869317921e-17	1.7837299568036337e-17
4765.749999999999	8.655137873764672e-17	1.7863183703764347e-17
4765.999999999999	8.573383706674517e-17	1.824019112027009e-17
4766.249999999999	8.473361142630594e-17	1.7900838619608986e-17
4766.499999999999	8.344620965391781e-17	1.7061873992049527e-17
4766.749999999999	8.185516788925359e-17	1.8038216775741792e-17
4766.999999999999	8.003857889471746e-17	1.7429004872041388e-17
4767.249999999999	7.815437147837894e-17	1.7252977528967653e-17
4767.499999999999	7.641536810316452e-17	1.7485408663650154e-17
4767.749999999999	7.505825039779792e-17	1.742499800915418e-17
4767.999999999999	7.430525605617018e-17	1.6544924159512063e-17
4768.249999999999	7.431996077263979e-17	1.644201461950434e-17
4768.499999999999	7.516654394700046e-17	1.7208506644875578e-17
4768.749999999999	7.67878822759377e-17	1.7604246393533197e-17
4768.999999999999	7.901600366793432e-17	1.702644584641388e-17
4769.249999999999	8.161786121100345e-17	1.631720629995989e-17
4769.499999999998	8.436305199918836e-17	1.879614582741188e-17
4769.749999999999	8.708537819810304e-17	1.878153285471052e-17
4770.0	8.97069136965969e-17	1.8039710663928063e-17
4770.249999999999	9.220977970291286e-17	1.733940632245087e-17
4770.499999999998	9.457234173082684e-17	1.726467882591283e-17
4770.749999999999	9.671315783073015e-17	1.810104610634887e-17
4771.0	9.848545620675571e-17	1.8308139044507646e-17
4771.249999999999	9.97322915017523e-17	1.939177046237049e-17
4771.499999999999	1.0036899960720351e-16	1.882427162259991e-17
4771.749999999999	1.0043765692612648e-16	1.827480366582176e-17
4771.999999999999	1.0009563076546576e-16	1.8777365518784477e-17
4772.249999999999	9.954465597793887e-17	1.645847055061047e-17
4772.499999999999	9.894537682192871e-17	1.8383437295668348e-17
4772.749999999999	9.836737209847533e-17	1.884605790557333e-17
4772.999999999999	9.779612850836169e-17	1.8991540777347932e-17
4773.249999999999	9.718075780092771e-17	1.8655674015788125e-17
4773.499999999999	9.648683487496608e-17	1.617013689577041e-17
4773.749999999999	9.572584607372197e-17	1.9003266889711483e-17
4773.999999999999	9.495301307095145e-17	1.8631144801903478e-17
4774.249999999999	9.424178630929083e-17	1.7964060033826413e-17
4774.499999999999	9.364987477820453e-17	1.748675200496494e-17
4774.749999999999	9.319248266927803e-17	1.7006161723432856e-17
4774.999999999999	9.283662028920257e-17	1.7502982942944455e-17
4775.249999999999	9.252310137638574e-17	1.914884902315959e-17
4775.499999999999	9.220962356968392e-17	1.8083162461505474e-17
4775.749999999999	9.191555619860371e-17	1.7447189610627754e-17
4775.999999999999	9.174575261743035e-17	1.8116539199221988e-17
4776.249999999999	9.187845486998313e-17	1.6473657586656944e-17
4776.499999999999	9.251484917931582e-17	1.9155557457927396e-17
4776.75	9.380027846556508e-17	1.7846750933715368e-17
4776.999999999999	9.573977933340087e-17	1.6861070935268605e-17
4777.249999999998	9.814236434668925e-17	1.7203700725516644e-17
4777.499999999999	1.0062971137895396e-16	1.8053569247910777e-17
4777.75	1.0272466331649545e-16	2.0268166667009197e-17
4777.999999999999	1.0399700244881531e-16	1.8701034946219308e-17
4778.249999999998	1.0421060489042066e-16	1.8640970053219383e-17
4778.499999999999	1.0341101225399711e-16	1.8663985526583058e-17
4778.749999999999	1.0191944389478446e-16	1.7899867509569848e-17
4778.999999999999	1.0023923704370423e-16	1.8852319662810357e-17
4779.249999999999	9.891043403791621e-17	1.7781057903827632e-17
4779.499999999999	9.835866084191972e-17	1.7838598241598046e-17
4779.749999999999	9.878112549595579e-17	1.7625503280914585e-17
4779.999999999999	1.0010224550986176e-16	1.7593011626453502e-17
4780.249999999999	1.0201349007518973e-16	1.9026452762281345e-17
4780.499999999999	1.0408457762943373e-16	1.901699643351864e-17
4780.749999999999	1.0590407171853144e-16	1.8792509541439097e-17
4780.999999999999	1.0719314359068165e-16	1.907753612819017e-17
4781.249999999999	1.0784975509934332e-16	1.880667252788723e-17
4781.499999999999	1.0791701909180975e-16	1.7750700375346936e-17
4781.749999999999	1.0750772396449679e-16	1.8830425846357303e-17
4781.999999999999	1.0673461495355294e-16	1.8083619065203603e-17
4782.249999999999	1.0568378764301736e-16	1.8873543462967242e-17
4782.499999999999	1.0443676219764804e-16	1.8843827826641887e-17
4782.749999999999	1.0311558182780198e-16	1.8101588736830705e-17
4782.999999999999	1.0191204047509378e-16	1.8894960823387465e-17
4783.249999999999	1.0107244543526433e-16	1.7178465099388877e-17
4783.499999999999	1.0083521433405903e-16	1.828938355129862e-17
4783.749999999999	1.0134554022175298e-16	1.795536305686603e-17
4783.999999999998	1.0258550020203457e-16	1.762832727552584e-17
4784.249999999999	1.0435335337583032e-16	1.8761611036837792e-17
4784.5	1.0630546254856421e-16	1.7277258588668535e-17
4784.749999999999	1.0804733209597495e-16	1.907565677383845e-17
4784.999999999998	1.0923888191263095e-16	1.8699575799618765e-17
4785.249999999999	1.0967331465713711e-16	1.845602074005865e-17
4785.499999999998	1.0930256289845517e-16	1.881143874257676e-17
4785.749999999999	1.0820885914430001e-16	1.7733402374377227e-17
4785.999999999999	1.0654675891137588e-16	1.8523113359542827e-17
4786.249999999999	1.0448875760526541e-16	1.859046075065567e-17
4786.499999999999	1.0219710688946817e-16	1.7912505174968433e-17
4786.749999999999	9.982364098134352e-17	1.7596457660885398e-17
4786.999999999999	9.752233671905466e-17	1.850434794016645e-17
4787.249999999999	9.545475192170451e-17	1.818823756035686e-17
4787.499999999999	9.377555518803286e-17	1.6728899053911207e-17
4787.749999999999	9.259834310296787e-17	1.7344505063746646e-17
4787.999999999999	9.195421338867222e-17	1.7799358447699755e-17
4788.249999999999	9.176271960201264e-17	1.742870377829842e-17
4788.499999999999	9.183430507658252e-17	1.8370463794941067e-17
4788.749999999999	9.191392125784481e-17	1.798703745688191e-17
4788.999999999999	9.175948149010841e-17	1.7752738548376266e-17
4789.249999999999	9.12312727024338e-17	1.8534963548998262e-17
4789.499999999999	9.035778946700333e-17	1.8746293306254535e-17
4789.749999999999	8.93470221804182e-17	1.674384289885759e-17
4789.999999999999	8.85313908269977e-17	1.7411579485257346e-17
4790.249999999999	8.826211740737604e-17	1.755787299403225e-17
4790.499999999999	8.879106382754035e-17	1.733967598333056e-17
4790.749999999998	9.018308781570601e-17	1.6967954250939032e-17
4790.999999999999	9.228715248791138e-17	1.71008490881518e-17
4791.25	9.476870289661705e-17	1.8995929797678138e-17
4791.499999999999	9.718408365285673e-17	1.8906653848526515e-17
4791.749999999998	9.907105510334394e-17	1.796019048292089e-17
4791.999999999999	1.0003694945909021e-16	1.8103817161400923e-17
4792.25	9.983670949405888e-17	1.89731012671329e-17
4792.499999999999	9.843553755833441e-17	1.900205755165593e-17
4792.749999999999	9.604398281811823e-17	1.771411583121494e-17
4792.999999999999	9.310708593733459e-17	1.7337113377792872e-17
4793.249999999999	9.023463812992658e-17	1.7550578915390757e-17
4793.499999999999	8.807810211119551e-17	1.7326889425421717e-17
4793.749999999999	8.71820495477234e-17	1.6464515586527008e-17
4793.999999999999	8.785214057305487e-17	1.6823518589819922e-17
4794.249999999999	9.008070602522929e-17	1.7018283228129208e-17
4794.499999999999	9.355451474381922e-17	1.726198718019958e-17
4794.749999999999	9.774233968709304e-17	1.7519556333697568e-17
4794.999999999999	1.0203179894000221e-16	1.832325163429899e-17
4795.249999999999	1.0586792719728311e-16	1.9800462205059464e-17
4795.499999999999	1.0885000110770034e-16	1.7918336798286932e-17
4795.749999999999	1.107671768852703e-16	1.821156570799208e-17
4795.999999999999	1.1158331622475053e-16	1.842776094161139e-17
4796.249999999999	1.1139818985800255e-16	1.8842904693078278e-17
4796.499999999999	1.1040771707833286e-16	1.9330360573694552e-17
4796.749999999999	1.088690911016199e-16	1.7847910640934168e-17
4796.999999999999	1.0706479054328865e-16	1.7857820264672553e-17
4797.249999999999	1.0526181598890251e-16	1.7555985367874403e-17
4797.499999999998	1.0367313832601103e-16	1.829874061838782e-17
4797.749999999999	1.0243445013404529e-16	1.8894148532025938e-17
4798.0	1.0160446489376723e-16	1.6960728001107768e-17
4798.249999999999	1.0118533606674527e-16	1.7512141486686643e-17
4798.499999999998	1.0114947316571357e-16	1.8361341647145832e-17
4798.749999999999	1.0145619307787028e-16	1.846309975174088e-17
4799.0	1.0204811280795642e-16	1.786590678234087e-17
4799.249999999999	1.0283127865760272e-16	1.702149434326714e-17
4799.499999999998	1.0365794748909854e-16	1.6951023518161296e-17
4799.749999999999	1.0433511816190635e-16	1.8075575560927137e-17
4800.0	1.0466820693804294e-16	1.89797170576721e-17
4800.249999999999	1.0452386235551374e-16	1.8980357295466215e-17
4800.499999999999	1.0387815185651805e-16	1.8263148690990887e-17
4800.749999999999	1.0282262033631648e-16	1.770289264466382e-17
4800.999999999999	1.0152780758041274e-16	1.75524268368792e-17
4801.249999999999	1.0019056234992442e-16	1.7573961656946406e-17
4801.499999999999	9.899629987659077e-17	1.8673238368915076e-17
4801.749999999999	9.810826350674761e-17	1.8668106540394797e-17
4801.999999999999	9.767062595214749e-17	1.6576312355036e-17
4802.249999999999	9.780181964274239e-17	1.8055405588870644e-17
4802.499999999999	9.856581762592501e-17	1.7377823898820282e-17
4802.749999999999	9.993149083262818e-17	1.765202434571426e-17
4802.999999999999	1.0174647082348282e-16	1.7314337786806837e-17
4803.249999999999	1.0375079027010617e-16	1.714014678469297e-17
4803.499999999999	1.0563751121209542e-16	1.9715765527778934e-17
4803.749999999999	1.0714303430655393e-16	1.8444675130776874e-17
4803.999999999999	1.0813194653343819e-16	1.810439618782971e-17
4804.249999999998	1.0863951744897746e-16	1.833152013170207e-17
4804.499999999999	1.0885041417503417e-16	1.8463743298257446e-17
4804.749999999999	1.0901820316471738e-16	1.798069298158363e-17
4804.999999999999	1.0935568089397607e-16	1.6964948276593014e-17
4805.249999999998	1.099399853125314e-16	1.8076569832023426e-17
4805.499999999999	1.1067185410666972e-16	1.865427938927536e-17
4805.75	1.1130650956668197e-16	1.899025037559235e-17
4805.999999999999	1.115444339040257e-16	1.9024968800262425e-17
4806.249999999998	1.1114748591400176e-16	1.8228061343767613e-17
4806.499999999999	1.1003848159436952e-16	1.8865149234111054e-17
4806.75	1.0834998380664958e-16	1.8610356098748795e-17
4806.999999999999	1.0640449047224444e-16	1.8002490845085627e-17
4807.249999999999	1.0462824029688555e-16	1.7492236212426166e-17
4807.499999999999	1.0342214503429119e-16	1.7319022937796337e-17
4807.749999999999	1.0303216364218992e-16	1.7229257297722083e-17
4807.999999999999	1.0346872676969616e-16	1.707697003822862e-17
4808.249999999999	1.0451161205995855e-16	1.8059096468763856e-17
4808.499999999999	1.0580310915203943e-16	1.9049266403575557e-17
4808.749999999999	1.0699256142358383e-16	1.9148228637700176e-17
4808.999999999999	1.0787079407438575e-16	1.7955554962768143e-17
4809.249999999999	1.084374462673186e-16	1.7800337829545018e-17
4809.499999999999	1.0887527992207568e-16	1.7711707081271186e-17
4809.749999999999	1.0944643065427719e-16	1.8088378662448233e-17
4809.999999999999	1.1035717573896795e-16	1.8177343591689536e-17
4810.249999999999	1.116488785659594e-16	1.7484832945943817e-17
4810.499999999999	1.1316168570679678e-16	1.814696621087414e-17
4810.749999999999	1.1458861019959525e-16	1.8767793384736013e-17
4810.999999999998	1.1560012352586359e-16	1.9308999461555983e-17
4811.249999999999	1.1598686718903637e-16	1.9336829126084717e-17
4811.499999999999	1.1575674322216725e-16	1.881017481060078e-17
4811.749999999999	1.1514116723395495e-16	1.830064313379669e-17
4811.999999999998	1.1450674567624155e-16	1.812864746902854e-17
4812.249999999999	1.1421172982153826e-16	1.822558807373608e-17
4812.5	1.1446901275088079e-16	1.853462605930834e-17
4812.749999999999	1.1527001339746528e-16	1.8502362706696322e-17
4812.999999999998	1.1639429398820283e-16	1.7981824564661602e-17
4813.249999999999	1.1749444027680412e-16	1.9194959379225747e-17
4813.5	1.182188022560582e-16	1.8493799732995173e-17
4813.749999999999	1.1832350881654298e-16	1.9241944892379984e-17
4813.999999999999	1.1773228658808296e-16	1.9065027502967143e-17
4814.249999999999	1.165260273672161e-16	1.792373663332568e-17
4814.499999999999	1.1487552996474985e-16	1.9100822916794762e-17
4814.749999999999	1.1295601080357116e-16	1.70333660394185e-17
4814.999999999999	1.1088690883633902e-16	1.8825212954136994e-17
4815.249999999999	1.0872227775700411e-16	1.8963117197139385e-17
4815.499999999999	1.0648723909156216e-16	1.793259242896367e-17
4815.749999999999	1.0423262986550162e-16	1.7826000280868863e-17
4815.999999999999	1.0207458367953765e-16	1.820978726967509e-17
4816.249999999999	1.001967950740363e-16	1.8270331927430297e-17
4816.499999999999	9.881108741586327e-17	1.7710257860837993e-17
4816.749999999999	9.808893050423652e-17	1.762056997574132e-17
4816.999999999999	9.808941588070007e-17	1.7863451710282814e-17
4817.249999999999	9.871516736085865e-17	1.697220761364878e-17
4817.499999999999	9.972177121071703e-17	1.834439271639462e-17
4817.749999999999	1.0078542181346826e-16	1.85125618436491e-17
4817.999999999999	1.0160492388576717e-16	1.860279235922761e-17
4818.249999999999	1.0199450995791297e-16	1.8364460118055157e-17
4818.499999999999	1.0192760878380687e-16	1.7496279471260326e-17
4818.749999999998	1.015181476876567e-16	1.7707215490545023e-17
4818.999999999999	1.0095807788393042e-16	1.820468687401809e-17
4819.25	1.0044715678094714e-16	1.7590769966993483e-17
4819.499999999999	1.0014500471202423e-16	1.7332170146452255e-17
4819.749999999998	1.0015403478095604e-16	1.7856337957014858e-17
4819.999999999999	1.0052169665980225e-16	1.8141341382708778e-17
4820.25	1.0124382557475404e-16	1.8544937692824427e-17
4820.499999999999	1.0225938540124479e-16	1.6976353442878895e-17
4820.749999999998	1.0344217595510983e-16	1.7800804359410498e-17
4820.999999999999	1.0460528951615607e-16	1.897215828123459e-17
4821.25	1.0553137156514407e-16	1.7935196393531988e-17
4821.499999999999	1.0602695909828257e-16	1.8672447584249476e-17
4821.749999999999	1.0598158834781283e-16	1.8620528765921972e-17
4821.999999999999	1.0540500655013518e-16	1.8244211218047098e-17
4822.249999999999	1.0442530828713458e-16	1.796243545110336e-17
4822.499999999999	1.0325247919948158e-16	1.7676560177043808e-17
4822.749999999999	1.0213068964981963e-16	1.6820163545255407e-17
4822.999999999999	1.0130411206632976e-16	1.8106027387997665e-17
4823.249999999999	1.0100278803498638e-16	1.806300241561633e-17
4823.499999999999	1.0143160360276713e-16	1.803569222051228e-17
4823.749999999999	1.0273821297714471e-16	1.7392828955131994e-17
4823.999999999999	1.0495441095651068e-16	1.6001046289313546e-17
4824.249999999999	1.0793712763298208e-16	1.8403924905080062e-17
4824.499999999999	1.1135265889439233e-16	1.7570649625773743e-17
4824.749999999999	1.1473249119345634e-16	1.9324532259098504e-17
4824.999999999999	1.1758869624090314e-16	1.9406330495512647e-17
4825.249999999999	1.1954026300489597e-16	1.7955179422770044e-17
4825.499999999998	1.2039561924193225e-16	1.9777421916277412e-17
4825.749999999999	1.201641843252574e-16	1.7763065071143378e-17
4825.999999999999	1.1900950255863053e-16	1.826918214637885e-17
4826.249999999999	1.1718053227293767e-16	1.88237703511487e-17
4826.499999999998	1.1495364642820645e-16	1.9007834581054e-17
4826.749999999999	1.1259571227094559e-16	1.88034614127493e-17
4827.0	1.1033942588507286e-16	1.7312648683996004e-17
4827.249999999999	1.0835951661777234e-16	1.8316012149577926e-17
4827.499999999998	1.0674961570925855e-16	1.7733817619044728e-17
4827.749999999999	1.0551069817019269e-16	1.7584815920944326e-17
4828.0	1.0456186779868565e-16	1.839111353175284e-17
4828.249999999999	1.0377345052274607e-16	1.884355982012342e-17
4828.499999999999	1.030107649251504e-16	1.8400270421133802e-17
4828.749999999999	1.0217334070390037e-16	1.778266097985476e-17
4828.999999999999	1.0121973146224026e-16	1.7634446757697508e-17
4829.249999999999	1.00176121962428e-16	1.8060052689551967e-17
4829.499999999999	9.913126887346355e-17	1.8485473332949214e-17
4829.749999999999	9.82203410491604e-17	1.7228506217725885e-17
4829.999999999999	9.759907672398172e-17	1.7857261090578467e-17
4830.249999999999	9.741099738946418e-17	1.7441867530566588e-17
4830.499999999999	9.775308880615316e-17	1.7496979266058546e-17
4830.749999999999	9.864695476290726e-17	1.7967171887290838e-17
4830.999999999999	1.0002221769967524e-16	1.7491551306878973e-17
4831.249999999999	1.0171770747536257e-16	1.8390412082593395e-17
4831.499999999999	1.0350452080829123e-16	1.7587345439257514e-17
4831.749999999999	1.0513113116641607e-16	1.8223776548194588e-17
4831.999999999999	1.0638307347928868e-16	1.8886578175059853e-17
4832.249999999998	1.0714089280183071e-16	1.8307378038344097e-17
4832.499999999999	1.0741647902106452e-16	1.825502412301439e-17
4832.749999999999	1.0735466433639122e-16	1.863367266585544e-17
4832.999999999999	1.072012740472279e-16	1.8401175356723935e-17
4833.249999999998	1.0725139495429606e-16	1.7732239358435977e-17
4833.499999999999	1.0779405759324284e-16	1.7569468411859018e-17
4833.75	1.090618246616494e-16	1.8771315519784264e-17
4833.999999999999	1.1118511808966153e-16	1.7818788920288626e-17
4834.249999999998	1.1415134007143542e-16	1.764165315519407e-17
4834.499999999999	1.177787335340841e-16	1.8333210888874128e-17
4834.75	1.2172370128347485e-16	1.881485334414538e-17
4834.999999999999	1.255355856873275e-16	1.9314038645847656e-17
4835.249999999999	1.287524699335096e-16	2.2531926738634094e-17
4835.499999999999	1.3100833257925462e-16	2.3699687387877255e-17
4835.749999999999	1.3211274870563822e-16	2.2355613191068416e-17
4835.999999999999	1.320770428045563e-16	2.1639102727030083e-17
4836.249999999999	1.3108591931879997e-16	2.1472263706200587e-17
4836.499999999999	1.2943392715832647e-16	1.963404835506482e-17
4836.749999999999	1.2745131486720004e-16	1.8568581823453642e-17
4836.999999999999	1.2543720836790483e-16	1.932555134561317e-17
4837.249999999999	1.2361027045120278e-16	1.8312063189333598e-17
4837.499999999999	1.220838012090514e-16	1.7657296794938673e-17
4837.749999999999	1.2087019518259699e-16	1.8845148006899522e-17
4837.999999999999	1.199128714118495e-16	1.9602660159540883e-17
4838.249999999999	1.1913264248219096e-16	1.8080153178437006e-17
4838.499999999999	1.1846810010454495e-16	1.798473954914024e-17
4838.749999999999	1.1789351483982585e-16	1.8528073134495695e-17
4838.999999999999	1.1741208389625063e-16	1.8392129309545056e-17
4839.249999999999	1.1703744223356242e-16	1.6950780327061206e-17
4839.499999999999	1.1678104749019355e-16	1.9289587186940588e-17
4839.749999999999	1.1665413981487113e-16	1.794132083878733e-17
4839.999999999998	1.1667765606402082e-16	1.7737357952066455e-17
4840.249999999999	1.1688432726973125e-16	1.8243675205010164e-17
4840.5	1.1730236213438355e-16	1.8288685410861624e-17
4840.749999999999	1.179264183581151e-16	1.708587050161969e-17
4840.999999999998	1.1869581810426366e-16	1.8289388514382294e-17
4841.249999999999	1.1949942018742095e-16	1.8988994715422493e-17
4841.5	1.2020946818770064e-16	1.899051011030469e-17
4841.749999999999	1.2072532580764163e-16	1.8793146470510763e-17
4841.999999999998	1.209992119062185e-16	1.8848077880629185e-17
4842.249999999999	1.2102788649557082e-16	1.7729215186116483e-17
4842.5	1.2081831764165251e-16	1.780449523930371e-17
4842.749999999999	1.2035339344647307e-16	1.878013988255898e-17
4842.999999999999	1.195823989128117e-16	1.8661637988004633e-17
4843.249999999999	1.1844259166555537e-16	1.7639801924983176e-17
4843.499999999999	1.168976702886472e-16	1.8644498805712534e-17
4843.749999999999	1.1497040762997292e-16	1.867236155746577e-17
4843.999999999999	1.127535930425251e-16	1.8341533980197637e-17
4844.249999999999	1.103969579074701e-16	1.7823335104935217e-17
4844.499999999999	1.080777018212783e-16	1.7584437072223777e-17
4844.749999999999	1.0596401152990213e-16	1.7815078188060713e-17
4844.999999999999	1.0417827550926367e-16	1.721524651250666e-17
4845.249999999999	1.0276562651139811e-16	1.792969564245851e-17
4845.499999999999	1.0167685967937844e-16	1.749658552808697e-17
4845.749999999999	1.0077823317646328e-16	1.6924674506929032e-17
4845.999999999999	9.989633712499086e-17	1.7381657053778853e-17
4846.249999999999	9.889049882693409e-17	1.9231146876663717e-17
4846.499999999999	9.772534684397613e-17	1.8290328191558154e-17
4846.749999999998	9.650719388477721e-17	1.73609295619895e-17
4846.999999999999	9.546068041865274e-17	1.6692160654185276e-17
4847.25	9.485180347469963e-17	1.6848532531543526e-17
4847.499999999999	9.489137335097184e-17	1.7673425162522232e-17
4847.749999999998	9.566092623014659e-17	1.7130541563420004e-17
4847.999999999999	9.708783263626415e-17	1.7769836371637737e-17
4848.25	9.897046879404872e-17	1.7363574885588443e-17
4848.499999999999	1.0103434114574486e-16	1.772543993380079e-17
4848.749999999998	1.0299474722061063e-16	1.8487372539635636e-17
4848.999999999999	1.0460844786400973e-16	1.787993907425222e-17
4849.25	1.0570756584726292e-16	1.7351039790585815e-17
4849.499999999999	1.0621624349725747e-16	1.7941497855438417e-17
4849.749999999999	1.0615223294079366e-16	1.8195367857237067e-17
4849.999999999999	1.0561400748880457e-16	1.7932817422090286e-17
4850.249999999999	1.0475392756304532e-16	1.7434140009284117e-17
4850.499999999999	1.0374180456109009e-16	1.7078050336108614e-17
4850.749999999999	1.0272845739441533e-16	1.7454192521693628e-17
4850.999999999999	1.0182063261170542e-16	1.8137691861846194e-17
4851.249999999999	1.0107410770581214e-16	1.7781678289287047e-17
4851.499999999999	1.005040313216145e-16	1.7284407083522218e-17
4851.749999999999	1.0010580704692584e-16	1.8145561658194024e-17
4851.999999999999	9.987826252819754e-17	1.7128154320172176e-17
4852.249999999999	9.984204822275116e-17	1.7942452421865303e-17
4852.499999999999	1.0004692813721679e-16	1.8272475979578035e-17
4852.749999999999	1.0056248004987617e-16	1.7695681284083584e-17
4852.999999999999	1.0145039616744015e-16	1.6852099334344855e-17
4853.249999999999	1.0272420726973578e-16	1.763557834077548e-17
4853.499999999998	1.0431129405479156e-16	1.748119500560981e-17
4853.749999999999	1.0603606500221897e-16	1.79467090932975e-17
4853.999999999999	1.0763876332219095e-16	1.7827710890375623e-17
4854.249999999999	1.088313804241198e-16	1.7963502514093553e-17
4854.499999999998	1.093760012779763e-16	1.896380210268658e-17
4854.749999999999	1.0915921647646207e-16	1.7412292514945367e-17
4855.0	1.0823488469664057e-16	1.8568275766626998e-17
4855.249999999999	1.0681813534085887e-16	1.7390454946773967e-17
4855.499999999998	1.052315254237186e-16	1.71472588835997e-17
4855.749999999999	1.0382190162924019e-16	1.8202079600727322e-17
4856.0	1.0287661441634824e-16	1.6573954890290224e-17
4856.249999999999	1.025667626015945e-16	1.7509110696922248e-17
4856.499999999999	1.0293356129473448e-16	1.7158200828742553e-17
4856.749999999999	1.0391561361817198e-16	1.7728852881008185e-17
4856.999999999999	1.0539697919891197e-16	1.798320430192334e-17
4857.249999999999	1.072479286834211e-16	1.7074731687491052e-17
4857.499999999999	1.0933840975632546e-16	1.8925030493014993e-17
4857.749999999999	1.115256623435002e-16	1.6475118387618713e-17
4857.999999999999	1.1363852131919504e-16	1.8011267231384815e-17
4858.249999999999	1.1548543076807347e-16	1.8866730803442256e-17
4858.499999999999	1.1689590177857796e-16	1.8387025605165603e-17
4858.749999999999	1.1777775262724035e-16	1.9262131408048728e-17
4858.999999999999	1.181553594288961e-16	1.8099059218517518e-17
4859.249999999999	1.1816127297535821e-16	1.7656598654501678e-17
4859.499999999999	1.1797986590194428e-16	1.8098336262662146e-17
4859.749999999999	1.1776934783624785e-16	1.840935782734331e-17
4859.999999999999	1.17600140955563e-16	1.8136393188284486e-17
4860.249999999998	1.1743799696977169e-16	1.847174378914206e-17
4860.499999999999	1.1717741640450017e-16	1.8643681551267332e-17
4860.749999999999	1.1670695758519612e-16	1.9043883112149062e-17
4860.999999999999	1.1597385111342916e-16	1.87726820221562e-17
4861.249999999998	1.1501691449787781e-16	1.8377202008210924e-17
4861.499999999999	1.139542577648955e-16	1.8794764435788917e-17
4861.75	1.129382074862779e-16	1.6884764696734574e-17
4861.999999999999	1.1210843360670492e-16	1.7567289618125553e-17
4862.249999999998	1.115712317929892e-16	1.779693977158865e-17
4862.499999999999	1.1140800676643618e-16	1.8651202277396664e-17
4862.75	1.116881234329746e-16	1.9424101643792737e-17
4862.999999999999	1.1245611951309845e-16	1.6201955225212876e-17
4863.249999999998	1.1368844349706424e-16	1.682013211239213e-17
4863.499999999999	1.1525090783777457e-16	1.72220955679786e-17
4863.749999999999	1.1690138744148738e-16	1.837394787968114e-17
4863.999999999999	1.183573473525073e-16	1.936160649415313e-17
4864.249999999999	1.1940224230140355e-16	1.9028135247647278e-17
4864.499999999999	1.199744958419081e-16	1.8075606993790414e-17
4864.749999999999	1.2019086279915566e-16	1.7657521788065287e-17
4864.999999999999	1.2029404394859866e-16	1.8463243681167464e-17
4865.249999999999	1.2055384728521576e-16	1.8308926520450797e-17
4865.499999999999	1.2116801222120947e-16	1.7300901064936526e-17
4865.749999999999	1.2219964621151913e-16	1.822223137481034e-17
4865.999999999999	1.2356564608344385e-16	1.8720706955547044e-17
4866.249999999999	1.250695653190956e-16	1.832349813412153e-17
4866.499999999999	1.2646079997146181e-16	1.8477095647705277e-17
4866.749999999999	1.2750001463398784e-16	1.8853307316461745e-17
4866.999999999999	1.2801492196844746e-16	1.890454950104818e-17
4867.249999999999	1.2793630867654725e-16	1.8913617054922986e-17
4867.499999999999	1.2730899722053794e-16	1.8753187029479552e-17
4867.749999999999	1.2627577450055192e-16	1.8677217107661456e-17
4867.999999999998	1.2503658688064874e-16	1.8383903825533828e-17
4868.249999999999	1.2379224910752392e-16	1.7891529528995314e-17
4868.5	1.2268908311965191e-16	1.7590682285848553e-17
4868.749999999999	1.2178349005487796e-16	1.832425252284018e-17
4868.999999999998	1.2103923274878023e-16	1.869092018168901e-17
4869.249999999999	1.2035725420878434e-16	1.8039313617234038e-17
4869.5	1.1962480141079616e-16	1.7836366508305377e-17
4869.749999999999	1.1876400142707642e-16	1.855084210803683e-17
4869.999999999998	1.1776208519117527e-16	1.8090711311775633e-17
4870.249999999999	1.166738914897722e-16	1.750716682248275e-17
4870.5	1.1559813547522979e-16	1.764984058889712e-17
4870.749999999999	1.1463868846232665e-16	1.814338286446056e-17
4870.999999999999	1.1386785639668134e-16	1.8138823444924167e-17
4871.249999999999	1.1330797194969951e-16	1.7152660372999672e-17
4871.499999999999	1.1293944173370482e-16	1.7533572081996666e-17
4871.749999999999	1.1272988195921098e-16	1.8698483921210195e-17
4871.999999999999	1.1266688963150326e-16	1.8378581745472662e-17
4872.249999999999	1.1277376339326467e-16	1.7511549225368055e-17
4872.499999999999	1.1309692416329218e-16	1.7245370776054616e-17
4872.749999999999	1.1367129980594497e-16	1.8203619811027896e-17
4872.999999999999	1.1448454459630584e-16	1.7922805227955944e-17
4873.249999999999	1.1546256780478764e-16	1.7240354752820094e-17
4873.499999999999	1.1648629126942274e-16	1.793592596683226e-17
4873.749999999999	1.1743124653667246e-16	1.8623127767406614e-17
4873.999999999999	1.1820969812675796e-16	1.8084633188634593e-17
4874.249999999999	1.187961532483329e-16	1.75130282243033e-17
4874.499999999999	1.1922853865136084e-16	1.7951564643493187e-17
4874.749999999998	1.1958969627997705e-16	1.8495624493426465e-17
4874.999999999999	1.1997951407011963e-16	1.798966127378493e-17
4875.249999999999	1.204861588784592e-16	1.7430950400842113e-17
4875.499999999999	1.2116061201835648e-16	1.8684357330709014e-17
4875.749999999998	1.219973459228796e-16	1.7991644852893832e-17
4875.999999999999	1.2292598781642549e-16	1.8094898500036376e-17
4876.25	1.2381965530576436e-16	1.8268836384882802e-17
4876.499999999999	1.2452144040567218e-16	1.844930734220717e-17
4876.749999999998	1.2488219131613373e-16	1.8659545221054874e-17
4876.999999999999	1.247966425468039e-16	1.8844802245403475e-17
4877.25	1.2422686966615428e-16	1.738864176687125e-17
4877.499999999999	1.232106248228833e-16	1.768453088942637e-17
4877.749999999999	1.2185930318648784e-16	1.8748716945449315e-17
4877.999999999999	1.2034873299959664e-16	1.9014483458817702e-17
4878.249999999999	1.1889792054178622e-16	1.7694696939154646e-17
4878.499999999999	1.17727390534588e-16	1.7811413777947103e-17
4878.749999999999	1.1699859944161315e-16	1.7716650312611803e-17
4878.999999999999	1.1675492143098666e-16	1.7275470224184195e-17
4879.249999999999	1.1689657690038763e-16	1.762457849298975e-17
4879.499999999999	1.1721246584215158e-16	1.851941751656594e-17
4879.749999999999	1.1746301898681354e-16	1.8509684909478642e-17
4879.999999999999	1.1747820006333564e-16	1.9146235132423924e-17
4880.249999999999	1.1722468140428268e-16	1.7823302017710715e-17
4880.499999999999	1.1681278240945438e-16	1.752365914953583e-17
4880.749999999999	1.1644508872343742e-16	1.7929191062284853e-17
4880.999999999999	1.163346704382502e-16	1.796815457785855e-17
4881.249999999999	1.1662845507727382e-16	1.7993178445749505e-17
4881.499999999998	1.1736237194639143e-16	1.7543809269257623e-17
4881.749999999999	1.1845898626689825e-16	1.7591891623904105e-17
4881.999999999999	1.1976316534162548e-16	1.7964880596994066e-17
4882.249999999999	1.2109894774872038e-16	1.85725853776184e-17
4882.499999999998	1.2232252216974072e-16	1.9215334492074153e-17
4882.749999999999	1.2334675073941073e-16	1.8536040538155806e-17
4883.0	1.2412706197098834e-16	1.7873764998160125e-17
4883.249999999999	1.2462239404121343e-16	1.789359913488792e-17
4883.499999999998	1.2476370915310452e-16	1.8265971031240918e-17
4883.749999999999	1.2446045808295854e-16	1.8675041622650442e-17
4884.0	1.2365011669905976e-16	1.900530340837959e-17
4884.249999999999	1.223633516109878e-16	1.8909165168866226e-17
4884.499999999998	1.2076077861278272e-16	1.8402128268789597e-17
4884.749999999999	1.191100168531478e-16	1.7740248121126716e-17
4884.999999999999	1.1770614798853658e-16	1.7394210346754957e-17
4885.249999999999	1.1677212490307198e-16	1.7600795396017626e-17
4885.499999999999	1.1638689289782016e-16	1.7542955618865468e-17
4885.749999999999	1.1647207026708367e-16	1.777532885090509e-17
4885.999999999999	1.1683580525514085e-16	1.795253079044865e-17
4886.249999999999	1.172458285539696e-16	1.8393470996498617e-17
4886.499999999999	1.1749728538590282e-16	1.8590553394884276e-17
4886.749999999999	1.1745431832638645e-16	1.7465893818638803e-17
4886.999999999999	1.1706421195194338e-16	1.7788701052687622e-17
4887.249999999999	1.1635440012865807e-16	1.7812113572745323e-17
4887.499999999999	1.1542064188465886e-16	1.855982032640548e-17
4887.749999999999	1.1440674018779666e-16	1.8461268373864688e-17
4887.999999999999	1.1347380836060847e-16	1.6942007249484468e-17
4888.249999999999	1.1276401580872585e-16	1.707626031726305e-17
4888.499999999999	1.1237235133919365e-16	1.734144780420265e-17
4888.749999999999	1.123391912673273e-16	1.819800325466866e-17
4888.999999999999	1.1266411652950975e-16	1.8052072051002056e-17
4889.249999999998	1.1332723573901884e-16	1.7365502216415692e-17
4889.499999999999	1.1430065626753464e-16	1.7545438815064352e-17
4889.75	1.1554288311398634e-16	1.8036228233549215e-17
4889.999999999999	1.1698398411944435e-16	1.7433147392549054e-17
4890.249999999998	1.1851724221886277e-16	1.8074788084983987e-17
4890.499999999999	1.200086266027268e-16	1.8366101244390462e-17
4890.75	1.2132393805490988e-16	1.7807494596204827e-17
4890.999999999999	1.2236357356180434e-16	1.77755141393623e-17
4891.249999999998	1.230916089561745e-16	1.8676808480438855e-17
4891.499999999999	1.235485511402737e-16	1.8607113550747587e-17
4891.75	1.2384243319281414e-16	1.816922233243549e-17
4891.999999999999	1.2411908166320438e-16	1.7829659727898798e-17
4892.249999999999	1.2451849096288397e-16	1.7902176997840096e-17
4892.499999999999	1.2512937716575518e-16	1.8091253942257467e-17
4892.749999999999	1.2595596690582005e-16	1.8391429514746836e-17
4892.999999999999	1.2690880473626708e-16	1.8236440683372775e-17
4893.249999999999	1.2782524903911566e-16	1.821809381738635e-17
4893.499999999999	1.285166906429188e-16	1.849338117960522e-17
4893.749999999999	1.2883011881426033e-16	1.8761589530141865e-17
4893.999999999999	1.287038832365278e-16	1.867486295163813e-17
4894.249999999999	1.2819610250863907e-16	1.8854905429405197e-17
4894.499999999999	1.274728500704793e-16	1.7925955131728546e-17
4894.749999999999	1.2676007264326096e-16	1.7391426056813104e-17
4894.999999999999	1.262792689879078e-16	1.7974188033246513e-17
4895.249999999999	1.2619212574436091e-16	1.8215296292554694e-17
4895.499999999999	1.2657091871421585e-16	1.8687429479504036e-17
4895.749999999999	1.273972761906509e-16	1.7325916661021354e-17
4895.999999999998	1.285817392313577e-16	1.748361202735969e-17
4896.249999999999	1.2999410738414347e-16	1.8531957574652244e-17
4896.499999999999	1.3149574563361936e-16	1.8858361390004444e-17
4896.749999999999	1.3296558036837502e-16	1.8875725565423157e-17
4896.999999999998	1.3431281329507323e-16	1.8454301858745766e-17
4897.249999999999	1.3547528557912921e-16	1.83257497197489e-17
4897.5	1.364115627490322e-16	1.8258346080354404e-17
4897.749999999999	1.3709891516038358e-16	1.838345053055815e-17
4897.999999999998	1.3754221982566222e-16	1.899173433761127e-17
4898.249999999999	1.377849439617928e-16	1.8073778924636672e-17
4898.5	1.3790548654958325e-16	1.7927609492953652e-17
4898.749999999999	1.3798976360116738e-16	1.77645622680521e-17
4898.999999999999	1.3808946599729047e-16	1.8103921386158104e-17
4899.249999999999	1.3818978952445e-16	1.8814615116128965e-17
4899.499999999999	1.382081341333387e-16	1.823885274203898e-17
4899.749999999999	1.380275854496986e-16	1.8576531029140277e-17
4899.999999999999	1.375488946471843e-16	1.8494231521274926e-17
4900.249999999999	1.3673627577165514e-16	1.855058899076939e-17
4900.499999999999	1.356389914382167e-16	1.8574767480074314e-17
4900.749999999999	1.3438459164907037e-16	1.8277306714355345e-17
4900.999999999999	1.3315005868987205e-16	1.8479433260116352e-17
4901.249999999999	1.321194192837704e-16	1.7811018385614303e-17
4901.499999999999	1.3143517571185467e-16	1.8333861052835595e-17
4901.749999999999	1.3115275452113593e-16	1.8007515140126274e-17
4901.999999999999	1.3121260954380994e-16	1.7225748397563633e-17
4902.249999999999	1.3144635301761782e-16	1.8555265869952764e-17
4902.499999999999	1.3162376767689155e-16	1.8878170711313864e-17
4902.749999999998	1.315284868890248e-16	1.8795930760452617e-17
4902.999999999999	1.3103334224571e-16	1.852244665196911e-17
4903.249999999999	1.3014405040308102e-16	1.814713164699665e-17
4903.499999999999	1.2899438375258931e-16	1.8028727359754584e-17
4903.749999999998	1.2779792792049935e-16	1.893107552893153e-17
4903.999999999999	1.2677852352506389e-16	1.7808927273025768e-17
4904.25	1.261060970491162e-16	1.7488298832710414e-17
4904.499999999999	1.2585750612709677e-16	1.795287158886102e-17
4904.749999999998	1.2600877385865524e-16	1.8505792197515967e-17
4904.999999999999	1.264527300586785e-16	1.8474875494941185e-17
4905.25	1.2703064471360553e-16	1.806865205920007e-17
4905.499999999999	1.2756918823621028e-16	1.7917112570980354e-17
4905.749999999999	1.27919879124861e-16	1.8208162686952037e-17
4905.999999999999	1.2799899242791963e-16	1.8527252571328043e-17
4906.249999999999	1.2781882851745708e-16	1.866371421134214e-17
4906.499999999999	1.2749341190841595e-16	1.859655872613141e-17
4906.749999999999	1.2720481017395088e-16	1.7290117938471284e-17
4906.999999999999	1.2713482891343083e-16	1.7639512411768783e-17
4907.249999999999	1.2739053626354813e-16	1.7799469289901837e-17
4907.499999999999	1.2796212186205916e-16	1.7833913090608545e-17
4907.749999999999	1.287368314631076e-16	1.8222479528994105e-17
4907.999999999999	1.2956008278253104e-16	1.8989970788545306e-17
4908.249999999999	1.3030659757479371e-16	1.8367917733015628e-17
4908.499999999999	1.3092044775925584e-16	1.7675066288857537e-17
4908.749999999999	1.314055823462731e-16	1.7913921308177124e-17
4908.999999999999	1.3178091584599916e-16	1.8367591823854282e-17
4909.249999999999	1.3203408994415686e-16	1.8004800333355875e-17
4909.499999999999	1.3210434916804054e-16	1.829673884130544e-17
4909.749999999999	1.3190396369649996e-16	1.8446665327330677e-17
4909.999999999999	1.3136514208227223e-16	1.797642969270653e-17
4910.249999999999	1.3048821605294519e-16	1.786216461724968e-17
4910.499999999998	1.2936972215030013e-16	1.8328595221056083e-17
4910.749999999999	1.2820001707551805e-16	1.8417090311709456e-17
4911.0	1.2723151577132891e-16	1.759959102104575e-17
4911.249999999999	1.2672609217988175e-16	1.782120428767728e-17
4911.499999999998	1.2689363505589002e-16	1.8103674886335564e-17
4911.749999999999	1.2783548982095384e-16	1.7825171445895085e-17
4912.0	1.295075475981894e-16	1.7119033826738167e-17
4912.249999999999	1.3171602476065494e-16	1.7483502839518832e-17
4912.499999999998	1.3415172305688485e-16	1.921707984316664e-17
4912.749999999999	1.3645596387933181e-16	1.90405909333111e-17
4913.0	1.3829909828684134e-16	1.8674029153580677e-17
4913.249999999999	1.3944785715926006e-16	1.8639863285559787e-17
4913.499999999999	1.3980365171368665e-16	1.8777176921604815e-17
4913.749999999999	1.3940596576077802e-16	1.8499325299487027e-17
4913.999999999999	1.38405795616937e-16	1.8727177162298434e-17
4914.249999999999	1.3701968054648592e-16	1.8556526493206294e-17
4914.499999999999	1.3547619348976884e-16	1.83276869767435e-17
4914.749999999999	1.3396679449232508e-16	1.8209024609150317e-17
4914.999999999999	1.3261211823848525e-16	1.799434311605198e-17
4915.249999999999	1.3145115622281692e-16	1.8310648710486132e-17
4915.499999999999	1.3045377179612628e-16	1.822863044402905e-17
4915.749999999999	1.2954933053756323e-16	1.8260347857436782e-17
4915.999999999999	1.2866016902479462e-16	1.8074311628951156e-17
4916.249999999999	1.277297651943571e-16	1.7722091506681177e-17
4916.499999999999	1.2673968101113903e-16	1.82461815622662e-17
4916.749999999999	1.2571357049173994e-16	1.8552681757719148e-17
4916.999999999999	1.2470959180988824e-16	1.8091421032741203e-17
4917.249999999998	1.238049887134565e-16	1.7418780919670233e-17
4917.499999999999	1.2307824748626499e-16	1.7459114246338318e-17
4917.749999999999	1.225935882582027e-16	1.8534981746971738e-17
4917.999999999999	1.2238926006362058e-16	1.7915959481206455e-17
4918.249999999998	1.2246773586119534e-16	1.7714393763900758e-17
4918.499999999999	1.2278576412464983e-16	1.7574140327958717e-17
4918.75	1.23245594045868e-16	1.7747843293511178e-17
4918.999999999999	1.23692126514449e-16	1.8096835757030975e-17
4919.249999999998	1.2392132842447695e-16	1.815859802464786e-17
4919.499999999999	1.237037367294564e-16	1.8175269022713253e-17
4919.75	1.228251156619998e-16	1.7615760747659935e-17
4919.999999999999	1.2114323511587153e-16	1.7412945987629283e-17
4920.249999999999	1.1865138210912895e-16	1.8015654597353796e-17
4920.499999999999	1.1552604729917716e-16	1.8827621704080748e-17
4920.749999999999	1.1212803506743116e-16	1.77860044438907e-17
4920.999999999999	1.089359369954116e-16	1.6734983794497147e-17
4921.249999999999	1.0642140966950898e-16	1.5909350009689593e-17
4921.499999999999	1.0491061869220473e-16	1.6211891318730863e-17
4921.749999999999	1.0449078835727169e-16	1.695976350851353e-17
4921.999999999999	1.0500151494710952e-16	1.7268245628714157e-17
4922.249999999999	1.0610834880881721e-16	1.7941221577113824e-17
4922.499999999999	1.0741851668173063e-16	1.7470097550511797e-17
4922.749999999999	1.0858770253554304e-16	1.751875065978094e-17
4922.999999999999	1.0938341188162705e-16	1.7530933375842622e-17
4923.249999999999	1.0969822548685887e-16	1.7500283025425082e-17
4923.499999999999	1.0952694013036312e-16	1.7918321909035906e-17
4923.749999999999	1.0892871763428679e-16	1.7623795980130275e-17
4923.999999999998	1.0799273422154209e-16	1.7566338360421117e-17
4924.249999999999	1.0681961488654674e-16	1.708303161775741e-17
4924.499999999999	1.0552289350488077e-16	1.7301954893036918e-17
4924.749999999999	1.042444922872661e-16	1.8017737438136205e-17
4924.999999999998	1.0316832227111084e-16	1.6512647572010243e-17
4925.249999999999	1.0251253950643134e-16	1.7059915228359002e-17
4925.5	1.0248862893571228e-16	1.701627483360193e-17
4925.749999999999	1.0323328240704548e-16	1.6879626250769394e-17
4925.999999999998	1.0473873426379886e-16	1.6758035663807774e-17
4926.249999999999	1.0681743451266639e-16	1.6655304794812364e-17
4926.5	1.0912907832884675e-16	1.69343260503163e-17
4926.749999999999	1.1127194853728134e-16	1.8446865505038914e-17
4926.999999999999	1.1290728589079294e-16	1.8515561200550218e-17
4927.249999999999	1.1386364072552876e-16	1.7916789970541458e-17
4927.499999999999	1.1417295604184929e-16	1.742344290960258e-17
4927.749999999999	1.1402245253451395e-16	1.745756907295407e-17
4927.999999999999	1.1364924365626688e-16	1.689483644787302e-17
4928.249999999999	1.1323279947653035e-16	1.6762285717795072e-17
4928.499999999999	1.1283731971904745e-16	1.7657116469565136e-17
4928.749999999999	1.124241884885466e-16	1.80032402707206e-17
4928.999999999999	1.1191469142031378e-16	1.7549204141212693e-17
4929.249999999999	1.112594176117766e-16	1.786729644576996e-17
4929.499999999999	1.1047550426623861e-16	1.69093518132621e-17
4929.749999999999	1.0963887493460218e-16	1.67424400005387e-17
4929.999999999999	1.0884652744245216e-16	1.7383025210512015e-17
4930.249999999999	1.081770621949185e-16	1.7713776687163794e-17
4930.499999999999	1.0767200094578747e-16	1.719956151373143e-17
4930.749999999998	1.0734458233743835e-16	1.7363391251492457e-17
4930.999999999999	1.0720706137721656e-16	1.7279056879320225e-17
4931.249999999999	1.0729896253868264e-16	1.7822398736481807e-17
4931.499999999999	1.0769857470003395e-16	1.7108548485293445e-17
4931.749999999998	1.0850780456461422e-16	1.6316162398026847e-17
4931.999999999999	1.0981377814925927e-16	1.7511532681755804e-17
4932.25	1.1164371024827006e-16	1.629303608246109e-17
4932.499999999999	1.1393476379390081e-16	1.7181552137434925e-17
4932.749999999998	1.165340144779778e-16	1.7724915501292433e-17
4932.999999999999	1.1922888302795132e-16	1.7783946418526667e-17
4933.25	1.2179479620604768e-16	1.767510930224939e-17
4933.499999999999	1.240416493283259e-16	1.790778031930953e-17
4933.749999999998	1.2584457632877383e-16	1.8389048888943908e-17
4933.999999999999	1.271529009825972e-16	1.838017489533244e-17
4934.249999999999	1.2797913843443256e-16	1.7916482259353588e-17
4934.499999999999	1.2837516771928313e-16	1.7914958592665266e-17
4934.749999999999	1.2840508575140044e-16	1.855554380263858e-17
4934.999999999999	1.281235020576127e-16	1.830431085263275e-17
4935.249999999999	1.275649511935605e-16	1.8335523685866827e-17
4935.499999999999	1.2674588737178224e-16	1.7751575532435017e-17
4935.749999999999	1.256771624440618e-16	1.7916272155478e-17
4935.999999999999	1.243818696565943e-16	1.837201062268654e-17
4936.249999999999	1.2291129908478736e-16	1.8181982420564734e-17
4936.499999999999	1.2135166732177326e-16	1.7791698755227514e-17
4936.749999999999	1.1981827043359851e-16	1.7495061861398648e-17
4936.999999999999	1.1844033002194285e-16	1.75937494715599e-17
4937.249999999999	1.1734419810487296e-16	1.7925596135342698e-17
4937.499999999999	1.166403631022392e-16	1.7978595251550195e-17
4937.749999999999	1.164126119126578e-16	1.7223649013168973e-17
4937.999999999999	1.1670403527569914e-16	1.727681356549898e-17
4938.249999999999	1.1749975348446866e-16	1.782688370976307e-17
4938.499999999998	1.1871667060566388e-16	1.722735147359076e-17
4938.749999999999	1.2021506368356126e-16	1.7286236807037186e-17
4938.999999999999	1.2183760458174736e-16	1.859755630595015e-17
4939.249999999999	1.23462993904323e-16	1.9203978956625025e-17
4939.499999999998	1.2504780611505776e-16	1.734042375460431e-17
4939.749999999999	1.2663287427197767e-16	1.760949568170046e-17
4940.0	1.2830864635215914e-16	1.812491853882715e-17
4940.249999999999	1.3015534072604606e-16	1.8248259439964933e-17
4940.499999999998	1.3218531663732428e-16	1.803402297003615e-17
4940.749999999999	1.343121583445626e-16	1.7961922599123576e-17
4941.0	1.363573519425107e-16	1.8274983991195296e-17
4941.249999999999	1.3808932355517647e-16	1.9199219359380395e-17
4941.499999999999	1.3927791212125385e-16	1.9086117299864795e-17
4941.749999999999	1.397444061894295e-16	1.83897139421564e-17
4941.999999999999	1.393933692769014e-16	1.8607300493566024e-17
4942.249999999999	1.3822334912508765e-16	1.9009811542718003e-17
4942.499999999999	1.363220719227063e-16	1.8222266116396066e-17
4942.749999999999	1.3385296330479698e-16	1.847167596033183e-17
4942.999999999999	1.31035170108078e-16	1.847027306201294e-17
4943.249999999999	1.2811532520639082e-16	1.7930107578403562e-17
4943.499999999999	1.2533147396759374e-16	1.8015604966517043e-17
4943.749999999999	1.2287661519534324e-16	1.7669421608357475e-17
4943.999999999999	1.208738991264929e-16	1.7390542627918897e-17
4944.249999999999	1.1937170736285825e-16	1.7757173890820776e-17
4944.499999999999	1.1835608654950475e-16	1.8245997928170213e-17
4944.749999999999	1.177691227905544e-16	1.8038952966486965e-17
4944.999999999999	1.1752265756214621e-16	1.6465670330662132e-17
4945.249999999998	1.1750682595757004e-16	1.7441607795854246e-17
4945.499999999999	1.1760233233684683e-16	1.818466744883308e-17
4945.749999999999	1.1770420755960761e-16	1.7887396934655e-17
4945.999999999999	1.1775279602396057e-16	1.7394536255916303e-17
4946.249999999998	1.1775502964283304e-16	1.7634287939019898e-17
4946.499999999999	1.1777799886948716e-16	1.721874879522021e-17
4946.75	1.1791116894965427e-16	1.7255917328864667e-17
4946.999999999999	1.1821440667656887e-16	1.70501429166023e-17
4947.249999999998	1.1868158241798755e-16	1.7300512290048626e-17
4947.499999999999	1.1924368168476044e-16	1.7974072227960755e-17
4947.75	1.1981275578642886e-16	1.8461815967430198e-17
4947.999999999999	1.2034213556957587e-16	1.8504478634703233e-17
4948.249999999999	1.208659945256064e-16	1.8223291820355632e-17
4948.499999999999	1.214915330091403e-16	1.768612569364737e-17
4948.749999999999	1.2234408752052348e-16	1.7603367927722666e-17
4948.999999999999	1.2349290356815194e-16	1.7949139349937182e-17
4949.249999999999	1.2489659743444508e-16	1.788390788683125e-17
4949.499999999999	1.263969435106165e-16	1.879108844514673e-17
4949.749999999999	1.2776501213066187e-16	1.7836043907866482e-17
4949.999999999999	1.287785155457143e-16	1.8258226966346196e-17
4950.249999999999	1.2929562922987836e-16	1.8904678541223738e-17
4950.499999999999	1.2929373242721473e-16	1.844906415110708e-17
4950.749999999999	1.2885945945417988e-16	1.803660211918609e-17
4950.999999999999	1.2814026329204014e-16	1.7605745244803143e-17
4951.249999999999	1.272850129326231e-16	1.7677230193339976e-17
4951.499999999999	1.2640229682052743e-16	1.8231810126303703e-17
4951.749999999999	1.255500335440993e-16	1.868232081204091e-17
4951.999999999998	1.2474974467771453e-16	1.8457522900051048e-17
4952.249999999999	1.2400748233793689e-16	1.7728555095987666e-17
4952.499999999999	1.2332667631393775e-16	1.8159426859621638e-17
4952.749999999999	1.2270994373906556e-16	1.8237360508213934e-17
4952.999999999998	1.2215571087410707e-16	1.8545877370000287e-17
4953.249999999999	1.2165648758552754e-16	1.859358418464867e-17
4953.5	1.212020548266334e-16	1.7516580137853602e-17
4953.749999999999	1.2078855404773787e-16	1.8018733363593718e-17
4953.999999999998	1.2043361754562765e-16	1.8208321505629647e-17
4954.249999999999	1.2019424256837337e-16	1.8213795786923523e-17
4954.5	1.2017677383919756e-16	1.8158467330111076e-17
4954.749999999999	1.205236148816677e-16	1.7999835595319332e-17
4954.999999999998	1.2136779069662587e-16	1.7441114796209164e-17
4955.249999999999	1.2276468559523864e-16	1.7024030479025226e-17
4955.499999999999	1.246297349071351e-16	1.7550502814774402e-17
4955.749999999999	1.2671691641331026e-16	1.8477438100478874e-17
4955.999999999999	1.2865920196707962e-16	1.8853990567647714e-17
4956.249999999999	1.3006556052381937e-16	1.8391399736244784e-17
4956.499999999999	1.306436626194797e-16	1.8441727059073735e-17
4956.749999999999	1.3030462222031775e-16	1.9227355080735774e-17
4956.999999999999	1.292100128717586e-16	2.2235599210354322e-17
4957.249999999999	1.277392959934609e-16	2.1902683829220105e-17
4957.499999999999	1.263824344513129e-16	1.7667555488895556e-17
4957.749999999999	1.2559016069672073e-16	1.7603018857504168e-17
4957.999999999999	1.256334508775197e-16	1.6901402607575465e-17
4958.249999999999	1.265241172891141e-16	1.743028203890717e-17
4958.499999999999	1.28026330369176e-16	1.82789643843029e-17
4958.749999999999	1.2975102071006176e-16	1.929195954093739e-17
4958.999999999999	1.3128947924673507e-16	1.9799156914052855e-17
4959.249999999999	1.3232884360771087e-16	1.9065116838473298e-17
4959.499999999999	1.3270861294847972e-16	1.7957065394566665e-17
4959.749999999998	1.324129842257791e-16	1.8237749283101834e-17
4959.999999999999	1.3152545906848557e-16	1.8840917805246926e-17
4960.25	1.301809094526963e-16	1.9149679512494594e-17
4960.499999999999	1.2853598981835528e-16	1.882547765193301e-17
4960.749999999998	1.2675728113556753e-16	1.787003772231996e-17
4960.999999999999	1.2501517229471753e-16	1.8596442920845653e-17
4961.25	1.2347439617970264e-16	1.872143818320854e-17
4961.499999999999	1.2228170936443345e-16	1.811895952969432e-17
4961.749999999998	1.2155653054163291e-16	1.790168234383379e-17
4961.999999999999	1.2138770100128725e-16	1.8395659716399432e-17
4962.25	1.2183279854774244e-16	1.7459258175764902e-17
4962.499999999999	1.2291161800000434e-16	1.8468726234267466e-17
4962.749999999999	1.245873300119305e-16	1.8754179646214615e-17
4962.999999999999	1.26738114712443e-16	1.8373899903205612e-17
4963.249999999999	1.2913487045890142e-16	1.8186867749262472e-17
4963.499999999999	1.3144853095629578e-16	1.885462418799693e-17
4963.749999999999	1.3330471000217862e-16	1.8738866878715034e-17
4963.999999999999	1.3438156440665631e-16	2.0039859854860886e-17
4964.249999999999	1.345187609543105e-16	1.9682890061513627e-17
4964.499999999999	1.3378935091124794e-16	1.8400591367211473e-17
4964.749999999999	1.3249549137927666e-16	1.7921198843206366e-17
4964.999999999999	1.3108147567762226e-16	1.9485246834672656e-17
4965.249999999999	1.2999595326307704e-16	1.7700875978330417e-17
4965.499999999999	1.2955776070954707e-16	1.738115412796642e-17
4965.749999999999	1.29875216703525e-16	1.8601232296592335e-17
4965.999999999999	1.3084107486281682e-16	1.9147846480257177e-17
4966.249999999999	1.321918649568076e-16	1.8677946680961728e-17
4966.499999999998	1.3359832010540675e-16	1.8981915703740265e-17
4966.749999999999	1.3475103423820945e-16	1.8894176656166765e-17
4966.999999999999	1.3541901824635609e-16	1.9575894249279893e-17
4967.249999999999	1.3547631286299423e-16	1.9243442089288705e-17
4967.499999999998	1.3490368841802542e-16	1.8642687280171043e-17
4967.749999999999	1.337750074750782e-16	1.871550564385531e-17
4968.0	1.3223514083618032e-16	1.934531930789196e-17
4968.249999999999	1.3047339886191667e-16	1.8211997496271833e-17
4968.499999999998	1.2869590484314677e-16	1.8102900645282214e-17
4968.749999999999	1.2710036929639912e-16	1.872600587455106e-17
4969.0	1.2585535453176965e-16	1.904219400933823e-17
4969.249999999999	1.2508332468093584e-16	1.8200377263026688e-17
4969.499999999999	1.2484563573001747e-16	1.6243835379626436e-17
4969.749999999999	1.2512980661959845e-16	1.9067758853349793e-17
4969.999999999999	1.258439854612196e-16	1.766810142809984e-17
4970.249999999999	1.2682590826326417e-16	1.7848052915999527e-17
4970.499999999999	1.278707467215293e-16	1.9139040315455937e-17
4970.749999999999	1.2877410424634588e-16	1.8093712323037975e-17
4970.999999999999	1.2937810842894573e-16	1.9570037810543017e-17
4971.249999999999	1.2960567114482195e-16	1.8424930329555233e-17
4971.499999999999	1.2947281586299366e-16	1.8151355231204345e-17
4971.749999999999	1.2907873495133093e-16	1.851636191138317e-17
4971.999999999999	1.2858125656694317e-16	1.8712421914531713e-17
4972.249999999999	1.281665434152344e-16	1.8108656167984358e-17
4972.499999999999	1.280172969308486e-16	1.873161746782662e-17
4972.749999999999	1.2827963058988186e-16	1.8104657576903277e-17
4972.999999999999	1.2902986495718894e-16	1.7363859435719162e-17
4973.249999999998	1.3024821283425878e-16	1.7778535002959345e-17
4973.499999999999	1.3181036448780228e-16	1.8946780380041462e-17
4973.749999999999	1.3350491623991774e-16	1.8425960996598474e-17
4973.999999999999	1.3507502854133234e-16	1.8444918321876965e-17
4974.249999999998	1.3627251448493628e-16	1.8885231525022617e-17
4974.499999999999	1.3690776074697483e-16	1.909658775205849e-17
4974.75	1.3688185831724107e-16	1.8681908876095857e-17
4974.999999999999	1.3619518276578926e-16	1.8051565816467173e-17
4975.249999999998	1.3493539291193609e-16	1.8978517645783897e-17
4975.499999999999	1.3325278020145953e-16	1.828903448108012e-17
4975.75	1.3133106254640263e-16	1.739637590559862e-17
4975.999999999999	1.2935820204470057e-16	1.819633069547008e-17
4976.249999999998	1.2749810518510401e-16	1.8639904644590415e-17
4976.499999999999	1.258646092075595e-16	1.6634258011306564e-17
4976.749999999999	1.2450345990023335e-16	1.7691978823661796e-17
4976.999999999999	1.233916074848202e-16	1.7580691598410137e-17
4977.249999999999	1.2245976721697913e-16	1.7724086666318655e-17
4977.499999999999	1.2163299497516774e-16	1.810875046657419e-17
4977.749999999999	1.2087209507280017e-16	1.8031596022118918e-17
4977.999999999999	1.201957400952284e-16	1.6955958477695788e-17
4978.249999999999	1.1967226729648263e-16	1.7798600750258656e-17
4978.499999999999	1.1938573248539965e-16	1.787462526599718e-17
4978.749999999999	1.1939244960438944e-16	1.753848222611278e-17
4978.999999999999	1.1968684882770406e-16	1.7175389641871405e-17
4979.249999999999	1.201893042461381e-16	1.7241971063737023e-17
4979.499999999999	1.2075919022753553e-16	1.7986157336710155e-17
4979.749999999999	1.21228084630582e-16	1.7819783191384914e-17
4979.999999999999	1.2144329818452383e-16	1.7573225466201233e-17
4980.249999999999	1.21310642519964e-16	1.7264094836400366e-17
4980.499999999999	1.2082615865510675e-16	1.7714645226806974e-17
4980.749999999999	1.2008796244074234e-16	1.8458062221810432e-17
4980.999999999998	1.1928135002310908e-16	1.721799109777911e-17
4981.249999999999	1.186351504680101e-16	1.6986809005821565e-17
4981.5	1.1835626861606485e-16	1.700848279223168e-17
4981.749999999999	1.1856018965299492e-16	1.7440262800178235e-17
4981.999999999998	1.192220988705047e-16	1.7168906200230214e-17
4982.249999999999	1.2017125738493368e-16	1.62249475375194e-17
4982.5	1.2113846076527883e-16	1.842407667916308e-17
4982.749999999999	1.2184669095258603e-16	1.6336841913340673e-17
4982.999999999998	1.2211551746769762e-16	1.761903803724687e-17
4983.249999999999	1.219390670207873e-16	1.833758501995331e-17
4983.5	1.2150241698516057e-16	1.7432116725505812e-17
4983.749999999999	1.2112324390018538e-16	1.5889783879480264e-17
4983.999999999999	1.2113644257716138e-16	1.6473017348862828e-17
4984.249999999999	1.2176518796299364e-16	1.7066800679777893e-17
4984.499999999999	1.2302938042580866e-16	1.717186916118438e-17
4984.749999999999	1.2472775911353508e-16	1.7208839171481824e-17
4984.999999999999	1.2650012648251228e-16	1.7551245622964474e-17
4985.249999999999	1.2794455919388997e-16	1.825923281797106e-17
4985.499999999999	1.2874429605042237e-16	1.8274545585470643e-17
4985.749999999999	1.2875748166054548e-16	1.7807107475678152e-17
4985.999999999999	1.280402162485586e-16	1.7342595930892874e-17
4986.249999999999	1.268013802400743e-16	1.7371821876295597e-17
4986.499999999999	1.253139799363962e-16	1.7666203875774644e-17
4986.749999999999	1.2382139439820223e-16	1.736833282847185e-17
4986.999999999999	1.224737544103412e-16	1.714092102574632e-17
4987.249999999999	1.2131379195934595e-16	1.659712918233151e-17
4987.499999999999	1.2031050777132825e-16	1.6857457810352973e-17
4987.749999999998	1.1942025562332801e-16	1.7487997738967445e-17
4987.999999999999	1.1864443390142775e-16	1.777558196817253e-17
4988.249999999999	1.180548149400708e-16	1.7051793969104956e-17
4988.499999999999	1.177734733342007e-16	1.6257485514094786e-17
4988.749999999998	1.1791770538390633e-16	1.6711311539727104e-17
4988.999999999999	1.1853933389364878e-16	1.6690741212254135e-17
4989.25	1.1959055111386269e-16	1.6900727628195622e-17
4989.499999999999	1.2093358076399956e-16	1.7728450871230484e-17
4989.749999999998	1.223884184636165e-16	1.7014541063038018e-17
4989.999999999999	1.2379542239963145e-16	1.7260488328929635e-17
4990.25	1.2506526899216695e-16	1.7601996462267053e-17
4990.499999999999	1.2619654860508212e-16	1.776722578962452e-17
4990.749999999999	1.2725548616700628e-16	1.7458331733478843e-17
4990.999999999999	1.283275101865163e-16	1.6698582884461138e-17
4991.249999999999	1.2946228388346902e-16	1.6744249871718966e-17
4991.499999999999	1.306371997934754e-16	1.71924758846043e-17
4991.749999999999	1.3175531302526777e-16	1.800493102789266e-17
4991.999999999999	1.3267528285127784e-16	1.8027819115442e-17
4992.249999999999	1.332540355278029e-16	1.7484667509821306e-17
4992.499999999999	1.3337972223043056e-16	1.7389770041226773e-17
4992.749999999999	1.3298511998918137e-16	1.6973693230028924e-17
4992.999999999999	1.3204907795161176e-16	1.7566105095488377e-17
4993.249999999999	1.3060029143884572e-16	1.730422963972144e-17
4993.499999999999	1.2872790409342722e-16	1.740307937728275e-17
4993.749999999999	1.2658665423194083e-16	1.7867948264092652e-17
4993.999999999999	1.2437784405408224e-16	1.7347236414129296e-17
4994.249999999999	1.2230066905429433e-16	1.618821906396082e-17
4994.499999999998	1.2049264846092358e-16	1.5773138178220486e-17
4994.749999999999	1.189930953889784e-16	1.7176926543449528e-17
4994.999999999999	1.1775470476761817e-16	1.77649444254951e-17
4995.249999999999	1.1669928626655295e-16	1.672732906510858e-17
4995.499999999998	1.1578505550797188e-16	1.650082716105686e-17
4995.749999999999	1.1504500234279952e-16	1.638843813122928e-17
4996.0	1.1457340689019007e-16	1.6542030681729352e-17
4996.249999999999	1.144678301153045e-16	1.6563224703384186e-17
4996.499999999998	1.1475767491840959e-16	1.6228193394243058e-17
4996.749999999999	1.153559163803813e-16	1.597003694251016e-17
4997.0	1.1605770104104648e-16	1.7196714358063022e-17
4997.249999999999	1.165872997150631e-16	1.7064051131421767e-17
4997.499999999998	1.166747579911667e-16	1.732373455856544e-17
4997.749999999999	1.161338198598655e-16	1.6865762703703005e-17
4997.999999999999	1.149155796085948e-16	1.6506799405079494e-17
4998.249999999999	1.1312348606111467e-16	1.699859136646677e-17
4998.499999999999	1.109885854077641e-16	1.645692206850377e-17
4998.749999999999	1.0881453352188216e-16	1.6167921706089994e-17
4998.999999999999	1.0690844576874249e-16	1.568142204626183e-17
4999.249999999999	1.0551602824408933e-16	1.5525620923526244e-17
4999.499999999999	1.0477641920289092e-16	1.5787876882374956e-17
4999.749999999999	1.0470443026947531e-16	1.6073459334497664e-17
4999.999999999999	1.0519867842644243e-16	1.549005381154769e-17
5000.249999999999	1.0606848472834929e-16	1.6139023324209842e-17
5000.499999999999	1.0707271164579962e-16	1.608379743779335e-17
5000.749999999999	1.0796647716109504e-16	1.6351815536789108e-17
5000.999999999999	1.0855173965273773e-16	1.6747932479806052e-17
5001.249999999998	1.0872303597971936e-16	1.640442091502503e-17
5001.499999999999	1.0849464209622544e-16	1.7031683554052567e-17
5001.749999999999	1.0799683019464977e-16	1.6135693095063703e-17
5001.999999999999	1.074392035192575e-16	1.6206221822812425e-17
5002.249999999998	1.0705313475230542e-16	1.616271046823091e-17
5002.499999999999	1.0703400486494554e-16	1.5902838443907576e-17
5002.75	1.0750116656595683e-16	1.66753920488076e-17
5002.999999999999	1.0848203876398979e-16	1.57402114267572e-17
5003.249999999998	1.0991502281179428e-16	1.665245598478273e-17
5003.499999999999	1.116623029558144e-16	1.6086457650643322e-17
5003.75	1.135285373624877e-16	1.5990144048840098e-17
5003.999999999999	1.1528842493231007e-16	1.703367044188392e-17
5004.249999999998	1.167271766710925e-16	1.6534630723969453e-17
5004.499999999999	1.1769045739967534e-16	1.721881993275289e-17
5004.749999999999	1.1812950198898596e-16	1.7003218614813392e-17
5004.999999999999	1.18121754937194e-16	1.662904015600258e-17
5005.249999999999	1.1785326238180286e-16	1.6308668141677117e-17
5005.499999999999	1.175646531853883e-16	1.6108374628153527e-17
5005.749999999999	1.1747967219508152e-16	1.6153558541933624e-17
5005.999999999999	1.1774389810286876e-16	1.6685596148844056e-17
5006.249999999999	1.1839621918655858e-16	1.665566048247576e-17
5006.499999999999	1.1937961089898976e-16	1.6645798835212904e-17
5006.749999999999	1.2057946712990862e-16	1.6860713593243982e-17
5006.999999999999	1.2186727119067664e-16	1.7099194726926695e-17
5007.249999999999	1.2312984864463722e-16	1.646998490473721e-17
5007.499999999999	1.2427749645407073e-16	1.6725252841771073e-17
5007.749999999999	1.2523918972866593e-16	1.6374663919669048e-17
5007.999999999999	1.2595982538561236e-16	1.677878962537673e-17
5008.249999999999	1.2640900505268491e-16	1.7393356696362803e-17
5008.499999999999	1.2659718881881447e-16	1.7104715330334874e-17
5008.749999999999	1.2658426553490018e-16	1.6544528767179262e-17
5008.999999999998	1.2646665133165174e-16	1.7163913338052844e-17
5009.249999999999	1.2634266846318572e-16	1.661471007907071e-17
5009.499999999999	1.2627283758654845e-16	1.6034489201479065e-17
5009.749999999999	1.2625881930443281e-16	1.643614660023889e-17
5009.999999999998	1.2625567870102485e-16	1.7655567987458437e-17
5010.249999999999	1.2621186098016238e-16	1.6634633551304664e-17
5010.5	1.2611358141812974e-16	1.6740065992180672e-17
5010.749999999999	1.2600719675458782e-16	1.654934957578922e-17
5010.999999999998	1.259864505803532e-16	1.6592439068258334e-17
5011.249999999999	1.2615198582035573e-16	1.664526282217597e-17
5011.5	1.2656527427499997e-16	1.5978922516650203e-17
5011.749999999999	1.2722038682894115e-16	1.6754326585941087e-17
5011.999999999999	1.2804641865955563e-16	1.664933255078973e-17
5012.249999999999	1.2893786954854382e-16	1.6930446573243427e-17
5012.499999999999	1.2979807594642836e-16	1.6671366987946918e-17
5012.749999999999	1.305757998023879e-16	1.6114575174025224e-17
5012.999999999999	1.3127872706954276e-16	1.7157730990154623e-17
5013.249999999999	1.319581385120131e-16	1.719994697989688e-17
5013.499999999999	1.326730033425432e-16	1.6321947699231043e-17
5013.749999999999	1.3345242769105113e-16	1.6681724943577307e-17
5013.999999999999	1.342762449693805e-16	1.7254689792835638e-17
5014.249999999999	1.3508217430546257e-16	1.7226805534386476e-17
5014.499999999999	1.3579095797275836e-16	1.735143352855739e-17
5014.749999999999	1.3633003072125142e-16	1.696069987696694e-17
5014.999999999999	1.3664017232188682e-16	1.6744589015770112e-17
5015.249999999999	1.3666588286820981e-16	1.7104450632538857e-17
5015.499999999999	1.363459176039627e-16	1.700966235178518e-17
5015.749999999998	1.3562209080789204e-16	1.6430640886081736e-17
5015.999999999999	1.3446929367819808e-16	1.8092539380929375e-17
5016.249999999999	1.329285220418731e-16	1.7322070271172983e-17
5016.499999999999	1.3111514204350573e-16	1.6910650486823808e-17
5016.749999999998	1.2918704940054336e-16	1.6513924738876025e-17
5016.999999999999	1.2728514237219165e-16	1.5778121114230506e-17
5017.25	1.2548150617316189e-16	1.5192232395081646e-17
5017.499999999999	1.2376963087262527e-16	1.7229478982126247e-17
5017.749999999998	1.2210464395677386e-16	1.701704576593283e-17
5017.999999999999	1.204681803764753e-16	1.6345715906952142e-17
5018.25	1.1891660919449715e-16	1.5324683863486087e-17
5018.499999999999	1.1758325747994445e-16	1.5102718217913608e-17
5018.749999999999	1.1663441456295997e-16	1.622876084014327e-17
5018.999999999999	1.1620448283344268e-16	1.5736573486423192e-17
5019.249999999999	1.1634353939044874e-16	1.6070253182443408e-17
5019.499999999999	1.1700053942370857e-16	1.5801378124333046e-17
5019.749999999999	1.180468498353977e-16	1.5866920607349298e-17
5019.999999999999	1.1932688392964439e-16	1.6411498272346034e-17
5020.249999999999	1.2071120601345283e-16	1.675711087588294e-17
5020.499999999999	1.221266887107534e-16	1.6226228013107632e-17
5020.749999999999	1.23550070495843e-16	1.59901705186197e-17
5020.999999999999	1.2497155602562338e-16	1.610302938703521e-17
5021.249999999999	1.263529107479998e-16	1.6055593887627743e-17
5021.499999999999	1.2760781310586753e-16	1.631957865395669e-17
5021.749999999999	1.286177405666985e-16	1.7591130617740556e-17
5021.999999999999	1.2927447851296885e-16	1.6644493544206296e-17
5022.249999999999	1.2952533196292842e-16	1.5955228755184234e-17
5022.499999999998	1.2939824605204848e-16	1.660258526565191e-17
5022.749999999999	1.2899736687270432e-16	1.6684912897658087e-17
5022.999999999999	1.284744265906158e-16	1.6077183301615377e-17
5023.249999999999	1.2798880724576295e-16	1.6646387787809042e-17
5023.499999999998	1.2766875645424655e-16	1.5922667617551697e-17
5023.749999999999	1.275823626064091e-16	1.646642802810323e-17
5024.0	1.277236375897029e-16	1.672217407553115e-17
5024.249999999999	1.2801690693459356e-16	1.652707691061562e-17
5024.499999999998	1.283395756598974e-16	1.628322902911866e-17
5024.749999999999	1.2855826643971957e-16	1.6774069732801502e-17
5025.0	1.285678214389886e-16	1.6797715517791943e-17
5025.249999999999	1.2832060630587546e-16	1.6847220623092017e-17
5025.499999999998	1.2783775249043857e-16	1.6403436570096092e-17
5025.749999999999	1.272026597159353e-16	1.6043412825927287e-17
5025.999999999999	1.2654412991900706e-16	1.6147645854915094e-17
5026.249999999999	1.2601613991158516e-16	1.6100850593301745e-17
5026.499999999999	1.257741988639565e-16	1.6736315555283357e-17
5026.749999999999	1.2594291013981914e-16	1.6410940752613173e-17
5026.999999999999	1.2657404116396448e-16	1.5829085366131123e-17
5027.249999999999	1.2760829665743086e-16	1.570314215478625e-17
5027.499999999999	1.2886455050997176e-16	1.6337376272016382e-17
5027.749999999999	1.30074821020785e-16	1.7103204898536352e-17
5027.999999999999	1.3096096263705974e-16	1.6863630232083844e-17
5028.249999999999	1.313241158476309e-16	1.651585041534205e-17
5028.499999999999	1.3110832396188733e-16	1.6454030245082286e-17
5028.749999999999	1.3041202508012198e-16	1.6591393511964067e-17
5028.999999999999	1.2944621829486237e-16	1.6572143364748733e-17
5029.249999999999	1.2846042656789955e-16	1.583822405753861e-17
5029.499999999999	1.2766667478996068e-16	1.591692367537813e-17
5029.749999999999	1.2718748682050846e-16	1.5878059421477937e-17
5029.999999999999	1.270418242707084e-16	1.62339224471656e-17
5030.249999999998	1.2716854206040045e-16	1.660596843435725e-17
5030.499999999999	1.2747387969903435e-16	1.6535631612510642e-17
5030.749999999999	1.2788137704115404e-16	1.7154336240920705e-17
5030.999999999999	1.2836257779589584e-16	1.6290792768639846e-17
5031.249999999998	1.2893608661780883e-16	1.624434492288377e-17
5031.499999999999	1.2963740091167745e-16	1.6284818870255988e-17
5031.75	1.304756239583293e-16	1.6331455313191728e-17
5031.999999999999	1.3139927649024377e-16	1.6597334323123422e-17
5032.249999999998	1.3228921343240987e-16	1.6402063450279254e-17
5032.499999999999	1.329842438074571e-16	1.6937631464044063e-17
5032.75	1.3332995080494203e-16	1.7170997312818748e-17
5032.999999999999	1.3323030285618193e-16	1.7198287655588097e-17
5033.249999999999	1.3268040471013352e-16	1.6936683515062077e-17
5033.499999999999	1.3176788673762693e-16	1.6290046651727323e-17
5033.749999999999	1.3064486705120838e-16	1.658403325887357e-17
5033.999999999999	1.2948411459381035e-16	1.686465262732096e-17
5034.249999999999	1.2843648392796346e-16	1.6613092113792558e-17
5034.499999999999	1.2760250616000508e-16	1.641672605381737e-17
5034.749999999999	1.270236055219357e-16	1.6547569483111007e-17
5034.999999999999	1.2669200018078119e-16	1.6795004019743994e-17
5035.249999999999	1.265734676061585e-16	1.6876072682857866e-17
5035.499999999999	1.2663313913568324e-16	1.6400822679360425e-17
5035.749999999999	1.2685247617680692e-16	1.6559596689217528e-17
5035.999999999999	1.2722842298293316e-16	1.6578062669212162e-17
5036.249999999999	1.2775460259541461e-16	1.6219253226182585e-17
5036.499999999999	1.2839547739963656e-16	1.617332815857364e-17
5036.749999999999	1.2907039484608175e-16	1.6991214569764023e-17
5036.999999999998	1.29660023380424e-16	1.7338124192501412e-17
5037.249999999999	1.300351126344946e-16	1.6729497932674695e-17
5037.499999999999	1.3009520867321705e-16	1.6592137974515364e-17
5037.749999999999	1.2980120102927476e-16	1.7086457799854603e-17
5037.999999999998	1.2919148925566372e-16	1.6371616586292402e-17
5038.249999999999	1.2838023158044036e-16	1.6297557451689305e-17
5038.5	1.2753986646000456e-16	1.7368231912437117e-17
5038.749999999999	1.2686785348423332e-16	1.7032026006826164e-17
5038.999999999998	1.2653634509076306e-16	1.6539158710642568e-17
5039.249999999999	1.2663074615736812e-16	1.6684461257043633e-17
5039.5	1.270977345651414e-16	1.6259000908976983e-17
5039.749999999999	1.2773349969865195e-16	1.6525326596439456e-17
5039.999999999999	1.2823520394088954e-16	1.7519026938105534e-17
5040.249999999999	1.2831019529658618e-16	1.725126857382212e-17
5040.499999999999	1.2780269428211534e-16	1.699493026507561e-17
5040.749999999999	1.2677910051766347e-16	1.7414416714758403e-17
5040.999999999999	1.25526106673504e-16	1.6403142093798023e-17
5041.249999999999	1.2445608242358903e-16	1.5970652364885898e-17
5041.499999999999	1.2395899497428472e-16	1.6030225912601967e-17
5041.749999999999	1.242641158690045e-16	1.599955736421095e-17
5041.999999999999	1.253655857814742e-16	1.644045621123029e-17
5042.249999999999	1.2703216572132538e-16	1.7441637574356298e-17
5042.499999999999	1.288849570949563e-16	1.763151853832907e-17
5042.749999999999	1.3050696381675171e-16	1.6899753209434034e-17
5042.999999999999	1.3154952841359002e-16	1.7058646333299346e-17
5043.249999999999	1.3181309232874037e-16	1.759181552328775e-17
5043.499999999999	1.3129010163524756e-16	1.7739220762805925e-17
5043.749999999998	1.3016216565174533e-16	1.7208198933687708e-17
5043.999999999999	1.2874810626053368e-16	1.6843721649100917e-17
5044.249999999999	1.274112410441834e-16	1.5707248279346962e-17
5044.499999999999	1.2645086049566912e-16	1.656179037220202e-17
5044.749999999998	1.260136315193343e-16	1.667981084763986e-17
5044.999999999999	1.2605565717193167e-16	1.668848135482064e-17
5045.25	1.263664837978415e-16	1.7516820020231242e-17
5045.499999999999	1.266432494176758e-16	1.6556062973640702e-17
5045.749999999998	1.2658768226112907e-16	1.6757234952974823e-17
5045.999999999999	1.2599497574691938e-16	1.7552392095293473e-17
5046.25	1.248092554325159e-16	1.7160455723092372e-17
5046.499999999999	1.2313154631333205e-16	1.630475226865729e-17
5046.749999999998	1.2118066632613707e-16	1.6394913301064346e-17
5046.999999999999	1.1922258943546853e-16	1.5394155454411966e-17
5047.249999999999	1.1749431334665488e-16	1.590041976779647e-17
5047.499999999999	1.1614868183247689e-16	1.635112897688069e-17
5047.749999999999	1.1523540537733647e-16	1.593268642913094e-17
5047.999999999999	1.1471652401250626e-16	1.5715923749611418e-17
5048.249999999999	1.1450029979863515e-16	1.6763323002283213e-17
5048.499999999999	1.144734629454535e-16	1.6109463197839647e-17
5048.749999999999	1.1451896496773603e-16	1.6139410444736517e-17
5048.999999999999	1.145199240403175e-16	1.595834722609356e-17
5049.249999999999	1.1436138286684327e-16	1.592139541376959e-17
5049.499999999999	1.1394275190706782e-16	1.617355480606148e-17
5049.749999999999	1.132040186559478e-16	1.6539507780861065e-17
5049.999999999999	1.121553464178275e-16	1.6418569012222137e-17
5050.249999999999	1.1089272024742154e-16	1.5686302411875894e-17
5050.499999999999	1.0958747226423532e-16	1.5882670126212308e-17
5050.749999999999	1.0845125269351014e-16	1.5820100530317572e-17
5050.999999999999	1.0768949853619474e-16	1.531893661259007e-17
5051.249999999999	1.0745814033182386e-16	1.5332007720629632e-17
5051.499999999998	1.0783122421862902e-16	1.6798613835937176e-17
5051.749999999999	1.0878010255425827e-16	1.4818737187456803e-17
5051.999999999999	1.1016551339221164e-16	1.4940632176883842e-17
5052.249999999999	1.1175042241708376e-16	1.549319048043049e-17
5052.499999999998	1.1324353215108342e-16	1.571806945612038e-17
5052.749999999999	1.1437251572309792e-16	1.6383236819537547e-17
5053.0	1.1496553016035125e-16	1.7261002835270643e-17
5053.249999999999	1.1500472815954363e-16	1.5970589499159344e-17
5053.499999999998	1.1462131173593887e-16	1.545480268256313e-17
5053.749999999999	1.140287736353906e-16	1.521680296799692e-17
5054.0	1.1342341979099629e-16	1.5279223671381398e-17
5054.249999999999	1.1289876034535635e-16	1.6325203482122052e-17
5054.499999999999	1.124130242037153e-16	1.5617983910723915e-17
5054.749999999999	1.1182341137127508e-16	1.584082305902325e-17
5054.999999999999	1.1097130765820208e-16	1.5788975378228426e-17
5055.249999999999	1.0978241488399423e-16	1.6017414539274746e-17
5055.499999999999	1.0833978928640804e-16	1.633390211344366e-17
5055.749999999999	1.0689685893371027e-16	1.566203293270359e-17
5055.999999999999	1.0581948896867073e-16	1.5066302418626573e-17
5056.249999999999	1.0547478490827137e-16	1.4241289019278435e-17
5056.499999999999	1.061082460761207e-16	1.469095763515206e-17
5056.749999999999	1.0775765786207948e-16	1.5435244824159925e-17
5056.999999999999	1.102369634714388e-16	1.5811909787892072e-17
5057.249999999999	1.1319289018911123e-16	1.600601764479499e-17
5057.499999999999	1.162075400083417e-16	1.6434129933905485e-17
5057.749999999999	1.1890579880782226e-16	1.624622096851304e-17
5057.999999999999	1.2103185629685388e-16	1.6420794128069905e-17
5058.249999999998	1.2247842045606382e-16	1.612597868594988e-17
5058.499999999999	1.2327313654552722e-16	1.5638852023217402e-17
5058.749999999999	1.2353940718460467e-16	1.6855867969215646e-17
5058.999999999999	1.234503697629592e-16	1.5943370293922674e-17
5059.249999999998	1.2318863947455112e-16	1.6028887534370856e-17
5059.499999999999	1.2291653753561428e-16	1.594554577893369e-17
5059.75	1.2275653878115545e-16	1.5903991533681475e-17
5059.999999999999	1.2278026760541866e-16	1.6093599528052105e-17
5060.249999999998	1.230055024991975e-16	1.6119882364835365e-17
5060.499999999999	1.2340186982578283e-16	1.6035455348434527e-17
5060.75	1.239052926552122e-16	1.5677004901790798e-17
5060.999999999999	1.2443823305109266e-16	1.6603347926176683e-17
5061.249999999999	1.2492901654810545e-16	1.67931197023086e-17
5061.499999999999	1.2532278515830883e-16	1.5724294817410455e-17
5061.749999999999	1.2558125770289414e-16	1.629130892934208e-17
5061.999999999999	1.256762315197962e-16	1.5908916567048615e-17
5062.249999999999	1.255864702685538e-16	1.6584397218343093e-17
5062.499999999999	1.2530459365969115e-16	1.6513636880022857e-17
5062.749999999999	1.248512778403889e-16	1.6024624245493758e-17
5062.999999999999	1.2428585570518293e-16	1.5916607692384133e-17
5063.249999999999	1.2370198395141986e-16	1.6504612339539903e-17
5063.499999999999	1.2320551770181103e-16	1.598067117646514e-17
5063.749999999999	1.228833210989578e-16	1.5718324227749047e-17
5063.999999999999	1.2277830293093063e-16	1.5752726669425128e-17
5064.249999999999	1.2288306307168578e-16	1.6114747227592635e-17
5064.499999999999	1.2315366207421272e-16	1.6427543921868338e-17
5064.749999999999	1.2353383501158436e-16	1.569997074431772e-17
5064.999999999998	1.2397601863541322e-16	1.5774239982796407e-17
5065.249999999999	1.2445122398986246e-16	1.5952523874581186e-17
5065.499999999999	1.2494964738781148e-16	1.5754890573907566e-17
5065.749999999999	1.2547939240894285e-16	1.5843203684826178e-17
5065.999999999998	1.260675658944574e-16	1.647896312310586e-17
5066.249999999999	1.2676011996691778e-16	1.646165850469125e-17
5066.5	1.276124879542729e-16	1.5645578655958684e-17
5066.749999999999	1.2866712755160206e-16	1.5826410264030126e-17
5066.999999999998	1.2992339329372125e-16	1.6456420797052564e-17
5067.249999999999	1.3131289828448073e-16	1.6613312143835497e-17
5067.5	1.32693942790929e-16	1.6119361241049456e-17
5067.749999999999	1.3387219287500822e-16	1.6511916344348747e-17
5067.999999999998	1.3464481113093927e-16	1.6634842000819027e-17
5068.249999999999	1.348555277040795e-16	1.6736720873783508e-17
5068.499999999999	1.3444168087711984e-16	1.713040756016077e-17
5068.749999999999	1.3345439013079105e-16	1.7176582436314706e-17
5068.999999999999	1.320416221672543e-16	1.64975614519985e-17
5069.249999999999	1.3039931769689848e-16	1.6364347323069286e-17
5069.499999999999	1.2871059164250126e-16	1.6085976231526816e-17
5069.749999999999	1.2709840873223581e-16	1.530103311541197e-17
5069.999999999999	1.2560898174621392e-16	1.6114464331823142e-17
5070.249999999999	1.2422632658962488e-16	1.6725810361503934e-17
5070.499999999999	1.229035605303985e-16	1.569978545586051e-17
5070.749999999999	1.2159243764401642e-16	1.5858855596376906e-17
5070.999999999999	1.2025965026494174e-16	1.563273419540696e-17
5071.249999999999	1.188897137088508e-16	1.609657572389607e-17
5071.499999999999	1.1748206584536702e-16	1.5787423587399277e-17
5071.749999999998	1.160510000897683e-16	1.5248196126604534e-17
5071.999999999999	1.1463289395900901e-16	1.545168917473748e-17
5072.249999999999	1.132984334067829e-16	1.589431186615338e-17
5072.499999999999	1.1216052552134832e-16	1.572794102955059e-17
5072.749999999998	1.1136480504402711e-16	1.548750113217735e-17
5072.999999999999	1.1105366528786805e-16	1.5079208090543626e-17
5073.249999999999	1.1130831310522058e-16	1.4685450266633683e-17
5073.499999999999	1.1209042036814547e-16	1.4764503917775376e-17
5073.749999999998	1.1321367622359552e-16	1.588848355155733e-17
5073.999999999999	1.1436707832835876e-16	1.5882757807357238e-17
5074.25	1.1518870097389244e-16	1.605522661943577e-17
5074.499999999999	1.1536436665941915e-16	1.6139201995222153e-17
5074.749999999998	1.1471451055762205e-16	1.602740853543561e-17
5074.999999999999	1.1323975089537676e-16	1.5813340810351788e-17
5075.249999999999	1.1111486504211537e-16	1.5498161835911933e-17
5075.499999999999	1.0864039553643849e-16	1.566535158132115e-17
5075.749999999999	1.0617213955980588e-16	1.5068039497912935e-17
5075.999999999999	1.0404963865438985e-16	1.5014696274570615e-17
5076.249999999999	1.025393608581371e-16	1.513050486905049e-17
5076.499999999999	1.0180082071895606e-16	1.467988664983365e-17
5076.749999999999	1.0187718417079939e-16	1.4326452226424444e-17
5076.999999999999	1.02706377928206e-16	1.539391722639555e-17
5077.249999999999	1.0414506487312141e-16	1.549024902617225e-17
5077.499999999999	1.0599716960018971e-16	1.5048728139332272e-17
5077.749999999999	1.080416879495682e-16	1.4768851579074955e-17
5077.999999999999	1.1005893709737227e-16	1.5159163368553e-17
5078.249999999999	1.1185671791778555e-16	1.5994380867937594e-17
5078.499999999999	1.1329599598447885e-16	1.5997381879199937e-17
5078.749999999999	1.1431182716073005e-16	1.5638160500225308e-17
5078.999999999999	1.1492343385476388e-16	1.5311132990691244e-17
5079.249999999999	1.1522932248966836e-16	1.550888871409552e-17
5079.499999999998	1.1538723149098344e-16	1.608017438671037e-17
5079.749999999999	1.1558183059436775e-16	1.5365448978433926e-17
5079.999999999999	1.1598483459631244e-16	1.501523890505245e-17
5080.249999999999	1.167140686736731e-16	1.5144123570655562e-17
5080.499999999998	1.1780032471097744e-16	1.5550021097235333e-17
5080.749999999999	1.1917165239517751e-16	1.5635660760414173e-17
5081.0	1.2066203129090375e-16	1.5337827763419555e-17
5081.249999999999	1.2204536446785556e-16	1.631637084754121e-17
5081.499999999998	1.2308883770489132e-16	1.590742433322357e-17
5081.749999999999	1.2361393148955061e-16	1.5926441215506164e-17
5082.0	1.235492230274253e-16	1.618955082474703e-17
5082.249999999999	1.2295773589472598e-16	1.6287909217024486e-17
5082.499999999999	1.220254450016531e-16	1.593201972155722e-17
5082.749999999999	1.2100882948444026e-16	1.5425307076280713e-17
5082.999999999999	1.2015598839073465e-16	1.541115732472238e-17
5083.249999999999	1.1962965723455296e-16	1.540083411067772e-17
5083.499999999999	1.194627711986095e-16	1.5660861644956213e-17
5083.749999999999	1.1956444548237888e-16	1.5963861212056838e-17
5083.999999999999	1.1977259278984658e-16	1.5933103328159666e-17
5084.249999999999	1.1992972123352497e-16	1.5669720749316656e-17
5084.499999999999	1.1994977757935272e-16	1.5933286962255653e-17
5084.749999999999	1.1984861096631735e-16	1.5830625576431696e-17
5084.999999999999	1.197257244346902e-16	1.5839110795155265e-17
5085.249999999999	1.1970497269103403e-16	1.5471377727677466e-17
5085.499999999999	1.1986063150316445e-16	1.452700382029915e-17
5085.749999999999	1.2016532544759674e-16	1.549279508809769e-17
5085.999999999999	1.2049034694974437e-16	1.563687175283095e-17
5086.249999999998	1.2066517319965302e-16	1.629778575353837e-17
5086.499999999999	1.2057019424742815e-16	1.6387526578194247e-17
5086.749999999999	1.2021314965857798e-16	1.6131629983894843e-17
5086.999999999999	1.1974263855273011e-16	1.5911990370204862e-17
5087.249999999998	1.1938433231010887e-16	1.420073235384496e-17
5087.499999999999	1.1933014500213974e-16	1.4964818937994893e-17
5087.75	1.196402165963577e-16	1.5370562608980728e-17
5087.999999999999	1.2021227907526406e-16	1.5672604300932016e-17
5088.249999999998	1.2083492102684302e-16	1.5895215147382287e-17
5088.499999999999	1.2129378342720554e-16	1.6005999446821514e-17
5088.75	1.2147146395898258e-16	1.6091448858459467e-17
5088.999999999999	1.2138877400719317e-16	1.5923979526003206e-17
5089.249999999998	1.2117080680556154e-16	1.5112715522796924e-17
5089.499999999999	1.2096310522180028e-16	1.5180370625097636e-17
5089.749999999999	1.2084710688971643e-16	1.5660297507778452e-17
5089.999999999999	1.2079870532024244e-16	1.5628588366176844e-17
5090.249999999999	1.207062526962577e-16	1.6120224817608962e-17
5090.499999999999	1.2043283827151168e-16	1.603260488404367e-17
5090.749999999999	1.1988901727508118e-16	1.5454154172962887e-17
5090.999999999999	1.190827465294323e-16	1.5759441721637833e-17
5091.249999999999	1.181283109283727e-16	1.6075179870171774e-17
5091.499999999999	1.1721517241848167e-16	1.5300905729597638e-17
5091.749999999999	1.1655228223529666e-16	1.487610381729858e-17
5091.999999999999	1.1630915898813922e-16	1.5718115778234684e-17
5092.249999999999	1.165722378342013e-16	1.5493584218402065e-17
5092.499999999999	1.1732763582415674e-16	1.5375978987631726e-17
5092.749999999999	1.1847302591764087e-16	1.5350114704238418e-17
5092.999999999998	1.1985427402472052e-16	1.5272359726658433e-17
5093.249999999999	1.213158185954748e-16	1.6257827966868383e-17
5093.499999999999	1.2274761082005903e-16	1.6048693546957826e-17
5093.749999999999	1.2410921360016275e-16	1.6209920974511762e-17
5093.999999999998	1.2541837258620393e-16	1.575368289021324e-17
5094.249999999999	1.267079118047567e-16	1.53654539415176e-17
5094.5	1.2797312846032413e-16	1.57803875891089e-17
5094.749999999999	1.2913933084438048e-16	1.5582299339098377e-17
5094.999999999998	1.300686211113093e-16	1.5989861153070604e-17
5095.249999999999	1.3060218067632666e-16	1.6644996470018728e-17
5095.5	1.3061447015269236e-16	1.630247421325032e-17
5095.749999999999	1.3005234579815853e-16	1.585541617938991e-17
5095.999999999998	1.2894573486365977e-16	1.6168087142212505e-17
5096.249999999999	1.2739514460162985e-16	1.564965334765612e-17
5096.499999999999	1.2555054871091494e-16	1.6285766819237974e-17
5096.749999999999	1.2359135464687315e-16	1.582623986482394e-17
5096.999999999999	1.2170548278492994e-16	1.5469984755525927e-17
5097.249999999999	1.2006019214755254e-16	1.528362096351773e-17
5097.499999999999	1.1876395603057039e-16	1.5061964683494345e-17
5097.749999999999	1.1783212326400387e-16	1.5618197323321953e-17
5097.999999999999	1.171769492199161e-16	1.5208617188655097e-17
5098.249999999999	1.1663600576818847e-16	1.5283356265721713e-17
5098.499999999999	1.1603400207521137e-16	1.5802488200715093e-17
5098.749999999999	1.1525363765476279e-16	1.6037829356792555e-17
5098.999999999999	1.1428446672126202e-16	1.5479295500500824e-17
5099.249999999999	1.1322946622458383e-16	1.4666095894661167e-17
5099.499999999999	1.1226958029894564e-16	1.4329547536276618e-17
5099.749999999999	1.116036947373651e-16	1.4966463373052648e-17
5099.999999999999	1.1138650060917832e-16	1.5693758617917447e-17
5100.249999999999	1.1168142385511425e-16	1.5422009934359076e-17
5100.499999999999	1.1243819931255963e-16	1.4315928834671544e-17
5100.749999999998	1.134999152642379e-16	1.5341290341463702e-17
5100.999999999999	1.1463990766993098e-16	1.4975368799527394e-17
5101.249999999999	1.1562046649323304e-16	1.5827268877505956e-17
5101.499999999999	1.1625477985824812e-16	1.621380872339076e-17
5101.749999999998	1.164497127722454e-16	1.5619055936797783e-17
5101.999999999999	1.1621618454497674e-16	1.46221659866897e-17
5102.25	1.1565102091917703e-16	1.4947282709008768e-17
5102.499999999999	1.1490642176758101e-16	1.6252922785835943e-17
5102.749999999998	1.1416176979041804e-16	1.554101640908708e-17
5102.999999999999	1.1360166380036476e-16	1.504332334120985e-17
5103.25	1.1339550805656055e-16	1.504010891734947e-17
5103.499999999999	1.13674969459837e-16	1.5241241192014188e-17
5103.749999999999	1.1451203061934583e-16	1.5731626946360125e-17
5103.999999999999	1.1590344618558494e-16	1.45285489936834e-17
5104.249999999999	1.1776429267660304e-16	1.5488733631290054e-17
5104.499999999999	1.1992920611467294e-16	1.5552360364007633e-17
5104.749999999999	1.2216133617936813e-16	1.5129735591080815e-17
5104.999999999999	1.2417447381018517e-16	1.5429055858816803e-17
5105.249999999999	1.256755482786637e-16	1.6756454094476573e-17
5105.499999999999	1.264266726799633e-16	1.6154159075058337e-17
5105.749999999999	1.2631111835646564e-16	1.607950767913665e-17
5105.999999999999	1.2537681254712602e-16	1.5897838964285305e-17
5106.249999999999	1.2383361044565296e-16	1.570496360649509e-17
5106.499999999999	1.2199754279666792e-16	1.5417420736320632e-17
5106.749999999999	1.2019858615623784e-16	1.4492612959151646e-17
5106.999999999999	1.1868605116292145e-16	1.5615856402188428e-17
5107.249999999999	1.175685463419152e-16	1.5114303709573025e-17
5107.499999999998	1.1681145887272477e-16	1.529152053836761e-17
5107.749999999999	1.162895111390043e-16	1.5703312553992435e-17
5107.999999999999	1.158668973988658e-16	1.576220450488376e-17
5108.249999999999	1.1546531735759284e-16	1.566813090817933e-17
5108.499999999998	1.1508853615627985e-16	1.497341334455932e-17
5108.749999999999	1.1479682842211592e-16	1.4827414312082484e-17
5109.0	1.146516581346411e-16	1.466295095397224e-17
5109.249999999999	1.146641828306884e-16	1.5263447682738787e-17
5109.499999999998	1.1477449377876317e-16	1.595108292595412e-17
5109.749999999999	1.148691028028564e-16	1.4519314349324858e-17
5110.0	1.148254473738499e-16	1.5306332034415986e-17
5110.249999999999	1.1456336519882405e-16	1.5612096039123762e-17
5110.499999999998	1.1408404097201359e-16	1.553711211659583e-17
5110.749999999999	1.1348224763272756e-16	1.5368357345467662e-17
5110.999999999999	1.1292467212251208e-16	1.5187562133343172e-17
5111.249999999999	1.1259709790017886e-16	1.500331592370311e-17
5111.499999999999	1.1263598190700315e-16	1.503887807259799e-17
5111.749999999999	1.1307043676647808e-16	1.415349041470083e-17
5111.999999999999	1.1380070026427552e-16	1.5233895828174717e-17
5112.249999999999	1.1462511766715925e-16	1.6202071030498633e-17
5112.499999999999	1.153058230642585e-16	1.5894373077518708e-17
5112.749999999999	1.156454407139873e-16	1.5033261516238755e-17
5112.999999999999	1.155440614358707e-16	1.5774716438829237e-17
5113.249999999999	1.1501746413735472e-16	1.5263383162651007e-17
5113.499999999999	1.1417593076188224e-16	1.5372976322008158e-17
5113.749999999999	1.1317825036386036e-16	1.5163019684568724e-17
5113.999999999999	1.1218176012289374e-16	1.48432432402843e-17
5114.249999999998	1.1130729869166058e-16	1.566831950535899e-17
5114.499999999999	1.106294022046381e-16	1.4716661445506534e-17
5114.749999999999	1.1018980763578678e-16	1.5030020622598772e-17
5114.999999999999	1.1002069935181074e-16	1.5964734714783694e-17
5115.249999999998	1.1015900188731074e-16	1.557008188145097e-17
5115.499999999999	1.106402363413725e-16	1.430915587981596e-17
5115.75	1.1147656830492447e-16	1.4557990006045387e-17
5115.999999999999	1.1263754791006083e-16	1.5083282782241062e-17
5116.249999999998	1.1405126601119434e-16	1.49142186455638e-17
5116.499999999999	1.1562717363585428e-16	1.618237089703007e-17
5116.75	1.1728301181143727e-16	1.8891786104196487e-17
5116.999999999999	1.189541332990519e-16	1.853493377049621e-17
5117.249999999998	1.2057849919652042e-16	1.8189804240437035e-17
5117.499999999999	1.2207200044449476e-16	1.8536429313043706e-17
5117.749999999999	1.2331767174628001e-16	1.6836177761914434e-17
5117.999999999999	1.241819649091268e-16	1.5571843776155707e-17
5118.249999999999	1.2455146205052454e-16	1.5736815023162058e-17
5118.499999999999	1.243709355599072e-16	1.5831892817130128e-17
5118.749999999999	1.2366543996097047e-16	1.52133354268691e-17
5118.999999999999	1.2253973125048664e-16	1.6788416353345622e-17
5119.249999999999	1.2115765432503494e-16	1.5262539438426203e-17
5119.499999999999	1.1970835989478543e-16	1.5085266361349964e-17
5119.749999999999	1.183680805032029e-16	1.5388335411622043e-17
5119.999999999999	1.1726803330663137e-16	1.5360740666387274e-17
5120.249999999999	1.1647855813106682e-16	1.4936706377696665e-17
5120.499999999999	1.160132020902545e-16	1.5250588332936037e-17
5120.749999999999	1.1584566173869947e-16	1.5778726610438894e-17
5120.999999999999	1.1592515297341695e-16	1.5321990563411615e-17
5121.249999999999	1.1617934044500518e-16	1.5092699406334366e-17
5121.499999999999	1.1650754381764314e-16	1.5045722164986254e-17
5121.749999999999	1.1678010818407121e-16	1.4846828241059104e-17
5121.999999999998	1.1686059117274876e-16	1.5904029583989652e-17
5122.249999999999	1.1665186275367912e-16	1.5731555808827445e-17
5122.499999999999	1.1614544583422073e-16	1.5382397909185137e-17
5122.749999999999	1.1544197340782342e-16	1.51217218653064e-17
5122.999999999998	1.147210825430215e-16	1.4889016106660533e-17
5123.249999999999	1.1416762841328411e-16	1.4646223707625194e-17
5123.5	1.138896648842483e-16	1.462792647247552e-17
5123.749999999999	1.1387264983884847e-16	1.4725121848811726e-17
5123.999999999998	1.139958698491227e-16	1.5754204013999147e-17
5124.249999999999	1.1410195672905113e-16	1.6045776908117964e-17
5124.5	1.140813638332e-16	1.540508581902624e-17
5124.749999999999	1.1392819814385975e-16	1.4464139748106346e-17
5124.999999999999	1.137434177040672e-16	1.4564301394119167e-17
5125.249999999999	1.1369035166611983e-16	1.4477381255352095e-17
5125.499999999999	1.1392733770219207e-16	1.5239426357750247e-17
5125.749999999999	1.1454501353343029e-16	1.517990905831583e-17
5125.999999999999	1.155272906727135e-16	1.4782766411339322e-17
5126.249999999999	1.1674550491396618e-16	1.4940120979265284e-17
5126.499999999999	1.179882940469535e-16	1.5561154948280297e-17
5126.749999999999	1.1902187735275464e-16	1.5593246247324904e-17
5126.999999999999	1.1966367712514046e-16	1.6116346994897313e-17
5127.249999999999	1.1984162826579443e-16	1.6016069543598735e-17
5127.499999999999	1.1961244873169533e-16	1.5378528358279614e-17
5127.749999999999	1.191294004234542e-16	1.4823536489370835e-17
5127.999999999999	1.1857590058135543e-16	1.488961167670157e-17
5128.249999999999	1.1809922951217855e-16	1.5058164615760277e-17
5128.499999999999	1.177762141240058e-16	1.5595291037799135e-17
5128.749999999998	1.1762171521022666e-16	1.591614281687988e-17
5128.999999999999	1.176257052045995e-16	1.5449966984702144e-17
5129.249999999999	1.1779133281119085e-16	1.454807045613965e-17
5129.499999999999	1.1815101186384651e-16	1.4890471944538626e-17
5129.749999999998	1.1875392972637584e-16	1.550176999774389e-17
5129.999999999999	1.196349885481746e-16	1.5169713230085503e-17
5130.25	1.2078361402898268e-16	1.5444304106228606e-17
5130.499999999999	1.2212933364113337e-16	1.5525063403793383e-17
5130.749999999998	1.2355222229270064e-16	1.5317694187310014e-17
5130.999999999999	1.2491492909231282e-16	1.5894751926239257e-17
5131.25	1.2610343206180179e-16	1.606102019244609e-17
5131.499999999999	1.2705966771153633e-16	1.498523044679025e-17
5131.749999999998	1.2779246147921648e-16	1.539648644937814e-17
5131.999999999999	1.2836202969345384e-16	1.5921203507867478e-17
5132.249999999999	1.2884383550978074e-16	1.5880886724811643e-17
5132.499999999999	1.2928612324790234e-16	1.594796941812847e-17
5132.749999999999	1.2967919626768209e-16	1.52878164235846e-17
5132.999999999999	1.299516090193236e-16	1.599736037250401e-17
5133.249999999999	1.2999801930966043e-16	1.614248590225399e-17
5133.499999999999	1.297282707744094e-16	1.635339379739786e-17
5133.749999999999	1.2911475138122519e-16	1.6381094421751035e-17
5133.999999999999	1.2821404602183017e-16	1.544093582677429e-17
5134.249999999999	1.2715177560181188e-16	1.4677999023675806e-17
5134.499999999999	1.260791547478369e-16	1.5963144873646367e-17
5134.749999999999	1.2512405721745846e-16	1.5614650372855326e-17
5134.999999999999	1.2436013181478074e-16	1.5272832873968813e-17
5135.249999999999	1.2380574460531493e-16	1.541745547790636e-17
5135.499999999998	1.234479348578487e-16	1.5418972527149782e-17
5135.749999999999	1.2327384062967294e-16	1.6027898226358243e-17
5135.999999999999	1.2328885932385833e-16	1.564573912899752e-17
5136.249999999999	1.235089591953989e-16	1.506780457861897e-17
5136.499999999998	1.239314449618598e-16	1.4964019881523166e-17
5136.749999999999	1.2450486814159306e-16	1.5244660756666482e-17
5137.0	1.2512324845032496e-16	1.5463916558552238e-17
5137.249999999999	1.256560443611917e-16	1.601897129318757e-17
5137.499999999998	1.2600012188628772e-16	1.6373626635180906e-17
5137.749999999999	1.2612115081044632e-16	1.5828923238731062e-17
5138.0	1.2605544977700746e-16	1.5341346589745355e-17
5138.249999999999	1.2586924890909429e-16	1.508168136057516e-17
5138.499999999998	1.2560274333617797e-16	1.4939039027024065e-17
5138.749999999999	1.2523784014879542e-16	1.5575187240191646e-17
5138.999999999999	1.2471169652285575e-16	1.5877662374783912e-17
5139.249999999999	1.2396539905451405e-16	1.6087949884468368e-17
5139.499999999999	1.2299306475594423e-16	1.5294050056680798e-17
5139.749999999999	1.2185856007854728e-16	1.4853659098557566e-17
5139.999999999999	1.2067156632652462e-16	1.5584163804199072e-17
5140.249999999999	1.195416679617313e-16	1.5011738276700125e-17
5140.499999999999	1.1853934406779527e-16	1.5768874889343388e-17
5140.749999999999	1.176822071518897e-16	1.5327170368407422e-17
5140.999999999999	1.1694544238147038e-16	1.528516282817953e-17
5141.249999999999	1.1628314632920754e-16	1.5375408233009064e-17
5141.499999999999	1.156481044514425e-16	1.5068089128749688e-17
5141.749999999999	1.150058121809663e-16	1.470242732152572e-17
5141.999999999999	1.1434415575077265e-16	1.5512177584211032e-17
5142.249999999998	1.1367901206548734e-16	1.5322278422264783e-17
5142.499999999999	1.130524528973002e-16	1.4988261236554645e-17
5142.749999999999	1.1252110478805297e-16	1.4723857916835745e-17
5142.999999999999	1.1213884332171235e-16	1.4729431459803128e-17
5143.249999999998	1.1194419134352736e-16	1.519448563507024e-17
5143.499999999999	1.1196123364965475e-16	1.511553620868573e-17
5143.749999999999	1.1221268484082455e-16	1.5297633403094378e-17
5143.999999999999	1.1273252567200238e-16	1.5325792285506908e-17
5144.249999999998	1.1356324274655916e-16	1.499466857757948e-17
5144.499999999999	1.1473245047635498e-16	1.467524947531968e-17
5144.75	1.162191340823253e-16	1.5153730446289753e-17
5144.999999999999	1.1792962816099436e-16	1.505578398995735e-17
5145.249999999998	1.1970060899220928e-16	1.5794517488332532e-17
5145.499999999999	1.213331638834885e-16	1.5908544335772967e-17
5145.749999999998	1.226464744687175e-16	1.554584714386439e-17
5145.999999999999	1.2353057405245534e-16	1.5366168625566847e-17
5146.249999999999	1.2397747964677684e-16	1.58802315977665e-17
5146.499999999999	1.240776659273548e-16	1.5682369995243817e-17
5146.749999999999	1.2398153900272506e-16	1.538651065119075e-17
5146.999999999999	1.238403214333893e-16	1.515468501271664e-17
5147.249999999999	1.237522228221102e-16	1.5055487859298055e-17
5147.499999999999	1.2374046805390187e-16	1.5192161257548967e-17
5147.749999999999	1.2377501528405781e-16	1.5629178973134207e-17
5147.999999999999	1.2382478788631976e-16	1.601068956089469e-17
5148.249999999999	1.239070085928912e-16	1.5613285524844613e-17
5148.499999999999	1.2409999520444934e-16	1.487226735361756e-17
5148.749999999999	1.2450847091344635e-16	1.5097387866046316e-17
5148.999999999999	1.2520166487861269e-16	1.551301303662971e-17
5149.249999999999	1.26163022017647e-16	1.5137812182581783e-17
5149.499999999999	1.2728326763771196e-16	1.6243866812489713e-17
5149.749999999999	1.2840117306647743e-16	1.5872901123178057e-17
5149.999999999998	1.2936747071619395e-16	1.557319869799907e-17
5150.249999999999	1.3009565597148844e-16	1.589372291355724e-17
5150.499999999999	1.3057465969975833e-16	1.5995050884233762e-17
5150.749999999999	1.3084405645742225e-16	1.5363251986726985e-17
5150.999999999998	1.309551625272764e-16	1.560167852648927e-17
5151.249999999999	1.3094696354994356e-16	1.553140291600799e-17
5151.5	1.3085130275497903e-16	1.5769736811541668e-17
5151.749999999999	1.307172761626135e-16	1.5989685790780743e-17
5151.999999999998	1.3062789827179074e-16	1.5905670710324957e-17
5152.249999999999	1.3068545630894015e-16	1.5400524745128624e-17
5152.5	1.3096431827176096e-16	1.461538476002799e-17
5152.749999999999	1.3145577393845842e-16	1.5403204810313296e-17
5152.999999999999	1.3204015904436694e-16	1.5647092396479656e-17
5153.249999999999	1.3250894981582681e-16	1.5845794414504694e-17
5153.499999999999	1.32632188577135e-16	1.6042398702496297e-17
5153.749999999999	1.3224209348174644e-16	1.6036087314422518e-17
5153.999999999999	1.3129627690966231e-16	1.5636739403932942e-17
5154.249999999999	1.2989528540759648e-16	1.6090444661195827e-17
5154.499999999999	1.2825015793367434e-16	1.5509375096295702e-17
5154.749999999999	1.2661478292413314e-16	1.5507143363003034e-17
5154.999999999999	1.2520816943934877e-16	1.5320868906500993e-17
5155.249999999999	1.2415223241875548e-16	1.4982552035966804e-17
5155.499999999999	1.234438904194449e-16	1.5758710493976336e-17
5155.749999999999	1.2296875578801917e-16	1.4941492444720897e-17
5155.999999999999	1.225500655888474e-16	1.5358848077145752e-17
5156.249999999999	1.2201425043090855e-16	1.5950042332743527e-17
5156.499999999999	1.212490634064231e-16	1.5891936203434127e-17
5156.749999999998	1.202347197811987e-16	1.5267439656374968e-17
5156.999999999999	1.1904192348952802e-16	1.4872606497668706e-17
5157.249999999999	1.1780528203214363e-16	1.4774658386975077e-17
5157.499999999999	1.1668766842300934e-16	1.5650859376989222e-17
5157.749999999998	1.15847520491721e-16	1.5019144851904925e-17
5157.999999999999	1.1541214157302636e-16	1.474226930290995e-17
5158.25	1.1545502752831886e-16	1.492165499927065e-17
5158.499999999999	1.1597776900772361e-16	1.4467274762627922e-17
5158.749999999998	1.1690293073086082e-16	1.49068253052488e-17
5158.999999999999	1.1808542089585453e-16	1.526551894299262e-17
5159.25	1.1934304925509563e-16	1.5326315063654042e-17
5159.499999999999	1.204970421635906e-16	1.5088133369353073e-17
5159.749999999998	1.2140831206465165e-16	1.5273102534848506e-17
5159.999999999999	1.219989474388661e-16	1.5925951524583532e-17
5160.249999999999	1.2225731565027274e-16	1.433878548935761e-17
5160.499999999999	1.2223196590398252e-16	1.5409077792662422e-17
5160.749999999999	1.2201984473327874e-16	1.5342276340753865e-17
5160.999999999999	1.217500016326268e-16	1.5403949272864594e-17
5161.249999999999	1.2156062586622275e-16	1.5260332520551912e-17
5161.499999999999	1.2156912300674056e-16	1.4734900778013328e-17
5161.749999999999	1.2184104844710713e-16	1.536769890970007e-17
5161.999999999999	1.2236888300204775e-16	1.550324403359546e-17
5162.249999999999	1.230710847805295e-16	1.5411354193708168e-17
5162.499999999999	1.2381509214507967e-16	1.5469983101164702e-17
5162.749999999999	1.244583334986089e-16	1.5615219473116762e-17
5162.999999999999	1.2489384843868496e-16	1.5669308813371605e-17
5163.249999999999	1.250849049332482e-16	1.5374572780590385e-17
5163.499999999998	1.2507674529012946e-16	1.5507027557717277e-17
5163.749999999999	1.2498153028503547e-16	1.5114996886926345e-17
5163.999999999999	1.2494177012397266e-16	1.5015449008928038e-17
5164.249999999999	1.2508471399040636e-16	1.5094684639804493e-17
5164.499999999998	1.2548290123275904e-16	1.5238524730882564e-17
5164.749999999999	1.261336394075402e-16	1.5447220745068468e-17
5164.999999999999	1.2696372770364872e-16	1.4790740432444333e-17
5165.249999999999	1.278575017595712e-16	1.5657182345591578e-17
5165.499999999998	1.2869844988093509e-16	1.5255098121635676e-17
5165.749999999999	1.2940928233203245e-16	1.537487221997213e-17
5166.0	1.2997464128424423e-16	1.6013849390834642e-17
5166.249999999999	1.304362895684405e-16	1.5492851336379343e-17
5166.499999999998	1.308618546774271e-16	1.511329785794816e-17
5166.749999999999	1.313003641271149e-16	1.5119581121881114e-17
5166.999999999998	1.3174425545638985e-16	1.5487322461165038e-17
5167.249999999999	1.3211432515356916e-16	1.5579338032505437e-17
5167.499999999999	1.322732367177233e-16	1.529885597603973e-17
5167.749999999999	1.3206178333822747e-16	1.5093900472583793e-17
5167.999999999999	1.3134596703985316e-16	1.5899306382691974e-17
5168.249999999999	1.3006270856989854e-16	1.5837403494370956e-17
5168.499999999999	1.2825366583043737e-16	1.5207391306987293e-17
5168.749999999999	1.260772676605484e-16	1.541818835992908e-17
5168.999999999999	1.2379015120327615e-16	1.5842432752495278e-17
5169.249999999999	1.2169530117406597e-16	1.5327936337654646e-17
5169.499999999999	1.2006678142182235e-16	1.4086500365612612e-17
5169.749999999999	1.1907468455587757e-16	1.5233927261037994e-17
5169.999999999999	1.1873922165536007e-16	1.4955698444560883e-17
5170.249999999999	1.1893355123361644e-16	1.5206299428578723e-17
5170.499999999999	1.1943420403622995e-16	1.5550161717939467e-17
5170.749999999999	1.1999719444322805e-16	1.53385093602443e-17
5170.999999999999	1.2042867268019872e-16	1.5135246268321643e-17
5171.249999999998	1.206255323041077e-16	1.53412638716841e-17
5171.499999999999	1.2057839510882617e-16	1.508811020829592e-17
5171.749999999999	1.2034651644969394e-16	1.4732291850361336e-17
5171.999999999999	1.2002289840005592e-16	1.4849857376462273e-17
5172.249999999998	1.1970573975499674e-16	1.5190525094297337e-17
5172.499999999999	1.194829687576183e-16	1.4672063175600125e-17
5172.75	1.1942654632069816e-16	1.4988441561928182e-17
5172.999999999999	1.1958796025928385e-16	1.4785519268417898e-17
5173.249999999998	1.19988014778942e-16	1.4798345530996146e-17
5173.499999999999	1.2060096311989898e-16	1.503232680214657e-17
5173.75	1.2134121238105656e-16	1.5241689523906192e-17
5173.999999999999	1.2206530645294375e-16	1.5163117291881005e-17
5174.249999999999	1.2259866225225072e-16	1.520835249085908e-17
5174.499999999999	1.227851338960557e-16	1.6015664225098584e-17
5174.749999999999	1.2254290651382051e-16	1.5994506599390702e-17
5174.999999999999	1.2190154466767756e-16	1.5502046276068482e-17
5175.249999999999	1.210001935112478e-16	1.5053578726444283e-17
5175.499999999999	1.2004501296575818e-16	1.4965292085305273e-17
5175.749999999999	1.1924501968290594e-16	1.4777318599825048e-17
5175.999999999999	1.187558253508068e-16	1.5008958949841947e-17
5176.249999999999	1.1865346723033525e-16	1.5127950535318925e-17
5176.499999999999	1.1894105632003933e-16	1.550030257933722e-17
5176.749999999999	1.1957303688495432e-16	1.5491235025462414e-17
5176.999999999999	1.204771509725106e-16	1.4711483294871952e-17
5177.249999999999	1.2156366118685058e-16	1.5204803886031227e-17
5177.499999999999	1.227256047325477e-16	1.5236311195563372e-17
5177.749999999999	1.2384159654668017e-16	1.5753409920611096e-17
5177.999999999998	1.2478922126977748e-16	1.547377986017632e-17
5178.249999999999	1.2546736949338e-16	1.5199943372751866e-17
5178.499999999999	1.2581786683819215e-16	1.5653992737149573e-17
5178.749999999999	1.2583598591857557e-16	1.560934814512886e-17
5178.999999999998	1.2556503322020096e-16	1.5299497868195073e-17
5179.249999999999	1.250776909444891e-16	1.4827813013137735e-17
5179.5	1.2445219641477609e-16	1.5362985634569743e-17
5179.749999999999	1.2375243411916883e-16	1.5690980945420494e-17
5179.999999999998	1.2301835942388334e-16	1.5210210338514874e-17
5180.249999999999	1.22268067661873e-16	1.4953445204572288e-17
5180.5	1.215071826737576e-16	1.545873675355643e-17
5180.749999999999	1.2073744266589213e-16	1.5542738599122416e-17
5180.999999999998	1.1995723002144655e-16	1.5224011019854708e-17
5181.249999999999	1.1915366532037185e-16	1.4507541914847003e-17
5181.499999999999	1.182952087163081e-16	1.418474957004921e-17
5181.749999999999	1.1733765339502569e-16	1.5219885042959294e-17
5181.999999999999	1.162488706969031e-16	1.51696735254161e-17
5182.249999999999	1.150417758343801e-16	1.5219535972740797e-17
5182.499999999999	1.1379323342177283e-16	1.4433391790376525e-17
5182.749999999999	1.126315908580461e-16	1.438113879108155e-17
5182.999999999999	1.1169625640254376e-16	1.4479351599571196e-17
5183.249999999999	1.1109405967461224e-16	1.3552223580783998e-17
5183.499999999999	1.1088059003900664e-16	1.5303134154167856e-17
5183.749999999999	1.110757625771532e-16	1.563655080675328e-17
5183.999999999999	1.1169601827276282e-16	1.4807245994387216e-17
5184.249999999999	1.127724261868616e-16	1.415379481716625e-17
5184.499999999999	1.1433512413028607e-16	1.434082366238694e-17
5184.749999999998	1.1637042870496275e-16	1.4926368274400978e-17
5184.999999999999	1.1877737499468074e-16	1.4615088629368698e-17
5185.249999999999	1.213516137641685e-16	1.507935863741511e-17
5185.499999999999	1.2380886972896378e-16	1.5023376707918746e-17
5185.749999999998	1.2584085704947841e-16	1.507185445489803e-17
5185.999999999999	1.2718504913298214e-16	1.548515524796015e-17
5186.249999999999	1.2768781720656853e-16	1.5854731273842717e-17
5186.499999999999	1.273438374668857e-16	1.5371556880077017e-17
5186.749999999998	1.2629987303402602e-16	1.6239302429869645e-17
5186.999999999999	1.248191493498994e-16	1.580680277479017e-17
5187.25	1.232150358870021e-16	1.5142666078416244e-17
5187.499999999999	1.2177573513159211e-16	1.4831818221663716e-17
5187.749999999998	1.2070663970997764e-16	1.524829869700049e-17
5187.999999999999	1.2010802560860518e-16	1.6126771124976706e-17
5188.249999999998	1.199872131002733e-16	1.5189484501086745e-17
5188.499999999999	1.2028887010364048e-16	1.5162999832234022e-17
5188.749999999999	1.2092468206805455e-16	1.491639909365849e-17
5188.999999999999	1.217933119567187e-16	1.5150845240313168e-17
5189.249999999999	1.2279204999341937e-16	1.5651385463858806e-17
5189.499999999999	1.2382447125783097e-16	1.5548131816716262e-17
5189.749999999999	1.2480460145903856e-16	1.521108053251928e-17
5189.999999999999	1.2565551049199988e-16	1.5258262914659304e-17
5190.249999999999	1.2630364261135041e-16	1.5274799909465464e-17
5190.499999999999	1.2667569937607697e-16	1.5364376952360057e-17
5190.749999999999	1.2670544428470626e-16	1.5639020768062363e-17
5190.999999999999	1.2635128730081096e-16	1.587149326177549e-17
5191.249999999999	1.2561721246570076e-16	1.5164225713901826e-17
5191.499999999999	1.245668701988084e-16	1.5529109971349992e-17
5191.749999999999	1.2332522524035642e-16	1.5326273704623414e-17
5191.999999999999	1.2206898436624036e-16	1.4958520784810914e-17
5192.249999999999	1.2100977061690832e-16	1.5030887507880728e-17
5192.499999999998	1.2037113432148465e-16	1.5359309643927557e-17
5192.749999999999	1.2035679597082374e-16	1.450888525616179e-17
5192.999999999999	1.2110915600060736e-16	1.5158438758336405e-17
5193.249999999999	1.22665299620648e-16	1.4220161172072605e-17
5193.499999999998	1.249268569355106e-16	1.4959968350882882e-17
5193.749999999999	1.2766156654575468e-16	1.564919674395799e-17
5194.0	1.3054427193934888e-16	1.539047946376978e-17
5194.249999999999	1.332272344296918e-16	1.584408545935916e-17
5194.499999999998	1.3541470163063725e-16	1.627947032041522e-17
5194.749999999999	1.369144118112171e-16	1.5736590030035443e-17
5195.0	1.3765126349197844e-16	1.573851405214024e-17
5195.249999999999	1.3764865547355098e-16	1.591342470138703e-17
5195.499999999999	1.3699803144502623e-16	1.5787413661231926e-17
5195.749999999999	1.358372939949766e-16	1.5470891345477285e-17
5195.999999999999	1.3434434071628105e-16	1.604292478936588e-17
5196.249999999999	1.3273401706613708e-16	1.5632992275758077e-17
5196.499999999999	1.312397200219255e-16	1.537021023003978e-17
5196.749999999999	1.3007140627561824e-16	1.5039308206516518e-17
5196.999999999999	1.293630061641759e-16	1.5025547229846086e-17
5197.249999999999	1.2913740633328681e-16	1.5628700862740152e-17
5197.499999999999	1.2931278454080371e-16	1.5994002019217045e-17
5197.749999999999	1.2975107302145416e-16	1.5934302740047868e-17
5197.999999999999	1.3032353949103438e-16	1.6204320961764778e-17
5198.249999999999	1.3095822889730312e-16	1.5493706641132723e-17
5198.499999999999	1.316465089949514e-16	1.5192032217373408e-17
5198.749999999999	1.3241123141348483e-16	1.6057959624179645e-17
5198.999999999999	1.3325983783732309e-16	1.5271105720849803e-17
5199.249999999998	1.3415011967874741e-16	1.5831869656072976e-17
5199.499999999999	1.349854283790784e-16	1.610551423759532e-17
5199.749999999999	1.3563972224714964e-16	1.6089799460318036e-17
5199.999999999999	1.3600015641410147e-16	1.6050708558930005e-17
5200.249999999998	1.3600877130339877e-16	1.6075734081182184e-17
5200.499999999999	1.3568478199291071e-16	1.6027886645829667e-17
5200.75	1.3511464863804394e-16	1.5858903572852434e-17
5200.999999999999	1.3440970152340176e-16	1.535428865760936e-17
5201.249999999998	1.336483429148227e-16	1.5137878357030787e-17
5201.499999999999	1.3283272395824755e-16	1.5166301937239334e-17
5201.75	1.318875489407684e-16	1.5586228447008004e-17
5201.999999999999	1.3070808416228894e-16	1.6462336792793543e-17
5202.249999999998	1.2923572837781378e-16	1.6233578340030778e-17
5202.499999999999	1.2752071895976065e-16	1.589823601097933e-17
5202.749999999999	1.2573565898158416e-16	1.5758978500494803e-17
5202.999999999999	1.2412872865837426e-16	1.5387404006252308e-17
5203.249999999999	1.2293692416670408e-16	1.4965522041515563e-17
5203.499999999999	1.222996063398578e-16	1.4793906879829186e-17
5203.749999999999	1.2221131749535166e-16	1.4075363205845198e-17
5203.999999999999	1.2253231309224831e-16	1.565214481566113e-17
5204.249999999999	1.2304725605676384e-16	1.5452360845394872e-17
5204.499999999999	1.235414606948002e-16	1.5589287360913225e-17
5204.749999999999	1.238604257607693e-16	1.5428988030006574e-17
5204.999999999999	1.239323140978229e-16	1.4635693698427393e-17
5205.249999999999	1.2375499357574913e-16	1.5559285520095927e-17
5205.499999999999	1.233659204306934e-16	1.5286496243326964e-17
5205.749999999999	1.2281595779624318e-16	1.5197089599638558e-17
5205.999999999998	1.2215851411849716e-16	1.5247863599998288e-17
5206.249999999999	1.21451670429553e-16	1.5267125327742197e-17
5206.499999999999	1.2076262580036485e-16	1.520532004673346e-17
5206.749999999999	1.2016455960489868e-16	1.5135228070348167e-17
5206.999999999998	1.1972378849973243e-16	1.4673365157884283e-17
5207.249999999999	1.1948402245703623e-16	1.5322438895303618e-17
5207.5	1.1945859389911658e-16	1.4776368996481837e-17
5207.749999999999	1.1963762340750785e-16	1.4731391877854878e-17
5207.999999999998	1.2000674397245177e-16	1.5486543257028013e-17
5208.249999999999	1.2056431867045183e-16	1.5781515863464423e-17
5208.5	1.2132298673611453e-16	1.4621762322550775e-17
5208.749999999999	1.2229180262033361e-16	1.4114043825649402e-17
5208.999999999998	1.2345070235106048e-16	1.5397278888404966e-17
5209.249999999999	1.2473726852406171e-16	1.577950250585347e-17
5209.499999999999	1.2605900853908096e-16	1.5275334268141174e-17
5209.749999999999	1.273260740849233e-16	1.5173849133148268e-17
5209.999999999999	1.2848287737749623e-16	1.6015674151265934e-17
5210.249999999999	1.2951512165472474e-16	1.5265375013566035e-17
5210.499999999999	1.304241596393114e-16	1.5319350202896345e-17
5210.749999999999	1.3118414476831393e-16	1.5232835382629424e-17
5210.999999999999	1.317132404661571e-16	1.5371404678844307e-17
5211.249999999999	1.318862279556765e-16	1.5828532809481937e-17
5211.499999999999	1.3159210612943358e-16	1.5692357373959783e-17
5211.749999999999	1.308101536317435e-16	1.666314150393569e-17
5211.999999999999	1.2966097786914997e-16	1.5454053256928156e-17
5212.249999999999	1.2839787850232776e-16	1.499923957764445e-17
5212.499999999999	1.27334121882792e-16	1.4853033750014476e-17
5212.749999999998	1.2673541320665514e-16	1.4714519047720022e-17
5212.999999999999	1.2672378470061195e-16	1.5223458463205523e-17
5213.249999999999	1.272319096604627e-16	1.5681190435690317e-17
5213.499999999999	1.280229890699257e-16	1.519651719065467e-17
5213.749999999998	1.2876577176522593e-16	1.5313278697200206e-17
5213.999999999999	1.2913801322180396e-16	1.5714413317812896e-17
5214.249999999999	1.289270862999061e-16	1.5889749137894537e-17
5214.499999999999	1.2809994908041164e-16	1.5588182247614854e-17
5214.749999999998	1.2682255141077756e-16	1.5403049300358136e-17
5214.999999999999	1.2542008056477038e-16	1.5654773595647823e-17
5215.25	1.2428452499070736e-16	1.4830114229601857e-17
5215.499999999999	1.2375333478101858e-16	1.4642977850901535e-17
5215.749999999998	1.2399719841553504e-16	1.4708591471450467e-17
5215.999999999999	1.2495813190563843e-16	1.458541104335152e-17
5216.249999999998	1.263650276634271e-16	1.549875740595297e-17
5216.499999999999	1.2782461022837923e-16	1.5988928093339645e-17
5216.749999999999	1.2895379882236133e-16	1.6264571143221915e-17
5216.999999999999	1.2950155912557345e-16	1.568826448428887e-17
5217.249999999999	1.294153972273542e-16	1.5198138464655275e-17
5217.499999999999	1.2883471105016542e-16	1.529850856018246e-17
5217.749999999999	1.2802464864966866e-16	1.52956448609018e-17
5217.999999999999	1.27283216294876e-16	1.5157136776052246e-17
5218.249999999999	1.2685577118678256e-16	1.523059868625308e-17
5218.499999999999	1.2688056320577194e-16	1.494731579623327e-17
5218.749999999999	1.2737521354508212e-16	1.4822742395982785e-17
5218.999999999999	1.2826135699670649e-16	1.5449781696244932e-17
5219.249999999999	1.2941355929138086e-16	1.6579248846210563e-17
5219.499999999999	1.3071112873172564e-16	1.5910140794355194e-17
5219.749999999999	1.3207215727376625e-16	1.5433482929455187e-17
5219.999999999999	1.3345986251133374e-16	1.543760559762815e-17
5220.249999999999	1.3486629156357286e-16	1.5603180686481666e-17
5220.499999999998	1.3628786485814312e-16	1.5954707631398326e-17
5220.749999999999	1.3770586781908615e-16	1.6157429747200372e-17
5220.999999999999	1.3907675039187117e-16	1.491204812363646e-17
5221.249999999999	1.403304304208156e-16	1.6254044442746565e-17
5221.499999999998	1.4137414141502096e-16	1.574036362798991e-17
5221.749999999999	1.421023154304434e-16	1.5862700331864053e-17
5222.0	1.4241408617140116e-16	1.6106296750454794e-17
5222.249999999999	1.4223703918306628e-16	1.5985147877940277e-17
5222.499999999998	1.4155074919950248e-16	1.637323289720933e-17
5222.749999999999	1.4040075702907303e-16	1.5610678251553846e-17
5223.0	1.3889579633275872e-16	1.615857621952937e-17
5223.249999999999	1.3718791255086365e-16	1.6004350048680083e-17
5223.499999999998	1.3544254610652846e-16	1.5457277606955887e-17
5223.749999999999	1.3380896653165129e-16	1.540079275164709e-17
5223.999999999999	1.3239830005474702e-16	1.6196330397047515e-17
5224.249999999999	1.3126999271705248e-16	1.628725574434057e-17
5224.499999999999	1.3042384696674874e-16	1.4821941685149833e-17
5224.749999999999	1.2979699612063414e-16	1.5257171036250734e-17
5224.999999999999	1.292699446390871e-16	1.5748036555351952e-17
5225.249999999999	1.2868739463400034e-16	1.5799877618701875e-17
5225.499999999999	1.27894823850176e-16	1.560378452832883e-17
5225.749999999999	1.2678392299785566e-16	1.4696713157854205e-17
5225.999999999999	1.2533402678338021e-16	1.5094362039365597e-17
5226.249999999999	1.2363519653750847e-16	1.5602186415385377e-17
5226.499999999999	1.2188124678023887e-16	1.5742112287804847e-17
5226.749999999999	1.203279633588734e-16	1.4941336934765737e-17
5226.999999999999	1.192230505462576e-16	1.3878433008692248e-17
5227.249999999998	1.1872801791104958e-16	1.5078112903412605e-17
5227.499999999999	1.188610856873858e-16	1.491448830644349e-17
5227.749999999999	1.194868299578775e-16	1.4801644327279007e-17
5227.999999999999	1.203614849361658e-16	1.520561452303153e-17
5228.249999999998	1.2121942146219642e-16	1.5383145680458885e-17
5228.499999999999	1.218679132923076e-16	1.5439298009161435e-17
5228.75	1.2225228809579644e-16	1.595841505490379e-17
5228.999999999999	1.2246440169055916e-16	1.5131520646842704e-17
5229.249999999998	1.2269013740606743e-16	1.5148618470104175e-17
5229.499999999999	1.2311783140445e-16	1.494262733652132e-17
5229.75	1.2384818852409036e-16	1.4913649545302362e-17
5229.999999999999	1.2484711533170183e-16	1.5008262463766178e-17
5230.249999999998	1.2596313677050695e-16	1.5125617885991526e-17
5230.499999999999	1.269983714464111e-16	1.6088580196095133e-17
5230.749999999999	1.27794355488143e-16	1.628179304357527e-17
5230.999999999999	1.282885712426837e-16	1.5188351263647547e-17
5231.249999999999	1.285184898313016e-16	1.4988578873909866e-17
5231.499999999999	1.285833057627721e-16	1.5333799393836422e-17
5231.749999999999	1.2859632282737144e-16	1.559725311021211e-17
5231.999999999999	1.2865866704679825e-16	1.633727535598165e-17
5232.249999999999	1.28862543018853e-16	1.5537914481790007e-17
5232.499999999999	1.2930835473858974e-16	1.4937215920953998e-17
5232.749999999999	1.3011108494897008e-16	1.510877152563627e-17
5232.999999999999	1.3137993956357243e-16	1.5602366740758914e-17
5233.249999999999	1.3317275787013876e-16	1.5649719522105124e-17
5233.499999999999	1.3544266164601848e-16	1.4972210623948666e-17
5233.749999999999	1.380028662173998e-16	1.586014268941004e-17
5233.999999999998	1.405334558865952e-16	1.5129877866146174e-17
5234.249999999999	1.4263994964179625e-16	1.5902368605319646e-17
5234.499999999999	1.439504927545502e-16	1.6482597754717417e-17
5234.749999999999	1.4421750992048335e-16	1.63715570292883e-17
5234.999999999998	1.4338370409343947e-16	1.597054317704504e-17
5235.249999999999	1.4158788041531955e-16	1.533651750932927e-17
5235.499999999999	1.3911467464091742e-16	1.5930008018307492e-17
5235.749999999999	1.363161217459407e-16	1.5598579907914646e-17
5235.999999999998	1.33538173535038e-16	1.4915355191725447e-17
5236.249999999999	1.3107161238463884e-16	1.51384590378208e-17
5236.5	1.2912703111642658e-16	1.5993687690584275e-17
5236.749999999999	1.2782263613954098e-16	1.5123457290231537e-17
5236.999999999998	1.271774043225893e-16	1.5055520946522557e-17
5237.249999999999	1.271138845711283e-16	1.514589539152765e-17
5237.499999999998	1.2748159618155102e-16	1.533284648177076e-17
5237.749999999999	1.2810506150518036e-16	1.5735885272153548e-17
5237.999999999999	1.2884354925405807e-16	1.6288436958255295e-17
5238.249999999999	1.296361047338861e-16	1.6506145932395577e-17
5238.499999999999	1.3050760827689469e-16	1.464859109853832e-17
5238.749999999999	1.3153034175713437e-16	1.609110640568587e-17
5238.999999999999	1.3275916562977758e-16	1.5404311577972892e-17
5239.249999999999	1.3417211875123916e-16	1.5261732110148352e-17
5239.499999999999	1.3564475645222563e-16	1.5787769348895324e-17
5239.749999999999	1.3697021250532456e-16	1.574998042979145e-17
5239.999999999999	1.3791756698668954e-16	1.5623964426552673e-17
5240.249999999999	1.3830704739461105e-16	1.5982717621300596e-17
5240.499999999999	1.3807525352936316e-16	1.6107891554675796e-17
5240.749999999999	1.3730677246836095e-16	1.573535091347784e-17
5240.999999999999	1.362189738992347e-16	1.555447794637577e-17
5241.249999999999	1.3510179277964714e-16	1.5646797920181587e-17
5241.499999999999	1.3422981986704765e-16	1.4833326999101013e-17
5241.749999999998	1.3377501396642122e-16	1.557198439685984e-17
5241.999999999999	1.3375061030072366e-16	1.5072403702824764e-17
5242.249999999999	1.3400837530378906e-16	1.5273893319514106e-17
5242.499999999999	1.3429335436261688e-16	1.5630785357883785e-17
5242.749999999998	1.3433786853426722e-16	1.5911360058578097e-17
5242.999999999999	1.3395824416564882e-16	1.6217425157028843e-17
5243.25	1.331139436816582e-16	1.5534845641717435e-17
5243.499999999999	1.3190435563420254e-16	1.506312935379682e-17
5243.749999999998	1.3050820660108474e-16	1.5361139367442524e-17
5243.999999999999	1.2909926559001994e-16	1.4960636712817824e-17
5244.25	1.2778290497946173e-16	1.484811037100856e-17
5244.499999999999	1.2658415403610567e-16	1.5738333726766705e-17
5244.749999999998	1.254871513027237e-16	1.4661974880849428e-17
5244.999999999999	1.244965773662182e-16	1.4976995036611673e-17
5245.249999999999	1.2368045555870222e-16	1.5467739787343458e-17
5245.499999999999	1.2316603409214844e-16	1.5122406770853595e-17
5245.749999999999	1.2308801890785164e-16	1.4545107495185486e-17
5245.999999999999	1.2351555210225842e-16	1.466878919473564e-17
5246.249999999999	1.243969055411315e-16	1.5709197116870137e-17
5246.499999999999	1.2555322268152533e-16	1.4612294413259493e-17
5246.749999999999	1.2672930494340388e-16	1.580243856987834e-17
5246.999999999999	1.2768204851121884e-16	1.5787972835326012e-17
5247.249999999999	1.2826933356414347e-16	1.592457344168302e-17
5247.499999999999	1.2850202505451544e-16	1.5748124236496883e-17
5247.749999999999	1.2853889805550006e-16	1.4229081487798377e-17
5247.999999999999	1.2862877780687952e-16	1.5607027076330037e-17
5248.249999999999	1.2902356253172793e-16	1.49727135497611e-17
5248.499999999998	1.2989251822458552e-16	1.4893605304698977e-17
5248.749999999999	1.3126324350305853e-16	1.5048731448054722e-17
5248.999999999999	1.3300436345482005e-16	1.5187654777571778e-17
5249.249999999999	1.3485413820387375e-16	1.541558935844444e-17
5249.499999999998	1.3648848789516042e-16	1.6184915304594284e-17
5249.749999999999	1.376105715253922e-16	1.573203061049905e-17
5250.0	1.3803428688090461e-16	1.5772901604565296e-17
5250.249999999999	1.3773172191764413e-16	1.5893224950828484e-17
5250.499999999998	1.3682510460773696e-16	1.5992723197990038e-17
5250.749999999999	1.3552613367942447e-16	1.5657771298187715e-17
5251.0	1.3405025032339958e-16	1.4588658554436403e-17
5251.249999999999	1.3254658402996792e-16	1.5906114079133286e-17
5251.499999999998	1.3107612049146694e-16	1.5565049314604196e-17
5251.749999999999	1.2964346129751614e-16	1.5730434151916823e-17
5251.999999999999	1.2825635398297816e-16	1.562437139941405e-17
5252.249999999999	1.269720522668475e-16	1.5221557602157876e-17
5252.499999999999	1.2590025279387794e-16	1.490510476957469e-17
5252.749999999999	1.2516205784974493e-16	1.4219150357364065e-17
5252.999999999999	1.2483246016510674e-16	1.5070435012966888e-17
5253.249999999999	1.24901533947311e-16	1.540271677375189e-17
5253.499999999999	1.2527415461255378e-16	1.5664335803528936e-17
5253.749999999999	1.2580315381504552e-16	1.5563247715230056e-17
5253.999999999999	1.263350312737891e-16	1.49933847932688e-17
5254.249999999999	1.2674820952973903e-16	1.479701542457116e-17
5254.499999999999	1.2697456864882973e-16	1.550801686572989e-17
5254.749999999999	1.2700361117904054e-16	1.6036960817149374e-17
5254.999999999999	1.268705887899922e-16	1.5717827919381515e-17
5255.249999999998	1.2663057922067536e-16	1.52937076039072e-17
5255.499999999999	1.263262069961256e-16	1.5374734907990446e-17
5255.749999999999	1.2596504089473352e-16	1.5789668555581746e-17
5255.999999999999	1.2552401921565513e-16	1.5386542084054028e-17
5256.249999999998	1.249858796511011e-16	1.6345995493999185e-17
5256.499999999999	1.2439133874149336e-16	1.5524873152252496e-17
5256.749999999999	1.2387490894920873e-16	1.52157077808659e-17
5256.999999999999	1.2365397163364115e-16	1.5304183019184573e-17
5257.249999999998	1.2396184285212982e-16	1.4837696167096518e-17
5257.499999999999	1.249458517893566e-16	1.458245304548103e-17
5257.75	1.265750607759166e-16	1.4685307991568324e-17
5257.999999999999	1.2860580490416696e-16	1.5322230445789255e-17
5258.249999999998	1.3063210415149873e-16	1.5714998961686584e-17
5258.499999999999	1.3220990220631702e-16	1.615566950685686e-17
5258.749999999998	1.3300688844373263e-16	1.6555146457521993e-17
5258.999999999999	1.329138889350981e-16	1.622057340644022e-17
5259.249999999999	1.320697703311381e-16	1.5054035330142412e-17
5259.499999999999	1.3079205343205213e-16	1.4977617076432313e-17
5259.749999999999	1.2944802976270265e-16	1.5049054048493618e-17
5259.999999999999	1.2832355191069264e-16	1.5201721811068855e-17
5260.249999999999	1.275400584620599e-16	1.535461291240948e-17
5260.499999999999	1.2704308699764559e-16	1.5285540022538853e-17
5260.749999999999	1.2665472907463668e-16	1.5051725841872164e-17
5260.999999999999	1.261616499099686e-16	1.5271643388247962e-17
5261.249999999999	1.2540365317220453e-16	1.504403967962032e-17
5261.499999999999	1.2433278069675746e-16	1.5344790969816026e-17
5261.749999999999	1.2302600692300002e-16	1.5277564347072617e-17
5261.999999999999	1.2165215639248906e-16	1.4380376130556776e-17
5262.249999999999	1.2041058252361757e-16	1.4086427573718707e-17
5262.499999999999	1.1946820776165496e-16	1.5187760656690185e-17
5262.749999999999	1.1891802577116217e-16	1.5057104170214984e-17
5262.999999999998	1.187686721408469e-16	1.474981484445766e-17
5263.249999999999	1.1895993797381118e-16	1.4533426050575012e-17
5263.499999999999	1.193910260989408e-16	1.4598806406191204e-17
5263.749999999999	1.1994845224840727e-16	1.4958936029478415e-17
5263.999999999998	1.2052504294826773e-16	1.4738068879759406e-17
5264.249999999999	1.210271698862887e-16	1.509238011461792e-17
5264.5	1.2137368324424805e-16	1.479426091313136e-17
5264.749999999999	1.2149583270222036e-16	1.4452818954242945e-17
5264.999999999998	1.2134862642289678e-16	1.4647929354048278e-17
5265.249999999999	1.209358948417273e-16	1.5337333109413248e-17
5265.5	1.203369556141893e-16	1.5624669184434568e-17
5265.749999999999	1.197131556936077e-16	1.468914610961057e-17
5265.999999999999	1.192782446880588e-16	1.4098175192778185e-17
5266.249999999999	1.1923654663833613e-16	1.4581162643725448e-17
5266.499999999999	1.1971383055648655e-16	1.509197810484022e-17
5266.749999999999	1.2071279205278562e-16	1.497648549335434e-17
5266.999999999999	1.2211379262212105e-16	1.461122404154685e-17
5267.249999999999	1.2371978309050662e-16	1.5068325702404878e-17
5267.499999999999	1.253244831837828e-16	1.5441847379809323e-17
5267.749999999999	1.2677389292690145e-16	1.5486755015264827e-17
5267.999999999999	1.2799629871580333e-16	1.5291848101890182e-17
5268.249999999999	1.2899284917604413e-16	1.5121318201167475e-17
5268.499999999999	1.2980176419208597e-16	1.5108410874889198e-17
5268.749999999999	1.3046255318757712e-16	1.4888018526841794e-17
5268.999999999999	1.3100301960181034e-16	1.6144201474844424e-17
5269.249999999999	1.3145282869951732e-16	1.5479369946755954e-17
5269.499999999999	1.318662137150145e-16	1.5105338726094176e-17
5269.749999999998	1.3232857220093401e-16	1.5195316124405244e-17
5269.999999999999	1.329328443292103e-16	1.526841242077533e-17
5270.249999999999	1.3373337401276468e-16	1.5262284666797537e-17
5270.499999999999	1.3470252793125023e-16	1.5506423715870113e-17
5270.749999999998	1.3571779272741313e-16	1.570807380559829e-17
5270.999999999999	1.3659327059408505e-16	1.5405903073471444e-17
5271.25	1.3714654532638637e-16	1.5685142704657095e-17
5271.499999999999	1.3727156958962539e-16	1.6254964267587724e-17
5271.749999999998	1.3698158904330412e-16	1.5961296952157923e-17
5271.999999999999	1.3639917987696233e-16	1.4777158126786212e-17
5272.25	1.3569791555030328e-16	1.5076372515403794e-17
5272.499999999999	1.350261948433274e-16	1.5214821043249244e-17
5272.749999999998	1.344515340960629e-16	1.5517622087002856e-17
5272.999999999999	1.339486265306197e-16	1.5546414589764602e-17
5273.249999999999	1.3342829404934616e-16	1.5141114287587094e-17
5273.499999999999	1.3278590976658028e-16	1.5130610748168896e-17
5273.749999999999	1.319465963045914e-16	1.5354066973205196e-17
5273.999999999999	1.3089537662942921e-16	1.5727482771491234e-17
5274.249999999999	1.2969047882722816e-16	1.5185174890095344e-17
5274.499999999999	1.2845986703173657e-16	1.5100908346733342e-17
5274.749999999999	1.2737799681786276e-16	1.5612531136125965e-17
5274.999999999999	1.2662079313595568e-16	1.540583028157754e-17
5275.249999999999	1.2630606653051486e-16	1.440859126125096e-17
5275.499999999999	1.2643894959131395e-16	1.5372498211614102e-17
5275.749999999999	1.2688744804910144e-16	1.549286291690792e-17
5275.999999999999	1.274052252982734e-16	1.5395983523565708e-17
5276.249999999999	1.2769922338020703e-16	1.547845839372092e-17
5276.499999999998	1.2751850402286627e-16	1.560479534303737e-17
5276.749999999999	1.2672935002666595e-16	1.500766027628024e-17
5276.999999999999	1.2534725400629335e-16	1.5810020507373e-17
5277.249999999999	1.2351690005625838e-16	1.4465056264225054e-17
5277.499999999998	1.214557130265976e-16	1.4215133568309508e-17
5277.749999999999	1.1939113906230172e-16	1.4816058776633356e-17
5277.999999999999	1.1751806143486989e-16	1.5132149304108245e-17
5278.249999999999	1.1598462486058796e-16	1.4674331304839745e-17
5278.499999999998	1.1489563246278697e-16	1.4156936449132727e-17
5278.749999999999	1.1431542942541493e-16	1.478719844506138e-17
5279.0	1.1425981582646212e-16	1.4162443817651105e-17
5279.249999999999	1.1468119734817288e-16	1.4511563666985236e-17
5279.499999999998	1.154615490088261e-16	1.494463903977105e-17
5279.749999999999	1.164266342064491e-16	1.4220394437005345e-17
5279.999999999998	1.1738343635101948e-16	1.5115051480846773e-17
5280.249999999999	1.1816790027428241e-16	1.528041977454715e-17
5280.499999999999	1.186810390173814e-16	1.5283733460081037e-17
5280.749999999999	1.1889475654605716e-16	1.4862332914460798e-17
5280.999999999999	1.1882455791707711e-16	1.484443272600515e-17
5281.249999999999	1.1848646845371918e-16	1.5062226072567912e-17
5281.499999999999	1.1786760439252543e-16	1.4275238165978836e-17
5281.749999999999	1.1693437592204889e-16	1.5389721766328682e-17
5281.999999999999	1.1568020014111388e-16	1.5673524125773175e-17
5282.249999999999	1.1418782237225964e-16	1.4524629811941124e-17
5282.499999999999	1.1266658163168186e-16	1.441757609706451e-17
5282.749999999999	1.114323779272648e-16	1.4953790966068336e-17
5282.999999999999	1.108254240180824e-16	1.424706770303773e-17
5283.249999999998	1.1109345464210065e-16	1.3281639567528102e-17
5283.499999999999	1.122881939766495e-16	1.435905141436516e-17
5283.749999999999	1.142195510077016e-16	1.4617204557375608e-17
5283.999999999999	1.1648729330140677e-16	1.4909842860123393e-17
5284.249999999998	1.185774892155465e-16	1.530648589000992e-17
5284.499999999999	1.1998752227767368e-16	1.5593094046092194e-17
5284.749999999999	1.2033924004996725e-16	1.557128460206162e-17
5284.999999999999	1.194528426919208e-16	1.5111403614345415e-17
5285.249999999998	1.173732924399393e-16	1.501104675370803e-17
5285.499999999999	1.143546802360092e-16	1.530868288171686e-17
5285.75	1.1081159845395005e-16	1.4978890934575645e-17
5285.999999999999	1.072451063268512e-16	1.419892744574837e-17
5286.249999999998	1.0415192734510391e-16	1.38392684882297e-17
5286.499999999999	1.0193185887121638e-16	1.3708208337615573e-17
5286.749999999998	1.0081489570650839e-16	1.3628800653171708e-17
5286.999999999999	1.008283221357079e-16	1.421741824116138e-17
5287.249999999999	1.0181216074698449e-16	1.4230891358978643e-17
5287.499999999999	1.03474180094056e-16	1.426523093492817e-17
5287.749999999999	1.0546252447214466e-16	1.4764775233016293e-17
5287.999999999999	1.0743213001833271e-16	1.4882679903168377e-17
5288.249999999999	1.0909037619850104e-16	1.471744064964356e-17
5288.499999999999	1.1022160197336403e-16	1.4482572640876477e-17
5288.749999999999	1.1070041314663821e-16	1.4889944203307818e-17
5288.999999999999	1.1050392129330886e-16	1.5094494388263606e-17
5289.249999999999	1.0972387377448967e-16	1.5010831686748767e-17
5289.499999999999	1.0856861939775455e-16	1.4978278820922355e-17
5289.749999999999	1.0734160164586992e-16	1.3936137128223947e-17
5289.999999999999	1.0639116204116293e-16	1.3888470018244967e-17
5290.249999999999	1.0604046583980034e-16	1.4278163076624823e-17
5290.499999999999	1.0651659180645182e-16	1.4299158574932644e-17
5290.749999999999	1.0789837186803904e-16	1.440630989712154e-17
5290.999999999998	1.1009553981747832e-16	1.4704776514465372e-17
5291.249999999999	1.1286321406206513e-16	1.4108046766208393e-17
5291.499999999999	1.1584921579513818e-16	1.4946864155618817e-17
5291.749999999999	1.1866627892427108e-16	1.5121713593500276e-17
5291.999999999998	1.2097486944330456e-16	1.510320129139134e-17
5292.249999999999	1.2255625376977257e-16	1.5078150953720783e-17
5292.5	1.2335400329086552e-16	1.5304805059005213e-17
5292.749999999999	1.2346902153797988e-16	1.5637789923310884e-17
5292.999999999998	1.2310828555698444e-16	1.4170977012850202e-17
5293.249999999999	1.2250555669607708e-16	1.479359751428009e-17
5293.5	1.2184486028214514e-16	1.4405907887343838e-17
5293.749999999999	1.2121721927334234e-16	1.4616885265659163e-17
5293.999999999998	1.2062615142598193e-16	1.4959202381635657e-17
5294.249999999999	1.200342870870592e-16	1.4742444665199812e-17
5294.499999999999	1.194236571600293e-16	1.4614271374923495e-17
5294.749999999999	1.1883619716518016e-16	1.4922346522262745e-17
5294.999999999999	1.1837195875585114e-16	1.4457183159154775e-17
5295.249999999999	1.1814479747096248e-16	1.4744648274351653e-17
5295.499999999999	1.1821801144200817e-16	1.4608922825082727e-17
5295.749999999999	1.1855432313490063e-16	1.4293967189408262e-17
5295.999999999999	1.190093443740689e-16	1.50671147099881e-17
5296.249999999999	1.1937686897307162e-16	1.5080706941813572e-17
5296.499999999999	1.1946797527066682e-16	1.5131514029397804e-17
5296.749999999999	1.1918796228656675e-16	1.4989197605008055e-17
5296.999999999999	1.1857603878565244e-16	1.4590142516455323e-17
5297.249999999999	1.1779158706615002e-16	1.4267538768837192e-17
5297.499999999999	1.1705639135180677e-16	1.4334270737574295e-17
5297.749999999998	1.1657968164306205e-16	1.4641207684390672e-17
5297.999999999999	1.1649444240528912e-16	1.460708979284531e-17
5298.249999999999	1.1682264241594543e-16	1.4772395220819132e-17
5298.499999999999	1.1747359959889636e-16	1.4779290598405374e-17
5298.749999999998	1.1827144976455463e-16	1.4914749695517058e-17
5298.999999999999	1.190048641127543e-16	1.5176054396661334e-17
5299.249999999999	1.1949002552547444e-16	1.5215280955669824e-17
5299.499999999999	1.1963250566782457e-16	1.5309103089468038e-17
5299.749999999998	1.194674575650837e-16	1.528558469029193e-17
5299.999999999999	1.191579817825243e-16	1.5013993171049945e-17
5300.25	1.189444035659701e-16	1.456124413457517e-17
5300.499999999999	1.1905961493410216e-16	1.410316309187188e-17
5300.749999999998	1.196448287086633e-16	1.4114291979833168e-17
5300.999999999999	1.207022572355385e-16	1.5201063375301262e-17
5301.249999999998	1.221027201309317e-16	1.5202103968511854e-17
5301.499999999999	1.2363811215962932e-16	1.4916413982909514e-17
5301.749999999999	1.25088851491525e-16	1.5147329722709818e-17
5301.999999999999	1.2627610159518006e-16	1.5093882274610316e-17
5302.249999999999	1.2708455901347947e-16	1.489600743719783e-17
5302.499999999999	1.2746082256853895e-16	1.5337477038839832e-17
5302.749999999999	1.2740242027709868e-16	1.5080635804280892e-17
5302.999999999999	1.2695000315069371e-16	1.4923542625428496e-17
5303.249999999999	1.261852907180605e-16	1.52847260768161e-17
5303.499999999999	1.2522842373058192e-16	1.5174772266711877e-17
5303.749999999999	1.2422620827480916e-16	1.4934908087044975e-17
5303.999999999999	1.2332774702255632e-16	1.4956249346848843e-17
5304.249999999999	1.2265208814846661e-16	1.463017474938044e-17
5304.499999999998	1.2225859824330253e-16	1.4996898656510924e-17
5304.749999999999	1.221315414521363e-16	1.4831493966863596e-17
5304.999999999999	1.2218620684250042e-16	1.495730152058801e-17
5305.249999999999	1.2229733544447307e-16	1.4805538693602907e-17
5305.499999999998	1.223435503963342e-16	1.466338439661322e-17
5305.749999999999	1.2225492468888215e-16	1.5266342814882722e-17
5305.999999999999	1.2204631835518197e-16	1.5251251731787305e-17
5306.249999999999	1.2182012716187529e-16	1.461762641948801e-17
5306.499999999998	1.2173169956263002e-16	1.4762776764656365e-17
5306.749999999999	1.2192697697055575e-16	1.46388965417592e-17
5307.0	1.2247686098577954e-16	1.452363057776116e-17
5307.249999999999	1.2333673795585222e-16	1.484823610246167e-17
5307.499999999998	1.2434890370058325e-16	1.5281639038770053e-17
5307.749999999999	1.2528615894317878e-16	1.4825136256675513e-17
5307.999999999998	1.2591777068310408e-16	1.5331584204156005e-17
5308.249999999999	1.2607278163528742e-16	1.5173475247511394e-17
5308.499999999999	1.2568103916914568e-16	1.4989968537338955e-17
5308.749999999999	1.2478359219301904e-16	1.502607993416057e-17
5308.999999999999	1.2351479887996363e-16	1.50152488312198e-17
5309.249999999999	1.2206548179402563e-16	1.5244321612615335e-17
5309.499999999999	1.206399689342851e-16	1.4780758016812043e-17
5309.749999999999	1.1941973752337518e-16	1.3992152144944813e-17
5309.999999999999	1.1854146764163015e-16	1.4361374137525208e-17
5310.249999999999	1.1808816470161543e-16	1.511922047113404e-17
5310.499999999999	1.1808405563654877e-16	1.507382479911713e-17
5310.749999999999	1.1848493299449485e-16	1.3905802760800403e-17
5310.999999999999	1.1916705028445376e-16	1.4179846043377996e-17
5311.249999999999	1.1993068315791548e-16	1.5156886967507255e-17
5311.499999999999	1.2053558043366407e-16	1.5241062521001877e-17
5311.749999999999	1.2076928877341131e-16	1.5019202754547804e-17
5311.999999999999	1.2052525625384254e-16	1.4952882721755752e-17
5312.249999999998	1.1985317189421112e-16	1.5079414885696764e-17
5312.499999999999	1.1895119584891358e-16	1.5021063910926048e-17
5312.749999999999	1.1809599207251703e-16	1.3931053276179196e-17
5312.999999999999	1.1753713184450824e-16	1.4663027054588596e-17
5313.249999999998	1.174007550385911e-16	1.4586802361141834e-17
5313.499999999999	1.1764429232047785e-16	1.447623974610677e-17
5313.75	1.1808143085027518e-16	1.4854458155029293e-17
5313.999999999999	1.1846501032331922e-16	1.4550949044671336e-17
5314.249999999998	1.1858921976928253e-16	1.54153693284015e-17
5314.499999999999	1.1836385236252239e-16	1.4905366158648256e-17
5314.75	1.1782827464166767e-16	1.467041212309747e-17
5314.999999999999	1.171052991115736e-16	1.4049154815317067e-17
5315.249999999998	1.163278519425379e-16	1.3842614433807477e-17
5315.499999999999	1.155833686479627e-16	1.4872272316701235e-17
5315.749999999999	1.1490364606434747e-16	1.4972055113993506e-17
5315.999999999999	1.1429365965757285e-16	1.4759994129075737e-17
5316.249999999999	1.1376692529238768e-16	1.435935912555303e-17
5316.499999999999	1.1335556977785607e-16	1.4098729403788596e-17
5316.749999999999	1.130869592771188e-16	1.412596349827629e-17
5316.999999999999	1.1294543845194567e-16	1.4424421843814e-17
5317.249999999999	1.1284867565346056e-16	1.4729945966144136e-17
5317.499999999999	1.1265947738416276e-16	1.4176456257227753e-17
5317.749999999999	1.1223483119756495e-16	1.4213159915367956e-17
5317.999999999999	1.1149531478411613e-16	1.485837071932667e-17
5318.249999999999	1.1048600754199759e-16	1.4625466437333788e-17
5318.499999999999	1.0939817679442684e-16	1.4203988136735968e-17
5318.749999999999	1.0853278160505017e-16	1.4383262990894586e-17
5318.999999999998	1.0821181024996467e-16	1.3033964321336862e-17
5319.249999999999	1.0867141188741245e-16	1.3372507012178277e-17
5319.499999999999	1.0998382359200125e-16	1.4139332391336373e-17
5319.749999999999	1.1204157681012544e-16	1.4695144823412805e-17
5319.999999999998	1.1460369829168045e-16	1.476315395901569e-17
5320.249999999999	1.1737218819579583e-16	1.4615173001791178e-17
5320.499999999999	1.2005903614446286e-16	1.476369162641385e-17
5320.749999999999	1.2242230474646832e-16	1.4751987020746224e-17
5320.999999999998	1.2427763572661875e-16	1.4945022851575273e-17
5321.249999999999	1.2550689516067843e-16	1.4924957104275962e-17
5321.5	1.260787054084356e-16	1.4944910355011966e-17
5321.749999999999	1.2607426548413322e-16	1.5064014437052252e-17
5321.999999999998	1.256944164144123e-16	1.5102716563552383e-17
5322.249999999999	1.2522506278556296e-16	1.475163960488895e-17
5322.499999999998	1.2495880625134418e-16	1.3403697511535814e-17
5322.749999999999	1.250982953822e-16	1.437016210435297e-17
5322.999999999999	1.256833734774985e-16	1.467238577603902e-17
5323.249999999999	1.2657814947273493e-16	1.4533900852246618e-17
5323.499999999999	1.2752787328615816e-16	1.4716408328239093e-17
5323.749999999999	1.2826303974087305e-16	1.543282283932637e-17
5323.999999999999	1.2860650885032065e-16	1.56021417476323e-17
5324.249999999999	1.2853915822722902e-16	1.4546530245839078e-17
5324.499999999999	1.2819948483209893e-16	1.446075492503978e-17
5324.749999999999	1.2782189715004375e-16	1.492344998119989e-17
5324.999999999999	1.2764276813792448e-16	1.4864156020530864e-17
5325.249999999999	1.2781255095733944e-16	1.427561536033816e-17
5325.499999999999	1.2834479001339373e-16	1.4827978449260245e-17
5325.749999999998	1.2911531687706903e-16	1.5399854728832456e-17
5325.999999999999	1.2990666411796334e-16	1.4863045944148818e-17
5326.249999999999	1.3048034437156973e-16	1.507732377310823e-17
5326.499999999999	1.3065447685073333e-16	1.5108711968632167e-17
5326.749999999998	1.3036414349928396e-16	1.5017641037551304e-17
5326.999999999999	1.2968544009117346e-16	1.5344774426203775e-17
5327.249999999999	1.2881246896267894e-16	1.467450170404593e-17
5327.499999999999	1.2799085660307452e-16	1.4198803368656486e-17
5327.749999999998	1.2742912762675128e-16	1.4819767854500044e-17
5327.999999999999	1.2722236416578476e-16	1.4444255980541796e-17
5328.25	1.2732205740664417e-16	1.4241606656633655e-17
5328.499999999999	1.2756790075617912e-16	1.4954403079721625e-17
5328.749999999998	1.27768202258961e-16	1.5353552466864188e-17
5328.999999999999	1.277903747838377e-16	1.5013865785235612e-17
5329.249999999998	1.2761707047669642e-16	1.5398837296679016e-17
5329.499999999999	1.273425378306568e-16	1.429300435117525e-17
5329.749999999999	1.2711768083843542e-16	1.423115605677466e-17
5329.999999999999	1.2708012414092095e-16	1.488469326077933e-17
5330.249999999999	1.273090899781649e-16	1.486735886386267e-17
5330.499999999999	1.2782253908967822e-16	1.5330136638084037e-17
5330.749999999999	1.2860276761704137e-16	1.516438618694066e-17
5330.999999999999	1.296193447909505e-16	1.4846725670663147e-17
5331.249999999999	1.308262263556183e-16	1.4595100637046966e-17
5331.499999999999	1.3213520837087654e-16	1.501008060675257e-17
5331.749999999999	1.3339082408818917e-16	1.530867295554951e-17
5331.999999999999	1.34375845512784e-16	1.4413081197615898e-17
5332.249999999999	1.3485940735969135e-16	1.56294552514588e-17
5332.499999999999	1.3467306732224392e-16	1.5579033630040018e-17
5332.749999999999	1.3378073588493035e-16	1.51139265152137e-17
5332.999999999999	1.323081542743572e-16	1.488033236458995e-17
5333.249999999999	1.305164695092784e-16	1.480449313730864e-17
5333.499999999998	1.287309396465407e-16	1.4607544742182214e-17
5333.749999999999	1.27254331436231e-16	1.4406969987250356e-17
5333.999999999999	1.2629582463275223e-16	1.455094077286521e-17
5334.249999999999	1.2593294745322224e-16	1.4897286258424838e-17
5334.499999999998	1.2610780535398261e-16	1.4575769426131602e-17
5334.749999999999	1.2664999938708784e-16	1.4613364784972137e-17
5335.0	1.2731865358801568e-16	1.5014501059946052e-17
5335.249999999999	1.278584048476121e-16	1.501531335130758e-17
5335.499999999998	1.280623559006308e-16	1.5014122211225503e-17
5335.749999999999	1.278288309039169e-16	1.4816004182712928e-17
5336.0	1.2719434502998508e-16	1.4973089089759198e-17
5336.249999999999	1.26328293567555e-16	1.4636290922829657e-17
5336.499999999998	1.2548618748911023e-16	1.4481424514186254e-17
5336.749999999999	1.2493295761284562e-16	1.4770601893251117e-17
5336.999999999999	1.2485996117271547e-16	1.4586248150131424e-17
5337.249999999999	1.253238779282243e-16	1.391176011557201e-17
5337.499999999999	1.2622999436005888e-16	1.4694567451345243e-17
5337.749999999999	1.2736681610484941e-16	1.5254199803490444e-17
5337.999999999999	1.2847821058733194e-16	1.4997141847611015e-17
5338.249999999999	1.2934311764119203e-16	1.4822558761886798e-17
5338.499999999999	1.2983058551218212e-16	1.542885402674734e-17
5338.749999999999	1.2991201143820198e-16	1.489582214874062e-17
5338.999999999999	1.2963527645928464e-16	1.445656608241781e-17
5339.249999999999	1.2908353230349748e-16	1.5018076134553507e-17
5339.499999999999	1.2834429578313035e-16	1.4743275154534815e-17
5339.749999999999	1.2750171351213809e-16	1.4722729642480223e-17
5339.999999999999	1.266456109637938e-16	1.5001863394547467e-17
5340.249999999998	1.2587859939121392e-16	1.4416904426407118e-17
5340.499999999999	1.2530540762151054e-16	1.494221870929872e-17
5340.749999999999	1.2500420975792811e-16	1.393685677535687e-17
5340.999999999999	1.2499590904738294e-16	1.426327382559887e-17
5341.249999999998	1.2523108736167631e-16	1.484918570580488e-17
5341.499999999999	1.2560274613899974e-16	1.5169635475107923e-17
5341.75	1.25976202510358e-16	1.502789145970206e-17
5341.999999999999	1.2621993257960203e-16	1.432356702044786e-17
5342.249999999998	1.262275322126684e-16	1.4829659280264953e-17
5342.499999999999	1.259322378506977e-16	1.5153617949726446e-17
5342.75	1.2531916496354384e-16	1.5349854969526076e-17
5342.999999999999	1.244345577041347e-16	1.5351353820796022e-17
5343.249999999998	1.233855227443675e-16	1.460389522131963e-17
5343.499999999999	1.2232655958916298e-16	1.3326294912896777e-17
5343.749999999999	1.2143762853784919e-16	1.52355948571529e-17
5343.999999999999	1.2090194856826777e-16	1.5267897914434322e-17
5344.249999999999	1.208857409851222e-16	1.3983094517237358e-17
5344.499999999999	1.2151445299302777e-16	1.3993318469608513e-17
5344.749999999999	1.2284091145110285e-16	1.457441119556579e-17
5344.999999999999	1.2481161298731267e-16	1.468702356415876e-17
5345.249999999999	1.27248115990436e-16	1.4534311133830444e-17
5345.499999999999	1.29861192572968e-16	1.47168963648005e-17
5345.749999999999	1.3230401132640662e-16	1.519707140166508e-17
5345.999999999999	1.3425366295077814e-16	1.5419215718249872e-17
5346.249999999999	1.3549594390488833e-16	1.5497576192038246e-17
5346.499999999999	1.359824637170562e-16	1.5520221088487497e-17
5346.749999999999	1.3583466534413623e-16	1.5259942091302787e-17
5346.999999999998	1.3528668191965848e-16	1.4253903523619868e-17
5347.249999999999	1.3458428095015624e-16	1.450462858472959e-17
5347.499999999999	1.338804550921752e-16	1.4725743888632366e-17
5347.749999999999	1.3317588950932918e-16	1.4734421013258048e-17
5347.999999999998	1.3233518953360374e-16	1.4925632083655805e-17
5348.249999999999	1.311719823012186e-16	1.6712429887915276e-17
5348.499999999999	1.2955811016336284e-16	1.954011041598085e-17
5348.749999999999	1.2749912738361332e-16	1.7452945133329898e-17
5348.999999999998	1.25140865110101e-16	1.424565156982904e-17
5349.249999999999	1.2271540310892858e-16	1.4148997169613443e-17
5349.5	1.2046826708574856e-16	1.4691604490391078e-17
5349.749999999999	1.1860916794301082e-16	1.4877559655176674e-17
5349.999999999998	1.172998708965014e-16	1.456186286567336e-17
5350.249999999999	1.1666086845646577e-16	1.4268703439139667e-17
5350.499999999998	1.1676848871078802e-16	1.390279844081561e-17
5350.749999999999	1.1763006705472319e-16	1.398264122226168e-17
5350.999999999999	1.191500681201206e-16	1.4229632390086337e-17
5351.249999999999	1.211136580102921e-16	1.4379305758844132e-17
5351.499999999999	1.232075875776874e-16	1.4643032444821964e-17
5351.749999999999	1.250784019695483e-16	1.5169198723744495e-17
5351.999999999999	1.2640904412276209e-16	1.5307911949385962e-17
5352.249999999999	1.2698766476789594e-16	1.5225177344518408e-17
5352.499999999999	1.267484982983701e-16	1.49797776721923e-17
5352.749999999999	1.2577774775937868e-16	1.50616321568881e-17
5352.999999999999	1.2428858565860205e-16	1.438256485045759e-17
5353.249999999999	1.2257368316472283e-16	1.3682456550785572e-17
5353.499999999999	1.2094308058350078e-16	1.482603622918197e-17
5353.749999999998	1.1965596953782887e-16	1.4600293676932574e-17
5353.999999999999	1.1886054041038539e-16	1.369896376708968e-17
5354.249999999999	1.1856203064970483e-16	1.3990646676229967e-17
5354.499999999999	1.1863645372991049e-16	1.449806738811082e-17
5354.749999999998	1.1889087285996434e-16	1.4753451130430442e-17
5354.999999999999	1.1914725939074588e-16	1.4832997781217217e-17
5355.249999999999	1.193113682047637e-16	1.4898910841147892e-17
5355.499999999999	1.1939385062790493e-16	1.4250379734210392e-17
5355.749999999998	1.1947685826328958e-16	1.434613747064198e-17
5355.999999999999	1.1964990951099503e-16	1.4317257286735305e-17
5356.25	1.1995408996829608e-16	1.443012442695694e-17
5356.499999999999	1.2036463687780085e-16	1.470846573999736e-17
5356.749999999998	1.2081566078572247e-16	1.4910332551046025e-17
5356.999999999999	1.2124539083257868e-16	1.4764204478393632e-17
5357.249999999998	1.2163183826078811e-16	1.4870753613096587e-17
5357.499999999999	1.220002496626761e-16	1.4417331251603195e-17
5357.749999999998	1.2240443567888277e-16	1.4202646449782407e-17
5357.999999999999	1.228983011297325e-16	1.4587900856995305e-17
5358.249999999999	1.2351336594242695e-16	1.508951310661481e-17
5358.499999999999	1.2424787685194035e-16	1.489723828194931e-17
5358.749999999999	1.2506489723853512e-16	1.3838052532729247e-17
5358.999999999999	1.2589679922897864e-16	1.486945493953488e-17
5359.249999999999	1.266572211892029e-16	1.493957173133855e-17
5359.499999999999	1.2726107888006546e-16	1.5174486062219934e-17
5359.749999999999	1.2764744279769503e-16	1.505946494368321e-17
5359.999999999999	1.2779619688231007e-16	1.4451801522089505e-17
5360.249999999999	1.277333855771811e-16	1.4797606031528523e-17
5360.499999999999	1.2752814921009172e-16	1.4927215307348232e-17
5360.749999999999	1.2728703303350814e-16	1.4504421789576453e-17
5360.999999999999	1.2714572940509449e-16	1.4794982214625505e-17
5361.249999999999	1.272510404956114e-16	1.4749629556000448e-17
5361.499999999998	1.2772787596195057e-16	1.433902537173525e-17
5361.749999999999	1.2863845428797517e-16	1.4288573971814416e-17
5361.999999999999	1.299533836836202e-16	1.4637978371279265e-17
5362.249999999999	1.3155353058287798e-16	1.5327114120125768e-17
5362.499999999998	1.3326613436289914e-16	1.5263586649081696e-17
5362.749999999999	1.3491920879925832e-16	1.5279935046708194e-17
5363.0	1.3638922033480682e-16	1.5106685376131412e-17
5363.249999999999	1.3762278019784498e-16	1.4987852609332044e-17
5363.499999999998	1.3862685484615311e-16	1.550450134812654e-17
5363.749999999999	1.3943453773247088e-16	1.543507111623129e-17
5364.0	1.4006154513307775e-16	1.4894228998880842e-17
5364.249999999999	1.404727046536354e-16	1.428187215449151e-17
5364.499999999998	1.4057592699788008e-16	1.5328804877297826e-17
5364.749999999999	1.4025067305392088e-16	1.6052037010993765e-17
5364.999999999999	1.393998922767216e-16	1.5407850256633394e-17
5365.249999999999	1.379996482117337e-16	1.5265371704843585e-17
5365.499999999999	1.361206089470328e-16	1.457683814348302e-17
5365.749999999999	1.3391141896159728e-16	1.524500982688498e-17
5365.999999999999	1.3155486327047236e-16	1.4824077465491445e-17
5366.249999999999	1.292199819621913e-16	1.4711021728090147e-17
5366.499999999999	1.2703098643841692e-16	1.4798504349673756e-17
5366.749999999999	1.250613667603293e-16	1.4388829916417068e-17
5366.999999999999	1.2334759477622936e-16	1.463783113313023e-17
5367.249999999999	1.2190881544689294e-16	1.5029160354761717e-17
5367.499999999999	1.2076023430870718e-16	1.3767494853659086e-17
5367.749999999999	1.1991596278540568e-16	1.4251398820725058e-17
5367.999999999999	1.1938528916543118e-16	1.4642122546148156e-17
5368.249999999998	1.191683172937365e-16	1.4454656949564038e-17
5368.499999999999	1.1925219267657704e-16	1.4803859516959424e-17
5368.749999999999	1.196049457877543e-16	1.412397991916739e-17
5368.999999999999	1.201659739302219e-16	1.4074334193163182e-17
5369.249999999998	1.208390373544882e-16	1.4474295871667272e-17
5369.499999999999	1.2149720856779922e-16	1.480442861722086e-17
5369.749999999999	1.2200495536409222e-16	1.4630388161978478e-17
5369.999999999999	1.2225328201508988e-16	1.4173623990810372e-17
5370.249999999998	1.2219641874642495e-16	1.4320150764518015e-17
5370.499999999999	1.2187589576335326e-16	1.5291068897753157e-17
5370.75	1.2141954641131233e-16	1.498301360274861e-17
5370.999999999999	1.2100915392586517e-16	1.390125657615381e-17
5371.249999999998	1.2082183864604093e-16	1.423230583782611e-17
5371.499999999999	1.2096481143147986e-16	1.4660130268083435e-17
5371.749999999998	1.214319019097431e-16	1.3885287027247863e-17
5371.999999999999	1.221049699474668e-16	1.4665731935191644e-17
5372.249999999999	1.228030508428573e-16	1.4708260599205445e-17
5372.499999999999	1.2335862617851157e-16	1.5044294451248987e-17
5372.749999999999	1.2368740274126677e-16	1.444160403949795e-17
5372.999999999999	1.2382284634424155e-16	1.4445981479299582e-17
5373.249999999999	1.2390404353402365e-16	1.5034042374737005e-17
5373.499999999999	1.2412444677370382e-16	1.4804547731229068e-17
5373.749999999999	1.2466152103844374e-16	1.395747011622169e-17
5373.999999999999	1.2561153164592752e-16	1.464600202322103e-17
5374.249999999999	1.2695174078388803e-16	1.4453866164898437e-17
5374.499999999999	1.2854459507553548e-16	1.4275995863419934e-17
5374.749999999999	1.301846113369247e-16	1.4763378952142304e-17
5374.999999999998	1.3167097558560414e-16	1.5527015550039008e-17
5375.249999999999	1.3287519903565181e-16	1.5368183637539026e-17
5375.499999999999	1.3377263834233603e-16	1.398991875729092e-17
5375.749999999999	1.344231093237469e-16	1.5546202831527788e-17
5375.999999999998	1.349119380265196e-16	1.4892706986553745e-17
5376.249999999999	1.3528433069392535e-16	1.4518578158579686e-17
5376.499999999999	1.35509931286639e-16	1.4930904532880218e-17
5376.749999999999	1.3549777146845978e-16	1.5344213597748464e-17
5376.999999999998	1.3515373481765562e-16	1.5401646402039246e-17
5377.249999999999	1.344497512180964e-16	1.5020266508815547e-17
5377.5	1.3346785136836993e-16	1.4713422206227776e-17
5377.749999999999	1.323950697039806e-16	1.493996712367135e-17
5377.999999999998	1.3146864758233257e-16	1.4762278801927608e-17
5378.249999999999	1.308939264362917e-16	1.4218071713845296e-17
5378.499999999998	1.3077008467834358e-16	1.4010290561416876e-17
5378.749999999999	1.3105667342895887e-16	1.419927817032809e-17
5378.999999999998	1.315957457887915e-16	1.482297731527675e-17
5379.249999999999	1.3217798932719333e-16	1.5250737225446297e-17
5379.499999999999	1.326202582888842e-16	1.5146613384299347e-17
5379.749999999999	1.328202145384993e-16	1.4613126556955722e-17
5379.999999999999	1.3277210260088964e-16	1.421733717746135e-17
5380.249999999999	1.3255100976863518e-16	1.4662644897145596e-17
5380.499999999999	1.3228375411755242e-16	1.5673158511942427e-17
5380.749999999999	1.3211853194565083e-16	1.478702639149397e-17
5380.999999999999	1.3219519265812543e-16	1.3944867192408832e-17
5381.249999999999	1.3261561757224699e-16	1.4417906969309532e-17
5381.499999999999	1.334192497252288e-16	1.5006058854614336e-17
5381.749999999999	1.3457157775314174e-16	1.5055196691722436e-17
5381.999999999999	1.3596794425686297e-16	1.5447745177576826e-17
5382.249999999999	1.3744871314436193e-16	1.4277668422618517e-17
5382.499999999999	1.3882300701317402e-16	1.484264105279836e-17
5382.749999999998	1.3990354495940225e-16	1.4990263013637024e-17
5382.999999999999	1.4055300498492934e-16	1.5662534204154796e-17
5383.249999999999	1.4072911089229453e-16	1.585454102230183e-17
5383.499999999999	1.4050344885712362e-16	1.483328729443161e-17
5383.749999999998	1.4003590496160284e-16	1.4549721508642307e-17
5383.999999999999	1.3951253419069787e-16	1.4581136173945846e-17
5384.25	1.3908042676723576e-16	1.4928613242583447e-17
5384.499999999999	1.3881527451484635e-16	1.5309786340654007e-17
5384.749999999998	1.3873249994783732e-16	1.5403201501590846e-17
5384.999999999999	1.388206398411238e-16	1.4966886889526275e-17
5385.25	1.3906209946065094e-16	1.4377818488102762e-17
5385.499999999999	1.3942153733396743e-16	1.5279342785389606e-17
5385.749999999998	1.3981306028562259e-16	1.4869304392663394e-17
5385.999999999999	1.4007973293470629e-16	1.455952690762351e-17
5386.249999999999	1.4001571594819078e-16	1.5635563153101892e-17
5386.499999999999	1.3943413640568402e-16	1.5722834016448686e-17
5386.749999999999	1.3825097139032332e-16	1.5049914316330673e-17
5386.999999999999	1.3653971076441125e-16	1.5882488146477546e-17
5387.249999999999	1.3452412142856107e-16	1.3876999504690694e-17
5387.499999999999	1.3250909742182258e-16	1.449846939788852e-17
5387.749999999999	1.307813428133439e-16	1.467135180027333e-17
5387.999999999999	1.295230961062818e-16	1.4606519038222648e-17
5388.249999999999	1.287697322955885e-16	1.4677726054073663e-17
5388.499999999999	1.2841769035334569e-16	1.485369218578207e-17
5388.749999999999	1.2826913832999977e-16	1.4740267525827572e-17
5388.999999999999	1.280927288176938e-16	1.472032750998137e-17
5389.249999999999	1.2768301498147852e-16	1.5101333517568194e-17
5389.499999999998	1.2690710949780348e-16	1.4986466254625405e-17
5389.749999999999	1.257317176581306e-16	1.4651784015702775e-17
5389.999999999999	1.2422734637974044e-16	1.4719996637736348e-17
5390.249999999999	1.2255091938844485e-16	1.5033345888661236e-17
5390.499999999998	1.2091300979334805e-16	1.410895997360465e-17
5390.749999999999	1.19538950919089e-16	1.448832485485617e-17
5390.999999999999	1.1863218033053279e-16	1.4448267806512678e-17
5391.249999999999	1.1834458677302169e-16	1.440280099696309e-17
5391.499999999998	1.1875526464411997e-16	1.4290225024317072e-17
5391.749999999999	1.1985837095231889e-16	1.4171178844919665e-17
5392.0	1.2156170083725867e-16	1.4248116568054447e-17
5392.249999999999	1.2369835246461653e-16	1.4586142271013017e-17
5392.499999999998	1.260511501409111e-16	1.447919443525481e-17
5392.749999999999	1.2838589910365487e-16	1.4549719854281082e-17
5392.999999999998	1.30487367198158e-16	1.506570188550186e-17
5393.249999999999	1.3219308852957959e-16	1.4957240309222682e-17
5393.499999999999	1.334220198668759e-16	1.4596070092724878e-17
5393.749999999999	1.3419424315810274e-16	1.5297486164945344e-17
5393.999999999999	1.3463364982583663e-16	1.50686698095397e-17
5394.249999999999	1.3494373026273042e-16	1.490879234074545e-17
5394.499999999999	1.3535348595423172e-16	1.4724680134364623e-17
5394.749999999999	1.3604629316835546e-16	1.453097594160063e-17
5394.999999999999	1.3709955859471002e-16	1.433222760146129e-17
5395.249999999999	1.3846333131730677e-16	1.467306571850254e-17
5395.499999999999	1.3998767341352332e-16	1.6043722191476382e-17
5395.749999999999	1.414817187882555e-16	1.5267636525360755e-17
5395.999999999999	1.4277219299853381e-16	1.5166060400500468e-17
5396.249999999998	1.4373601461182861e-16	1.4946109766900168e-17
5396.499999999999	1.4430325411010322e-16	1.536466646557445e-17
5396.749999999999	1.4444472573396669e-16	1.5680518765032924e-17
5396.999999999999	1.4416128149277443e-16	1.524235292275746e-17
5397.249999999998	1.4348222628873034e-16	1.481681812843568e-17
5397.499999999999	1.4246967081136524e-16	1.5799440867338447e-17
5397.749999999999	1.4122147380690348e-16	1.5331018412617018e-17
5397.999999999999	1.3986667197870703e-16	1.4986189976300813e-17
5398.249999999998	1.3855006211348891e-16	1.475225833598714e-17
5398.499999999999	1.3740552125521214e-16	1.4867631833464812e-17
5398.75	1.3652226673085113e-16	1.5168770244187192e-17
5398.999999999999	1.3591526295295325e-16	1.3881690445944482e-17
5399.249999999998	1.3551601190294107e-16	1.496853463330648e-17
5399.499999999999	1.351964283684039e-16	1.5280237794812388e-17
5399.749999999998	1.348233302883855e-16	1.487369672171605e-17
5399.999999999999	1.3432076669450107e-16	1.521888250005688e-17
5400.249999999999	1.3370650836371266e-16	1.5517653519866133e-17
5400.499999999999	1.330788708162097e-16	1.4176702757050294e-17
5400.749999999999	1.3255813925582135e-16	1.4240984616813015e-17
5400.999999999999	1.3221504595998203e-16	1.462626383944429e-17
5401.249999999999	1.320273725131799e-16	1.48495231954948e-17
5401.499999999999	1.3188830106297577e-16	1.5038931012157194e-17
5401.749999999999	1.3165915760585395e-16	1.4833626438482757e-17
5401.999999999999	1.3123506638123733e-16	1.4618114456049417e-17
5402.249999999999	1.305883980523074e-16	1.5249324400960056e-17
5402.499999999999	1.297705894672433e-16	1.4736847961175278e-17
5402.749999999999	1.2887666696542838e-16	1.4075116706022657e-17
5402.999999999999	1.2799484079884789e-16	1.4305054718338922e-17
5403.249999999999	1.2716851862920232e-16	1.4791592428475263e-17
5403.499999999999	1.2638935571202688e-16	1.4659083057427943e-17
5403.749999999999	1.2562306917361066e-16	1.4129305307951006e-17
5403.999999999998	1.2485297227136558e-16	1.471128808024739e-17
5404.249999999999	1.2411662195966423e-16	1.5295108847864866e-17
5404.499999999999	1.2351364827753988e-16	1.4070926209039463e-17
5404.749999999999	1.2317708727984348e-16	1.39124119338947e-17
5404.999999999998	1.2322005276946687e-16	1.3836322898068399e-17
5405.249999999999	1.2368341010295887e-16	1.3909564778226294e-17
5405.5	1.2450959983950805e-16	1.4527339655627847e-17
5405.749999999999	1.2555378959584476e-16	1.4846553617095736e-17
5405.999999999998	1.2662597480273656e-16	1.4215909463724083e-17
5406.249999999999	1.2754623250592448e-16	1.4373318625570474e-17
5406.5	1.2819266548806482e-16	1.5143900231890173e-17
5406.749999999999	1.2852514329725804e-16	1.4989004044744718e-17
5406.999999999998	1.2857615322075686e-16	1.4321381609269494e-17
5407.249999999999	1.284135362829178e-16	1.4419041861109955e-17
5407.499999999999	1.280949615809721e-16	1.4544884156420097e-17
5407.749999999999	1.2764084363902518e-16	1.443292360614982e-17
5407.999999999999	1.2704215146144336e-16	1.462580723574616e-17
5408.249999999999	1.2629631669113121e-16	1.505120968116993e-17
5408.499999999999	1.2544492341617697e-16	1.471966080240765e-17
5408.749999999999	1.2458685043264344e-16	1.39966056853628e-17
5408.999999999999	1.2385955623689627e-16	1.4250935599582028e-17
5409.249999999999	1.2340251945593287e-16	1.465699525356186e-17
5409.499999999999	1.2332369946531387e-16	1.492549146295167e-17
5409.749999999999	1.236805373850022e-16	1.410122252615483e-17
5409.999999999999	1.2447427325969906e-16	1.3937315033416223e-17
5410.249999999999	1.2565141689838243e-16	1.4474843465232782e-17
5410.499999999999	1.27109103132644e-16	1.493209070987862e-17
5410.749999999998	1.2870450633493843e-16	1.473763543711843e-17
5410.999999999999	1.3026863149202222e-16	1.4537323725621362e-17
5411.249999999999	1.316242026208091e-16	1.4228030968420435e-17
5411.499999999999	1.326080805395455e-16	1.532294843856095e-17
5411.749999999998	1.3309835966534317e-16	1.5366145464509695e-17
5411.999999999999	1.3304205609370727e-16	1.4902087214700096e-17
5412.249999999999	1.3247371746787298e-16	1.487469099281234e-17
5412.499999999999	1.3151381609346307e-16	1.5018292855873996e-17
5412.749999999998	1.3034209636175556e-16	1.5106971580623355e-17
5412.999999999999	1.2915116487497553e-16	1.4273115620527025e-17
5413.25	1.2809389483054897e-16	1.4543888230962583e-17
5413.499999999999	1.2724056791318303e-16	1.4689036921769713e-17
5413.749999999998	1.2655886525028973e-16	1.452471253000238e-17
5413.999999999999	1.259245217074103e-16	1.4420742544449364e-17
5414.249999999998	1.251635971185958e-16	1.4623527525977964e-17
5414.499999999999	1.2411803424099972e-16	1.508377743624737e-17
5414.749999999999	1.2271486851636855e-16	1.5050528084345187e-17
5414.999999999999	1.2101145892531874e-16	1.4778398897705042e-17
5415.249999999999	1.1919321728250122e-16	1.448511043099579e-17
5415.499999999999	1.1751959310811193e-16	1.3809788598378923e-17
5415.749999999999	1.1623990364162593e-16	1.3272418158059361e-17
5415.999999999999	1.1551601518686934e-16	1.514813705098767e-17
5416.249999999999	1.1538341521308956e-16	1.3674586754437743e-17
5416.499999999999	1.1575965393218777e-16	1.413727105724989e-17
5416.749999999999	1.1648620820263046e-16	1.4231407519680876e-17
5416.999999999999	1.1737999495332507e-16	1.4417428858915476e-17
5417.249999999999	1.1827586350684147e-16	1.444359258169053e-17
5417.499999999998	1.1905269598210956e-16	1.399250452388576e-17
5417.749999999999	1.1964388801470637e-16	1.4887697580764124e-17
5417.999999999999	1.200352921851457e-16	1.4546960379757605e-17
5418.249999999999	1.20253371321167e-16	1.4161960744173374e-17
5418.499999999998	1.203472500946753e-16	1.4407931171122142e-17
5418.749999999999	1.20370491549607e-16	1.464427487010202e-17
5418.999999999999	1.2036907451626274e-16	1.4485115394079465e-17
5419.249999999999	1.2037879653282622e-16	1.4242174102533866e-17
5419.499999999998	1.2042921656028864e-16	1.4961937040740758e-17
5419.749999999999	1.20546294021633e-16	1.4197423631394747e-17
5420.0	1.2074649670612877e-16	1.4630348457309076e-17
5420.249999999999	1.2102273268223741e-16	1.4055196542511155e-17
5420.499999999998	1.2133249492369557e-16	1.3875666089543258e-17
5420.749999999999	1.2160261373585303e-16	1.4593428077848384e-17
5420.999999999998	1.2175684301493863e-16	1.4787310941624688e-17
5421.249999999999	1.217564063298461e-16	1.4718375363735744e-17
5421.499999999999	1.2163127322796672e-16	1.4280126803399024e-17
5421.749999999999	1.214829226738797e-16	1.427491887426239e-17
5421.999999999999	1.2145603028989655e-16	1.445244506860607e-17
5422.249999999999	1.2169467686853803e-16	1.4329886680327764e-17
5422.499999999999	1.223049950132078e-16	1.4131752108202938e-17
5422.749999999999	1.2333783098261995e-16	1.4662740850096652e-17
5422.999999999999	1.2479018075217877e-16	1.46747895628991e-17
5423.249999999999	1.266143810163554e-16	1.4389648825223495e-17
5423.499999999999	1.2872438371170598e-16	1.465834355796032e-17
5423.749999999999	1.309961533214808e-16	1.4953693358756054e-17
5423.999999999999	1.3326717577464503e-16	1.4828153811550106e-17
5424.249999999998	1.353429051019166e-16	1.4642792562444324e-17
5424.499999999999	1.3701474253163763e-16	1.5351788917798225e-17
5424.749999999999	1.380880157125393e-16	1.5253935105694427e-17
5424.999999999999	1.384131315515734e-16	1.5143734795767662e-17
5425.249999999998	1.3791218782157957e-16	1.5151961934140115e-17
5425.499999999999	1.365965961102694e-16	1.523680584956968e-17
5425.749999999999	1.3457588129148426e-16	1.5153634493338697e-17
5425.999999999999	1.3205907362300948e-16	1.4835848245608075e-17
5426.249999999998	1.293461499242303e-16	1.46830001576593e-17
5426.499999999999	1.2680104302541326e-16	1.5154304509634865e-17
5426.75	1.2479736519387115e-16	1.3848310399505517e-17
5426.999999999999	1.236387444613898e-16	1.4255422227224516e-17
5427.249999999998	1.2347433254890143e-16	1.418660576334378e-17
5427.499999999999	1.2424407806693176e-16	1.389017566466805e-17
5427.749999999998	1.2568452201614965e-16	1.4709426923869145e-17
5427.999999999999	1.274015825196926e-16	1.5227839211729604e-17
5428.249999999998	1.2898485387095438e-16	1.4678611137329095e-17
5428.499999999999	1.3011829876464596e-16	1.4960274407709526e-17
5428.749999999999	1.30646606517686e-16	1.5133057548420828e-17
5428.999999999999	1.3058060802060474e-16	1.4811969195684894e-17
5429.249999999999	1.300532502286298e-16	1.451071332531553e-17
5429.499999999999	1.2925476215878809e-16	1.4755742420727214e-17
5429.749999999999	1.2837656674903755e-16	1.4448494454000518e-17
5429.999999999999	1.275818356866988e-16	1.439808772183276e-17
5430.249999999999	1.270036079387868e-16	1.4693660861393885e-17
5430.499999999999	1.2675625899632635e-16	1.4605265032414018e-17
5430.749999999999	1.2693954864314056e-16	1.472837928606396e-17
5430.999999999999	1.2762122807980923e-16	1.4582917920985285e-17
5431.249999999999	1.2880192025311154e-16	1.3550096899429125e-17
5431.499999999999	1.3038320315052599e-16	1.461037535423837e-17
5431.749999999999	1.3216268394613638e-16	1.5581227313024508e-17
5431.999999999998	1.3386484368536196e-16	1.504463855838381e-17
5432.249999999999	1.351961914706251e-16	1.4856941351228177e-17
5432.499999999999	1.3590399854138743e-16	1.4957685332392235e-17
5432.749999999999	1.358243158444642e-16	1.5086287102225854e-17
5432.999999999998	1.3491605024779872e-16	1.5337093227035608e-17
5433.249999999999	1.3328025813342133e-16	1.5201519978999392e-17
5433.499999999999	1.3115674259284946e-16	1.4640593916376158e-17
5433.749999999999	1.2888596463371773e-16	1.4527157675893086e-17
5433.999999999998	1.2683364544957764e-16	1.4127470621352363e-17
5434.249999999999	1.252955332995713e-16	1.407331014356484e-17
5434.5	1.244162446407672e-16	1.4539965740497857e-17
5434.749999999999	1.2415571181532426e-16	1.466566906946509e-17
5434.999999999998	1.2431782851626368e-16	1.4183121678603706e-17
5435.249999999999	1.2462897770902564e-16	1.4533546818944445e-17
5435.499999999998	1.248332641865876e-16	1.5160743283522978e-17
5435.749999999999	1.2476645492792585e-16	1.4876960776413185e-17
5435.999999999999	1.2438338349599068e-16	1.4489878300046546e-17
5436.249999999999	1.237368842648831e-16	1.4558795679962014e-17
5436.499999999999	1.229282385402691e-16	1.44283162101379e-17
5436.749999999999	1.220586252351993e-16	1.4375803476130583e-17
5436.999999999999	1.2120397748733028e-16	1.4556310829401905e-17
5437.249999999999	1.2041744458940148e-16	1.4329155452666267e-17
5437.499999999999	1.197460412638393e-16	1.4535379851181863e-17
5437.749999999999	1.1924150929176077e-16	1.4561563426291616e-17
5437.999999999999	1.1895322999300685e-16	1.406283803700992e-17
5438.249999999999	1.189071088304153e-16	1.403321504491317e-17
5438.499999999999	1.1908727867841105e-16	1.4541957591412884e-17
5438.749999999998	1.1943734117585929e-16	1.4452243236536608e-17
5438.999999999999	1.1988445630585086e-16	1.4628442633177754e-17
5439.249999999999	1.203723689965173e-16	1.4724145775688914e-17
5439.499999999999	1.2088177655026206e-16	1.4648690360211827e-17
5439.749999999998	1.2142499904151667e-16	1.4380635865269118e-17
5439.999999999999	1.2202037894930804e-16	1.3834147413057384e-17
5440.249999999999	1.226655498191859e-16	1.42626104267476e-17
5440.499999999999	1.2332654010209473e-16	1.487190504850926e-17
5440.749999999998	1.2394468094827623e-16	1.4742532346344743e-17
5440.999999999999	1.244504382086658e-16	1.4346919983501456e-17
5441.25	1.2477476737614106e-16	1.4192296765958144e-17
5441.499999999999	1.248605585168124e-16	1.4521736334158413e-17
5441.749999999998	1.2468339916435697e-16	1.4927068069199197e-17
5441.999999999999	1.2428129316428674e-16	1.4148466119660184e-17
5442.249999999998	1.2377505638562744e-16	1.483655962093487e-17
5442.499999999999	1.2335431344381045e-16	1.400715885561775e-17
5442.749999999999	1.232204778511493e-16	1.3790267963103284e-17
5442.999999999999	1.2350839572186295e-16	1.4136682104653754e-17
5443.249999999999	1.2422825581457897e-16	1.420929863626856e-17
5443.499999999999	1.2526115361972722e-16	1.5185386648332157e-17
5443.749999999999	1.2640993470661304e-16	1.4608818600325546e-17
5443.999999999999	1.2747478421798654e-16	1.4588225111795425e-17
5444.249999999999	1.2831344422397786e-16	1.4592054958031546e-17
5444.499999999999	1.2886239688648054e-16	1.4431403248183947e-17
5444.749999999999	1.29122172134584e-16	1.455578474253232e-17
5444.999999999999	1.291276929466263e-16	1.49403592072817e-17
5445.249999999999	1.2892459789023033e-16	1.4116707347221823e-17
5445.499999999998	1.285604363135172e-16	1.4557341496445146e-17
5445.749999999999	1.2808597062938958e-16	1.5009739808340197e-17
5445.999999999999	1.2755543725401449e-16	1.5131805196973422e-17
5446.249999999999	1.270186645958895e-16	1.415177980519407e-17
5446.499999999998	1.2650835661434333e-16	1.368667434472898e-17
5446.749999999999	1.2603276542809292e-16	1.516805390577672e-17
5446.999999999999	1.2558001676218669e-16	1.5242397590510537e-17
5447.249999999999	1.2512916070689587e-16	1.391152685063927e-17
5447.499999999998	1.2465753897905046e-16	1.4195095945151023e-17
5447.749999999999	1.2414152887249933e-16	1.4367847652999048e-17
5448.0	1.235594798138375e-16	1.441593993381288e-17
5448.249999999999	1.229056095680292e-16	1.4459596872182205e-17
5448.499999999998	1.222081105096031e-16	1.4539868133185575e-17
5448.749999999999	1.2153041919452585e-16	1.5108104818062553e-17
5448.999999999998	1.209405630553642e-16	1.3351619874530701e-17
5449.249999999999	1.2046058919677264e-16	1.3642824673276932e-17
5449.499999999998	1.2003270095142883e-16	1.480885403349802e-17
5449.749999999999	1.1953540743753492e-16	1.497491385019049e-17
5449.999999999999	1.1884934320474954e-16	1.44747193881409e-17
5450.249999999999	1.1793398248446471e-16	1.4647734139423715e-17
5450.499999999999	1.1686433146345052e-16	1.434867360640007e-17
5450.749999999999	1.1580126851440935e-16	1.3591015042790285e-17
5450.999999999999	1.1491163326762887e-16	1.3964023041034335e-17
5451.249999999999	1.1428423671661747e-16	1.396332159187489e-17
5451.499999999999	1.1388727089004024e-16	1.4077474170768433e-17
5451.749999999999	1.1358582670652219e-16	1.4537323725621362e-17
5451.999999999999	1.1320544283594113e-16	1.4643194572222024e-17
5452.249999999999	1.1260798734547037e-16	1.3379785374388132e-17
5452.499999999999	1.117466446848134e-16	1.4819743039081667e-17
5452.749999999999	1.1068188455882884e-16	1.4230715996688782e-17
5452.999999999999	1.0955915607423429e-16	1.373727960024375e-17
5453.249999999998	1.0856318631476931e-16	1.3783612467894682e-17
5453.499999999999	1.0786880177344874e-16	1.390294402460342e-17
5453.749999999999	1.0760364172284733e-16	1.374357527188589e-17
5453.999999999999	1.0782794062888774e-16	1.4310742412230837e-17
5454.249999999998	1.0852786482539042e-16	1.3758208924102566e-17
5454.499999999999	1.0961826229799013e-16	1.3717496748713931e-17
5454.75	1.1095667970359808e-16	1.3998761318039112e-17
5454.999999999999	1.1237414565452054e-16	1.4177293364007657e-17
5455.249999999998	1.1372140010933254e-16	1.437184293535768e-17
5455.499999999999	1.1491475159893323e-16	1.4762374754878665e-17
5455.75	1.159563844494597e-16	1.410908239633531e-17
5455.999999999999	1.1691217494176406e-16	1.4014131988181572e-17
5456.249999999998	1.1785417566369697e-16	1.4034862788693376e-17
5456.499999999999	1.1879898779251992e-16	1.4115678334539807e-17
5456.749999999999	1.1967913605652265e-16	1.4310744066592062e-17
5456.999999999999	1.203665649239898e-16	1.457387021944518e-17
5457.249999999999	1.207369548335572e-16	1.4720812237820325e-17
5457.499999999999	1.2073990835092188e-16	1.4584841943090084e-17
5457.749999999999	1.204370574583185e-16	1.4369975161534534e-17
5457.999999999999	1.1998748224522138e-16	1.4401571806572835e-17
5458.249999999999	1.1958654357743894e-16	1.4347877858650793e-17
5458.499999999999	1.193858875885225e-16	1.4192275259262217e-17
5458.749999999999	1.1942936151979003e-16	1.4064867938233125e-17
5458.999999999999	1.1963078247758885e-16	1.4256040958322705e-17
5459.249999999999	1.1980098456464235e-16	1.5018641926092493e-17
5459.499999999999	1.1971310130632123e-16	1.4198507237997192e-17
5459.749999999999	1.1918395437033776e-16	1.447497250540834e-17
5459.999999999998	1.181475155225466e-16	1.4603961395768634e-17
5460.249999999999	1.1670044299141266e-16	1.460092398855934e-17
5460.499999999999	1.1510604401392139e-16	1.4402064806217916e-17
5460.749999999999	1.137512673055897e-16	1.3649283299499746e-17
5460.999999999998	1.130627514040552e-16	1.3676997158742722e-17
5461.249999999999	1.1340140250017007e-16	1.3633389851210152e-17
5461.499999999999	1.149644087399086e-16	1.3502294959010298e-17
5461.749999999999	1.1772274069376635e-16	1.3910815475312474e-17
5461.999999999998	1.2141059779630639e-16	1.4463598771985736e-17
5462.249999999999	1.2556777683015483e-16	1.4359407102028557e-17
5462.5	1.296243951182963e-16	1.3530131240983932e-17
5462.749999999999	1.330112572547018e-16	1.530968377025805e-17
5462.999999999998	1.352741772400248e-16	1.551627543696562e-17
5463.249999999999	1.3616546783379967e-16	1.5516015702253278e-17
5463.499999999998	1.356864604577442e-16	1.4831311987128834e-17
5463.749999999999	1.3406802216069097e-16	1.4326821148977643e-17
5463.999999999999	1.3169819905817266e-16	1.4531640994813123e-17
5464.249999999999	1.2902404508733404e-16	1.479078840891986e-17
5464.499999999999	1.2645770780954693e-16	1.4525306445682192e-17
5464.749999999999	1.2430676464786507e-16	1.3625224751383641e-17
5464.999999999999	1.2273624116577464e-16	1.4454034909743398e-17
5465.249999999999	1.2176194164583036e-16	1.4614906649633936e-17
5465.499999999999	1.2127143035004022e-16	1.4457916041177497e-17
5465.749999999999	1.2106709807358211e-16	1.4360896027131152e-17
5465.999999999999	1.2092376836089957e-16	1.3978012319553832e-17
5466.249999999999	1.206516266661304e-16	1.4414235941751022e-17
5466.499999999999	1.2015249065347611e-16	1.5034373246982026e-17
5466.749999999998	1.1945460581196667e-16	1.4529940311473714e-17
5466.999999999999	1.1871231206739224e-16	1.4130329357549346e-17
5467.249999999999	1.1816612585006832e-16	1.3920299928216007e-17
5467.499999999999	1.1807348843165962e-16	1.3789767518832689e-17
5467.749999999998	1.18632049225944e-16	1.4028156008286796e-17
5467.999999999999	1.1991921137885198e-16	1.4723042316751768e-17
5468.249999999999	1.2186467862657987e-16	1.389724144146048e-17
5468.499999999999	1.2426233242036099e-16	1.4449500305625382e-17
5468.749999999998	1.268170501179014e-16	1.4996989646378305e-17
5468.999999999999	1.2921193018219e-16	1.485178139856707e-17
5469.25	1.3117475806361193e-16	1.4626932201379232e-17
5469.499999999999	1.3252457225046453e-16	1.520951881552278e-17
5469.749999999998	1.331900775563642e-16	1.4064141673655303e-17
5469.999999999999	1.332038004996866e-16	1.561992943952464e-17
5470.249999999998	1.3268063943861742e-16	1.4669234217905194e-17
5470.499999999999	1.317868288701783e-16	1.4191140367461795e-17
5470.749999999998	1.307028706659543e-16	1.447030058930864e-17
5470.999999999999	1.2958616797445137e-16	1.454503139456913e-17
5471.249999999999	1.2854205464361714e-16	1.408249184836418e-17
5471.499999999999	1.2760984569336946e-16	1.5053353733317668e-17
5471.749999999999	1.2676491698049796e-16	1.4129325160285707e-17
5471.999999999999	1.259348223028272e-16	1.404412059410907e-17
5472.249999999999	1.25028726347796e-16	1.4310605100249153e-17
5472.499999999999	1.2397856298424481e-16	1.4845069655076816e-17
5472.749999999999	1.2278237451199557e-16	1.4965970373407566e-17
5472.999999999999	1.215308312874174e-16	1.396099225126994e-17
5473.249999999999	1.203983308913577e-16	1.3999401555833228e-17
5473.499999999999	1.1959478100629716e-16	1.396917637625054e-17
5473.749999999999	1.1929452935437778e-16	1.4499981484048268e-17
5473.999999999999	1.1957141904972827e-16	1.407265832524215e-17
5474.249999999999	1.203667017867293e-16	1.3940570816307232e-17
5474.499999999998	1.2150203705690455e-16	1.4505106695123647e-17
5474.749999999999	1.2273097103988192e-16	1.45827409043342e-17
5474.999999999999	1.238069850552275e-16	1.4926065526296783e-17
5475.249999999999	1.2454183632110505e-16	1.428116243352594e-17
5475.499999999998	1.2483600781461903e-16	1.4698913458283596e-17
5475.749999999999	1.2467886274502285e-16	1.4620068256656267e-17
5476.0	1.24129551705899e-16	1.4416661235307027e-17
5476.249999999999	1.2329367545118905e-16	1.4298965014669307e-17
5476.499999999998	1.2230523612550794e-16	1.400145627247481e-17
5476.749999999999	1.2131445505119e-16	1.4919438155229008e-17
5477.0	1.2047588990921045e-16	1.4075980282582162e-17
5477.249999999999	1.1993155362027722e-16	1.3881619308411802e-17
5477.499999999998	1.1978894830358612e-16	1.3932338714851104e-17
5477.749999999999	1.200995065557199e-16	1.432302604432725e-17
5477.999999999999	1.2084476959705028e-16	1.444563075471986e-17
5478.249999999999	1.2193559676347296e-16	1.3661384951861396e-17
5478.499999999999	1.2322644658654675e-16	1.4574872762347594e-17
5478.749999999999	1.2454346294570448e-16	1.4461122193231752e-17
5478.999999999999	1.2572063595325366e-16	1.453188914899689e-17
5479.249999999999	1.2663331763996593e-16	1.4518578158579686e-17
5479.499999999999	1.2721680774366783e-16	1.454072509230018e-17
5479.749999999999	1.2746273706572547e-16	1.4602500594806866e-17
5479.999999999999	1.2739553639299854e-16	1.4630838148231707e-17
5480.249999999999	1.2703990321913515e-16	1.4530686428386237e-17
5480.499999999999	1.2639444357249851e-16	1.4552755607129152e-17
5480.749999999999	1.2542572032652768e-16	1.4000460347017296e-17
5480.999999999999	1.2408977591972297e-16	1.403531773803028e-17
5481.249999999998	1.223742914757765e-16	1.456971942713139e-17
5481.499999999999	1.20339557654793e-16	1.4680933860489144e-17
5481.749999999999	1.1813268712023146e-16	1.378853336535876e-17
5481.999999999999	1.1596470698745368e-16	1.356104959791994e-17
5482.249999999998	1.1406490575083439e-16	1.3496242478468247e-17
5482.499999999999	1.126397374828063e-16	1.4330080240591102e-17
5482.749999999999	1.118521258214564e-16	1.4108908688406673e-17
5482.999999999999	1.1181320928734493e-16	1.374980890498209e-17
5483.249999999998	1.1256774180185927e-16	1.3566721575380215e-17
5483.499999999999	1.1406800940142303e-16	1.3297567757403423e-17
5483.75	1.1615445830450284e-16	1.4308715819730082e-17
5483.999999999999	1.1856857844987677e-16	1.4177066716519817e-17
5484.249999999998	1.2100635266144592e-16	1.4669659388740046e-17
5484.499999999999	1.231942205884978e-16	1.4234375443718716e-17
5484.749999999998	1.2495636156931357e-16	1.4114550060184285e-17
5484.999999999999	1.26249510141145e-16	1.4516098271103252e-17
5485.249999999999	1.2715887289002623e-16	1.456686565401808e-17
5485.499999999999	1.278622190643363e-16	1.4582347166362624e-17
5485.749999999999	1.2857418233839654e-16	1.4473296637487308e-17
5485.999999999999	1.2948342539781808e-16	1.439618851514634e-17
5486.249999999999	1.3069575494956005e-16	1.47488685498369e-17
5486.499999999999	1.321968452764374e-16	1.4659035080952415e-17
5486.749999999999	1.3384706558895333e-16	1.4342049544054744e-17
5486.999999999999	1.3541563504139361e-16	1.454032969996738e-17
5487.249999999999	1.3664977109456317e-16	1.4759132206877457e-17
5487.499999999999	1.3735776283520838e-16	1.539265329441957e-17
5487.749999999999	1.374722524536108e-16	1.5070527657195494e-17
5487.999999999998	1.3706444715936744e-16	1.4606368491351164e-17
5488.249999999999	1.363049599144475e-16	1.4352498489552514e-17
5488.499999999999	1.3539685758890636e-16	1.4623466314612635e-17
5488.749999999999	1.345175622976738e-16	1.5112799895219404e-17
5488.999999999998	1.3379012246770584e-16	1.4536575954347614e-17
5489.249999999999	1.3327791782444015e-16	1.5060000956720144e-17
5489.499999999999	1.3298535361431937e-16	1.4175673744368278e-17
5489.749999999999	1.328576986485467e-16	1.4431399939461497e-17
5489.999999999998	1.3278887341015543e-16	1.4992421955035787e-17
5490.249999999999	1.3264637538780398e-16	1.520234881397317e-17
5490.5	1.3230732934337828e-16	1.5005074509685398e-17
5490.749999999999	1.3168775696016822e-16	1.4503255464912753e-17
5490.999999999998	1.3075308510271338e-16	1.4657561045100845e-17
5491.249999999999	1.2951542808060524e-16	1.4821028477753575e-17
5491.499999999998	1.2803283477125629e-16	1.489114361519602e-17
5491.749999999999	1.2641727201648486e-16	1.4479963713224485e-17
5491.999999999998	1.2484072839608783e-16	1.3998916827994272e-17
5492.249999999999	1.2352007557738396e-16	1.3983298003668046e-17
5492.499999999999	1.2267034809049157e-16	1.4160111168323706e-17
5492.749999999999	1.224376057206721e-16	1.335288959677097e-17
5492.999999999999	1.2284239995959654e-16	1.401700561362958e-17
5493.249999999999	1.2376881453736193e-16	1.38819617611854e-17
5493.499999999999	1.2501463737625318e-16	1.433207540022858e-17
5493.749999999999	1.2638182031771857e-16	1.49953683723777e-17
5493.999999999999	1.277551459153649e-16	1.4895150478083226e-17
5494.249999999999	1.2911712357454638e-16	1.401488637690022e-17
5494.499999999999	1.3048695886799651e-16	1.459024839557373e-17
5494.749999999998	1.318269659240466e-16	1.4335013545764368e-17
5494.999999999999	1.3298881236032178e-16	1.4734333332113117e-17
5495.249999999999	1.337475896074939e-16	1.5307170795557115e-17
5495.499999999999	1.3390867854890768e-16	1.5465522943301816e-17
5495.749999999998	1.3341832218294271e-16	1.5007286390643365e-17
5495.999999999999	1.32405480030321e-16	1.416913901752911e-17
5496.249999999999	1.3113119927959065e-16	1.4289053736569697e-17
5496.499999999999	1.298829546478178e-16	1.4476656645135498e-17
5496.749999999998	1.2887945008306199e-16	1.4551533034183798e-17
5496.999999999999	1.2823119607596459e-16	1.4601451729790148e-17
5497.25	1.2795674401788376e-16	1.455132954775311e-17
5497.499999999999	1.280207346989557e-16	1.454359871774819e-17
5497.749999999998	1.28358722677578e-16	1.4749315227367677e-17
5497.999999999999	1.288782951267219e-16	1.4363169119454448e-17
5498.249999999998	1.2945349459501878e-16	1.4819311250801915e-17
5498.499999999999	1.2993895233968844e-16	1.48295897970935e-17
5498.749999999998	1.3021570097011066e-16	1.497085404774408e-17
5498.999999999999	1.302531876787754e-16	1.472337649771924e-17
5499.249999999999	1.3015172754569293e-16	1.423031398691108e-17
5499.499999999999	1.3013254108179557e-16	1.438793656135551e-17
5499.749999999999	1.304689097050704e-16	1.4036148227365284e-17
5499.999999999999	1.3138488736390398e-16	1.4007499654030122e-17
5500.249999999999	1.329658063086132e-16	1.4660705985789772e-17
5500.499999999999	1.3511719934937772e-16	1.4885938994781836e-17
5500.749999999999	1.3758389860822084e-16	1.4864463731718734e-17
5500.999999999999	1.4001646013995418e-16	1.4842927257290303e-17
5501.249999999999	1.420595758825809e-16	1.4967773627142932e-17
5501.499999999999	1.4343656255055247e-16	1.589672888790326e-17
5501.749999999999	1.440096884532661e-16	1.5072913246082097e-17
5501.999999999999	1.4380418671852434e-16	1.4930964089884322e-17
5502.249999999999	1.4299324630491546e-16	1.5041367886241775e-17
5502.499999999998	1.418484213436338e-16	1.484948679954785e-17
5502.749999999999	1.4066055109442882e-16	1.4534048090395652e-17
5502.999999999999	1.3963325387188063e-16	1.4641070372408988e-17
5503.249999999999	1.3875592462184762e-16	1.461163928621435e-17
5503.499999999998	1.3768520172996644e-16	1.471637193229214e-17
5503.749999999999	1.356946863226524e-16	1.462938396471484e-17
5503.999999999999	1.317644187827433e-16	1.513721826690197e-17
5504.249999999999	1.248449850640357e-16	1.5434579770947432e-17
5504.499999999998	1.1424416918617196e-16	1.5500290998808645e-17
5504.749999999999	9.998849547589829e-17	1.5619280929924398e-17
5505.0	8.297650373045346e-17	1.4777058865112706e-17
5505.249999999999	6.481193524141156e-17	100000.0
5505.499999999998	4.7359997507146625e-17	100000.0
5505.749999999999	3.2216396903882396e-17	100000.0
5505.999999999998	2.031935793752507e-17	100000.0
5506.249999999999	1.1844004564039515e-17	100000.0
5506.499999999999	6.363440556618947e-18	100000.0
5506.749999999999	3.144462485862344e-18	100000.0
5506.999999999999	1.4265326121377899e-18	100000.0
5507.249999999999	5.932632926027201e-19	100000.0
5507.499999999999	2.2588957219892656e-19	100000.0
5507.749999999999	7.866100219169201e-20	100000.0
5507.999999999999	2.50276955650385e-20	100000.0
5508.249999999999	7.268691992279156e-21	100000.0
5508.499999999999	1.9236575920255717e-21	100000.0
5508.749999999999	4.616455431216359e-22	100000.0
5508.999999999999	9.818892618178697e-23	100000.0
5509.249999999998	1.5988258299845893e-23	100000.0
5509.499999999999	0.0	100000.0
5509.749999999999	0.0	100000.0
5509.999999999999	0.0	100000.0
5510.249999999998	0.0	100000.0
5510.499999999999	0.0	100000.0
5510.749999999999	0.0	100000.0
5510.999999999999	0.0	100000.0
5511.249999999998	0.0	100000.0
5511.499999999999	0.0	100000.0
5511.75	0.0	100000.0
5511.999999999999	0.0	100000.0
5512.249999999998	0.0	100000.0
5512.499999999999	0.0	100000.0
5512.749999999998	0.0	100000.0
5512.999999999999	0.0	100000.0
5513.249999999999	0.0	100000.0
5513.499999999999	0.0	100000.0
5513.749999999999	0.0	100000.0
5513.999999999999	0.0	100000.0
5514.249999999999	0.0	100000.0
5514.499999999999	0.0	100000.0
5514.749999999999	0.0	100000.0
5514.999999999999	0.0	100000.0
5515.249999999999	0.0	100000.0
5515.499999999999	0.0	100000.0
5515.749999999999	0.0	100000.0
5515.999999999998	0.0	100000.0
5516.249999999999	0.0	100000.0
5516.499999999999	0.0	100000.0
5516.749999999999	0.0	100000.0
5516.999999999998	0.0	100000.0
5517.249999999999	0.0	100000.0
5517.499999999999	0.0	100000.0
5517.749999999999	0.0	100000.0
5517.999999999998	0.0	100000.0
5518.249999999999	0.0	100000.0
5518.5	0.0	100000.0
5518.749999999999	0.0	100000.0
5518.999999999998	0.0	100000.0
5519.249999999999	0.0	100000.0
5519.499999999998	0.0	100000.0
5519.749999999999	0.0	100000.0
5519.999999999998	0.0	100000.0
5520.249999999999	0.0	100000.0
5520.499999999999	0.0	100000.0
5520.749999999999	0.0	100000.0
5520.999999999999	0.0	100000.0
5521.249999999999	0.0	100000.0
5521.499999999999	0.0	100000.0
5521.749999999999	0.0	100000.0
5521.999999999999	0.0	100000.0
5522.249999999999	0.0	100000.0
5522.499999999999	0.0	100000.0
5522.749999999999	0.0	100000.0
5522.999999999999	0.0	100000.0
5523.249999999999	0.0	100000.0
5523.499999999999	0.0	100000.0
5523.749999999998	0.0	100000.0
5523.999999999999	0.0	100000.0
5524.249999999999	0.0	100000.0
5524.499999999999	0.0	100000.0
5524.749999999998	0.0	100000.0
5524.999999999999	0.0	100000.0
5525.249999999999	0.0	100000.0
5525.499999999999	0.0	100000.0
5525.749999999998	0.0	100000.0
5525.999999999999	0.0	100000.0
5526.25	0.0	100000.0
5526.499999999999	0.0	100000.0
5526.749999999998	0.0	100000.0
5526.999999999999	0.0	100000.0
5527.249999999998	0.0	100000.0
5527.499999999999	0.0	100000.0
5527.749999999999	0.0	100000.0
5527.999999999999	0.0	100000.0
5528.249999999999	0.0	100000.0
5528.499999999999	0.0	100000.0
5528.749999999999	0.0	100000.0
5528.999999999999	0.0	100000.0
5529.249999999999	0.0	100000.0
5529.499999999999	0.0	100000.0
5529.749999999999	0.0	100000.0
5529.999999999999	0.0	100000.0
5530.249999999999	0.0	100000.0
5530.499999999998	0.0	100000.0
5530.749999999999	0.0	100000.0
5530.999999999999	0.0	100000.0
5531.249999999999	0.0	100000.0
5531.499999999998	0.0	100000.0
5531.749999999999	0.0	100000.0
5531.999999999999	0.0	100000.0
5532.249999999999	0.0	100000.0
5532.499999999998	0.0	100000.0
5532.749999999999	0.0	100000.0
5533.0	0.0	100000.0
5533.249999999999	0.0	100000.0
5533.499999999998	0.0	100000.0
5533.749999999999	0.0	100000.0
5533.999999999998	0.0	100000.0
5534.249999999999	0.0	100000.0
5534.499999999999	0.0	100000.0
5534.749999999999	0.0	100000.0
5534.999999999999	0.0	100000.0
5535.249999999999	0.0	100000.0
5535.499999999999	0.0	100000.0
5535.749999999999	0.0	100000.0
5535.999999999999	0.0	100000.0
5536.249999999999	0.0	100000.0
5536.499999999999	0.0	100000.0
5536.749999999999	0.0	100000.0
5536.999999999999	0.0	100000.0
5537.249999999998	0.0	100000.0
5537.499999999999	0.0	100000.0
5537.749999999999	0.0	100000.0
5537.999999999999	0.0	100000.0
5538.249999999998	0.0	100000.0
5538.499999999999	0.0	100000.0
5538.749999999999	0.0	100000.0
5538.999999999999	0.0	100000.0
5539.249999999998	0.0	100000.0
5539.499999999999	0.0	100000.0
5539.75	0.0	100000.0
5539.999999999999	0.0	100000.0
5540.249999999998	0.0	100000.0
5540.499999999999	0.0	100000.0
5540.749999999998	0.0	100000.0
5540.999999999999	0.0	100000.0
5541.249999999998	0.0	100000.0
5541.499999999999	0.0	100000.0
5541.749999999999	0.0	100000.0
5541.999999999999	0.0	100000.0
5542.249999999999	0.0	100000.0
5542.499999999999	0.0	100000.0
5542.749999999999	0.0	100000.0
5542.999999999999	0.0	100000.0
5543.249999999999	0.0	100000.0
5543.499999999999	0.0	100000.0
5543.749999999999	0.0	100000.0
5543.999999999999	0.0	100000.0
5544.249999999999	0.0	100000.0
5544.499999999999	0.0	100000.0
5544.749999999999	0.0	100000.0
5544.999999999998	0.0	100000.0
5545.249999999999	0.0	100000.0
5545.499999999999	0.0	100000.0
5545.749999999999	0.0	100000.0
5545.999999999998	0.0	100000.0
5546.249999999999	0.0	100000.0
5546.499999999999	0.0	100000.0
5546.749999999999	0.0	100000.0
5546.999999999998	0.0	100000.0
5547.249999999999	0.0	100000.0
5547.5	0.0	100000.0
5547.749999999999	0.0	100000.0
5547.999999999998	0.0	100000.0
5548.249999999999	0.0	100000.0
5548.499999999998	0.0	100000.0
5548.749999999999	0.0	100000.0
5548.999999999999	0.0	100000.0
5549.249999999999	0.0	100000.0
5549.499999999999	0.0	100000.0
5549.749999999999	0.0	100000.0
5549.999999999999	0.0	100000.0
5550.249999999999	0.0	100000.0
5550.499999999999	0.0	100000.0
5550.749999999999	0.0	100000.0
5550.999999999999	0.0	100000.0
5551.249999999999	0.0	100000.0
5551.499999999999	0.0	100000.0
5551.749999999998	0.0	100000.0
5551.999999999999	0.0	100000.0
5552.249999999999	0.0	100000.0
5552.499999999999	0.0	100000.0
5552.749999999998	0.0	100000.0
5552.999999999999	0.0	100000.0
5553.249999999999	0.0	100000.0
5553.499999999999	0.0	100000.0
5553.749999999998	0.0	100000.0
5553.999999999999	0.0	100000.0
5554.25	0.0	100000.0
5554.499999999999	0.0	100000.0
5554.749999999998	0.0	100000.0
5554.999999999999	0.0	100000.0
5555.249999999998	0.0	100000.0
5555.499999999999	0.0	100000.0
5555.749999999999	0.0	100000.0
5555.999999999999	0.0	100000.0
5556.249999999999	0.0	100000.0
5556.499999999999	0.0	100000.0
5556.749999999999	0.0	100000.0
5556.999999999999	0.0	100000.0
5557.249999999999	0.0	100000.0
5557.499999999999	0.0	100000.0
5557.749999999999	0.0	100000.0
5557.999999999999	0.0	100000.0
5558.249999999999	0.0	100000.0
5558.499999999998	0.0	100000.0
5558.749999999999	0.0	100000.0
5558.999999999999	0.0	100000.0
5559.249999999999	0.0	100000.0
5559.499999999998	0.0	100000.0
5559.749999999999	0.0	100000.0
5559.999999999999	0.0	100000.0
5560.249999999999	0.0	100000.0
5560.499999999998	0.0	100000.0
5560.749999999999	0.0	100000.0
5561.0	4.0330099362116003e-23	100000.0
5561.249999999999	2.3447032496421327e-22	100000.0
5561.499999999998	1.068122900377899e-21	100000.0
5561.749999999999	4.3142483266533015e-21	100000.0
5561.999999999998	1.5758123112763805e-20	100000.0
5562.249999999999	5.224597422568628e-20	100000.0
5562.499999999998	1.574372719757386e-19	100000.0
5562.749999999999	4.315980561169421e-19	100000.0
5562.999999999999	1.0774702174968581e-18	100000.0
5563.249999999999	2.4524932388079948e-18	100000.0
5563.499999999999	5.097290426990125e-18	100000.0
5563.749999999999	9.692356388124822e-18	100000.0
5563.999999999999	1.6902074358524563e-17	100000.0
5564.249999999999	2.7116749259181855e-17	100000.0
5564.499999999999	4.01864212807036e-17	100000.0
5564.749999999999	5.52978194372479e-17	100000.0
5564.999999999999	7.111105673148175e-17	1.3927018289151163e-17
5565.249999999998	8.613676643022283e-17	1.4019290286481453e-17
5565.499999999999	9.918082169190192e-17	1.3843039604642329e-17
5565.749999999999	1.0963298403604224e-16	1.3289305050264631e-17
5565.999999999999	1.1747635383443866e-16	1.3354507562049124e-17
5566.249999999998	1.2307058636341494e-16	1.3722150466840154e-17
5566.499999999999	1.2687914384187188e-16	1.40629025570977e-17
5566.749999999999	1.2929526438252664e-16	1.4198914210858568e-17
5566.999999999999	1.3061201525478417e-16	1.4241431294343794e-17
5567.249999999998	1.3107800354089698e-16	1.4480155619126597e-17
5567.499999999999	1.3094995712493467e-16	1.386956894124813e-17
5567.749999999999	1.3049209361549011e-16	1.3508598075277952e-17
5567.999999999999	1.2992918462926592e-16	1.397172905562088e-17
5568.249999999998	1.2939141300207744e-16	1.41171143200832e-17
5568.499999999999	1.2888589461447348e-16	1.3673158213519864e-17
5568.749999999998	1.2831084647467296e-16	1.4019609578197898e-17
5568.999999999999	1.2751231961131386e-16	1.3995292122550065e-17
5569.249999999998	1.2637100168928828e-16	1.3954531970685902e-17
5569.499999999999	1.2489108600390224e-16	1.4194875915108084e-17
5569.749999999998	1.2324889778564356e-16	1.4143953022238095e-17
5569.999999999999	1.2176557378574946e-16	1.3602203487755678e-17
5570.249999999999	1.208044619931255e-16	1.2944964650509832e-17
5570.499999999999	1.2063998488413293e-16	1.2978932822364322e-17
5570.749999999999	1.2136149500387211e-16	1.419425883837112e-17
5570.999999999999	1.2284668624207041e-16	1.3537951406495009e-17
5571.249999999999	1.2479175760417562e-16	1.3777521109863842e-17
5571.499999999999	1.2676473979599004e-16	1.333693576429666e-17
5571.749999999999	1.282680553099826e-16	1.355701626525313e-17
5571.999999999999	1.2882369249328476e-16	1.432904626482541e-17
5572.249999999999	1.2808905026142022e-16	1.4435024644905704e-17
5572.499999999999	1.2597293311163743e-16	1.4437808934847558e-17
5572.749999999999	1.22689483156287e-16	1.3409710287408462e-17
5572.999999999998	1.1870128655016537e-16	1.3785007094407446e-17
5573.249999999999	1.1455782697026613e-16	1.3399473927328119e-17
5573.499999999999	1.1069417742434579e-16	1.2691697663377733e-17
5573.749999999999	1.0727733693235231e-16	1.291510425757728e-17
5573.999999999998	1.0416255350647389e-16	1.3909544925891593e-17
5574.249999999999	1.0096890498433146e-16	1.3473887095233389e-17
5574.499999999999	9.723656245379359e-17	1.297600956607956e-17
5574.749999999999	9.260838030490351e-17	1.3698274725639424e-17
5574.999999999998	8.698270935684427e-17	1.3696320925032574e-17
5575.249999999999	8.059405855957275e-17	1.5757863461029082e-17
5575.5	7.398782459598382e-17	2.009912072830541e-17
5575.749999999999	6.787925371209797e-17	2.647242161657338e-17
5575.999999999998	6.293504396067995e-17	3.4116108143961515e-17
5576.249999999999	5.956676400468557e-17	3.933515458802809e-17
5576.499999999998	5.783457429254425e-17	4.6692075795017567e-17
5576.749999999999	5.750764483161737e-17	5.607178778066667e-17
5576.999999999999	5.824462656279272e-17	5.727417751907375e-17
5577.249999999999	5.97981672928323e-17	5.3304177108684696e-17
5577.499999999999	6.214270661922973e-17	4.5632387947165684e-17
5577.749999999999	6.546636920568359e-17	3.735209494855061e-17
5577.999999999999	7.003168047455813e-17	3.201604215247719e-17
5578.249999999999	7.597288424783105e-17	2.5980490688843194e-17
5578.499999999999	8.313506992437938e-17	2.0975068601052114e-17
5578.749999999999	9.104642092376123e-17	1.62530055038972e-17
5578.999999999999	9.904640111539485e-17	1.4079333672785452e-17
5579.249999999999	1.0650534651010178e-16	1.3910883304122703e-17
5579.499999999999	1.1301927470945996e-16	1.396635734472296e-17
5579.749999999998	1.1848044448956343e-16	1.3963968447113906e-17
5579.999999999999	1.2299727668544737e-16	1.3771919442755632e-17
5580.249999999999	1.2672175998945098e-16	1.3576201892380686e-17
5580.499999999999	1.2968949177167622e-16	1.403173770033915e-17
5580.749999999998	1.3176299399769424e-16	1.4793632255865818e-17
5580.999999999999	1.3270556387999651e-16	1.4758091613666865e-17
5581.249999999999	1.3233996277582086e-16	1.3977779054621092e-17
5581.499999999999	1.3070395575137859e-16	1.461078067273852e-17
5581.749999999998	1.281192672375647e-16	1.4612215003920688e-17
5581.999999999999	1.2513512749103853e-16	1.3366444605468876e-17
5582.25	1.223699543197157e-16	1.3094610722307412e-17
5582.499999999999	1.2032674312403892e-16	1.3055576069201035e-17
5582.749999999998	1.1927000263913548e-16	1.3290915570917272e-17
5582.999999999999	1.192129009252869e-16	1.3784991377975808e-17
5583.249999999998	1.199944246557733e-16	1.390560423745339e-17
5583.499999999999	1.2137709543586946e-16	1.3221525043691424e-17
5583.749999999998	1.2310123672533262e-16	1.3362550239144977e-17
5583.999999999999	1.2488327234916974e-16	1.3444307943709105e-17
5584.249999999999	1.263986394290583e-16	1.3950733557313058e-17
5584.499999999999	1.2730372406736403e-16	1.402180656990484e-17
5584.749999999999	1.2731853929487733e-16	1.4013059962107704e-17
5584.999999999999	1.2633847506167596e-16	1.4718381981180644e-17
5585.249999999999	1.2450823269023595e-16	1.3853983204146406e-17
5585.499999999999	1.2220143235199885e-16	1.3273435590212801e-17
5585.749999999999	1.1990256346278996e-16	1.320839520582837e-17
5585.999999999999	1.1804826024140794e-16	1.3291820506507405e-17
5586.249999999999	1.1690769169121317e-16	1.3542564592771217e-17
5586.499999999998	1.1655003676008023e-16	1.354928874397066e-17
5586.749999999999	1.1688676324811072e-16	1.3259202293412601e-17
5586.999999999999	1.1773534312501964e-16	1.375352542747429e-17
5587.249999999999	1.1885799733767416e-16	1.3506982591541636e-17
5587.499999999998	1.199714843206643e-16	1.3190986362656578e-17
5587.749999999999	1.2076203538288046e-16	1.4063509707667313e-17
5587.999999999999	1.2094026052625116e-16	1.468999479691905e-17
5588.249999999999	1.2033552076143321e-16	1.4500820245189397e-17
5588.499999999998	1.1898978901282627e-16	1.390971532509778e-17
5588.749999999999	1.1719883311071188e-16	1.3837051644188058e-17
5589.0	1.1546721052099038e-16	1.3548170395782489e-17
5589.249999999999	1.1437460482723528e-16	1.3737741994206166e-17
5589.499999999998	1.1438113890972958e-16	1.301910154009051e-17
5589.749999999999	1.156298919455591e-16	1.233689425605475e-17
5589.999999999998	1.1783160761192035e-16	1.297940845121654e-17
5590.249999999999	1.203126889047186e-16	1.4156734617063264e-17
5590.499999999998	1.2224652391438495e-16	1.434619537328486e-17
5590.749999999999	1.2298555380054603e-16	1.5086442612181014e-17
5590.999999999999	1.2233325906817611e-16	1.4437014841459507e-17
5591.249999999999	1.2060896613018205e-16	1.3371337378792127e-17
5591.499999999999	1.184693762218634e-16	1.3005271907429235e-17
5591.749999999999	1.1658901015556078e-16	1.3243700928733358e-17
5591.999999999999	1.1537478469788552e-16	1.3201537051369692e-17
5592.249999999999	1.1485384240481383e-16	1.2725310974749438e-17
5592.499999999999	1.147616664748593e-16	1.3730577782920845e-17
5592.749999999999	1.1474711749542724e-16	1.3869524273495052e-17
5592.999999999999	1.1456712395396524e-16	1.3408305734728347e-17
5593.249999999999	1.1417918463950872e-16	1.3277487948033699e-17
5593.499999999999	1.1371647912797377e-16	1.342538122411328e-17
5593.749999999999	1.1339185768212687e-16	1.3346402846407329e-17
5593.999999999999	1.1339132084092946e-16	1.3138938504153517e-17
5594.249999999998	1.1379601264209818e-16	1.3595480163736846e-17
5594.499999999999	1.145478228104106e-16	1.2568240956954194e-17
5594.749999999999	1.1546504907735702e-16	1.3391548709879248e-17
5594.999999999999	1.1630879303169711e-16	1.4067531459805546e-17
5595.249999999998	1.1688067601836854e-16	1.399015863966856e-17
5595.499999999999	1.1710744964381516e-16	1.3531304183092532e-17
5595.749999999999	1.1706686838155413e-16	1.334388573580333e-17
5595.999999999999	1.1694281889535787e-16	1.3493894939889822e-17
5596.249999999998	1.1694085324527422e-16	1.2986353459639535e-17
5596.499999999999	1.1721160647084742e-16	1.3808311253804903e-17
5596.75	1.178110835984453e-16	1.3342424107660949e-17
5596.999999999999	1.1869779887100864e-16	1.3818107553799368e-17
5597.249999999998	1.197529794211337e-16	1.398288441336177e-17
5597.499999999999	1.2081324569543258e-16	1.3751488081625573e-17
5597.749999999998	1.2171057134592253e-16	1.3949016330361398e-17
5597.999999999999	1.223132992174424e-16	1.392222891340448e-17
5598.249999999999	1.225585189072223e-16	1.3400270502258007e-17
5598.499999999999	1.2246613424125117e-16	1.445562640524195e-17
5598.749999999999	1.2212929179011517e-16	1.3453263828201217e-17
5598.999999999999	1.2168282789335622e-16	1.339199952331309e-17
5599.249999999999	1.2126007369069865e-16	1.3838012828059844e-17
5599.499999999999	1.2095457420327377e-16	1.353049023736978e-17
5599.749999999999	1.208003852549371e-16	1.3763165390332984e-17
5599.999999999999	1.2077164781206197e-16	1.3644592358245957e-17
5600.249999999999	1.2079002663030235e-16	1.4153748495051948e-17
5600.499999999999	1.2073020901063373e-16	1.3360643587833042e-17
5600.749999999999	1.2042868375710584e-16	1.3451721963539418e-17
5600.999999999998	1.197128761169719e-16	1.3981959625436935e-17
5601.249999999999	1.1846008473678058e-16	1.3929238441915255e-17
5601.499999999999	1.1667086238510522e-16	1.3425022227727432e-17
5601.749999999999	1.1451998875984882e-16	1.3900788391927106e-17
5601.999999999998	1.123500385569525e-16	1.3063484743037655e-17
5602.249999999999	1.1059786996416873e-16	1.2891675193907328e-17
5602.499999999999	1.0967516644485097e-16	1.2920973104023344e-17
5602.749999999999	1.098422693415644e-16	1.2955467362747417e-17
5602.999999999998	1.1111608743898586e-16	1.3062180279211658e-17
5603.249999999999	1.132447021916449e-16	1.322018252955725e-17
5603.5	1.1576630759494218e-16	1.3257175700911846e-17
5603.749999999999	1.1814354113447525e-16	1.4484136012234203e-17
5603.999999999998	1.1992874894772516e-16	1.4267136759059492e-17
5604.249999999999	1.208930026465784e-16	1.4558471425161893e-17
5604.499999999998	1.2106632336634996e-16	1.410637420700981e-17
5604.749999999999	1.20685215851483e-16	1.4019576490973396e-17
5604.999999999998	1.2008909161635338e-16	1.4710856291967637e-17
5605.249999999999	1.196149371952715e-16	1.430580248961267e-17
5605.499999999999	1.1951477177299042e-16	1.3756048328342577e-17
5605.749999999999	1.1989913466740613e-16	1.3452241432964101e-17
5605.999999999999	1.2071358508979962e-16	1.3366096362430991e-17
5606.249999999999	1.2176659710303657e-16	1.3820488179602296e-17
5606.499999999999	1.2281574971298565e-16	1.4284474464698603e-17
5606.749999999999	1.2368306311820282e-16	1.4034020718829797e-17
5606.999999999999	1.2434083449868978e-16	1.3277253855920346e-17
5607.249999999999	1.2491643806456363e-16	1.4313988268954495e-17
5607.499999999999	1.2560748315633244e-16	1.3601065287232805e-17
5607.749999999998	1.265502977341403e-16	1.3566973038286432e-17
5607.999999999999	1.2771480925815146e-16	1.3619800100926518e-17
5608.249999999999	1.2888951862446215e-16	1.403376594720113e-17
5608.499999999999	1.2977224552450127e-16	1.43468107956606e-17
5608.749999999998	1.3011933986958517e-16	1.4134233650040597e-17
5608.999999999999	1.2986770175673496e-16	1.416813151154302e-17
5609.249999999999	1.2915949757704908e-16	1.4153192629680312e-17
5609.499999999999	1.2826019480298776e-16	1.3461874778377894e-17
5609.749999999998	1.274235965657925e-16	1.4010264091637274e-17
5609.999999999999	1.267811909324271e-16	1.380449381527797e-17
5610.25	1.2630850025451157e-16	1.3693318259409006e-17
5610.499999999999	1.2587245995965244e-16	1.416134366743641e-17
5610.749999999998	1.2532353442867975e-16	1.389118647937659e-17
5610.999999999999	1.2458317542210045e-16	1.4370645177830702e-17
5611.249999999998	1.2369083575564532e-16	1.3264095893916465e-17
5611.499999999999	1.2279992623253852e-16	1.3675045012497097e-17
5611.749999999998	1.2213024821689633e-16	1.3805809859632542e-17
5611.999999999999	1.218891519192729e-16	1.3615339943063632e-17
5612.249999999999	1.2217736500062734e-16	1.3359381310218286e-17
5612.499999999999	1.2291100138692878e-16	1.3273462059992403e-17
5612.749999999999	1.2380727364606948e-16	1.388171526136286e-17
5612.999999999999	1.2446743688186444e-16	1.4542078359782317e-17
5613.249999999999	1.2453741106297767e-16	1.4182531071646343e-17
5613.499999999999	1.2386972906320473e-16	1.3771829280068864e-17
5613.749999999999	1.2259967917191872e-16	1.3714499873354651e-17
5613.999999999999	1.2109593219295157e-16	1.3554082255620405e-17
5614.249999999999	1.1981486710208853e-16	1.3154447313458273e-17
5614.499999999999	1.1913077008324988e-16	1.3372739449930405e-17
5614.749999999999	1.1921277996219304e-16	1.3357682281240102e-17
5614.999999999999	1.199873283427185e-16	1.3286805310453496e-17
5615.249999999999	1.2118441981091189e-16	1.3397678118218266e-17
5615.499999999998	1.2243337040892376e-16	1.3599979199088522e-17
5615.749999999999	1.233593414157319e-16	1.3735874220383022e-17
5615.999999999999	1.2364414791062854e-16	1.3758289160621984e-17
5616.249999999999	1.2304889834297213e-16	1.3836685203176697e-17
5616.499999999998	1.214276044593981e-16	1.392274672846794e-17
5616.749999999999	1.187597543784892e-16	1.4277736251428746e-17
5616.999999999999	1.151927300173692e-16	1.3764153043984372e-17
5617.249999999999	1.1104805866543293e-16	1.3814452242672497e-17
5617.499999999998	1.0675340991583156e-16	1.3094695921910505e-17
5617.749999999999	1.0271779556786053e-16	1.2301657189140604e-17
5618.0	9.922038532339184e-17	1.2774806981062773e-17
5618.249999999999	9.637819864305852e-17	1.312787827218307e-17
5618.499999999998	9.419429826399962e-17	1.3058275986720408e-17
5618.749999999999	9.262540339616772e-17	1.2333079299069656e-17
5618.999999999998	9.16053680541112e-17	1.2290388507655794e-17
5619.249999999999	9.101695530436117e-17	1.2363539397946309e-17
5619.499999999999	9.066075085932193e-17	1.2518268494608028e-17
5619.749999999999	9.027445119468731e-17	1.2815693691560657e-17
5619.999999999999	8.961053613551544e-17	1.2951115565544776e-17
5620.249999999999	8.85313222218494e-17	1.2167377651582421e-17
5620.499999999999	8.706743586815964e-17	1.271617807360624e-17
5620.749999999999	8.541083347175131e-17	1.2420280679244996e-17
5620.999999999999	8.385046205535238e-17	1.2133698165761712e-17
5621.249999999999	8.26817766272589e-17	1.2265147918444351e-17
5621.499999999999	8.212253203020316e-17	1.236991282456603e-17
5621.749999999999	8.225451224805685e-17	1.2105084334012277e-17
5621.999999999999	8.299807323687171e-17	1.2649010180686322e-17
5622.249999999998	8.412331638776937e-17	1.2573826907630764e-17
5622.499999999999	8.530542960111928e-17	1.2238021357436287e-17
5622.749999999999	8.622713608683531e-17	1.3040260820159616e-17
5622.999999999999	8.670642325023792e-17	1.3627984225907118e-17
5623.249999999998	8.679448582317084e-17	1.3464059362375647e-17
5623.499999999999	8.678065854763942e-17	1.2791066043183116e-17
5623.749999999999	8.708053255958246e-17	1.2216104379926082e-17
5623.999999999999	8.805099023461864e-17	1.2771237696719607e-17
5624.249999999998	8.982160840398675e-17	1.2862675068811831e-17
5624.499999999999	9.222226325908795e-17	1.2821726319768006e-17
5624.75	9.48339489144869e-17	1.2995696464658321e-17
5624.999999999999	9.7132729949862e-17	1.3302483691783826e-17
5625.249999999998	9.866361991121187e-17	1.344804845443907e-17
5625.499999999999	9.917762242538933e-17	1.3300649005185183e-17
5625.749999999998	9.868670873708718e-17	1.3218347015777995e-17
5625.999999999999	9.743062960992835e-17	1.2562487915793887e-17
5626.249999999998	9.57881042897362e-17	1.2607413749222867e-17
5626.499999999999	9.417822698585915e-17	1.2782225136796149e-17
5626.749999999999	9.29782648279954e-17	1.2698544237307835e-17
5626.999999999999	9.245612866735926e-17	1.2460621450538595e-17
5627.249999999999	9.271478128186701e-17	1.2245964772858634e-17
5627.499999999999	9.36728390823195e-17	1.2275543924382917e-17
5627.749999999999	9.511883640391527e-17	1.2971109348130795e-17
5627.999999999999	9.683857221828472e-17	1.3655172825461123e-17
5628.249999999999	9.874693017059296e-17	1.3048569849412711e-17
5628.499999999999	1.0092661039150964e-16	1.2266019766809982e-17
5628.749999999999	1.035310063824529e-16	1.2625113759970277e-17
5628.999999999998	1.0661024094569688e-16	1.3359374692773386e-17
5629.249999999999	1.0998249876958693e-16	1.3039796771835974e-17
5629.499999999999	1.132455694286796e-16	1.2994044584975053e-17
5629.749999999999	1.1593125211075842e-16	1.3835381566531313e-17
5629.999999999998	1.177168043140857e-16	1.4098709551453894e-17
5630.249999999999	1.1857576947755568e-16	1.3787311619594019e-17
5630.499999999999	1.1878583800725372e-16	1.3526065648273234e-17
5630.749999999999	1.1878912737853397e-16	1.3304329958911044e-17
5630.999999999998	1.1897855627880617e-16	1.2893091327116019e-17
5631.249999999999	1.1952026921739937e-16	1.2788318976368827e-17
5631.5	1.202957025606506e-16	1.433112910560782e-17
5631.749999999999	1.2097580994695932e-16	1.3958557031546585e-17
5631.999999999998	1.2117195984975924e-16	1.3561366408094547e-17
5632.249999999999	1.2058542678773661e-16	1.3932634845510398e-17
5632.499999999998	1.19103849452853e-16	1.3951578935899087e-17
5632.749999999999	1.1683416599017915e-16	1.3446659618190594e-17
5632.999999999998	1.1408146329173286e-16	1.3529101401121304e-17
5633.249999999999	1.1127815933767124e-16	1.3830312603737588e-17
5633.499999999999	1.0886514949938297e-16	1.293062712895245e-17
5633.749999999999	1.0714913937486575e-16	1.2486661096221764e-17
5633.999999999999	1.0619420785325784e-16	1.2766923949825143e-17
5634.249999999999	1.058098238851746e-16	1.3377281498673934e-17
5634.499999999999	1.0564789124103943e-16	1.366225100996274e-17
5634.749999999999	1.0535119049050945e-16	1.3364520583364078e-17
5634.999999999999	1.0466858430805703e-16	1.2902567508213426e-17
5635.249999999999	1.0349508852591593e-16	1.3099906332588977e-17
5635.499999999999	1.018612675602575e-16	1.2847315152017334e-17
5635.749999999998	9.991638958490052e-17	1.3436254513265289e-17
5635.999999999999	9.79099702052985e-17	1.3109561184698696e-17
5636.249999999999	9.613590776419952e-17	1.2492648229495423e-17
5636.499999999999	9.482372347630502e-17	1.2175099382600603e-17
5636.749999999998	9.402932111391038e-17	1.2125762194964878e-17
5636.999999999999	9.361425629554557e-17	1.3708157879598207e-17
5637.249999999999	9.335249344377624e-17	1.2700675881746384e-17
5637.499999999999	9.310343856692741e-17	1.3310008553816221e-17
5637.749999999998	9.29327922671474e-17	1.2589226529094664e-17
5637.999999999999	9.310152426025591e-17	1.2099426418622415e-17
5638.249999999999	9.393801724115626e-17	1.2580091973590241e-17
5638.499999999999	9.567700896915904e-17	1.318339863489763e-17
5638.749999999998	9.834912637163687e-17	1.3056263456290067e-17
5638.999999999999	1.0176058955449336e-16	1.22272944792527e-17
5639.249999999998	1.055572931056866e-16	1.3675468528970724e-17
5639.499999999999	1.0933699245532077e-16	1.3881046899427916e-17
5639.749999999998	1.1275615032280455e-16	1.3587393646068528e-17
5639.999999999999	1.1558265215457224e-16	1.341163100079081e-17
5640.249999999998	1.1768326623024362e-16	1.3416589121382453e-17
5640.499999999999	1.1898575205559838e-16	1.3595119512989773e-17
5640.749999999999	1.1947358094126414e-16	1.4633040103022323e-17
5640.999999999999	1.1923382903579323e-16	1.3472492468720625e-17
5641.249999999999	1.1851734005518187e-16	1.3948147790718217e-17
5641.499999999999	1.1774007013229444e-16	1.3686458450589104e-17
5641.749999999999	1.1738265630959086e-16	1.3541608371983105e-17
5641.999999999999	1.1781166323860283e-16	1.329821792136489e-17
5642.249999999999	1.1910758276058215e-16	1.2899362183339783e-17
5642.499999999999	1.209998084650626e-16	1.3999568646316964e-17
5642.749999999999	1.2296143752772766e-16	1.4025591748387882e-17
5642.999999999999	1.2442944242143696e-16	1.3968244970880806e-17
5643.249999999999	1.250433512786035e-16	1.3908683003693312e-17
5643.499999999998	1.2478573835990427e-16	1.4374342675168814e-17
5643.749999999999	1.2396461766035795e-16	1.4073326687177092e-17
5643.999999999999	1.230614745989643e-16	1.3246042677047495e-17
5644.249999999999	1.2252900956701449e-16	1.3720460536848709e-17
5644.499999999998	1.226320388196766e-16	1.4138146214337972e-17
5644.749999999999	1.2338819410087453e-16	1.3764718835523358e-17
5644.999999999999	1.2460998540188937e-16	1.4187411437260406e-17
5645.249999999999	1.260066651624399e-16	1.4382841128782184e-17
5645.499999999998	1.272882822503123e-16	1.4269140190503095e-17
5645.749999999999	1.2822614994398715e-16	1.4193813815201566e-17
5646.0	1.2865901541549746e-16	1.405954916689441e-17
5646.249999999999	1.2847762816171033e-16	1.3367448802732516e-17
5646.499999999998	1.2764007253692885e-16	1.4499643994358347e-17
5646.749999999999	1.2623634330094596e-16	1.4723391386970265e-17
5646.999999999998	1.24549435213177e-16	1.4230800369111262e-17
5647.249999999999	1.2302245391767959e-16	1.3454575736652726e-17
5647.499999999999	1.2209513841620075e-16	1.2975161705951693e-17
5647.749999999999	1.2198898355180762e-16	1.3328977459623287e-17
5647.999999999999	1.2259056700132398e-16	1.4201754749082075e-17
5648.249999999999	1.2352921823695746e-16	1.4124883200396297e-17
5648.499999999999	1.2440394007748822e-16	1.457354596464506e-17
5648.749999999999	1.2500517084548634e-16	1.3898090128768958e-17
5648.999999999999	1.2538820901903988e-16	1.368324981699301e-17
5649.249999999999	1.2576966328855392e-16	1.3820188740220552e-17
5649.499999999999	1.2634039733787668e-16	1.367574563447593e-17
5649.749999999999	1.2713055660194433e-16	1.3586834471974442e-17
5649.999999999999	1.2800679069203986e-16	1.4625544192311368e-17
5650.249999999998	1.2878130188455316e-16	1.3957799334105486e-17
5650.499999999999	1.2934272226854067e-16	1.4051629739709826e-17
5650.749999999999	1.297230222763148e-16	1.412167043089714e-17
5650.999999999999	1.300738523879894e-16	1.3854963413172281e-17
5651.249999999998	1.3058260563536484e-16	1.4157308680408376e-17
5651.499999999999	1.313740714199795e-16	1.4379487738578894e-17
5651.749999999999	1.3243156871779468e-16	1.3575426824146723e-17
5651.999999999999	1.3356615003940708e-16	1.3899319319159212e-17
5652.249999999998	1.3446445310428785e-16	1.430188827095407e-17
5652.499999999999	1.3482061910496069e-16	1.4772951086190768e-17
5652.75	1.3449624669944381e-16	1.47223855353454e-17
5652.999999999999	1.336069739778916e-16	1.3985059898372784e-17
5653.249999999998	1.3246709496346092e-16	1.3631608931351325e-17
5653.499999999999	1.3142378911273368e-16	1.4089322705862643e-17
5653.749999999998	1.3069467572312715e-16	1.4109666385847772e-17
5653.999999999999	1.303134471025905e-16	1.395941399066119e-17
5654.249999999998	1.302006491234499e-16	1.3780866228261006e-17
5654.499999999999	1.3028680356333833e-16	1.4465775911357976e-17
5654.749999999999	1.3058958843578232e-16	1.3741049889475766e-17
5654.999999999999	1.3119391958038802e-16	1.3427048820228186e-17
5655.249999999999	1.3216091706489274e-16	1.395230189175446e-17
5655.499999999999	1.3343966150254146e-16	1.410821716541458e-17
5655.749999999999	1.3484170064332887e-16	1.4492727110076178e-17
5655.999999999999	1.3608311824497284e-16	1.4668577436498827e-17
5656.249999999999	1.3685762099199612e-16	1.4217896351555435e-17
5656.499999999999	1.3690868430799409e-16	1.4227448633269197e-17
5656.749999999999	1.3609481508258413e-16	1.4873350960220004e-17
5656.999999999998	1.3444425271166587e-16	1.491469841031908e-17
5657.249999999999	1.321714743034777e-16	1.410938679880073e-17
5657.499999999999	1.2962318445206118e-16	1.3812941810873975e-17
5657.749999999999	1.2716386317136979e-16	1.3456827322280095e-17
5657.999999999998	1.2506286776887767e-16	1.4040343687432153e-17
5658.249999999999	1.234449168431422e-16	1.426202312851269e-17
5658.499999999999	1.2230850389977519e-16	1.3684646097867e-17
5658.749999999999	1.215651088413979e-16	1.357454753115558e-17
5658.999999999998	1.2106005635497294e-16	1.3922981647761904e-17
5659.249999999999	1.205854522327136e-16	1.3899504607616424e-17
5659.499999999999	1.1992287683679784e-16	1.369918048841017e-17
5659.749999999999	1.189248114371672e-16	1.3827792184411139e-17
5659.999999999998	1.1758919709409576e-16	1.392362188555602e-17
5660.249999999999	1.1606073705477087e-16	1.3720406770108893e-17
5660.499999999998	1.1453720030869234e-16	1.302671904635151e-17
5660.749999999999	1.1313945670584653e-16	1.2881697741358713e-17
5660.999999999998	1.118474305020903e-16	1.3488418177054108e-17
5661.249999999999	1.1055932999730334e-16	1.375877719718339e-17
5661.499999999998	1.0922829109162089e-16	1.3330287713713571e-17
5661.749999999999	1.0796236328252905e-16	1.293187120859373e-17
5661.999999999999	1.0700466330091296e-16	1.3392394088465277e-17
5662.249999999999	1.066087572117695e-16	1.3244241904853967e-17
5662.499999999999	1.0689991593342652e-16	1.307592471226984e-17
5662.749999999999	1.078119621419208e-16	1.3138859921995324e-17
5662.999999999999	1.0913068744938499e-16	1.3259949237505737e-17
5663.249999999999	1.1060887960730262e-16	1.3435735043840606e-17
5663.499999999999	1.120804110193699e-16	1.403179560298203e-17
5663.749999999999	1.135067887947212e-16	1.3162470138219425e-17
5663.999999999999	1.1493803119484885e-16	1.3306939713743649e-17
5664.249999999999	1.1643188420845525e-16	1.3915649518812234e-17
5664.499999999999	1.1800013604827352e-16	1.4035974519436648e-17
5664.749999999998	1.196135428633759e-16	1.391077577064307e-17
5664.999999999999	1.2123584645922411e-16	1.4061466571554307e-17
5665.249999999999	1.2283722454745214e-16	1.3488279210711199e-17
5665.499999999999	1.243746978064879e-16	1.3972958246011133e-17
5665.749999999998	1.2577161158201403e-16	1.3887000945477072e-17
5665.999999999999	1.2692787976867155e-16	1.3858145576988773e-17
5666.249999999999	1.2775454995757193e-16	1.3932246070622498e-17
5666.499999999999	1.2820088295199862e-16	1.3946073221741934e-17
5666.749999999998	1.2825662292459209e-16	1.4069341330985812e-17
5666.999999999999	1.2794208779260082e-16	1.4390156714119603e-17
5667.25	1.2730708838372044e-16	1.3356842692918361e-17
5667.499999999999	1.2644183622673512e-16	1.4100858566685307e-17
5667.749999999998	1.2548374044704014e-16	1.3643939712742653e-17
5667.999999999999	1.2460358609831855e-16	1.3779846314565728e-17
5668.249999999998	1.2396936336261239e-16	1.3945214608266104e-17
5668.499999999999	1.2370045451897898e-16	1.394835954895503e-17
5668.749999999999	1.2382970934560767e-16	1.4037076324012568e-17
5668.999999999999	1.2428821255149435e-16	1.3945826721919393e-17
5669.249999999999	1.2492206166856365e-16	1.4052630628251015e-17
5669.499999999999	1.2554056050001646e-16	1.405993463305986e-17
5669.749999999999	1.2597819154079815e-16	1.413594591390858e-17
5669.999999999999	1.2613921080895793e-16	1.3936989124254877e-17
5670.249999999999	1.2600352062226986e-16	1.3540136817673374e-17
5670.499999999999	1.2560519074953494e-16	1.3790102526980773e-17
5670.749999999999	1.250174468717169e-16	1.4793605786086217e-17
5670.999999999999	1.2435993295339157e-16	1.3788822878573154e-17
5671.249999999999	1.2380332430555387e-16	1.3737053779936522e-17
5671.499999999998	1.235340821258116e-16	1.3958537179211883e-17
5671.749999999999	1.2367993372320965e-16	1.3726766961838813e-17
5671.999999999999	1.2424669800416256e-16	1.3733778144710812e-17
5672.249999999999	1.2512250451491761e-16	1.4096684613314364e-17
5672.499999999998	1.2615178160057106e-16	1.4283587727081946e-17
5672.749999999999	1.272167036707748e-16	1.3928034066943378e-17
5672.999999999999	1.282568358170847e-16	1.3503070854424872e-17
5673.249999999999	1.2922499613905531e-16	1.339357447519939e-17
5673.499999999998	1.3005015844778084e-16	1.4193760875642363e-17
5673.749999999999	1.3066928901285937e-16	1.4344749461574117e-17
5674.0	1.311027307502329e-16	1.3934519162945794e-17
5674.249999999999	1.3148468176695713e-16	1.3671914133878584e-17
5674.499999999998	1.3199882095347297e-16	1.400443412268e-17
5674.749999999999	1.3276369891176432e-16	1.4386072096254816e-17
5674.999999999998	1.3375607681116806e-16	1.4013203891534288e-17
5675.249999999999	1.3481660925030085e-16	1.4422673183999062e-17
5675.499999999998	1.3571325918608327e-16	1.460007199252841e-17
5675.749999999999	1.362132301375102e-16	1.4457892880120345e-17
5675.999999999999	1.3613881947920263e-16	1.4299046078369337e-17
5676.249999999999	1.354127392742394e-16	1.4306005976043358e-17
5676.499999999999	1.3409977203752077e-16	1.4303102572093297e-17
5676.749999999999	1.3242773835282486e-16	1.4230606808847925e-17
5676.999999999999	1.307543013154566e-16	1.4318314423558147e-17
5677.249999999999	1.294667106633913e-16	1.3651009625438144e-17
5677.499999999999	1.2885043202764726e-16	1.3908946047128104e-17
5677.749999999999	1.2899274726162307e-16	1.425666134378212e-17
5677.999999999999	1.2976430613397436e-16	1.4358328458509788e-17
5678.249999999998	1.3087005767694292e-16	1.4078162385038077e-17
5678.499999999999	1.3193601121076944e-16	1.3395610993867496e-17
5678.749999999999	1.3261105844993642e-16	1.5037263416042287e-17
5678.999999999999	1.3267024109882127e-16	1.4550123518420008e-17
5679.249999999998	1.3208438105680322e-16	1.42754730852728e-17
5679.499999999999	1.3101119793085272e-16	1.4000799491068443e-17
5679.749999999999	1.2970613977711206e-16	1.412654252470508e-17
5679.999999999999	1.2841434902935774e-16	1.4223731283596384e-17
5680.249999999998	1.2731563913858035e-16	1.3960889680873984e-17
5680.499999999999	1.2653597283844282e-16	1.4539512445522178e-17
5680.749999999999	1.2617482391679185e-16	1.3686960549220923e-17
5680.999999999999	1.262930651683359e-16	1.407351693871798e-17
5681.249999999998	1.268577284637478e-16	1.3918789496417485e-17
5681.499999999999	1.2769185530827064e-16	1.3675977245047444e-17
5681.749999999998	1.2848291654609654e-16	1.423328521967137e-17
5681.999999999999	1.2886171048614096e-16	1.4743778080347247e-17
5682.249999999998	1.28512974811173e-16	1.3932605067008346e-17
5682.499999999999	1.2726079068800354e-16	1.3875600742274867e-17
5682.749999999998	1.2509888420712133e-16	1.3745320622978377e-17
5682.999999999999	1.221802729483937e-16	1.402328722320131e-17
5683.249999999999	1.1879921029080553e-16	1.3805895059235635e-17
5683.499999999999	1.1537578728880091e-16	1.361518029720541e-17
5683.749999999999	1.1241833561773517e-16	1.3448018675937018e-17
5683.999999999999	1.1043228322972448e-16	1.3171339168747219e-17
5684.249999999999	1.0977793876699689e-16	1.3136931763987463e-17
5684.499999999999	1.1052775955140807e-16	1.3286814409440234e-17
5684.749999999999	1.1239887881666742e-16	1.3304846119613277e-17
5684.999999999999	1.1481801627394577e-16	1.3870867614809838e-17
5685.249999999999	1.1711672585775493e-16	1.4217615110147167e-17
5685.499999999999	1.1878201952251076e-16	1.3964658315744776e-17
5685.749999999999	1.196442343393194e-16	1.3744694447254675e-17
5685.999999999998	1.1990631108172326e-16	1.3867630857072918e-17
5686.249999999999	1.200017823691298e-16	1.320281918131915e-17
5686.499999999999	1.2036172439193027e-16	1.3834977902392387e-17
5686.749999999999	1.2121352358761905e-16	1.3591783493579347e-17
5686.999999999998	1.2250396471505848e-16	1.4072165325597068e-17
5687.249999999999	1.2396401739862323e-16	1.411416955710251e-17
5687.499999999999	1.252629949453616e-16	1.4241234425358006e-17
5687.749999999999	1.2616982808016563e-16	1.4424274605664965e-17
5687.999999999998	1.26650399294512e-16	1.4098793923876375e-17
5688.249999999999	1.2686446164394243e-16	1.4525691911847642e-17
5688.5	1.2706844838661903e-16	1.3939727092082427e-17
5688.749999999999	1.2747376520136975e-16	1.3759955102375665e-17
5688.999999999998	1.2813961780538476e-16	1.4119969747557732e-17
5689.249999999999	1.2896901476184938e-16	1.4173528037859316e-17
5689.499999999998	1.29813279966264e-16	1.425064774072886e-17
5689.749999999999	1.3060770882097673e-16	1.455460187425637e-17
5689.999999999999	1.3142808082517994e-16	1.430697874044372e-17
5690.249999999999	1.3241624538360573e-16	1.3188137552626946e-17
5690.499999999999	1.3363235530444133e-16	1.4146927563720835e-17
5690.749999999999	1.3495553977782817e-16	1.458843025258734e-17
5690.999999999999	1.361157239344483e-16	1.4701343714923277e-17
5691.249999999999	1.3683523732633574e-16	1.446724498412587e-17
5691.499999999999	1.3698018085091426e-16	1.433324172489228e-17
5691.749999999999	1.3662080263676717e-16	1.4547264782223025e-17
5691.999999999999	1.3596132147556472e-16	1.4489537501634174e-17
5692.249999999999	1.3517970779689519e-16	1.3626461386399408e-17
5692.499999999999	1.3428026172040948e-16	1.4770079115103983e-17
5692.749999999998	1.3307140152021644e-16	1.4729838432664504e-17
5692.999999999999	1.3131352412724378e-16	1.4807608299495514e-17
5693.249999999999	1.2896255462846807e-16	1.4581925304250222e-17
5693.499999999999	1.263453744743937e-16	1.417084962703587e-17
5693.749999999998	1.241209342666983e-16	1.411112056936464e-17
5693.999999999999	1.2301114271830465e-16	1.3213778497254864e-17
5694.249999999999	1.234492128510601e-16	1.2829298331095317e-17
5694.499999999999	1.2537043370277615e-16	1.4253332768997207e-17
5694.749999999998	1.282840907180923e-16	1.4676460467736457e-17
5694.999999999999	1.3156197232488757e-16	1.4738704154469847e-17
5695.25	1.347230111885899e-16	1.4587548478054357e-17
5695.499999999999	1.3752828556206672e-16	1.4309667077434518e-17
5695.749999999998	1.3989083070558102e-16	1.4338343774910506e-17
5695.999999999999	1.417558225580532e-16	1.4858264840208262e-17
5696.249999999998	1.43072890236346e-16	1.5337854233199157e-17
5696.499999999999	1.4383216675006762e-16	1.432169097481859e-17
5696.749999999998	1.4406465273155658e-16	1.4650218989983825e-17
5696.999999999999	1.4379338227547751e-16	1.476511768578989e-17
5697.249999999999	1.4303189095225356e-16	1.4677769067465516e-17
5697.499999999999	1.4189338229529368e-16	1.4982298918699363e-17
5697.749999999999	1.4071731356594126e-16	1.5005228365279333e-17
5697.999999999999	1.4003131118259755e-16	1.3743143483606138e-17
5698.249999999999	1.4028038744177542e-16	1.3719871584252571e-17
5698.499999999999	1.4148556309424876e-16	1.4019346534763107e-17
5698.749999999999	1.4311386269096732e-16	1.490900906206594e-17
5698.999999999999	1.443156237393558e-16	1.5119079850429907e-17
5699.249999999999	1.4440519939746875e-16	1.5064499164891208e-17
5699.499999999998	1.4326303314777252e-16	1.5153182852724243e-17
5699.749999999999	1.4138771641958748e-16	1.3736594694696555e-17
5699.999999999999	1.3958170162825622e-16	1.4118052342897834e-17
5700.249999999999	1.3850368692197362e-16	1.3747101542837204e-17
5700.499999999998	1.3837412738191498e-16	1.444198619694095e-17
5700.749999999999	1.389673520571712e-16	1.4507828119338946e-17
5700.999999999999	1.3981957189424056e-16	1.440548767959266e-17
5701.249999999999	1.4048417365035995e-16	1.4611712078108256e-17
5701.499999999998	1.4070033052792353e-16	1.4781322153989804e-17
5701.749999999999	1.4043138960129399e-16	1.4532504571372628e-17
5702.0	1.3980216320368762e-16	1.4254346892428197e-17
5702.249999999999	1.3899588928208978e-16	1.504402644473052e-17
5702.499999999998	1.3816440064912798e-16	1.443435297424831e-17
5702.749999999999	1.3737262079981789e-16	1.4191807075035512e-17
5702.999999999998	1.365720471330919e-16	1.4376097952428652e-17
5703.249999999999	1.3560408126211402e-16	1.4483120234441988e-17
5703.499999999998	1.3425704490837716e-16	1.4493172133245732e-17
5703.749999999999	1.323919596261671e-16	1.438792332646571e-17
5703.999999999999	1.3009169944133196e-16	1.4206701289145142e-17
5704.249999999999	1.277243384874293e-16	1.445571408638688e-17
5704.499999999999	1.258269245525703e-16	1.3361055523778093e-17
5704.749999999999	1.2483524265800814e-16	1.3404738104746406e-17
5704.999999999999	1.2482468083701852e-16	1.3907839279468508e-17
5705.249999999999	1.2545502161007522e-16	1.389060910730903e-17
5705.499999999999	1.2618083036986903e-16	1.4440196178095386e-17
5705.749999999999	1.265948992609461e-16	1.4180739398439553e-17
5705.999999999999	1.2667120530792574e-16	1.446195433692798e-17
5706.249999999998	1.2674460055990197e-16	1.3509802450249829e-17
5706.499999999999	1.2724965287574804e-16	1.3794847234974377e-17
5706.749999999999	1.2840394211978157e-16	1.3884891634915062e-17
5706.999999999999	1.3004949596014786e-16	1.4005155424174147e-17
5707.249999999998	1.3174819682503446e-16	1.4751588319690973e-17
5707.499999999999	1.330494053001436e-16	1.4653971081242365e-17
5707.749999999999	1.3373535035857732e-16	1.4661030240589893e-17
5707.999999999999	1.338815294251339e-16	1.4303961185569127e-17
5708.249999999998	1.337220919000931e-16	1.355162139329806e-17
5708.499999999999	1.3346131555565453e-16	1.441126801771318e-17
5708.749999999999	1.3319004144587813e-16	1.483046495418158e-17
5708.999999999999	1.3293879155578955e-16	1.4325505931803683e-17
5709.249999999998	1.327617663216465e-16	1.410879784620459e-17
5709.499999999999	1.3274055060152903e-16	1.3971851478351537e-17
5709.749999999998	1.3291147877470777e-16	1.4713926786401434e-17
5709.999999999999	1.332101539984191e-16	1.41553664603301e-17
5710.249999999998	1.3349166478856274e-16	1.4948190953321352e-17
5710.499999999999	1.3358837516241984e-16	1.4336921024256915e-17
5710.749999999998	1.333396040283607e-16	1.3904568607326474e-17
5710.999999999999	1.3259829439131841e-16	1.4301469717564118e-17
5711.249999999999	1.3128182636662766e-16	1.4265955545144766e-17
5711.499999999999	1.2948671506617292e-16	1.5113956293715753e-17
5711.749999999999	1.2757355493195446e-16	1.3755516451208706e-17
5711.999999999999	1.260936540126484e-16	1.3684502168440416e-17
5712.249999999999	1.2554103101405558e-16	1.3801757501811645e-17
5712.499999999999	1.260749464470664e-16	1.3780500614430258e-17
5712.749999999999	1.2741225632201124e-16	1.41132133363144e-17
5712.999999999999	1.2898160867614402e-16	1.4689394263794336e-17
5713.249999999999	1.3024961297986475e-16	1.479363887331072e-17
5713.499999999999	1.3100758391780104e-16	1.4738001050949177e-17
5713.749999999999	1.3143246499104105e-16	1.404531669727482e-17
5713.999999999998	1.3189513350858642e-16	1.373920444952916e-17
5714.249999999999	1.3267293350383088e-16	1.418078406619263e-17
5714.499999999999	1.3378534625730707e-16	1.4353332287609967e-17
5714.749999999999	1.350549768780235e-16	1.4308227783168676e-17
5714.999999999998	1.3630228940147424e-16	1.4388517242145523e-17
5715.249999999999	1.3748841193252761e-16	1.42142236696357e-17
5715.499999999999	1.3870137375976126e-16	1.373268874784408e-17
5715.749999999999	1.4003865708307012e-16	1.504650798656818e-17
5715.999999999998	1.4151268158173834e-16	1.434770249636093e-17
5716.249999999999	1.430412129058131e-16	1.458954198333061e-17
5716.5	1.444768666458663e-16	1.4840354725585264e-17
5716.749999999999	1.456070013265451e-16	1.460125155208191e-17
5716.999999999998	1.4613624769609266e-16	1.455614373891817e-17
5717.249999999999	1.457387327160914e-16	1.527069378490475e-17
5717.499999999998	1.4422485428868552e-16	1.5406703784304395e-17
5717.749999999999	1.4173547410598604e-16	1.4629360803657687e-17
5717.999999999998	1.3880277902040983e-16	1.4186208716649754e-17
5718.249999999999	1.3619706065425356e-16	1.3971542112802442e-17
5718.499999999999	1.346360416270577e-16	1.42130705798618e-17
5718.749999999999	1.3451518438802724e-16	1.4244804536881785e-17
5718.999999999999	1.3577420393902665e-16	1.3921987376665615e-17
5719.249999999999	1.3792763240337434e-16	1.467869385539035e-17
5719.499999999999	1.4023405932903507e-16	1.4506431838464957e-17
5719.749999999999	1.4195114286856576e-16	1.4691831137878917e-17
5719.999999999999	1.4258787782022478e-16	1.5366092524950492e-17
5720.249999999999	1.4204600754462822e-16	1.4655211852161195e-17
5720.499999999999	1.4058950390222757e-16	1.4319654456150483e-17
5720.749999999998	1.3868209004853027e-16	1.4661759813890164e-17
5720.999999999999	1.367994957996186e-16	1.4331982755999974e-17
5721.249999999999	1.3529719697881576e-16	1.427513890430533e-17
5721.499999999999	1.3434350369005302e-16	1.403531112058538e-17
5721.749999999998	1.339000887212256e-16	1.434261533559373e-17
5721.999999999999	1.3375596846084012e-16	1.4700188970788153e-17
5722.249999999999	1.3362718722023706e-16	1.4515962613482793e-17
5722.499999999999	1.3328893930573763e-16	1.4451915673014037e-17
5722.749999999998	1.326630173645993e-16	1.4520733791256e-17
5722.999999999999	1.3180387060054636e-16	1.4191325655919007e-17
5723.25	1.3080047965735865e-16	1.4483618197170744e-17
5723.499999999999	1.296711574284676e-16	1.4046272918062933e-17
5723.749999999998	1.2832544569126181e-16	1.4791112663719982e-17
5723.999999999999	1.2661184865741885e-16	1.4265829813691658e-17
5724.249999999998	1.2441397937616422e-16	1.3973366873233734e-17
5724.499999999999	1.217424972303737e-16	1.4101892542450998e-17
5724.749999999998	1.1878714281392518e-16	1.409184560673093e-17
5724.999999999999	1.1590421714381394e-16	1.3937387825310128e-17
5725.249999999999	1.1351708527394282e-16	1.4190485240416653e-17
5725.499999999999	1.1194239089273568e-16	1.2689130921936981e-17
5725.749999999999	1.11226979966094e-16	1.3960588587131015e-17
5725.999999999999	1.1111072540045862e-16	1.3946705187729925e-17
5726.249999999999	1.1115146013816026e-16	1.3965027238297974e-17
5726.499999999999	1.1092278497046244e-16	1.382176948237114e-17
5726.749999999999	1.1015950348682836e-16	1.3464856764486148e-17
5726.999999999999	1.0880975273414354e-16	1.4024255024517996e-17
5727.249999999999	1.070368392929147e-16	1.385862120584099e-17
5727.499999999998	1.051924231986377e-16	1.3863887864801116e-17
5727.749999999999	1.0371506035318898e-16	1.3000132634283443e-17
5727.999999999999	1.0293169730574424e-16	1.268052824356643e-17
5728.249999999999	1.0286429819077538e-16	1.3170391219765233e-17
5728.499999999998	1.0321254559201131e-16	1.3762313394302054e-17
5728.749999999999	1.0357115795798735e-16	1.3954621306192057e-17
5728.999999999999	1.0373165827010513e-16	1.3834458432967704e-17
5729.249999999999	1.0382804436549429e-16	1.289494503886875e-17
5729.499999999998	1.042124454330909e-16	1.343175134201055e-17
5729.749999999999	1.0516731213202849e-16	1.3261927026350351e-17
5729.999999999999	1.0667536445867279e-16	1.3495314381820963e-17
5730.249999999999	1.0840262232103951e-16	1.3777019838412634e-17
5730.499999999998	1.098867041444328e-16	1.3771485172934042e-17
5730.749999999999	1.1079127929231626e-16	1.3728078870290322e-17
5730.999999999998	1.1106181023288534e-16	1.39942796534803e-17
5731.249999999999	1.1089929510692823e-16	1.3417648739747134e-17
5731.499999999998	1.1060140444276734e-16	1.3565202044594955e-17
5731.749999999999	1.1040975567538236e-16	1.4106920146214096e-17
5731.999999999998	1.10474249353399e-16	1.3678859142301579e-17
5732.249999999999	1.1092197923418714e-16	1.3757757283488112e-17
5732.499999999999	1.1191437561971572e-16	1.3989443955619315e-17
5732.749999999999	1.1359577187217835e-16	1.3384074305864219e-17
5732.999999999999	1.1596436276330988e-16	1.3133546113740284e-17
5733.249999999999	1.188029805782583e-16	1.450411904147226e-17
5733.499999999999	1.2177040845328218e-16	1.4398190292228718e-17
5733.749999999999	1.2459444317520925e-16	1.4269027693939788e-17
5733.999999999999	1.2718742567970225e-16	1.4283149321357293e-17
5734.249999999999	1.2956182987578182e-16	1.4244364476795907e-17
5734.499999999999	1.3161718514808336e-16	1.4301095831927244e-17
5734.749999999999	1.3301502747182009e-16	1.455522722279946e-17
5734.999999999999	1.3330639077212554e-16	1.454436634135664e-17
5735.249999999998	1.3225409326902205e-16	1.5298989979298965e-17
5735.499999999999	1.3009242066481617e-16	1.3740001851639661e-17
5735.749999999999	1.2748673434189434e-16	1.3949307497937017e-17
5735.999999999999	1.2519869544003044e-16	1.4100430087128005e-17
5736.249999999998	1.2370885878390635e-16	1.4010990356215096e-17
5736.499999999999	1.2306960575983794e-16	1.4182797423803585e-17
5736.749999999999	1.230565063611714e-16	1.4489276112560607e-17
5736.999999999999	1.2345474523966124e-16	1.3818263063754528e-17
5737.249999999998	1.2423955374522804e-16	1.454967022344433e-17
5737.499999999999	1.2551472078608333e-16	1.3823334508090091e-17
5737.75	1.2727470884807093e-16	1.3435683758642628e-17
5737.999999999999	1.2921781259564774e-16	1.417280673636517e-17
5738.249999999998	1.3082591946622535e-16	1.4648453786556636e-17
5738.499999999999	1.3170995763116988e-16	1.4580471120733353e-17
5738.749999999998	1.3195876521050155e-16	1.4604677734179105e-17
5738.999999999999	1.3217013115649818e-16	1.389530418446588e-17
5739.249999999998	1.3307415487878548e-16	1.3562566647163362e-17
5739.499999999999	1.3499635598724987e-16	1.4198032436325587e-17
5739.749999999999	1.3755880069443581e-16	1.439455566061716e-17
5739.999999999999	1.3985154693868448e-16	1.5087690000544744e-17
5740.249999999999	1.4096572479705314e-16	1.499488529889997e-17
5740.499999999999	1.40535409117873e-16	1.4555290088526014e-17
5740.749999999999	1.3895089902034547e-16	1.5064586846036138e-17
5740.999999999999	1.3713002157375953e-16	1.4037875380484294e-17
5741.249999999999	1.3599934986319013e-16	1.4245108939347204e-17
5741.499999999999	1.35998586715607e-16	1.4135874776375902e-17
5741.749999999999	1.3689957290546905e-16	1.4817898426315674e-17
5741.999999999998	1.38025714741457e-16	1.522675229640471e-17
5742.249999999999	1.3869010965406812e-16	1.4779611544483045e-17
5742.499999999999	1.385440718833992e-16	1.4351606788852182e-17
5742.749999999999	1.3764244783273298e-16	1.4815215052408552e-17
5742.999999999998	1.362682010741499e-16	1.4225203665086728e-17
5743.249999999999	1.3470562054062366e-16	1.4617722372439066e-17
5743.499999999999	1.3312306770921713e-16	1.4421121393169913e-17
5743.749999999999	1.315988590131305e-16	1.4288669924765472e-17
5743.999999999998	1.302142314544928e-16	1.4661258542438957e-17
5744.249999999999	1.2911030062714606e-16	1.4367452260666247e-17
5744.5	1.2846282265987117e-16	1.3774592063314791e-17
5744.749999999999	1.284115058526298e-16	1.4424248135885363e-17
5744.999999999998	1.290074218796538e-16	1.4542261993878304e-17
5745.249999999999	1.3019618202901723e-16	1.4276245671964926e-17
5745.499999999998	1.3181610475435224e-16	1.4052005279707925e-17
5745.749999999999	1.336196071450601e-16	1.456262718055936e-17
5745.999999999998	1.3535514834220874e-16	1.5103257539672992e-17
5746.249999999999	1.3688706652868686e-16	1.499958699350172e-17
5746.499999999999	1.382473530165348e-16	1.438315711177618e-17
5746.749999999999	1.3955656326415538e-16	1.4160309691670718e-17
5746.999999999999	1.4089938134371674e-16	1.4750246632737412e-17
5747.249999999999	1.4228622971468087e-16	1.5659718481349665e-17
5747.499999999999	1.4369440677857334e-16	1.43850364661279e-17
5747.749999999999	1.4506622563236828e-16	1.4579551295892194e-17
5747.999999999999	1.4624035488054461e-16	1.4663288443662162e-17
5748.249999999999	1.4696279622787666e-16	1.5324728531239165e-17
5748.499999999999	1.4707800193651163e-16	1.5789142468712162e-17
5748.749999999998	1.4675590863267875e-16	1.428395499527392e-17
5748.999999999999	1.4649517455036479e-16	1.4516748435064718e-17
5749.249999999999	1.46831929822217e-16	1.5127900904482172e-17
5749.499999999999	1.4796216088113875e-16	1.457745687458121e-17
5749.749999999998	1.4955705476254818e-16	1.4792859669173694e-17
5749.999999999999	1.5088972272651014e-16	1.5430410780660165e-17
5750.249999999999	1.511889210446075e-16	1.517225598328849e-17
5750.499999999999	1.500301690040632e-16	1.478919360469886e-17
5750.749999999998	1.4757528331530232e-16	1.582856589670644e-17
5750.999999999999	1.4454868049832e-16	1.4446348747491555e-17
5751.249999999999	1.419690023817429e-16	1.484683651286523e-17
5751.499999999999	1.4077741529972135e-16	1.4950718817273314e-17
5751.749999999998	1.4153551485785333e-16	1.446717053787074e-17
5751.999999999999	1.4429230303902427e-16	1.4466598128886853e-17
5752.249999999998	1.4862094772637654e-16	1.4975335712302892e-17
5752.499999999999	1.537755338430375e-16	1.545831158272158e-17
5752.749999999998	1.5890752673853254e-16	1.5674098189118287e-17
5752.999999999999	1.632763366536982e-16	1.5399960607950863e-17
5753.249999999998	1.6638985297043324e-16	1.5922057158259633e-17
5753.499999999999	1.6803685234052118e-16	1.5509246056120144e-17
5753.749999999999	1.6822242657143156e-16	1.5754665580780952e-17
5753.999999999999	1.6706606641867304e-16	1.589079634855003e-17
5754.249999999999	1.647327252593139e-16	1.5890478711194808e-17
5754.499999999999	1.614239873049989e-16	1.5764580167603012e-17
5754.749999999999	1.5740136144521734e-16	1.5238820861541858e-17
5754.999999999999	1.530013723070112e-16	1.5142406343703902e-17
5755.249999999999	1.486202647056393e-16	1.577155826325051e-17
5755.499999999999	1.4465499517718697e-16	1.4633657179759288e-17
5755.749999999999	1.4140785023824024e-16	1.444057998989961e-17
5755.999999999999	1.3902099986632787e-16	1.487470422770214e-17
5756.249999999999	1.3752325024552536e-16	1.5205139721359924e-17
5756.499999999998	1.369594105602246e-16	1.4918500132414373e-17
5756.749999999999	1.3744149147687896e-16	1.4282787016248995e-17
5756.999999999999	1.3901143528980152e-16	1.476697718780691e-17
5757.249999999999	1.4142260883802077e-16	1.499689369342725e-17
5757.499999999998	1.4407789092931656e-16	1.5343958826119798e-17
5757.749999999999	1.4623910644805965e-16	1.5517777596958016e-17
5757.999999999999	1.4737338784912324e-16	1.5326121503390704e-17
5758.249999999999	1.473785251733003e-16	1.528871474172983e-17
5758.499999999998	1.4653347932328351e-16	1.5268147722979313e-17
5758.749999999999	1.4524133219195416e-16	1.4766542090804707e-17
5759.0	1.4377913805181035e-16	1.531441028027818e-17
5759.249999999999	1.422316738508194e-16	1.5079934355121447e-17
5759.499999999998	1.4060992038900353e-16	1.4807275772889268e-17
5759.749999999999	1.389990957168847e-16	1.501688499447143e-17
5759.999999999998	1.3757772605957507e-16	1.467621562227514e-17
5760.249999999999	1.3648913585755184e-16	1.4592155874066277e-17
5760.499999999999	1.3570064228558014e-16	1.4838258649913054e-17
5760.749999999999	1.350173711054608e-16	1.4439297859950153e-17
5760.999999999999	1.342814965016929e-16	1.517951697470548e-17
5761.249999999999	1.3358615480894405e-16	1.465233657235196e-17
5761.499999999999	1.3327454035036342e-16	1.4189080687736538e-17
5761.749999999999	1.336883470560858e-16	1.4355762544249648e-17
5761.999999999999	1.3489684449223783e-16	1.4855768409119577e-17
5762.249999999999	1.3666918313598174e-16	1.5107094003354013e-17
5762.499999999999	1.3869673308191152e-16	1.5101515497302956e-17
5762.749999999999	1.408174576260536e-16	1.526765803205668e-17
5762.999999999999	1.4301412893054327e-16	1.51922754084735e-17
5763.249999999998	1.4521360522693784e-16	1.4415536269673955e-17
5763.499999999999	1.4713390604004684e-16	1.5913977258036215e-17
5763.749999999999	1.483854235230544e-16	1.5562817581311528e-17
5763.999999999999	1.4876243975022026e-16	1.5493855533642982e-17
5764.249999999998	1.484374808733802e-16	1.5418017960722896e-17
5764.499999999999	1.4784715524100063e-16	1.49368734681804e-17
5764.749999999999	1.4736523742967003e-16	1.5041040322719204e-17
5764.999999999999	1.4706059335836062e-16	1.5790983772755705e-17
5765.249999999998	1.4672144290685687e-16	1.5546014234348126e-17
5765.499999999999	1.460515253947203e-16	1.533688312316002e-17
5765.75	1.4483023558009797e-16	1.4966079561248423e-17
5765.999999999999	1.4296606274876514e-16	1.5259131454302485e-17
5766.249999999998	1.4053094858568184e-16	1.566286011331614e-17
5766.499999999999	1.378268195399833e-16	1.5278288957289213e-17
5766.749999999998	1.3539387983546966e-16	1.4345220954523272e-17
5766.999999999999	1.3385888696244432e-16	1.4937244045094825e-17
5767.249999999998	1.3366826843502446e-16	1.519657509329755e-17
5767.499999999999	1.3486849645873122e-16	1.4267073893332938e-17
5767.749999999999	1.3707255734610584e-16	1.5024784569321312e-17
5767.999999999999	1.3964015239505893e-16	1.5719591468447478e-17
5768.249999999999	1.4197282363513996e-16	1.5517699841980436e-17
5768.499999999999	1.4374187777358106e-16	1.5111157114522874e-17
5768.749999999999	1.4491544935456643e-16	1.5396018265151435e-17
5768.999999999999	1.4562372578876053e-16	1.5549549604286178e-17
5769.249999999999	1.46018931035459e-16	1.5705446679972822e-17
5769.499999999999	1.4621977235011148e-16	1.5141774377715912e-17
5769.749999999999	1.4629412033938167e-16	1.5769728539735543e-17
5769.999999999998	1.462189822742771e-16	1.500207846150673e-17
5770.249999999999	1.4586092080466157e-16	1.5102395617474712e-17
5770.499999999999	1.4506736020384372e-16	1.5969206453175155e-17
5770.749999999999	1.4385003041816314e-16	1.5484379352545575e-17
5770.999999999998	1.4249977703864743e-16	1.5226418115437238e-17
5771.249999999999	1.414984427257878e-16	1.4967674365469426e-17
5771.499999999999	1.4128802349447317e-16	1.5246055383179247e-17
5771.749999999999	1.4208943406164432e-16	1.4958952573090666e-17
5771.999999999998	1.438774795465481e-16	1.5240361071842432e-17
5772.249999999999	1.4644408644846895e-16	1.5339040410197558e-17
5772.499999999999	1.494392908070782e-16	1.527740056531133e-17
5772.749999999999	1.5238499143289095e-16	1.5619418241906082e-17
5772.999999999998	1.5473848556782225e-16	1.5716347266085045e-17
5773.249999999999	1.56036115697362e-16	1.5758344880145588e-17
5773.499999999998	1.5604874433389662e-16	1.5484094802414857e-17
5773.749999999999	1.54853359375161e-16	1.5721148222360303e-17
5773.999999999998	1.527825747093086e-16	1.5465211923391496e-17
5774.249999999999	1.5028400489889302e-16	1.525556299713993e-17
5774.499999999998	1.477606173744365e-16	1.53486572119991e-17
5774.749999999999	1.4547334387379423e-16	1.547806300138812e-17
5774.999999999999	1.4355686158737264e-16	1.568235179727034e-17
5775.249999999999	1.4211399838764325e-16	1.551872223721755e-17
5775.499999999999	1.4127173509935973e-16	1.5523324670145796e-17
5775.749999999999	1.4111206699304784e-16	1.463282172734061e-17
5775.999999999999	1.4154233633755077e-16	1.4982454428654523e-17
5776.249999999999	1.4227847773418366e-16	1.5416639877822382e-17
5776.499999999999	1.4302124094899844e-16	1.5393414300583118e-17
5776.749999999998	1.4368420217061052e-16	1.534299102480311e-17
5776.999999999999	1.4444028123044018e-16	1.5244798068648166e-17
5777.249999999999	1.4552232735318332e-16	1.492578924797219e-17
5777.499999999999	1.4696796707321703e-16	1.5638086053970178e-17
5777.749999999998	1.4854588895049072e-16	1.5843613966410004e-17
5777.999999999999	1.498878154775821e-16	1.5342314391062042e-17
5778.249999999999	1.5065013096342145e-16	1.5611955418419628e-17
5778.499999999999	1.5058479157158874e-16	1.596233258228484e-17
5778.749999999998	1.4958804085302817e-16	1.561784659874223e-17
5778.999999999999	1.4781646926689097e-16	1.580902292755426e-17
5779.249999999999	1.4577853028029963e-16	1.5593378596222912e-17
5779.499999999999	1.4420173278333082e-16	1.4817357450195064e-17
5779.749999999998	1.4364015428851982e-16	1.4825331471300075e-17
5779.999999999999	1.440814125250411e-16	1.527020740270457e-17
5780.249999999998	1.4491446635666098e-16	1.5317603197442633e-17
5780.499999999999	1.4537435178945382e-16	1.560884191059398e-17
5780.749999999998	1.451626032076423e-16	1.598532324023014e-17
5780.999999999999	1.4472316267805491e-16	1.4945305747344767e-17
5781.249999999998	1.4488911643673593e-16	1.4566594338777164e-17
5781.499999999999	1.4616318783073426e-16	1.5012562148590228e-17
5781.749999999999	1.4824662894230416e-16	1.6152168878504534e-17
5781.999999999999	1.5021035951199601e-16	1.5758738618117163e-17
5782.249999999999	1.5113132334978514e-16	1.5676397751221184e-17
5782.499999999999	1.5067381016581634e-16	1.592967714606247e-17
5782.749999999999	1.49234920226712e-16	1.566273934494671e-17
5782.999999999999	1.4764432156472102e-16	1.4949213348558467e-17
5783.249999999999	1.4667225703158513e-16	1.521655977689683e-17
5783.499999999999	1.4664028730537036e-16	1.5387564479291143e-17
5783.749999999999	1.4730718251269485e-16	1.5445965084898612e-17
5783.999999999999	1.4804125467721373e-16	1.542684563222006e-17
5784.249999999999	1.4818263284962497e-16	1.5776752957497343e-17
5784.499999999998	1.4743320548502603e-16	1.583802387983037e-17
5784.749999999999	1.4606701260166149e-16	1.541706339429601e-17
5784.999999999999	1.4481337945955054e-16	1.516489407583677e-17
5785.249999999999	1.4446666385465553e-16	1.5107755747844056e-17
5785.499999999998	1.4545075082777215e-16	1.5992403906273592e-17
5785.749999999999	1.4755282200041595e-16	1.467999583767451e-17
5785.999999999999	1.499315635970861e-16	1.5722966365346695e-17
5786.249999999999	1.5143177036239198e-16	1.6328434449594684e-17
5786.499999999998	1.5112094321648332e-16	1.606356956309398e-17
5786.749999999999	1.4876455965031713e-16	1.5502279541001222e-17
5787.0	1.4491776631308925e-16	1.5072863615245344e-17
5787.249999999999	1.4059484040283143e-16	1.512981169169717e-17
5787.499999999998	1.368073855359218e-16	1.5324715296349364e-17
5787.749999999999	1.3426985705077688e-16	1.4890782964448946e-17
5787.999999999998	1.3331062088278052e-16	1.449366678725204e-17
5788.249999999999	1.338538320488472e-16	1.472574223427114e-17
5788.499999999998	1.3541605380213043e-16	1.501998526740728e-17
5788.749999999999	1.3721553132904222e-16	1.5137479655975536e-17
5788.999999999999	1.3847749888531323e-16	1.539709194558653e-17
5789.249999999999	1.388106553847379e-16	1.576531470398696e-17
5789.499999999999	1.383628662571507e-16	1.4828759307758495e-17
5789.749999999999	1.375972372059916e-16	1.4953987835054123e-17
5789.999999999999	1.3689168706033807e-16	1.5241931060645057e-17
5790.249999999999	1.3633784389354434e-16	1.550396698945083e-17
5790.499999999999	1.358577111364584e-16	1.5250753769058548e-17
5790.749999999999	1.3539736635911652e-16	1.4742150188901743e-17
5790.999999999999	1.3495861113890569e-16	1.4782165878214608e-17
5791.249999999998	1.3451387931975682e-16	1.530116215558753e-17
5791.499999999999	1.3396167924325728e-16	1.5476086039724118e-17
5791.749999999999	1.3313200292953963e-16	1.410260557213902e-17
5791.999999999999	1.3179665777930636e-16	1.520461694321279e-17
5792.249999999998	1.297675101659901e-16	1.5470107178256585e-17
5792.499999999999	1.2712430055353477e-16	1.5122970908031356e-17
5792.749999999999	1.2433867516230858e-16	1.453961005283446e-17
5792.999999999999	1.220349178355884e-16	1.4134744847659154e-17
5793.249999999998	1.205521596536931e-16	1.451512219798044e-17
5793.499999999999	1.1978866463334272e-16	1.4649911278795955e-17
5793.749999999999	1.1950449573159653e-16	1.4845575889611698e-17
5793.999999999999	1.1968931081977393e-16	1.4123152738554836e-17
5794.249999999998	1.2052177546281871e-16	1.3924273703878712e-17
5794.499999999999	1.219669495689356e-16	1.4536476692674108e-17
5794.749999999998	1.2351457829924419e-16	1.51431574237001e-17
5794.999999999999	1.244092055229727e-16	1.5216910501476553e-17
5795.249999999998	1.2419622730649051e-16	1.498202925781967e-17
5795.499999999999	1.2311971708394536e-16	1.4767261737937628e-17
5795.749999999998	1.2207103866389698e-16	1.4669402962750154e-17
5795.999999999999	1.2212515364530027e-16	1.429870693431819e-17
5796.249999999999	1.2393787611698534e-16	1.4506279637232247e-17
5796.499999999999	1.2735934906455065e-16	1.462105094722398e-17
5796.749999999999	1.3153106271544927e-16	1.498046423210072e-17
5796.999999999999	1.3543931982943603e-16	1.5489481402563802e-17
5797.249999999999	1.3853195138198254e-16	1.5411878626216527e-17
5797.499999999999	1.4090588965733599e-16	1.4913568481602332e-17
5797.749999999999	1.4294242729108214e-16	1.513237098851241e-17
5797.999999999998	1.4480631770013734e-16	1.51392696748211e-17
5798.249999999999	1.4633583121727649e-16	1.5909732167132593e-17
5798.499999999999	1.4735819146163686e-16	1.5856764483788372e-17
5798.749999999999	1.4795076506622882e-16	1.5119438846815755e-17
5798.999999999998	1.4829025174393583e-16	1.5087436883277303e-17
5799.249999999999	1.483229816145205e-16	1.596750411547452e-17
5799.499999999999	1.4775042693278155e-16	1.551887774717271e-17
5799.749999999999	1.464195325559964e-16	1.5551506713615478e-17
5799.999999999998	1.4468944647194579e-16	1.5445645793182167e-17
5800.249999999999	1.4334880145721638e-16	1.471517582912639e-17
5800.499999999999	1.4311846706230455e-16	1.4990969425880144e-17
5800.749999999999	1.4415929921089626e-16	1.5417121296938888e-17
5800.999999999998	1.4597513100063786e-16	1.5443256895573114e-17
5801.249999999999	1.4776515827618565e-16	1.544910671686509e-17
5801.499999999998	1.4894309572542633e-16	1.5861611762177933e-17
5801.749999999999	1.4942302133680028e-16	1.5541535878511764e-17
5801.999999999998	1.494597190255963e-16	1.5021687605107913e-17
5802.249999999999	1.49238027410433e-16	1.5390072490908404e-17
5802.499999999998	1.4866182317999046e-16	1.575906121855606e-17
5802.749999999999	1.4754806408290217e-16	1.5655144172562247e-17
5802.999999999999	1.4593429458566198e-16	1.5187962488759648e-17
5803.249999999999	1.441074725798718e-16	1.50440843473734e-17
5803.499999999999	1.4236148126769848e-16	1.558240356385556e-17
5803.749999999999	1.4079710712127662e-16	1.5040188326688274e-17
5803.999999999999	1.393362126137516e-16	1.522020102595329e-17
5804.249999999999	1.378552579377209e-16	1.5153594788669294e-17
5804.499999999999	1.363025101107699e-16	1.5258577243292074e-17
5804.749999999999	1.3475308315194902e-16	1.504191713416851e-17
5804.999999999999	1.3339191888438061e-16	1.4851938562883456e-17
5805.249999999999	1.3243149318666636e-16	1.4971669647828057e-17
5805.499999999999	1.3201623784981873e-16	1.5000204070238686e-17
5805.749999999998	1.3217675483801097e-16	1.4705486235430943e-17
5805.999999999999	1.3286133186847726e-16	1.4806465135888966e-17
5806.249999999999	1.3402887403949241e-16	1.5463193602696867e-17
5806.499999999999	1.3571774350819197e-16	1.4896899137898163e-17
5806.749999999998	1.37965193949137e-16	1.477976870879943e-17
5806.999999999999	1.405972690531792e-16	1.5035309615435436e-17
5807.249999999999	1.4314491649275508e-16	1.528815060455207e-17
5807.499999999999	1.4508723633923297e-16	1.5667942310999667e-17
5807.749999999998	1.4621117891270584e-16	1.5994835817274498e-17
5807.999999999999	1.4664492630216077e-16	1.437506728538541e-17
5808.25	1.4649695840559895e-16	1.548260256858981e-17
5808.499999999999	1.4557771609503013e-16	1.560362570965122e-17
5808.749999999998	1.4360491105534548e-16	1.5365834444599375e-17
5808.999999999999	1.406636119307815e-16	1.5096616933715417e-17
5809.249999999998	1.3738899619831367e-16	1.48401330411811e-17
5809.499999999999	1.3470694230286202e-16	1.4739501556580348e-17
5809.749999999998	1.333908054033276e-16	1.4991189455923083e-17
5809.999999999999	1.3370789237056044e-16	1.4842798217114745e-17
5810.249999999999	1.353105950497269e-16	1.4509580087876334e-17
5810.499999999999	1.3748656532413951e-16	1.6091458784626818e-17
5810.749999999999	1.3964304176333209e-16	1.54118505020757e-17
5810.999999999999	1.4153490123266141e-16	1.4622882325100172e-17
5811.249999999999	1.429445401600629e-16	1.494705275279848e-17
5811.499999999999	1.4329849326306836e-16	1.578366653305706e-17
5811.749999999999	1.4192632113066945e-16	1.6210116189136324e-17
5811.999999999999	1.3882028781956677e-16	1.4544042086556518e-17
5812.249999999999	1.3500435343519236e-16	1.5023437919284075e-17
5812.499999999998	1.3203999261859989e-16	1.4300850986465928e-17
5812.749999999999	1.3114722067288295e-16	1.4403353553612274e-17
5812.999999999999	1.3268812507990797e-16	1.4762431003160318e-17
5813.249999999999	1.3623291392644138e-16	1.4885533676281685e-17
5813.499999999998	1.4088074472165496e-16	1.4801336616091137e-17
5813.749999999999	1.454979202930779e-16	1.5075257475938072e-17
5813.999999999999	1.4891281924333029e-16	1.6119973354702745e-17
5814.249999999999	1.502769097402758e-16	1.6014777487481927e-17
5814.499999999998	1.4949568683502507e-16	1.557713607771482e-17
5814.749999999999	1.473264751672559e-16	1.5456288298943274e-17
5814.999999999999	1.449453448081775e-16	1.4999102265662765e-17
5815.249999999999	1.4327310615975011e-16	1.4752916771754733e-17
5815.499999999998	1.4255539424445023e-16	1.5002624400711016e-17
5815.749999999999	1.4246670696596922e-16	1.5343543581452296e-17
5815.999999999998	1.4259086975041556e-16	1.5559900942471666e-17
5816.249999999999	1.4283210038434421e-16	1.5177109879122952e-17
5816.499999999998	1.4340759507355175e-16	1.4765436977506336e-17
5816.749999999999	1.445284424809091e-16	1.5275640324967818e-17
5816.999999999998	1.4618323852562027e-16	1.534259563247031e-17
5817.249999999999	1.4821496287821353e-16	1.538461475322678e-17
5817.499999999999	1.5047084887506808e-16	1.5473040360708698e-17
5817.749999999999	1.527918015336561e-16	1.5445910490978184e-17
5817.999999999999	1.5493816166110953e-16	1.5591347040638482e-17
5818.249999999999	1.5665962219883296e-16	1.6094899855975038e-17
5818.499999999999	1.5783917590827967e-16	1.5450057974569525e-17
5818.749999999999	1.5846318350393925e-16	1.5567861728686877e-17
5818.999999999999	1.5843794610080024e-16	1.597332581262567e-17
5819.249999999998	1.575622598183692e-16	1.614821164645408e-17
5819.499999999999	1.5576456034296266e-16	1.5637485520845465e-17
5819.749999999999	1.5333026461673234e-16	1.5200603462880683e-17
5819.999999999999	1.5085576278461e-16	1.5686600196896413e-17
5820.249999999998	1.4895125570942632e-16	1.509761616789538e-17
5820.499999999999	1.478832796788225e-16	1.4905634165166723e-17
5820.749999999999	1.4741940006186304e-16	1.5763987906284424e-17
5820.999999999999	1.4709298865427426e-16	1.5596440818850584e-17
5821.249999999998	1.4671979493123084e-16	1.5493743037079675e-17
5821.499999999999	1.4661897613469513e-16	1.495924539502751e-17
5821.749999999999	1.472935455451529e-16	1.4902327097077736e-17
5821.999999999999	1.4900593879922884e-16	1.5963393027830133e-17
5822.249999999998	1.5171882252019505e-16	1.5306957382959076e-17
5822.499999999999	1.552294914360413e-16	1.5635907260236714e-17
5822.749999999998	1.590897218620527e-16	1.5298432459566104e-17
5822.999999999999	1.6243626957301004e-16	1.630990725823472e-17
5823.249999999998	1.6420863954654328e-16	1.595205238163203e-17
5823.499999999999	1.637763910681867e-16	1.6050746609238183e-17
5823.749999999998	1.6142038992588247e-16	1.6032662786686548e-17
5823.999999999999	1.5820423309450265e-16	1.512615389902846e-17
5824.249999999999	1.553423346749906e-16	1.526615090898061e-17
5824.499999999999	1.535750556969502e-16	1.5398633810248328e-17
5824.749999999999	1.5299060179315715e-16	1.572663242982153e-17
5824.999999999999	1.532996619880767e-16	1.5892152924754616e-17
5825.249999999999	1.5416708132293047e-16	1.5709286452376293e-17
5825.499999999999	1.552553426251138e-16	1.5138940456937305e-17
5825.749999999999	1.560943285451611e-16	1.549771019529748e-17
5825.999999999999	1.5616802500937698e-16	1.607908581702425e-17
5826.249999999999	1.553089877013926e-16	1.5251443637689417e-17
5826.499999999999	1.5403132710708341e-16	1.5854360696928293e-17
5826.749999999999	1.5339685716202459e-16	1.485205602253044e-17
5826.999999999998	1.5435556800299935e-16	1.4882044628457936e-17
5827.249999999999	1.5695167060093618e-16	1.5410503852038464e-17
5827.499999999999	1.601106477553892e-16	1.6096638589622625e-17
5827.749999999999	1.6239497629789084e-16	1.6338964458792484e-17
5827.999999999998	1.6307864919383117e-16	1.5783016369095594e-17
5828.249999999999	1.6241937013863533e-16	1.5136083375101547e-17
5828.499999999999	1.6101760008842664e-16	1.6029901657801846e-17
5828.749999999999	1.5929077066593774e-16	1.638997999589108e-17
5828.999999999998	1.5762024259973015e-16	1.5468484249894756e-17
5829.249999999999	1.5649336479799059e-16	1.511568179247354e-17
5829.5	1.5604739903110037e-16	1.564963680404387e-17
5829.749999999999	1.5559613236807247e-16	1.6061637269183056e-17
5829.999999999998	1.5396695862861484e-16	1.5793329656972905e-17
5830.249999999999	1.5046564191453364e-16	1.5307309761900023e-17
5830.499999999998	1.455836980809002e-16	1.5488152950500042e-17
5830.749999999999	1.4088812125877297e-16	1.5167870271680734e-17
5830.999999999998	1.3817840759613591e-16	1.4539557113275255e-17
5831.249999999999	1.3843234866675317e-16	1.4927125971842076e-17
5831.499999999999	1.412332703895462e-16	1.5238561126829516e-17
5831.749999999999	1.4507725969565027e-16	1.525930847095357e-17
5831.999999999999	1.4828925680636262e-16	1.548835974565318e-17
5832.249999999999	1.49882282560976e-16	1.5817043270773576e-17
5832.499999999999	1.4987758800071688e-16	1.5615810080074125e-17
5832.749999999999	1.4901060243346964e-16	1.520471455052507e-17
5832.999999999999	1.4809812872878812e-16	1.5617222904560366e-17
5833.249999999999	1.47539119617404e-16	1.536011697220541e-17
5833.499999999999	1.4725026560539415e-16	1.5505550213143257e-17
5833.749999999998	1.4690339152549487e-16	1.5094051019455277e-17
5833.999999999999	1.4618414129635722e-16	1.528595361284513e-17
5834.249999999999	1.4501362610926936e-16	1.5595016413835767e-17
5834.499999999999	1.4371192373905108e-16	1.508139681044444e-17
5834.749999999998	1.4286626114594446e-16	1.509659542701949e-17
5834.999999999999	1.42802821151947e-16	1.528730191724359e-17
5835.249999999999	1.4310387427667905e-16	1.5424231741484394e-17
5835.499999999999	1.428040217663745e-16	1.529062222022238e-17
5835.749999999998	1.4129569026279697e-16	1.5879005716098698e-17
5835.999999999999	1.3909029295949681e-16	1.4922152961999407e-17
5836.25	1.3749475529702938e-16	1.432320140661711e-17
5836.499999999999	1.3739843643455126e-16	1.5239277465239987e-17
5836.749999999998	1.3846671130112537e-16	1.518052117196912e-17
5836.999999999999	1.3957860297901429e-16	1.4546598074649307e-17
5837.249999999998	1.3993065201208795e-16	1.5530284567819818e-17
5837.499999999999	1.3966949441998302e-16	1.5082515158632613e-17
5837.749999999998	1.3957476784654583e-16	1.5013716892725352e-17
5837.999999999999	1.4021883219744342e-16	1.5015214089634073e-17
5838.249999999999	1.4142672475695399e-16	1.5287945463760157e-17
5838.499999999999	1.4250692284241662e-16	1.5649952787037864e-17
5838.749999999999	1.4290417919863213e-16	1.5516662557492294e-17
5838.999999999999	1.425160267761779e-16	1.492617140541519e-17
5839.249999999999	1.4142605821194064e-16	1.5719593122808703e-17
5839.499999999999	1.395416459372404e-16	1.50323880135119e-17
5839.749999999999	1.3665083926864102e-16	1.5138508668657552e-17
5839.999999999999	1.328805310468651e-16	1.5336072486159717e-17
5840.249999999999	1.2910764628159336e-16	1.490894123325571e-17
5840.499999999998	1.2678248680573896e-16	1.4355603725572038e-17
5840.749999999999	1.2702735930519993e-16	1.4326266937967232e-17
5840.999999999999	1.2971701501218325e-16	1.4658760456989047e-17
5841.249999999999	1.3353061005305125e-16	1.572178846015442e-17
5841.499999999998	1.3695891420990197e-16	1.506958963438086e-17
5841.749999999999	1.391528324394584e-16	1.5413420490878326e-17
5841.999999999999	1.3988274459814833e-16	1.5476613780954927e-17
5842.249999999999	1.3911712220455215e-16	1.5252790287726653e-17
5842.499999999998	1.3702840249652657e-16	1.531919634730241e-17
5842.749999999999	1.3437659693749699e-16	1.5430485226915295e-17
5842.999999999999	1.325147353814662e-16	1.48479614784983e-17
5843.249999999999	1.3263758646741587e-16	1.426330029537847e-17
5843.499999999998	1.3493939816350878e-16	1.5594171035249738e-17
5843.749999999999	1.386359331889691e-16	1.548139653925671e-17
5843.999999999998	1.427413870578673e-16	1.4866988286948246e-17
5844.249999999999	1.4660855163000107e-16	1.543047695510917e-17
5844.499999999998	1.4986305172473608e-16	1.6071813245078683e-17
5844.749999999999	1.5222173679286187e-16	1.5821650666785496e-17
5844.999999999998	1.5344227047796766e-16	1.5331455163980446e-17
5845.249999999999	1.5328671009164488e-16	1.5948917367110455e-17
5845.499999999999	1.5168555441202612e-16	1.5947129002626115e-17
5845.749999999999	1.4920917160825621e-16	1.633353649961291e-17
5845.999999999999	1.4718847624508676e-16	1.460849599988665e-17
5846.249999999999	1.4686434229662716e-16	1.498171162046445e-17
5846.499999999999	1.4824065967848199e-16	1.5515552481110248e-17
5846.749999999999	1.4999083019144764e-16	1.6035380902179398e-17
5846.999999999999	1.505742667660443e-16	1.6120625173025437e-17
5847.249999999998	1.4933879597183926e-16	1.518902293430494e-17
5847.499999999999	1.467562074978135e-16	1.5894776741657634e-17
5847.749999999999	1.440594211255621e-16	1.5573142449717415e-17
5847.999999999999	1.4260445256993225e-16	1.4578052444622248e-17
5848.249999999998	1.4301527462710216e-16	1.5452896858431807e-17
5848.499999999999	1.4473128976009769e-16	1.57097744889377e-17
5848.749999999999	1.4659221006545727e-16	1.549484649601682e-17
5848.999999999999	1.477941523947282e-16	1.5359675257758305e-17
5849.249999999998	1.4809096202646344e-16	1.5565651502090135e-17
5849.499999999999	1.47421594544369e-16	1.603243283047626e-17
5849.749999999999	1.4592094921484254e-16	1.5879235672308988e-17
5849.999999999999	1.442979147872021e-16	1.5115830684983798e-17
5850.249999999998	1.4370766850196842e-16	1.5097326654680987e-17
5850.499999999999	1.4492521609580086e-16	1.5326007352466172e-17
5850.749999999998	1.4762491029194182e-16	1.5446750906480538e-17
5850.999999999999	1.5043721208690019e-16	1.58614843763636e-17
5851.249999999998	1.5167416987761907e-16	1.6105438136978964e-17
5851.499999999999	1.5026246462413255e-16	1.561721463275424e-17
5851.749999999998	1.4646221464702376e-16	1.6146845144082143e-17
5851.999999999999	1.419265421130245e-16	1.4597224836860002e-17
5852.249999999998	1.388552795275731e-16	1.4985964983174198e-17
5852.499999999999	1.3874925268713617e-16	1.5181763597249175e-17
5852.749999999999	1.4173829358289636e-16	1.5298705429168247e-17
5852.999999999999	1.467955597369472e-16	1.5377591989826204e-17
5853.249999999999	1.5230567134060464e-16	1.5922123332708637e-17
5853.499999999999	1.565711957823283e-16	1.657274886095712e-17
5853.749999999999	1.5832230617744312e-16	1.5972816269368337e-17
5853.999999999999	1.5726644930004432e-16	1.6357571059491252e-17
5854.249999999999	1.5434348687481227e-16	1.62339092122758e-17
5854.499999999999	1.511561631025495e-16	1.4180653371655847e-17
5854.749999999999	1.4868884265650388e-16	1.5321342053811373e-17
5854.999999999998	1.4665457253520473e-16	1.61040633628009e-17
5855.249999999999	1.444770499768342e-16	1.5617662964646244e-17
5855.499999999999	1.4263696107786993e-16	1.4923779199083687e-17
5855.749999999999	1.423763441218756e-16	1.4997560401000966e-17
5855.999999999998	1.4410921991052548e-16	1.5585434353619953e-17
5856.249999999999	1.4673562698180754e-16	1.610077449268539e-17
5856.499999999999	1.4866322115113867e-16	1.5791758013809055e-17
5856.749999999999	1.4910120201417955e-16	1.5661171010505308e-17
5856.999999999998	1.4832075325206392e-16	1.5977089484412786e-17
5857.249999999999	1.471983182916065e-16	1.5866894137569696e-17
5857.5	1.4674159771398883e-16	1.5456825966341433e-17
5857.749999999999	1.4757643375220676e-16	1.547231244176965e-17
5857.999999999998	1.4942374942041357e-16	1.5848262721452552e-17
5858.249999999999	1.51159545225462e-16	1.6119821153470036e-17
5858.499999999998	1.5168531238904978e-16	1.603520719425076e-17
5858.749999999999	1.5089331326888482e-16	1.6040598757483382e-17
5858.999999999998	1.4981880176443664e-16	1.6045452653317843e-17
5859.249999999999	1.4977716773971716e-16	1.5645750709526095e-17
5859.499999999999	1.511747924251613e-16	1.5586873647885795e-17
5859.749999999999	1.5311858776207075e-16	1.6155454439897595e-17
5859.999999999999	1.54278292959532e-16	1.6353797461536785e-17
5860.249999999999	1.5402985722781388e-16	1.5329916608041098e-17
5860.499999999999	1.5269596714484198e-16	1.6822726150793097e-17
5860.749999999999	1.5106046194290667e-16	1.576883683903521e-17
5860.999999999999	1.4988328252237689e-16	1.5786963674978697e-17
5861.249999999999	1.4941098854717976e-16	1.5868479015623348e-17
5861.499999999999	1.4892285351707123e-16	1.5880021493890913e-17
5861.749999999998	1.4706260272914175e-16	1.621662444619589e-17
5861.999999999999	1.4316697190204705e-16	1.628140757740982e-17
5862.249999999999	1.3830307710457606e-16	1.5221362387533314e-17
5862.499999999999	1.3462059099452037e-16	1.5750341080538525e-17
5862.749999999998	1.3352639405550513e-16	1.5137706303463376e-17
5862.999999999999	1.3458201464887822e-16	1.559809848879814e-17
5863.249999999999	1.3610761617567233e-16	1.5902854987519827e-17
5863.499999999999	1.3669403981314601e-16	1.5783641717638684e-17
5863.749999999998	1.3616848120662762e-16	1.5695588341432415e-17
5863.999999999999	1.3535733215654616e-16	1.5850587098973826e-17
5864.249999999999	1.3519744015533546e-16	1.597647571639827e-17
5864.499999999999	1.3607327565296843e-16	1.6280858329483084e-17
5864.749999999998	1.3771949454649778e-16	1.669416408562888e-17
5864.999999999999	1.3953070978504015e-16	1.6636028177817428e-17
5865.249999999998	1.4088038996875035e-16	1.6504046548000917e-17
5865.499999999999	1.4114244675985512e-16	1.686074833482971e-17
5865.749999999998	1.3970618882953353e-16	1.6926226297758182e-17
5865.999999999999	1.3649626791901573e-16	1.6737510004087884e-17
5866.249999999998	1.326388428052898e-16	1.648062244741464e-17
5866.499999999999	1.3021487309220137e-16	1.5959114849702008e-17
5866.749999999999	1.308763170493074e-16	1.6877215846464415e-17
5866.999999999999	1.3449045835854788e-16	1.6782722042008807e-17
5867.249999999999	1.391133051805974e-16	1.724503163200347e-17
5867.499999999999	1.424787946248437e-16	1.698767589110352e-17
5867.749999999999	1.438140312409727e-16	1.675447051536767e-17
5867.999999999999	1.441968592657726e-16	1.7204254936527055e-17
5868.249999999999	1.450961847367423e-16	1.7189319363386798e-17
5868.499999999998	1.4686293141171062e-16	1.637967332545867e-17
5868.749999999999	1.4874373096242297e-16	1.731546936988481e-17
5868.999999999999	1.4993094587844077e-16	1.6543230093617554e-17
5869.249999999999	1.5014857860818058e-16	1.678433008111961e-17
5869.499999999998	1.4938909328105558e-16	1.6937136810037756e-17
5869.749999999999	1.4780696352242047e-16	1.692177110297897e-17
5869.999999999999	1.4602758908894646e-16	1.643068720819604e-17
5870.249999999999	1.4478804724379776e-16	1.6238683698771456e-17
5870.499999999998	1.439938802154395e-16	1.6764257716375398e-17
5870.749999999999	1.4285046521000072e-16	1.6980826835631582e-17
5870.999999999999	1.411254576140645e-16	1.6178589027269478e-17
5871.249999999999	1.3959568771693887e-16	1.6386421464895877e-17
5871.499999999998	1.3917797960478073e-16	1.6514617916229345e-17
5871.749999999999	1.401597247330617e-16	1.6007435432364906e-17
5871.999999999998	1.4217914895055177e-16	1.6600714183106314e-17
5872.249999999999	1.4451950698508632e-16	1.689639154742462e-17
5872.499999999998	1.4646144284126345e-16	1.6870509066057835e-17
5872.749999999999	1.4768908695926753e-16	1.7022462144583826e-17
5872.999999999998	1.4853217301896755e-16	1.6350252165431383e-17
5873.249999999999	1.4963556070991335e-16	1.7226689729100718e-17
5873.499999999998	1.5125269043071751e-16	1.7066418522334894e-17
5873.749999999999	1.5295221086839862e-16	1.7021720990754978e-17
5873.999999999999	1.5381841697305622e-16	1.7221627383751894e-17
5874.249999999999	1.5278411600038564e-16	1.7501060575200882e-17
5874.499999999999	1.493413671719508e-16	1.7357730027380144e-17
5874.749999999999	1.443760002757108e-16	1.682037530349222e-17
5874.999999999999	1.3983260858212872e-16	1.6452412279804132e-17
5875.249999999999	1.3715093737583438e-16	1.656049831608521e-17
5875.499999999999	1.362891135895623e-16	1.711658537212501e-17
5875.749999999999	1.3638819269508167e-16	1.6358811830410082e-17
5875.999999999999	1.367070948649957e-16	1.7090032874462058e-17
5876.249999999998	1.3685595586975027e-16	1.6846419912259065e-17
5876.499999999999	1.3664607341943854e-16	1.677794755551315e-17
5876.749999999999	1.3605810558140033e-16	1.718336200861519e-17
5876.999999999999	1.354607410502311e-16	1.711322867319927e-17
5877.249999999998	1.3552709232172302e-16	1.6323876684419517e-17
5877.499999999999	1.363251810784443e-16	1.6688171989271546e-17
5877.749999999999	1.3685581203722095e-16	1.7883504222692324e-17
5877.999999999999	1.3633161092765824e-16	1.6844029360288787e-17
5878.249999999998	1.3535573920464995e-16	1.648966187714862e-17
5878.499999999999	1.348911894567717e-16	1.7050147879685976e-17
5878.75	1.3475810832253128e-16	1.7409590943064768e-17
5878.999999999999	1.3415985643431168e-16	1.7340008509936808e-17
5879.249999999998	1.3317417766326422e-16	1.713492396630531e-17
5879.499999999999	1.3275293832920799e-16	1.657000758440712e-17
5879.749999999998	1.3347016929554925e-16	1.72334097443971e-17
5879.999999999999	1.3512727466507267e-16	1.7306333987199774e-17
5880.249999999998	1.3731660378928347e-16	1.6413496740705962e-17
5880.499999999999	1.3939542076576687e-16	1.7389225756383713e-17
5880.749999999999	1.4042478724308555e-16	1.7730293829635253e-17
5880.999999999999	1.4031225537265956e-16	1.7315244376758195e-17
5881.249999999999	1.4034435605410233e-16	1.689960928000745e-17
5881.499999999999	1.41324694669731e-16	1.6921188767827734e-17
5881.749999999999	1.4183980326080708e-16	1.8473366717503888e-17
5881.999999999999	1.3969671499786979e-16	1.753462921881951e-17
5882.249999999999	1.3476917025721938e-16	1.7442828714438374e-17
5882.499999999999	1.2941832796948287e-16	1.7015298760479117e-17
5882.749999999999	1.2615561259110492e-16	1.6773260750162425e-17
5882.999999999998	1.2544776558227555e-16	1.7401840260725147e-17
5883.249999999999	1.2584084638120326e-16	1.7680613362045318e-17
5883.499999999999	1.256501461726277e-16	1.712315980363358e-17
5883.749999999999	1.2413734750156598e-16	1.753856328981281e-17
5883.999999999998	1.2183142156094946e-16	1.7996674111018154e-17
5884.249999999999	1.206064539214483e-16	1.6832632465809032e-17
5884.499999999999	1.2266574640148997e-16	1.6633030475277536e-17
5884.749999999999	1.2824878443607966e-16	1.695302033216e-17
5884.999999999998	1.3470828261059008e-16	1.8327503342647513e-17
5885.249999999999	1.3869617372161073e-16	1.8259360203785394e-17
5885.499999999999	1.3909192587003768e-16	1.7591299362585517e-17
5885.749999999999	1.3749157772262459e-16	1.819489305556546e-17
5885.999999999998	1.3615284658455621e-16	1.7350988505387837e-17
5886.249999999999	1.3569676727987606e-16	1.847418397194909e-17
5886.499999999998	1.3494834047424257e-16	1.9286443900612887e-17
5886.749999999999	1.3306756677242595e-16	1.8355587778804913e-17
5886.999999999998	1.3119690981694787e-16	1.9022894231286142e-17
5887.249999999999	1.3159749473118876e-16	1.9414145697940048e-17
5887.499999999998	1.355552523772523e-16	1.994125496276089e-17
5887.749999999999	1.4197128564562031e-16	2.0321327910616755e-17
5887.999999999999	1.4731697378851487e-16	2.0112650094404327e-17
5888.249999999999	1.475190817341089e-16	2.2652504856525948e-17
5888.499999999999	1.4130777900273908e-16	2.1703209224502942e-17
5888.749999999999	1.3168833074513733e-16	2.19665620248439e-17
5888.999999999999	1.2325841207444718e-16	2.2681654701312317e-17
5889.249999999999	1.188425122439895e-16	2.3605775918572884e-17
5889.499999999999	1.1946885307565333e-16	2.3242656864551906e-17
5889.749999999998	1.25558253822905e-16	2.2137164717460512e-17
5889.999999999999	1.359002643286242e-16	2.2264011210034293e-17
5890.249999999999	1.4661311814663312e-16	2.3714818175642075e-17
5890.499999999999	1.5339528370943657e-16	2.250544868722627e-17
5890.749999999998	1.547595245227496e-16	2.2524753428362034e-17
5890.999999999999	1.523940196997893e-16	2.181355677257874e-17
5891.249999999999	1.4927217412662486e-16	2.0560894305263137e-17
5891.499999999999	1.4781051602191067e-16	1.9284567854983617e-17
5891.749999999998	1.4854081656899397e-16	1.8894598518279167e-17
5891.999999999999	1.4977668041922311e-16	1.9379875605161976e-17
5892.249999999999	1.492946926769191e-16	1.9816188562865322e-17
5892.499999999999	1.4702974426868757e-16	1.9513026868364637e-17
5892.749999999998	1.4570946285124434e-16	1.814400159555875e-17
5892.999999999999	1.4808519680610817e-16	1.8998032490795248e-17
5893.249999999998	1.5368822637742814e-16	2.0609080884666802e-17
5893.499999999999	1.589612441622355e-16	2.0530181089119044e-17
5893.749999999998	1.6050223715843345e-16	2.1380466510541902e-17
5893.999999999999	1.5784164258114442e-16	2.123489264889992e-17
5894.249999999998	1.5319066066636812e-16	2.0377587772798936e-17
5894.499999999999	1.4874563257910192e-16	2.1696234437577895e-17
5894.749999999999	1.4484474619397486e-16	2.2641344535701383e-17
5894.999999999999	1.4134686085023898e-16	2.3069744683665046e-17
5895.249999999999	1.398120297520114e-16	2.2495062607455055e-17
5895.499999999999	1.4248924234548805e-16	2.237274410155439e-17
5895.749999999999	1.4919723734599462e-16	2.3122459249741826e-17
5895.999999999999	1.5688653839561847e-16	2.349677171181187e-17
5896.249999999999	1.6250848725885013e-16	2.3085922682085358e-17
5896.499999999999	1.649562827659804e-16	2.2808367190626865e-17
5896.749999999999	1.6453106862850138e-16	2.3196260303993807e-17
5896.999999999999	1.6244421367850767e-16	2.163211635957646e-17
5897.249999999999	1.6069074682512202e-16	2.0421744328258242e-17
5897.499999999998	1.6049829045869267e-16	2.0596380353541662e-17
5897.749999999999	1.607987111909592e-16	2.0743185059935124e-17
5897.999999999999	1.594798950029069e-16	2.049995756389758e-17
5898.249999999999	1.5607443632149316e-16	2.0178346433014514e-17
5898.499999999998	1.5251821401639553e-16	2.008460536291633e-17
5898.749999999999	1.5151324600629526e-16	1.987575880185894e-17
5898.999999999999	1.5440806274656943e-16	1.9591822439155214e-17
5899.249999999999	1.6020901474950299e-16	2.0876149380319347e-17
5899.499999999998	1.662885060473786e-16	2.090443233982376e-17
5899.749999999999	1.699301110685445e-16	2.0571928894634595e-17
5900.0	1.6925463668165866e-16	2.1430059296986907e-17
5900.249999999999	1.6364354053330312e-16	2.133558203614355e-17
5900.499999999998	1.544871365662645e-16	2.0554624276219986e-17
5900.749999999999	1.4535178007609767e-16	1.9702145171812636e-17
5900.999999999998	1.402207444428833e-16	1.9279283825230628e-17
5901.249999999999	1.40762776380303e-16	2.0129739645859673e-17
5901.499999999998	1.4517284337827881e-16	2.0409394521712825e-17
5901.749999999999	1.4964207291991778e-16	2.0941081404043535e-17
5901.999999999999	1.5096341101146608e-16	2.088998480324491e-17
5902.249999999999	1.4824504804487308e-16	2.0348138488630823e-17
5902.499999999999	1.4304263246798992e-16	2.040961620611699e-17
5902.749999999999	1.384557655395864e-16	2.01695419225745e-17
5902.999999999999	1.3775466704284637e-16	1.9168205049493332e-17
5903.249999999999	1.4251290857792253e-16	1.902574800439945e-17
5903.499999999999	1.5114193137116428e-16	2.098286891422849e-17
5903.749999999999	1.5985298542846093e-16	2.2359338812547355e-17
5903.999999999999	1.6544226195220727e-16	2.0858315366312704e-17
5904.249999999998	1.6655424174235268e-16	2.1934626235754453e-17
5904.499999999999	1.6305356474614844e-16	2.151546073214933e-17
5904.749999999999	1.5606267779123036e-16	2.085428368800712e-17
5904.999999999999	1.4842867324273352e-16	2.031909121424041e-17
5905.249999999998	1.4349049375833592e-16	1.9856915627504983e-17
5905.499999999999	1.428618267092796e-16	2.025394743227941e-17
5905.749999999999	1.4560029535908185e-16	2.1621774947558322e-17
5905.999999999999	1.491839406220466e-16	2.1216312517980754e-17
5906.249999999998	1.5106636117012039e-16	2.185043744737003e-17
5906.499999999999	1.4990692255128354e-16	2.134850590603408e-17
5906.749999999999	1.4611119650428535e-16	2.112085422093091e-17
5906.999999999999	1.4142505570474286e-16	2.1240337151691744e-17
5907.249999999998	1.3775459304980495e-16	2.0874425535922787e-17
5907.499999999999	1.3602708527198395e-16	2.0562575136267845e-17
5907.749999999998	1.361139537873979e-16	2.1427825909333013e-17
5907.999999999999	1.3779689926538125e-16	2.0190347169341433e-17
5908.249999999998	1.4095653048281944e-16	2.021665151282062e-17
5908.499999999999	1.4411697825339977e-16	2.087213589998724e-17
5908.749999999998	1.4419883909785447e-16	2.301746852331292e-17
5908.999999999999	1.396216796955563e-16	2.1338045380007733e-17
5909.249999999999	1.329269224455312e-16	2.0069214840439168e-17
5909.499999999999	1.2864895477481346e-16	2.064398459779409e-17
5909.749999999999	1.291552041841543e-16	2.0723385664793054e-17
5909.999999999999	1.3347346030451448e-16	2.1088096214312585e-17
5910.249999999999	1.3910683817374826e-16	2.117273333458901e-17
5910.499999999999	1.4379170530532162e-16	2.1262530407526542e-17
5910.749999999999	1.4582930519008252e-16	2.1520432087630775e-17
5910.999999999998	1.4411882965843282e-16	2.2374871610089875e-17
5911.249999999999	1.3922998756654061e-16	2.1760061348003712e-17
5911.499999999999	1.3411260974855389e-16	2.030629638452544e-17
5911.749999999999	1.3204933739441485e-16	2.0413628032087872e-17
5911.999999999998	1.335846756648123e-16	2.187064877845715e-17
5912.249999999999	1.3642028087237446e-16	2.130352878740712e-17
5912.499999999999	1.3802901157769018e-16	2.143454096154572e-17
5912.749999999999	1.3764822045037403e-16	2.135619537700837e-17
5912.999999999998	1.362972775808475e-16	2.015088899976143e-17
5913.249999999999	1.3557863346031862e-16	2.153179589488603e-17
5913.499999999999	1.3673167264757243e-16	2.2112198752212436e-17
5913.749999999999	1.4069012058156436e-16	2.1656994643679605e-17
5913.999999999998	1.4780060798439998e-16	2.2216749418555464e-17
5914.249999999999	1.5668210463461938e-16	2.4137181559495326e-17
5914.499999999998	1.6435280753167803e-16	2.4726524584882207e-17
5914.749999999999	1.6831430235797085e-16	2.3474729002848558e-17
5914.999999999998	1.6836609527230216e-16	2.4418422967763355e-17
5915.249999999999	1.6647123246736783e-16	2.3636371675069996e-17
5915.499999999998	1.6488298990804555e-16	2.328770015762787e-17
5915.749999999999	1.6404759618328316e-16	2.3723607796831063e-17
5915.999999999999	1.625269576649843e-16	2.402391902694089e-17
5916.249999999999	1.5932075578179232e-16	2.3713580713445695e-17
5916.499999999999	1.5576886247038394e-16	2.30346986954724e-17
5916.749999999999	1.5435641261685053e-16	2.206942193401487e-17
5916.999999999999	1.5559103155424676e-16	2.234102834250788e-17
5917.249999999999	1.5713168929645718e-16	2.4169474690609396e-17
5917.499999999999	1.5684386994357213e-16	2.27714815527519e-17
5917.749999999998	1.5563746308266313e-16	2.2067299388563058e-17
5917.999999999999	1.5602193288891779e-16	2.28015230982386e-17
5918.249999999999	1.5878487128865618e-16	2.3249171739056374e-17
5918.499999999999	1.6230910801249074e-16	2.3010682333567535e-17
5918.749999999998	1.6456263571387847e-16	2.3289604327397966e-17
5918.999999999999	1.64758862906017e-16	2.340300913501776e-17
5919.249999999999	1.6308867329307174e-16	2.3582561921862196e-17
5919.499999999999	1.5965352868318133e-16	2.3134823945538268e-17
5919.749999999998	1.5455276498509493e-16	2.2603350475805597e-17
5919.999999999999	1.4902809317442162e-16	2.2908930846417387e-17
5920.249999999999	1.4556989839442902e-16	2.2587655550863016e-17
5920.499999999999	1.4617339272809538e-16	2.209932120443621e-17
5920.749999999998	1.505688572358549e-16	2.234486149746645e-17
5920.999999999999	1.562202323675932e-16	2.3071782856694377e-17
5921.249999999998	1.6003882514048183e-16	2.44378253162114e-17
5921.499999999999	1.6075824566366658e-16	2.4573511060810922e-17
5921.749999999998	1.5980542229675264e-16	2.2336950342087994e-17
5921.999999999999	1.5899952255777966e-16	2.4118512093070004e-17
5922.249999999998	1.5793372426538016e-16	2.4449336361615687e-17
5922.499999999999	1.5499552634355367e-16	2.3897969198151116e-17
5922.749999999998	1.4996166797744176e-16	2.349036602514826e-17
5922.999999999999	1.4390021095792767e-16	2.339785083671788e-17
5923.249999999999	1.3760067570997164e-16	2.3846640986780975e-17
5923.499999999999	1.3201079705812447e-16	2.3676132592754195e-17
5923.749999999999	1.2945709094220853e-16	2.1634035418597583e-17
5923.999999999999	1.3235287207531172e-16	2.336354931107653e-17
5924.249999999999	1.405336105538939e-16	2.3595297194573063e-17
5924.499999999999	1.5093018451541064e-16	2.5390896200550097e-17
5924.749999999999	1.5999344400698676e-16	2.5889745666923677e-17
5924.999999999999	1.660236367830664e-16	2.5292314469507252e-17
5925.249999999999	1.6924073277641462e-16	2.565737078052283e-17
5925.499999999998	1.7041620900159023e-16	2.6029444891855307e-17
5925.749999999999	1.702907987378545e-16	2.583143605118359e-17
5925.999999999999	1.6983831448393158e-16	2.500969497833871e-17
5926.249999999999	1.6971607560384634e-16	2.5674476875590427e-17
5926.499999999998	1.6920106361797456e-16	2.5626593044290957e-17
5926.749999999999	1.6649056360094916e-16	2.5802923135468886e-17
5926.999999999999	1.6043992120698745e-16	2.5163606820555226e-17
5927.249999999999	1.5194222353537509e-16	2.4835459308471765e-17
5927.499999999998	1.4365495874624758e-16	2.5254793556921847e-17
5927.749999999999	1.3823346302837225e-16	2.3953269530822736e-17
5927.999999999999	1.365258894612057e-16	2.542104197079398e-17
5928.249999999999	1.3758282689832917e-16	2.5040823439150305e-17
5928.499999999998	1.40370990837085e-16	2.460146480243154e-17
5928.749999999999	1.4473117342037846e-16	2.4763428420730647e-17
5928.999999999998	1.5036403781907898e-16	2.580620373377827e-17
5929.249999999999	1.5570476362877934e-16	2.6469668759494803e-17
5929.499999999998	1.5868154180832204e-16	2.6675185091406053e-17
5929.749999999999	1.5859320426007087e-16	2.6725621602075862e-17
5929.999999999998	1.56750238108188e-16	2.5954404721045722e-17
5930.249999999999	1.5516337977364852e-16	2.7257310138767796e-17
5930.499999999999	1.5482060833618527e-16	2.5579637309638772e-17
5930.749999999999	1.552194450279128e-16	2.824018764929923e-17
5930.999999999999	1.5553842196697484e-16	2.711329303103864e-17
5931.249999999999	1.5618210745295073e-16	2.789542869615448e-17
5931.499999999999	1.587418702188049e-16	2.859742710352618e-17
5931.749999999999	1.641787421917481e-16	2.849052889860473e-17
5931.999999999999	1.711679519230318e-16	2.950856985697579e-17
5932.249999999998	1.7655008763334576e-16	3.0693803869478523e-17
5932.499999999999	1.7768615038341508e-16	3.125535031756117e-17
5932.749999999999	1.7418697595001415e-16	3.0601947116815734e-17
5932.999999999999	1.6753707171830345e-16	3.0863107888533427e-17
5933.249999999998	1.6026506432899488e-16	3.012373084364168e-17
5933.499999999999	1.55787633278374e-16	2.9214579941107095e-17
5933.749999999999	1.5710037422700746e-16	2.8959546923367196e-17
5933.999999999999	1.6378280433238446e-16	2.98580768268366e-17
5934.249999999998	1.7097314154242008e-16	3.115001382963622e-17
5934.499999999999	1.7320392163119102e-16	3.085540187394688e-17
5934.749999999999	1.699311137318049e-16	3.0399638591319965e-17
5934.999999999999	1.6635344360626942e-16	2.6878443220245034e-17
5935.249999999998	1.679243279541576e-16	3.0274972546840873e-17
5935.499999999999	1.7468345048010615e-16	3.059858876352877e-17
5935.749999999998	1.815960158648085e-16	3.135346717309976e-17
5935.999999999999	1.837184015178949e-16	3.263679818880638e-17
5936.249999999998	1.8077352390627937e-16	3.209704960422573e-17
5936.499999999999	1.7704947847904633e-16	3.012123606691422e-17
5936.749999999998	1.764253112157745e-16	3.0882437445087566e-17
5936.999999999999	1.7772995356652904e-16	3.2232697298517076e-17
5937.249999999999	1.7618523068479798e-16	3.3109680801390697e-17
5937.499999999999	1.6909947599200622e-16	3.1862176632374973e-17
5937.749999999999	1.5853624444734367e-16	3.0701162468207795e-17
5937.999999999999	1.4828175296606775e-16	3.051417994510141e-17
5938.249999999999	1.397908501648786e-16	3.0670096873122753e-17
5938.499999999999	1.32114197682755e-16	3.1746311789613446e-17
5938.749999999999	1.25199084414901e-16	3.2652584103616344e-17
5938.999999999998	1.2181635041268863e-16	2.9229558527639205e-17
5939.249999999999	1.2536845334668215e-16	3.162173177191806e-17
5939.499999999999	1.365949865830887e-16	3.2677118280584667e-17
5939.749999999999	1.5326894834060396e-16	3.299322038858813e-17
5939.999999999998	1.7208578904519404e-16	3.492204675838418e-17
5940.249999999999	1.8996423569530988e-16	3.553057706525984e-17
5940.499999999999	2.0431441300019528e-16	3.634329856070544e-17
5940.749999999999	2.1283798289090429e-16	3.6607086458048603e-17
5940.999999999998	2.1354021430958736e-16	3.5978472205900155e-17
5941.249999999999	2.0611591282336622e-16	3.868418660700601e-17
5941.499999999999	1.9386864710497495e-16	3.499570222884835e-17
5941.749999999999	1.827723898357973e-16	3.67895823535125e-17
5941.999999999998	1.774468985540453e-16	3.478572739343544e-17
5942.249999999999	1.7873959320071151e-16	3.705425698847232e-17
5942.499999999998	1.8497440639843894e-16	3.678684934876863e-17
5942.749999999999	1.9340852945108195e-16	3.7398317801180076e-17
5942.999999999998	2.0003322730078903e-16	3.979454092173799e-17
5943.249999999999	2.0066157241167386e-16	4.0341823467337774e-17
5943.499999999998	1.9462721619229628e-16	3.947059714152752e-17
5943.749999999999	1.8675914376947688e-16	3.7652116665446046e-17
5943.999999999998	1.835266412635993e-16	3.728077543613629e-17
5944.249999999999	1.8651965475862612e-16	3.937480631787143e-17
5944.499999999999	1.909876353578926e-16	4.167158578518822e-17
5944.749999999999	1.9125174240773375e-16	4.095546244167656e-17
5944.999999999999	1.8574600573745532e-16	3.955198178763539e-17
5945.249999999999	1.7622440834147115e-16	4.09615405648176e-17
5945.499999999999	1.6487431946610763e-16	4.2854543396645206e-17
5945.749999999999	1.5405359062500365e-16	3.990953226177266e-17
5945.999999999999	1.4687671406158564e-16	4.234467588451242e-17
5946.249999999999	1.4552395626831607e-16	3.7070095842841485e-17
5946.499999999999	1.4868290771753942e-16	4.3811366372242444e-17
5946.749999999998	1.5202146776735488e-16	4.1935102367290464e-17
5946.999999999999	1.520938936091708e-16	4.180776618379405e-17
5947.249999999999	1.4947156514089596e-16	4.171538334426168e-17
5947.499999999999	1.4806677519844232e-16	4.045965699995718e-17
5947.749999999998	1.5143068118680978e-16	4.136678627307468e-17
5947.999999999999	1.592079205727221e-16	4.328761546070857e-17
5948.249999999999	1.676170389188787e-16	4.585012504544679e-17
5948.499999999999	1.733375794553824e-16	4.148653555599276e-17
5948.749999999998	1.7535898864479506e-16	4.417165646856849e-17
5948.999999999999	1.7360745964170057e-16	4.630308914888083e-17
5949.25	1.6856242486787645e-16	4.60600866459699e-17
5949.499999999999	1.6219951737905194e-16	4.554246348841382e-17
5949.749999999998	1.5707727262843654e-16	4.521205115581319e-17
5949.999999999999	1.5445269441805355e-16	4.532047468178419e-17
