3599.999999999999	1.3579918084000641e-15	2.196299469264698e-15
3600.249999999999	7.486789754300384e-16	2.1570377980935666e-15
3600.499999999999	-1.0824578140097526e-15	2.110753164998513e-15
3600.749999999999	-3.652652237510839e-16	2.0910757426008484e-15
3600.9999999999995	1.32990430174823e-15	2.193517389549441e-15
3601.2499999999995	2.4849898970291185e-15	2.23482210418935e-15
3601.4999999999995	2.479225626064816e-15	2.184286424490264e-15
3601.7499999999995	-1.5900062028725154e-15	1.9945408799099335e-15
3601.9999999999995	1.4871831793394213e-15	2.075699553509341e-15
3602.2499999999995	2.0784240349841845e-15	2.100972052040094e-15
3602.4999999999995	-2.569280474950999e-15	1.9678188962481916e-15
3602.7499999999995	-8.020230987448645e-16	2.0025173891742272e-15
3602.9999999999995	-2.3579565542811284e-15	1.9557908166389438e-15
3603.2499999999995	-3.4432685516857728e-15	1.932199254992017e-15
3603.4999999999995	-1.2524806199297402e-15	1.96647126682911e-15
3603.749999999999	-9.929729124179536e-16	1.9613191889274358e-15
3603.999999999999	1.5206331457012041e-15	2.0532525451323917e-15
3604.249999999999	3.059500793174425e-15	2.094966588444061e-15
3604.499999999999	3.9333983962025205e-16	1.95831243372292e-15
3604.749999999999	3.8982671753195564e-16	1.9516905418995225e-15
3604.999999999999	-6.195955482518969e-16	1.9132032706004184e-15
3605.249999999999	-8.463265217762903e-16	1.9136301752058346e-15
3605.499999999999	3.2223392773940386e-15	2.0654330906721453e-15
3605.749999999999	2.004707816375827e-15	1.9556978547729826e-15
3605.999999999999	3.44450216252922e-17	1.8750387188542182e-15
3606.249999999999	-1.0543612017537354e-15	1.8332543718079268e-15
3606.499999999999	-1.4773390683055503e-15	1.7565655969502985e-15
3606.749999999999	-1.3141063961281084e-15	1.7895305310706598e-15
3606.999999999999	-2.3115289843762257e-15	1.7561588093773796e-15
3607.249999999999	-3.4316512830559432e-15	1.694548279772062e-15
3607.499999999999	-7.615527644975605e-16	1.802548580437011e-15
3607.749999999999	4.398991231484528e-16	1.8330114851103016e-15
3607.9999999999995	5.577341380755144e-16	1.839637823856672e-15
3608.2499999999995	6.444181002340904e-17	1.8240164187269346e-15
3608.4999999999995	1.978960555878138e-15	1.852048338841605e-15
3608.7499999999995	2.4397917954471554e-15	1.839123039582978e-15
3608.9999999999995	1.2921277969709906e-15	1.7801151245872178e-15
3609.2499999999995	-7.7421680703151875e-16	1.6840193426003358e-15
3609.4999999999995	-1.7231101248743586e-15	1.6804151115306504e-15
3609.7499999999995	-5.405402692187586e-16	1.7062051471921757e-15
3609.9999999999995	8.511373512793395e-17	1.6952777868978848e-15
3610.2499999999995	-1.8520231396114244e-15	1.6156469489770871e-15
3610.4999999999995	-3.351636103935329e-15	1.572645627343828e-15
3610.749999999999	-3.1401870341475017e-15	1.5810989102783076e-15
3610.999999999999	-2.7317549467615297e-15	1.5945765808976628e-15
3611.249999999999	-1.606312434140108e-15	1.5896004740907806e-15
3611.499999999999	6.530737843382943e-16	1.6758478039999368e-15
3611.749999999999	4.524122085293426e-16	1.6618246441625498e-15
3611.999999999999	-6.77275156767685e-16	1.6031861414109107e-15
3612.249999999999	-6.825977000499942e-16	1.5533362407617454e-15
3612.499999999999	6.495761206012853e-16	1.6096322738977527e-15
3612.749999999999	1.3781160406774054e-15	1.6525468805330366e-15
3612.999999999999	1.779232092739705e-15	1.6539358028082969e-15
3613.249999999999	-2.5181179445488303e-17	1.5721345488392785e-15
3613.499999999999	2.3480369514358333e-15	1.6157521928207835e-15
3613.749999999999	4.133340523401898e-16	1.5437602156556803e-15
3613.999999999999	-2.5549378778133786e-15	1.433718247950493e-15
3614.249999999999	-2.670225308802675e-16	1.4449752099403843e-15
3614.499999999999	-5.022609974477646e-16	1.4706858362631046e-15
3614.749999999999	4.434606915508652e-17	1.4985686785790584e-15
3614.9999999999995	7.27879022619025e-16	1.5100827150684414e-15
3615.2499999999995	-1.4120237224680607e-15	1.4671786963449981e-15
3615.4999999999995	-6.573281131949974e-16	1.4591377066975946e-15
3615.7499999999995	-3.9969451901857023e-16	1.439919164399105e-15
3615.9999999999995	-9.416588094403409e-16	1.4192861829578191e-15
3616.2499999999995	1.7537318482252593e-15	1.522728387575356e-15
3616.4999999999995	2.369182070172853e-15	1.5437381927990517e-15
3616.7499999999995	2.2735982137234677e-15	1.5528003865434886e-15
3616.9999999999995	2.2247026015685028e-15	1.543609973186661e-15
3617.2499999999995	-1.3347707971977815e-16	1.3648593397781652e-15
3617.4999999999995	-6.306148645605241e-16	1.3334146180398886e-15
3617.749999999999	-7.630512716603718e-16	1.3434857339036238e-15
3617.999999999999	-1.0686113664209866e-15	1.3476682767180471e-15
3618.249999999999	-1.7137259527308466e-15	1.2989298950539163e-15
3618.499999999999	-1.939359859769868e-15	1.278873848928829e-15
3618.749999999999	-1.0713059899844393e-15	1.3149228300101431e-15
3618.999999999999	9.064492380097557e-16	1.4076795022398302e-15
3619.249999999999	-1.1465096513877347e-16	1.3084055467557317e-15
3619.499999999999	-2.335594619775819e-16	1.288562317658642e-15
3619.749999999999	-2.2758610622420575e-16	1.3137187726756211e-15
3619.999999999999	2.045234637132801e-16	1.3512764253151136e-15
3620.249999999999	1.8485988501034712e-16	1.3566608020025724e-15
3620.499999999999	1.3551999083965752e-16	1.3149618994048352e-15
3620.749999999999	-1.4623093421592496e-16	1.2603234038674862e-15
3620.999999999999	-4.2865730187249373e-16	1.2295140627187687e-15
3621.249999999999	-4.912679391605023e-16	1.231357735807586e-15
3621.499999999999	2.66078750888569e-16	1.240438670155981e-15
3621.749999999999	7.14856896906615e-16	1.2470804672536388e-15
3621.999999999999	1.3048877395164458e-16	1.229884004358482e-15
3622.2499999999995	1.8968826397727226e-15	1.3103544636882455e-15
3622.4999999999995	1.7631598543237917e-15	1.3140278338222506e-15
3622.7499999999995	1.7613692796128553e-16	1.2518616506035341e-15
3622.9999999999995	-1.8995520641059945e-15	1.1545113069426501e-15
3623.2499999999995	-2.136945541309984e-15	1.129662219006406e-15
3623.4999999999995	-2.102845265402947e-15	1.1184796900367546e-15
3623.7499999999995	-1.8919543903273602e-15	1.1150845702259226e-15
3623.9999999999995	-7.064625357015289e-16	1.1237348941997571e-15
3624.2499999999995	-4.493664368696937e-16	1.1257722201961405e-15
3624.4999999999995	-1.1265726133917367e-16	1.1604286791121687e-15
3624.749999999999	2.99594891699356e-16	1.206519871057893e-15
3624.999999999999	-3.592409136719745e-16	1.1700827371284995e-15
3625.249999999999	-1.7367132622490259e-15	1.1088490313055917e-15
3625.499999999999	-1.5491298751456805e-15	1.0872240684039526e-15
3625.749999999999	1.2287723000849903e-16	1.1095896557388471e-15
3625.999999999999	-6.883049551090344e-16	1.1172726680869173e-15
3626.249999999999	-6.547368276511097e-16	1.088640095733525e-15
3626.499999999999	-1.5200309052757063e-15	1.0507199129926076e-15
3626.749999999999	-3.1536044595484834e-15	1.0218613946005352e-15
3626.999999999999	-8.606126853437997e-16	1.0565088537914987e-15
3627.249999999999	-1.1381213252923978e-15	1.0509304006800003e-15
3627.499999999999	-9.135897257551095e-16	1.0676570779267862e-15
3627.749999999999	1.0565218769230627e-15	1.1264059067198052e-15
3627.999999999999	2.85515510050095e-16	1.098209344576012e-15
3628.249999999999	7.123078041914124e-16	1.0865288661124936e-15
3628.499999999999	9.447105632701797e-16	1.0729429870341266e-15
3628.749999999999	-5.769332515557764e-16	1.041118265139888e-15
3628.999999999999	-1.561910861165919e-15	9.908198605451516e-16
3629.2499999999995	-1.0073895190593402e-15	1.0029886535027621e-15
3629.4999999999995	-2.9229680288625373e-16	1.0274596471071757e-15
3629.7499999999995	-7.035523422529999e-16	1.0202678079893946e-15
3629.9999999999995	-2.6969100230147375e-16	1.0317534688750445e-15
3630.2499999999995	-4.90164784625822e-16	9.987209838771397e-16
3630.4999999999995	-1.4461334216166362e-15	9.446541297000689e-16
3630.7499999999995	-2.9269581363792563e-15	8.990512522484367e-16
3630.9999999999995	-1.7211731722822248e-15	9.43433978739549e-16
3631.2499999999995	-5.402172849680587e-16	9.698776061989995e-16
3631.4999999999995	1.852933144164351e-16	9.834438976404612e-16
3631.7499999999995	4.772353031420179e-16	9.965387093676574e-16
3631.999999999999	-1.0655458483057548e-15	9.202576749950137e-16
3632.249999999999	-8.693241015689549e-16	9.458644339025769e-16
3632.499999999999	7.444055883320221e-16	1.0181992476530812e-15
3632.749999999999	1.2827573891128715e-15	1.0147484354259672e-15
3632.999999999999	-9.563201821337044e-17	9.651707499902257e-16
3633.249999999999	1.347108460731806e-17	9.678255630051575e-16
3633.499999999999	1.2336923703684557e-15	9.962805760769817e-16
3633.749999999999	-4.2142774331878027e-17	9.326258383325842e-16
3633.999999999999	-7.204277928960371e-17	9.325040773464164e-16
3634.249999999999	-3.7931040644509947e-16	9.120395495825157e-16
3634.499999999999	-8.438931549375063e-16	8.905546647545288e-16
3634.749999999999	1.6158899415538307e-15	9.944955600197617e-16
3634.999999999999	6.399028455249635e-16	9.432901948967527e-16
3635.249999999999	-5.262592937280511e-16	8.92656471134022e-16
3635.499999999999	-9.0047119710539e-16	8.769392454021263e-16
3635.749999999999	-9.0036288276726e-16	8.429709478161831e-16
3635.999999999999	-5.93445894164703e-16	8.426918504600628e-16
3636.2499999999995	-3.803998761037257e-16	8.479210612994965e-16
3636.4999999999995	-3.3612099055799075e-16	8.527532254449046e-16
3636.7499999999995	-3.282766515206932e-17	8.657409404438324e-16
3636.9999999999995	3.761008927288345e-16	8.927024226714105e-16
3637.2499999999995	1.6015108690599193e-16	8.919381871947503e-16
3637.4999999999995	-6.302553520139739e-16	8.491576764629285e-16
3637.7499999999995	3.318588067941908e-17	8.62945414080538e-16
3637.9999999999995	-3.2305677789601405e-17	8.416010837822361e-16
3638.2499999999995	1.0842001210775853e-16	8.390283800236288e-16
3638.4999999999995	7.960425696812163e-16	8.831559378393809e-16
3638.749999999999	-6.968076306522507e-16	8.265270207551026e-16
3638.999999999999	-8.420945863531302e-16	7.945947256765627e-16
3639.249999999999	-9.17369927919587e-16	7.837353927158482e-16
3639.499999999999	-1.8600568235996578e-15	7.92927182501215e-16
3639.749999999999	-1.8169170385493022e-16	8.424968211239575e-16
3639.999999999999	2.618546769899506e-16	8.265278148484906e-16
3640.249999999999	-1.8094439580232532e-16	7.845368976421875e-16
3640.499999999999	-9.299851072404005e-16	7.574557720108099e-16
3640.749999999999	-6.384005267138896e-16	7.731327636777109e-16
3640.999999999999	3.529517999177297e-16	8.062004534824859e-16
3641.249999999999	9.143791604619505e-16	8.173240607227438e-16
3641.499999999999	-5.120685272462261e-16	7.541332852752049e-16
3641.749999999999	7.62028095564758e-17	7.714575972058379e-16
3641.999999999999	-3.9544127542283077e-16	7.583843848187966e-16
3642.249999999999	-1.3282539639296233e-15	7.234566636014103e-16
3642.499999999999	-1.6502797968497105e-15	6.904371487955103e-16
3642.749999999999	-1.3440368347149311e-15	7.12779072147441e-16
3642.999999999999	-9.189815139808567e-16	7.152081508819295e-16
3643.2499999999995	-9.241047927623243e-16	6.97915973263733e-16
3643.4999999999995	-1.361227050742102e-15	6.794976653421618e-16
3643.7499999999995	-1.1069892645907764e-15	6.841156889705923e-16
3643.9999999999995	-7.345226726012549e-16	6.912180072937604e-16
3644.2499999999995	-1.0947289391353033e-16	7.036112110428341e-16
3644.4999999999995	3.518999173461379e-16	7.283629431297032e-16
3644.7499999999995	1.3786642827525158e-15	7.800118358797182e-16
3644.9999999999995	1.4412711348620413e-15	7.834084909377672e-16
3645.2499999999995	6.140993632154006e-16	7.410446674764354e-16
3645.4999999999995	1.4824286245878053e-16	7.190179462600017e-16
3645.7499999999995	-1.048146626898849e-15	6.646016909921885e-16
3645.999999999999	-1.016747327302369e-15	6.568292637286238e-16
3646.249999999999	4.8238076359879175e-17	6.974471405274277e-16
3646.499999999999	-3.3477794041078025e-16	6.792795543582439e-16
3646.749999999999	-3.6596794345994973e-16	6.626790850205989e-16
3646.999999999999	-9.177528926908643e-16	6.417737824867707e-16
3647.249999999999	-1.9283617722244814e-15	6.211171900020801e-16
3647.499999999999	-1.2287735441646316e-15	6.273756517515461e-16
3647.749999999999	-5.763341345642716e-16	6.444647002810792e-16
3647.999999999999	-1.5366051165919864e-16	6.611570197539421e-16
3648.249999999999	6.536884787950947e-17	6.740075683549739e-16
3648.499999999999	1.1594963870048173e-16	6.801400339535358e-16
3648.749999999999	1.0308097682926848e-15	7.14379540901278e-16
3648.999999999999	9.41680726417851e-16	7.030444930615617e-16
3649.249999999999	-7.572202968514732e-16	6.150917681922274e-16
3649.499999999999	-6.411992823902955e-16	6.208689564089754e-16
3649.749999999999	6.902603174328812e-17	6.472621324685049e-16
3649.999999999999	4.21669862392797e-16	6.603866432884143e-16
3650.249999999999	-1.658425659763896e-16	6.39769702533567e-16
3650.4999999999995	-3.4748171408392065e-16	6.09336073436516e-16
3650.7499999999995	-2.314790167102273e-16	6.266375154775732e-16
3650.9999999999995	-8.257784421530768e-17	6.355353318906836e-16
3651.2499999999995	-3.9298241818629034e-16	5.957221363917713e-16
3651.4999999999995	-3.8120355155199244e-16	6.017896980907498e-16
3651.7499999999995	2.6111283494683344e-16	6.272188977167448e-16
3651.9999999999995	4.635503741483814e-16	6.316975314857927e-16
3652.2499999999995	-6.2853571631237e-16	5.704235386583311e-16
3652.4999999999995	-3.58621970815548e-16	5.815827742219329e-16
3652.7499999999995	2.2774063679752046e-16	6.13444342049377e-16
3652.999999999999	7.320479070271738e-16	6.40306139086975e-16
3653.249999999999	9.68250985302916e-16	6.36088814982155e-16
3653.499999999999	4.530686061239055e-16	6.268245509402387e-16
3653.749999999999	-2.6820284482248675e-16	5.865538517706907e-16
3653.999999999999	-8.393190711432146e-16	5.512525890235653e-16
3654.249999999999	-5.20899057479589e-16	5.81033102778724e-16
3654.499999999999	-2.8930177379410133e-16	5.779169744448938e-16
3654.749999999999	-6.764301884632396e-17	5.758707016630051e-16
3654.999999999999	1.3016023104722832e-16	5.787891536827698e-16
3655.249999999999	2.5358985888623516e-16	5.881958780785024e-16
3655.499999999999	-3.830249900259444e-16	5.720381422744754e-16
3655.749999999999	-2.0977189161270455e-16	5.711416108393659e-16
3655.999999999999	3.649360191021776e-16	5.815926209799447e-16
3656.249999999999	5.604467081495371e-16	5.863548519676452e-16
3656.499999999999	7.704582042071962e-16	5.884011776890932e-16
3656.749999999999	4.957714015828166e-16	5.785395436611258e-16
3656.999999999999	-3.8763397422464087e-17	5.596339800366466e-16
3657.249999999999	-3.0153655591225886e-16	5.429326608387191e-16
3657.4999999999995	-7.746672168012212e-16	5.131974104066793e-16
3657.7499999999995	-1.0264561248229161e-15	5.012227997522269e-16
3657.9999999999995	-9.735668582007656e-16	5.086583726005803e-16
3658.2499999999995	-1.3304665463367496e-16	5.218815098192856e-16
3658.4999999999995	-1.501390912949971e-16	5.241539403980913e-16
3658.7499999999995	2.7958262658972987e-16	5.522423999619911e-16
3658.9999999999995	1.1123928053986668e-15	5.885536436195989e-16
3659.2499999999995	-2.1320722563619647e-17	5.344780544152595e-16
3659.4999999999995	-1.2478162477172272e-16	5.207016458633196e-16
3659.7499999999995	3.888352720846394e-17	5.216142709244269e-16
3659.999999999999	3.7219345033381163e-16	5.278690798443079e-16
3660.249999999999	4.537014456146228e-16	5.277308546552278e-16
3660.499999999999	1.0192463921341243e-16	5.198373016802058e-16
3660.749999999999	-1.0613916413903951e-16	5.071075082137169e-16
3660.999999999999	-4.897646078803586e-17	4.932240558730677e-16
3661.249999999999	2.466423953911819e-17	5.027346476839574e-16
3661.499999999999	-2.8468462366839774e-16	5.011172912107345e-16
3661.749999999999	-1.0694039113269308e-16	5.062795335077758e-16
3661.999999999999	3.42542453210244e-16	5.1746915637836035e-16
3662.249999999999	-3.0249894415901736e-16	4.770215861415138e-16
3662.499999999999	-6.237789910388267e-16	4.681102701408065e-16
3662.749999999999	-3.7156683124130066e-16	4.834226670634737e-16
3662.999999999999	4.542153828553694e-16	5.128939079137662e-16
3663.249999999999	2.399976535305434e-16	5.043399868772411e-16
3663.499999999999	-6.13479493916688e-17	4.868097930008661e-16
3663.749999999999	1.3571713775813095e-16	4.924684495445576e-16
3663.999999999999	9.794579723489192e-16	5.325647658060897e-16
3664.249999999999	-4.7994081240233184e-17	4.879134239915792e-16
3664.4999999999995	-3.3620238513026597e-16	4.605844882835705e-16
3664.7499999999995	-3.170079568009935e-16	4.518272264001451e-16
3664.9999999999995	-1.6406396884072297e-16	4.61749899739874e-16
3665.2499999999995	-3.4993686555131684e-16	4.540827163200057e-16
3665.4999999999995	8.186867249766392e-17	4.762493567914139e-16
3665.7499999999995	4.917595888468242e-16	4.958578518829957e-16
3665.9999999999995	4.166093963983242e-16	4.859143203569407e-16
3666.2499999999995	4.638008312029727e-16	4.712461978697788e-16
3666.4999999999995	4.2609129496812563e-16	4.65615334594669e-16
3666.7499999999995	9.276151619935422e-17	4.564088276118436e-16
3666.9999999999995	-4.101738253535432e-16	4.2970449929309606e-16
3667.249999999999	-3.6470274093454783e-16	4.2857995717649757e-16
3667.499999999999	-3.311720417449799e-16	4.366167381289444e-16
3667.749999999999	-1.358082732092996e-16	4.444643395665779e-16
3667.999999999999	3.4558520731501827e-17	4.4185725156426793e-16
3668.249999999999	2.573244800902386e-16	4.498075822165356e-16
3668.499999999999	5.585036145685357e-17	4.3892993216833667e-16
3668.749999999999	-2.957049722984294e-16	4.2562992670966806e-16
3668.999999999999	-2.9720744992818094e-16	4.331756138411646e-16
3669.249999999999	-4.764333217596457e-16	4.1581464126578323e-16
3669.499999999999	-4.290329874543806e-16	4.1361714663302996e-16
3669.749999999999	-2.621871638915275e-16	4.1837797472241156e-16
3669.999999999999	-2.764074971171675e-16	4.15951622375222e-16
3670.249999999999	-1.9983508341066833e-16	4.1840142694713866e-16
3670.499999999999	-3.499912344786187e-16	4.0566829828842e-16
3670.749999999999	-4.443320965476878e-16	3.965444828970703e-16
3670.999999999999	3.5564022955275566e-16	4.2856521350925943e-16
3671.249999999999	-1.9607077634884162e-16	4.107175675661213e-16
3671.4999999999995	-5.754660316724543e-16	3.9812869920623185e-16
3671.7499999999995	-4.2413385476658015e-16	4.027964330807543e-16
3671.9999999999995	5.102478828656622e-16	4.3949567076776374e-16
3672.2499999999995	4.47418049332772e-16	4.326359215048656e-16
3672.4999999999995	4.662734791946856e-16	4.3152278786327543e-16
3672.7499999999995	4.507143839261305e-16	4.332666698829944e-16
3672.9999999999995	2.900485392162244e-16	4.1916214194311183e-16
3673.2499999999995	-1.9789741613448532e-16	3.967956811054904e-16
3673.4999999999995	-1.8411918116775284e-16	3.981574718566589e-16
3673.7499999999995	1.8918288971022686e-16	4.1349504153972733e-16
3673.999999999999	-2.043255094665288e-16	4.011199431199012e-16
3674.249999999999	-5.810151033285949e-17	3.9847487098386284e-16
3674.499999999999	-3.295979368916262e-16	3.8697724575783297e-16
3674.749999999999	-7.054014681164152e-16	3.771843272777116e-16
3674.999999999999	3.221026746902709e-16	4.1856363375653786e-16
3675.249999999999	1.3904310526975357e-16	4.025780044594811e-16
3675.499999999999	-2.9254482472112163e-16	3.799065323515093e-16
3675.749999999999	-4.896682115604941e-16	3.734144483272787e-16
3675.999999999999	5.703509585226632e-16	4.26078113017884e-16
3676.249999999999	4.3969255298844116e-16	4.064405805780791e-16
3676.499999999999	2.897363281658224e-16	3.902579631812265e-16
3676.749999999999	2.951352102925029e-16	3.9049015608789257e-16
3676.999999999999	5.684864107039074e-18	3.656789464062584e-16
3677.249999999999	-2.2038420859017607e-16	3.6389062162658816e-16
3677.499999999999	-3.7924317320491116e-16	3.6277687918006717e-16
3677.749999999999	-2.887385233539568e-16	3.624704385416183e-16
3677.999999999999	5.727143922037395e-16	3.9350961678661733e-16
3678.249999999999	1.3189983819754164e-16	3.7980780007359496e-16
3678.499999999999	9.393935521718073e-17	3.75318737211384e-16
3678.7499999999995	5.953469007961376e-16	3.8894418861025546e-16
3678.9999999999995	1.359162550208235e-17	3.649079081962406e-16
3679.2499999999995	-2.7473095421675525e-16	3.5294939116778596e-16
3679.4999999999995	-2.159700684391277e-16	3.546862851656901e-16
3679.7499999999995	-5.1403259812756184e-17	3.6568410801328074e-16
3679.9999999999995	-5.2885382181994e-17	3.522464597006833e-16
3680.2499999999995	5.632411757216474e-17	3.52141745252579e-16
3680.4999999999995	-8.076457166836284e-17	3.4635426029156597e-16
3680.7499999999995	-3.9416469089220013e-16	3.3192505403508896e-16
3680.9999999999995	-6.782802275340512e-17	3.507976098444048e-16
3681.249999999999	-1.8192968040843928e-16	3.4077580718006755e-16
3681.499999999999	-2.557817154559333e-16	3.3513991464683346e-16
3681.749999999999	-7.83352017662987e-17	3.471469772510776e-16
3681.999999999999	-2.9534831848807615e-16	3.402817752135815e-16
3682.249999999999	-5.71202544272009e-16	3.2812619067599223e-16
3682.499999999999	-4.318652274019826e-16	3.3371224061423633e-16
3682.749999999999	2.955942227405759e-16	3.641701954387413e-16
3682.999999999999	6.267720878370682e-16	3.780211693598192e-16
3683.249999999999	1.800357114296562e-17	3.4914274569348633e-16
3683.499999999999	-3.7105853206360927e-16	3.28166610029444e-16
3683.749999999999	1.0577768621135384e-16	3.4811360066257235e-16
3683.999999999999	-1.6759354189704184e-16	3.317246513337245e-16
3684.249999999999	2.0977160044512893e-16	3.446531269659037e-16
3684.499999999999	3.9093005735509317e-16	3.504607024896344e-16
3684.749999999999	-2.0190277024425489e-16	3.276392526104394e-16
3684.999999999999	1.9664986895207774e-16	3.3901305220749255e-16
3685.249999999999	-1.584891950285892e-16	3.206526072241307e-16
3685.499999999999	-3.9934734138931437e-16	3.052998968271301e-16
3685.7499999999995	4.254041328722207e-17	3.1727702211064473e-16
3685.9999999999995	-1.3416798067205184e-16	3.2231088597661783e-16
3686.2499999999995	-1.1232464208869874e-16	3.223505906460204e-16
3686.4999999999995	-2.6204487890000104e-17	3.1802021411252157e-16
3686.7499999999995	-1.2049603510530998e-16	3.1032523742407147e-16
3686.9999999999995	-1.8788446430270237e-17	3.1917876989590824e-16
3687.2499999999995	1.1265124608175918e-17	3.193122040548804e-16
3687.4999999999995	-7.370209036349528e-17	3.075286257998134e-16
3687.7499999999995	-5.61490676257028e-16	2.7993914805118513e-16
3687.9999999999995	-5.666068611375624e-16	2.840541399880649e-16
3688.249999999999	-4.974818787406782e-16	2.8495630948622956e-16
3688.499999999999	-3.5217215902934133e-16	2.896725624667619e-16
3688.749999999999	-4.6600305069138484e-17	3.040922925421415e-16
3688.999999999999	-1.6103550841693363e-16	3.0079990194594364e-16
3689.249999999999	-7.087170991791034e-17	3.0123347693581943e-16
3689.499999999999	-5.227376814579474e-17	3.0277931206455853e-16
3689.749999999999	-9.676094107849301e-17	3.0217889805385324e-16
3689.999999999999	1.9380668375061047e-16	3.1027931235646253e-16
3690.249999999999	2.4559217379826006e-16	3.099014033130891e-16
3690.499999999999	2.9497067414249874e-16	3.154496014665028e-16
3690.749999999999	8.799124898656665e-16	3.436014561525487e-16
3690.999999999999	2.0300826735442995e-16	3.0256263044873904e-16
3691.249999999999	-2.070328683026924e-17	2.921931207595539e-16
3691.499999999999	-1.4035100354965302e-16	2.9280396386342224e-16
3691.749999999999	-8.37830887194448e-16	2.7002015401082085e-16
3691.999999999999	-7.064316322338439e-17	2.9000269355795427e-16
3692.249999999999	1.321361868596052e-16	2.9753030182998283e-16
3692.499999999999	-3.7327186885945416e-17	2.953658679519521e-16
3692.7499999999995	-3.956507109364843e-17	2.894757861252029e-16
3692.9999999999995	-4.635477801099804e-16	2.754714198313331e-16
3693.2499999999995	-5.025775760118009e-16	2.7047268136289146e-16
3693.4999999999995	-2.3357934078206276e-16	2.7569350128219135e-16
3693.7499999999995	1.7262282649114385e-16	2.90969052271653e-16
3693.9999999999995	1.9650501308320745e-16	2.9180261210109005e-16
3694.2499999999995	7.819362153265412e-17	2.871249785289966e-16
3694.4999999999995	-1.746890310170727e-17	2.8057111403917564e-16
3694.7499999999995	1.6379568438956997e-16	2.791825358710502e-16
3694.9999999999995	-3.0938755209912626e-17	2.7495885901912586e-16
3695.249999999999	-2.4993454114191843e-16	2.7337887787470057e-16
3695.499999999999	-3.1167096101902174e-16	2.7447671198368095e-16
3695.749999999999	3.808835186817181e-17	2.7735183297423766e-16
3695.999999999999	-7.501274150047331e-17	2.6880508524798456e-16
3696.249999999999	-1.403368422175661e-16	2.632647486191126e-16
3696.499999999999	-1.482081605777227e-16	2.5950768104200694e-16
3696.749999999999	-2.2674251434829967e-16	2.530800509311065e-16
3696.999999999999	-2.7398628983338806e-17	2.696886200213096e-16
3697.249999999999	5.4839129849285046e-18	2.7159677349323673e-16
3697.499999999999	-1.4655231704495896e-17	2.652602258939457e-16
3697.749999999999	6.025372179015916e-17	2.704204829575169e-16
3697.999999999999	4.860905032099696e-17	2.685171205156977e-16
3698.249999999999	1.3345226430140156e-16	2.7016677012003465e-16
3698.499999999999	2.430968412054285e-16	2.741518483786293e-16
3698.749999999999	1.476418396431444e-16	2.7674188984287576e-16
3698.999999999999	-3.0569535533437947e-16	2.550629815304084e-16
3699.249999999999	-2.7547218745494156e-16	2.505441666359251e-16
3699.499999999999	-4.3234672592782725e-17	2.564419511685384e-16
3699.7499999999995	-3.3724293863618827e-16	2.4287123927388323e-16
3699.9999999999995	-4.3368216601340226e-16	2.398210206912613e-16
3700.2499999999995	-3.894190564563099e-16	2.4333806030693876e-16
3700.4999999999995	-2.0101747523058633e-16	2.518743789400288e-16
3700.7499999999995	6.08486565564869e-17	2.6345612512563286e-16
3700.9999999999995	-1.9812984726916782e-16	2.4790698249420806e-16
3701.2499999999995	-2.307987963140229e-16	2.3934456465843075e-16
3701.4999999999995	-1.0606527374928138e-16	2.3877384974043856e-16
3701.7499999999995	-3.4118770342044956e-16	2.3392736544426587e-16
3701.9999999999995	1.1692853085482188e-16	2.560941912041313e-16
3702.2499999999995	2.583014531855576e-16	2.6305526678334476e-16
3702.499999999999	5.1002702564211056e-17	2.530100648338396e-16
3702.749999999999	-3.1316102432214007e-16	2.317250797814047e-16
3702.999999999999	-2.7742788065103334e-16	2.3006915683930213e-16
3703.249999999999	-7.166944290065648e-18	2.4121198113955086e-16
3703.499999999999	1.7380847409395286e-16	2.5238707210113406e-16
3703.749999999999	-3.2429556358137346e-16	2.358919789560834e-16
3703.999999999999	-1.0913778650377284e-16	2.363408270087894e-16
3704.249999999999	-8.220986630236856e-18	2.369869543288668e-16
3704.499999999999	-4.3741817026338986e-17	2.375950445756566e-16
3704.749999999999	2.2454110218816535e-16	2.4391060163972346e-16
3704.999999999999	-2.1945902361864776e-16	2.3100404298505447e-16
3705.249999999999	-2.1240309358423162e-16	2.3096296188711263e-16
3705.499999999999	2.4647509976665426e-16	2.409705238100242e-16
3705.749999999999	3.5641710434917566e-17	2.3469168033026487e-16
3705.999999999999	-1.2566256550664679e-17	2.3030487022665524e-16
3706.249999999999	5.1659067071549433e-17	2.2960919147916345e-16
3706.499999999999	1.056647330443485e-16	2.303646919285551e-16
3706.749999999999	6.22901014919218e-17	2.2994652235040747e-16
3706.9999999999995	1.7571474821152826e-16	2.367477998701655e-16
3707.2499999999995	1.7728733105255487e-16	2.3482540565681264e-16
3707.4999999999995	9.372659112874229e-17	2.281840585454081e-16
3707.7499999999995	2.7269368115993104e-16	2.415746965294329e-16
3707.9999999999995	1.0935097410868491e-16	2.357124079712655e-16
3708.2499999999995	-3.145455195267619e-17	2.2672509723332176e-16
3708.4999999999995	-3.433094680137624e-17	2.2163834674770446e-16
3708.7499999999995	1.273723015106796e-16	2.34378860474932e-16
3708.9999999999995	3.124956270025126e-16	2.4445781139342934e-16
3709.249999999999	7.74883011679424e-17	2.3260591463721036e-16
3709.499999999999	-3.8583806585311474e-16	2.0817045671191208e-16
3709.749999999999	1.552400692871503e-16	2.2940791527507214e-16
3709.999999999999	-6.971675071582705e-18	2.167859861604602e-16
3710.249999999999	-1.321414659262745e-17	2.1623099429155142e-16
3710.499999999999	1.292285609796976e-16	2.257505593577261e-16
3710.749999999999	-3.6444259594062235e-16	2.024099709260928e-16
3710.999999999999	1.8955559744190855e-16	2.292664607728807e-16
3711.249999999999	2.4635347112938447e-16	2.3172568858633553e-16
3711.499999999999	-2.002682084142909e-16	2.094140996018284e-16
3711.749999999999	1.1475647368026584e-16	2.1588180495904583e-16
3711.999999999999	-4.3562246041521074e-17	2.0779350058060432e-16
3712.249999999999	4.3405670677732137e-17	2.1419460797234387e-16
3712.499999999999	3.4573637622632356e-16	2.302935411609857e-16
3712.749999999999	7.11800100583762e-17	2.235543617441733e-16
3712.999999999999	-1.0499950281520478e-17	2.1643080142287483e-16
3713.249999999999	3.057506374690776e-17	2.1399828161703809e-16
3713.499999999999	-1.0801690052548184e-17	2.125289441513479e-16
3713.749999999999	-3.9579642045574673e-16	1.9471532510988772e-16
3713.9999999999995	-4.090163548311202e-16	1.950018604740761e-16
3714.2499999999995	-2.3587379421749705e-16	2.0155612201059106e-16
3714.4999999999995	-6.625480960075174e-18	2.0811718628046367e-16
3714.7499999999995	-1.9440173763094642e-17	2.0570221593850285e-16
3714.9999999999995	-2.067934590723624e-16	1.977522426282598e-16
3715.2499999999995	-2.5815224303794284e-16	1.9626793650220486e-16
3715.4999999999995	-1.628306359299615e-16	2.019419587529552e-16
3715.7499999999995	-3.846257830345815e-17	2.0597390175633467e-16
3715.9999999999995	3.389374545169501e-16	2.230099842568848e-16
3716.2499999999995	1.839111022303039e-16	2.1410813120238513e-16
3716.499999999999	-3.4751416603371233e-16	1.8541054907029103e-16
3716.749999999999	1.6003857710779492e-16	2.0944010616028708e-16
3716.999999999999	-3.456796713409718e-17	1.9878879919746226e-16
3717.249999999999	5.2793584986335313e-17	1.9773843863819752e-16
3717.499999999999	3.9129954900855325e-16	2.0956607584141155e-16
3717.749999999999	1.851621831282883e-16	2.094294388391076e-16
3717.999999999999	2.7724055402079213e-16	2.1160152248344324e-16
3718.249999999999	1.2784428415075745e-16	2.0241567516359697e-16
3718.499999999999	-2.3082780719246637e-16	1.857891727977137e-16
3718.749999999999	-1.273223927412406e-16	1.9476380451122823e-16
3718.999999999999	4.392658601412618e-17	1.946604929614428e-16
3719.249999999999	1.3437983155309402e-16	1.9820312885399511e-16
3719.499999999999	1.5442936611239933e-16	2.0378854351752878e-16
3719.749999999999	2.0179877048019982e-16	2.0035596896856032e-16
3719.999999999999	-1.4906018307843193e-16	1.846083162250126e-16
3720.249999999999	-2.169639424887224e-16	1.809223861805865e-16
3720.499999999999	6.4235266333177e-17	1.900369371490756e-16
3720.749999999999	1.7511731205102816e-16	1.8971601754118463e-16
3720.9999999999995	2.189949025031116e-16	1.9561564172348024e-16
3721.2499999999995	6.359193157484756e-17	1.913002867899054e-16
3721.4999999999995	-1.8229937058524638e-16	1.8060674729372607e-16
3721.7499999999995	1.7795276807685173e-16	1.9462375290735565e-16
3721.9999999999995	4.4073102861666473e-17	1.8769272052799013e-16
3722.2499999999995	1.2626515003927942e-16	1.9000309553585484e-16
3722.4999999999995	3.03148247852647e-16	1.980002379933481e-16
3722.7499999999995	-1.4148436010285887e-16	1.7505801974472036e-16
3722.9999999999995	1.2104574625318822e-16	1.8828075991673163e-16
3723.2499999999995	7.631770825228186e-17	1.8835021661840648e-16
3723.499999999999	-1.8066617194893188e-16	1.7588557093418781e-16
3723.749999999999	2.0735443311146117e-16	1.9220233717406182e-16
3723.999999999999	1.0005792418145177e-16	1.844866611179632e-16
3724.249999999999	1.8992258770119628e-17	1.80845994396656e-16
3724.499999999999	9.070156515885626e-17	1.8547930432280643e-16
3724.749999999999	3.441674594497718e-16	1.9074913303903886e-16
3724.999999999999	1.9278403705058871e-16	1.8608274912327612e-16
3725.249999999999	2.6490606355159746e-17	1.7966057178697361e-16
3725.499999999999	1.1399461841581827e-18	1.7647584701930565e-16
3725.749999999999	1.234571828795722e-16	1.8746973910462543e-16
3725.999999999999	1.62386009807102e-16	1.853385512697744e-16
3726.249999999999	1.5061583849540326e-16	1.8038974804055136e-16
3726.499999999999	4.4407697419444173e-17	1.74225611350696e-16
3726.749999999999	-8.277396542982155e-17	1.7058925920346388e-16
3726.999999999999	-3.6351006560525457e-16	1.6047626814839878e-16
3727.249999999999	-2.2698045119713933e-16	1.6431144804510904e-16
3727.499999999999	1.6864219515552227e-16	1.772332003532694e-16
3727.749999999999	3.6612714594936414e-17	1.7437652879909507e-16
3727.9999999999995	1.4394604960581668e-16	1.7706601722530509e-16
3728.2499999999995	1.3087192401137914e-16	1.7611806824331932e-16
3728.4999999999995	4.5622117672680225e-17	1.7523352761836941e-16
3728.7499999999995	2.813174030052659e-16	1.8760865250797514e-16
3728.9999999999995	3.1724533364855843e-18	1.718622173742891e-16
3729.2499999999995	5.0111339353568814e-17	1.714148251594612e-16
3729.4999999999995	2.7924725448217637e-16	1.8293955543980322e-16
3729.7499999999995	1.707495502625644e-17	1.7410126956101703e-16
3729.9999999999995	3.3049010081310137e-16	1.8271805632409622e-16
3730.2499999999995	2.418584790365427e-16	1.7775750051273002e-16
3730.499999999999	-8.716066303686787e-17	1.6318984407404633e-16
3730.749999999999	1.6732646182086072e-16	1.6941128783673937e-16
3730.999999999999	1.2828897644806596e-16	1.7197751973423408e-16
3731.249999999999	1.0378442578056236e-16	1.720496366487589e-16
3731.499999999999	6.841500996840745e-17	1.6937491835956664e-16
3731.749999999999	-7.83944411330473e-17	1.6314761154069183e-16
3731.999999999999	-3.071859281807551e-17	1.648426435821559e-16
3732.249999999999	-1.5929296642980697e-17	1.6510061805415403e-16
3732.499999999999	-8.798245704927195e-17	1.623063622402805e-16
3732.749999999999	-1.7143126289259386e-16	1.5780332333443982e-16
3732.999999999999	3.95817602896873e-17	1.6263163612691595e-16
3733.249999999999	4.205140727013787e-17	1.6179434405855507e-16
3733.499999999999	-1.3461813567012565e-17	1.6071245799178472e-16
3733.749999999999	3.0250201465345115e-16	1.7842071407554033e-16
3733.999999999999	1.0793152556009902e-16	1.6440728188215698e-16
3734.249999999999	-8.299692038340664e-18	1.5755527502979232e-16
3734.499999999999	-1.8378431198601177e-17	1.59075884458571e-16
3734.749999999999	9.561494851424979e-18	1.5887904194256298e-16
3734.999999999999	3.4160582005903796e-16	1.7652154709378798e-16
3735.2499999999995	2.583296170310538e-16	1.72665747238768e-16
3735.4999999999995	4.141222247694161e-18	1.5627682437969976e-16
3735.7499999999995	9.02202122167994e-17	1.585845524096043e-16
3735.9999999999995	8.940202471186605e-17	1.552742020679467e-16
3736.2499999999995	7.12128061153027e-18	1.5524680584605893e-16
3736.4999999999995	-5.480858041490224e-17	1.5592423368051536e-16
3736.7499999999995	-1.28576597073218e-16	1.4911948861962953e-16
3736.9999999999995	-1.624544738920418e-16	1.4775164952382204e-16
3737.2499999999995	-1.5852090582455202e-16	1.454064667557811e-16
3737.4999999999995	-9.596551758401712e-17	1.472533162181507e-16
3737.749999999999	2.675714876394271e-16	1.6225359473464451e-16
3737.999999999999	-8.867784462918813e-17	1.5116504671746907e-16
3738.249999999999	-1.5685545376179286e-16	1.4431851910948196e-16
3738.499999999999	-8.596070851818414e-17	1.4343551373174895e-16
3738.749999999999	-2.212909838299914e-16	1.4610942469266337e-16
3738.999999999999	-8.575486627711155e-17	1.4925983139107773e-16
3739.249999999999	4.320980423484693e-17	1.5174154528230422e-16
3739.499999999999	8.910999686841033e-17	1.522792788549127e-16
3739.749999999999	1.2898838578012037e-17	1.4815876796898594e-16
3739.999999999999	-1.268361280007064e-17	1.487009352296777e-16
3740.249999999999	3.9650515542202707e-17	1.49803692717664e-16
3740.499999999999	7.817194940060523e-17	1.5037512231970543e-16
3740.749999999999	2.562055131709687e-17	1.4916529457323027e-16
3740.999999999999	-9.644797563937234e-17	1.432881035291471e-16
3741.249999999999	2.8007210575412445e-17	1.4969737684789378e-16
3741.499999999999	1.9100788836953525e-16	1.5509729129597875e-16
3741.749999999999	-3.8592710357424995e-17	1.401838733612479e-16
3741.999999999999	7.499732947130022e-17	1.4960745900658681e-16
3742.2499999999995	7.587580851672133e-17	1.4764291166921827e-16
3742.4999999999995	9.560889686088835e-17	1.457542796597474e-16
3742.7499999999995	4.086604421745958e-16	1.606232283647474e-16
3742.9999999999995	-1.203014292856783e-16	1.3976837723084007e-16
3743.2499999999995	-1.221169385289995e-16	1.412772208425858e-16
3743.4999999999995	1.550402158337126e-17	1.4789358048204634e-16
3743.7499999999995	-2.538588977261068e-16	1.350641547651367e-16
3743.9999999999995	3.7910117607223786e-17	1.4164827421304238e-16
3744.2499999999995	4.4325336700213493e-17	1.4092399486869095e-16
3744.499999999999	-1.0665497246233165e-17	1.40625402519894e-16
3744.749999999999	1.6400926904117606e-16	1.4978565356286544e-16
3744.999999999999	6.759393064005261e-17	1.4296273699828304e-16
3745.249999999999	9.627121045119221e-17	1.405458343624113e-16
3745.499999999999	1.2356081206671285e-16	1.4061632338549062e-16
3745.749999999999	3.673525313088002e-17	1.4040109760754923e-16
3745.999999999999	-6.742777321604786e-17	1.3710902464870658e-16
3746.249999999999	-8.379392544721374e-17	1.3441760392858565e-16
3746.499999999999	-6.014576479405364e-17	1.3272324686650143e-16
3746.749999999999	-9.148899477989244e-17	1.3259394199314714e-16
3746.999999999999	-4.2725662039764544e-17	1.3470803035037546e-16
3747.249999999999	-1.2009009456533836e-16	1.3201897867552888e-16
3747.499999999999	-1.0718495866132296e-16	1.3107583395854082e-16
3747.749999999999	1.6070999630228176e-16	1.3765503002744059e-16
3747.999999999999	1.6301691700390845e-16	1.3874164094986984e-16
3748.249999999999	1.2474673760220768e-16	1.3677954206711446e-16
3748.499999999999	5.275221602954031e-17	1.327992416037379e-16
3748.749999999999	-1.3474581099767321e-17	1.2769801214867848e-16
3748.999999999999	6.065001409546596e-17	1.3455135572491302e-16
3749.2499999999995	-1.2687431892958797e-17	1.3019916809302242e-16
3749.4999999999995	-2.0806550403579136e-17	1.2864461117190456e-16
3749.7499999999995	1.8243125626211183e-16	1.3932195116296765e-16
3749.9999999999995	1.40808656112799e-17	1.3243770411904812e-16
3750.2499999999995	1.1329690356324867e-16	1.3629785825281258e-16
3750.4999999999995	7.391623088047301e-17	1.3589345296005786e-16
3750.7499999999995	-2.304989995902541e-16	1.2346929280373999e-16
3750.9999999999995	1.1626081742947928e-16	1.3852184913494715e-16
3751.2499999999995	1.2656636289625693e-16	1.3664249478322668e-16
3751.4999999999995	5.861827984002341e-17	1.3040204571877962e-16
3751.749999999999	1.148027097677851e-17	1.2750101081399285e-16
3751.999999999999	8.148591286717848e-17	1.334982158387901e-16
3752.249999999999	-6.512631852390892e-17	1.258639078851871e-16
3752.499999999999	-1.511374519722343e-16	1.2034408533550644e-16
3752.749999999999	-4.244124425794431e-17	1.2529790458796401e-16
3752.999999999999	1.4440630613353099e-16	1.3373169252976687e-16
3753.249999999999	2.5222640053895176e-16	1.3925298415221542e-16
3753.499999999999	1.368829727309081e-16	1.3386810453894422e-16
3753.749999999999	-1.6113777441042478e-16	1.1664702474875784e-16
3753.999999999999	-4.16235009489999e-18	1.242058011862674e-16
3754.249999999999	-1.3149461234161926e-16	1.2021613042091184e-16
3754.499999999999	-7.654080217220986e-17	1.2362484246356936e-16
3754.749999999999	2.3728209237142573e-16	1.3603260459142398e-16
3754.999999999999	-3.19764929930298e-17	1.2211135340550353e-16
3755.249999999999	-2.4082230297042203e-17	1.23082582558649e-16
3755.499999999999	-4.83367027586751e-17	1.2143645343499907e-16
3755.749999999999	-1.8225470283216852e-16	1.1377395516612025e-16
3755.999999999999	1.0021342751916683e-17	1.2098580543728018e-16
3756.2499999999995	7.391189645406323e-17	1.2312996346413603e-16
3756.4999999999995	4.2966672691760444e-17	1.223994240169088e-16
3756.7499999999995	-2.978681356270393e-17	1.196976139082942e-16
3756.9999999999995	-2.1734663594475884e-17	1.1920039233336612e-16
3757.2499999999995	2.8373314097083515e-17	1.190829856259428e-16
3757.4999999999995	9.007896285539985e-17	1.2161119368503967e-16
3757.7499999999995	1.2358987588471552e-16	1.246737736547356e-16
3757.9999999999995	5.93308396894562e-17	1.1777249330764239e-16
3758.2499999999995	3.717217985659788e-17	1.1797306806257424e-16
3758.499999999999	2.083391353824239e-17	1.1777874017562839e-16
3758.7499999999995	1.1013274581433123e-17	1.1551901509103152e-16
3758.999999999999	-7.954222371613608e-17	1.1369729868439374e-16
3759.249999999999	-8.12912673428774e-17	1.1223149493428037e-16
3759.499999999999	-7.810957336497383e-17	1.1244751480560982e-16
3759.749999999999	-9.596861454823051e-17	1.1276991672115849e-16
3759.999999999999	-2.0178663408625244e-16	1.0769719521873009e-16
3760.249999999999	-6.477786372778728e-17	1.145157707394578e-16
3760.499999999999	3.478244017768116e-18	1.171534313372077e-16
3760.749999999999	-1.1789089759488445e-18	1.1710144469006997e-16
3760.999999999999	1.9160400104105527e-16	1.2533752984802775e-16
3761.249999999999	7.395935015144418e-17	1.170644664079664e-16
3761.499999999999	-5.970637637883282e-18	1.1295969180601285e-16
3761.749999999999	-3.437555830617245e-17	1.125268579699659e-16
3761.999999999999	-1.4274295841825016e-16	1.0583223380966804e-16
3762.249999999999	-5.968867802244663e-17	1.0944784688458222e-16
3762.499999999999	-1.1167728392386984e-16	1.0744205963059424e-16
3762.749999999999	-1.6624735508094854e-16	1.0361130680452236e-16
3762.999999999999	1.1790376025340965e-17	1.1074503152118788e-16
3763.249999999999	-1.1007449244687279e-16	1.0657978670773426e-16
3763.4999999999995	-6.886729909246164e-17	1.0756084938400175e-16
3763.7499999999995	2.7608726241482375e-17	1.098547337191746e-16
3763.9999999999995	-1.3039210631653918e-16	1.0350223807767357e-16
3764.2499999999995	5.95508366451708e-17	1.1598391706506593e-16
3764.4999999999995	2.9554336105907126e-17	1.1388414885860212e-16
3764.7499999999995	-6.189277024776563e-17	1.0645625224633314e-16
3764.9999999999995	4.507950373445769e-17	1.1215759130963243e-16
3765.2499999999995	5.876685471292774e-17	1.1029722240733127e-16
3765.4999999999995	1.3197930047590593e-16	1.145531857729248e-16
3765.749999999999	1.521840538227956e-16	1.168273898269638e-16
3765.999999999999	2.0223848397740137e-18	1.0502024685060638e-16
3766.249999999999	-2.1135960193277353e-16	1.0018724890714076e-16
3766.499999999999	-1.2981002262820807e-16	1.033217472680145e-16
3766.749999999999	1.081719555313049e-17	1.0673755321160527e-16
3766.999999999999	-1.0885237610521755e-16	1.022749865987756e-16
3767.249999999999	-3.250478347176537e-17	1.0447048938061384e-16
3767.499999999999	-1.3844192363543983e-16	1.0040350038904172e-16
3767.749999999999	-1.2571190517582435e-16	1.0123099202150507e-16
3767.999999999999	2.8461945507101836e-16	1.161378653032294e-16
3768.249999999999	-9.817624710657124e-17	1.0411821631878466e-16
3768.499999999999	-1.124769889051963e-16	1.006324375128168e-16
3768.749999999999	-3.2783976780836717e-17	1.0102036536776946e-16
3768.999999999999	-8.265356101985833e-17	1.0094931386187361e-16
3769.249999999999	1.0340826374264264e-16	1.0810999143161856e-16
3769.499999999999	5.87584704102389e-17	1.0582420684900382e-16
3769.749999999999	2.4391599154859486e-17	1.046805072294186e-16
3769.999999999999	1.706238552054033e-16	1.1102882726318747e-16
3770.249999999999	3.3281787721951236e-18	1.033966567442873e-16
3770.4999999999995	-3.996128729833888e-17	1.0010144049911696e-16
3770.7499999999995	-2.3226756798817412e-17	9.964479047887338e-17
3770.9999999999995	-1.678734929035543e-17	1.0085905191343182e-16
3771.2499999999995	7.413798807653113e-17	1.0211531427077326e-16
3771.4999999999995	-3.3914865027094714e-17	1.0011251810188027e-16
3771.7499999999995	-1.4608107555870995e-16	9.745611028272747e-17
3771.9999999999995	-1.7941765861956884e-16	9.672232828749903e-17
3772.2499999999995	3.160876819735813e-17	1.0514973039497298e-16
3772.4999999999995	1.0762574666614021e-16	1.0483633482193379e-16
3772.7499999999995	1.1004762562057707e-16	1.0468656219150249e-16
3772.999999999999	6.917155597409335e-17	1.0622375493720164e-16
3773.249999999999	-1.764686737090336e-16	9.46938895196169e-17
3773.499999999999	-6.788184243278027e-17	9.759287301648454e-17
3773.749999999999	8.4297115957442e-17	1.0233064592783306e-16
3773.999999999999	1.3056014971234056e-16	1.0439162928973548e-16
3774.249999999999	4.497309191173642e-17	1.0307132330064774e-16
3774.499999999999	-4.8696215305225345e-17	9.823218436831452e-17
3774.749999999999	-3.833731338021557e-17	9.798131703213944e-17
3774.999999999999	6.918446660909408e-17	1.0287391168437829e-16
3775.249999999999	1.0226673464498477e-16	1.0507025488171889e-16
3775.499999999999	1.2511952474322818e-16	1.0381513734234523e-16
3775.749999999999	8.860681297562697e-17	1.0127170254253248e-16
3775.999999999999	3.3296861847844096e-17	9.919477113842003e-17
3776.249999999999	1.3113429246679116e-16	1.0235121294658358e-16
3776.499999999999	1.1764839305470228e-17	9.805496257643626e-17
3776.749999999999	3.114611615458987e-17	9.86747458483651e-17
3776.999999999999	9.415147079601892e-17	1.0112720401568681e-16
3777.249999999999	-1.9988554804547897e-16	8.914799423702857e-17
3777.4999999999995	-6.116118441706352e-18	9.542919352717243e-17
3777.7499999999995	4.3461823006434686e-17	9.728394421875314e-17
3777.9999999999995	-3.239485116835707e-17	9.426584009623296e-17
3778.2499999999995	-1.9954579188067894e-17	9.220326854755443e-17
3778.4999999999995	-5.293237596695436e-17	9.421423726089945e-17
3778.7499999999995	-1.0658895848636625e-16	9.20561164253037e-17
3778.9999999999995	-9.340645899679446e-17	9.076710433315006e-17
3779.2499999999995	1.8908102076342973e-16	1.0284488095360013e-16
3779.4999999999995	2.6216667297339334e-17	9.791946377465518e-17
3779.749999999999	-3.646991344270771e-17	9.39857832106021e-17
3779.999999999999	5.010007563516768e-18	9.340408995152011e-17
3780.249999999999	7.175633656964395e-17	9.732319890190245e-17
3780.499999999999	-1.3787142874749058e-17	9.426388133254243e-17
3780.749999999999	-3.002703012131178e-17	9.446417153734357e-17
3780.999999999999	9.796389329971662e-18	9.760017867565461e-17
3781.249999999999	1.3262489840039132e-16	1.0228401941106467e-16
3781.499999999999	4.8501834478720284e-17	9.4010777299991e-17
3781.749999999999	-2.134921562699965e-17	9.017510109491321e-17
3781.999999999999	-5.628158725378972e-17	8.979151428381522e-17
3782.249999999999	-7.903786853560534e-17	9.035608159549491e-17
3782.499999999999	1.7805172534789268e-16	1.014015103416992e-16
3782.749999999999	8.465067280358186e-17	9.916267653065297e-17
3782.999999999999	-6.418412010154162e-17	9.327331600539793e-17
3783.249999999999	2.6636110733630274e-17	9.279599308728543e-17
3783.499999999999	5.975622228254526e-17	9.16864725706109e-17
3783.749999999999	1.0679765284619093e-17	8.971553278146855e-17
3783.999999999999	-2.889206883771757e-17	8.955682660042168e-17
3784.249999999999	5.17942813231998e-17	9.288472640595522e-17
3784.4999999999995	6.086036943396065e-17	9.400274372188189e-17
3784.7499999999995	6.794173030912911e-17	9.421619602458997e-17
3784.9999999999995	9.066521553401823e-17	9.506487009817958e-17
3785.2499999999995	1.110761155244459e-16	9.653533252950284e-17
3785.4999999999995	-3.5956806691296166e-17	8.774073502194925e-17
3785.7499999999995	-7.117470617628851e-18	8.854415238986486e-17
3785.9999999999995	1.086734751366958e-17	8.948409426352111e-17
3786.2499999999995	-3.353841182159938e-17	8.665064332350237e-17
3786.4999999999995	-1.7266190912072576e-17	8.668435258782513e-17
3786.7499999999995	1.6996687196696674e-17	8.866628395294709e-17
3786.999999999999	2.468798293142091e-17	8.868887590983714e-17
3787.249999999999	1.2367363453918141e-18	8.633410446413548e-17
3787.499999999999	1.0642217240509596e-16	9.089119465992282e-17
3787.749999999999	1.3863317937359067e-17	8.698577058559456e-17
3787.999999999999	-2.5969872998500463e-17	8.604964036020094e-17
3788.249999999999	2.5446578690664717e-17	8.928799290134194e-17
3788.499999999999	-6.607782107380622e-17	8.504927459715891e-17
3788.749999999999	1.0801599724425293e-16	9.419686646803583e-17
3788.999999999999	1.4437439681422114e-16	9.576224952901079e-17
3789.249999999999	2.1778919411608696e-17	8.85244919610657e-17
3789.499999999999	-3.349553408736708e-17	8.434337189729596e-17
3789.749999999999	-1.1421217560231615e-16	8.103093706049471e-17
3789.999999999999	-4.9257172800711856e-17	8.268837539747946e-17
3790.249999999999	8.441117423774571e-17	8.710400447363044e-17
3790.499999999999	3.6279039861999873e-17	8.75902080027993e-17
3790.749999999999	-1.413772766094802e-17	8.512672517227348e-17
3790.999999999999	-4.179434269681354e-17	8.406721930415636e-17
3791.249999999999	-6.343931344310907e-17	8.335173454407759e-17
3791.499999999999	-1.4751936397292735e-16	7.862409294087162e-17
3791.7499999999995	-5.034168599310768e-17	8.105740684009641e-17
3791.9999999999995	4.789978265040214e-17	8.52846968169364e-17
3792.2499999999995	1.3971621853013492e-16	9.011241403937149e-17
3792.4999999999995	2.39807282875648e-16	9.486029178908296e-17
3792.7499999999995	1.2780943668591182e-16	8.99581150766283e-17
3792.9999999999995	2.55769373921194e-17	8.568034723008787e-17
3793.2499999999995	-4.122485200612793e-17	8.13021596571835e-17
3793.4999999999995	-1.4746613324614834e-16	7.482260245614942e-17
3793.749999999999	3.8639201216572925e-17	8.576919966276587e-17
3793.9999999999995	-4.789249353484432e-17	8.210264549700822e-17
3794.249999999999	-1.4131740196802117e-16	7.666896222759638e-17
3794.499999999999	9.295757785686399e-17	8.555069163215386e-17
3794.749999999999	1.1544944092970969e-17	8.421537727803196e-17
3794.999999999999	4.0603566574206704e-17	8.578184559997058e-17
3795.249999999999	9.193671786696534e-17	8.692121741059092e-17
3795.499999999999	9.659449248691264e-17	8.504040722099235e-17
3795.749999999999	1.8535783450421425e-16	9.042459200254901e-17
3795.999999999999	5.141344736918039e-17	8.530084338249344e-17
3796.249999999999	-1.8826367698272118e-17	8.132677655221308e-17
3796.499999999999	1.2187918696861705e-16	8.621810727247594e-17
3796.749999999999	-4.2933436574748063e-17	8.15469852661645e-17
3796.999999999999	-1.9225816524796425e-17	8.186566817767912e-17
3797.249999999999	4.7407156063776796e-18	8.226811470674332e-17
3797.499999999999	-4.099315871655183e-17	7.982525845197212e-17
3797.749999999999	-1.6680502370631954e-17	7.83258314643197e-17
3797.999999999999	-4.520257166599333e-17	7.700328216141071e-17
3798.249999999999	1.2073746596505706e-17	8.085690487705846e-17
3798.499999999999	1.7666476183632296e-16	8.826643146228385e-17
3798.7499999999995	4.458001899337367e-17	8.097255134413827e-17
3798.9999999999995	-9.867442697023896e-19	7.914032643499861e-17
3799.2499999999995	2.999868760480326e-17	8.087019270641851e-17
3799.4999999999995	9.763050642563325e-17	8.370854055566356e-17
3799.7499999999995	-2.3678388314284627e-18	7.846792785866651e-17
3799.9999999999995	4.36047432726716e-17	7.92914622590794e-17
3800.2499999999995	1.1852951204704836e-18	7.723458171301524e-17
3800.4999999999995	-9.272958702770967e-17	7.384455071731162e-17
3800.7499999999995	9.737734283607772e-17	8.476893316139734e-17
3800.999999999999	2.7644181684078235e-18	7.854195721476755e-17
3801.249999999999	-4.106590428834219e-17	7.612713907403945e-17
3801.499999999999	-5.696514118786271e-18	7.813592403056732e-17
3801.749999999999	-7.685534918066173e-17	7.453135547119195e-17
3801.999999999999	-5.010910927463737e-17	7.448472895442356e-17
3802.249999999999	-1.1735863995793108e-17	7.54337698148179e-17
3802.499999999999	2.9937142058506866e-17	7.713536636162318e-17
3802.749999999999	3.6645001108605584e-17	7.946422389309478e-17
3802.999999999999	-7.274864228479726e-17	7.530455758569221e-17
3803.249999999999	-9.976066193907981e-17	7.425737339997968e-17
3803.499999999999	-6.006277541755742e-17	7.53200357893143e-17
3803.749999999999	1.699578226110654e-17	7.510527323251594e-17
3803.999999999999	1.1307335303962254e-16	8.196637907161868e-17
3804.249999999999	1.2152712566502468e-16	8.121027643474111e-17
3804.499999999999	1.14734133186282e-16	7.788861687974867e-17
3804.749999999999	1.4375783623795882e-16	7.903262751924421e-17
3804.999999999999	-6.86919301851555e-17	7.349241662182534e-17
3805.249999999999	-4.219521427399144e-17	7.554538625795335e-17
3805.499999999999	4.3275717294777606e-17	7.901519716937649e-17
3805.7499999999995	1.886049882470728e-17	7.792084383641373e-17
3805.9999999999995	-2.3213584774743117e-17	7.424446276497895e-17
3806.2499999999995	1.1229444172453443e-17	7.410155904235429e-17
3806.4999999999995	3.735799440067934e-17	7.429567517106334e-17
3806.7499999999995	-2.2341395610699854e-17	7.230483672510541e-17
3806.9999999999995	-6.1895075600132816e-18	7.308705841700496e-17
3807.2499999999995	-3.0912814825902963e-17	7.181628400299689e-17
3807.4999999999995	4.1082176585352336e-17	7.494949857955995e-17
3807.7499999999995	2.108881486882877e-16	8.29447484478117e-17
3807.9999999999995	3.9725828682614435e-17	7.443937298707605e-17
3808.249999999999	8.861534947954852e-17	7.701766186917933e-17
3808.499999999999	4.8062581721119925e-17	7.664353138684405e-17
3808.749999999999	-1.0085374472262168e-16	7.080443035560773e-17
3808.999999999999	1.4332013196246516e-16	8.175735383954898e-17
3809.249999999999	8.890310907104347e-17	7.838525611952551e-17
3809.499999999999	6.680116735842669e-17	7.716190893311878e-17
3809.749999999999	1.0652285021181101e-16	7.980993244958274e-17
3809.999999999999	-1.950595778284976e-17	7.134431459780884e-17
3810.249999999999	6.369078131240887e-18	7.303351667031562e-17
3810.499999999999	3.146176083171459e-18	7.339272481440045e-17
3810.749999999999	-1.4744415009418913e-17	7.174214876777744e-17
3810.999999999999	7.454273085897578e-17	7.422166566729699e-17
3811.249999999999	-7.726909168817095e-18	7.015770084804437e-17
3811.499999999999	-1.3907131212864163e-17	7.00163456075264e-17
3811.749999999999	6.131297619537006e-17	7.300083972739733e-17
3811.999999999999	6.55065304381077e-17	7.389634545854724e-17
3812.249999999999	9.703753042299604e-17	7.460819062393077e-17
3812.499999999999	1.1066618466519932e-16	7.708211578250947e-17
3812.749999999999	9.17924840379157e-17	7.739131589548179e-17
3812.9999999999995	-5.2844168735154156e-17	6.844177753302966e-17
3813.2499999999995	8.128260510750275e-17	7.615035307075013e-17
3813.4999999999995	9.402432982714707e-17	7.590949131126449e-17
3813.7499999999995	2.817343748258865e-17	7.203128478781168e-17
3813.9999999999995	1.1403902353905165e-17	7.196266850163918e-17
3814.2499999999995	-1.1587994377079046e-16	6.704676720846104e-17
3814.4999999999995	-6.329423258111217e-17	6.751278091323871e-17
3814.7499999999995	7.58845236916552e-18	6.872757174338919e-17
3814.999999999999	-8.442869723184203e-17	6.582050834629812e-17
3815.249999999999	-6.350823413174699e-17	6.653798495729192e-17
3815.499999999999	-7.852265412799301e-17	6.585175592111793e-17
3815.749999999999	-2.465004181108433e-17	6.799487500912442e-17
3815.999999999999	1.459619086109431e-16	7.510117703412258e-17
3816.249999999999	6.839975014046707e-17	7.24201721722749e-17
3816.499999999999	7.76676471596337e-17	7.262671586250695e-17
3816.749999999999	6.037988337718574e-17	7.221967020923695e-17
3816.999999999999	-4.5507337263701755e-18	6.963747703464242e-17
3817.249999999999	-5.735176044308632e-17	6.581592907442703e-17
3817.499999999999	-4.7966334293765705e-17	6.526251215740455e-17
3817.749999999999	-7.310313219066809e-17	6.400223962845346e-17
3817.999999999999	-1.6029442076253512e-16	6.210373439119115e-17
3818.249999999999	3.654595202051665e-18	6.801264284868205e-17
3818.499999999999	-6.772843020765373e-17	6.529499057697583e-17
3818.749999999999	-1.0192047022312517e-16	6.33804777404994e-17
3818.999999999999	-5.187348552121298e-17	6.464816842518387e-17
3819.249999999999	-6.613069445856061e-17	6.631414326609017e-17
3819.499999999999	-2.4451205789800057e-17	6.664654414088338e-17
3819.749999999999	1.7782611349018006e-17	6.659866692702881e-17
3819.9999999999995	4.83725825449252e-17	6.710660214525067e-17
3820.2499999999995	1.0122783550028756e-16	7.019536734441758e-17
3820.4999999999995	-4.904449804777957e-17	6.406942654652747e-17
3820.7499999999995	-1.7565957857339343e-17	6.67077025666531e-17
3820.9999999999995	9.19047556080963e-17	7.199212274889096e-17
3821.2499999999995	-1.2642075098430677e-17	6.459894787001451e-17
3821.4999999999995	2.695527175553896e-17	6.786216876909131e-17
3821.7499999999995	-3.5098871503568417e-17	6.647580082756263e-17
3821.9999999999995	-8.07687075714256e-17	6.399022896595919e-17
3822.249999999999	1.9246616808479684e-17	6.784685600159173e-17
3822.499999999999	-8.107606638035438e-18	6.480049538934673e-17
3822.749999999999	5.193322119632911e-17	6.809544031927616e-17
3822.999999999999	9.073309728380678e-17	7.077816571679794e-17
3823.249999999999	2.352551623809809e-17	6.615795833155036e-17
3823.499999999999	1.2014774409094963e-17	6.662203974241711e-17
3823.749999999999	3.823479261509575e-17	6.799796535589291e-17
3823.999999999999	5.2696927277397267e-17	6.829316957290084e-17
3824.249999999999	3.394081202854928e-17	6.619941000640661e-17
3824.499999999999	-4.584543658573484e-17	6.105535244795165e-17
3824.749999999999	-4.641268230823798e-18	6.255757861479695e-17
3824.999999999999	4.893572379722885e-17	6.44114491862059e-17
3825.249999999999	4.3905774149914347e-17	6.344725437698958e-17
3825.499999999999	2.660288950586892e-18	6.393345790615845e-17
3825.749999999999	2.8639262590186664e-17	6.477920045165717e-17
3825.999999999999	1.8639716047410752e-17	6.394077680021832e-17
3826.249999999999	-4.798511129367066e-17	6.224505654448461e-17
3826.499999999999	8.479669334275462e-17	6.888988443190679e-17
3826.749999999999	9.419118870031127e-18	6.347845562969508e-17
3826.9999999999995	3.7014065936869593e-17	6.455564992803104e-17
3827.2499999999995	1.74593845689625e-16	7.20534532282281e-17
3827.4999999999995	5.650472087838712e-17	6.690057461572086e-17
3827.7499999999995	9.321033778228059e-17	6.772893975091107e-17
3827.9999999999995	5.887964906125547e-17	6.515908149361092e-17
3828.2499999999995	-2.0673996364778738e-17	6.095901568509127e-17
3828.4999999999995	6.479976747040769e-17	6.597828146761404e-17
3828.7499999999995	-6.58123755065155e-17	6.019390008825932e-17
3828.999999999999	-7.346824309560409e-17	6.094177062368077e-17
3829.2499999999995	-1.3368236278675666e-17	6.430878614602071e-17
3829.499999999999	-4.388537587600879e-17	5.897510570394409e-17
3829.749999999999	-2.272802644645204e-17	6.197705002601743e-17
3829.999999999999	-1.4826549081161754e-17	6.333436738443325e-17
3830.249999999999	-1.2855689528538821e-17	6.282991955967391e-17
3830.499999999999	-1.6526673246476693e-17	6.129557893272685e-17
3830.749999999999	1.2963163451166611e-17	6.216315242895206e-17
3830.999999999999	-4.933990409685696e-17	5.87320072480821e-17
3831.249999999999	-7.758320194525939e-17	5.747799482200681e-17
3831.499999999999	4.027019624373558e-17	6.464064439033209e-17
3831.749999999999	1.0950240771778622e-16	6.675590403530779e-17
3831.999999999999	7.758042923584611e-17	6.495113490505999e-17
3832.249999999999	3.0195748496492995e-17	6.231100600036224e-17
3832.499999999999	8.770667999613045e-18	6.09749769621911e-17
3832.749999999999	-5.784099476201959e-17	5.852492754481313e-17
3832.999999999999	-2.8672197613456075e-17	5.984389019258608e-17
3833.249999999999	3.09047911739612e-17	6.13729434810577e-17
3833.499999999999	6.693359566577398e-17	6.183410659872337e-17
3833.749999999999	5.029146289503591e-17	6.337451542264412e-17
3833.9999999999995	7.755143159229245e-17	6.479046334287769e-17
3834.2499999999995	5.463591804256037e-17	6.367566210517263e-17
3834.4999999999995	-1.3595447076512344e-17	6.059384522315116e-17
3834.7499999999995	9.762072915079288e-18	6.17003746547307e-17
3834.9999999999995	-7.857263568932592e-17	5.732999566680883e-17
3835.2499999999995	-4.460515204910548e-17	5.850922434806442e-17
3835.4999999999995	6.403205121772987e-17	6.27736580431305e-17
3835.7499999999995	-4.266008316080134e-17	5.602642519587426e-17
3835.9999999999995	-7.547567809337228e-17	5.4649123153859165e-17
3836.249999999999	-7.104893336414983e-18	5.93731317798148e-17
3836.499999999999	7.706007307354615e-17	6.418470243669286e-17
3836.749999999999	-3.363837163554274e-17	5.831755667396854e-17
3836.999999999999	-6.020425638952849e-17	5.66181968235396e-17
3837.249999999999	-1.976957031790306e-17	5.856424840241145e-17
3837.499999999999	2.6668609005536257e-17	6.036655584315629e-17
3837.749999999999	-2.3576592986562013e-17	5.747098033041236e-17
3837.999999999999	-4.0514191363381574e-17	5.790566043358653e-17
3838.249999999999	5.594262187365529e-17	6.164593293553491e-17
3838.499999999999	9.920338043423548e-17	6.331697673923493e-17
3838.749999999999	-4.404609706902784e-17	5.755631228240334e-17
3838.999999999999	6.421774995652558e-17	6.070851892583061e-17
3839.249999999999	7.281283150033138e-17	6.01045645821036e-17
3839.499999999999	6.818727721960425e-17	5.978884628590436e-17
3839.749999999999	8.151468551760552e-17	6.199696853516771e-17
3839.999999999999	-4.751181178205762e-17	5.666451893784257e-17
3840.249999999999	-3.1518886751998116e-17	5.729430116901594e-17
3840.499999999999	2.3315774667617918e-17	5.938506303297027e-17
3840.749999999999	6.480822456499043e-17	6.051145141669598e-17
3840.999999999999	2.725861708413563e-17	5.84106839760522e-17
3841.2499999999995	-5.329944563558089e-17	5.470802503091784e-17
3841.4999999999995	-3.3147535894943573e-17	5.5440738308794863e-17
3841.7499999999995	4.8150272792217897e-17	5.938309765183484e-17
3841.9999999999995	-8.829769888943836e-17	5.243495586867927e-17
3842.2499999999995	-2.976188564776403e-17	5.485041590156272e-17
3842.4999999999995	2.0324802069189477e-17	5.705463054961237e-17
3842.7499999999995	2.0975124849333767e-17	5.711883300003629e-17
3842.9999999999995	4.257457667370112e-18	5.6387367110523e-17
3843.2499999999995	-2.6118982643670803e-18	5.671453358639997e-17
3843.499999999999	3.5962408358404375e-17	5.842334314814672e-17
3843.749999999999	7.226456295544143e-17	5.92529457455333e-17
3843.999999999999	-2.0443087242423335e-17	5.443848988267866e-17
3844.249999999999	-3.08522465935003e-18	5.613208593859933e-17
3844.499999999999	2.2300334365092722e-18	5.660956105794454e-17
3844.749999999999	1.1717325637494876e-18	5.657949138831701e-17
3844.999999999999	2.388822831925769e-17	5.817924545810477e-17
3845.249999999999	8.242946124830547e-17	6.065187359748298e-17
3845.499999999999	1.083270849833831e-17	5.682093548295389e-17
3845.749999999999	-7.761417158739337e-17	5.243461837898935e-17
3845.999999999999	-4.484052463804622e-17	5.365493477563168e-17
3846.249999999999	-2.096317043512115e-17	5.4816663623848106e-17
3846.499999999999	6.028226944745959e-17	5.872026790082875e-17
3846.749999999999	6.855336750638552e-17	5.879888976369069e-17
3846.999999999999	-5.34227749561901e-17	5.2500518204030226e-17
3847.249999999999	2.2935389045490508e-17	5.510005239298632e-17
3847.499999999999	-1.4508693350259677e-17	5.419867698820974e-17
3847.749999999999	2.1928672189705296e-17	5.643748763819881e-17
3847.999999999999	1.5328310554163765e-16	6.213454521464753e-17
3848.2499999999995	1.1581687952088942e-16	5.967007638483154e-17
3848.4999999999995	5.891743467163689e-17	5.693663488959291e-17
3848.7499999999995	1.0732077013737559e-17	5.4379250515930065e-17
3848.9999999999995	-7.609471855711104e-18	5.318445429554622e-17
3849.2499999999995	4.490902181021051e-17	5.641101124115221e-17
3849.4999999999995	1.69702124540113e-17	5.4642750554420057e-17
3849.7499999999995	-4.364563908215622e-17	5.241131835549496e-17
3849.9999999999995	-8.696540209019105e-17	5.163369909652366e-17
3850.249999999999	-1.4979871970782133e-17	5.474903995441067e-17
3850.499999999999	1.5805375061052903e-17	5.396489589476755e-17
3850.749999999999	3.9041326799559454e-17	5.432336288502353e-17
3850.999999999999	3.246701109627375e-17	5.467495435002797e-17
3851.249999999999	9.468690976960817e-19	5.2077296206701145e-17
3851.499999999999	8.299050807929813e-17	5.673275141221084e-17
3851.749999999999	6.907940143641004e-17	5.583663687613009e-17
3851.999999999999	5.0166720749940464e-17	5.403350556349515e-17
3852.249999999999	9.510176235349944e-17	5.687901679684492e-17
3852.499999999999	7.08429968244874e-17	5.737365756826183e-17
3852.749999999999	4.669823332749741e-17	5.60489311259806e-17
3852.999999999999	4.0663017699192115e-17	5.5051586226535616e-17
3853.249999999999	7.383845605055833e-17	5.581974253929931e-17
3853.499999999999	4.3478161477893834e-17	5.382946988488037e-17
3853.749999999999	7.16229884374555e-17	5.538845056791416e-17
3853.999999999999	5.76010462099302e-17	5.48228244650504e-17
3854.249999999999	-3.2259021494330964e-17	5.065113426026377e-17
3854.499999999999	1.5016066085665003e-17	5.332251073978132e-17
3854.749999999999	4.7269993801783865e-17	5.3197394709049e-17
3854.999999999999	4.1848407221650006e-17	5.3270633280484445e-17
3855.2499999999995	2.6113939737066374e-17	5.3822865674869747e-17
3855.4999999999995	4.6821972929690444e-17	5.2429390597518016e-17
3855.7499999999995	3.793323730534464e-18	5.120957381796567e-17
3855.9999999999995	3.00304976624396e-17	5.216056020716073e-17
3856.2499999999995	9.59044385675862e-17	5.4811058648017447e-17
3856.4999999999995	9.960065873883245e-17	5.661936149384207e-17
3856.7499999999995	4.423575634859645e-17	5.446904593450637e-17
3856.9999999999995	3.29607717475189e-17	5.410137738711635e-17
3857.2499999999995	3.5832643572629506e-17	5.3930637382518056e-17
3857.499999999999	-3.0001718394567656e-17	4.950493986395109e-17
3857.749999999999	-1.2795713143864439e-17	5.088283416728477e-17
3857.999999999999	2.7544272328152243e-17	5.264470240224312e-17
3858.249999999999	3.988313858278732e-17	5.307317865082314e-17
3858.499999999999	-4.0199912361448177e-17	5.0609285538713485e-17
3858.749999999999	4.445852932244678e-17	5.1686234991588125e-17
3858.999999999999	8.393917836277805e-17	5.3489300129774063e-17
3859.249999999999	8.098726854159681e-17	5.441781698480974e-17
3859.499999999999	5.572623804285632e-17	5.32574182430183e-17
3859.749999999999	4.229485727776019e-18	5.088666897660457e-17
3859.999999999999	4.6910120604486545e-17	5.3069092378597125e-17
3860.249999999999	6.511593575286016e-17	5.406374728669009e-17
3860.499999999999	-1.7342056609133489e-18	5.144855953182204e-17
3860.749999999999	-5.85167550003611e-17	4.8571095965770574e-17
3860.999999999999	-1.4069242069312305e-17	4.9612522974419736e-17
3861.249999999999	1.5535121920042028e-17	5.027895261545166e-17
3861.499999999999	-1.8792943811260688e-18	5.02140950379826e-17
3861.749999999999	5.078267913871685e-17	5.3429296448139467e-17
3861.999999999999	8.331332689387553e-17	5.4446930433649154e-17
3862.2499999999995	8.650312724178211e-17	5.3469057365823665e-17
3862.4999999999995	5.2057622543012183e-17	5.135729504047784e-17
3862.7499999999995	-2.0306539575625532e-17	4.9974844626330214e-17
3862.9999999999995	5.3785526742019103e-17	5.1819116593911094e-17
3863.2499999999995	5.4359292302110385e-17	5.2364152516967184e-17
3863.4999999999995	1.4367811257052095e-17	5.20103045032517e-17
3863.7499999999995	3.0897422649064576e-17	5.216656553840787e-17
3863.9999999999995	2.4075851080158194e-17	5.1977614325443604e-17
3864.249999999999	3.780632629268308e-17	5.1459574268858795e-17
3864.4999999999995	3.449133381342782e-17	5.070087759358026e-17
3864.749999999999	-8.463218200816885e-18	5.0021034391735175e-17
3864.999999999999	-1.1207384919877879e-17	4.991237925519266e-17
3865.249999999999	1.6043581570772248e-17	5.0777451357245516e-17
3865.499999999999	4.0280542618837396e-17	5.161457137203898e-17
3865.749999999999	4.402418340024009e-17	5.189205738032602e-17
3865.999999999999	1.7113511568968763e-17	5.1556473514535706e-17
3866.249999999999	1.702011129728295e-17	5.038596662565887e-17
3866.499999999999	2.7343894442206172e-17	4.9483201557453196e-17
3866.749999999999	2.1360586051699803e-17	4.9558670207820084e-17
3866.999999999999	2.719159725654536e-17	5.033641850696694e-17
3867.249999999999	5.347254145056374e-17	5.159567856684827e-17
3867.499999999999	2.1437077097303807e-17	4.9681625642792416e-17
3867.749999999999	-3.477491448846815e-17	4.661363591189039e-17
3867.999999999999	9.793514050162428e-17	5.384908068284278e-17
3868.249999999999	2.843957788159391e-17	5.0373247896560254e-17
3868.499999999999	1.8631449204368897e-17	4.9492552007097496e-17
3868.749999999999	6.54971866059083e-17	5.1199551697663975e-17
3868.999999999999	6.174678941326227e-17	4.997122819269213e-17
3869.249999999999	1.923423556907099e-17	4.88538262991412e-17
3869.4999999999995	6.7875409449156444e-18	4.8660977411130586e-17
3869.7499999999995	2.4736267118136856e-17	4.985160133250471e-17
3869.9999999999995	1.044122029259309e-16	5.263223844477317e-17
3870.2499999999995	2.2265233782979647e-17	4.8630064017278254e-17
3870.4999999999995	2.730228229431108e-17	4.945471345715687e-17
3870.7499999999995	4.236290363649064e-17	5.057786591032627e-17
3870.9999999999995	5.143464056365461e-18	4.78149205369991e-17
3871.2499999999995	1.898933923614762e-18	4.7481533662915726e-17
3871.499999999999	-8.58138591440376e-18	4.6538134174299e-17
3871.749999999999	-6.75360544669535e-18	4.6057165044046365e-17
3871.999999999999	2.0711073908555815e-17	4.6387891705279767e-17
3872.249999999999	-1.024225126066632e-17	4.641866613278919e-17
3872.499999999999	8.959089816985274e-18	4.782363571193296e-17
3872.749999999999	1.990810652689344e-17	4.8592940151386875e-17
3872.999999999999	-6.430422672648432e-18	4.822611201949921e-17
3873.249999999999	-1.782487862395824e-17	4.6357312492394906e-17
3873.499999999999	-2.6559667664501798e-17	4.5547691269885154e-17
3873.749999999999	-2.9602990869537495e-17	4.5378453425279255e-17
3873.999999999999	-1.871643870358627e-17	4.5872035405512097e-17
3874.249999999999	6.03663589741705e-18	4.723810764353117e-17
3874.499999999999	2.884399310051599e-17	4.911095704691453e-17
3874.749999999999	2.8009919591918556e-18	4.7497442000456346e-17
3874.999999999999	-2.294959669969172e-17	4.5482075994975e-17
3875.249999999999	4.5070371660495105e-17	4.96213506459169e-17
3875.499999999999	-1.64702347132822e-17	4.665315529283572e-17
3875.749999999999	-1.5125866040175292e-17	4.7652922177114263e-17
3875.999999999999	3.096247047807452e-18	4.86674228024636e-17
3876.249999999999	-2.1726057607382882e-17	4.5272372474803004e-17
3876.4999999999995	2.66143145244895e-17	4.858692489397239e-17
3876.7499999999995	5.044380971153348e-17	4.9257943733042756e-17
3876.9999999999995	2.7787746324012326e-17	4.783910729811015e-17
3877.2499999999995	-4.33013632024892e-17	4.476297480125815e-17
3877.4999999999995	-4.911093057713493e-17	4.3326542580335314e-17
3877.7499999999995	-5.307766114256256e-18	4.600922496446524e-17
3877.9999999999995	2.8090960958072214e-17	4.797249182624555e-17
3878.2499999999995	3.2723724945018354e-17	4.849287776704756e-17
3878.4999999999995	1.0020580422264155e-16	5.276394214190386e-17
3878.749999999999	9.437389635401198e-18	4.8100347479166646e-17
3878.999999999999	6.779837825461244e-18	4.6682708801761016e-17
3879.249999999999	7.58361898741025e-17	4.904760162943787e-17
3879.499999999999	1.3752299545806487e-17	4.563391988566013e-17
3879.749999999999	3.004624718130261e-17	4.683436409526649e-17
3879.999999999999	3.5292739478093695e-17	4.706681508228369e-17
3880.249999999999	3.4868144360947776e-17	4.59462070366785e-17
3880.499999999999	9.470289503494576e-19	4.484302272349613e-17
3880.749999999999	4.1466395362438317e-17	4.7365331330464277e-17
3880.999999999999	-4.9186194086709906e-18	4.619797434536004e-17
3881.249999999999	-6.36673836816022e-17	4.385299010066611e-17
3881.499999999999	-1.1079859312021191e-17	4.4023217253284625e-17
3881.749999999999	-3.074149248615343e-17	4.3417661487891705e-17
3881.999999999999	1.5093986499367498e-17	4.587320669325947e-17
3882.249999999999	6.489440354992865e-17	4.821127239931001e-17
3882.499999999999	7.737534138349216e-17	4.8578590222120305e-17
3882.749999999999	4.825596000472257e-17	4.6968483159785836e-17
3882.999999999999	-1.2915482279117217e-17	4.4700181866598023e-17
3883.249999999999	-2.6251837362623864e-17	4.374202547585335e-17
3883.4999999999995	2.983795648561686e-17	4.4539248915342156e-17
3883.7499999999995	3.3996922584630893e-18	4.45976478665884e-17
3883.9999999999995	5.650148494783081e-17	4.670808339423169e-17
3884.2499999999995	3.3254801368057e-17	4.5845810471371716e-17
3884.4999999999995	-5.32239240456548e-17	4.2711652908910346e-17
3884.7499999999995	7.403091947240349e-18	4.469404749517533e-17
3884.9999999999995	-6.673638919029644e-17	4.2434305866966216e-17
3885.2499999999995	-3.5356389371868425e-17	4.3757576471369346e-17
3885.499999999999	3.37087779405608e-17	4.6051682490946363e-17
3885.749999999999	-4.805505106882324e-17	4.266368305082717e-17
3885.999999999999	-2.772636290511599e-17	4.414400878377452e-17
3886.249999999999	-1.4184571726217511e-18	4.525702000263402e-17
3886.499999999999	-4.077103756102419e-18	4.49432075305661e-17
3886.749999999999	-6.563079281844786e-17	4.2364432266262637e-17
3886.999999999999	4.3736513144251296e-17	4.588329829673262e-17
3887.249999999999	8.487503727293074e-17	4.781046037913621e-17
3887.499999999999	8.232341669377617e-17	4.8185629800320863e-17
3887.749999999999	5.946099821320264e-17	4.698103645276194e-17
3887.999999999999	-3.53217073431453e-17	4.358219102045095e-17
3888.249999999999	-1.1729097658382424e-17	4.4222716673420165e-17
3888.499999999999	1.9833281423043118e-17	4.4493519062357775e-17
3888.749999999999	1.616770333040828e-17	4.3123770833696515e-17
3888.999999999999	7.771868089470577e-17	4.584154221941094e-17
3889.249999999999	4.811554113265802e-17	4.509474371006337e-17
3889.499999999999	1.235864414308122e-17	4.4566549184278857e-17
3889.749999999999	6.410370987419534e-18	4.4865227559859504e-17
3889.999999999999	2.900862520347119e-17	4.5164415478697484e-17
3890.249999999999	-2.3685785790502688e-17	4.1650879800094793e-17
3890.4999999999995	-4.1939976115459626e-17	4.102436327797978e-17
3890.7499999999995	-3.243800021783029e-17	4.2314963556909515e-17
3890.9999999999995	-2.2435264066612372e-17	4.1446430531173737e-17
3891.2499999999995	4.117337490224753e-17	4.471991177856864e-17
3891.4999999999995	6.68683608939456e-17	4.633648739329327e-17
3891.7499999999995	4.815799865913914e-17	4.553720923716288e-17
3891.9999999999995	-3.177973981252794e-17	4.1794111086242025e-17
3892.2499999999995	8.878142749421447e-18	4.32678160655665e-17
3892.4999999999995	2.2337578999353535e-17	4.372733805689686e-17
3892.749999999999	-8.672944054865417e-18	4.3269784755424376e-17
3892.999999999999	-5.422252625963087e-17	4.217572589875969e-17
3893.249999999999	2.849151158917244e-17	4.3715608635810856e-17
3893.499999999999	7.160180434196802e-18	4.301197571954875e-17
3893.749999999999	-1.3486736518868788e-17	4.256617500021942e-17
3893.999999999999	1.4274786525364382e-17	4.382642436811336e-17
3894.249999999999	1.0472200522638916e-16	4.8483447908064455e-17
3894.499999999999	5.217644207492175e-17	4.552325304586789e-17
3894.749999999999	3.982134322794593e-18	4.2526169237073905e-17
3894.999999999999	-8.099471316710979e-18	4.1748401085592345e-17
3895.249999999999	3.6106542925780515e-17	4.4109310211439145e-17
3895.499999999999	3.152904122119782e-17	4.4405229112496315e-17
3895.749999999999	6.604288096473198e-17	4.6499865490439845e-17
3895.999999999999	8.831658507718417e-17	4.741967047926411e-17
3896.249999999999	-3.119091956528819e-17	4.18826392641199e-17
3896.499999999999	-8.981824876121294e-19	4.120031782915961e-17
3896.749999999999	-5.12140108147714e-17	3.9152595826837637e-17
3896.999999999999	-8.611364428727785e-17	3.825991243593776e-17
3897.249999999999	-2.977746311305963e-17	4.131830025428927e-17
3897.499999999999	1.766456936688424e-17	4.339201888890256e-17
3897.7499999999995	-3.494553537905824e-18	4.1883800625699925e-17
3897.9999999999995	-1.9002451289627506e-17	4.082203159142686e-17
3898.2499999999995	5.6829541470046894e-18	4.225609807579779e-17
3898.4999999999995	-1.63598673128717e-17	4.1873669317557375e-17
3898.7499999999995	4.471664358796844e-18	4.24652358044308e-17
3898.9999999999995	-2.7843776229984218e-18	4.175850592395529e-17
3899.2499999999995	-3.1776259036510316e-17	4.006047287122889e-17
3899.499999999999	3.52514366957477e-17	4.2235901633961697e-17
3899.7499999999995	1.1999277180318782e-17	4.115321485635839e-17
3899.999999999999	4.4806454722976386e-18	4.113266438122012e-17
3900.249999999999	2.687786915689992e-18	4.219168055841461e-17
3900.499999999999	3.018320843840669e-18	4.2593064987572293e-17
3900.749999999999	3.92432316609163e-17	4.457592610370276e-17
3900.999999999999	6.118711239336399e-17	4.4415817024336994e-17
3901.249999999999	4.1654350649945066e-17	4.2571098379225335e-17
3901.499999999999	-3.572549390480184e-17	4.0314552976903126e-17
3901.749999999999	3.158349948400586e-17	4.339062922547347e-17
3901.999999999999	5.3220420108580026e-17	4.3522177412649006e-17
3902.249999999999	3.741878886697954e-17	4.229362891455055e-17
3902.499999999999	-8.451464791493119e-18	4.126829553189922e-17
3902.749999999999	3.564470813745746e-17	4.305836069957827e-17
3902.999999999999	6.063423810682335e-17	4.4941523390838945e-17
3903.249999999999	4.184220336705586e-17	4.431657520316533e-17
3903.499999999999	-6.471841260280187e-18	4.096007480077216e-17
3903.749999999999	5.398952023442264e-18	4.181274250235917e-17
3903.999999999999	-5.5502406277821916e-17	3.9823799954365215e-17
3904.249999999999	-4.709676563790301e-17	3.9430531821377904e-17
3904.499999999999	1.9647102919492133e-17	4.104156532599843e-17
3904.7499999999995	2.3990995894392784e-19	4.1487098038809294e-17
3904.9999999999995	1.2663258366737547e-17	4.150359532894605e-17
3905.2499999999995	4.1390870463789775e-17	4.33902487223917e-17
3905.4999999999995	6.651986639315456e-17	4.5479524969965884e-17
3905.7499999999995	7.927660609527795e-17	4.494210572599018e-17
3905.9999999999995	2.2055131148162097e-18	4.157441853299284e-17
3906.249999999999	7.14643600113862e-18	4.15066691321023e-17
3906.4999999999995	1.7943476471463644e-17	4.192052413617483e-17
3906.749999999999	-2.772992309047242e-17	3.9867177305687496e-17
3906.9999999999995	1.9588657646131586e-17	4.111020477322808e-17
3907.249999999999	-6.055870741791052e-18	4.0136073870493784e-17
3907.499999999999	-2.6640514643211506e-17	3.985213585342883e-17
3907.749999999999	1.3642918971866763e-17	4.1618285575237754e-17
3907.999999999999	1.9085879485438686e-18	4.11050464749282e-17
3908.249999999999	-1.0752126217424619e-17	3.944716807785757e-17
3908.499999999999	-4.490289571059394e-18	3.9825669382549585e-17
3908.749999999999	1.1537148742878269e-17	4.236747629091683e-17
3908.999999999999	7.416703204219909e-18	4.2443484263043104e-17
3909.249999999999	4.206509876363685e-17	4.33153723333434e-17
3909.499999999999	3.7411238362348154e-17	4.282228997020054e-17
3909.749999999999	3.669958427568612e-18	4.148875570875685e-17
3909.999999999999	1.9908669009709976e-17	4.106894831299639e-17
3910.249999999999	1.3051651097194471e-17	4.1167157812763583e-17
3910.499999999999	3.1670803434577155e-17	4.228419574684499e-17
3910.749999999999	5.3289320944883243e-17	4.2859503171598074e-17
3910.999999999999	1.8028244286276853e-17	4.1101062773098146e-17
3911.249999999999	1.213968199031292e-17	4.049633087959533e-17
3911.499999999999	3.1685636437321456e-17	4.2116089485317066e-17
3911.7499999999995	3.583735850212106e-17	4.2683664425704e-17
3911.9999999999995	-4.689169019325825e-18	4.0509856936971796e-17
3912.2499999999995	4.0331999870383094e-17	4.194475060195528e-17
3912.4999999999995	6.780551020585388e-17	4.2947832826128936e-17
3912.7499999999995	5.579287571300359e-17	4.2378110524871813e-17
3912.9999999999995	2.5522704122437972e-17	4.0378034125832895e-17
3913.2499999999995	-6.14321232908022e-18	3.932770665379266e-17
3913.499999999999	2.978464634949904e-17	4.105388700840302e-17
3913.7499999999995	2.4864703451847965e-17	4.118141509780155e-17
3913.999999999999	-8.593967331520692e-18	3.957773357446539e-17
3914.249999999999	-7.618751555563636e-20	3.8597408743304296e-17
3914.499999999999	1.9774558216996753e-17	4.017020334256772e-17
3914.749999999999	2.3892911815885967e-17	4.0273528127242946e-17
3914.999999999999	1.725752536797547e-17	3.970936778842463e-17
3915.249999999999	1.3735946185096314e-17	3.977068172414951e-17
3915.499999999999	3.844838388414674e-17	4.0020467108083373e-17
3915.749999999999	5.2110969075076953e-17	4.1388666854637934e-17
3915.999999999999	3.138339125893948e-17	4.148747192444617e-17
3916.249999999999	-2.235428308464343e-17	3.890040831040492e-17
3916.499999999999	-1.7269421879545208e-18	4.0662528008269483e-17
3916.749999999999	-2.7791976112074616e-18	3.9972464162775696e-17
3916.999999999999	-5.260789532067695e-20	3.9157876547868175e-17
3917.249999999999	-4.0061802047075684e-19	3.892508807116105e-17
3917.499999999999	-4.407917767608506e-17	3.7578292450136914e-17
3917.749999999999	-1.4419558021812188e-17	3.891661443296606e-17
3917.999999999999	1.9491961886885362e-17	3.9840336949171376e-17
3918.249999999999	2.8687196052322886e-17	3.9581541914005585e-17
3918.499999999999	-4.6902898490558344e-18	3.758053576395816e-17
3918.7499999999995	8.165423254130444e-18	3.8405079324718366e-17
3918.9999999999995	1.047394703178426e-18	3.8451520553029543e-17
3919.2499999999995	-2.16062024453464e-17	3.8557310335930175e-17
3919.4999999999995	2.0973023810577883e-17	4.0567544512891244e-17
3919.7499999999995	3.758532100380178e-18	3.9137266515725804e-17
3919.9999999999995	-1.40406828314833e-17	3.88556578392658e-17
3920.2499999999995	-1.8113548114126997e-17	3.86552253593993e-17
3920.4999999999995	-1.5016145495003808e-17	3.761193223128822e-17
3920.749999999999	7.778204292962734e-18	3.90404665317224e-17
3920.9999999999995	-3.0489256993245185e-18	3.861229799433025e-17
3921.249999999999	-1.0807211483136975e-17	3.779132454509382e-17
3921.499999999999	3.854999971367643e-18	3.7541178510412885e-17
3921.749999999999	1.967634168619435e-18	3.92042549104528e-17
3921.999999999999	9.938507231014398e-18	3.9689796695131625e-17
3922.249999999999	2.977919026617864e-17	3.9956846992810695e-17
3922.499999999999	2.977353896823368e-17	3.994755279144805e-17
3922.749999999999	-1.1148865200262203e-17	3.849781288883046e-17
3922.999999999999	2.1546521364150698e-17	3.994472383375312e-17
3923.249999999999	3.074850036030298e-17	3.992635711543199e-17
3923.499999999999	3.3530073841024847e-17	3.959362205967131e-17
3923.749999999999	6.859145751923236e-17	4.1636089810742345e-17
3923.999999999999	2.4590665132354047e-17	3.932060282669206e-17
3924.249999999999	1.9768040033769835e-17	3.910881481137643e-17
3924.499999999999	2.4790975189489888e-17	3.978361221148494e-17
3924.749999999999	4.384296136291952e-17	4.0298651256807407e-17
3924.999999999999	6.985196827619987e-17	4.151493101206048e-17
3925.249999999999	7.633457611933304e-17	4.210221932080578e-17
3925.499999999999	6.076977661327384e-17	4.150700000434732e-17
3925.749999999999	3.625619313348116e-17	3.9766989189895073e-17
3925.9999999999995	1.8171770048722154e-17	3.973475892450756e-17
3926.2499999999995	2.1373571546545967e-18	3.809299400576946e-17
3926.4999999999995	1.216970368346492e-17	3.8436723946232195e-17
3926.7499999999995	5.2909972607243974e-17	4.055861096227567e-17
3926.9999999999995	7.787225855595482e-17	4.08733995074664e-17
3927.2499999999995	3.532927770011139e-17	3.940225878804084e-17
3927.499999999999	1.6290662074103063e-17	3.836453754853592e-17
3927.7499999999995	1.8569839137984723e-17	3.849221783916715e-17
3927.999999999999	4.301919204321266e-17	4.0301440509832935e-17
3928.2499999999995	5.455806711202933e-17	4.016638176813773e-17
3928.499999999999	5.272895240199287e-17	4.0134082019578757e-17
3928.749999999999	6.979639993700978e-18	3.868951365015085e-17
3928.999999999999	-9.087425400097773e-17	3.4442305164160577e-17
3929.249999999999	-1.0868201164061735e-17	3.7103166523731355e-17
3929.499999999999	-1.8658114663884251e-19	3.765969694857948e-17
3929.749999999999	2.2921487448115942e-17	3.9034034375279186e-17
3929.999999999999	7.594633062702516e-17	4.140714937824482e-17
3930.249999999999	-1.3853687073487112e-17	3.7043708781301043e-17
3930.499999999999	1.2099221277830502e-17	3.7989824731049396e-17
3930.749999999999	4.286631913984551e-17	3.999658144071529e-17
3930.999999999999	4.415288939483089e-17	4.08328478051166e-17
3931.249999999999	1.1884070773324846e-17	3.8232089388853926e-17
3931.499999999999	-7.598831831491835e-18	3.647850288618846e-17
3931.749999999999	-3.2145057512617083e-18	3.6721482228042237e-17
3931.999999999999	1.4265689192987524e-17	3.767164143662475e-17
3932.249999999999	1.138971289767743e-17	3.718514012243536e-17
3932.499999999999	2.1554852727280332e-17	3.7798259627349465e-17
3932.749999999999	2.2240509354470437e-17	3.8048620728989665e-17
3932.9999999999995	2.971212246211284e-17	3.8618309943022286e-17
3933.2499999999995	5.341483733103204e-17	3.9817572938713916e-17
3933.4999999999995	-2.1102317103403596e-17	3.6718779001800413e-17
3933.7499999999995	-1.007655788498521e-17	3.691059556840656e-17
3933.9999999999995	2.6849228855370886e-17	3.8580087581277435e-17
3934.2499999999995	4.044843050468361e-17	4.009089657415859e-17
3934.4999999999995	1.4788856115008937e-17	3.892728175414554e-17
3934.749999999999	-3.92185477642571e-18	3.786224701081412e-17
3934.9999999999995	2.2289337826029442e-17	3.800657017536992e-17
3935.249999999999	5.428840292361459e-17	3.8601279948571044e-17
3935.499999999999	-2.217279138644317e-18	3.719906322650585e-17
3935.749999999999	-4.0859271262603996e-17	3.665214133165314e-17
3935.999999999999	-1.0887522448809749e-17	3.745371574116398e-17
3936.249999999999	1.603129297559216e-17	3.749571004650207e-17
3936.499999999999	-6.676876834819421e-17	3.3627065730930364e-17
3936.749999999999	2.7658383548015158e-17	3.800015456253896e-17
3936.999999999999	6.146764573502768e-17	3.9765437399065924e-17
3937.249999999999	4.6946642282891986e-17	3.9072226958521985e-17
3937.499999999999	1.994367529323322e-17	3.634587936421661e-17
3937.749999999999	4.467612083694008e-17	3.831095609717718e-17
3937.999999999999	-6.0919515329300026e-18	3.712762460008332e-17
3938.249999999999	-2.6036070608561857e-17	3.6370347366735927e-17
3938.499999999999	9.944912090497396e-18	3.7319030885105643e-17
3938.749999999999	2.8261932573242024e-17	3.8441591076956457e-17
3938.999999999999	8.565018491623174e-18	3.7376430602171923e-17
3939.249999999999	-4.079425755479432e-19	3.671283653627983e-17
3939.499999999999	1.9968029144828006e-17	3.710745793674928e-17
3939.749999999999	5.693998331671252e-17	3.858589769790001e-17
3939.9999999999995	6.786705906087272e-17	3.9856377635610004e-17
3940.2499999999995	3.979560633036696e-17	3.910618768575096e-17
3940.4999999999995	-7.53784049620585e-18	3.725141383311311e-17
3940.7499999999995	-2.213995727920849e-17	3.5566499864901795e-17
3940.9999999999995	2.728238529185673e-17	3.6255852335068787e-17
3941.2499999999995	3.4973877895566754e-17	3.7148416611960456e-17
3941.499999999999	2.635247050158584e-17	3.751938726435579e-17
3941.7499999999995	2.6677689794300864e-17	3.7183664432222566e-17
3941.999999999999	3.0578878703892856e-17	3.7815428588143616e-17
3942.2499999999995	5.0778050236009004e-17	3.945747474828998e-17
3942.499999999999	3.497331872147267e-17	3.8897208775795565e-17
3942.749999999999	-7.632152320926696e-18	3.67310940667601e-17
3942.999999999999	9.454819985268916e-17	4.02416518951576e-17
3943.249999999999	5.175962245553383e-17	3.848487909277258e-17
3943.499999999999	-8.811001739871436e-19	3.598416982595942e-17
3943.749999999999	-2.149476963630693e-17	3.441580891477928e-17
3943.999999999999	-2.0002722754079705e-17	3.550275401817601e-17
3944.249999999999	3.880716520303549e-17	3.798660534410534e-17
3944.499999999999	7.243617315404413e-17	3.9171111437669024e-17
3944.749999999999	6.595843575035767e-17	3.8708475938513016e-17
3944.999999999999	3.9584354328088265e-17	3.62787056810324e-17
3945.249999999999	3.489835961436311e-17	3.7272870898202734e-17
3945.499999999999	5.2846828948004127e-17	3.84649274963978e-17
3945.749999999999	4.202773666972905e-17	3.734000487671754e-17
3945.999999999999	-2.4868837700549505e-17	3.336567665736361e-17
3946.249999999999	1.6626148332581095e-17	3.659969808081728e-17
3946.499999999999	2.0263198620250203e-17	3.68464890709337e-17
3946.749999999999	3.559796250668086e-17	3.803642146931573e-17
3946.9999999999995	6.520723664015131e-17	4.027111606857674e-17
3947.2499999999995	8.921661714064597e-17	4.081767731268238e-17
3947.4999999999995	5.916912918842453e-17	3.935619475408899e-17
3947.7499999999995	2.3170955194694584e-17	3.7362103833962505e-17
3947.9999999999995	-4.0668352910745505e-19	3.565967018037732e-17
3948.2499999999995	4.1789292759173904e-18	3.552706981946262e-17
3948.4999999999995	1.6426878868655845e-17	3.6979281337750513e-17
3948.749999999999	1.860679095030869e-18	3.604873292713041e-17
3948.9999999999995	-6.102123372922567e-18	3.5627678143006217e-17
3949.249999999999	2.820365604472644e-17	3.811605249252499e-17
3949.499999999999	5.798902700444208e-17	3.941905386319812e-17
3949.749999999999	7.633650179579907e-17	4.010653359645829e-17
3949.999999999999	5.354496938499888e-17	3.879384097772849e-17
3950.249999999999	-2.05597188816127e-18	3.560179069855576e-17
3950.499999999999	1.2701332663152751e-17	3.581974948124103e-17
3950.749999999999	-1.3268379862308877e-17	3.569322062602247e-17
3950.999999999999	-2.1115666144128977e-17	3.56289950145414e-17
3951.249999999999	-4.962845447301751e-18	3.5879710149483774e-17
3951.499999999999	1.5893120726071303e-17	3.7089127614375105e-17
3951.749999999999	1.1090903000379387e-17	3.656272972488106e-17
3951.999999999999	1.7947662005363162e-17	3.640532387175712e-17
3952.249999999999	2.2749652256386626e-17	3.6408056876500994e-17
3952.499999999999	1.894434350595688e-17	3.60618321593108e-17
3952.749999999999	3.7159616637454424e-17	3.607777689279837e-17
3952.999999999999	4.2886479185734653e-17	3.61094546015367e-17
3953.249999999999	3.694572096593801e-17	3.656774243939313e-17
3953.499999999999	2.8120640198450617e-17	3.717764917480808e-17
3953.749999999999	-1.7862690704119265e-17	3.4981868460284016e-17
3953.999999999999	2.8199523450386123e-17	3.741722384126059e-17
3954.2499999999995	5.231935572371376e-17	3.8119000564228127e-17
3954.4999999999995	2.0706071120211094e-17	3.6266913394219846e-17
3954.7499999999995	-3.086529123176026e-18	3.506615485598072e-17
3954.9999999999995	1.2246590948582336e-17	3.5682109936034656e-17
3955.2499999999995	2.583841580119231e-17	3.694649189826891e-17
3955.4999999999995	2.167944267114307e-17	3.744122862263688e-17
3955.7499999999995	-9.632858204411767e-18	3.496399143288552e-17
3955.999999999999	3.756670530411627e-17	3.7006942257434286e-17
3956.2499999999995	1.7344986482863152e-17	3.5814223914749175e-17
3956.499999999999	-1.7795192766134938e-17	3.4177243408674084e-17
3956.749999999999	-5.2685275611288845e-18	3.477837210342862e-17
3956.999999999999	4.1202895323948324e-17	3.6066785316818766e-17
3957.249999999999	8.476687513603331e-17	3.8470132116811986e-17
3957.499999999999	7.573032399058551e-17	3.867126273711548e-17
3957.749999999999	2.5890916954671052e-17	3.587200413489723e-17
3957.999999999999	-1.6040152079952603e-17	3.2677746937850207e-17
3958.249999999999	2.452545848466649e-18	3.455108272343375e-17
3958.499999999999	2.7732771900502052e-17	3.601601958826516e-17
3958.749999999999	3.665042410470148e-17	3.6295877950549e-17
3958.999999999999	4.214052109188943e-17	3.648333362096577e-17
3959.249999999999	8.33792928933654e-18	3.4549276160975934e-17
3959.499999999999	1.1476920068117058e-17	3.507072420168446e-17
3959.749999999999	2.304943078218197e-17	3.61164591669638e-17
3959.999999999999	-2.0376841655886414e-17	3.492293018727839e-17
3960.249999999999	-1.2468908145915151e-17	3.397546427877035e-17
3960.499999999999	1.3272088940175565e-17	3.5389149032847975e-17
3960.749999999999	2.97730724383682e-17	3.658563601040388e-17
3960.999999999999	4.003741107575091e-17	3.633746528302572e-17
3961.2499999999995	4.37341937298137e-17	3.668472893906528e-17
3961.4999999999995	1.2473202040474914e-16	4.050418578669213e-17
3961.7499999999995	1.1211877337784654e-16	4.0063073527074754e-17
3961.9999999999995	2.7458614466999926e-17	3.567776558345753e-17
3962.2499999999995	3.6876687780736786e-17	3.641099171331433e-17
3962.4999999999995	2.0622731019135152e-17	3.512401117674513e-17
3962.749999999999	-1.568233194493564e-17	3.3540062874102037e-17
3962.9999999999995	-7.85426851337066e-18	3.417762722047831e-17
3963.249999999999	1.091822954381731e-16	3.971095266647828e-17
3963.4999999999995	6.147200663121706e-17	3.708831366865235e-17
3963.749999999999	2.4339361044815537e-17	3.556641052939564e-17
3963.999999999999	1.0950953139722153e-17	3.48989187884572e-17
3964.249999999999	2.2650463374774168e-17	3.456728553727244e-17
3964.499999999999	-2.778285272350846e-17	3.264427259282141e-17
3964.749999999999	2.4708960231755256e-17	3.5285850717952353e-17
3964.999999999999	5.060393533451149e-17	3.680463704066097e-17
3965.249999999999	4.1302868372781483e-17	3.627043718362932e-17
3965.499999999999	8.015617701910763e-17	3.724502469006175e-17
3965.749999999999	8.842690450111914e-17	3.722722376327961e-17
3965.999999999999	8.139660383080235e-17	3.720306016322571e-17
3966.249999999999	5.705759516492776e-17	3.693898771575183e-17
3966.499999999999	3.935507971462327e-17	3.5129864306759554e-17
3966.749999999999	4.643194403598189e-17	3.6037612310975246e-17
3966.999999999999	5.284793737002495e-17	3.582445117584278e-17
3967.249999999999	4.4376062724097695e-17	3.487210159299823e-17
3967.499999999999	1.0500183546453218e-17	3.394985145828326e-17
3967.749999999999	1.4682884352373544e-17	3.489048485493161e-17
3967.999999999999	3.5492099931886325e-17	3.5511452649497616e-17
3968.2499999999995	1.0649449942349637e-17	3.415279525848947e-17
3968.4999999999995	-4.3619192463611675e-17	3.1315466495759076e-17
3968.7499999999995	4.1105403816952825e-17	3.612316594737038e-17
3968.9999999999995	3.144871205755157e-17	3.51134001038473e-17
3969.2499999999995	4.880378518080419e-17	3.61601276858617e-17
3969.4999999999995	8.903430653363928e-17	3.87355710666578e-17
3969.7499999999995	6.391515405356388e-17	3.746874726725529e-17
3969.999999999999	6.408810097603647e-17	3.636586073909344e-17
3970.2499999999995	5.791980853078364e-17	3.5100744240475237e-17
3970.499999999999	3.321763779749622e-17	3.4197072582318205e-17
3970.749999999999	8.286103942418256e-18	3.419338335678622e-17
3970.999999999999	-1.027731792837428e-17	3.4295788316620284e-17
3971.249999999999	-3.77332630835375e-17	3.255206180685645e-17
3971.499999999999	-2.3371055147954837e-17	3.2502914043581e-17
3971.749999999999	4.5504985589220267e-17	3.5473690200173345e-17
3971.999999999999	-2.61887056975029e-18	3.385381578916585e-17
3972.249999999999	1.5683787782813733e-17	3.448699276957314e-17
3972.499999999999	6.921525096277085e-17	3.7016775780556317e-17
3972.749999999999	1.0535983427056145e-16	3.926763348898661e-17
3972.999999999999	3.3571386549538195e-17	3.555628583869799e-17
3973.249999999999	5.962984231983696e-17	3.6517449858149907e-17
3973.499999999999	7.597015342866668e-17	3.743907464432179e-17
3973.749999999999	6.060418828953052e-17	3.7017847806630186e-17
3973.999999999999	6.939477893419691e-18	3.415950865634095e-17
3974.249999999999	1.6159472883313378e-17	3.5259993052003946e-17
3974.499999999999	5.1666888891421735e-17	3.589451999117092e-17
3974.749999999999	7.808927104401933e-17	3.676737089970423e-17
3974.999999999999	7.62091623035802e-17	3.808239285903898e-17
3975.2499999999995	4.009996247367217e-17	3.582852421317899e-17
3975.4999999999995	2.5181219150157705e-17	3.5472730670662784e-17
3975.7499999999995	2.6739513273283077e-17	3.528281992818796e-17
3975.9999999999995	2.7839537756525496e-17	3.446407986660542e-17
3976.2499999999995	-1.0155731477315724e-17	3.2518742971782814e-17
3976.4999999999995	3.8509747450708376e-17	3.4976888832996447e-17
3976.749999999999	4.2701657258388255e-17	3.5796111968056714e-17
3976.9999999999995	1.2894325480589948e-17	3.5060338121913246e-17
3977.249999999999	-1.9953114251203062e-18	3.39926133872298e-17
3977.4999999999995	6.154360076759475e-17	3.627507601250452e-17
3977.749999999999	8.622935692880666e-17	3.706252879459785e-17
3977.999999999999	7.835843561534409e-17	3.666238844508145e-17
3978.249999999999	5.111013347344699e-17	3.556444183953776e-17
3978.499999999999	1.824456856007172e-17	3.4938305820504523e-17
3978.749999999999	4.432080044173425e-17	3.592192944794848e-17
3978.999999999999	5.522119133933349e-17	3.5747126332181324e-17
3979.249999999999	3.178414703083162e-17	3.4408417228825504e-17
3979.499999999999	8.27372121408446e-17	3.716606202878744e-17
3979.749999999999	5.8245221383762e-17	3.6181111603640945e-17
3979.999999999999	6.831701222687707e-17	3.69424519481572e-17
3980.249999999999	8.190005242138173e-17	3.763224447841007e-17
3980.499999999999	-1.688106389067401e-17	3.3098447688672226e-17
3980.749999999999	3.9990390821010945e-17	3.512998672949021e-17
3980.999999999999	4.6477574627292766e-17	3.578857469831513e-17
3981.249999999999	4.4938737446535866e-17	3.597696342846286e-17
3981.499999999999	7.712049034548703e-17	3.6900371616035405e-17
3981.749999999999	1.0581995844937775e-16	3.860590554255644e-17
3981.999999999999	1.0847309725074973e-16	3.848781723830837e-17
3982.249999999999	7.054083105544423e-17	3.654963380142312e-17
3982.4999999999995	1.10645986569002e-17	3.3645161134010574e-17
3982.7499999999995	3.436842470056979e-17	3.4930249081338257e-17
3982.9999999999995	1.8762694643440236e-17	3.393612356883733e-17
3983.2499999999995	2.5154203431351724e-17	3.417407365256678e-17
3983.4999999999995	6.3146445184151e-17	3.6301820416069584e-17
3983.7499999999995	1.513525983408369e-16	4.0260236989160444e-17
3983.999999999999	9.07989607129007e-17	3.7106567890410173e-17
3984.2499999999995	4.9431393581327775e-17	3.4891533719948325e-17
3984.499999999999	3.2369496428221096e-17	3.4094574978255535e-17
3984.749999999999	2.2071289707838014e-17	3.4412010501406434e-17
3984.999999999999	1.3364958989088731e-17	3.3686344802348365e-17
3985.249999999999	5.052713988644207e-17	3.5133497284009886e-17
3985.499999999999	9.080320911252678e-17	3.693133794944694e-17
3985.749999999999	1.0575571629428443e-16	3.761954229292371e-17
3985.999999999999	5.410219464156155e-18	3.363180051275662e-17
3986.249999999999	7.535929047246362e-17	3.7017060330687035e-17
3986.499999999999	7.169055254988883e-17	3.655432887857997e-17
3986.749999999999	1.6577084941728124e-17	3.355367164953976e-17
3986.999999999999	9.46923079502857e-17	3.6926285530265466e-17
3987.249999999999	4.0236381100294415e-17	3.410085162474359e-17
3987.499999999999	6.670183289302642e-17	3.539796346945534e-17
3987.749999999999	8.419653741240045e-17	3.652844805157441e-17
3987.999999999999	6.970744493393583e-18	3.255186659223189e-17
3988.249999999999	6.208692608114408e-17	3.547528500439435e-17
3988.499999999999	5.958704068622102e-17	3.5901597348491927e-17
3988.749999999999	5.922566202020885e-17	3.547209870467479e-17
3988.999999999999	6.462734332608223e-17	3.4882510833826597e-17
3989.249999999999	3.44847825429764e-17	3.414005667705615e-17
3989.4999999999995	4.134946511104782e-17	3.3993156017711633e-17
3989.7499999999995	1.2118704689978576e-17	3.2874883930156295e-17
3989.9999999999995	-1.4987290126515508e-17	3.187740337309085e-17
3990.2499999999995	5.483389875909126e-17	3.457671208753309e-17
3990.4999999999995	1.0445028632133284e-16	3.710257757113522e-17
3990.7499999999995	7.310880334094775e-17	3.5891456114182027e-17
3990.9999999999995	2.8892009280713466e-17	3.3817257714813457e-17
3991.249999999999	5.257294944718782e-17	3.46017392641465e-17
3991.4999999999995	4.6027657857235373e-17	3.3967467096608186e-17
3991.749999999999	4.5774381771116537e-17	3.364152484803779e-17
3991.999999999999	4.7715973192125505e-17	3.407019961996482e-17
3992.249999999999	4.740684917976954e-17	3.494920475225552e-17
3992.499999999999	2.3939897329040204e-17	3.3983980930357195e-17
3992.749999999999	4.905368306130136e-17	3.502704244789676e-17
3992.999999999999	6.459457373893533e-17	3.5705813623667976e-17
3993.249999999999	5.5330190583010826e-17	3.5264168659736113e-17
3993.499999999999	2.1800235855994187e-17	3.3296216646966305e-17
3993.749999999999	6.280339022306811e-18	3.210076199081487e-17
3993.999999999999	-3.1785353887345336e-18	3.163435785678807e-17
3994.249999999999	-8.157565865491803e-18	3.1939729777885495e-17
3994.499999999999	7.631182038068171e-18	3.275939959047654e-17
3994.749999999999	7.984309246597876e-17	3.5916407190179076e-17
3994.999999999999	8.372715542816846e-17	3.595717065076569e-17
3995.249999999999	5.643827511414196e-17	3.5005423255407076e-17
3995.499999999999	3.638463112155349e-17	3.403152396324429e-17
3995.749999999999	-8.807273223260354e-18	3.2003657604346043e-17
3995.999999999999	2.958169924057038e-17	3.3959337565548015e-17
3996.249999999999	4.836009211767565e-17	3.512090759508683e-17
3996.4999999999995	2.3767033124628872e-17	3.452109246314503e-17
3996.7499999999995	-6.73191677103421e-18	3.224510500770537e-17
3996.9999999999995	1.1922351864893188e-17	3.242852734545533e-17
3997.2499999999995	4.900137546808596e-17	3.4237177607137226e-17
3997.4999999999995	7.213412649900917e-17	3.537426309054447e-17
3997.7499999999995	2.822048089838577e-17	3.3716629538935156e-17
3997.999999999999	6.26816623241248e-17	3.526034046786122e-17
3998.2499999999995	5.639659844615909e-17	3.509924869792774e-17
3998.499999999999	5.767172713891163e-17	3.556846193731477e-17
3998.7499999999995	9.568994732602875e-17	3.7204535853438504e-17
3998.999999999999	7.617407661071816e-17	3.6000753142879883e-17
3999.249999999999	5.74247971824523e-17	3.431384401503109e-17
3999.499999999999	2.834221541477397e-17	3.300620381548276e-17
3999.749999999999	-1.440973649280904e-18	3.224837402548618e-17
3999.999999999999	5.277332071568899e-18	3.173985316339063e-17
4000.249999999999	-5.108450328216704e-18	3.165076250269622e-17
4000.499999999999	3.3371850733455703e-17	3.395206168488e-17
4000.749999999999	7.157528327716834e-17	3.5985033402518925e-17
4000.999999999999	6.39981301951703e-17	3.541711104627472e-17
4001.249999999999	5.319461207346837e-17	3.469195158175153e-17
4001.499999999999	1.8273751492082592e-17	3.280369014919508e-17
4001.749999999999	2.771068121506321e-17	3.348782145533564e-17
4001.999999999999	8.477244040719457e-17	3.643423879724952e-17
4002.249999999999	1.3044056751990622e-17	3.282645746837499e-17
4002.499999999999	8.468579158366841e-18	3.2167313634178435e-17
4002.749999999999	3.982290329058121e-17	3.380403936862486e-17
4002.999999999999	7.552130537596071e-17	3.5906858217187764e-17
4003.249999999999	6.14758579841491e-17	3.5369928664134693e-17
4003.4999999999995	1.1171182533188883e-17	3.248768068542022e-17
4003.7499999999995	2.5942226968067716e-17	3.355785387471683e-17
4003.9999999999995	4.8909750325994684e-17	3.480239342841716e-17
4004.2499999999995	2.7276866342809775e-17	3.272586899716609e-17
4004.4999999999995	2.1079189133476614e-17	3.3418550042118e-17
4004.7499999999995	2.3060455445386076e-17	3.324946109002236e-17
4004.9999999999995	3.123267564260987e-17	3.3377038810257636e-17
4005.249999999999	3.1016745106786576e-17	3.387203692369917e-17
4005.4999999999995	6.697963902021052e-18	3.311405824119233e-17
4005.749999999999	1.3434955839703581e-17	3.337246946455389e-17
4005.999999999999	3.607646994743054e-17	3.41845391416768e-17
4006.249999999999	6.174779526488714e-17	3.4971115112320827e-17
4006.499999999999	6.404568315422475e-17	3.4908408204444407e-17
4006.749999999999	1.4618820868292537e-17	3.32634007377051e-17
4006.999999999999	2.4401270550581456e-17	3.378066324451411e-17
4007.249999999999	5.929939359128938e-17	3.514903173591363e-17
4007.499999999999	7.209504386942726e-17	3.576091377863136e-17
4007.749999999999	5.809423031628841e-18	3.156275710296548e-17
4007.999999999999	3.829405845162395e-17	3.368036594088083e-17
4008.249999999999	3.6898654389083745e-17	3.415908844858977e-17
4008.499999999999	-5.482044383924747e-18	3.219075924146064e-17
4008.749999999999	5.656909538237845e-17	3.6009382291030036e-17
4008.999999999999	6.796306495148808e-17	3.585675754184665e-17
4009.249999999999	4.539662492897582e-17	3.4604379624661767e-17
4009.499999999999	9.153085177324885e-18	3.308448487993233e-17
4009.749999999999	-5.240071720876448e-18	3.19531069427517e-17
4009.999999999999	5.858554334010102e-17	3.5047037057663394e-17
4010.249999999999	4.1304780814357706e-17	3.4549454831988246e-17
4010.499999999999	8.64704751142822e-18	3.264438178066227e-17
4010.7499999999995	7.825002863298534e-18	3.1441317062875344e-17
4010.9999999999995	1.889224436225584e-17	3.2273076947299465e-17
4011.2499999999995	1.925678616693041e-17	3.236397417045169e-17
4011.4999999999995	1.0580025500718674e-17	3.211151203005561e-17
4011.7499999999995	1.1987430299585798e-17	3.217407997158912e-17
4011.999999999999	2.6614250004401722e-17	3.3968085827706376e-17
4012.2499999999995	2.158382390105439e-17	3.387115018608251e-17
4012.499999999999	4.1843688983436004e-17	3.462377204694246e-17
4012.7499999999995	5.677940439875883e-17	3.5001518962915826e-17
4012.999999999999	4.1463096566155455e-17	3.2916070907216535e-17
4013.249999999999	7.943700634221933e-17	3.5819051340804035e-17
4013.499999999999	9.641404138192297e-17	3.6724426991022925e-17
4013.749999999999	7.879953464007166e-17	3.6057726034750086e-17
4013.999999999999	3.292133177591237e-17	3.423738936537404e-17
4014.249999999999	1.875089573918278e-17	3.3159874120960414e-17
4014.499999999999	1.3538409664554363e-17	3.2845102119381935e-17
4014.749999999999	5.586702418311284e-17	3.4859108239936246e-17
4014.999999999999	9.481634533749925e-17	3.696067639141297e-17
4015.249999999999	1.1282405238352763e-17	3.247765194767363e-17
4015.499999999999	-3.141212999496141e-18	3.1819904394351064e-17
4015.749999999999	2.7365052067914053e-17	3.273582494301878e-17
4015.999999999999	7.029413932700131e-17	3.444207686231151e-17
4016.249999999999	7.947722717232411e-17	3.6168015680183006e-17
4016.499999999999	8.712913091191735e-17	3.4816802914687834e-17
4016.749999999999	9.35474039557286e-17	3.604985458404103e-17
4016.999999999999	7.526040599331658e-17	3.576577760063317e-17
4017.249999999999	2.5115105912518792e-17	3.2407248951378016e-17
4017.499999999999	1.5584291190013405e-17	3.1664086728003225e-17
4017.7499999999995	2.0915774640383088e-18	3.142717558312314e-17
4017.9999999999995	3.832024698981738e-17	3.3813015932632285e-17
4018.2499999999995	8.894602981866762e-17	3.644075698047644e-17
4018.4999999999995	4.786629176176109e-17	3.4295182820411895e-17
4018.7499999999995	7.847736268073329e-18	3.209075972284788e-17
4018.9999999999995	1.6569198601768044e-17	3.290505947890223e-17
4019.249999999999	3.3740164481723515e-17	3.387688089336628e-17
4019.4999999999995	1.7998158073037074e-17	3.2468685309833555e-17
4019.749999999999	4.01869918002801e-17	3.3596387256372e-17
4019.999999999999	-4.578543124973902e-18	3.191827933024077e-17
4020.249999999999	-7.954411134229392e-18	3.193548137825942e-17
4020.499999999999	4.389227125359503e-17	3.4136238411348606e-17
4020.749999999999	2.551938216509796e-17	3.311484902585793e-17
4020.999999999999	5.816638114521834e-17	3.4699015704182733e-17
4021.249999999999	2.9500797667940244e-17	3.2952701773462833e-17
4021.499999999999	-2.3642335647286503e-17	2.91397697265078e-17
4021.749999999999	-4.965264123412856e-17	2.8288451983680474e-17
4021.999999999999	-1.0242266149917346e-18	3.075158078090413e-17
4022.249999999999	3.090853664777484e-17	3.254053090911746e-17
4022.499999999999	6.087151321117296e-17	3.4487532091332526e-17
4022.749999999999	1.0078269321672583e-16	3.6704323193415437e-17
4022.999999999999	6.87902786512656e-17	3.35652257083359e-17
4023.249999999999	3.086912314594791e-17	3.2451685093884365e-17
4023.499999999999	1.578668243357043e-17	3.2547753850226273e-17
4023.749999999999	3.253260321012675e-17	3.3168443712106464e-17
4023.999999999999	5.1560530008259666e-17	3.3473726297697734e-17
4024.249999999999	2.0633861561457665e-17	3.277716743003418e-17
4024.499999999999	1.8085784624047267e-17	3.25434988331553e-17
4024.7499999999995	3.1353066817683286e-17	3.264001426702799e-17
4024.9999999999995	2.231646604139873e-17	3.2559946492455305e-17
4025.2499999999995	5.437899905302385e-17	3.414976446872507e-17
4025.4999999999995	6.818408761116224e-17	3.5034592952528146e-17
4025.7499999999995	6.698179051698377e-17	3.46625866700059e-17
4025.9999999999995	4.020139466910587e-17	3.266296687466511e-17
4026.2499999999995	-1.1876842041951746e-17	3.035089118346099e-17
4026.499999999999	4.00645657608998e-17	3.257312182525205e-17
4026.7499999999995	7.458574425082853e-17	3.460192786132616e-17
4026.999999999999	7.360035376559616e-17	3.5021761726866223e-17
4027.249999999999	3.357083399288901e-17	3.32930138036345e-17
4027.499999999999	6.19125828777975e-17	3.450552823273923e-17
4027.749999999999	6.604076999980874e-17	3.4887000770191534e-17
4027.999999999999	5.947530512907736e-17	3.449427195896361e-17
4028.249999999999	4.73368333040006e-17	3.3871954205637913e-17
4028.499999999999	2.178107835300746e-17	3.206099776440822e-17
4028.749999999999	3.3094080175037946e-17	3.2931029641413944e-17
4028.999999999999	4.370768093682015e-17	3.35035742829211e-17
4029.249999999999	2.9003509918563164e-17	3.306031466243353e-17
4029.499999999999	6.810057545651889e-17	3.4434321216888215e-17
4029.749999999999	1.521824060790154e-17	3.1621510087513895e-17
4029.999999999999	6.989709263297586e-18	3.166303786298651e-17
4030.249999999999	2.7563917867700377e-17	3.307341058589147e-17
4030.499999999999	3.726223252834469e-18	3.0464198383768504e-17
4030.749999999999	-1.4900103635591194e-18	3.075722215268174e-17
4030.999999999999	1.0553413446051618e-17	3.1331808275940673e-17
4031.249999999999	1.7625855659855532e-17	3.173636246120566e-17
4031.499999999999	1.0404207434339915e-17	3.17011245671109e-17
4031.749999999999	1.4847508183522622e-17	3.2460747684675496e-17
4031.9999999999995	2.0857010075306095e-17	3.234728166569037e-17
4032.2499999999995	1.981693302541662e-17	3.194074886440016e-17
4032.4999999999995	1.4685132629278463e-17	3.149865391421507e-17
4032.7499999999995	8.332853709097915e-18	3.112089045462945e-17
4032.9999999999995	-1.657952677889638e-17	3.0298391684343475e-17
4033.249999999999	-4.803182942069189e-19	3.1210943953556875e-17
4033.4999999999995	3.504773519810039e-17	3.3115279159776455e-17
4033.749999999999	6.16816737554421e-17	3.46290660028628e-17
4033.9999999999995	1.8872306000770863e-17	3.1991653559296674e-17
4034.249999999999	3.404695584475208e-17	3.2453273280660467e-17
4034.499999999999	5.343558963823977e-17	3.277356092256345e-17
4034.749999999999	4.499182258952707e-17	3.141393076715494e-17
4034.999999999999	5.219824655586865e-17	3.2315369037658076e-17
4035.249999999999	5.48220270629399e-17	3.3398681163804473e-17
4035.499999999999	6.6807526722976e-17	3.459649824778536e-17
4035.749999999999	6.915554837487922e-17	3.4837429490442457e-17
4035.999999999999	1.004553778483386e-17	3.2450153155389917e-17
4036.249999999999	5.028611269083392e-17	3.328800770656733e-17
4036.499999999999	5.35850214702587e-17	3.333534228994006e-17
4036.749999999999	3.519253481868902e-17	3.287014253088514e-17
4036.999999999999	3.277510278722525e-17	3.266239446568122e-17
4037.249999999999	3.923613114253814e-17	3.182792804629283e-17
4037.499999999999	2.0084648376308182e-17	3.100075735990715e-17
4037.749999999999	2.853816788444288e-17	3.2097615395764717e-17
4037.999999999999	6.914517222127536e-17	3.434795363477033e-17
4038.249999999999	6.84939031465103e-17	3.3318527362448085e-17
4038.499999999999	3.537077569708195e-17	3.22034746618368e-17
4038.749999999999	1.812163959487899e-17	3.1692667472528157e-17
4038.9999999999995	6.79096588624192e-18	3.130947109067929e-17
4039.2499999999995	-2.4864311368237615e-17	3.0279214329022045e-17
4039.4999999999995	1.2307289461931478e-17	3.1771130516712487e-17
4039.7499999999995	5.535025798467136e-17	3.2869560195733903e-17
4039.9999999999995	6.844425245742242e-17	3.319800714719911e-17
4040.2499999999995	3.028938865055645e-17	3.274488422508746e-17
4040.499999999999	3.5870210807329215e-17	3.3181705071686914e-17
4040.7499999999995	6.439337032673794e-17	3.369888816915712e-17
4040.999999999999	7.51686617372171e-17	3.4230735524526664e-17
4041.249999999999	6.753712649302737e-17	3.421928734484893e-17
4041.499999999999	2.406363858559446e-17	3.200488514037507e-17
4041.749999999999	6.85609577156863e-17	3.41244891379279e-17
4041.999999999999	5.3044783194755417e-17	3.326725209063715e-17
4042.249999999999	1.3780316153153658e-17	3.1516524324168665e-17
4042.499999999999	1.740626071391863e-17	3.163892389376936e-17
4042.749999999999	3.2107250395539734e-17	3.262713341052931e-17
4042.999999999999	8.810073229633846e-18	3.145346669171252e-17
4043.249999999999	6.46493761088782e-19	3.0970399831426455e-17
4043.499999999999	1.8983838071483838e-17	3.2165106716304143e-17
4043.749999999999	3.92893320908151e-17	3.3324473136691116e-17
4043.999999999999	2.1764968183397376e-17	3.194965594523613e-17
4044.249999999999	2.5139992468428063e-17	3.2213152675003673e-17
4044.499999999999	4.4099347648141556e-17	3.354931075335038e-17
4044.749999999999	5.454720788494773e-17	3.400525601571206e-17
4044.999999999999	4.7400804143853e-17	3.3936848179053923e-17
4045.249999999999	1.7767538463896065e-17	3.224382453211714e-17
4045.499999999999	1.4314396896177096e-17	3.122367260882284e-17
4045.749999999999	5.0085633888853116e-17	3.228952791532192e-17
4045.9999999999995	3.890309499303449e-17	3.2389461259485676e-17
4046.2499999999995	1.0008547922201713e-17	3.110166015974882e-17
4046.4999999999995	2.0064524726365992e-17	3.190817449187782e-17
4046.7499999999995	5.734417685123044e-17	3.3549525820309644e-17
4046.9999999999995	2.2412620824524345e-17	3.1157120965459275e-17
4047.249999999999	4.489432115636422e-17	3.3034652211109687e-17
4047.4999999999995	5.903443109747639e-17	3.298945175371734e-17
4047.749999999999	4.2726313858087236e-17	3.2262932404267114e-17
4047.9999999999995	2.1664455812804833e-17	3.2470723482862885e-17
4048.249999999999	9.85979189674324e-18	3.130865714495654e-17
4048.499999999999	5.678951585456668e-17	3.412043595292639e-17
4048.749999999999	6.60509277777309e-17	3.428898558326265e-17
4048.999999999999	1.1196509149184032e-17	3.099462960592936e-17
4049.249999999999	4.3226543061722553e-17	3.256813227179713e-17
4049.499999999999	1.5771841159020003e-17	3.1448530077816806e-17
4049.749999999999	3.7960188504062846e-17	3.282072676109122e-17
4049.999999999999	7.084161377850321e-17	3.413274770916363e-17
4050.249999999999	4.839652818288769e-19	3.050832350636453e-17
4050.499999999999	8.350809814962971e-17	3.471376268014333e-17
4050.749999999999	4.539269416670497e-17	3.343046806038366e-17
4050.999999999999	1.8026877783904915e-17	3.2176227332459306e-17
4051.249999999999	6.28812444623216e-17	3.393478353624499e-17
4051.499999999999	5.509518857098451e-17	3.2605027835839445e-17
4051.749999999999	8.155851947262593e-17	3.467787958517078e-17
4051.999999999999	7.179901908925169e-17	3.474119529797804e-17
4052.249999999999	3.326429409276666e-17	3.2288184574007133e-17
4052.499999999999	-2.8105046189542767e-17	2.964413483320588e-17
4052.749999999999	2.5363380864654133e-17	3.182845082443996e-17
4052.9999999999995	3.012075630215894e-17	3.1880010646381617e-17
4053.2499999999995	2.465325292622226e-17	3.184093132552216e-17
4053.4999999999995	6.50151520670267e-17	3.358227224639939e-17
4053.7499999999995	4.184375846660746e-17	3.268447357059149e-17
4053.9999999999995	6.953030089703515e-17	3.323729491757293e-17
4054.2499999999995	7.399668577557237e-17	3.356366068261695e-17
4054.499999999999	4.0785456973462214e-17	3.30629153182794e-17
4054.7499999999995	4.315485958983871e-17	3.238090159450698e-17
4054.999999999999	8.473016155172576e-17	3.4643012267990443e-17
4055.249999999999	1.0217431540950544e-16	3.5665893887306167e-17
4055.499999999999	9.763239901487477e-17	3.485870788451977e-17
4055.749999999999	5.838141501725763e-17	3.201761048691859e-17
4055.999999999999	9.68200348614538e-17	3.463169974593317e-17
4056.249999999999	8.508082657444414e-17	3.456842373779531e-17
4056.499999999999	7.072011087268652e-17	3.3906004268373046e-17
4056.749999999999	6.250439421013224e-17	3.3636886019162594e-17
4056.999999999999	3.1848488447598446e-17	3.2263071370610023e-17
4057.249999999999	3.224847990460459e-17	3.1512014535469026e-17
4057.499999999999	9.951559313899872e-18	3.114065345382457e-17
4057.749999999999	-1.326921366036633e-17	3.1046368098883325e-17
4057.999999999999	8.891150164553843e-18	3.1168350769455295e-17
4058.249999999999	8.497212015270364e-18	3.1168688259145216e-17
4058.499999999999	3.1132338634307186e-17	3.237188532583015e-17
4058.749999999999	3.7868606375363425e-17	3.283239993389557e-17
4058.999999999999	2.406079970173218e-17	3.143469300053002e-17
4059.249999999999	2.3187978571700926e-17	3.249296140645076e-17
4059.499999999999	3.029283964807202e-17	3.2283989113940264e-17
4059.749999999999	2.1679348372553238e-17	3.1132924278180874e-17
4059.999999999999	-1.2275106345838877e-17	2.9478500187348264e-17
4060.2499999999995	-1.4454810805157973e-17	2.895714479086834e-17
4060.4999999999995	1.6223681951182194e-17	3.125122434066576e-17
4060.7499999999995	2.6780653928229015e-17	3.177756598187815e-17
4060.9999999999995	4.7518945387660274e-17	3.194230396395176e-17
4061.2499999999995	6.631114556355028e-17	3.3549072525333964e-17
4061.4999999999995	-2.30873553589063e-19	3.069130247530616e-17
4061.749999999999	-4.722185519885573e-17	2.8624300547266804e-17
4061.9999999999995	-3.8789109504624685e-17	2.9072165909405066e-17
4062.249999999999	2.218901736133901e-17	3.171460099365061e-17
4062.499999999999	4.3432494490636006e-17	3.223039773641418e-17
4062.749999999999	6.264752954332842e-17	3.349538519485682e-17
4062.999999999999	2.412850278050842e-17	3.177460467528521e-17
4063.249999999999	-3.650312639866294e-17	2.893763987202434e-17
4063.499999999999	-2.7753783942422124e-17	2.9959432921653945e-17
4063.749999999999	2.3244865436787423e-17	3.21628634024829e-17
4063.999999999999	3.383414543419934e-17	3.226835209164056e-17
4064.249999999999	3.036400034180873e-17	3.210392182075482e-17
4064.499999999999	3.125794435596214e-17	3.2804077269721755e-17
4064.749999999999	5.785477228230227e-17	3.385055669755239e-17
4064.999999999999	3.9430406089924796e-17	3.3498928836601e-17
4065.249999999999	3.523933669774727e-17	3.303192913253316e-17
4065.499999999999	4.087479247961794e-17	3.276749603431221e-17
4065.749999999999	3.9384848290507826e-17	3.238543123554132e-17
4065.999999999999	-3.728909521873735e-18	3.094177607350967e-17
4066.249999999999	-6.359618907346037e-18	3.07808232699191e-17
4066.499999999999	3.155592128238334e-17	3.192795403468519e-17
4066.749999999999	5.708502447404002e-17	3.355941228299088e-17
4066.999999999999	2.2139038281547944e-18	3.043157107168696e-17
4067.2499999999995	2.5749528626928588e-17	3.173487684482551e-17
4067.4999999999995	6.441379837914554e-17	3.416935872307523e-17
4067.7499999999995	9.651137737896331e-17	3.545478085137038e-17
4067.9999999999995	4.5876042268399304e-17	3.2723106213920165e-17
4068.2499999999995	6.015313001022781e-17	3.2824816342039685e-17
4068.499999999999	6.326010641776069e-17	3.330392927899775e-17
4068.7499999999995	5.534103988392507e-17	3.3284047165794425e-17
4068.999999999999	4.455102134982001e-17	3.240265975333957e-17
4069.2499999999995	5.350967855134492e-17	3.3269409377674686e-17
4069.499999999999	4.4416478768827036e-17	3.256810911073998e-17
4069.749999999999	3.246981689291153e-17	3.202231218152034e-17
4069.999999999999	3.85085893978508e-17	3.249963840835529e-17
4070.249999999999	6.092496231363369e-17	3.330284070931163e-17
4070.499999999999	3.902902414230895e-18	3.049408938238372e-17
4070.749999999999	2.0112276208767453e-17	3.1656628867600446e-17
4070.999999999999	6.290645692739221e-17	3.4371902167864963e-17
4071.249999999999	3.06489872238904e-17	3.2817510682869617e-17
4071.499999999999	5.801257849084268e-17	3.388517255182651e-17
4071.749999999999	3.930766241318928e-17	3.275219319297998e-17
4071.999999999999	2.6369753613304523e-17	3.156508313484798e-17
4072.249999999999	3.907311038741619e-17	3.1798543282212494e-17
4072.499999999999	1.2601362923042042e-17	3.0717702771736405e-17
4072.749999999999	-8.020299378741691e-18	3.0179194958074583e-17
4072.999999999999	-1.4635645721951865e-17	3.024763257323477e-17
4073.249999999999	7.23884696481182e-18	3.098202999083895e-17
4073.499999999999	4.340025760780359e-17	3.208362611724522e-17
4073.749999999999	4.659805761941418e-18	3.003605631615596e-17
4073.999999999999	2.2486557536396785e-17	3.0694624432646176e-17
4074.2499999999995	3.0823787030935106e-17	3.152482590879625e-17
4074.4999999999995	1.4053219580847153e-17	3.0237848680949493e-17
4074.7499999999995	4.2664662432672433e-17	3.2068707087717213e-17
4074.9999999999995	3.966694996661291e-17	3.256543566300021e-17
4075.2499999999995	1.2580517144425093e-17	3.0843298567224007e-17
4075.4999999999995	-3.181800849638709e-17	2.836904253640029e-17
4075.749999999999	3.038549380284531e-17	3.176886735055654e-17
4075.9999999999995	3.343434919181776e-17	3.2299129827872435e-17
4076.249999999999	1.3528251886632212e-17	3.076211244446315e-17
4076.499999999999	-8.407561353301255e-18	2.895059021169447e-17
4076.749999999999	-1.4549056455429814e-17	2.9579922456614616e-17
4076.999999999999	3.327086066605941e-18	3.0772756604585485e-17
4077.249999999999	-2.1692948876184835e-17	3.00515179761658e-17
4077.499999999999	-1.8740249924699222e-17	3.015741363818484e-17
4077.749999999999	1.7323570776804154e-17	3.13922553263836e-17
4077.999999999999	1.9369967635784816e-17	3.006295953839863e-17
4078.249999999999	3.785586779393011e-17	3.108605953339607e-17
4078.499999999999	6.229968355213762e-17	3.2971435759975934e-17
4078.749999999999	7.524692625805442e-17	3.383418513886874e-17
4078.999999999999	7.666477834805809e-18	3.09905731122054e-17
4079.249999999999	4.966609119088867e-17	3.323658354224613e-17
4079.499999999999	-2.1801605667088575e-17	3.009131528979695e-17
4079.749999999999	-6.933091728218536e-17	2.7505674426409293e-17
4079.999999999999	-1.5214789610385967e-17	2.956435160876392e-17
4080.249999999999	3.214754401753842e-17	3.180095864960115e-17
4080.499999999999	4.223394948771607e-17	3.139865108687986e-17
4080.749999999999	2.2959325998056568e-17	3.053849905511047e-17
4080.999999999999	7.6448966926243e-18	3.018646091257525e-17
4081.2499999999995	5.61534007286236e-17	3.137679366637376e-17
4081.4999999999995	1.9067350226127192e-17	3.066690726468075e-17
4081.7499999999995	5.023652486747259e-17	3.277965889803919e-17
4081.9999999999995	7.581331998452663e-17	3.3955420038166964e-17
4082.2499999999995	3.447819156785558e-17	3.2217076819829625e-17
4082.499999999999	7.131507872623876e-17	3.401075842114676e-17
4082.7499999999995	6.414579847812326e-17	3.270525896502372e-17
4082.999999999999	6.059994650734935e-17	3.2235976242465236e-17
4083.2499999999995	5.746442244251604e-17	3.2762440306408286e-17
4083.499999999999	2.594913227182131e-17	3.162377656239229e-17
4083.749999999999	3.5937890725048303e-17	3.2284769972438514e-17
4083.999999999999	3.588662868812717e-17	3.230156835631824e-17
4084.249999999999	4.067118031747679e-17	3.198471847704103e-17
4084.499999999999	4.5342249384229034e-17	3.180070056925003e-17
4084.749999999999	3.183043936663254e-17	3.193634495481893e-17
4084.999999999999	-4.032645279719531e-18	2.9915423604343674e-17
4085.249999999999	1.4988265837746803e-19	3.0050849614230856e-17
4085.499999999999	6.140348960671806e-17	3.27049677974481e-17
4085.749999999999	5.603061403849623e-17	3.356330995803723e-17
4085.999999999999	8.751973221460979e-17	3.475884402352747e-17
4086.249999999999	6.97137099998953e-17	3.376257776760125e-17
4086.499999999999	2.6982816869936975e-17	3.143560951664873e-17
4086.749999999999	7.137049155547369e-18	2.928082718200524e-17
4086.999999999999	1.985483774980625e-17	2.998478104434502e-17
4087.249999999999	2.563629421851498e-17	3.0876524758069037e-17
4087.499999999999	3.615296430175699e-17	3.173360960412708e-17
4087.749999999999	4.9357896929541213e-17	3.244286073110965e-17
4087.999999999999	8.707600606425674e-17	3.3630172621311114e-17
4088.249999999999	3.9761533106574674e-17	3.153294551368907e-17
4088.4999999999995	2.627923358451162e-17	3.106376205280409e-17
4088.7499999999995	4.115489237864065e-17	3.1882141463639553e-17
4088.9999999999995	3.987925745135322e-17	3.205054220146555e-17
4089.2499999999995	8.701599907389969e-17	3.420681676993408e-17
4089.4999999999995	7.754945297626723e-17	3.35441259852709e-17
4089.749999999999	7.379212731881046e-17	3.2843980462471313e-17
4089.9999999999995	8.554617853473177e-17	3.3348765776920573e-17
4090.249999999999	8.041894913865858e-17	3.321766757599827e-17
4090.499999999999	4.9561164984547544e-17	3.1710729788383865e-17
4090.749999999999	5.204306416423125e-17	3.210340566005259e-17
4090.999999999999	8.767511643831665e-17	3.33476540461773e-17
4091.249999999999	5.953605989070815e-17	3.2665736275355937e-17
4091.499999999999	8.673493633664398e-17	3.4501574309411226e-17
4091.749999999999	3.1638176122495614e-17	3.1636177654135685e-17
4091.999999999999	2.2566791987862897e-18	2.9796891931287275e-17
4092.249999999999	6.910876303943322e-17	3.2392882478499195e-17
4092.499999999999	-3.1808142713221172e-18	3.008676248770546e-17
4092.749999999999	2.221218999901907e-17	3.17978517592204e-17
4092.999999999999	3.2996859983283364e-17	3.177491238647308e-17
4093.249999999999	1.1699736055359242e-17	3.044608974579849e-17
4093.499999999999	3.671063292712799e-17	3.162038512188082e-17
4093.749999999999	5.051311421197562e-17	3.144644227395072e-17
4093.999999999999	4.537731853347883e-17	3.153564212248599e-17
4094.249999999999	2.7206577497438694e-17	3.103942970790523e-17
4094.499999999999	-7.00957814161111e-18	3.0044572967742803e-17
4094.749999999999	9.330276363520482e-17	3.4586221355855e-17
4094.999999999999	4.550461170358339e-17	3.229979818980738e-17
4095.249999999999	4.451623013325603e-17	3.1768916981393295e-17
4095.4999999999995	8.146982585862555e-17	3.329035689950698e-17
4095.7499999999995	1.021074891421785e-17	3.0873818223104763e-17
4095.9999999999995	-3.1030125580375234e-18	2.934040734716621e-17
4096.249999999999	1.4529683885483823e-17	3.045495712196506e-17
4096.499999999999	4.07578986241744e-17	3.216454754221006e-17
4096.749999999999	5.995113250464236e-17	3.2640295508436256e-17
4096.999999999999	4.0119262251724257e-17	3.1754411542171565e-17
4097.249999999999	7.764328834495524e-17	3.348445317588132e-17
4097.499999999999	6.953140601033352e-17	3.351093619037282e-17
4097.749999999999	3.7693733776424814e-17	3.178944429547441e-17
4097.999999999999	6.477863796884063e-17	3.2924018458541944e-17
4098.249999999999	2.193729472041055e-17	3.0046793120506896e-17
4098.499999999999	-9.432006550769856e-19	2.9223305042208305e-17
4098.749999999999	-1.105157717969739e-17	2.970963761155273e-17
4098.999999999999	4.037575689760654e-18	2.9883924566617655e-17
4099.249999999999	-3.1778743887070425e-17	2.748636306782863e-17
4099.499999999999	1.850140317718576e-17	2.950900660833922e-17
4099.749999999999	5.4342146502373386e-17	3.134016280012746e-17
4099.999999999999	4.6148274025435405e-17	3.2089945777125125e-17
4100.249999999999	1.0526185638136577e-16	3.441211638052484e-17
4100.499999999999	5.896065982172646e-17	3.1746477225735956e-17
4100.749999999999	7.196129207309989e-17	3.254390911473913e-17
4100.999999999999	8.793510261356451e-17	3.3573735742477846e-17
4101.249999999999	3.051828937838457e-17	3.0080446136548e-17
4101.499999999999	4.206638916539243e-17	3.0629406204430045e-17
4101.749999999999	2.57145984440217e-17	3.048846786294081e-17
4101.999999999999	1.6832179170833353e-17	3.022346235573597e-17
4102.249999999999	2.4638393453698357e-17	3.020593936163965e-17
4102.499999999999	3.795514931977117e-17	3.055585661308428e-17
4102.749999999999	7.149290270560296e-17	3.271914236442481e-17
4102.999999999999	7.183534224431011e-17	3.316147554262632e-17
4103.249999999999	6.996132155317938e-17	3.2434684877935175e-17
4103.499999999999	8.08840959581543e-17	3.208926087157793e-17
4103.749999999999	1.0650125748910093e-16	3.467928910093457e-17
4103.999999999999	4.080099142536596e-17	3.1779087994205247e-17
4104.249999999999	1.722202443044592e-17	3.053433337354565e-17
4104.499999999999	9.199239704835751e-17	3.360705126882903e-17
4104.749999999999	8.436606311585952e-17	3.342815195466851e-17
4104.999999999999	6.089809548733797e-17	3.1938780174542284e-17
4105.249999999999	6.789653316045921e-17	3.220627714975213e-17
4105.499999999999	8.033441789750056e-17	3.308536169138164e-17
4105.749999999999	7.837176314937354e-17	3.196284782164513e-17
4105.999999999999	1.4772032915710834e-17	2.934766999294443e-17
4106.249999999999	3.445717456285183e-17	3.0610076647875906e-17
4106.499999999999	6.34210029730696e-17	3.1923957097965334e-17
4106.749999999999	4.4765542369879513e-17	3.151610080769504e-17
4106.999999999999	5.795703165834852e-17	3.186324865844884e-17
4107.249999999999	7.423818280976845e-17	3.273317465633616e-17
4107.499999999999	9.952983222606321e-17	3.429400160649717e-17
4107.749999999999	1.0513667417618445e-16	3.4868746548433714e-17
4107.999999999999	5.5399753163804086e-17	3.160802704352928e-17
4108.249999999999	5.174807832290504e-17	3.170274253238905e-17
4108.499999999999	6.522187442827105e-17	3.21698944376896e-17
4108.749999999999	8.537965053381259e-17	3.306981731331054e-17
4108.999999999999	9.322731814589508e-17	3.3836279560179726e-17
4109.249999999999	4.5025819712703e-17	3.1038122762537396e-17
4109.499999999999	7.593858821649166e-17	3.3003712347477753e-17
4109.749999999999	8.271312464140705e-17	3.3414324803549076e-17
4109.999999999999	7.178882822410503e-17	3.270841548624122e-17
4110.249999999999	9.800795886530855e-17	3.422136522254766e-17
4110.499999999999	5.87928149492721e-17	3.20934960363142e-17
4110.749999999999	4.467189559837116e-17	3.1354138843757155e-17
4110.999999999999	5.3276711403625485e-17	3.195807333514947e-17
4111.249999999999	8.370258485525318e-17	3.341264728126682e-17
4111.499999999999	1.1302799707227503e-16	3.496118894497019e-17
4111.749999999999	5.2762714605874834e-17	3.186179282057075e-17
4111.999999999999	-7.651218834046043e-18	2.89213543401244e-17
4112.249999999999	-2.6174742475172697e-17	2.8339608141483204e-17
4112.499999999999	5.482702323383972e-17	3.1340894027788956e-17
4112.749999999999	6.11904078809244e-17	3.151268289740397e-17
4112.999999999999	8.940845025086437e-17	3.360674355764116e-17
4113.249999999999	8.956544251368203e-17	3.36533866180218e-17
4113.499999999999	3.398844439694253e-17	3.0100311706139076e-17
4113.749999999999	8.05065442568055e-17	3.22058139286091e-17
4113.999999999999	6.387315313078089e-17	3.2158588533077225e-17
4114.249999999999	8.957500472156314e-17	3.381933559251219e-17
4114.499999999999	1.3891039902972046e-16	3.570949292303261e-17
4114.749999999999	9.111974797189367e-17	3.3598690127197345e-17
4114.999999999999	1.1341203386962625e-16	3.461675424662556e-17
4115.249999999999	6.237730618081959e-17	3.261073207334361e-17
4115.499999999999	3.431223597592029e-17	3.09055951935166e-17
4115.749999999999	5.95166376899254e-17	3.2092132842664715e-17
4115.999999999999	4.021133738006876e-17	3.1096144519424316e-17
4116.249999999999	6.307184672778852e-17	3.249220370900966e-17
4116.499999999999	9.353859613656613e-17	3.4024353961694683e-17
4116.749999999999	1.1121062170949193e-16	3.4617300185829845e-17
4116.999999999999	8.710516252648801e-17	3.290971154266723e-17
4117.249999999999	8.941501475620559e-17	3.352119653869093e-17
4117.499999999999	3.080978782624826e-17	3.10241599537975e-17
4117.749999999999	2.730497145848249e-18	2.964880674930558e-17
4117.999999999999	6.807773203672263e-17	3.243145887354622e-17
4118.249999999999	4.772979041707759e-17	3.1156684214095847e-17
4118.499999999999	6.496168972967617e-17	3.2864759239458646e-17
4118.749999999999	7.343969543830366e-17	3.34256604866635e-17
4118.999999999999	6.145477480469635e-17	3.239625737539841e-17
4119.249999999999	3.940892255505557e-17	3.1361626482661985e-17
4119.499999999999	1.0754271923933582e-17	3.049257067877907e-17
4119.749999999999	1.567664590540495e-17	3.069437627846241e-17
4119.999999999999	3.25060507124638e-17	3.11497094271708e-17
4120.249999999999	2.558287654891753e-17	3.1180186069659703e-17
4120.499999999999	1.4967224379216197e-17	3.1361623173939535e-17
4120.749999999999	3.959470732063498e-17	3.1667848745429116e-17
4120.999999999999	5.633698188505117e-17	3.1851264465734174e-17
4121.249999999999	6.218305770321254e-17	3.2082640117955057e-17
4121.499999999999	8.389300183226289e-17	3.352746325901163e-17
4121.749999999999	9.800792412372282e-18	2.980129584086851e-17
4121.999999999999	5.607955666097977e-17	3.1968899475006565e-17
4122.249999999999	9.077169022246606e-17	3.3757842985775e-17
4122.499999999999	8.680952817556156e-18	3.0522239992990125e-17
4122.749999999999	6.60259469232318e-17	3.20996634949614e-17
4122.999999999999	4.869266504603627e-17	3.145561074386026e-17
4123.249999999999	2.1976422017745532e-17	3.094797661938137e-17
4123.499999999999	1.8247787947015777e-17	3.058641597363444e-17
4123.749999999999	-2.923187835566711e-18	2.914132151733695e-17
4123.999999999999	2.4865365196338007e-17	3.055806353095857e-17
4124.249999999999	4.398447873083754e-17	3.149519299053215e-17
4124.499999999999	5.640848337720025e-17	3.231747007641396e-17
4124.749999999999	6.893797340399817e-17	3.314466392385679e-17
4124.999999999999	4.932052160074362e-17	3.171064376160016e-17
4125.249999999999	9.175397050859523e-17	3.352610999152949e-17
4125.499999999999	7.988596689148861e-17	3.3190929789878105e-17
4125.749999999999	2.757917273255708e-17	3.1105028439203135e-17
4125.999999999999	6.550876713448404e-17	3.2089664535716857e-17
4126.249999999999	5.902936627058573e-18	2.864233970206536e-17
4126.499999999999	2.4426853592566496e-17	3.005592850319193e-17
4126.749999999999	6.231328240140799e-17	3.2442629120538134e-17
4126.999999999999	5.371267529111033e-17	3.239719043512937e-17
4127.249999999999	2.13078764487067e-17	3.100881079035097e-17
4127.499999999999	3.7386290595073555e-17	3.183296392186205e-17
4127.749999999999	4.2213746428435077e-17	3.156201925785908e-17
4127.999999999999	2.8090487810761834e-17	3.01786953409846e-17
4128.249999999999	2.494646694667638e-17	3.0250325873309243e-17
4128.499999999999	2.437559155564536e-17	3.0311487607801414e-17
4128.749999999999	3.5957862173757784e-17	3.1079567819948753e-17
4128.999999999999	4.439222914198943e-17	3.126498862605864e-17
4129.249999999999	2.3929529447242464e-17	2.99236557057998e-17
4129.499999999999	8.797702743573115e-18	2.8360681394768605e-17
4129.749999999999	-6.535515555882988e-18	2.85571864210867e-17
4129.999999999999	1.809526576822835e-17	3.00709964252302e-17
4130.249999999999	4.403993622782555e-17	3.098517327716665e-17
4130.499999999999	-3.1664559875313605e-17	2.7706139993500294e-17
4130.749999999999	1.772174243646268e-17	3.0137405793528404e-17
4130.999999999999	2.802053480071945e-17	3.087141939932836e-17
4131.249999999999	4.007005824016715e-17	3.132086633079782e-17
4131.499999999999	6.550901859739026e-17	3.222793935563367e-17
4131.749999999999	-1.2317733444345572e-17	2.802401888545952e-17
4131.999999999999	1.4632712539499752e-17	2.8666867261588783e-17
4132.249999999999	4.7927661945767626e-17	3.096393458775874e-17
4132.499999999999	6.801221933220843e-17	3.2764577741111123e-17
4132.749999999999	6.359429400267701e-17	3.1898218546025134e-17
4132.999999999999	8.311872769168875e-17	3.266639140240108e-17
4133.249999999999	8.109229400961145e-17	3.287323618637609e-17
4133.499999999999	4.6225304392798794e-17	3.1585180315010566e-17
4133.749999999999	6.7125541272555685e-18	2.901346586441585e-17
4133.999999999999	6.864411914574994e-17	3.276020030130949e-17
4134.249999999999	4.2879951076340385e-17	3.072605729592319e-17
4134.499999999999	4.7753586748939517e-17	3.074386484015023e-17
4134.749999999999	6.780151326913402e-17	3.234521702288144e-17
4134.999999999999	3.0307305382624346e-17	3.0028052516548894e-17
4135.249999999999	2.836686539702805e-17	3.050438612664878e-17
4135.499999999999	1.585433753587114e-17	3.0023671768024813e-17
4135.749999999999	3.1259148730934015e-17	3.0362752953445e-17
4135.999999999999	6.783418359460741e-17	3.246023483269571e-17
4136.249999999999	8.205428520967592e-17	3.3340808299427813e-17
4136.499999999999	6.874719246751894e-17	3.198093991600289e-17
4136.749999999999	9.593944485110944e-17	3.3568881846643384e-17
4136.999999999999	1.3083919412890165e-16	3.565096162288836e-17
4137.249999999999	4.167675400965545e-17	3.1794632372276343e-17
4137.499999999999	8.097407335646537e-17	3.348532998733063e-17
4137.749999999999	4.527218387762334e-17	3.121456038719496e-17
4137.999999999999	3.232620510368252e-17	3.0832025749836134e-17
4138.249999999999	1.0006606363867929e-16	3.4667195720379043e-17
4138.499999999999	4.2178445668613764e-17	3.075237156556973e-17
4138.749999999999	6.494830263864261e-17	3.257653642682067e-17
4138.999999999999	4.3697473528061243e-17	3.1727091420900164e-17
4139.249999999999	1.3593099537933919e-17	2.979997235188842e-17
4139.499999999999	8.503518605696591e-17	3.319053936062898e-17
4139.749999999999	8.220440856468694e-17	3.307739759644398e-17
4139.999999999999	6.287544758058883e-17	3.168589782639502e-17
4140.249999999999	3.62357419200164e-17	2.9883775674107395e-17
4140.499999999999	1.9440325964327352e-17	2.9000558538137575e-17
4140.749999999999	9.22699393049262e-17	3.141618400714353e-17
4140.999999999999	7.445712097429899e-17	3.179648525684846e-17
4141.249999999999	5.735565811813267e-17	3.1104217802202833e-17
4141.499999999999	5.126479639565971e-17	3.025826018974485e-17
4141.749999999999	4.607471119919984e-17	3.070559946501353e-17
4141.999999999999	1.766801705567736e-17	2.987032902606973e-17
4142.249999999999	2.438938396517907e-17	3.0444415532238686e-17
4142.499999999999	2.0759197622232925e-17	3.0176418939938855e-17
4142.749999999999	-7.96759391165165e-18	2.876060667732574e-17
4142.999999999999	5.53485275228299e-17	3.157247482080175e-17
4143.249999999999	6.255468679137546e-17	3.1902132764683735e-17
4143.499999999999	7.078824408538129e-17	3.2376527463427797e-17
4143.749999999999	8.061683721096087e-17	3.2415001288078863e-17
4143.999999999999	4.355659474357611e-17	3.064290248330446e-17
4144.249999999999	4.774751855196583e-17	3.048937445289217e-17
4144.499999999999	-5.311483877519376e-18	2.8587964157318575e-17
4144.749999999999	-8.031855091899057e-18	2.806471948031958e-17
4144.999999999999	6.017747559001647e-17	3.0104990239683676e-17
4145.249999999999	6.79619068986305e-17	3.228612985736555e-17
4145.499999999999	9.146276984575206e-17	3.30933853433234e-17
4145.749999999999	7.665450972793385e-17	3.203930247130218e-17
4145.999999999999	4.167687974110856e-17	3.1018634387305647e-17
4146.249999999999	4.625396123794008e-17	3.264436854577247e-17
4146.499999999999	3.0309313777151625e-17	3.108501728582425e-17
4146.749999999999	6.149651102968333e-17	3.208826494612042e-17
4146.999999999999	7.021154037975422e-17	3.248985451607001e-17
4147.249999999999	4.793305516336147e-17	3.1336172480852503e-17
4147.499999999999	3.7135793835812897e-17	3.02083017894691e-17
4147.749999999999	2.901032919553305e-17	3.026037115466809e-17
4147.999999999999	3.3594325922285516e-17	2.9953510308468065e-17
4148.249999999999	4.770088210903009e-17	3.029661820911016e-17
4148.499999999999	7.967061538209411e-17	3.2349339691054404e-17
4148.749999999999	4.544839981787674e-17	3.037596799091115e-17
4148.999999999999	8.896328149752303e-17	3.295247016289132e-17
4149.249999999999	8.421907642973129e-17	3.262588602216558e-17
4149.499999999999	1.4433310726676494e-17	2.910954123820266e-17
4149.749999999999	7.066310820231427e-17	3.24833958898472e-17
4149.999999999999	6.262929848262775e-17	3.194482190173637e-17
4150.249999999999	6.486813229367397e-17	3.188770011735591e-17
4150.499999999999	3.7785137234111924e-17	3.081325205865363e-17
4150.749999999999	-5.014531993313249e-17	2.730696413657813e-17
4150.999999999999	7.297395966621181e-17	3.295313852482626e-17
4151.249999999999	4.7035991023937514e-17	3.098363141250485e-17
4151.499999999999	3.292535518241183e-17	3.026950322863067e-17
4151.749999999999	5.637987616289572e-17	3.2094922095690244e-17
4151.999999999999	4.659023000927759e-17	3.068519788238552e-17
4152.249999999999	6.347967985700166e-17	3.153396460020373e-17
4152.499999999999	6.938312230500481e-17	3.173417539566607e-17
4152.749999999999	6.931529349477546e-17	3.201730939317562e-17
4152.999999999999	7.532739438804358e-17	3.2849641686583626e-17
4153.249999999999	5.4039054291044156e-17	3.1537746469964325e-17
4153.499999999999	5.62158363212591e-17	3.13376547885102e-17
4153.749999999999	4.945520645680195e-17	3.1092514850896433e-17
4153.999999999999	2.5081391685112356e-17	3.050825733191553e-17
4154.249999999999	4.017686131931816e-18	2.9946644709383875e-17
4154.499999999999	4.633019420319297e-17	3.144310046427601e-17
4154.749999999999	7.95723066206534e-17	3.29412337414504e-17
4154.999999999999	7.96283960836294e-17	3.317902169777979e-17
4155.249999999999	4.6588327493868716e-17	3.186382106743273e-17
4155.499999999999	5.978449200715988e-17	3.3392794946565546e-17
4155.749999999999	7.089647239672773e-17	3.306679314099105e-17
4155.999999999999	3.885562144331885e-17	3.064418626761514e-17
4156.249999999999	1.2837877021228104e-17	2.9001319544301124e-17
4156.499999999999	1.0458795564504127e-16	3.408983357898438e-17
4156.749999999999	1.8886325057792412e-17	3.068237554213549e-17
4156.999999999999	2.202824488312198e-17	3.015928968381411e-17
4157.249999999999	4.5376124084674306e-17	3.093822581432059e-17
4157.499999999999	4.230430947061983e-17	3.147590644736986e-17
4157.749999999999	6.049275051740738e-17	3.2422842960285866e-17
4157.999999999999	1.2489811827174978e-17	3.0432550453532225e-17
4158.249999999999	2.1516658489676308e-17	3.08712837417079e-17
4158.499999999999	6.115211272728565e-17	3.2336700371294594e-17
4158.749999999999	2.5656780173565467e-17	3.0446093054520943e-17
4158.999999999999	2.4782724890060284e-17	3.085036599837766e-17
4159.249999999999	2.4454100921943992e-17	3.0757940145453435e-17
4159.499999999999	2.480252263084113e-17	3.014203469623625e-17
4159.749999999999	1.8021732720494836e-17	2.977449849774424e-17
4159.999999999999	6.753773529795821e-17	3.242900380148816e-17
4160.249999999999	4.225750759156158e-17	3.0881348875401446e-17
4160.499999999999	2.1779419028698678e-17	3.016509318299178e-17
4160.749999999999	2.30011515585497e-17	3.044028293789837e-17
4160.999999999999	3.4064955294881236e-17	3.076911700989025e-17
4161.249999999999	2.820193550905233e-17	3.0850577756614473e-17
4161.499999999999	7.047822010051886e-18	2.93043555073487e-17
4161.749999999999	1.8389341710880752e-17	2.9416901701492665e-17
4161.999999999999	6.558787207082371e-17	3.165263523960304e-17
4162.249999999999	5.836311116466306e-17	3.251365415665439e-17
4162.499999999999	3.0304929719905094e-17	3.051215831568433e-17
4162.749999999999	2.8079122349145355e-17	3.039424537372612e-17
4162.999999999999	4.043578125875645e-17	3.1480469175628703e-17
4163.249999999999	6.276688839699737e-17	3.2317218613507745e-17
4163.499999999999	7.876762532076182e-17	3.295888908444473e-17
4163.749999999999	7.458323623921127e-17	3.268843080264194e-17
4163.999999999999	4.1344363061029593e-17	3.102494081229575e-17
4164.249999999999	2.9621029610745745e-18	2.8906944853853724e-17
4164.499999999999	1.3254512179339426e-17	2.9821194497684083e-17
4164.749999999999	4.85200622306985e-17	3.159587410596965e-17
4164.999999999999	4.918468200055016e-17	3.112068531383754e-17
4165.249999999999	2.7884576086517783e-17	2.989894616654162e-17
4165.499999999999	2.003758676253759e-17	2.975707476532142e-17
4165.749999999999	2.3808009997813524e-17	3.064778615764097e-17
4165.999999999999	3.7852701346545255e-17	3.0723175398669056e-17
4166.249999999999	6.213498858345586e-17	3.1956882195067395e-17
4166.499999999999	7.502561243080463e-17	3.328081785268302e-17
4166.749999999999	4.825003077409179e-17	3.1077119365335596e-17
4166.999999999999	9.205904133594969e-17	3.3800512270492933e-17
4167.249999999999	7.534626072345469e-17	3.3351310184484787e-17
4167.499999999999	4.3777352705454264e-17	3.1718816306052183e-17
4167.749999999999	2.7964481733690406e-17	3.04337085063898e-17
4167.999999999999	5.409360850680325e-18	2.863268484995564e-17
4168.249999999999	-1.2422176577208968e-18	2.919342727848289e-17
4168.499999999999	2.908004066883657e-17	3.114222840571087e-17
4168.749999999999	6.45629357348664e-17	3.236460944516213e-17
4168.999999999999	2.37222131703183e-17	2.980621260242952e-17
4169.249999999999	2.8375964383766134e-17	3.0725369081653547e-17
4169.499999999999	1.3946991392221868e-17	2.983861492138445e-17
4169.749999999999	1.5642069755800234e-17	2.984766096856333e-17
4169.999999999999	5.2528400808118163e-17	3.1823517519266695e-17
4170.249999999999	6.588647765451045e-17	3.275669305551227e-17
4170.499999999999	9.981609627501066e-17	3.4337435206101104e-17
4170.749999999999	9.374421338451212e-17	3.3373452155121606e-17
4170.999999999999	7.501532892142937e-17	3.170687512672937e-17
4171.249999999999	7.454202940981633e-17	3.2931198386258905e-17
4171.499999999999	6.674293384330296e-17	3.162098069192186e-17
4171.749999999999	2.884044284132691e-17	2.98238381669218e-17
4171.999999999999	2.304314586388779e-17	2.961931279738439e-17
4172.249999999999	5.110980921864687e-17	3.100901923986533e-17
4172.499999999999	5.039800706665519e-17	3.064104629000989e-17
4172.749999999999	4.9499066881601963e-17	3.125005636164083e-17
4172.999999999999	4.7091673514052134e-17	3.120726465419224e-17
4173.249999999999	4.7212279756084815e-17	3.1455855589321576e-17
4173.499999999999	7.69110945365029e-17	3.2909804186895833e-17
4173.749999999999	5.4536987241299027e-17	3.205027750366953e-17
4173.999999999999	6.355762012303886e-17	3.227498277143079e-17
4174.249999999999	4.636910808792991e-17	3.10225585321316e-17
4174.499999999999	4.121742557858843e-18	2.8918485677760064e-17
4174.749999999999	4.3557567507976474e-17	3.074769964947003e-17
4174.999999999999	2.936677455637195e-17	3.0126807955520375e-17
4175.249999999999	2.7677248229065042e-17	3.024930016934968e-17
4175.499999999999	2.8633803198143814e-17	3.024666311755686e-17
4175.749999999999	1.4531761763182556e-17	2.960870834193146e-17
4175.999999999999	8.407274487064821e-17	3.331114891138411e-17
4176.249999999999	3.342278851557672e-17	3.0654218314084185e-17
4176.499999999999	4.5694230451301986e-18	2.875948171169267e-17
4176.749999999999	7.041934965632346e-18	2.866586140996392e-17
4176.999999999999	-1.5570543448232773e-17	2.7215519319860392e-17
4177.249999999999	1.1882118627079221e-18	2.853748628761814e-17
4177.499999999999	4.822828915887145e-17	3.040234512628424e-17
4177.749999999999	7.915767737552752e-17	3.17814438045898e-17
4177.999999999999	7.235341538811943e-17	3.227972747942439e-17
4178.249999999999	6.066807310259922e-17	3.215537576357807e-17
4178.499999999999	8.100181864857162e-18	2.941591239348005e-17
4178.749999999999	1.3577712324179207e-17	2.944271966277167e-17
4178.999999999999	5.381559310292418e-17	3.117731409857292e-17
4179.249999999999	5.190954397847539e-17	3.100399990790836e-17
4179.499999999999	6.283385032194476e-17	3.169144986266648e-17
4179.749999999999	5.288670236225163e-17	3.081558470798103e-17
4179.999999999999	5.743215578118158e-17	3.0927009245214373e-17
4180.249999999999	7.700400346290486e-17	3.2469188235645987e-17
4180.499999999999	7.387109328880722e-17	3.192237883735658e-17
4180.749999999999	7.399444246175113e-17	3.240220314964144e-17
4180.999999999999	5.172143648973593e-17	3.1226068123876795e-17
4181.249999999999	3.3326170511308075e-17	3.008785105739158e-17
4181.499999999999	7.047418015040715e-17	3.1154778389964525e-17
4181.749999999999	2.6225162442230254e-17	2.9604383841689034e-17
4181.999999999999	1.9218578694436586e-17	2.947641900092708e-17
4182.249999999999	3.772501112974667e-17	3.026027851043948e-17
4182.499999999999	7.097996469903638e-17	3.1569089997735185e-17
4182.749999999999	9.679496798017099e-17	3.3418341592603634e-17
4182.999999999999	3.6711777745095765e-17	3.036325257053498e-17
4183.249999999999	1.4911647768219984e-17	2.907677826850066e-17
4183.499999999999	2.3462131042119376e-17	2.910342010166977e-17
4183.749999999999	2.9581758797574484e-17	2.939540493173364e-17
4183.999999999999	2.4666127165276035e-17	2.9883606929262434e-17
4184.249999999999	5.270086465711302e-17	3.137420955414014e-17
4184.499999999999	8.585576245950831e-17	3.303405664106865e-17
4184.749999999999	8.896640493151603e-17	3.329224618002605e-17
4184.999999999999	2.418858256275937e-17	2.931196556898419e-17
4185.249999999999	-6.395054807799926e-19	2.8902137280133566e-17
4185.499999999999	3.070404436546193e-17	3.0429714878392393e-17
4185.749999999999	4.852889982836302e-17	3.116108481495463e-17
4185.999999999999	3.6280015935122686e-17	3.0625167730971323e-17
4186.249999999999	1.11308374605561e-16	3.481298134025784e-17
4186.499999999999	6.049857386891975e-17	3.204650225135384e-17
4186.749999999999	4.696856918656954e-17	3.087061207105051e-17
4186.999999999999	5.301533225622608e-17	3.090201515582547e-17
4187.249999999999	8.809453671355043e-18	2.885779378185582e-17
4187.499999999999	6.697458411948721e-17	3.2007571823004644e-17
4187.749999999999	8.605957314499648e-17	3.254019672814999e-17
4187.999999999999	5.2105393877748346e-17	3.06224446523948e-17
4188.249999999999	-1.108924863915428e-17	2.7869633895932625e-17
4188.499999999999	4.2093735756443433e-17	3.0339876446424234e-17
4188.749999999999	5.522651838247833e-17	3.07628999204063e-17
4188.999999999999	4.146671961723844e-17	2.9953328328733304e-17
4189.249999999999	4.1603174639807635e-17	3.021332112142607e-17
4189.499999999999	7.352993091696585e-17	3.2934943860072545e-17
4189.749999999999	6.957923028462888e-17	3.207330621192301e-17
4189.999999999999	5.0970528547105193e-17	3.1009260776604196e-17
4190.249999999999	6.918418867640826e-17	3.2006033267065296e-17
4190.499999999999	9.954922795706636e-17	3.363057959417249e-17
4190.749999999999	4.202864987712531e-17	3.1283447988608373e-17
4190.999999999999	5.239930769300069e-17	3.134609203075824e-17
4191.249999999999	4.6769109471103405e-17	3.094784757920581e-17
4191.499999999999	5.378594364104783e-17	3.146571889094566e-17
4191.749999999999	9.442001994496794e-17	3.320332095545415e-17
4191.999999999999	5.0966333087038325e-17	3.1361805153674296e-17
4192.249999999999	8.748191351700386e-17	3.2999844450933455e-17
4192.499999999999	6.02825407627005e-17	3.1282696908612175e-17
4192.749999999999	-4.196460128229533e-18	2.7658446413741712e-17
4192.999999999999	4.830812118696955e-18	2.832287593205248e-17
4193.249999999999	6.60900434945373e-17	3.147699170833353e-17
4193.499999999999	8.706576887699578e-17	3.238013397089853e-17
4193.749999999999	7.33809060578083e-17	3.195492674009932e-17
4193.999999999999	4.5793724562560477e-17	3.131444740924441e-17
4194.249999999999	8.534118994405133e-17	3.3170812757380816e-17
4194.499999999999	5.668889760485573e-17	3.163191932834226e-17
4194.749999999999	3.549594135865102e-17	3.0847186316103006e-17
4194.999999999999	3.509099343541446e-17	3.071529402179265e-17
4195.249999999999	3.3441737569049084e-17	3.019992741294761e-17
4195.499999999999	2.4397085016681937e-17	2.9222514257542704e-17
4195.749999999999	3.774439362586001e-17	3.005686156292289e-17
4195.999999999999	7.136731683628271e-17	3.1993536222370844e-17
4196.249999999999	1.0121405798000488e-16	3.3354066350285813e-17
4196.499999999999	5.704303678614683e-17	3.044165605771521e-17
4196.749999999999	3.997019437917485e-17	3.048551648251522e-17
4196.999999999999	5.245083111899539e-17	3.1262864426245604e-17
4197.249999999999	3.9266879100267963e-17	3.065381134122281e-17
4197.499999999999	-2.7865243221241194e-17	2.7634413508224596e-17
4197.749999999999	-1.4479614643005988e-17	2.8237596919620714e-17
4197.999999999999	8.6096903806041e-18	2.8571920162157497e-17
4198.249999999999	4.164119186076057e-17	3.001114825355076e-17
4198.499999999999	5.2250607088643255e-17	3.1031412673408366e-17
4198.749999999999	-4.7378241965465004e-18	2.81850908030583e-17
4198.999999999999	3.3748925978771676e-17	2.9989082383530296e-17
4199.249999999999	1.8621693436224447e-17	2.9281498852662635e-17
4199.499999999999	2.610164287008016e-17	2.971721789468617e-17
4199.749999999999	7.79374867103383e-17	3.2235195383966986e-17
4199.999999999999	7.598041708570724e-17	3.214197543765471e-17
4200.249999999999	6.347834975057668e-17	3.117589796536423e-17
4200.499999999999	1.2171578901913578e-17	2.894023060170286e-17
4200.749999999999	-6.66835455840441e-18	2.8368357630853097e-17
4200.999999999999	7.011396615469746e-17	3.244899179380989e-17
4201.249999999999	6.35754078149312e-17	3.141710383198469e-17
4201.499999999999	5.783796397225519e-17	3.0272960843591144e-17
4201.749999999999	3.684137378602567e-17	2.8888396155797835e-17
4201.999999999999	1.0099036518131339e-17	2.8425568750739714e-17
4202.249999999999	7.401162796615753e-17	3.1758494505675127e-17
4202.499999999999	6.624730707259588e-17	3.1321822551585933e-17
4202.749999999999	6.390939025905561e-17	3.0808348531982416e-17
4202.999999999999	6.869334631836419e-17	3.0589956306656166e-17
4203.249999999999	7.174485530274171e-17	3.0628797399499206e-17
4203.499999999999	3.577140573752098e-17	2.9166970733770993e-17
4203.749999999999	7.621477389685576e-17	3.151349684312672e-17
4203.999999999999	7.137057923661862e-17	3.1359277289722334e-17
4204.249999999999	4.7323035931383215e-17	3.01357580497482e-17
4204.499999999999	1.1056846485635476e-16	3.2691590632581894e-17
4204.749999999999	8.33394194791179e-17	3.160454957623411e-17
4204.999999999999	6.47173273418382e-17	3.0963074319921685e-17
4205.249999999999	4.812664520520093e-17	3.0646270762758776e-17
4205.499999999999	4.874166391680146e-17	3.0475593623887034e-17
4205.749999999999	3.9231786789961014e-17	3.0105589118447165e-17
4205.999999999999	2.454779401556665e-17	2.9801113861133746e-17
4206.249999999999	3.3640174889278105e-17	3.06466148698936e-17
4206.499999999999	6.026731402198463e-17	3.211907907829924e-17
4206.749999999999	8.20821314178169e-17	3.3310579811122676e-17
4206.999999999999	6.978034767004258e-17	3.257749595633123e-17
4207.249999999999	2.0659083952695632e-17	2.908785256254152e-17
4207.499999999999	1.8179636536347533e-17	2.9020056839536675e-17
4207.749999999999	5.496646272405901e-17	3.1553671351117196e-17
4207.999999999999	-1.782808312165127e-17	2.8002680934378105e-17
4208.249999999999	1.6543855442160644e-17	2.952386277214067e-17
4208.499999999999	3.4052461558909235e-17	3.028103412636966e-17
4208.749999999999	2.723741148195222e-17	3.009713202386442e-17
4208.999999999999	2.6234337529584692e-17	2.96545010606424e-17
4209.249999999999	4.373996414176687e-17	3.0254541185710814e-17
4209.499999999999	7.243595477836242e-17	3.189740790902483e-17
4209.749999999999	9.25616561284716e-17	3.2794104780256816e-17
4209.999999999999	8.131830622274053e-17	3.200656266265733e-17
4210.249999999999	1.3123215248274956e-18	2.894308933789984e-17
4210.499999999999	4.2680749441225365e-17	3.0216037582557695e-17
4210.749999999999	5.308928882043322e-17	3.032982785634294e-17
4210.999999999999	5.593851244037212e-17	3.051346856977461e-17
4211.249999999999	5.491843000024928e-17	3.095912039659368e-17
4211.499999999999	4.118035299789503e-17	2.9812016101607195e-17
4211.749999999999	3.4008809583623587e-17	3.031720838891783e-17
4211.999999999999	1.388111969132182e-17	2.895395518242634e-17
4212.249999999999	7.038768518247493e-18	2.829681312531216e-17
4212.499999999999	4.32397845689683e-17	3.09788833957888e-17
4212.749999999999	4.4593518580970536e-17	3.020241226350772e-17
4212.999999999999	7.864137770695153e-17	3.1769062565181104e-17
4213.249999999999	8.12522376528547e-17	3.2175271111671195e-17
4213.499999999999	6.218774947164694e-17	3.158430350356126e-17
4213.749999999999	9.997859425198548e-17	3.267934505079366e-17
4213.999999999999	7.876364161893176e-18	2.816550647487549e-17
4214.249999999999	6.184727696843644e-18	2.820963159747152e-17
4214.499999999999	4.5141026119696934e-17	3.0111223872779876e-17
4214.749999999999	7.458229656203541e-17	3.1481577597649525e-17
4214.999999999999	8.840242657243247e-17	3.279343310959942e-17
4215.249999999999	6.975144928816242e-17	3.0818165511492196e-17
4215.499999999999	5.38876835476694e-17	3.021422440265498e-17
4215.749999999999	5.464673425625011e-17	3.073026929960231e-17
4215.999999999999	5.844852252599283e-17	3.053726821035899e-17
4216.249999999999	3.0731291694839426e-17	2.9414079361242634e-17
4216.499999999999	1.8731111233291736e-17	2.8625713371753045e-17
4216.749999999999	2.870802115142452e-17	2.951854234644073e-17
4216.999999999999	6.314933700757248e-17	3.1509341087729254e-17
4217.249999999999	6.570527216080214e-17	3.1717112313990324e-17
4217.499999999999	3.604889836325292e-17	2.99345149328814e-17
4217.749999999999	2.1559852206902602e-17	2.9068096180791305e-17
4217.999999999999	2.0325826118787818e-17	2.915597584906894e-17
4218.249999999999	3.874535826766553e-17	3.0251417751717813e-17
4218.499999999999	1.1646188187533377e-16	3.393054837150872e-17
4218.749999999999	5.794945468393754e-17	3.0340329741399913e-17
4218.999999999999	2.391285844917707e-17	2.845001690092433e-17
4219.249999999999	2.441545669808674e-17	2.931071156317556e-17
4219.499999999999	1.2450171677860212e-17	2.880317670037017e-17
4219.749999999999	3.545066480064232e-17	2.99867762039825e-17
4219.999999999999	2.395364010773716e-17	2.877464227795954e-17
4220.249999999999	2.4804684880962342e-17	2.860487834648406e-17
4220.499999999999	5.756958025942869e-17	3.04172939343143e-17
4220.749999999999	4.908066900160529e-17	2.9691456181688816e-17
4220.999999999999	6.669928517673976e-17	3.140270427188137e-17
4221.249999999999	5.951563183830054e-17	3.147916553898332e-17
4221.499999999999	4.794475149722297e-17	3.086658204710615e-17
4221.749999999999	6.504455337471928e-17	3.118218784674208e-17
4221.999999999999	7.099694506265087e-17	3.1838936165884684e-17
4222.249999999999	2.815765487650114e-17	2.959812373881323e-17
4222.499999999999	3.01061714535984e-17	2.944862904106775e-17
4222.749999999999	6.315226191821847e-17	3.086379610280307e-17
4222.999999999999	8.32984525321006e-18	2.823159820581848e-17
4223.249999999999	2.111358992079147e-17	2.8667992227221855e-17
4223.499999999999	-6.883487511171442e-20	2.848337874938982e-17
4223.749999999999	1.4093127736680386e-17	2.943549672166286e-17
4223.999999999999	8.224527128694706e-17	3.1707467388047956e-17
4224.249999999999	4.870580729160851e-17	2.9834002562288854e-17
4224.499999999999	4.663030856431701e-17	3.0280015039854997e-17
4224.749999999999	4.7253159021957186e-17	3.053414808508844e-17
4224.999999999999	5.806305636054312e-17	3.106068494092539e-17
4225.249999999999	9.393572223993039e-17	3.290940052275691e-17
4225.499999999999	2.327904619405934e-17	2.9194294163764845e-17
4225.749999999999	4.3886093868780485e-17	2.994624766268985e-17
4225.999999999999	6.374573422922322e-17	3.078723557402761e-17
4226.249999999999	5.659584971211086e-17	3.036084382059123e-17
4226.499999999999	6.644653848621296e-17	3.07620826659611e-17
4226.749999999999	3.830759774389022e-17	2.948267579508043e-17
4226.999999999999	4.360786339794215e-17	2.996778413711828e-17
4227.249999999999	6.175896551187905e-17	3.063133188089607e-17
4227.499999999999	5.2087596259688655e-17	2.999214626051919e-17
4227.749999999999	1.5926801245867778e-18	2.796810809349584e-17
4227.999999999999	8.164438082020894e-17	3.1833490008731634e-17
4228.249999999999	6.013693712255647e-17	3.0807696713659724e-17
4228.499999999999	-1.3253328690678015e-18	2.7789615752196696e-17
4228.749999999999	9.598069138517379e-17	3.228987863990164e-17
4228.999999999999	5.709884169899211e-17	3.033517144310003e-17
4229.249999999999	3.627943359997145e-17	2.979638238802994e-17
4229.499999999999	2.6943846736918376e-17	2.9582384146117574e-17
4229.749999999999	3.7365872468833296e-17	2.9448271699043126e-17
4229.999999999999	7.083038397450719e-17	3.045538725588359e-17
4230.249999999999	7.212013060304477e-17	3.098893529459254e-17
4230.499999999999	3.4999153226363924e-17	2.9572275999032176e-17
4230.749999999999	9.017778281445911e-18	2.7869276553908e-17
4230.999999999999	1.296893055439733e-17	2.8188323424892155e-17
4231.249999999999	5.165609583878914e-17	3.062337771212576e-17
4231.499999999999	3.65836739379909e-17	2.9759298226807965e-17
4231.749999999999	3.548734529772537e-17	2.94970389592368e-17
4231.999999999999	5.310503833929623e-17	3.00733555443372e-17
4232.249999999999	3.563181404606898e-17	2.955694007047544e-17
4232.499999999999	4.072800762555918e-17	3.014112148883999e-17
4232.749999999999	4.776226552792642e-17	3.0022437614550884e-17
4232.999999999999	6.179676435715028e-17	3.038767755966245e-17
4233.249999999999	8.509328060574673e-17	3.142816489113575e-17
4233.499999999999	7.326103104343711e-17	3.101848218607294e-17
4233.749999999999	6.746358021040406e-17	3.0759505171172385e-17
4233.999999999999	4.445991567715342e-17	2.9244507335669264e-17
4234.249999999999	6.812071813161517e-18	2.718036083510444e-17
4234.499999999999	-2.006597560116041e-17	2.6529483843949738e-17
4234.749999999999	7.923267949602893e-17	3.116892317843918e-17
4234.999999999999	4.7983814274470176e-17	3.018160370801834e-17
4235.249999999999	1.3619726481852001e-17	2.8956903254129476e-17
4235.499999999999	2.6213864809424005e-17	2.91865749142885e-17
4235.749999999999	6.709124305563679e-17	3.036801382214084e-17
4235.999999999999	6.853644008233023e-17	3.0746534979167554e-17
4236.249999999999	5.1293628603090856e-17	3.012144782515103e-17
4236.499999999999	4.548691334719721e-17	3.0121838254400156e-17
4236.749999999999	7.583808908078892e-17	3.139835991930424e-17
4236.999999999999	9.370767185377197e-17	3.134174106073621e-17
4237.249999999999	5.505878931530973e-17	2.936456102105276e-17
4237.499999999999	3.868264805106666e-17	2.852690499322236e-17
4237.749999999999	5.064730937711132e-17	2.9212078546934735e-17
4237.999999999999	7.187854092462008e-17	3.08064890299654e-17
4238.249999999999	6.604747347149287e-17	3.097829775191511e-17
4238.499999999999	4.624428653349566e-17	3.014469821780867e-17
4238.749999999999	3.402415543834767e-17	2.905535759935799e-17
4238.999999999999	3.356475256102552e-17	2.836797712777132e-17
4239.249999999999	3.5905481788648476e-17	2.882966964102902e-17
4239.499999999999	1.059362666609476e-16	3.2570415290287776e-17
4239.749999999999	7.744892737078488e-17	3.098673499416315e-17
4239.999999999999	3.371683798844952e-17	2.8667231221058307e-17
4240.249999999999	3.376891727981586e-17	2.938860550709845e-17
4240.499999999999	4.028093635680897e-17	2.9436542277957124e-17
4240.749999999999	3.857887658886066e-17	2.9735915485252316e-17
4240.999999999999	1.9642924003037515e-17	2.9280119115400897e-17
4241.249999999999	2.0117480829181637e-17	2.928108526235636e-17
4241.499999999999	7.265329813867195e-17	3.144236592789206e-17
4241.749999999999	5.665006643818004e-17	3.0506033870428986e-17
4241.999999999999	7.119963739995086e-17	3.088370799450845e-17
4242.249999999999	7.337724661077836e-17	3.111800855737532e-17
4242.499999999999	7.801675046535558e-17	3.0988677214241426e-17
4242.749999999999	1.0738411728304612e-16	3.170874455491374e-17
4242.999999999999	8.153025636545622e-17	3.082258927340813e-17
4243.249999999999	4.957591196050814e-17	3.003754524125855e-17
4243.499999999999	4.435473139046118e-17	2.9814487717277503e-17
4243.749999999999	7.760109551627014e-17	3.062183584746396e-17
4243.999999999999	1.0612719318121465e-16	3.2863356341139756e-17
4244.249999999999	6.026922646356085e-17	3.054791237048132e-17
4244.499999999999	3.0603756987996e-17	2.9064956203186053e-17
4244.749999999999	2.0966070530348762e-17	2.846790385449018e-17
4244.999999999999	-6.309751496937665e-18	2.671056526056617e-17
4245.249999999999	1.4428618958242094e-17	2.8475474211456264e-17
4245.499999999999	7.086615788163888e-17	3.1004072699802263e-17
4245.749999999999	6.590183012667944e-17	3.0845637833996307e-17
4245.999999999999	1.8674015918690876e-17	2.8280788982485783e-17
4246.249999999999	3.525589354488813e-17	2.922558806069895e-17
4246.499999999999	6.489462192561037e-17	3.088985560082094e-17
4246.749999999999	6.826946588526752e-17	3.115060939967726e-17
4246.999999999999	5.649178377360679e-17	3.0561696508208904e-17
4247.249999999999	5.115518503832908e-17	3.013169493857934e-17
4247.499999999999	8.22194566343905e-17	3.171345286696039e-17
4247.749999999999	7.438141078719323e-17	3.113627601402294e-17
4247.999999999999	7.147820536047912e-17	3.078684845350094e-17
4248.249999999999	7.211918430842401e-17	3.1252600769205046e-17
4248.499999999999	8.59990764637168e-17	3.228203035024974e-17
4248.749999999999	3.336778100484194e-17	2.9575822949498803e-17
4248.999999999999	3.4862281304766e-17	2.915941692041716e-17
4249.249999999999	5.296523488960742e-17	2.969181683243589e-17
4249.499999999999	5.479660945707737e-17	3.01240550984418e-17
4249.749999999999	3.9855954119136377e-17	2.9743823331908323e-17
4249.999999999999	6.761500720206046e-17	3.0946080721417396e-17
4250.249999999999	6.08424890978397e-17	3.071181324577503e-17
4250.499999999999	5.774211690031745e-17	3.0439128193763247e-17
4250.749999999999	7.88624996282992e-17	3.1197229299000746e-17
4250.999999999999	7.163111465979322e-17	3.090447684532843e-17
4251.249999999999	9.003031801793683e-17	3.170173668076419e-17
4251.499999999999	9.018024946704574e-17	3.2056395331479974e-17
4251.749999999999	7.548287787342395e-17	3.170828133377071e-17
4251.999999999999	6.117802664151571e-17	3.103539306651597e-17
4252.249999999999	8.503258540112004e-17	3.201105259902227e-17
4252.499999999999	7.584892845553581e-17	3.1434186765995136e-17
4252.749999999999	6.848641219888303e-17	3.097283174242736e-17
4252.999999999999	8.039918283074101e-17	3.106700129208285e-17
4253.249999999999	6.402951673633301e-17	3.048412351036368e-17
4253.499999999999	8.208508941568739e-17	3.171657960967584e-17
4253.749999999999	8.142327213375106e-17	3.1869826398679864e-17
4253.999999999999	7.870133837519427e-17	3.1588273970501514e-17
4254.249999999999	8.69396800818631e-17	3.1332589134438923e-17
4254.499999999999	5.661723067658413e-17	3.033417882636497e-17
4254.749999999999	1.0216565979157569e-16	3.205332814576863e-17
4254.999999999999	1.149758684484945e-16	3.2413135168616943e-17
4255.249999999999	8.97615240235265e-17	3.147148599417638e-17
4255.499999999999	6.776456145681005e-17	3.063733390342075e-17
4255.749999999999	6.134194736914412e-17	3.0028836683769594e-17
4255.999999999999	4.733977144953639e-17	3.005591857702458e-17
4256.249999999999	3.965057179048436e-17	3.008831758725706e-17
4256.499999999999	3.272548849408432e-17	2.9978597042085574e-17
4256.749999999999	4.7028208908734615e-17	2.987214882341735e-17
4256.999999999999	7.485273830022595e-17	3.125110522665755e-17
4257.249999999999	5.244690366544699e-17	2.987856112752586e-17
4257.499999999999	4.569421473487035e-17	2.894311580767944e-17
4257.749999999999	8.453386166619957e-17	3.101731089832556e-17
4257.999999999999	8.620988840590962e-17	3.14991039004683e-17
4258.249999999999	6.017393525699474e-17	3.029453702268898e-17
4258.499999999999	5.991300940457101e-17	3.063901804314791e-17
4258.749999999999	7.812497215925712e-17	3.198272993484845e-17
4258.999999999999	9.391738530011132e-17	3.2380107501118926e-17
4259.249999999999	7.83508255537086e-17	3.121230714720636e-17
4259.499999999999	1.0941682430288903e-16	3.2724035964928674e-17
4259.749999999999	9.535632884137386e-17	3.211088668151252e-17
4259.999999999999	3.816665278495608e-17	2.945254987717125e-17
4260.249999999999	8.04739401057811e-17	3.175402773036734e-17
4260.499999999999	5.339112702595382e-17	3.050000206940225e-17
4260.749999999999	7.4469879408067e-17	3.1281919358836375e-17
4260.999999999999	7.815562416403589e-17	3.119996561246707e-17
4261.249999999999	2.5624430794169743e-17	2.8347555692808613e-17
4261.499999999999	3.413603988800159e-17	2.842366954405329e-17
4261.749999999999	4.6825390839981513e-17	2.9506733516015924e-17
4261.999999999999	3.464032889408332e-17	2.9157653371351196e-17
4262.249999999999	1.551106916219021e-17	2.7649731238807853e-17
4262.499999999999	8.968066380992699e-18	2.6462255566845103e-17
4262.749999999999	8.034377496458976e-17	3.14164189264375e-17
4262.999999999999	7.459136246154899e-17	3.122600194942779e-17
4263.249999999999	8.75370963900285e-17	3.153172128638249e-17
4263.499999999999	1.2084593912186481e-16	3.2894838835253524e-17
4263.749999999999	8.678469952229517e-17	3.142344665292175e-17
4263.999999999999	8.030033143881848e-17	3.1338988203657634e-17
4264.249999999999	7.96174045076498e-17	3.16309862686113e-17
4264.499999999999	7.716196187267799e-17	3.135268300587906e-17
4264.749999999999	5.267174789955115e-17	3.0029339609582027e-17
4264.999999999999	9.641922449564123e-18	2.823923473723357e-17
4265.249999999999	6.987858033086692e-18	2.756599905412156e-17
4265.499999999999	2.9513463457479656e-17	2.872516033371662e-17
4265.749999999999	6.189582088986473e-17	3.076976882821294e-17
4265.999999999999	9.03559029244826e-17	3.2323769883959165e-17
4266.249999999999	5.441524279874347e-17	3.0432054145164693e-17
4266.499999999999	3.5225049634207256e-17	2.961396590190485e-17
4266.749999999999	5.2060636789164327e-17	3.0063773484121384e-17
4266.999999999999	7.53902204099282e-17	3.0938741975022825e-17
4267.249999999999	4.756724611798847e-17	3.006683736111028e-17
4267.499999999999	4.59523877302155e-17	2.984995722194378e-17
4267.749999999999	6.873181352557036e-17	3.058676338949171e-17
4267.999999999999	7.857005488581475e-17	3.0792089469862074e-17
4268.249999999999	5.77320583840688e-17	2.966557535468326e-17
4268.499999999999	4.129815344328993e-17	2.8943469840981615e-17
4268.749999999999	2.7327828940349167e-17	2.8419030715178095e-17
4268.999999999999	3.849483172990282e-17	2.904713873279166e-17
4269.249999999999	4.265256905211691e-17	2.9531108874306637e-17
4269.499999999999	2.6603802713265177e-17	2.818525954790326e-17
4269.749999999999	2.197836258346258e-17	2.8096721443858033e-17
4269.999999999999	5.021591814405267e-17	2.985106895268705e-17
4270.249999999999	7.759476923894533e-17	3.117183154547292e-17
4270.499999999999	8.114337406679782e-17	3.087785155577157e-17
4270.749999999999	2.3982161295257988e-17	2.8027205185179077e-17
4270.999999999999	2.886306788544146e-17	2.84362294544743e-17
4271.249999999999	1.6893597331315415e-17	2.7118317326079286e-17
4271.499999999999	1.6616030259328346e-17	2.6742972542604774e-17
4271.749999999999	3.548811953877872e-17	2.824861827410237e-17
4271.999999999999	2.2268693052301344e-17	2.8129682936907046e-17
4272.249999999999	8.732108975358885e-18	2.694670878183781e-17
4272.499999999999	2.070142319234916e-18	2.7076873923029154e-17
4272.749999999999	2.147341845033571e-17	2.855088992226395e-17
4272.999999999999	7.751276586173927e-17	3.044901796516693e-17
4273.249999999999	2.5058645872628373e-17	2.811069087004283e-17
4273.499999999999	6.484171545363148e-17	3.0165036934710126e-17
4273.749999999999	8.096726400566283e-17	3.08346065533473e-17
4273.999999999999	5.3925647829063136e-17	2.9401267987915413e-17
4274.249999999999	1.0184803567124512e-17	2.6911503974967553e-17
4274.499999999999	2.2391408604896035e-17	2.8368797690938975e-17
4274.749999999999	4.309562353181256e-17	2.959638004208197e-17
4274.999999999999	3.565455158674684e-17	2.906567419595775e-17
4275.249999999999	4.346307204915964e-18	2.726454300604396e-17
4275.499999999999	1.2739935527979375e-17	2.7769922236173033e-17
4275.749999999999	8.508056146305781e-19	2.6265047437006336e-17
4275.999999999999	2.883913920468153e-17	2.81383650246164e-17
4276.249999999999	5.218187168846255e-17	2.952630791803138e-17
4276.499999999999	2.4559644205022083e-17	2.793567268731641e-17
4276.749999999999	3.1395329129539845e-17	2.830226920863256e-17
4276.999999999999	1.449410188425424e-17	2.7134993287228355e-17
4277.249999999999	1.1637489887084014e-17	2.7157148492754975e-17
4277.499999999999	2.5378265152596412e-17	2.840243085464538e-17
4277.749999999999	5.2062976055936626e-17	2.9781741291187754e-17
4277.999999999999	5.3506773493033633e-17	2.9670230727170705e-17
4278.249999999999	3.402428116980078e-17	2.870911633855554e-17
4278.499999999999	3.031518014205585e-17	2.8316370983715364e-17
4278.749999999999	4.031619741196088e-17	2.844827982163797e-17
4278.999999999999	1.2785900300257722e-17	2.7331508239713803e-17
4279.249999999999	4.8097660796537074e-17	2.947453633785291e-17
4279.499999999999	4.869682576451741e-18	2.7655491724593672e-17
4279.749999999999	-1.433262961123899e-17	2.66992924431783e-17
4279.999999999999	3.847458565722997e-17	2.902154245591682e-17
4280.249999999999	1.2073291647168802e-17	2.777127219493272e-17
4280.499999999999	1.9309464337060238e-17	2.796784670442227e-17
4280.749999999999	1.991911630084652e-17	2.783417762615615e-17
4280.999999999999	2.512008223108391e-17	2.796798897948763e-17
4281.249999999999	5.3074574931697127e-17	2.9319066087362343e-17
4281.499999999999	4.440267477876475e-17	2.9251366317308553e-17
4281.749999999999	3.8948699114565766e-17	2.9161527885340394e-17
4281.999999999999	2.907971641403645e-17	2.84503444644469e-17
4282.249999999999	2.5660912767905782e-17	2.771310485425799e-17
4282.499999999999	4.621413083708443e-17	2.8599948350033243e-17
4282.749999999999	5.656111474382854e-17	2.979139614329747e-17
4282.999999999999	5.0603187563237745e-17	2.9033298346782424e-17
4283.249999999999	2.394599695887717e-17	2.786610348907825e-17
4283.499999999999	1.9496692532808553e-18	2.782731864451686e-17
4283.749999999999	7.706902647649643e-17	3.073320413641565e-17
4283.999999999999	3.8320217211315326e-17	2.857338592620294e-17
4284.249999999999	4.083232171824702e-17	2.895212215018892e-17
4284.499999999999	5.938119182770352e-17	2.971208275744344e-17
4284.749999999999	5.653277884476492e-17	2.8490333683980166e-17
4284.999999999999	1.2334304353556847e-17	2.7023151850966285e-17
4285.249999999999	4.537201134266869e-17	2.952991442550211e-17
4285.499999999999	4.5290646548895526e-17	2.94650535393106e-17
4285.749999999999	1.6115731572521574e-17	2.7316680200053177e-17
4285.999999999999	9.071651727560877e-18	2.6673896344011696e-17
4286.249999999999	6.335054041976988e-17	2.91663056805585e-17
4286.499999999999	4.896399021312101e-17	2.9080570064428604e-17
4286.749999999999	3.573939715653763e-17	2.865495586076802e-17
4286.999999999999	5.2533751012320156e-17	2.8972957175457906e-17
4287.249999999999	7.512764681372427e-17	3.0032284372562715e-17
4287.499999999999	3.2374767223084284e-17	2.808823787949569e-17
4287.749999999999	5.5289433739869113e-17	2.9524369006675555e-17
4287.999999999999	7.701186498744656e-17	3.075181239147564e-17
4288.249999999999	5.625179551684801e-17	2.942412464260148e-17
4288.499999999999	6.593853047609719e-17	2.91351110452979e-17
4288.749999999999	5.715743917358536e-17	2.875155732142441e-17
4288.999999999999	6.65532116980078e-17	2.956814671341431e-17
4289.249999999999	6.336530393934273e-17	2.9372442397929165e-17
4289.499999999999	-3.0432777101020065e-18	2.5694918162887837e-17
4289.749999999999	4.4894559384380634e-17	2.8254279498214684e-17
4289.999999999999	1.8941134045180175e-17	2.772582192899538e-17
4290.249999999999	2.937575773782428e-17	2.829115190119985e-17
4290.499999999999	8.193681232780358e-17	3.011722589530456e-17
4290.749999999999	9.208070023310877e-17	3.0954312822873523e-17
4290.999999999999	3.1217779774139013e-17	2.78146032241407e-17
4291.249999999999	6.32525360607946e-17	2.9626568825717706e-17
4291.499999999999	7.25246880970322e-17	3.010251200656847e-17
4291.749999999999	3.1580779714151784e-17	2.803739935904818e-17
4291.999999999999	1.280198581988555e-16	3.251833269019899e-17
4292.249999999999	1.1476568516356723e-16	3.2075890324156624e-17
4292.499999999999	7.903639284539255e-17	3.0152407541117666e-17
4292.749999999999	3.427697492076838e-17	2.8042286342107144e-17
4292.999999999999	6.359151963890251e-18	2.6841069545808663e-17
4293.249999999999	3.9300909310668395e-17	2.773416156393114e-17
4293.499999999999	7.265041955014027e-17	2.9985608224957573e-17
4293.749999999999	8.194666570326032e-17	3.0668081861150574e-17
4293.999999999999	7.292015983917136e-17	3.047146102954672e-17
4294.249999999999	8.587362956073946e-17	3.1149967507521916e-17
4294.499999999999	9.309269946428575e-17	3.0978076067510947e-17
4294.749999999999	8.62096038557789e-17	3.0396386117151407e-17
4294.999999999999	6.50807507983246e-17	2.9273372630324914e-17
4295.249999999999	3.151221967626094e-17	2.8064792272213486e-17
4295.499999999999	3.3134585555273443e-17	2.784019950101554e-17
4295.749999999999	6.024917560551257e-17	2.8591719557299566e-17
4295.999999999999	4.831664528318191e-17	2.827999488909773e-17
4296.249999999999	5.625271534168917e-17	2.94704500656269e-17
4296.499999999999	1.0278644891512938e-16	3.206504764068728e-17
4296.749999999999	4.811541540120491e-17	2.87833773052281e-17
4296.999999999999	6.742914302714225e-17	3.009770112412586e-17
4297.249999999999	7.263319434106446e-17	3.0042855740791143e-17
4297.499999999999	9.823133071792237e-17	3.077349444969188e-17
4297.749999999999	1.7526845449255385e-16	3.4272379105285033e-17
4297.999999999999	5.615726531644545e-17	2.962912977689417e-17
4298.249999999999	5.555453520002501e-17	2.961682463810183e-17
4298.499999999999	6.451667979501244e-17	2.9922454639550375e-17
4298.749999999999	6.539804404641014e-17	2.975699535598262e-17
4298.999999999999	8.880777154236306e-17	3.0190140211939885e-17
4299.249999999999	5.1398419151811524e-17	2.836938664353511e-17
4299.499999999999	3.8052852585003486e-17	2.742359494858688e-17
4299.749999999999	7.135504147599242e-17	2.894606387938258e-17
4299.999999999999	1.0736649502727629e-16	3.144309053810866e-17
4300.249999999999	6.147564622591229e-17	2.923542158382098e-17
4300.499999999999	9.678699395906598e-17	3.0796943365696535e-17
4300.749999999999	9.30700942725059e-17	2.9728563503967945e-17
4300.999999999999	9.059057737298635e-17	2.8871581228305857e-17
4301.249999999999	1.0263214333494129e-16	3.0173146613435596e-17
4301.499999999999	6.791394365799223e-17	2.886004371312197e-17
4301.749999999999	7.561212980721903e-17	2.91615742074547e-17
4301.999999999999	6.046955637303139e-17	2.891448874104021e-17
4302.249999999999	5.616251956769638e-17	2.8932991116981794e-17
4302.499999999999	8.460654106354093e-17	3.00585490113725e-17
4302.749999999999	5.413783289107279e-17	2.8475818318591086e-17
4302.999999999999	6.173811394299782e-17	2.90470096926161e-17
4303.249999999999	7.266359488293701e-17	2.979402326892294e-17
4303.499999999999	8.51676077468683e-17	2.993112680109238e-17
4303.749999999999	7.444059721438263e-17	2.930683374046391e-17
4303.999999999999	6.762166435163029e-17	2.95859244791393e-17
4304.249999999999	9.110497783487592e-17	3.038273432832183e-17
4304.499999999999	8.941080606124892e-17	3.0291698138826696e-17
4304.749999999999	5.1419012640341644e-17	2.9069790246685813e-17
4304.999999999999	5.453792691847489e-17	2.886148962483271e-17
4305.249999999999	3.126780434886377e-17	2.7939385073905547e-17
4305.499999999999	4.1642505423573306e-17	2.848820617544468e-17
4305.749999999999	5.989230341947759e-17	2.9556354426601755e-17
4305.999999999999	7.021623876563352e-17	3.015823089263004e-17
4306.249999999999	8.144631407689434e-17	2.981211867200315e-17
4306.499999999999	1.1004556759521304e-16	3.096114202601076e-17
4306.749999999999	7.260665176956886e-17	2.9680821947733834e-17
4306.999999999999	2.80962251354905e-17	2.798122386928848e-17
4307.249999999999	7.38521343091675e-17	2.973709008172214e-17
4307.499999999999	5.780480395585917e-17	2.846560760110973e-17
4307.749999999999	8.148046009258053e-17	2.972486766099106e-17
4307.999999999999	9.555713520687724e-17	3.080090059774699e-17
4308.249999999999	8.720095665886655e-17	3.0759339735049874e-17
4308.499999999999	7.468457579041637e-17	2.966799403079436e-17
4308.749999999999	4.573668880496372e-17	2.832850737766274e-17
4308.999999999999	3.4736159422408814e-17	2.7352225805335806e-17
4309.249999999999	1.8480612819669853e-17	2.641994693287424e-17
4309.499999999999	-9.709187536206016e-19	2.5907169399346494e-17
4309.749999999999	2.712803835263801e-17	2.792355945442618e-17
4309.999999999999	8.061473286348253e-17	3.011171025498006e-17
4310.249999999999	6.225603488557442e-17	2.886963900822758e-17
4310.499999999999	2.594168433758588e-17	2.6955931845667776e-17
4310.749999999999	2.3158186834759216e-17	2.7426642281963527e-17
4310.999999999999	4.9025482819858203e-17	2.859319193878991e-17
4311.249999999999	4.683793751551272e-17	2.835965238208659e-17
4311.499999999999	2.801090310966688e-17	2.7167857172965087e-17
4311.749999999999	1.3410392711413819e-17	2.6157052390592638e-17
4311.999999999999	3.2877213270761244e-17	2.679205413143122e-17
4312.249999999999	7.303920022830448e-19	2.5714203051688898e-17
4312.499999999999	4.1849093781558425e-18	2.6253753112922537e-17
4312.749999999999	1.62865857280444e-17	2.7103436346859457e-17
4312.999999999999	3.2117388321127184e-17	2.7801120180156083e-17
4313.249999999999	4.17601933724049e-17	2.8234354371619506e-17
4313.499999999999	2.940746522506466e-17	2.782045966287757e-17
4313.749999999999	3.455970194541655e-17	2.7788063961367546e-17
4313.999999999999	6.082707706866661e-17	2.8816490999509825e-17
4314.249999999999	7.318772960627511e-17	2.983358897198258e-17
4314.499999999999	-1.1811038169861927e-17	2.533823788275497e-17
4314.749999999999	-2.242849979715322e-18	2.639655095642879e-17
4314.999999999999	-3.107631999867114e-19	2.648926301384496e-17
4315.249999999999	3.3195531395625738e-18	2.6349143581162152e-17
4315.499999999999	1.9437209147779252e-17	2.695850934045649e-17
4315.749999999999	-9.93865033326037e-18	2.5828615365294783e-17
4315.999999999999	5.80744813791637e-18	2.681762062980401e-17
4316.249999999999	1.9306815704738843e-17	2.7275120991717288e-17
4316.499999999999	2.001237264310575e-17	2.7243924702095463e-17
4316.749999999999	2.2128631522261415e-17	2.7552315832428708e-17
4316.999999999999	2.3147359040540897e-17	2.69282113689799e-17
4317.249999999999	3.7091361002029e-17	2.829679327297746e-17
4317.499999999999	2.417864150615771e-17	2.802944849900032e-17
4317.749999999999	-3.8449058863526586e-18	2.6481952391591216e-17
4317.999999999999	6.95616708945856e-18	2.7281149484021575e-17
4318.249999999999	3.528378938386587e-17	2.796099103150543e-17
4318.499999999999	1.1476792682302725e-17	2.6537006224440295e-17
4318.749999999999	1.427788018085533e-17	2.6756703740773154e-17
4318.999999999999	6.084193984991297e-17	2.916349326647582e-17
4319.249999999999	4.069136352442308e-17	2.8194841608119073e-17
4319.499999999999	1.654216633934981e-17	2.6204542483920532e-17
4319.749999999999	4.5854353592738163e-17	2.8065252184634066e-17
4319.999999999999	6.855387043219795e-17	2.9686162225768477e-17
4320.249999999999	5.264158889441747e-17	2.83270945531765e-17
4320.499999999999	6.829000643423844e-17	2.94010826994582e-17
4320.749999999999	3.9717583346268506e-17	2.748658971531647e-17
4320.999999999999	5.065570360596751e-17	2.811617011442038e-17
4321.249999999999	7.696611859084993e-17	2.9603301889447815e-17
4321.499999999999	4.74788105843392e-17	2.845805709647835e-17
4321.749999999999	1.6896666171387987e-17	2.6716987490842033e-17
4321.999999999999	3.241290686676788e-17	2.7455370264637493e-17
4322.249999999999	6.358205834705612e-17	2.9021906415386344e-17
4322.499999999999	8.530472782264999e-17	2.9898132220818865e-17
4322.749999999999	4.538571937977992e-17	2.842783191689566e-17
4322.999999999999	1.7392223458923605e-17	2.6222508846825184e-17
4323.249999999999	4.7965427703814347e-17	2.7932509548654006e-17
4323.499999999999	7.001344716666002e-17	2.924760429988266e-17
4323.749999999999	6.705351038481457e-17	2.8906484941433144e-17
4323.999999999999	7.596056475100597e-17	2.939899820431457e-17
4324.249999999999	7.036824809244116e-17	2.8795884276089904e-17
4324.499999999999	9.686815030332478e-17	3.056832057055423e-17
4324.749999999999	1.0457325829991743e-16	3.102632716700239e-17
4324.999999999999	7.102056934094538e-17	2.837670222887253e-17
4325.249999999999	6.630941841043127e-17	2.8894030910130546e-17
4325.499999999999	7.984642765820858e-17	2.9347315959642254e-17
4325.749999999999	8.931748023581823e-17	2.989963438081126e-17
4325.999999999999	8.855602408601622e-17	3.011798359274566e-17
4326.249999999999	8.385790952195594e-17	2.9406588413615354e-17
4326.499999999999	1.2897259490222673e-17	2.600092701305693e-17
4326.749999999999	7.988853446010998e-17	2.932013811343621e-17
4326.999999999999	8.335840492853722e-17	2.9564133233082204e-17
4327.249999999999	4.247503954905078e-17	2.780204000499724e-17
4327.499999999999	9.680178394841843e-17	3.06022349756689e-17
4327.749999999999	6.096509711695476e-17	2.8430399485517024e-17
4327.999999999999	7.541063522744601e-17	2.928813945862021e-17
4328.249999999999	7.461186330585051e-17	2.920778713391681e-17
4328.499999999999	4.4642186579490705e-17	2.7648419330356344e-17
4328.749999999999	5.461327314611112e-17	2.865807598603857e-17
4328.999999999999	1.1397168441974493e-16	3.114678782524726e-17
4329.249999999999	9.654034193529247e-17	2.973864848999619e-17
4329.499999999999	6.329168486482551e-17	2.79698054681128e-17
4329.749999999999	7.453518697178929e-17	2.8448984579519866e-17
4329.999999999999	6.127858533422256e-17	2.891918050947461e-17
4330.249999999999	6.727514184941958e-17	2.816296537603373e-17
4330.499999999999	9.256323769780281e-17	2.93659870804288e-17
4330.749999999999	9.187451388490136e-17	2.9778333307064035e-17
4330.999999999999	4.704013023572273e-17	2.6957551465307155e-17
4331.249999999999	7.600846843464014e-17	2.9309748724942546e-17
4331.499999999999	6.229182202759591e-17	2.866571582617611e-17
4331.749999999999	6.588478358861594e-17	2.842264384009373e-17
4331.999999999999	6.714036434913264e-17	2.8551329982349827e-17
4332.249999999999	4.5874679074749816e-17	2.7736275837576826e-17
4332.499999999999	5.604294895579062e-17	2.7756363091572064e-17
4332.749999999999	6.535937169841206e-17	2.8268966917171175e-17
4332.999999999999	7.064191252629821e-17	2.8154313066826425e-17
4333.249999999999	6.746086705799488e-17	2.789281149669636e-17
4333.499999999999	7.348736089392142e-17	2.935743072417255e-17
4333.749999999999	4.2338683788155086e-17	2.774200489049937e-17
4333.999999999999	7.263858094121341e-17	2.865656389987882e-17
4334.249999999999	1.0964198286562597e-16	3.0160993675875967e-17
4334.499999999999	1.1605412815545943e-16	3.056432032511192e-17
4334.749999999999	7.830681954512078e-17	2.8268513622195496e-17
4334.999999999999	3.9969171983937735e-17	2.7453841634865495e-17
4335.249999999999	4.5381877953015225e-17	2.7423275656870436e-17
4335.499999999999	4.3598463317461096e-17	2.7142039211686082e-17
4335.749999999999	6.672304345829351e-18	2.632524137018182e-17
4335.999999999999	8.196844371442761e-17	2.8799014327527805e-17
4336.249999999999	9.292858021331033e-17	3.1336854077677247e-17
4336.499999999999	1.125360297485979e-16	3.760049397777784e-17
4336.749999999999	1.483045370452525e-16	4.117430134453359e-17
4336.999999999999	1.8005229805529913e-16	3.612327182648879e-17
4337.249999999999	9.065294679117285e-17	2.970088934939437e-17
4337.499999999999	9.4575457108234e-17	2.926880990206607e-17
4337.749999999999	8.319300189325111e-17	2.874532699705066e-17
4337.999999999999	6.067175901940876e-17	2.7825621269899904e-17
4338.249999999999	1.0882398064914983e-16	2.9841195724895615e-17
4338.499999999999	8.106630068604258e-17	2.970132279203535e-17
4338.749999999999	8.714602524874813e-17	2.9958509788090336e-17
4338.999999999999	9.856893952185221e-17	3.002925689152077e-17
4339.249999999999	8.371176325133007e-17	2.935803291165849e-17
4339.499999999999	4.3667092838523396e-17	2.7036222959005848e-17
4339.749999999999	6.936059652256377e-17	2.8648331798422695e-17
4339.999999999999	1.1280643178211903e-16	3.087797397850223e-17
4340.249999999999	1.2486897504440832e-16	3.144957232538862e-17
4340.499999999999	9.839374266811348e-17	2.975342193573639e-17
4340.749999999999	1.0111722490877697e-16	2.898411418756002e-17
4340.999999999999	9.872756629356028e-17	2.917608295539888e-17
4341.249999999999	9.833338495317671e-17	2.9365593342457226e-17
4341.499999999999	8.471463040854446e-17	2.914897790108674e-17
4341.749999999999	6.806153914905129e-17	2.834347934674995e-17
4341.999999999999	6.751043172029906e-17	2.843393320109385e-17
4342.249999999999	5.704743738700561e-17	2.7335338085949924e-17
4342.499999999999	6.932951438386647e-17	2.8000493868838514e-17
4342.749999999999	8.568013547185106e-17	2.9392873759059225e-17
4342.999999999999	9.267398063821141e-17	2.9522357303425826e-17
4343.249999999999	7.81558226873829e-17	2.9175252466063874e-17
4343.499999999999	1.0137778018428628e-16	3.042995310640881e-17
4343.749999999999	1.281819458942465e-16	3.186010868084359e-17
4343.999999999999	1.4453976676228274e-16	3.219937846344344e-17
4344.249999999999	1.218361603418745e-16	3.009720150703588e-17
4344.499999999999	1.3427113340315966e-16	3.0835930042327384e-17
4344.749999999999	9.871446375265744e-17	2.969967173953269e-17
4344.999999999999	7.47490032339669e-17	2.878538569975538e-17
4345.249999999999	7.093112795567125e-17	2.884136266616807e-17
4345.499999999999	4.553967423538829e-17	2.775598589721274e-17
4345.749999999999	5.661100366093283e-17	2.7970371259651783e-17
4345.999999999999	8.959431442578258e-17	2.9303472078454494e-17
4346.249999999999	9.451268402590858e-17	2.938093588845886e-17
4346.499999999999	5.911608375010273e-17	2.7463445201777236e-17
4346.749999999999	9.998132725672936e-17	2.855103219732931e-17
4346.999999999999	7.628843929348729e-17	2.850976911965271e-17
4347.249999999999	7.772467629978556e-17	2.892236350047171e-17
4347.499999999999	9.68917745816193e-17	2.960975720694818e-17
4347.749999999999	1.1971737359876686e-16	3.023376571744593e-17
4347.999999999999	1.2480601667362568e-16	3.113188533933151e-17
4348.249999999999	1.0096657877561882e-16	2.9558697002096505e-17
4348.499999999999	1.0072176640152762e-16	2.96053698409792e-17
4348.749999999999	9.103412485232708e-17	2.968043151848471e-17
4348.999999999999	2.1692288786056017e-17	2.6275168818981535e-17
4349.249999999999	1.3934242553748956e-16	3.176977724923035e-17
4349.499999999999	1.0480606662895925e-16	3.029458665352573e-17
4349.749999999999	7.803843583229427e-17	2.8997279594189415e-17
4349.999999999999	9.737298193988834e-17	2.955049137041998e-17
4350.249999999999	9.462298359750885e-17	2.957081023498673e-17
4350.499999999999	5.201559845917204e-17	2.7899885545294915e-17
4350.749999999999	7.030771170649208e-17	2.802476334801082e-17
4350.999999999999	9.524600941743889e-17	2.894639144290515e-17
4351.249999999999	9.865417882961458e-17	2.955740329161847e-17
4351.499999999999	7.041080488059579e-17	2.846414845450919e-17
4351.749999999999	5.3752813403153856e-17	2.782510180047522e-17
4351.999999999999	8.93309930583049e-17	2.9584614225049017e-17
4352.249999999999	1.2469840378465498e-16	3.08813720364586e-17
4352.499999999999	1.202325813889343e-16	3.021047231139644e-17
4352.749999999999	1.1967715276866209e-16	3.021256673270742e-17
4352.999999999999	1.3600442751103797e-16	3.096131077085572e-17
4353.249999999999	1.4863584604163713e-16	3.165983171093225e-17
4353.499999999999	1.3484955102701594e-16	3.1477987633791044e-17
4353.749999999999	1.069953159253666e-16	2.990073287666473e-17
4353.999999999999	1.1403638979598128e-16	3.048269414226519e-17
4354.249999999999	7.768771125257179e-17	2.824834034141655e-17
4354.499999999999	8.901545343311797e-17	2.882452788634139e-17
4354.749999999999	1.0981927083195323e-16	3.0120101175113795e-17
4354.999999999999	5.5430024665501076e-17	2.750469173584158e-17
4355.249999999999	7.123405473087797e-17	2.8121728768136736e-17
4355.499999999999	5.107090856879973e-17	2.6832104562329813e-17
4355.749999999999	5.539606062954965e-17	2.708756771398824e-17
4355.999999999999	7.102512876048177e-17	2.813735255554664e-17
4356.249999999999	3.0012802614775866e-17	2.597662444666012e-17
4356.499999999999	1.0229240371375351e-16	2.957438034651051e-17
4356.749999999999	1.0267953747531813e-16	2.870034822406248e-17
4356.999999999999	9.888795330561186e-17	2.8585495850370717e-17
4357.249999999999	1.0919408110754075e-16	2.995625323937929e-17
4357.499999999999	4.126439785685287e-17	2.6750848956397504e-17
4357.749999999999	1.044198593096807e-16	3.011085329586545e-17
4357.999999999999	9.3968511679412e-17	2.9534033784952624e-17
4358.249999999999	6.081998978517826e-17	2.785788131378947e-17
4358.499999999999	6.760117012477368e-17	2.78879642183068e-17
4358.749999999999	1.1078971912660044e-16	2.980539203926187e-17
4358.999999999999	8.735086163819586e-17	2.8558324621609575e-17
4359.249999999999	1.0973959017790722e-16	2.961397251934975e-17
4359.499999999999	1.2146288350993136e-16	3.040516746653427e-17
4359.749999999999	8.570395165604768e-17	2.8609202846726487e-17
4359.999999999999	8.866921548103798e-17	2.916017461785826e-17
4360.249999999999	7.66677644700694e-17	2.859509445419878e-17
4360.499999999999	1.038100485272168e-16	2.9747588658056665e-17
4360.749999999999	1.2114617259699706e-16	3.0726619778739727e-17
4360.999999999999	8.347610942098106e-17	2.9097414770422634e-17
4361.249999999999	1.3310374994827582e-16	3.100993575598404e-17
4361.499999999999	7.793466767881072e-17	2.7837310986316503e-17
4361.749999999999	9.91739791265429e-17	2.9049365503000654e-17
4361.999999999999	1.4800264920889514e-16	3.206915045652554e-17
4362.249999999999	5.5154209562051395e-17	2.7450671878758192e-17
4362.499999999999	1.1360082957263535e-16	3.0092956416132255e-17
4362.749999999999	1.0977567510494924e-16	2.928811629756306e-17
4362.999999999999	8.34781872986798e-17	2.8090841844064006e-17
4363.249999999999	8.636113010910881e-17	2.856557403249799e-17
4363.499999999999	1.6239588303489344e-16	3.1909134021388384e-17
4363.749999999999	1.3830054854258717e-16	3.007803076915935e-17
4363.999999999999	1.1219392108213576e-16	2.898936513008851e-17
4364.249999999999	1.0300476503983928e-16	2.898096428378742e-17
4364.499999999999	1.1579444638267698e-16	2.942584186955314e-17
4364.749999999999	1.0006492543815641e-16	2.820886066514062e-17
4364.999999999999	1.1733666838650045e-16	2.9418939874521996e-17
4365.249999999999	9.504826692892441e-17	2.905866963053065e-17
4365.499999999999	8.971187995188352e-17	2.9374305208668635e-17
4365.749999999999	1.4451301904999523e-16	3.1447444816853136e-17
4365.999999999999	1.2561816245136494e-16	2.9978590424640673e-17
4366.249999999999	1.1662832384946924e-16	2.951913129903687e-17
4366.499999999999	1.03755408284674e-16	2.896040057375935e-17
4366.749999999999	1.0103863613313954e-16	2.928481419255775e-17
4366.999999999999	1.4325316342007286e-16	3.1069631726430766e-17
4367.249999999999	9.999512462934674e-17	2.8853472590335846e-17
4367.499999999999	8.02881751925364e-17	2.7606724464399996e-17
4367.749999999999	8.927082724927024e-17	2.82755975969614e-17
4367.999999999999	9.006953299641674e-17	2.890551879447768e-17
4368.249999999999	4.962335904044418e-17	2.6541706264680822e-17
4368.499999999999	8.678725385602673e-17	2.8755365660964607e-17
4368.749999999999	7.85114640286664e-17	2.8227018933947386e-17
4368.999999999999	8.815824947305172e-17	2.857652259508574e-17
4369.249999999999	1.1107390529784916e-16	2.9429057947774745e-17
4369.499999999999	8.50740370759763e-17	2.7591549008882098e-17
4369.749999999999	1.1083094580833009e-16	2.895197325767866e-17
4369.999999999999	7.369221051825895e-17	2.648035924173144e-17
4370.249999999999	6.965510590785715e-17	2.624514216274586e-17
4370.499999999999	1.16359457063165e-16	2.934863613989989e-17
4370.749999999999	1.136155203003143e-16	2.951695746838708e-17
4370.999999999999	1.0047558421634204e-16	2.8443955321395543e-17
4371.249999999999	1.0651947531491179e-16	2.850460420390793e-17
4371.499999999999	1.0298205396894102e-16	2.8688248226062054e-17
4371.749999999999	9.177891827586983e-17	2.84815258648177e-17
4371.999999999999	1.171548210006368e-16	2.938877756066586e-17
4372.249999999999	1.0999270082790355e-16	2.8670453916724813e-17
4372.499999999999	8.950622299926813e-17	2.800696903867358e-17
4372.749999999999	8.029072952626796e-17	2.7632879915368923e-17
4372.999999999999	9.525122396402042e-17	2.779151495888312e-17
4373.249999999999	1.288120987023343e-16	2.944692504900589e-17
4373.499999999999	8.648309623606853e-17	2.6896220985970023e-17
4373.749999999999	7.913510527097218e-17	2.7155841547387142e-17
4373.999999999999	1.0245347894007474e-16	2.888877996760206e-17
4374.249999999999	1.1495347501495147e-16	2.910126612335468e-17
4374.499999999999	1.1895878942005163e-16	2.9730409771095163e-17
4374.749999999999	9.156976731234702e-17	2.85937974349983e-17
4374.999999999999	8.00713744627087e-17	2.80034187794845e-17
4375.249999999999	8.171616686248874e-17	2.7982745881615577e-17
4375.499999999999	7.49549844413824e-17	2.7297802284113492e-17
4375.749999999999	8.538014022473522e-17	2.795801979874514e-17
4375.999999999999	1.1213855953809881e-16	2.9112088954489325e-17
4376.249999999999	1.209799953206576e-16	2.948672567135949e-17
4376.499999999999	1.1448466874842581e-16	2.9347458234707614e-17
4376.749999999999	1.2492728796887085e-16	3.0080459371437804e-17
4376.999999999999	1.21479188894166e-16	2.9914477309722913e-17
4377.249999999999	6.704476874010111e-17	2.6944286797004255e-17
4377.499999999999	6.881752267192065e-17	2.672568281344119e-17
4377.749999999999	1.3500717856454404e-16	2.9553862958596745e-17
4377.999999999999	9.6570543953818e-17	2.7986454959482264e-17
4378.249999999999	8.135008981059727e-17	2.7359344521687438e-17
4378.499999999999	1.2483320113727662e-16	2.887401644802921e-17
4378.749999999999	1.4793538949892722e-16	2.9993899883417805e-17
4378.999999999999	1.1746185720912667e-16	2.9518621755779536e-17
4379.249999999999	9.846206116926546e-17	2.8993706173943186e-17
4379.499999999999	1.271493333222047e-16	2.966094314325296e-17
4379.749999999999	1.0827538123201486e-16	2.856496522756715e-17
4379.999999999999	8.138619458997399e-17	2.7360704406614475e-17
4380.249999999999	8.424873581777499e-17	2.7747212819636002e-17
4380.499999999999	9.65751695478034e-17	2.7636082758700728e-17
4380.749999999999	9.5179080579716e-17	2.783209313101252e-17
4380.999999999999	9.969474557042668e-17	2.833175654310885e-17
4381.249999999999	8.924634270313867e-17	2.7883507369166365e-17
4381.499999999999	5.84760775665582e-17	2.5538713376013323e-17
4381.749999999999	7.263148704028015e-17	2.7501667563522086e-17
4381.999999999999	8.932285360107738e-17	2.8288461909847825e-17
4382.249999999999	9.012587392229896e-17	2.814561112678237e-17
4382.499999999999	6.791165402205668e-17	2.7272472359395893e-17
4382.749999999999	6.147642708441054e-17	2.600023052698116e-17
4382.999999999999	1.248361260479226e-16	2.922887362209201e-17
4383.249999999999	1.2426146713276977e-16	2.9363998538236224e-17
4383.499999999999	1.1159657756586427e-16	2.8686057851800013e-17
4383.749999999999	1.0291981689965253e-16	2.801088656605463e-17
4383.999999999999	9.501234082056001e-17	2.7189693086775262e-17
4384.249999999999	3.5028673648064717e-17	2.4921448041869102e-17
4384.499999999999	7.010233930400742e-17	2.659821097232432e-17
4384.749999999999	7.659318586604162e-17	2.6763526326465492e-17
4384.999999999999	3.502313153796061e-17	2.5219069280626907e-17
4385.249999999999	7.508487164988793e-17	2.7903329925365586e-17
4385.499999999999	7.32062253647718e-17	2.7475493914579683e-17
4385.749999999999	6.959875836453003e-17	2.6883909229732784e-17
4385.999999999999	8.033828910276731e-17	2.7051676347209564e-17
4386.249999999999	1.0519904359437095e-16	2.8148393762362996e-17
4386.499999999999	1.0906188441076498e-16	2.8962365954894777e-17
4386.749999999999	9.993924692460756e-17	2.76184803552656e-17
4386.999999999999	9.254488752309393e-17	2.758906746704444e-17
4387.249999999999	8.199549582918055e-17	2.7562893818102036e-17
4387.499999999999	6.71773095440117e-17	2.6771134733739754e-17
4387.749999999999	8.024937049564031e-17	2.7588865634974976e-17
4387.999999999999	6.00640724367579e-17	2.6176054383624206e-17
4388.249999999999	6.24040075709928e-17	2.6295651465309573e-17
4388.499999999999	6.869174489669829e-17	2.6749497343276592e-17
4388.749999999999	5.744694577053402e-17	2.592802758567263e-17
4388.999999999999	7.041322024798445e-17	2.668768709918418e-17
4389.249999999999	8.468669155617487e-17	2.7383670249141397e-17
4389.499999999999	1.1714354487452647e-16	2.9205239417630146e-17
4389.749999999999	1.3282633342316023e-16	3.015791656399727e-17
4389.999999999999	9.066426923939747e-17	2.812569923507699e-17
4390.249999999999	9.939117028561972e-17	2.825044468889489e-17
4390.499999999999	8.133068746214923e-17	2.693354172084719e-17
4390.749999999999	7.923032368564438e-17	2.7033387383866017e-17
4390.999999999999	9.543045084170351e-17	2.812018359475249e-17
4391.249999999999	9.392194471964771e-17	2.7979003716524387e-17
4391.499999999999	6.873119148574972e-17	2.659688582898301e-17
4391.749999999999	7.789023153630437e-17	2.710854335996136e-17
4391.999999999999	6.756153162982014e-17	2.6587429500220303e-17
4392.249999999999	5.691497599243382e-17	2.6061620563322395e-17
4392.499999999999	1.4668898051704252e-16	2.9759146025575255e-17
4392.749999999999	9.873591750902462e-17	2.780873355051402e-17
4392.999999999999	9.759334947251737e-17	2.800230374001878e-17
4393.249999999999	1.0745755106910613e-16	2.859680175498309e-17
4393.499999999999	1.036789701786292e-16	2.8539474829810717e-17
4393.749999999999	7.818509164617747e-17	2.7470267787469573e-17
4393.999999999999	8.768324266065437e-17	2.761086036746276e-17
4394.249999999999	7.252740124944138e-17	2.7066476262729363e-17
4394.499999999999	8.052558926322892e-17	2.7606727773122446e-17
4394.749999999999	1.196369716432267e-16	2.921182708402852e-17
4394.999999999999	1.0004793845709703e-16	2.809933202587125e-17
4395.249999999999	7.447868722722947e-17	2.6870965507507554e-17
4395.499999999999	7.056211275824399e-17	2.6751795251018265e-17
4395.749999999999	9.802718916018918e-17	2.784875916599424e-17
4395.999999999999	1.4044792264766463e-16	2.9238425903805774e-17
4396.249999999999	1.2379980770673658e-16	2.7484202472068642e-17
4396.499999999999	1.2385609569305958e-16	2.8744572608332015e-17
4396.749999999999	9.602508120556583e-17	2.784602946997281e-17
4396.999999999999	6.866503027163528e-17	2.6727019537311076e-17
4397.249999999999	7.980085993262426e-17	2.7651251596773726e-17
4397.499999999999	1.012471981440662e-16	2.765498549005879e-17
4397.749999999999	1.1034688633130896e-16	2.845186978549645e-17
4397.999999999999	7.928385881488881e-17	2.6591532316058566e-17
4398.249999999999	4.7519418534970655e-17	2.500337697282003e-17
4398.499999999999	8.927618737963959e-17	2.7799773530118847e-17
4398.749999999999	1.0835133626458193e-16	2.847010415491957e-17
4398.999999999999	1.1277902232534147e-16	2.8664895263008457e-17
4399.249999999999	8.904987738148998e-17	2.7740123881786423e-17
4399.499999999999	5.680279044903693e-17	2.6378927046297736e-17
4399.749999999999	6.140969677003466e-17	2.6038691116742425e-17
4399.999999999999	1.0382121877420872e-16	2.7307467062390562e-17
4400.249999999999	9.497804922108601e-17	2.777081559123459e-17
4400.499999999999	5.825867464924456e-17	2.6429656378904388e-17
4400.749999999999	3.21168423819229e-17	2.4793370704543842e-17
4400.999999999999	6.955904046023769e-17	2.6363692033775735e-17
4401.249999999999	7.773177020071881e-17	2.6967638105696627e-17
4401.499999999999	6.857468229640978e-17	2.643802248361975e-17
4401.749999999999	9.337999583463767e-17	2.755942462261299e-17
4401.999999999999	1.2643558895013475e-16	2.912484407953489e-17
4402.249999999999	5.388278332972064e-17	2.599483896374854e-17
4402.499999999999	6.819329247701874e-17	2.6431277652904992e-17
4402.749999999999	8.735053738339574e-17	2.768156611186257e-17
4402.999999999999	1.0672288233626103e-16	2.8401395224518465e-17
4403.249999999999	1.1500990858506229e-16	2.827077017090654e-17
4403.499999999999	1.2169503671192805e-16	2.8409064843158056e-17
4403.749999999999	9.248748118858275e-17	2.7707417160366076e-17
4403.999999999999	7.33951203294544e-17	2.6463713059084422e-17
4404.249999999999	6.809855051837936e-17	2.60043713931276e-17
4404.499999999999	6.844564212085151e-17	2.6427391558387218e-17
4404.749999999999	3.282924010395562e-17	2.455098858709233e-17
4404.999999999999	7.083655805059929e-17	2.679750028858427e-17
4405.249999999999	8.577300469358361e-17	2.7104230440247508e-17
4405.499999999999	8.91063506562702e-17	2.7024912091309798e-17
4405.749999999999	9.538326845956349e-17	2.7661508636369383e-17
4405.999999999999	3.9442840268892693e-17	2.5147256768567503e-17
4406.249999999999	8.072107520303235e-17	2.7210251833719655e-17
4406.499999999999	1.166668109090101e-16	2.894322830424275e-17
4406.749999999999	1.1215776336319984e-16	2.818228500642052e-17
4406.999999999999	6.08955213012717e-17	2.447973855784946e-17
4407.249999999999	1.0618182018886765e-16	2.7572821639813898e-17
4407.499999999999	1.3953872542301574e-16	2.944896322203522e-17
4407.749999999999	1.299601724529987e-16	2.855542618074319e-17
4407.999999999999	9.502238610191885e-17	2.667062567186966e-17
4408.249999999999	7.270357086758047e-17	2.678040577404525e-17
4408.499999999999	7.395690169683102e-17	2.723288514964033e-17
4408.749999999999	7.495539472296623e-17	2.6447245547449716e-17
4408.999999999999	9.95998447931097e-17	2.7364550796462846e-17
4409.249999999999	1.202296167736189e-16	2.846355950191305e-17
4409.499999999999	8.253000670612251e-17	2.6950098567988052e-17
4409.749999999999	1.1127854316394988e-16	2.812960352756824e-17
4409.999999999999	9.095546990224064e-17	2.6810617718738136e-17
4410.249999999999	6.949297189035185e-17	2.608749311852183e-17
4410.499999999999	6.992836006013036e-17	2.6643631459759606e-17
4410.749999999999	1.0192746486238492e-16	2.7339641079496424e-17
4410.999999999999	1.0877401894015162e-16	2.8399353742766684e-17
4411.249999999999	8.251490569685974e-17	2.708781421381078e-17
4411.499999999999	5.447545162116998e-17	2.5967313701685224e-17
4411.749999999999	5.0620985181297435e-17	2.6028525067014148e-17
4411.999999999999	9.18299123062725e-17	2.6721158135490526e-17
4412.249999999999	4.2077877049739566e-17	2.4974655607590963e-17
4412.499999999999	4.6114240506312524e-17	2.4443785979705456e-17
4412.749999999999	7.509653158780248e-17	2.5677013011348514e-17
4412.999999999999	1.0014137016164612e-16	2.7621524379919795e-17
4413.249999999999	1.16665288896683e-16	2.7740347220551812e-17
4413.499999999999	9.848053045798254e-17	2.7323464735437337e-17
4413.749999999999	9.821016812913081e-17	2.7485625222722233e-17
4413.999999999999	9.613396464395741e-17	2.7148487911741545e-17
4414.249999999999	8.036559268042646e-17	2.65124935541679e-17
4414.499999999999	1.1978569209991884e-16	2.8513554298135755e-17
4414.749999999999	6.829370558593777e-17	2.580807977940754e-17
4414.999999999999	7.32188249798622e-17	2.617345041905589e-17
4415.249999999999	7.428538504424318e-17	2.6126939707573257e-17
4415.499999999999	3.2478197886877914e-17	2.392183335882327e-17
4415.749999999999	7.257735634099468e-17	2.6464191169478477e-17
4415.999999999999	4.5192367565956876e-17	2.4485614848921038e-17
4416.249999999999	5.939908539871427e-17	2.5234727809622536e-17
4416.499999999999	9.345187452114607e-17	2.682314454193464e-17
4416.749999999999	1.0231015170097645e-16	2.7208476704125116e-17
4416.999999999999	1.071810676037215e-16	2.7480681991381616e-17
4417.249999999999	6.283615319277011e-17	2.4757719220142806e-17
4417.499999999999	4.4242059464864105e-17	2.459712706729931e-17
4417.749999999999	6.003821146208704e-17	2.5910185299859862e-17
4417.999999999999	8.694473580976702e-17	2.6431398421274425e-17
4418.249999999999	8.833128903975291e-17	2.7287283855444268e-17
4418.499999999999	9.027037906658952e-17	2.6768615141593918e-17
4418.749999999999	8.75995716873334e-17	2.6188774767084046e-17
4418.999999999999	9.533555668183143e-17	2.6378237177666867e-17
4419.249999999999	1.1994669453434617e-16	2.7600580166809952e-17
4419.499999999999	8.033438481027606e-17	2.6602816713975014e-17
4419.749999999999	9.739636137272154e-17	2.714075211865295e-17
4419.999999999999	8.777986397364546e-17	2.673807894210091e-17
4420.249999999999	6.275166827372639e-17	2.5555905497864625e-17
4420.499999999999	6.730384832539762e-17	2.4962383556023127e-17
4420.749999999999	7.923617350693636e-17	2.6021609837093205e-17
4420.999999999999	8.993638338757531e-17	2.6966799344555498e-17
4421.249999999999	9.280560823472575e-17	2.7066163588457818e-17
4421.499999999999	8.63407351439257e-17	2.6482518183130202e-17
4421.749999999999	7.494993533092338e-17	2.595837353362475e-17
4421.999999999999	8.598100422169374e-17	2.6397110130522877e-17
4422.249999999999	8.75261379012734e-17	2.6780293277481942e-17
4422.499999999999	9.974429038039616e-17	2.717919781916319e-17
4422.749999999999	1.1799931284904933e-16	2.7567684848209943e-17
4422.999999999999	1.1868765946759145e-16	2.785530712772321e-17
4423.249999999999	9.157974641925686e-17	2.6293054118186156e-17
4423.499999999999	6.928895606407177e-17	2.5779085444576333e-17
4423.749999999999	6.928010192279501e-17	2.6166437581822664e-17
4423.999999999999	8.587654123649565e-17	2.6854486415344273e-17
4424.249999999999	8.277383969836844e-17	2.6858728197525445e-17
4424.499999999999	6.651967448725245e-17	2.5420457981281517e-17
4424.749999999999	7.040906449258698e-17	2.586772446465629e-17
4424.999999999999	7.169037387887652e-17	2.6018759372702347e-17
4425.249999999999	6.821796892905242e-17	2.5429461015068544e-17
4425.499999999999	8.189305778212198e-17	2.647344235744927e-17
4425.749999999999	6.28967888403927e-17	2.4792818147894656e-17
4425.999999999999	7.906897714408224e-17	2.589004841502787e-17
4426.249999999999	8.77195327284883e-17	2.676498381870481e-17
4426.499999999999	7.269735708681897e-17	2.5955665344299253e-17
4426.749999999999	6.809475872245142e-17	2.575336509060961e-17
4426.999999999999	8.861765896781877e-17	2.6121207345928265e-17
4427.249999999999	6.758797493964223e-17	2.4708913909640953e-17
4427.499999999999	7.1892900780054e-17	2.5237392985556182e-17
4427.749999999999	1.2061080806966294e-16	2.824143834638541e-17
4427.999999999999	4.5058036743200714e-17	2.4979178631180403e-17
4428.249999999999	9.274211385090617e-17	2.6994905287408825e-17
4428.499999999999	1.016511733029024e-16	2.718648858908223e-17
4428.749999999999	8.785658662982098e-17	2.6407147140075595e-17
4428.999999999999	8.299533881407544e-17	2.611799126770666e-17
4429.249999999999	8.413910460810967e-17	2.600921205407226e-17
4429.499999999999	1.2336782090363688e-16	2.745282585707328e-17
4429.749999999999	1.0869652204292276e-16	2.695850603173404e-17
4429.999999999999	1.0000327732146406e-16	2.6594276901331017e-17
4430.249999999999	1.352453801111797e-16	2.82646324907614e-17
4430.499999999999	1.0058226404558178e-16	2.6731398631473932e-17
4430.749999999999	1.054558136913972e-16	2.7399217935934944e-17
4430.999999999999	1.073853150405731e-16	2.746171308557455e-17
4431.249999999999	8.802343226809538e-17	2.627258470674792e-17
4431.499999999999	5.693669444659701e-17	2.4360808183737812e-17
4431.749999999999	1.2407183763170321e-16	2.817306028822933e-17
4431.999999999999	7.339075281582013e-17	2.5718128850876075e-17
4432.249999999999	4.2505919855678607e-17	2.3798315441034402e-17
4432.499999999999	3.8588045058770195e-17	2.3752188541355995e-17
4432.749999999999	4.943898709935101e-17	2.4573013098082165e-17
4432.999999999999	9.789542921477684e-17	2.6870538682311477e-17
4433.249999999999	1.2067207237455107e-16	2.7926249445778205e-17
4433.499999999999	1.0663248142147634e-16	2.722849778367135e-17
4433.749999999999	8.064660909556787e-17	2.601133790824652e-17
4433.999999999999	9.508531138547699e-17	2.6475902392591003e-17
4434.249999999999	6.92300475695682e-17	2.4825425607641497e-17
4434.499999999999	5.730431336315028e-17	2.4045655679077558e-17
4434.749999999999	8.935299606259881e-17	2.583986998470918e-17
4434.999999999999	1.2730607412211615e-16	2.772058918444037e-17
4435.249999999999	9.521298174994087e-17	2.5630642920570016e-17
4435.499999999999	1.1597755108307172e-16	2.728925419966337e-17
4435.749999999999	8.938595755564782e-17	2.6340924714595825e-17
4435.999999999999	9.200607530696669e-17	2.638874898889119e-17
4436.249999999999	1.176044366769512e-16	2.7396749628987085e-17
4436.499999999999	1.1016287504096286e-16	2.6693621292898635e-17
4436.749999999999	1.0729077822272564e-16	2.699304743975303e-17
4436.999999999999	7.573657085857151e-17	2.5243196484733854e-17
4437.249999999999	6.358190614582342e-17	2.4859280455752067e-17
4437.499999999999	9.395777818378351e-17	2.6436293676139514e-17
4437.749999999999	1.3476135372138308e-16	2.753293829939904e-17
4437.999999999999	9.289589665294713e-17	2.6047247472998674e-17
4438.249999999999	7.886513337136957e-17	2.576281976501109e-17
4438.499999999999	6.672291607247917e-17	2.5403590114230336e-17
4438.749999999999	6.227903712404829e-17	2.5342373785817737e-17
4438.999999999999	1.28174071134815e-16	2.7987258979037666e-17
4439.249999999999	7.795206494145394e-17	2.5886031625973314e-17
4439.499999999999	7.522270640971887e-17	2.564615421141661e-17
4439.749999999999	7.674764364746242e-17	2.5454560983575853e-17
4439.999999999999	7.240273520496229e-17	2.4955870335879884e-17
4440.249999999999	1.2276658632976394e-16	2.6863342210982266e-17
4440.499999999999	5.101150707465107e-17	2.4185722172201163e-17
4440.749999999999	6.941347652476306e-17	2.520790234235744e-17
4440.999999999999	8.776533206464413e-17	2.5489008093005012e-17
4441.249999999999	5.985828975268941e-17	2.3496574842826084e-17
4441.499999999999	7.776569122327839e-17	2.5044595382743547e-17
4441.749999999999	6.630160320800387e-17	2.4922305000983707e-17
4441.999999999999	6.009775523130106e-17	2.461832936076027e-17
4442.249999999999	8.342633961788497e-17	2.5406314847168086e-17
4442.499999999999	1.2159111635721178e-16	2.6962557562374326e-17
4442.749999999999	8.124769808565301e-17	2.519750468205765e-17
4442.999999999999	4.1285709338154683e-17	2.291484187907469e-17
4443.249999999999	6.79961587934351e-17	2.4653534167630527e-17
4443.499999999999	1.0756573305833827e-16	2.6656308829827593e-17
4443.749999999999	1.1091297565531575e-16	2.6578702744757868e-17
4443.999999999999	1.3943459331006267e-16	2.805333085764595e-17
4444.249999999999	1.0368564056308883e-16	2.6421614528989148e-17
4444.499999999999	6.449291655037502e-17	2.4533798119602252e-17
4444.749999999999	6.6681126907933e-17	2.4745811128044493e-17
4444.999999999999	1.3162357310783873e-16	2.7262251715747188e-17
4445.249999999999	1.0106519193952494e-16	2.6368228292254975e-17
4445.499999999999	9.134435066925897e-17	2.6442343675139727e-17
4445.749999999999	9.272402175654841e-17	2.6490732086612854e-17
4445.999999999999	1.0478169457939099e-16	2.664658780326887e-17
4446.249999999999	1.297728987623167e-16	2.7023342102507173e-17
4446.499999999999	1.1595720905744781e-16	2.687704859373227e-17
4446.749999999999	1.0803755687973851e-16	2.679290612746215e-17
4446.999999999999	9.360715286573453e-17	2.596288993976929e-17
4447.249999999999	8.065239274241084e-17	2.5181581455266004e-17
4447.499999999999	8.270350287652183e-17	2.5286438178435676e-17
4447.749999999999	6.814095510530128e-17	2.471489442546971e-17
4447.999999999999	9.664335570005737e-17	2.6057438338145327e-17
4448.249999999999	9.077532319971639e-17	2.593681058941672e-17
4448.499999999999	7.796380428870729e-17	2.541993685749561e-17
4448.749999999999	1.0437143946534429e-16	2.632468715917141e-17
4448.999999999999	1.1386419064478244e-16	2.6082870833258882e-17
4449.249999999999	7.558726806672814e-17	2.4623158441176355e-17
4449.499999999999	6.325327059717855e-17	2.3936611767647143e-17
4449.749999999999	7.331156185269675e-17	2.4178524046510726e-17
4449.999999999999	7.736724824837895e-17	2.455974015797314e-17
4450.249999999999	8.007439863502819e-17	2.3772930922396375e-17
4450.499999999999	3.4320759244952035e-17	2.2325924024522662e-17
4450.749999999999	6.006689808573038e-17	2.4143061159289353e-17
4450.999999999999	1.1964660664300173e-16	2.66408306262055e-17
4451.249999999999	9.400803767780223e-17	2.5566248564243988e-17
4451.499999999999	9.022084087406494e-17	2.553374202053188e-17
4451.749999999999	1.110214421946786e-16	2.675919686313939e-17
4451.999999999999	1.0259427831522106e-16	2.6374412294514422e-17
4452.249999999999	7.442785863294931e-17	2.4567550397316865e-17
4452.499999999999	4.816362017858205e-17	2.366467779563156e-17
4452.749999999999	6.439733417623329e-17	2.4283121034968057e-17
4452.999999999999	8.971500338587652e-17	2.5438255599341208e-17
4453.249999999999	1.0358683549328059e-16	2.6281303190404228e-17
4453.499999999999	1.004780856105144e-16	2.6304217747733172e-17
4453.749999999999	8.712127600482054e-17	2.5236921492607026e-17
4453.999999999999	1.0435857515245787e-16	2.6393442411686817e-17
4454.249999999999	1.1277907526490067e-16	2.659636801391955e-17
4454.499999999999	9.384936458397986e-17	2.548943160947864e-17
4454.749999999999	7.098080511453873e-17	2.398040601799815e-17
4454.999999999999	7.449094935262996e-17	2.4316582145107052e-17
4455.249999999999	4.77127637313488e-17	2.32195537100433e-17
4455.499999999999	9.656307285852542e-17	2.569159785990905e-17
4455.749999999999	1.0125780590824159e-16	2.5932515867676343e-17
4455.999999999999	6.144225459894475e-17	2.4123920199914876e-17
4456.249999999999	1.0694606890041764e-16	2.5921277791874198e-17
4456.499999999999	7.173115057435293e-17	2.3929206846803568e-17
4456.749999999999	7.379068471582216e-17	2.3897522520620337e-17
4456.999999999999	7.612864785147674e-17	2.4263933753479276e-17
4457.249999999999	7.280087377739631e-17	2.4472047432513943e-17
4457.499999999999	1.0068932106918084e-16	2.5032442445183918e-17
4457.749999999999	8.012807273061553e-17	2.453002286728656e-17
4457.999999999999	7.097111717520451e-17	2.4269431195830304e-17
4458.249999999999	9.563625337810671e-17	2.5297674599876596e-17
4458.499999999999	1.1834007155675177e-16	2.6317793435946392e-17
4458.749999999999	4.5679024390101424e-17	2.2853870396123407e-17
4458.999999999999	4.649576929204648e-17	2.2684988239180906e-17
4459.249999999999	7.250826359878935e-17	2.403708939665396e-17
4459.499999999999	8.794923085842692e-17	2.5078393982572464e-17
4459.749999999999	7.659196163873504e-17	2.490588215710208e-17
4459.999999999999	6.18080934228198e-17	2.3578144777391163e-17
4460.249999999999	6.325961010939315e-17	2.3932656189957914e-17
4460.499999999999	2.826576738256182e-17	2.2487369827758312e-17
4460.749999999999	3.62545354635336e-17	2.2667786191162253e-17
4460.999999999999	8.466756052296774e-17	2.4891487560082432e-17
4461.249999999999	7.268885367012193e-17	2.3919262481479456e-17
4461.499999999999	8.334757878868012e-17	2.4598222254430332e-17
4461.749999999999	7.474470851222652e-17	2.41075403694251e-17
4461.999999999999	6.849101132308882e-17	2.3621927447213595e-17
4462.249999999999	7.089928481081041e-17	2.3902560050550785e-17
4462.499999999999	8.03491681821836e-17	2.4343515145851778e-17
4462.749999999999	6.917152288686885e-17	2.3980816299581977e-17
4462.999999999999	6.302418788961566e-17	2.3816718555302482e-17
4463.249999999999	6.385276478304268e-17	2.401050877485018e-17
4463.499999999999	6.840117950856556e-17	2.412537272907052e-17
4463.749999999999	3.8794241333144964e-17	2.2471889969774995e-17
4463.999999999999	7.594485493681236e-17	2.435030960740329e-17
4464.249999999999	8.090672100226885e-17	2.4267639522623514e-17
4464.499999999999	8.245764494613637e-17	2.4448479402501082e-17
4464.749999999999	1.0495613704441107e-16	2.5780253423601257e-17
4464.999999999999	6.598436289947753e-17	2.411056619610582e-17
4465.249999999999	8.757654959652483e-17	2.5338391738348906e-17
4465.499999999999	1.0261718129202143e-16	2.5668011631922712e-17
4465.749999999999	9.041212473635661e-17	2.4962616820955867e-17
4465.999999999999	7.029070487309799e-17	2.4143392031534374e-17
4466.249999999999	1.1433106461739717e-16	2.605123779227363e-17
4466.499999999999	1.079251397257701e-16	2.5694056240689557e-17
4466.749999999999	1.2259367249451585e-16	2.6358479141555426e-17
4466.999999999999	1.2752759970760275e-16	2.653348243503082e-17
4467.249999999999	9.976219718629671e-17	2.523076065140473e-17
4467.499999999999	8.710394491662633e-17	2.4668590509140218e-17
4467.749999999999	7.350441404942981e-17	2.406126623159766e-17
4467.999999999999	1.0787724265958084e-16	2.5584871708555007e-17
4468.249999999999	1.2480712840436895e-16	2.6255984846215205e-17
4468.499999999999	7.920383405370798e-17	2.4400871849526205e-17
4468.749999999999	8.725596086087888e-17	2.4208957675607777e-17
4468.999999999999	7.678428443987607e-17	2.4318932992407927e-17
4469.249999999999	6.091692211807967e-17	2.3519666416806114e-17
4469.499999999999	6.269346122838226e-17	2.3336957108744176e-17
4469.749999999999	8.495907882316613e-17	2.4545813745180197e-17
4469.999999999999	5.2634984684406846e-17	2.2574867338592946e-17
4470.249999999999	7.271607783844228e-17	2.3859869259136923e-17
4470.499999999999	9.998705796401312e-17	2.4857960275494432e-17
4470.749999999999	1.2288698412228226e-16	2.561299584938181e-17
4470.999999999999	1.2487933796312238e-16	2.6286115727208062e-17
4471.249999999999	7.083381181096561e-17	2.4148431215826047e-17
4471.499999999999	1.0254051819285002e-16	2.470130550236669e-17
4471.749999999999	1.119684382645987e-16	2.5412507121233658e-17
4471.999999999999	1.0226845518065888e-16	2.5196366481534777e-17
4472.249999999999	7.77548717008662e-17	2.389983035452936e-17
4472.499999999999	1.0195673382117949e-16	2.468704987168995e-17
4472.749999999999	9.908776043693527e-17	2.4830507805325023e-17
4472.999999999999	8.755405028386339e-17	2.4351388250922058e-17
4473.249999999999	8.609487059609534e-17	2.4170235696772945e-17
4473.499999999999	9.127113525888068e-17	2.4881807892554336e-17
4473.749999999999	6.058964976308429e-17	2.3447609059285395e-17
4473.999999999999	5.313784101366763e-17	2.3206952440591667e-17
4474.249999999999	6.812969221408076e-17	2.3408258423185022e-17
4474.499999999999	9.388099597060388e-17	2.4390588340150946e-17
4474.749999999999	1.2339525683019404e-16	2.6015677297739975e-17
4474.999999999999	8.56870242319924e-17	2.39164649566478e-17
4475.249999999999	8.16905110286098e-17	2.384326939860421e-17
4475.499999999999	8.699767536897042e-17	2.412748203963253e-17
4475.749999999999	1.0033050335434514e-16	2.457012789210558e-17
4475.999999999999	1.1956396799108523e-16	2.5328619426592205e-17
4476.249999999999	1.4326799973153961e-16	2.6661516758964227e-17
4476.499999999999	9.273867939700285e-17	2.4311205471125457e-17
4476.749999999999	8.643486829763424e-17	2.4168176017047688e-17
4476.999999999999	9.818703354175893e-17	2.50501209492354e-17
4477.249999999999	8.265919246546859e-17	2.4223155403641637e-17
4477.499999999999	1.0053093252548919e-16	2.5131902642037294e-17
4477.749999999999	6.890453545491633e-17	2.3369816031397233e-17
4477.999999999999	5.342292384870036e-17	2.2302428786403706e-17
4478.249999999999	5.724639748538177e-17	2.2664111854881292e-17
4478.499999999999	7.650921710770014e-17	2.389306236275745e-17
4478.749999999999	1.073010154099866e-16	2.4367759809605707e-17
4478.999999999999	7.946717527352036e-17	2.37647616866668e-17
4479.249999999999	7.768691715918374e-17	2.3752471437125488e-17
4479.499999999999	9.456786689893322e-17	2.443614448520669e-17
4479.749999999999	9.840006894543829e-17	2.5127430903645832e-17
4479.999999999999	9.388544289357697e-17	2.406682323095279e-17
4480.249999999999	9.086318963310422e-17	2.4294746231296877e-17
4480.499999999999	9.776982349312188e-17	2.4467678264518438e-17
4480.749999999999	8.553015108318294e-17	2.366578952637483e-17
4480.999999999999	4.0599993153960474e-17	2.1296481208588168e-17
4481.249999999999	8.474137150338707e-17	2.366223761282453e-17
4481.499999999999	7.62621217151183e-17	2.343317641195757e-17
4481.749999999999	5.80829947220281e-17	2.2619867618277056e-17
4481.999999999999	6.885306496848083e-17	2.28627460440961e-17
4482.249999999999	9.750477497252519e-17	2.50501010969007e-17
4482.499999999999	1.0456599234541676e-16	2.5014419833997613e-17
4482.749999999999	9.99632947193757e-17	2.4935154424619106e-17
4482.999999999999	9.183103727190557e-17	2.46811620000898e-17
4483.249999999999	1.083695607078377e-16	2.5078274868564256e-17
4483.499999999999	1.4237144182665054e-16	2.663761289362267e-17
4483.749999999999	9.772361387538222e-17	2.452393481797817e-17
4483.999999999999	8.026889857554146e-17	2.3785841557397103e-17
4484.249999999999	6.881418086224594e-17	2.319614449870805e-17
4484.499999999999	8.078560190825638e-17	2.3354900310591677e-17
4484.749999999999	1.1524901010420441e-16	2.501974853150368e-17
4484.999999999999	7.477639283840975e-17	2.3475499935179458e-17
4485.249999999999	7.988770066205252e-17	2.3589902322617992e-17
4485.499999999999	8.536343779380655e-17	2.3713469871243613e-17
4485.749999999999	9.015671121553493e-17	2.385335603899368e-17
4485.999999999999	1.1204864169679185e-16	2.4642051246367066e-17
4486.249999999999	1.3804725922157853e-16	2.6102693389458103e-17
4486.499999999999	9.442719325524e-17	2.4329618511560887e-17
4486.749999999999	9.357509134519197e-17	2.4456168873475375e-17
4486.999999999999	1.1879937517240042e-16	2.5468659449936207e-17
4487.249999999999	9.559642959469595e-17	2.394419866822548e-17
4487.499999999999	7.16603240615837e-17	2.2984508684625132e-17
4487.749999999999	1.0025157708901778e-16	2.419619262439486e-17
4487.999999999999	9.865683242501965e-17	2.402979035492879e-17
4488.249999999999	8.071891129854991e-17	2.365328586423548e-17
4488.499999999999	1.2111921312647273e-16	2.5467183759723413e-17
4488.749999999999	6.64940583580429e-17	2.230209956851991e-17
4488.999999999999	5.650818841951494e-17	2.194775690079812e-17
4489.249999999999	6.468402174165437e-17	2.2366409552423458e-17
4489.499999999999	7.418846594623156e-17	2.3004539690338716e-17
4489.749999999999	8.251593801826421e-17	2.3937154398128978e-17
4489.999999999999	4.784798129172162e-17	2.2262651325107256e-17
4490.249999999999	7.642829899145775e-17	2.3447484982193512e-17
4490.499999999999	9.330305480278043e-17	2.3951166837705626e-17
4490.749999999999	8.493533543086341e-17	2.375770749040295e-17
4490.999999999999	1.0080864021818039e-16	2.412781291187755e-17
4491.249999999999	1.1015366355766147e-16	2.5152654949245024e-17
4491.499999999999	1.1076761686063303e-16	2.5028776380709083e-17
4491.749999999999	1.007495530526645e-16	2.4324595870881465e-17
4491.999999999999	7.671561521414437e-17	2.3269106791818902e-17
4492.249999999999	5.639564553409343e-17	2.2320770689306457e-17
4492.499999999999	8.654243486449063e-17	2.36083732656963e-17
4492.749999999999	6.948951758411383e-17	2.3018562056082715e-17
4492.999999999999	7.230007878222201e-17	2.301490260905278e-17
4493.249999999999	7.411525053585327e-17	2.3062788094713475e-17
4493.499999999999	3.661997393199218e-17	2.1466197163588123e-17
4493.749999999999	6.482734236330776e-17	2.2554111722662766e-17
4493.999999999999	9.384958295966157e-17	2.3914253075689835e-17
4494.249999999999	9.852386148719052e-17	2.4393008670623276e-17
4494.499999999999	1.0908198159092757e-16	2.455038639960639e-17
4494.749999999999	1.4089712804239523e-16	2.5418633220850225e-17
4494.999999999999	8.508679550974432e-17	2.3528239316674614e-17
4495.249999999999	9.232461263469351e-17	2.4169228190786855e-17
4495.499999999999	1.0118644999988031e-16	2.4421121230921503e-17
4495.749999999999	1.0724816187756691e-16	2.4314156851551046e-17
4495.999999999999	1.0971306084130142e-16	2.4906797018859563e-17
4496.249999999999	7.850294737707955e-17	2.2961324466416496e-17
4496.499999999999	9.310538510615986e-17	2.373672191826248e-17
4496.749999999999	7.928535435743631e-17	2.3485482350811748e-17
4496.999999999999	6.48405044612147e-17	2.271350777234051e-17
4497.249999999999	7.744745168057209e-17	2.351010751764745e-17
4497.499999999999	7.686784953407863e-17	2.3036035419342285e-17
4497.749999999999	1.0153517611124287e-16	2.3941799844449076e-17
4497.999999999999	9.997659578362555e-17	2.4035305995253295e-17
4498.249999999999	9.589259995865934e-17	2.3887386249394112e-17
4498.499999999999	1.2241108395482335e-16	2.508424049514199e-17
4498.749999999999	9.577590793528526e-17	2.391598519189252e-17
4498.999999999999	9.746820697200545e-17	2.3929633671999646e-17
4499.249999999999	1.0932155956610253e-16	2.4334366528276942e-17
4499.499999999999	1.0113221342147643e-16	2.3900243944835637e-17
4499.749999999999	6.476974412289446e-17	2.1671088146956283e-17
4499.999999999999	9.70369017657305e-17	2.4215277335487682e-17
4500.249999999999	1.1616568504159078e-16	2.45017763037291e-17
4500.499999999999	1.0814956375212309e-16	2.357137843998048e-17
4500.749999999999	7.668903955542427e-17	2.2435661113306397e-17
4500.999999999999	7.265670612279567e-17	2.2296454888019848e-17
4501.249999999999	9.294024015122488e-17	2.347101992498187e-17
4501.499999999999	1.0007167523195485e-16	2.3617822977014107e-17
4501.749999999999	1.1806865043671597e-16	2.4440232411793928e-17
4501.999999999999	1.1805597141228676e-16	2.4724706441895815e-17
4502.249999999999	7.318228344912206e-17	2.2806914661471222e-17
4502.499999999999	1.100496108540472e-16	2.4078792534416433e-17
4502.749999999999	1.0165168284615974e-16	2.396134777668493e-17
4502.999999999999	9.164873328234378e-17	2.351430297771432e-17
4503.249999999999	8.155412548921205e-17	2.320487290853171e-17
4503.499999999999	8.200403233310209e-17	2.333530274751907e-17
4503.749999999999	8.056953571481263e-17	2.3020163477748618e-17
4503.999999999999	7.448106950739362e-17	2.234591036248317e-17
4504.249999999999	6.955491779206472e-17	2.2038586295140117e-17
4504.499999999999	7.557770585884702e-17	2.2456383642012076e-17
4504.749999999999	9.023009867948064e-17	2.3278329855648868e-17
4504.999999999999	4.10574703548166e-17	2.1155766205864323e-17
4505.249999999999	5.0968344790288053e-17	2.1664803228662105e-17
4505.499999999999	6.967038558813223e-17	2.265908259675697e-17
4505.749999999999	7.358627184284806e-17	2.299905548287749e-17
4505.999999999999	4.894791643945788e-17	2.2118895606451666e-17
4506.249999999999	6.227364390645445e-17	2.2542969599811676e-17
4506.499999999999	8.425717967746794e-17	2.3389752738520986e-17
4506.749999999999	8.09917948739087e-17	2.327042862643776e-17
4506.999999999999	7.619157975247978e-17	2.3021212342765335e-17
4507.249999999999	9.513550470504671e-17	2.3685393706892338e-17
4507.499999999999	8.108023040755797e-17	2.2028231648232178e-17
4507.749999999999	6.676802057692047e-17	2.1839548441786383e-17
4507.999999999999	5.0092029649349376e-17	2.1685069153669654e-17
4508.249999999999	5.739152466949297e-17	2.1829420442366283e-17
4508.499999999999	7.310931950164998e-17	2.272048752234923e-17
4508.749999999999	8.012314273416472e-17	2.3078046268292628e-17
4508.999999999999	1.1354303280887505e-16	2.4024724700857517e-17
4509.249999999999	9.784253597768775e-17	2.345183926093799e-17
4509.499999999999	7.843964489916209e-17	2.2837847907658255e-17
4509.749999999999	9.714836600763324e-17	2.397212428570527e-17
4509.999999999999	7.717176230857551e-17	2.2475817423323397e-17
4510.249999999999	1.205243842392634e-16	2.470365800402879e-17
4510.499999999999	1.1505634981337346e-16	2.4254388089210415e-17
4510.749999999999	9.490259711433138e-17	2.3010890783081898e-17
4510.999999999999	1.0616528319406149e-16	2.3743086245895462e-17
4511.249999999999	7.998481828341115e-17	2.2485161255522796e-17
4511.499999999999	8.60022197500445e-17	2.316966148421655e-17
4511.749999999999	1.0126666666696325e-16	2.3594115980658337e-17
4511.999999999999	1.0764324980790183e-16	2.3872133038898635e-17
4512.249999999999	1.15857047411435e-16	2.4380389203198167e-17
4512.499999999999	1.1906333181458854e-16	2.4314593602914474e-17
4512.749999999999	1.0103601562495897e-16	2.3521951089657986e-17
4512.999999999999	8.457769562121998e-17	2.2588805331914465e-17
4513.249999999999	6.713227783146432e-17	2.2127620707552875e-17
4513.499999999999	7.965845251836713e-17	2.2565291895822032e-17
4513.749999999999	1.0226799857696075e-16	2.3957847148332604e-17
4513.999999999999	8.388751597044044e-17	2.3050997462262144e-17
4514.249999999999	1.0735120872955631e-16	2.4060801356093404e-17
4514.499999999999	1.0860269329167964e-16	2.4214853819014055e-17
4514.749999999999	5.69131098729719e-17	2.1538180074853713e-17
4514.999999999999	1.0193874098849524e-16	2.3409251039920086e-17
4515.249999999999	9.916595878332359e-17	2.341986707590159e-17
4515.499999999999	9.995354722303737e-17	2.363800949268285e-17
4515.749999999999	1.0512079230842343e-16	2.3915909091276166e-17
4515.999999999999	1.08783031900106e-16	2.38407845480441e-17
4516.249999999999	7.717023367880352e-17	2.288604441322927e-17
4516.499999999999	7.69733911627955e-17	2.265945813675507e-17
4516.749999999999	8.397260307697009e-17	2.2817295778158763e-17
4516.999999999999	8.991928390995261e-17	2.280319400307596e-17
4517.249999999999	8.590655796656397e-17	2.2648984375838923e-17
4517.499999999999	1.0557157927248523e-16	2.4019030389520702e-17
4517.749999999999	8.764973853712352e-17	2.320607232041991e-17
4517.999999999999	8.004565245438075e-17	2.290349792415414e-17
4518.249999999999	6.627041519018817e-17	2.2241986699044456e-17
4518.499999999999	4.865186188078025e-17	2.1321749921940438e-17
4518.749999999999	1.1856861163383282e-16	2.4630801590036345e-17
4518.999999999999	1.0022521980597939e-16	2.3878477514196916e-17
4519.249999999999	7.63947088411432e-17	2.2474015823949256e-17
4519.499999999999	6.833910125795468e-17	2.1639322757073022e-17
4519.749999999999	6.202595956127647e-17	2.1724515742721083e-17
4519.999999999999	5.248714103916402e-17	2.1172265150362305e-17
4520.249999999999	9.907664312950256e-17	2.3374666618509244e-17
4520.499999999999	8.111308602148858e-17	2.2256452433596784e-17
4520.749999999999	6.397068103372334e-17	2.1295893910353256e-17
4520.999999999999	8.688466926240587e-17	2.2887986633307544e-17
4521.249999999999	1.2066688429774913e-16	2.4541155063970298e-17
4521.499999999999	1.0434481086706498e-16	2.3830770699548533e-17
4521.749999999999	6.890221273175628e-17	2.2514607230968458e-17
4521.999999999999	6.293931254132282e-17	2.2265874020773763e-17
4522.249999999999	8.185679418406765e-17	2.3283479882142623e-17
4522.499999999999	7.941819956381232e-17	2.275643513740956e-17
4522.749999999999	8.247270625072974e-17	2.276607013718458e-17
4522.999999999999	8.283292686388433e-17	2.2798851304860055e-17
4523.249999999999	9.933406835357396e-17	2.3544751496062397e-17
4523.499999999999	1.2171054800277464e-16	2.4265556681841106e-17
4523.749999999999	5.653148844300934e-17	2.152409815210561e-17
4523.999999999999	7.831703026260213e-17	2.2800998665730243e-17
4524.249999999999	9.719857917953766e-17	2.335760684555595e-17
4524.499999999999	9.673858734961937e-17	2.3217580057101748e-17
4524.749999999999	8.639822750522059e-17	2.281507893411712e-17
4524.999999999999	7.813690341241259e-17	2.2968135471580257e-17
4525.249999999999	1.1434991110047358e-16	2.4186565896425967e-17
4525.499999999999	1.1963718340146352e-16	2.4530027830370235e-17
4525.749999999999	9.462567689758332e-17	2.3318750863461884e-17
4525.999999999999	6.831310793438582e-17	2.1615764653227512e-17
4526.249999999999	1.101759180248616e-16	2.331917437993551e-17
4526.499999999999	7.456351625340801e-17	2.1901477799887003e-17
4526.749999999999	8.156323109339504e-17	2.2574390882560116e-17
4526.999999999999	9.195410851216366e-17	2.3249686245397382e-17
4527.249999999999	1.0267164286355192e-16	2.3472364920657882e-17
4527.499999999999	1.4211431438759965e-16	2.479839499958449e-17
4527.749999999999	8.680837674014888e-17	2.2798553519839536e-17
4527.999999999999	9.921529183505625e-17	2.3467611940858152e-17
4528.249999999999	1.0283810469002209e-16	2.317689931457639e-17
4528.499999999999	8.276186212309868e-17	2.1931332402555267e-17
4528.749999999999	9.883650928895597e-17	2.3553347556988048e-17
4528.999999999999	8.27886693923903e-17	2.274212325845117e-17
4529.249999999999	8.541032900837096e-17	2.2810848732464524e-17
4529.499999999999	8.763050824224289e-17	2.259507039787394e-17
4529.749999999999	8.072278250381666e-17	2.206794458944085e-17
4529.999999999999	9.38828290028413e-17	2.2250897088602878e-17
4530.249999999999	5.572718433747708e-17	2.0994459368971582e-17
4530.499999999999	5.829282728237565e-17	2.1134080838925632e-17
4530.749999999999	7.04374996533241e-17	2.1718566659755602e-17
4530.999999999999	7.90699962305969e-17	2.2213539957778758e-17
4531.249999999999	7.785859353223544e-17	2.2274905178701617e-17
4531.499999999999	3.56718992185533e-17	2.0575647898668633e-17
4531.749999999999	4.6657135685943327e-17	2.1293940109746406e-17
4531.999999999999	5.839380949155612e-17	2.1599158175249897e-17
4532.249999999999	6.480040274511813e-17	2.1837674050518337e-17
4532.499999999999	1.0735943421356754e-16	2.381254460193154e-17
4532.749999999999	1.188754890236451e-16	2.436163370998914e-17
4532.999999999999	7.237719186764665e-17	2.229352005120651e-17
4533.249999999999	6.460635279085809e-17	2.155921362346971e-17
4533.499999999999	7.568756867908387e-17	2.20024219587593e-17
4533.749999999999	5.572169185820972e-17	2.1137406104988096e-17
4533.999999999999	8.709555399649259e-17	2.312879214451153e-17
4534.249999999999	7.472901193292272e-17	2.275243654632848e-17
4534.499999999999	8.473617680914024e-17	2.294011059242696e-17
4534.749999999999	9.215634424576552e-17	2.303923495395164e-17
4534.999999999999	6.050012235102645e-17	2.1379793185523284e-17
4535.249999999999	6.676656473904237e-17	2.15052053469149e-17
4535.499999999999	8.401514001279002e-17	2.242199939830947e-17
4535.749999999999	9.998106917637824e-17	2.301489268288543e-17
4535.999999999999	1.0357885485473068e-16	2.301113066545954e-17
4536.249999999999	8.21819820439194e-17	2.263141009654462e-17
4536.499999999999	7.698560034863678e-17	2.2182949164365322e-17
4536.749999999999	5.585435177612853e-17	2.0921379616213747e-17
4536.999999999999	6.468271810500898e-17	2.1649636044950333e-17
4537.249999999999	7.970226662105284e-17	2.2450742270234464e-17
4537.499999999999	7.237032295984001e-17	2.1484654871776632e-17
4537.749999999999	9.925166131222898e-17	2.3192359320225007e-17
4537.999999999999	8.540089914938785e-17	2.257306739358003e-17
4538.249999999999	8.810675251683662e-17	2.2430595459235123e-17
4538.499999999999	1.1211723813062965e-16	2.3408959872344467e-17
4538.749999999999	1.3382192800842906e-16	2.475560494649712e-17
4538.999999999999	8.100927154589072e-17	2.1875977475963218e-17
4539.249999999999	1.1844689035233442e-16	2.3815151875222307e-17
4539.499999999999	1.0281653843709161e-16	2.3278869177408252e-17
4539.749999999999	6.681943150635186e-17	2.1844109515684e-17
4539.999999999999	6.22307496286099e-17	2.1866327586937174e-17
4540.249999999999	4.158114847445657e-17	2.0729250375336055e-17
4540.499999999999	1.0077547358433947e-16	2.2874907253461856e-17
4540.749999999999	8.499083594124327e-17	2.2204995182051085e-17
4540.999999999999	6.081345836706154e-17	2.124761303235976e-17
4541.249999999999	8.252494436077369e-17	2.2291185747517885e-17
4541.499999999999	7.2544904391203e-17	2.1972057812833702e-17
4541.749999999999	7.985270761341908e-17	2.243088000936584e-17
4541.999999999999	8.455020675510362e-17	2.2412309804614025e-17
4542.249999999999	7.790809863753552e-17	2.1865326698395985e-17
4542.499999999999	6.787257139247477e-17	2.1384982916686442e-17
4542.749999999999	9.051051290713611e-17	2.269089596311576e-17
4542.999999999999	8.328309840557039e-17	2.2363526000808098e-17
4543.249999999999	8.90065662046167e-17	2.3049889040241323e-17
4543.499999999999	9.494942215444678e-17	2.3639741608885537e-17
4543.749999999999	9.705631734906834e-17	2.3357199872694574e-17
4543.999999999999	9.769629044538837e-17	2.2511518538561185e-17
4544.249999999999	8.035356216559749e-17	2.211371911017831e-17
4544.499999999999	8.389746860757068e-17	2.2498445776160397e-17
4544.749999999999	8.67618230152744e-17	2.2571776991824448e-17
4544.999999999999	7.47849624295558e-17	2.16432882609296e-17
4545.249999999999	3.127642026212412e-17	1.9811644032579956e-17
4545.499999999999	4.749655526283969e-17	2.0544284518563073e-17
4545.749999999999	8.992580209317953e-17	2.2558901098409448e-17
4545.999999999999	8.262592656995416e-17	2.2360592818355985e-17
4546.249999999999	5.0075148547408394e-17	2.0580561351507198e-17
4546.499999999999	1.1339977836167067e-16	2.347092231766959e-17
4546.749999999999	6.295181289473972e-17	2.1248107686366067e-17
4546.999999999999	9.786147510499276e-17	2.2662775131011407e-17
4547.249999999999	1.0666501278060682e-16	2.3187232454788403e-17
4547.499999999999	8.168830741945795e-17	2.2270847030616432e-17
4547.749999999999	1.0514640843763297e-16	2.3295799910185988e-17
4547.999999999999	6.740667680170531e-17	2.1426676128281565e-17
4548.249999999999	8.612520496351889e-17	2.2023240440416033e-17
4548.499999999999	1.2077016937775496e-16	2.3449743185265782e-17
4548.749999999999	1.340847861547637e-16	2.3898357973039016e-17
4548.999999999999	7.556681354454093e-17	2.1580712047589964e-17
4549.249999999999	8.44702944904861e-17	2.185479834355941e-17
4549.499999999999	8.817403869658413e-17	2.241394431350443e-17
4549.749999999999	9.104859058687941e-17	2.2683429830906856e-17
4549.999999999999	8.852666248299304e-17	2.2551878335008873e-17
4550.249999999999	8.511505199946913e-17	2.2213367904211347e-17
4550.499999999999	1.4523514110730912e-16	2.4653214875914082e-17
4550.749999999999	1.2222558373937466e-16	2.378073785301765e-17
4550.999999999999	1.0788429685584469e-16	2.3007745842392972e-17
4551.249999999999	9.96232705480572e-17	2.2696168412340172e-17
4551.499999999999	7.188761344157857e-17	2.1780001363849915e-17
4551.749999999999	9.759241641278641e-17	2.338215260305285e-17
4551.999999999999	9.03699186727817e-17	2.2696720968989358e-17
4552.249999999999	7.522879445902726e-17	2.141410960041566e-17
4552.499999999999	5.551482391317756e-17	2.0496589284443265e-17
4552.749999999999	4.9889386942886135e-17	2.068032098774232e-17
4552.999999999999	9.698838265972059e-17	2.2906295448985793e-17
4553.249999999999	7.918187075408347e-17	2.217808534236351e-17
4553.499999999999	9.856990566880767e-17	2.2976079714183217e-17
4553.749999999999	1.1922884734643795e-16	2.374515254306562e-17
4553.999999999999	8.219262289531928e-17	2.2205729718435032e-17
4554.249999999999	8.802326683197287e-17	2.2390502014944677e-17
4554.499999999999	9.952146115826418e-17	2.289596561749623e-17
4554.749999999999	8.135619109479546e-17	2.2081207603382524e-17
4554.999999999999	8.905595219590857e-17	2.210226927613935e-17
4555.249999999999	1.4662389132900195e-16	2.411839132470057e-17
4555.499999999999	1.0019033925390925e-16	2.174436642306113e-17
4555.749999999999	1.0929129799057289e-16	2.282186677822373e-17
4555.999999999999	9.500207054607455e-17	2.2438028504219524e-17
4556.249999999999	8.696065076475255e-17	2.2078901423834727e-17
4556.499999999999	1.056149103016932e-16	2.3059696093583752e-17
4556.749999999999	1.143393761281921e-16	2.3014852978216027e-17
4556.999999999999	1.3102613694733863e-16	2.4066394751395488e-17
4557.249999999999	1.0963180523536911e-16	2.2994499372063547e-17
4557.499999999999	1.0005956530778707e-16	2.2477087972744278e-17
4557.749999999999	1.1684865829487376e-16	2.340478757333475e-17
4557.999999999999	6.005584033530177e-17	2.018271229228757e-17
4558.249999999999	8.922715211292744e-17	2.2330399071636574e-17
4558.499999999999	1.0141643267994966e-16	2.3052731232826055e-17
4558.749999999999	9.191433766831211e-17	2.249474331573861e-17
4558.999999999999	7.8180803541882e-17	2.163041567623705e-17
4559.249999999999	1.0743078350448391e-16	2.2498882527523825e-17
4559.499999999999	1.0903604990587372e-16	2.279208165872692e-17
4559.749999999999	9.856357939148287e-17	2.2433474047766807e-17
4559.999999999999	9.559683325883488e-17	2.2426069126923232e-17
4560.249999999999	1.048520446361274e-16	2.2877679962875134e-17
4560.499999999999	1.0827410406514908e-16	2.2513040550888283e-17
4560.749999999999	1.0874629846346375e-16	2.2625811738158862e-17
4560.999999999999	1.0006078291764875e-16	2.2271700681008586e-17
4561.249999999999	1.0572485914871375e-16	2.278169061587203e-17
4561.499999999999	1.154969922344029e-16	2.3357686254894755e-17
4561.749999999999	6.606851694627622e-17	2.0914919335629708e-17
4561.999999999999	6.392573534795966e-17	2.022493655383595e-17
4562.249999999999	7.038192635105034e-17	2.0823982407808078e-17
4562.499999999999	8.209668979659783e-17	2.167190374704026e-17
4562.749999999999	9.270806709689349e-17	2.225459458594099e-17
4562.999999999999	9.424391650127785e-17	2.249644730780047e-17
4563.249999999999	1.2068684251156881e-16	2.351367101172633e-17
4563.499999999999	1.0158973694444687e-16	2.2345663862660628e-17
4563.749999999999	8.834250560885913e-17	2.173342778664073e-17
4563.999999999999	8.94120567583351e-17	2.197078726341282e-17
4564.249999999999	9.083376847307694e-17	2.182883645285382e-17
4564.499999999999	7.496559882300268e-17	2.1353621190942106e-17
4564.749999999999	7.713073415019288e-17	2.115987067606381e-17
4564.999999999999	6.247112831461781e-17	2.063431320207212e-17
4565.249999999999	5.740718154412737e-17	2.0616745540222718e-17
4565.499999999999	9.225229057937677e-17	2.1888285923478007e-17
4565.749999999999	4.454588621257728e-17	1.978605933623369e-17
4565.999999999999	7.495851153951433e-17	2.1399165755469276e-17
4566.249999999999	7.577623582330465e-17	2.161311105782244e-17
4566.499999999999	6.975301762260382e-17	2.1267326400718124e-17
4566.749999999999	9.03121219090214e-17	2.218854090530618e-17
4566.999999999999	9.861512928725717e-17	2.236411660776546e-17
4567.249999999999	6.307966193021592e-17	2.0993678510473332e-17
4567.499999999999	6.691411390798713e-17	2.0920613646966523e-17
4567.749999999999	8.401974575444071e-17	2.1348021178195122e-17
4567.999999999999	8.197232815458416e-17	2.106866408736249e-17
4568.249999999999	5.327163913210931e-17	2.0259807179738736e-17
4568.499999999999	5.882348018894067e-17	2.0404441364204858e-17
4568.749999999999	9.966116203755703e-17	2.2168243547435354e-17
4568.999999999999	1.1707500138024787e-16	2.2889237330393724e-17
4569.249999999999	7.982374305708992e-17	2.1575800249112625e-17
4569.499999999999	9.402243062046065e-17	2.2598764586489603e-17
4569.749999999999	6.567132466846296e-17	2.0767659679899343e-17
4569.999999999999	8.383889760275702e-17	2.1693263204817605e-17
4570.249999999999	9.821975680679153e-17	2.259179476264823e-17
4570.499999999999	8.550733413316628e-17	2.1703068603798808e-17
4570.749999999999	7.574952781568654e-17	2.0853014792947464e-17
4570.999999999999	5.529466152134045e-17	2.0123630089855356e-17
4571.249999999999	8.222733801126691e-17	2.1405162814910286e-17
4571.499999999999	8.604050828623836e-17	2.1363848452035712e-17
4571.749999999999	6.290962006605462e-17	1.975311438679693e-17
4571.999999999999	1.0646877906952964e-16	2.1430259474695144e-17
4572.249999999999	9.741227632770706e-17	2.1695504864277623e-17
4572.499999999999	1.0098628552653228e-16	2.21287886865778e-17
4572.749999999999	9.369812949822556e-17	2.1924959803116158e-17
4572.999999999999	8.042214536454548e-17	2.125662930103659e-17
4573.249999999999	7.791601310163642e-17	2.1370659457199474e-17
4573.499999999999	9.322101172090498e-17	2.194813244079622e-17
4573.749999999999	7.656384411535314e-17	2.0895889218457313e-17
4573.999999999999	8.034407274961028e-17	2.099216476995236e-17
4574.249999999999	8.958759110176375e-17	2.1665013332537694e-17
4574.499999999999	5.125029095643798e-17	1.9878222145723124e-17
4574.749999999999	9.227500826771993e-17	2.183274405406752e-17
4574.999999999999	1.249826759826874e-16	2.2916087613077196e-17
4575.249999999999	1.1246853181061357e-16	2.2520675427942147e-17
4575.499999999999	7.709529773275111e-17	2.1337967625030153e-17
4575.749999999999	6.691789908647017e-17	2.1048664514512182e-17
4575.999999999999	1.166013908487245e-16	2.2980715234335964e-17
4576.249999999999	1.11526816461724e-16	2.251776706090841e-17
4576.499999999999	1.0638250744036281e-16	2.251735512496336e-17
4576.749999999999	1.1577630134876002e-16	2.2899107249462707e-17
4576.999999999999	1.1594249185998927e-16	2.273799893591698e-17
4577.249999999999	1.196662736892458e-16	2.2667693546933647e-17
4577.499999999999	9.54848925608993e-17	2.1546271555605707e-17
4577.749999999999	1.1479583424253356e-16	2.2388582955923554e-17
4577.999999999999	1.223137413403381e-16	2.287176231277293e-17
4578.249999999999	6.665847539403884e-17	2.081970919276363e-17
4578.499999999999	9.129874323900525e-17	2.1478498993658012e-17
4578.749999999999	8.14986448311669e-17	2.108684717158763e-17
4578.999999999999	9.017772160309378e-17	2.1451203687804987e-17
4579.249999999999	1.1026887989082275e-16	2.209026853981243e-17
4579.499999999999	1.0805277700300949e-16	2.2109965364558543e-17
4579.749999999999	8.505621629685946e-17	2.0414968064680208e-17
4579.999999999999	1.0094983664002074e-16	2.1773711482472062e-17
4580.249999999999	8.751750213567834e-17	2.1603686161923012e-17
4580.499999999999	8.338496735236752e-17	2.1328519568073572e-17
4580.749999999999	9.152926193211152e-17	2.1647361298265812e-17
4580.999999999999	5.795292222506536e-17	1.993207987540645e-17
4581.249999999999	1.0486667580680224e-16	2.1831117816983242e-17
4581.499999999999	8.667738441834499e-17	2.14736550239909e-17
4581.749999999999	8.796365688830984e-17	2.1588707575390902e-17
4581.999999999999	1.0651140203213328e-16	2.2357729119075326e-17
4582.249999999999	5.2754171484508387e-17	1.9135676999085297e-17
4582.499999999999	6.548753175379858e-17	2.008195507623371e-17
4582.749999999999	7.273436845614705e-17	2.0724176449458655e-17
4582.999999999999	8.864909183109579e-17	2.1454499175365398e-17
4583.249999999999	1.0045372679583594e-16	2.1654561078317474e-17
4583.499999999999	5.600339648762078e-17	1.962255219891156e-17
4583.749999999999	5.895881355459924e-17	1.98587618946322e-17
4583.999999999999	5.866118073531286e-17	1.965057873242608e-17
4584.249999999999	6.811431327213217e-17	2.0219353084701217e-17
4584.499999999999	8.951100079448624e-17	2.1287780922905336e-17
4584.749999999999	1.0353001811136555e-16	2.1700626766630552e-17
4584.999999999999	6.629526369578926e-17	2.0418539830565212e-17
4585.249999999999	9.520503419861546e-17	2.138587958047045e-17
4585.499999999999	1.0256757692504785e-16	2.1756233156128817e-17
4585.749999999999	1.0708031038766765e-16	2.1610942190256327e-17
4585.999999999999	1.3097331650214344e-16	2.227089831581441e-17
4586.249999999999	8.595393225460611e-17	2.1234191199740475e-17
4586.499999999999	9.440360206416999e-17	2.159031726886293e-17
4586.749999999999	8.670842685237288e-17	2.0896797462769896e-17
4586.999999999999	7.191522142170313e-17	1.9981270652073755e-17
4587.249999999999	8.451666292690337e-17	2.056396645405816e-17
4587.499999999999	8.051019708639053e-17	2.043816717213987e-17
4587.749999999999	8.274561629586813e-17	2.0786474730112474e-17
4587.999999999999	9.238011314507337e-17	2.1287509607664418e-17
4588.249999999999	1.0239274403077864e-16	2.1697640644619235e-17
4588.499999999999	1.022954212686281e-16	2.1714056871055963e-17
4588.749999999999	1.0203577258307016e-16	2.0727114594994443e-17
4588.999999999999	1.1627229207893661e-16	2.2044925807354724e-17
4589.249999999999	8.255540445965034e-17	2.0612781690727364e-17
4589.499999999999	4.5994762538635364e-17	1.8686430245324072e-17
4589.749999999999	4.9055168677681506e-17	1.903176491617516e-17
4589.999999999999	9.875357285201895e-17	2.1074939079489316e-17
4590.249999999999	1.1032964788734335e-16	2.1626774427180592e-17
4590.499999999999	1.198255952926684e-16	2.1998896514988598e-17
4590.749999999999	1.0745166816058965e-16	2.1340521958761717e-17
4590.999999999999	1.0077823305886294e-16	2.0212052388614824e-17
4591.249999999999	1.4671804433504518e-16	2.227433276971773e-17
4591.499999999999	1.065523176939526e-16	2.1623399530281376e-17
4591.749999999999	9.589093897998933e-17	2.131349465942716e-17
4591.999999999999	8.702331796795956e-17	2.086567231068075e-17
4592.249999999999	7.68454825703152e-17	2.037390516471185e-17
4592.499999999999	9.062400208717839e-17	2.0792504876777985e-17
4592.749999999999	1.1394234266905645e-16	2.163922845848319e-17
4592.999999999999	1.168351719421667e-16	2.1186418210643088e-17
4593.249999999999	1.1582564101793758e-16	2.1200410797885035e-17
4593.499999999999	1.1398269584805923e-16	2.1611724703115803e-17
4593.749999999999	9.361983850760864e-17	2.100884403982388e-17
4593.999999999999	8.353844575194306e-17	2.0430952502837182e-17
4594.249999999999	1.0125580743988166e-16	2.1171135221645558e-17
4594.499999999999	8.036015314071831e-17	1.9950779120333825e-17
4594.749999999999	4.474444595553696e-17	1.828162128843042e-17
4594.999999999999	6.000377427882523e-17	1.9880733466062835e-17
4595.249999999999	9.041219752825051e-17	2.053267752020773e-17
4595.499999999999	7.081125955874496e-17	2.0063083777738925e-17
4595.749999999999	6.608292312382445e-17	1.9555022828063955e-17
4595.999999999999	5.862063565040797e-17	1.9039202924243237e-17
4596.249999999999	3.8425044155982946e-17	1.846053714620319e-17
4596.499999999999	7.164444219382268e-17	1.9822961517720906e-17
4596.749999999999	5.022467633237838e-17	1.8611894654688144e-17
4596.999999999999	4.1624687953178914e-17	1.824313588325078e-17
4597.249999999999	4.281588428353693e-17	1.8501973931808422e-17
4597.499999999999	4.5422588474042634e-17	1.8908895507986534e-17
4597.749999999999	1.0382026586214306e-16	2.1153723069751317e-17
4597.999999999999	8.664088920971915e-17	2.0513720194929238e-17
4598.249999999999	7.927342310428084e-17	2.023186336428547e-17
4598.499999999999	6.375409206213245e-17	1.9497775312230385e-17
4598.749999999999	4.983469706950658e-17	1.8674384841244075e-17
4598.999999999999	1.1432578389636663e-16	2.185323662656291e-17
4599.249999999999	7.921201321560491e-17	1.9833595751675888e-17
4599.499999999999	1.0397508760303338e-16	2.0964282165864422e-17
4599.749999999999	1.2658334325987142e-16	2.2004607369937664e-17
4599.999999999999	1.1600035479819858e-16	2.1505162333523046e-17
4600.249999999999	1.0065306408857142e-16	2.0991589052246023e-17
4600.499999999999	9.946433275643881e-17	2.116268309014649e-17
4600.749999999999	9.992881783144449e-17	2.096555106092408e-17
4600.999999999999	1.138041968893152e-16	2.1591447197579678e-17
4601.249999999999	1.3019705051065428e-16	2.2203410303997433e-17
4601.499999999999	8.097220723700345e-17	1.9990760068060963e-17
4601.749999999999	9.030361849232435e-17	2.0340627688668842e-17
4601.999999999999	9.177187069705088e-17	2.0610813000869488e-17
4602.249999999999	9.267558867732221e-17	2.0746907372691612e-17
4602.499999999999	8.580438461730142e-17	2.038966791846466e-17
4602.749999999999	5.505179136732753e-17	1.9291734547810776e-17
4602.999999999999	9.937240982932702e-17	2.0805420474862388e-17
4603.249999999999	8.618339215652832e-17	2.022851990024953e-17
4603.499999999999	1.0683651048264622e-16	2.1036677013075063e-17
4603.749999999999	1.2498667291940726e-16	2.186195180149677e-17
4603.999999999999	8.956793067296459e-17	2.0496220361890066e-17
4604.249999999999	8.847027523499652e-17	2.0056795550722296e-17
4604.499999999999	6.851028794008376e-17	1.9155729511494807e-17
4604.749999999999	9.037036204159003e-17	2.0406242963578998e-17
4604.999999999999	1.074290364990302e-16	2.139781248798714e-17
4605.249999999999	9.274500567432766e-17	2.0547697465770466e-17
4605.499999999999	1.3405548410874463e-16	2.2403276992324946e-17
4605.749999999999	7.455791127757735e-17	1.986520563160399e-17
4605.999999999999	6.750258343064716e-17	1.9684675117275516e-17
4606.249999999999	8.034321909921812e-17	2.024583775355394e-17
4606.499999999999	8.041786387769491e-17	2.0037912671698936e-17
4606.749999999999	1.0543098503813081e-16	2.116960659187356e-17
4606.999999999999	8.343396953185516e-17	2.001255462284051e-17
4607.249999999999	1.0182294893762762e-16	2.082228172446867e-17
4607.499999999999	1.1159011893964145e-16	2.1189851010185183e-17
4607.749999999999	8.806508246629865e-17	2.027865862589882e-17
4607.999999999999	8.196580335391234e-17	2.014778541810313e-17
4608.249999999999	1.015029094499084e-16	2.0936078615698814e-17
4608.499999999999	7.77424507567881e-17	2.0110203294152395e-17
4608.749999999999	7.663524634582872e-17	2.0217708649643462e-17
4608.999999999999	1.0507219379307471e-16	2.1204674086762133e-17
4609.249999999999	9.584902408399005e-17	2.0722293786384484e-17
4609.499999999999	1.3401366185697395e-16	2.225482123342883e-17
4609.749999999999	8.876833818820143e-17	2.053980947144916e-17
4609.999999999999	7.0616872114795e-17	1.9655181165354325e-17
4610.249999999999	8.447178341558869e-17	2.0145581808951288e-17
4610.499999999999	8.493490529694488e-17	2.032794866423963e-17
4610.749999999999	1.3543111855464482e-16	2.2428419974224108e-17
4610.999999999999	8.769072037339185e-17	2.0339089132729493e-17
4611.249999999999	9.108288880379831e-17	2.022642051585487e-17
4611.499999999999	1.1232744788533652e-16	2.1065234596542844e-17
4611.749999999999	7.999103868161755e-17	1.9963003195426134e-17
4611.999999999999	8.929326038748268e-17	2.0182472409909928e-17
4612.249999999999	1.0585579853095845e-16	2.1064117902715897e-17
4612.499999999999	8.878315464733348e-17	2.0351567979450468e-17
4612.749999999999	7.766582736228609e-17	1.995123737839318e-17
4612.999999999999	1.0737219926478046e-16	2.1304743088546348e-17
4613.249999999999	8.752249830657816e-17	2.0547100241368203e-17
4613.499999999999	1.1247135084214115e-16	2.141217234342106e-17
4613.749999999999	8.772462154361672e-17	2.0275225826356724e-17
4613.999999999999	7.949797286208694e-17	1.9773171862290114e-17
4614.249999999999	1.077316059322123e-16	2.1058564212083216e-17
4614.499999999999	8.645899550174119e-17	1.99023973263056e-17
4614.749999999999	1.2910956608549817e-16	2.1558045644444786e-17
4614.999999999999	9.378538050923765e-17	2.0499418242138196e-17
4615.249999999999	9.040042509377266e-17	2.0496481750963633e-17
4615.499999999999	1.388905202252396e-16	2.2214322470638233e-17
4615.749999999999	1.3245169339756762e-16	2.1792309811364704e-17
4615.999999999999	1.0331014688710405e-16	2.06273863916226e-17
4616.249999999999	9.299496642055138e-17	2.034145983236507e-17
4616.499999999999	1.1275846854148075e-16	2.1213442201255195e-17
4616.749999999999	1.2727523682888017e-16	2.1850043709398455e-17
4616.999999999999	7.595754719613137e-17	2.013280683157102e-17
4617.249999999999	1.0983728351697219e-16	2.117826055544209e-17
4617.499999999999	1.2077457659605864e-16	2.164849122698256e-17
4617.749999999999	1.2405047651956465e-16	2.18035445784444e-17
4617.999999999999	1.1074734762690303e-16	2.1267203977987467e-17
4618.249999999999	7.415866097440005e-17	1.9729422279692185e-17
4618.499999999999	1.0280046466342848e-16	2.0585808985313235e-17
4618.749999999999	7.489458040433133e-17	1.9428861241037367e-17
4618.999999999999	6.112717819490085e-17	1.8973460263518748e-17
4619.249999999999	7.938549615111443e-17	1.964301664726612e-17
4619.499999999999	1.0595408082261955e-16	2.071131875401713e-17
4619.749999999999	6.86420942076104e-17	1.9655336675309485e-17
4619.999999999999	1.0265117510647491e-16	2.0982607525154922e-17
4620.249999999999	1.0740078662675029e-16	2.116875790456508e-17
4620.499999999999	8.48650780183556e-17	2.0153716303095135e-17
4620.749999999999	6.252505387311136e-17	1.886993033805161e-17
4620.999999999999	7.505658869038352e-17	1.970018971684456e-17
4621.249999999999	7.589009558026135e-17	1.9734233162134793e-17
4621.499999999999	7.873886590522458e-17	2.0109218949223457e-17
4621.749999999999	8.271690981989009e-17	2.02315424182078e-17
4621.999999999999	7.756330990588871e-17	1.9924461541964838e-17
4622.249999999999	8.308646103035428e-17	2.021659030145529e-17
4622.499999999999	1.109231003460134e-16	2.1039097343547393e-17
4622.749999999999	7.881530401126938e-17	1.9660627322507375e-17
4622.999999999999	7.824524422032233e-17	1.9708362261296585e-17
4623.249999999999	1.0091856921286624e-16	2.077971170142424e-17
4623.499999999999	6.786174525261768e-17	1.8880265132624848e-17
4623.749999999999	1.0319892749066262e-16	2.1047425397954577e-17
4623.999999999999	9.128311945159534e-17	2.023516216056833e-17
4624.249999999999	7.73976752600311e-17	1.948538745537679e-17
4624.499999999999	7.910855608203167e-17	1.9682802380368696e-17
4624.749999999999	9.21638682806173e-17	2.0328216670758096e-17
4624.999999999999	8.772005550663543e-17	2.015778768607012e-17
4625.249999999999	9.497138545407129e-17	2.047567319547425e-17
4625.499999999999	9.3881254050955e-17	2.035754353219555e-17
4625.749999999999	8.168216643059036e-17	1.9725499789227458e-17
4625.999999999999	6.000035305981171e-17	1.8875138267188245e-17
4626.249999999999	6.089027366746566e-17	1.8659834734269267e-17
4626.499999999999	7.323818762364085e-17	1.9285049274100122e-17
4626.749999999999	5.907489015559759e-17	1.8514456087251847e-17
4626.999999999999	7.501216578276697e-17	1.9179199934195387e-17
4627.249999999999	1.2365614297794837e-16	2.1752805319670397e-17
4627.499999999999	7.285970286256108e-17	1.9656140694864887e-17
4627.749999999999	1.1162896334120694e-16	2.12813669644356e-17
4627.999999999999	1.235614738112029e-16	2.1709164924913324e-17
4628.249999999999	1.2453684548485602e-16	2.1687022954276505e-17
4628.499999999999	1.188317741826329e-16	2.1416650699257422e-17
4628.749999999999	6.539850065010827e-17	1.9449603622077747e-17
4628.999999999999	1.1010192837342995e-16	2.1317691773855253e-17
4629.249999999999	8.899010200170445e-17	2.004033134781004e-17
4629.499999999999	8.463663720294806e-17	1.962008058324125e-17
4629.749999999999	9.943162934374092e-17	2.052908755634925e-17
4629.999999999999	7.728668747416118e-17	1.9509326062304075e-17
4630.249999999999	9.771735377250642e-17	1.991920398199145e-17
4630.499999999999	7.902761149600969e-17	1.9447376851868754e-17
4630.749999999999	8.761059635053751e-17	1.9999771373654116e-17
4630.999999999999	1.0241887632069042e-16	2.0644861409243395e-17
4631.249999999999	6.712006864562303e-17	1.9422422467149254e-17
4631.499999999999	9.636509214199453e-17	2.0003313361037068e-17
4631.749999999999	7.602380767191932e-17	1.9320619694801128e-17
4631.999999999999	6.236907407936346e-17	1.89731078845778e-17
4632.249999999999	7.489209224504877e-17	1.9557764104613955e-17
4632.499999999999	1.0773924908107229e-16	2.0780616637014373e-17
4632.749999999999	8.318828365503711e-17	1.9871196073600098e-17
4632.999999999999	9.47283267028787e-17	1.98634073409523e-17
4633.249999999999	1.0079587516696747e-16	2.0400532108629932e-17
4633.499999999999	1.0047818487218791e-16	2.0551879690947535e-17
4633.749999999999	9.36238420617734e-17	2.006560998732966e-17
4633.999999999999	1.0104379774016187e-16	2.068386297512527e-17
4634.249999999999	9.961199442194688e-17	2.06172583922025e-17
4634.499999999999	7.611985988464898e-17	1.9666822905295397e-17
4634.749999999999	9.430001919914365e-17	2.028664257317118e-17
4634.999999999999	1.385629567026686e-16	2.186135292273328e-17
4635.249999999999	8.677618287070832e-17	1.967231538456275e-17
4635.499999999999	1.2458881889710396e-16	2.1653407988543575e-17
4635.749999999999	1.0615637611322552e-16	2.093748978582383e-17
4635.999999999999	8.387840374881255e-17	1.9609342124529087e-17
4636.249999999999	8.173999628157517e-17	1.9063606406674777e-17
4636.499999999999	9.091548068270738e-17	1.9798822733085384e-17
4636.749999999999	1.1766731563839504e-16	2.0319334405340502e-17
4636.999999999999	8.04675476540073e-17	1.963131038723727e-17
4637.249999999999	7.665336490996608e-17	1.9400617986202356e-17
4637.499999999999	1.020332711888978e-16	2.0149390148491482e-17
4637.749999999999	1.231683843492279e-16	2.1296785611053588e-17
4637.999999999999	8.099499771724051e-17	1.9575654366902252e-17
4638.249999999999	6.920614535858787e-17	1.901788813421897e-17
4638.499999999999	9.5545587765526e-17	2.029715934747918e-17
4638.749999999999	9.970158139100882e-17	2.0678469757531425e-17
4638.999999999999	5.55981706316984e-17	1.8461276645670813e-17
4639.249999999999	1.0687030577375268e-16	2.0430072382665426e-17
4639.499999999999	1.156059550821333e-16	2.0948074388942058e-17
4639.749999999999	7.787127255666466e-17	1.9273528302528484e-17
4639.999999999999	6.642671923873619e-17	1.8544438075734444e-17
4640.249999999999	1.0104387714950067e-16	2.0391353712553044e-17
4640.499999999999	1.1902510945284369e-16	2.1399987972998154e-17
4640.749999999999	9.219141008629287e-17	1.97978946364381e-17
4640.999999999999	8.906571292713669e-17	1.9645963064608034e-17
4641.249999999999	8.967842876791187e-17	1.9772793013569565e-17
4641.499999999999	7.040277130248668e-17	1.900634069286773e-17
4641.749999999999	1.9738883571538566e-17	1.6426594318525127e-17
4641.999999999999	7.348057139545358e-17	1.8935762334282256e-17
4642.249999999999	9.99866410649844e-17	2.0273836162927635e-17
4642.499999999999	9.979280948640607e-17	2.041499784318226e-17
4642.749999999999	8.894514308105096e-17	2.0062604012983644e-17
4642.999999999999	8.702732813956922e-17	2.0296874797348462e-17
4643.249999999999	8.19729104897354e-17	1.976077738799162e-17
4643.499999999999	8.916791936362375e-17	1.9888330292808522e-17
4643.749999999999	8.75230607893947e-17	1.9844580710210592e-17
4643.999999999999	7.874056658856398e-17	1.949116117605241e-17
4644.249999999999	6.653697910566705e-17	1.9012504842792476e-17
4644.499999999999	7.07634816065639e-17	1.932728180745463e-17
4644.749999999999	1.003752108120924e-16	2.0553850035166636e-17
4644.999999999999	8.719873319738001e-17	1.9709700639527695e-17
4645.249999999999	7.765124251372555e-17	1.9115993409228985e-17
4645.499999999999	1.0003012429542508e-16	2.0197520479613493e-17
4645.749999999999	6.35598766717499e-17	1.86244843436112e-17
4645.999999999999	8.160349824561412e-17	1.9463862561476936e-17
4646.249999999999	7.766355757868524e-17	1.93868487377258e-17
4646.499999999999	7.481351670430113e-17	1.9303232358325263e-17
4646.749999999999	7.999678262379112e-17	1.951905701503015e-17
4646.999999999999	6.357737981351152e-17	1.8784648016897394e-17
4647.249999999999	1.1229772232284382e-16	2.069789195831417e-17
4647.499999999999	7.087505172758505e-17	1.8997860437227837e-17
4647.749999999999	6.969759652156277e-17	1.8938288543872993e-17
4647.999999999999	1.0153543419159398e-16	2.0192213288803353e-17
4648.249999999999	5.0569316171514923e-17	1.774739330725795e-17
4648.499999999999	7.615512424852334e-17	1.9055212177818588e-17
4648.749999999999	8.279907863321866e-17	1.9507562513238112e-17
4648.999999999999	9.142623493245682e-17	2.00556755481729e-17
4649.249999999999	1.0475726959026352e-16	2.0504518637795198e-17
4649.499999999999	9.768369744774286e-17	2.0268964069119698e-17
4649.749999999999	9.096331157444764e-17	2.0024509037053127e-17
4649.999999999999	9.275953096588409e-17	1.9894163570488246e-17
4650.249999999999	9.382836081386591e-17	1.988665442488749e-17
4650.499999999999	9.319281478818427e-17	1.9837561255532467e-17
4650.749999999999	8.135877851575153e-17	1.9594839994029807e-17
4650.999999999999	7.543905715329334e-17	1.9236538439896338e-17
4651.249999999999	7.642159551977362e-17	1.9091383131644307e-17
4651.499999999999	7.787077624829712e-17	1.9336102861506895e-17
4651.749999999999	8.196699449399442e-17	1.9580041732871233e-17
4651.999999999999	8.44813390060249e-17	1.956651402113354e-17
4652.249999999999	8.516480195023052e-17	1.91489681371678e-17
4652.499999999999	9.613824613080799e-17	2.0135040219224912e-17
4652.749999999999	8.933242242640339e-17	1.9473274222486564e-17
4652.999999999999	9.954617731496726e-17	1.956066916292524e-17
4653.249999999999	1.0929918598489419e-16	2.0233241447185983e-17
4653.499999999999	7.7126340166779e-17	1.8835883584038928e-17
4653.749999999999	1.0449448423582278e-16	1.9550431975664285e-17
4653.999999999999	1.0488962510571691e-16	2.011396696593951e-17
4654.249999999999	1.078829733668646e-16	2.0534762015351362e-17
4654.499999999999	9.370444915810547e-17	1.9816438371410313e-17
4654.749999999999	3.1273776592886403e-17	1.7037894026091615e-17
4654.999999999999	6.063768579561647e-17	1.859063942166798e-17
4655.249999999999	7.046815165810287e-17	1.8918853108200447e-17
4655.499999999999	7.649792112925512e-17	1.9311709305242707e-17
4655.749999999999	8.190711985253538e-17	1.9468567564801137e-17
4655.999999999999	8.657482725727821e-17	1.9055427244777852e-17
4656.249999999999	8.11540149181977e-17	1.885301118580245e-17
4656.499999999999	9.303639824307294e-17	1.9772354607844912e-17
4656.749999999999	7.815076034203407e-17	1.9386423566890946e-17
4656.999999999999	7.48113395649289e-17	1.935386573798086e-17
4657.249999999999	8.906600409471231e-17	2.0028639977032217e-17
4657.499999999999	6.643994751109213e-17	1.838065466008772e-17
4657.749999999999	6.978942680444596e-17	1.8706945978876612e-17
4657.999999999999	8.851893992479424e-17	1.9677379384272798e-17
4658.249999999999	9.81616622580107e-17	2.0272640059761884e-17
4658.499999999999	9.1446226233501e-17	2.014708893202736e-17
4658.749999999999	8.178073327238218e-17	1.9380110524455942e-17
4658.999999999999	4.883530076214246e-17	1.8097029317294313e-17
4659.249999999999	2.8838656131203796e-17	1.7213433332603943e-17
4659.499999999999	6.221134728016185e-17	1.878442302377078e-17
4659.749999999999	1.0393781815335419e-16	2.0679834605542137e-17
4659.999999999999	9.177727053208962e-17	1.9969777804642943e-17
4660.249999999999	8.717399057089732e-17	1.9975764937916602e-17
4660.499999999999	7.362181413940824e-17	1.9417368393606555e-17
4660.749999999999	9.319360888157232e-17	1.986492769891817e-17
4660.999999999999	1.1441666788462906e-16	2.0641226777631837e-17
4661.249999999999	1.1011175527910708e-16	2.074977768941717e-17
4661.499999999999	1.0537564334642857e-16	2.0395620310152592e-17
4661.749999999999	8.031293767135378e-17	1.91673001139032e-17
4661.999999999999	7.214789078440205e-17	1.8694180927663694e-17
4662.249999999999	8.108612655096425e-17	1.924243623766384e-17
4662.499999999999	9.745438974705336e-17	2.011669500759971e-17
4662.749999999999	8.120846325483839e-17	1.9280223502406488e-17
4662.999999999999	6.567262830510834e-17	1.8251070199686388e-17
4663.249999999999	6.745716128885064e-17	1.8347406962546764e-17
4663.499999999999	9.06975219000221e-17	1.9645463447518052e-17
4663.749999999999	1.0918447919499024e-16	2.0565665483036343e-17
4663.999999999999	6.936564563302279e-17	1.8469465733735088e-17
4664.249999999999	8.254344011927037e-17	1.9512102080439803e-17
4664.499999999999	7.900310048009851e-17	1.914258561156134e-17
4664.749999999999	8.337559705038852e-17	1.9078727268272246e-17
4664.999999999999	8.902925742318026e-17	1.9267175555424077e-17
4665.249999999999	7.203739930689967e-17	1.8922135360871057e-17
4665.499999999999	6.204468693034467e-17	1.8313160030825843e-17
4665.749999999999	4.4264548851358196e-17	1.755569916338246e-17
4665.999999999999	5.5444354742432945e-17	1.7985765253099805e-17
4666.249999999999	7.519764614588096e-17	1.897186380493652e-17
4666.499999999999	8.594637513252982e-17	1.953754450172071e-17
4666.749999999999	8.001046088240029e-17	1.932071399339096e-17
4666.999999999999	8.548722371811389e-17	1.9417020977749283e-17
4667.249999999999	5.542054517568122e-17	1.819418995204479e-17
4667.499999999999	6.094575432551082e-17	1.8287156781089626e-17
4667.749999999999	1.1488912698073974e-16	2.0475256296445523e-17
4667.999999999999	1.2109102281119692e-16	2.0862720930255162e-17
4668.249999999999	9.648063934740084e-17	1.9881724428436673e-17
4668.499999999999	9.065982893386929e-17	1.9558824550159248e-17
4668.749999999999	9.567067732647871e-17	1.9608865668496256e-17
4668.999999999999	9.541374841077484e-17	1.96306205186064e-17
4669.249999999999	8.028067762746422e-17	1.9404955721334584e-17
4669.499999999999	1.1792378133295588e-16	2.0887916851713527e-17
4669.749999999999	8.999938808047225e-17	1.975249565569874e-17
4669.999999999999	8.532289932634655e-17	1.960798885704695e-17
4670.249999999999	9.370356242048881e-17	2.0082009670154138e-17
4670.499999999999	7.508149013554381e-17	1.9290325032046986e-17
4670.749999999999	8.334013416316715e-17	1.9385753550594778e-17
4670.999999999999	8.669976461699822e-17	1.9352399973935415e-17
4671.249999999999	7.592644520509938e-17	1.9009300345099445e-17
4671.499999999999	6.837943458462277e-17	1.8616794872636908e-17
4671.749999999999	8.13818204588948e-17	1.8792350722761487e-17
4671.999999999999	1.319459882582772e-16	2.1159359478445253e-17
4672.249999999999	6.048489561031058e-17	1.8671818926983935e-17
4672.499999999999	6.104326899356347e-17	1.8666606034763626e-17
4672.749999999999	8.081350767340147e-17	1.9512500781495054e-17
4672.999999999999	8.45452370539834e-17	1.9669416943696363e-17
4673.249999999999	7.994312838053848e-17	1.9324224547910634e-17
4673.499999999999	6.682141673982199e-17	1.8596929303045835e-17
4673.749999999999	8.675754814586872e-17	1.9491149595523835e-17
4673.999999999999	7.996705706129841e-17	1.9240642910095826e-17
4674.249999999999	5.0803355345308227e-17	1.8209413384038217e-17
4674.499999999999	7.746686726390993e-17	1.9008163798937797e-17
4674.749999999999	1.1055141831829127e-16	2.0520474951811346e-17
4674.999999999999	1.0207439199150903e-16	2.0148050115899146e-17
4675.249999999999	9.166553497494596e-17	1.9724442652404615e-17
4675.499999999999	7.545284790846582e-17	1.914883578826979e-17
4675.749999999999	4.9795227319398e-17	1.8115748414556388e-17
4675.999999999999	9.414872455638525e-17	1.9930814289069245e-17
4676.249999999999	6.037177700718272e-17	1.8294740372945512e-17
4676.499999999999	6.41743659877584e-17	1.857308168598593e-17
4676.749999999999	7.022812369667468e-17	1.9061950391088445e-17
4676.999999999999	5.1000359988716306e-17	1.8124468552573922e-17
4677.249999999999	5.871590700463937e-17	1.798114296783686e-17
4677.499999999999	5.177340328453896e-17	1.7323774263234842e-17
4677.749999999999	4.7775275424600657e-17	1.7114666313103887e-17
4677.999999999999	5.579349113537933e-17	1.7621890155998953e-17
4678.249999999999	6.930074173343943e-17	1.862218643586953e-17
4678.499999999999	8.908725932773247e-17	1.9471859743639098e-17
4678.749999999999	9.273373616566224e-17	2.0029948576761275e-17
4678.999999999999	9.963866272489559e-17	2.0198976317491586e-17
4679.249999999999	9.179757285304412e-17	1.9754970580091498e-17
4679.499999999999	6.22900750221422e-17	1.8528179013614102e-17
4679.749999999999	3.1345393890321244e-17	1.6653349339844288e-17
4679.999999999999	6.503409119433171e-17	1.8095168160916068e-17
4680.249999999999	6.506396895805712e-17	1.8443399618272317e-17
4680.499999999999	5.2018513443650676e-17	1.8018030260073048e-17
4680.749999999999	5.658995356870459e-17	1.799956593443964e-17
4680.999999999999	8.709000196022114e-17	1.893293503094855e-17
4681.249999999999	5.215430010428493e-17	1.7911231316825102e-17
4681.499999999999	6.307900680317078e-17	1.839625197771802e-17
4681.749999999999	5.718384277873806e-17	1.8204286518601614e-17
4681.999999999999	4.8114975341119034e-17	1.780450185674861e-17
4682.249999999999	5.860205386512757e-17	1.7885669781535988e-17
4682.499999999999	8.122273046604371e-17	1.912799249119468e-17
4682.749999999999	5.969047135001465e-17	1.755499275113934e-17
4682.999999999999	7.047830943602502e-17	1.821687620752467e-17
4683.249999999999	6.166344269474143e-17	1.813549652450048e-17
4683.499999999999	4.182302932045688e-17	1.7368736492610774e-17
4683.749999999999	6.532050082706697e-17	1.857267305876333e-17
4683.999999999999	7.247168898082471e-17	1.8289601926980333e-17
4684.249999999999	5.751866563836482e-17	1.800111441654634e-17
4684.499999999999	5.3249285403235677e-17	1.7913529224566774e-17
4684.749999999999	6.185440230223297e-17	1.819462008596332e-17
4684.999999999999	7.055665336620114e-17	1.8734555613362407e-17
4685.249999999999	5.623152628311801e-17	1.7560592763886324e-17
4685.499999999999	6.571421232886261e-17	1.8267843768147738e-17
4685.749999999999	6.087511971864369e-17	1.8104397842190935e-17
4685.999999999999	5.498066045209287e-17	1.7729206914310358e-17
4686.249999999999	6.999855129818916e-17	1.7907583450323743e-17
4686.499999999999	5.413537120156983e-17	1.8011776774642147e-17
4686.749999999999	6.443245295631984e-17	1.8488059099544055e-17
4686.999999999999	6.657956236360128e-17	1.8575811382007356e-17
4687.249999999999	6.722739036701811e-17	1.845701501115494e-17
4687.499999999999	8.049605560663832e-17	1.8897199174125034e-17
4687.749999999999	1.233120490780161e-16	2.085940559036005e-17
4687.999999999999	4.900377760058481e-17	1.7421047394548628e-17
4688.249999999999	7.976901017031851e-17	1.8728849721497016e-17
4688.499999999999	8.921973395719407e-17	1.9233509304493168e-17
4688.749999999999	7.388616782829039e-17	1.866596248824706e-17
4688.999999999999	9.30981257691041e-17	1.9334926610675845e-17
4689.249999999999	7.228182786918664e-17	1.882927771966708e-17
4689.499999999999	5.616381658689687e-17	1.811260016514501e-17
4689.749999999999	3.950794600054552e-17	1.7395687691328977e-17
4689.999999999999	4.448705050996761e-17	1.7514189585883324e-17
4690.249999999999	7.437053170777694e-17	1.8687141620650868e-17
4690.499999999999	9.19673235496298e-17	1.9371289470403676e-17
4690.749999999999	7.667270108396512e-17	1.8564751977217522e-17
4690.999999999999	9.224158355352789e-17	1.914408611719251e-17
4691.249999999999	1.1271598454522003e-16	1.9908740147242655e-17
4691.499999999999	1.1946477249202787e-16	2.0130634655282455e-17
4691.749999999999	1.1602454817675453e-16	2.039151418559188e-17
4691.999999999999	1.065662805026925e-16	1.992800683807024e-17
4692.249999999999	1.0505572297271756e-16	1.9887340984795908e-17
4692.499999999999	9.435407048909031e-17	1.969487259986707e-17
4692.749999999999	9.345129218599484e-17	1.9643450089907098e-17
4692.999999999999	1.2331470929086608e-16	2.049892358813189e-17
4693.249999999999	9.70369414703999e-17	1.944605005416622e-17
4693.499999999999	1.3053304465802842e-16	2.089794889818257e-17
4693.749999999999	1.3097138420823252e-16	2.089750222065179e-17
4693.999999999999	1.1403640303087108e-16	2.015853545734387e-17
4694.249999999999	1.1662189169302602e-16	2.0247060326499294e-17
4694.499999999999	7.617770297052359e-17	1.893589633754149e-17
4694.749999999999	1.1515154837571097e-16	2.035227770041604e-17
4694.999999999999	1.1219262406293528e-16	2.0236803286903636e-17
4695.249999999999	1.1038605498767457e-16	2.0259906441412242e-17
4695.499999999999	1.329879181927388e-16	2.0972706173222662e-17
4695.749999999999	1.0001086091331995e-16	1.920344294358809e-17
4695.999999999999	1.0500386205703293e-16	1.946938812796879e-17
4696.249999999999	1.2526211744594252e-16	2.010115559261229e-17
4696.499999999999	1.3822840515828274e-16	2.081989778994329e-17
4696.749999999999	1.2882847026101795e-16	2.0853906493647796e-17
4696.999999999999	9.282292608803016e-17	1.925473806773373e-17
4697.249999999999	1.189331269687278e-16	2.0279431212590944e-17
4697.499999999999	1.1736476605754765e-16	2.0311108921329275e-17
4697.749999999999	9.298607919205011e-17	1.9253240870825008e-17
4697.999999999999	8.301934028672928e-17	1.8812188168211734e-17
4698.249999999999	1.2344820962428724e-16	2.0493591581903373e-17
4698.499999999999	1.0021800679103793e-16	1.912767154511701e-17
4698.749999999999	9.972536448798095e-17	1.9341271085974127e-17
4698.999999999999	8.846309530727956e-17	1.903963140380054e-17
4699.249999999999	1.0188081849328183e-16	1.951032860520649e-17
4699.499999999999	1.3868197806664762e-16	2.0864588704078306e-17
4699.749999999999	9.109626265994206e-17	1.9249730316305333e-17
4699.999999999999	9.450031602138969e-17	1.9099783977945396e-17
4700.249999999999	1.111633599180131e-16	1.985806209983398e-17
4700.499999999999	1.112193964414299e-16	1.9980312776924418e-17
4700.749999999999	8.935731725411879e-17	1.8860075308233654e-17
4700.999999999999	5.936256372030883e-17	1.6973345814171652e-17
4701.249999999999	1.0961475869730562e-16	1.9571708715380374e-17
4701.499999999999	1.0183290819220275e-16	1.9339717640783752e-17
4701.749999999999	9.411040955041179e-17	1.898241035774657e-17
4701.999999999999	8.821700576632259e-17	1.877171918392319e-17
4702.249999999999	7.530684060418286e-17	1.8198795693695487e-17
4702.499999999999	1.0399147901405173e-16	1.928268022882577e-17
4702.749999999999	8.612372927330609e-17	1.8126313165339915e-17
4702.999999999999	8.281355760266079e-17	1.8073461287281452e-17
4703.249999999999	8.954261232877557e-17	1.860826829488271e-17
4703.499999999999	8.737580278802556e-17	1.8671416917206235e-17
4703.749999999999	6.85671847313376e-17	1.825459564345709e-17
4703.999999999999	1.0229471981946866e-16	1.9184311910380965e-17
4704.249999999999	8.746861245275401e-17	1.8718564557760532e-17
4704.499999999999	7.87844071610293e-17	1.850973288595417e-17
4704.749999999999	9.830616078485637e-17	1.90300675415582e-17
4704.999999999999	8.950244443822999e-17	1.8956873637875834e-17
4705.249999999999	8.319012330471943e-17	1.8309684217891895e-17
4705.499999999999	9.488828358101176e-17	1.9119862960134508e-17
4705.749999999999	9.795527738645627e-17	1.9351197253324763e-17
4705.999999999999	8.721180265105835e-17	1.8795095308033938e-17
4706.249999999999	7.647945845798293e-17	1.8244681056635028e-17
4706.499999999999	9.854507701554128e-17	1.9495800004927608e-17
4706.749999999999	7.719150214671348e-17	1.829799284711407e-17
4706.999999999999	1.053760867152369e-16	1.892677253538503e-17
4707.249999999999	1.155716105431001e-16	1.912575414045711e-17
4707.499999999999	6.37376344766651e-17	1.7247825848112673e-17
4707.749999999999	1.0503898745456438e-16	1.930980182675016e-17
4707.999999999999	9.445389464541321e-17	1.882162795336219e-17
4708.249999999999	1.1195466074431602e-16	1.9542788826804295e-17
4708.499999999999	1.2046719628043393e-16	1.9740354298667686e-17
4708.749999999999	1.0778039635346313e-16	1.9091000974201308e-17
4708.999999999999	1.0343346297282346e-16	1.9656820637328405e-17
4709.249999999999	1.1388492971710037e-16	1.989804966500602e-17
4709.499999999999	1.1347565398489893e-16	1.974711732735592e-17
4709.749999999999	1.0714242834294793e-16	1.9438613700459367e-17
4709.999999999999	1.0385448466972315e-16	1.9289572297689562e-17
4710.249999999999	1.1052919032087074e-16	1.9349951519322258e-17
4710.499999999999	9.211180222414077e-17	1.824563396870069e-17
4710.749999999999	7.532838038733374e-17	1.787663696924691e-17
4710.999999999999	1.1850623559820142e-16	1.992550875262033e-17
4711.249999999999	1.3951532613784784e-16	2.0844561007087172e-17
4711.499999999999	8.914242896586731e-17	1.8679574572407233e-17
4711.749999999999	1.1498273735630114e-16	1.9668153011720382e-17
4711.999999999999	1.0122753109782215e-16	1.942547972669325e-17
4712.249999999999	1.066475030214003e-16	1.968901781549142e-17
4712.499999999999	1.2430062917169048e-16	1.994381756829858e-17
4712.749999999999	1.3228181035208393e-16	1.984729882570344e-17
4712.999999999999	1.200718568871928e-16	1.9524197115356553e-17
4713.249999999999	8.906123291693911e-17	1.8401441708881177e-17
4713.499999999999	8.923955982211574e-17	1.8832606294451993e-17
4713.749999999999	1.031875587203237e-16	1.9563271473132333e-17
4713.999999999999	1.1798073106376893e-16	1.99047696803024e-17
4714.249999999999	1.1889548694213418e-16	1.9809721664836382e-17
4714.499999999999	1.4906826959610025e-16	2.1257861800149293e-17
4714.749999999999	1.126079746095553e-16	1.9797209730890905e-17
4714.999999999999	1.0915880350877659e-16	1.9588708931329564e-17
4715.249999999999	1.0516201899015307e-16	1.9521022396165575e-17
4715.499999999999	7.425995420349085e-17	1.7995150444329832e-17
4715.749999999999	7.145952431352522e-17	1.7783784291126607e-17
4715.999999999999	7.482441563605213e-17	1.789763577627718e-17
4716.249999999999	8.003837326499028e-17	1.8405698380313375e-17
4716.499999999999	9.853496555973343e-17	1.922695803404175e-17
4716.749999999999	1.1731641900510515e-16	1.9903475969824368e-17
4716.999999999999	1.0471583115029707e-16	1.9446342876103062e-17
4717.249999999999	9.187413669054203e-17	1.868661718814251e-17
4717.499999999999	8.630367083503843e-17	1.848781425408274e-17
4717.749999999999	8.069592891241074e-17	1.852049946880716e-17
4717.999999999999	8.265879541877457e-17	1.8680271058483002e-17
4718.249999999999	8.968841449226661e-17	1.878842492357431e-17
4718.499999999999	6.467809912846849e-17	1.6897274976318826e-17
4718.749999999999	8.765537660017868e-17	1.8655272006010425e-17
4718.999999999999	8.883144876021678e-17	1.8519209067051577e-17
4719.249999999999	6.915534985153221e-17	1.7389631074883864e-17
4719.499999999999	5.5066362980998263e-17	1.7131325730640705e-17
4719.749999999999	6.086051501774846e-17	1.742734058464893e-17
4719.999999999999	8.188122579064002e-17	1.8506445670199884e-17
4720.249999999999	7.558753938196905e-17	1.8137796086603376e-17
4720.499999999999	7.437263605525527e-17	1.8171189367932142e-17
4720.749999999999	8.54921140098953e-17	1.8695972600870484e-17
4720.999999999999	5.61283669345653e-17	1.7224919562589855e-17
4721.249999999999	7.695346603620032e-17	1.8205097155601916e-17
4721.499999999999	9.776935365453395e-17	1.8872426769140296e-17
4721.749999999999	1.0000287365732514e-16	1.900693957163122e-17
4721.999999999999	9.725400689802362e-17	1.906223328685794e-17
4722.249999999999	1.0947802243332816e-16	1.9563569258152852e-17
4722.499999999999	8.43612125287475e-17	1.8355199003917013e-17
4722.749999999999	8.013236745235591e-17	1.8165925190513854e-17
4722.999999999999	8.271172836053306e-17	1.8344890679123377e-17
4723.249999999999	9.414229901738694e-17	1.8734117207637754e-17
4723.499999999999	1.0057426355469717e-16	1.911684705962114e-17
4723.749999999999	8.560318120510402e-17	1.8565928228048572e-17
4723.999999999999	8.28215713284352e-17	1.8577232478299722e-17
4724.249999999999	9.293981663475125e-17	1.8782828219549777e-17
4724.499999999999	1.07494575673324e-16	1.9273190812838562e-17
4724.749999999999	1.1175525065968664e-16	1.9404083872968953e-17
4724.999999999999	8.202510889510994e-17	1.7898029514248755e-17
4725.249999999999	1.0317790386821398e-16	1.8865534700276504e-17
4725.499999999999	1.027835769440426e-16	1.8616306836075502e-17
4725.749999999999	9.841685740315066e-17	1.8759137766806258e-17
4725.999999999999	9.462980618320119e-17	1.903535157131119e-17
4726.249999999999	9.538823154323881e-17	1.8722890712364184e-17
4726.499999999999	1.1987891866367602e-16	1.9836193098799304e-17
4726.749999999999	1.1236802605746592e-16	1.9283791959569042e-17
4726.999999999999	9.670135760460959e-17	1.8764661678936887e-17
4727.249999999999	8.961139405107058e-17	1.8425008084532813e-17
4727.499999999999	9.824206421355086e-17	1.822100383878131e-17
4727.749999999999	8.988076376318724e-17	1.8425335648055384e-17
4727.999999999999	1.2927620658298065e-16	2.0040675454944863e-17
4728.249999999999	1.4569059337002572e-16	2.0666073628871705e-17
4728.499999999999	1.4366904336228492e-16	2.0623472172964e-17
4728.749999999999	1.247378437562615e-16	1.9980918273132807e-17
4728.999999999999	9.070241880924842e-17	1.8549113300556594e-17
4729.249999999999	9.752401850229563e-17	1.8784007779103277e-17
4729.499999999999	8.549349043843459e-17	1.8455868538825942e-17
4729.749999999999	8.555425843495519e-17	1.8509306060758092e-17
4729.999999999999	8.382596711542159e-17	1.841395860591033e-17
4730.249999999999	6.210501155805694e-17	1.750267357739536e-17
4730.499999999999	7.592292472441235e-17	1.8101017982208043e-17
4730.749999999999	9.601397051557802e-17	1.8559095716188884e-17
4730.999999999999	1.1047589341964273e-16	1.937937433371077e-17
4731.249999999999	1.0783247564482947e-16	1.9452318428848146e-17
4731.499999999999	8.513266102034916e-17	1.85133195410902e-17
4731.749999999999	8.401543779781054e-17	1.8435283322101947e-17
4731.999999999999	8.159947483911466e-17	1.8006016288856328e-17
4732.249999999999	8.887822747821787e-17	1.86611416796371e-17
4732.499999999999	8.425782156962328e-17	1.846464161640268e-17
4732.749999999999	7.487301415140085e-17	1.7759875462701374e-17
4732.999999999999	1.0569187118588514e-16	1.8703020179689436e-17
4733.249999999999	8.356459789418954e-17	1.7979395962383147e-17
4733.499999999999	6.322352518235114e-17	1.731789962652449e-17
4733.749999999999	7.871656511591015e-17	1.8060835202411442e-17
4733.999999999999	1.0462955290368534e-16	1.8852121139463344e-17
4734.249999999999	1.063370786811214e-16	1.858990323092281e-17
4734.499999999999	1.1996055146396765e-16	1.975171148847804e-17
4734.749999999999	9.196632431544984e-17	1.860551709216536e-17
4734.999999999999	9.382534987643622e-17	1.8735824508422064e-17
4735.249999999999	9.471480726294714e-17	1.8770628959875845e-17
4735.499999999999	8.553497520051535e-17	1.8401276272758667e-17
4735.749999999999	1.2222586167206048e-16	1.9762464836441228e-17
4735.999999999999	6.312587816540048e-17	1.74755933385016e-17
4736.249999999999	1.0083602982262325e-16	1.8743146711204383e-17
4736.499999999999	1.2516748798386645e-16	1.9683917419834418e-17
4736.749999999999	1.1987878631477801e-16	1.9661748979417996e-17
4736.999999999999	1.319661582303337e-16	1.9787308378958646e-17
4737.249999999999	1.0001252189198996e-16	1.8475277504718886e-17
4737.499999999999	9.910812893233878e-17	1.884581471447324e-17
4737.749999999999	1.0316469544819273e-16	1.9168684814248613e-17
4737.999999999999	1.0238925001987122e-16	1.9121719153429077e-17
4738.249999999999	9.753578431932858e-17	1.8829630098608027e-17
4738.499999999999	9.833090341133905e-17	1.8546064312818724e-17
4738.749999999999	9.045899609858631e-17	1.844944630855008e-17
4738.999999999999	1.0888305457977591e-16	1.9303556613125384e-17
4739.249999999999	1.2695141878012281e-16	1.964450722672994e-17
4739.499999999999	1.313267542342751e-16	1.9271966585531984e-17
4739.749999999999	1.2703654559132187e-16	1.9632870449872545e-17
4739.999999999999	1.0777930447505456e-16	1.9053797698971123e-17
4740.249999999999	1.1178209101620276e-16	1.9310700144895392e-17
4740.499999999999	1.0664766845752281e-16	1.9195159556933985e-17
4740.749999999999	1.0138572773561169e-16	1.888639288660264e-17
4740.999999999999	1.0870958487915619e-16	1.8945164069124534e-17
4741.249999999999	8.062968167151259e-17	1.750461745183486e-17
4741.499999999999	9.987679809708225e-17	1.8241981139115655e-17
4741.749999999999	9.743512636494823e-17	1.8386264599002055e-17
4741.999999999999	9.977037634819363e-17	1.8624178286784556e-17
4742.249999999999	1.1535072023232393e-16	1.912255956893143e-17
4742.499999999999	7.74632342866596e-17	1.7682608521682796e-17
4742.749999999999	1.1865819860289476e-16	1.949273281921626e-17
4742.999999999999	1.1084768794392816e-16	1.9030307423935842e-17
4743.249999999999	1.0937911810184642e-16	1.8996556800582453e-17
4743.499999999999	1.2234123020645447e-16	1.945509941006755e-17
4743.749999999999	9.797266141420969e-17	1.8410853369890806e-17
4743.999999999999	1.0519183719687438e-16	1.9032651653791817e-17
4744.249999999999	1.1759001064706829e-16	1.9281874554909144e-17
4744.499999999999	1.064633329123766e-16	1.880501982102335e-17
4744.749999999999	1.0381433001406738e-16	1.8765609627918873e-17
4744.999999999999	1.2561803010246694e-16	1.971895513622094e-17
4745.249999999999	8.068727329448098e-17	1.7909133586791667e-17
4745.499999999999	1.1442722932669013e-16	1.9211038115972553e-17
4745.749999999999	1.1402484897207494e-16	1.9300639974285522e-17
4745.999999999999	1.129525317306306e-16	1.9231711013841478e-17
4746.249999999999	1.210985534634936e-16	1.9498213717955038e-17
4746.499999999999	9.730328039275218e-17	1.895745266430462e-17
4746.749999999999	1.3673768011067438e-16	2.0000648185103422e-17
4746.999999999999	1.1956582087565735e-16	1.9536302076440654e-17
4747.249999999999	1.2771116762914052e-16	1.9573406089997333e-17
4747.499999999999	1.4893095761441645e-16	2.005013840115247e-17
4747.749999999999	1.3215302163943187e-16	1.9736220049966145e-17
4747.999999999999	1.0408582392599708e-16	1.860272453041738e-17
4748.249999999999	1.2401883189805082e-16	1.9410168613554893e-17
4748.499999999999	1.3047735224174645e-16	1.964066745432647e-17
4748.749999999999	1.196648178513677e-16	1.8986597546007315e-17
4748.999999999999	1.0526717680706571e-16	1.7947046582987423e-17
4749.249999999999	1.1921792856235225e-16	1.824963917722667e-17
4749.499999999999	9.698613934589934e-17	1.8173202725543096e-17
4749.749999999999	1.0854483035347033e-16	1.9137010414232732e-17
4749.999999999999	1.0822492983209402e-16	1.9082576966843068e-17
4750.249999999999	8.518925340913759e-17	1.8108411322523042e-17
4750.499999999999	9.575754452568658e-17	1.8446982964685897e-17
4750.749999999999	9.500400945743038e-17	1.8635264161353992e-17
4750.999999999999	7.773711047875346e-17	1.7828728322529063e-17
4751.249999999999	1.0319818633683378e-16	1.8362615505289163e-17
4751.499999999999	1.3690563086224714e-16	1.9452091781360306e-17
4751.749999999999	1.2992712493316598e-16	1.953493061098504e-17
4751.999999999999	1.124910178883852e-16	1.8845693946103807e-17
4752.249999999999	8.901614826483252e-17	1.8226724619897727e-17
4752.499999999999	9.575883492744217e-17	1.8436065834961422e-17
4752.749999999999	1.0036631034870134e-16	1.8626180063866935e-17
4752.999999999999	1.0141813998073396e-16	1.876665849293559e-17
4753.249999999999	1.4891994618610214e-16	2.0382307665374164e-17
4753.499999999999	9.138198407840768e-17	1.7834581452543488e-17
4753.749999999999	1.1145628773397528e-16	1.8813892160273593e-17
4753.999999999999	1.1618711232817835e-16	1.8942105155219313e-17
4754.249999999999	9.150203776379118e-17	1.7934092934594842e-17
4754.499999999999	8.014113556684897e-17	1.7925677199042728e-17
4754.749999999999	9.687023479846841e-17	1.8581815058893266e-17
4754.999999999999	1.0778906520628268e-16	1.9051779378276493e-17
4755.249999999999	1.040924347534526e-16	1.8946330393788233e-17
4755.499999999999	8.0731332242628e-17	1.8051440085014065e-17
4755.749999999999	6.159170959202083e-17	1.7043800095665244e-17
4755.999999999999	1.1118652097516458e-16	1.8772294901629527e-17
4756.249999999999	1.0476662665735272e-16	1.8747188315677317e-17
4756.499999999999	1.1344150796921274e-16	1.900986282791598e-17
4756.749999999999	1.249903654536617e-16	1.938532341667625e-17
4756.999999999999	1.2456490345123382e-16	1.9571756691855902e-17
4757.249999999999	1.1426626659693221e-16	1.9173542018805524e-17
4757.499999999999	8.154173763235846e-17	1.7511737822547717e-17
4757.749999999999	8.156472001849763e-17	1.7351478196310468e-17
4757.999999999999	9.132982537770254e-17	1.795206756930562e-17
4758.249999999999	9.813112936724015e-17	1.8193167556807676e-17
4758.499999999999	9.390177474759122e-17	1.7509425025555018e-17
4758.749999999999	1.0396827163478594e-16	1.8364488242195984e-17
4758.999999999999	9.448398416737544e-17	1.8272763838431203e-17
4759.249999999999	7.13733850332564e-17	1.7198646651973945e-17
4759.499999999999	8.539274645727053e-17	1.7735491832604536e-17
4759.749999999999	1.2755068135541543e-16	1.946946919166882e-17
4759.999999999999	7.970253793629375e-17	1.7615669757792554e-17
4760.249999999999	9.677594282608227e-17	1.848705986536409e-17
4760.499999999999	1.1030980217008698e-16	1.9042053388634095e-17
4760.749999999999	1.1064014501951616e-16	1.8964993242768655e-17
4760.999999999999	1.0507098280065794e-16	1.8507635155920735e-17
4761.249999999999	9.736727770238418e-17	1.818979596863091e-17
4761.499999999999	8.87554341706456e-17	1.817365767488e-17
4761.749999999999	9.79136668929224e-17	1.8090423452922464e-17
4761.999999999999	1.0790135662879798e-16	1.830999358344099e-17
4762.249999999999	1.024779436338716e-16	1.787659230149383e-17
4762.499999999999	8.196408281823823e-17	1.6847473740359458e-17
4762.749999999999	9.805109798861442e-17	1.8364021712330504e-17
4762.999999999999	6.890886988132611e-17	1.7261988834560806e-17
4763.249999999999	7.225487501610721e-17	1.72224909603114e-17
4763.499999999999	9.861975488124257e-17	1.8362297867933943e-17
4763.749999999999	1.1846577654008023e-16	1.9322006049507767e-17
4763.999999999999	9.332622247737682e-17	1.8267398744978184e-17
4764.249999999999	1.1004207358430561e-16	1.8680198266589098e-17
4764.499999999999	8.175098124010987e-17	1.7006343703167618e-17
4764.749999999999	8.929758819644756e-17	1.7592397858438987e-17
4764.999999999999	9.887260745088778e-17	1.830571044222919e-17
4765.249999999999	6.171209414964935e-17	1.6722918538082448e-17
4765.499999999999	8.764846798770264e-17	1.7837299568036337e-17
4765.749999999999	8.500028565256107e-17	1.7863183703764347e-17
4765.999999999999	9.962693661253204e-17	1.824019112027009e-17
4766.249999999999	9.51462845227895e-17	1.7900838619608986e-17
4766.499999999999	7.487349060743368e-17	1.7061873992049527e-17
4766.749999999999	9.05602827102322e-17	1.8038216775741792e-17
4766.999999999999	7.612570308849605e-17	1.7429004872041388e-17
4767.249999999999	7.284871128658148e-17	1.7252977528967653e-17
4767.499999999999	8.51862821763773e-17	1.7485408663650154e-17
4767.749999999999	8.271874946957241e-17	1.742499800915418e-17
4767.999999999999	4.828044124213169e-17	1.6544924159512063e-17
4768.249999999999	6.05585874767217e-17	1.644201461950434e-17
4768.499999999999	7.637611382097301e-17	1.7208506644875578e-17
4768.749999999999	8.227023228911146e-17	1.7604246393533197e-17
4768.999999999999	6.878221860337689e-17	1.702644584641388e-17
4769.249999999999	5.646758377760594e-17	1.631720629995989e-17
4769.499999999998	1.1050797479251998e-16	1.879614582741188e-17
4769.749999999999	1.0632214310798114e-16	1.878153285471052e-17
4770.0	9.382014856474448e-17	1.8039710663928063e-17
4770.249999999999	7.469331743512983e-17	1.733940632245087e-17
4770.499999999998	7.469703643916387e-17	1.726467882591283e-17
4770.749999999999	1.0596807671858395e-16	1.810104610634887e-17
4771.0	9.910820834167758e-17	1.8308139044507646e-17
4771.249999999999	1.2385707507490485e-16	1.939177046237049e-17
4771.499999999999	1.1298452045927925e-16	1.882427162259991e-17
4771.749999999999	1.0147264125693386e-16	1.827480366582176e-17
4771.999999999999	1.1342034538042118e-16	1.8777365518784477e-17
4772.249999999999	5.638389295195028e-17	1.645847055061047e-17
4772.499999999999	9.732281509009823e-17	1.8383437295668348e-17
4772.749999999999	1.1158977483250663e-16	1.884605790557333e-17
4772.999999999999	1.152879736197781e-16	1.8991540777347932e-17
4773.249999999999	1.0802266762871256e-16	1.8655674015788125e-17
4773.499999999999	5.415923701660321e-17	1.617013689577041e-17
4773.749999999999	1.150274183442688e-16	1.9003266889711483e-17
4773.999999999999	1.0545242555960819e-16	1.8631144801903478e-17
4774.249999999999	9.452210065000188e-17	1.7964060033826413e-17
4774.499999999999	8.883998526413832e-17	1.748675200496494e-17
4774.749999999999	7.477137019773033e-17	1.7006161723432856e-17
4774.999999999999	8.168409872450128e-17	1.7502982942944455e-17
4775.249999999999	1.237876448430096e-16	1.914884902315959e-17
4775.499999999999	9.85562538799781e-17	1.8083162461505474e-17
4775.749999999999	8.064274450774603e-17	1.7447189610627754e-17
4775.999999999999	9.459920050053673e-17	1.8116539199221988e-17
4776.249999999999	6.079673608379817e-17	1.6473657586656944e-17
4776.499999999999	1.276937769839422e-16	1.9155557457927396e-17
4776.75	9.042043624715154e-17	1.7846750933715368e-17
4776.999999999999	6.262008038188146e-17	1.6861070935268605e-17
4777.249999999998	7.480431183844464e-17	1.7203700725516644e-17
4777.499999999999	9.326452803857016e-17	1.8053569247910777e-17
4777.75	1.5853541126377375e-16	2.0268166667009197e-17
4777.999999999999	1.121929417002905e-16	1.8701034946219308e-17
4778.249999999998	1.1295544340638678e-16	1.8640970053219383e-17
4778.499999999999	1.1437807494596978e-16	1.8663985526583058e-17
4778.749999999999	8.629634532353366e-17	1.7899867509569848e-17
4778.999999999999	1.1438851727402265e-16	1.8852319662810357e-17
4779.249999999999	8.45655790796073e-17	1.7781057903827632e-17
4779.499999999999	8.745815688981134e-17	1.7838598241598046e-17
4779.749999999999	7.879498845542507e-17	1.7625503280914585e-17
4779.999999999999	7.41327669125047e-17	1.7593011626453502e-17
4780.249999999999	1.1474873126973234e-16	1.9026452762281345e-17
4780.499999999999	1.228391267607624e-16	1.901699643351864e-17
4780.749999999999	1.1478799918777146e-16	1.8792509541439097e-17
4780.999999999999	1.2094578313052241e-16	1.907753612819017e-17
4781.249999999999	1.1028031483561069e-16	1.880667252788723e-17
4781.499999999999	8.923719077684139e-17	1.7750700375346936e-17
4781.749999999999	1.2418838407128949e-16	1.8830425846357303e-17
4781.999999999999	9.262824085905967e-17	1.8083619065203603e-17
4782.249999999999	1.1305151547145114e-16	1.8873543462967242e-17
4782.499999999999	1.1536390218256558e-16	1.8843827826641887e-17
4782.749999999999	9.839767343038433e-17	1.8101588736830705e-17
4782.999999999999	1.2227199849790623e-16	1.8894960823387465e-17
4783.249999999999	7.365044120604747e-17	1.7178465099388877e-17
4783.499999999999	9.495468302314261e-17	1.828938355129862e-17
4783.749999999999	9.29109182528711e-17	1.795536305686603e-17
4783.999999999998	8.87054923139821e-17	1.762832727552584e-17
4784.249999999999	1.1173498804340154e-16	1.8761611036837792e-17
4784.5	8.887695692879699e-17	1.7277258588668535e-17
4784.749999999999	1.3141941169777084e-16	1.907565677383845e-17
4784.999999999998	1.263974989372879e-16	1.8699575799618765e-17
4785.249999999999	1.1744282543759305e-16	1.845602074005865e-17
4785.499999999998	1.190784063540717e-16	1.881143874257676e-17
4785.749999999999	8.646533501395579e-17	1.7733402374377227e-17
4785.999999999999	1.1184747137181895e-16	1.8523113359542827e-17
4786.249999999999	1.203324915720409e-16	1.859046075065567e-17
4786.499999999999	1.0149054806283441e-16	1.7912505174968433e-17
4786.749999999999	8.769565698728756e-17	1.7596457660885398e-17
4786.999999999999	1.0229116625155713e-16	1.850434794016645e-17
4787.249999999999	1.0427699529172544e-16	1.818823756035686e-17
4787.499999999999	8.021572078832165e-17	1.6728899053911207e-17
4787.749999999999	8.519268124559601e-17	1.7344505063746646e-17
4787.999999999999	8.765928089266993e-17	1.7799358447699755e-17
4788.249999999999	8.02477558390846e-17	1.742870377829842e-17
4788.499999999999	1.0029700584825919e-16	1.8370463794941067e-17
4788.749999999999	9.154857163633096e-17	1.798703745688191e-17
4788.999999999999	8.745455699978551e-17	1.7752738548376266e-17
4789.249999999999	1.1145942440285808e-16	1.8534963548998262e-17
4789.499999999999	1.173935519428645e-16	1.8746293306254535e-17
4789.749999999999	6.661389366774469e-17	1.674384289885759e-17
4789.999999999999	8.098782440696845e-17	1.7411579485257346e-17
4790.249999999999	8.259611498067775e-17	1.755787299403225e-17
4790.499999999999	7.827017875270713e-17	1.733967598333056e-17
4790.749999999998	7.347478113116571e-17	1.6967954250939032e-17
4790.999999999999	7.533928593652964e-17	1.71008490881518e-17
4791.25	1.182798131034885e-16	1.8995929797678138e-17
4791.499999999999	1.1323397166224564e-16	1.8906653848526515e-17
4791.749999999998	8.848660708901077e-17	1.796019048292089e-17
4791.999999999999	9.586523020655119e-17	1.8103817161400923e-17
4792.25	1.2221039008588328e-16	1.89731012671329e-17
4792.499999999999	1.3178972391439858e-16	1.900205755165593e-17
4792.749999999999	9.852526438550941e-17	1.771411583121494e-17
4792.999999999999	8.44017973183218e-17	1.7337113377792872e-17
4793.249999999999	8.659946400464249e-17	1.7550578915390757e-17
4793.499999999999	8.236652934730243e-17	1.7326889425421717e-17
4793.749999999999	6.276240838679978e-17	1.6464515586527008e-17
4793.999999999999	6.219765578666288e-17	1.6823518589819922e-17
4794.249999999999	7.839068242434385e-17	1.7018283228129208e-17
4794.499999999999	9.023919104877382e-17	1.726198718019958e-17
4794.749999999999	9.36691781767862e-17	1.7519556333697568e-17
4794.999999999999	1.0749998212580765e-16	1.832325163429899e-17
4795.249999999999	1.5313531152723157e-16	1.9800462205059464e-17
4795.499999999999	1.0024002964766654e-16	1.7918336798286932e-17
4795.749999999999	1.0353408122253441e-16	1.821156570799208e-17
4795.999999999999	1.1504106351565348e-16	1.842776094161139e-17
4796.249999999999	1.25743960078922e-16	1.8842904693078278e-17
4796.499999999999	1.323408114908161e-16	1.9330360573694552e-17
4796.749999999999	1.0318187433515423e-16	1.7847910640934168e-17
4796.999999999999	9.894794706107911e-17	1.7857820264672553e-17
4797.249999999999	8.999228756209409e-17	1.7555985367874403e-17
4797.499999999998	1.0432425708320427e-16	1.829874061838782e-17
4797.749999999999	1.2134863994117044e-16	1.8894148532025938e-17
4798.0	8.143913414917738e-17	1.6960728001107768e-17
4798.249999999999	9.00205043471495e-17	1.7512141486686643e-17
4798.499999999998	1.0594208339501508e-16	1.8361341647145832e-17
4798.749999999999	1.1311620761279769e-16	1.846309975174088e-17
4799.0	1.044339544673186e-16	1.786590678234087e-17
4799.249999999999	8.537927333945327e-17	1.702149434326714e-17
4799.499999999998	8.661407532298263e-17	1.6951023518161296e-17
4799.749999999999	1.1226804969991031e-16	1.8075575560927137e-17
4800.0	1.2633939777106218e-16	1.89797170576721e-17
4800.249999999999	1.215085041750749e-16	1.8980357295466215e-17
4800.499999999999	1.0836276459192496e-16	1.8263148690990887e-17
4800.749999999999	9.011359856200867e-17	1.770289264466382e-17
4800.999999999999	9.456876687143968e-17	1.75524268368792e-17
4801.249999999999	9.072681732859628e-17	1.7573961656946406e-17
4801.499999999999	1.1366586582111672e-16	1.8673238368915076e-17
4801.749999999999	1.1248274608225968e-16	1.8668106540394797e-17
4801.999999999999	6.791586271701335e-17	1.6576312355036e-17
4802.249999999999	9.989439388307248e-17	1.8055405588870644e-17
4802.499999999999	9.516386045644502e-17	1.7377823898820282e-17
4802.749999999999	9.570419468489936e-17	1.765202434571426e-17
4802.999999999999	8.667036992675054e-17	1.7314337786806837e-17
4803.249999999999	8.619887036015041e-17	1.714014678469297e-17
4803.499999999999	1.500986587066555e-16	1.9715765527778934e-17
4803.749999999999	1.0903082212440239e-16	1.8444675130776874e-17
4803.999999999999	1.0459034454265032e-16	1.810439618782971e-17
4804.249999999998	1.13982113512908e-16	1.833152013170207e-17
4804.499999999999	1.2060298624979064e-16	1.8463743298257446e-17
4804.749999999999	1.0988464457012452e-16	1.798069298158363e-17
4804.999999999999	7.790432007649738e-17	1.6964948276593014e-17
4805.249999999998	9.875573675650139e-17	1.8076569832023426e-17
4805.499999999999	1.1731209119614027e-16	1.865427938927536e-17
4805.75	1.2516476159656748e-16	1.899025037559235e-17
4805.999999999999	1.221278573130852e-16	1.9024968800262425e-17
4806.249999999998	1.0837727664859159e-16	1.8228061343767613e-17
4806.499999999999	1.242446985273921e-16	1.8865149234111054e-17
4806.75	1.195884260674372e-16	1.8610356098748795e-17
4806.999999999999	1.0940608418981564e-16	1.8002490845085627e-17
4807.249999999999	9.529501821437143e-17	1.7492236212426166e-17
4807.499999999999	8.66587960156197e-17	1.7319022937796337e-17
4807.749999999999	8.669804408132411e-17	1.7229257297722083e-17
4807.999999999999	8.470790046708073e-17	1.707697003822862e-17
4808.249999999999	1.0189530408016885e-16	1.8059096468763856e-17
4808.499999999999	1.2320062454078276e-16	1.9049266403575557e-17
4808.749999999999	1.2957710180260294e-16	1.9148228637700176e-17
4808.999999999999	1.1135878630081242e-16	1.7955554962768143e-17
4809.249999999999	1.0676926400756811e-16	1.7800337829545018e-17
4809.499999999999	1.045992648583761e-16	1.7711707081271186e-17
4809.749999999999	1.0484816681341575e-16	1.8088378662448233e-17
4809.999999999999	1.037461107745889e-16	1.8177343591689536e-17
4810.249999999999	9.437668229831506e-17	1.7484832945943817e-17
4810.499999999999	1.043247335392371e-16	1.814696621087414e-17
4810.749999999999	1.224133603558691e-16	1.8767793384736013e-17
4810.999999999998	1.363853276395064e-16	1.9308999461555983e-17
4811.249999999999	1.3867517533328998e-16	1.9336829126084717e-17
4811.499999999999	1.2861020045842235e-16	1.881017481060078e-17
4811.749999999999	1.0371201108101702e-16	1.830064313379669e-17
4811.999999999998	9.927036221151758e-17	1.812864746902854e-17
4812.249999999999	1.0066612030735996e-16	1.822558807373608e-17
4812.5	1.1150287454607426e-16	1.853462605930834e-17
4812.749999999999	1.126140361890841e-16	1.8502362706696322e-17
4812.999999999998	1.0064044462114631e-16	1.7981824564661602e-17
4813.249999999999	1.3624084234755053e-16	1.9194959379225747e-17
4813.5	1.2303790157068133e-16	1.8493799732995173e-17
4813.749999999999	1.3988545306601837e-16	1.9241944892379984e-17
4813.999999999999	1.3141507065391616e-16	1.9065027502967143e-17
4814.249999999999	9.795056576568717e-17	1.792373663332568e-17
4814.499999999999	1.316042898733989e-16	1.9100822916794762e-17
4814.749999999999	7.676712540524927e-17	1.70333660394185e-17
4814.999999999999	1.2194369382150639e-16	1.8825212954136994e-17
4815.249999999999	1.3024374320187167e-16	1.8963117197139385e-17
4815.499999999999	1.0477843879649998e-16	1.793259242896367e-17
4815.749999999999	9.60713371454198e-17	1.7826000280868863e-17
4815.999999999999	1.0261591736004545e-16	1.820978726967509e-17
4816.249999999999	1.0376184705856211e-16	1.8270331927430297e-17
4816.499999999999	9.388603846361801e-17	1.7710257860837993e-17
4816.749999999999	8.973673507492951e-17	1.762056997574132e-17
4816.999999999999	8.810896274343336e-17	1.7863451710282814e-17
4817.249999999999	7.057446752787308e-17	1.697220761364878e-17
4817.499999999999	1.1062383963528151e-16	1.834439271639462e-17
4817.749999999999	1.09927876337659e-16	1.85125618436491e-17
4817.999999999999	1.1947718681866107e-16	1.860279235922761e-17
4818.249999999999	1.203077555630031e-16	1.8364460118055157e-17
4818.499999999999	8.960879339522471e-17	1.7496279471260326e-17
4818.749999999998	8.990718060322974e-17	1.7707215490545023e-17
4818.999999999999	1.078298088145346e-16	1.820468687401809e-17
4819.25	1.0184078956907916e-16	1.7590769966993483e-17
4819.499999999999	9.178124099902988e-17	1.7332170146452255e-17
4819.749999999998	9.614582972266388e-17	1.7856337957014858e-17
4819.999999999999	1.0028031003477542e-16	1.8141341382708778e-17
4820.25	1.1557080321482224e-16	1.8544937692824427e-17
4820.499999999999	7.8070087071253e-17	1.6976353442878895e-17
4820.749999999998	9.53336045355858e-17	1.7800804359410498e-17
4820.999999999999	1.224727585412953e-16	1.897215828123459e-17
4821.25	9.568943116532652e-17	1.7935196393531988e-17
4821.499999999999	1.224744393723e-16	1.8672447584249476e-17
4821.749999999999	1.178522202838027e-16	1.8620528765921972e-17
4821.999999999999	1.0941056420001323e-16	1.8244211218047098e-17
4822.249999999999	1.0693985511965614e-16	1.796243545110336e-17
4822.499999999999	1.0009194446568485e-16	1.7676560177043808e-17
4822.749999999999	7.795318990708701e-17	1.6820163545255407e-17
4822.999999999999	1.0689422783706772e-16	1.8106027387997665e-17
4823.249999999999	1.0897631423075759e-16	1.806300241561633e-17
4823.499999999999	1.098328564463338e-16	1.803569222051228e-17
4823.749999999999	9.334789460942571e-17	1.7392828955131994e-17
4823.999999999999	5.989788854297355e-17	1.6001046289313546e-17
4824.249999999999	1.0808927221163533e-16	1.8403924905080062e-17
4824.499999999999	9.822157660413914e-17	1.7570649625773743e-17
4824.749999999999	1.412194770183847e-16	1.9324532259098504e-17
4824.999999999999	1.4516359329304573e-16	1.9406330495512647e-17
4825.249999999999	1.1139375287966627e-16	1.7955179422770044e-17
4825.499999999998	1.5355132381834164e-16	1.9777421916277412e-17
4825.749999999999	1.055914779293008e-16	1.7763065071143378e-17
4825.999999999999	1.1376095850433582e-16	1.826918214637885e-17
4826.249999999999	1.2364301396726592e-16	1.88237703511487e-17
4826.499999999998	1.2694894385573006e-16	1.9007834581054e-17
4826.749999999999	1.225115632381914e-16	1.88034614127493e-17
4827.0	8.192703836168566e-17	1.7312648683996004e-17
4827.249999999999	1.131101725030485e-16	1.8316012149577926e-17
4827.499999999998	1.0266763930938717e-16	1.7733817619044728e-17
4827.749999999999	9.391606181113123e-17	1.7584815920944326e-17
4828.0	1.0730553512485359e-16	1.839111353175284e-17
4828.249999999999	1.1437259570159223e-16	1.884355982012342e-17
4828.499999999999	1.02872535255839e-16	1.8400270421133802e-17
4828.749999999999	1.0137003115630788e-16	1.778266097985476e-17
4828.999999999999	9.68388151700812e-17	1.7634446757697508e-17
4829.249999999999	1.0219261264465511e-16	1.8060052689551967e-17
4829.499999999999	1.1642271983641306e-16	1.8485473332949214e-17
4829.749999999999	8.297486443955353e-17	1.7228506217725885e-17
4829.999999999999	9.439022159058133e-17	1.7857261090578467e-17
4830.249999999999	9.112381108306253e-17	1.7441867530566588e-17
4830.499999999999	9.21185255481596e-17	1.7496979266058546e-17
4830.749999999999	1.0036856027996748e-16	1.7967171887290838e-17
4830.999999999999	9.001980289799006e-17	1.7491551306878973e-17
4831.249999999999	1.0454254673813456e-16	1.8390412082593395e-17
4831.499999999999	9.335429367864442e-17	1.7587345439257514e-17
4831.749999999999	1.104504956661149e-16	1.8223776548194588e-17
4831.999999999999	1.2572377687197571e-16	1.8886578175059853e-17
4832.249999999998	1.1476436167458714e-16	1.8307378038344097e-17
4832.499999999999	1.0655556024195381e-16	1.825502412301439e-17
4832.749999999999	1.1100971608231505e-16	1.863367266585544e-17
4832.999999999999	1.0618956921684604e-16	1.8401175356723935e-17
4833.249999999998	9.340280616720943e-17	1.7732239358435977e-17
4833.499999999999	9.533167885911978e-17	1.7569468411859018e-17
4833.75	1.3120951958041919e-16	1.8771315519784264e-17
4833.999999999999	9.292242598955293e-17	1.7818788920288626e-17
4834.249999999998	9.179211346100127e-17	1.764165315519407e-17
4834.499999999999	1.120603678091554e-16	1.8333210888874128e-17
4834.75	1.2326090946382563e-16	1.881485334414538e-17
4834.999999999999	1.2151066146211243e-16	1.9314038645847656e-17
4835.249999999999	1.5119789571395477e-16	2.2531926738634094e-17
4835.499999999999	1.70094816955394e-16	2.3699687387877255e-17
4835.749999999999	1.2507179973060632e-16	2.2355613191068416e-17
4835.999999999999	1.1969238612682286e-16	2.1639102727030083e-17
4836.249999999999	1.49466825067563e-16	2.1472263706200587e-17
4836.499999999999	1.4053551114836664e-16	1.963404835506482e-17
4836.749999999999	1.092712272801899e-16	1.8568581823453642e-17
4836.999999999999	1.3777411756586862e-16	1.932555134561317e-17
4837.249999999999	1.1484420776475566e-16	1.8312063189333598e-17
4837.499999999999	9.621457174028948e-17	1.7657296794938673e-17
4837.749999999999	1.245958333886984e-16	1.8845148006899522e-17
4837.999999999999	1.4959912102601228e-16	1.9602660159540883e-17
4838.249999999999	9.924169544020894e-17	1.8080153178437006e-17
4838.499999999999	1.1571722080068903e-16	1.798473954914024e-17
4838.749999999999	1.3127018831526628e-16	1.8528073134495695e-17
4838.999999999999	1.1819099375803501e-16	1.8392129309545056e-17
4839.249999999999	8.353777077256322e-17	1.6950780327061206e-17
4839.499999999999	1.393118000024904e-16	1.9289587186940588e-17
4839.749999999999	1.1930825668524304e-16	1.794132083878733e-17
4839.999999999998	1.1453551719504067e-16	1.7737357952066455e-17
4840.249999999999	1.1866591454364866e-16	1.8243675205010164e-17
4840.5	1.1505584688756103e-16	1.8288685410861624e-17
4840.749999999999	1.0133251686116738e-16	1.708587050161969e-17
4840.999999999998	1.145142090224613e-16	1.8289388514382294e-17
4841.249999999999	1.2722694271599688e-16	1.8988994715422493e-17
4841.5	1.2805162193437754e-16	1.899051011030469e-17
4841.749999999999	1.2864968013469828e-16	1.8793146470510763e-17
4841.999999999998	1.3584325302304324e-16	1.8848077880629185e-17
4842.249999999999	1.0115996698538881e-16	1.7729215186116483e-17
4842.5	1.0473434014368355e-16	1.780449523930371e-17
4842.749999999999	1.3436449231581484e-16	1.878013988255898e-17
4842.999999999999	1.3624092175688933e-16	1.8661637988004633e-17
4843.249999999999	1.1162693840306742e-16	1.7639801924983176e-17
4843.499999999999	1.2405776894384491e-16	1.8644498805712534e-17
4843.749999999999	1.1941563134619732e-16	1.867236155746577e-17
4843.999999999999	1.1347124676659525e-16	1.8341533980197637e-17
4844.249999999999	1.0747754237015031e-16	1.7823335104935217e-17
4844.499999999999	1.0612557190721404e-16	1.7584437072223777e-17
4844.749999999999	1.0912383031247785e-16	1.7815078188060713e-17
4844.999999999999	8.646372697484499e-17	1.721524651250666e-17
4845.249999999999	1.126484336676765e-16	1.792969564245851e-17
4845.499999999999	1.0006708934263885e-16	1.749658552808697e-17
4845.749999999999	7.99700547638383e-17	1.6924674506929032e-17
4845.999999999999	9.030672869142755e-17	1.7381657053778853e-17
4846.249999999999	1.4007676339808963e-16	1.9231146876663717e-17
4846.499999999999	1.0882417917249684e-16	1.8290328191558154e-17
4846.749999999998	9.227699350119006e-17	1.73609295619895e-17
4846.999999999999	7.714795935926869e-17	1.6692160654185276e-17
4847.25	7.946689072338965e-17	1.6848532531543526e-17
4847.499999999999	9.611537624123212e-17	1.7673425162522232e-17
4847.749999999998	8.239959671946985e-17	1.7130541563420004e-17
4847.999999999999	1.0406024750145694e-16	1.7769836371637737e-17
4848.25	8.896054849277915e-17	1.7363574885588443e-17
4848.499999999999	9.710349311376347e-17	1.772543993380079e-17
4848.749999999998	1.254956867811479e-16	1.8487372539635636e-17
4848.999999999999	1.06567908394138e-16	1.787993907425222e-17
4849.25	9.723678830639271e-17	1.7351039790585815e-17
4849.499999999999	1.134329449955116e-16	1.7941497855438417e-17
4849.749999999999	1.2091776486881402e-16	1.8195367857237067e-17
4849.999999999999	1.1348057736390485e-16	1.7932817422090286e-17
4850.249999999999	9.732062471583619e-17	1.7434140009284117e-17
4850.499999999999	9.469228809795099e-17	1.7078050336108614e-17
4850.749999999999	9.856846306581938e-17	1.7454192521693628e-17
4850.999999999999	1.1103124924802103e-16	1.8137691861846194e-17
4851.249999999999	1.0115705530963263e-16	1.7781678289287047e-17
4851.499999999999	8.692594226624982e-17	1.7284407083522218e-17
4851.749999999999	1.136733700036338e-16	1.8145561658194024e-17
4851.999999999999	8.676642213948019e-17	1.7128154320172176e-17
4852.249999999999	1.0183641543799998e-16	1.7942452421865303e-17
4852.499999999999	1.0943788763000708e-16	1.8272475979578035e-17
4852.749999999999	9.930611626631457e-17	1.7695681284083584e-17
4852.999999999999	8.17560435854587e-17	1.6852099334344855e-17
4853.249999999999	1.0494576089080721e-16	1.763557834077548e-17
4853.499999999998	1.0003008459075568e-16	1.748119500560981e-17
4853.749999999999	1.0560161585488825e-16	1.79467090932975e-17
4853.999999999999	1.0265680655208517e-16	1.7827710890375623e-17
4854.249999999999	1.1269547046602872e-16	1.7963502514093553e-17
4854.499999999998	1.446936223562176e-16	1.896380210268658e-17
4854.749999999999	9.673542421095697e-17	1.7412292514945367e-17
4855.0	1.316138057591657e-16	1.8568275766626998e-17
4855.249999999999	1.0144447079399275e-16	1.7390454946773967e-17
4855.499999999998	8.982055824948318e-17	1.71472588835997e-17
4855.749999999999	1.1590629443638395e-16	1.8202079600727322e-17
4856.0	8.375719862801638e-17	1.6573954890290224e-17
4856.249999999999	9.510279467490391e-17	1.7509110696922248e-17
4856.499999999999	8.783957317898199e-17	1.7158200828742553e-17
4856.749999999999	1.1124234574034456e-16	1.7728852881008185e-17
4856.999999999999	1.210891037521758e-16	1.798320430192334e-17
4857.249999999999	8.672473885405242e-17	1.7074731687491052e-17
4857.499999999999	1.3580088814079072e-16	1.8925030493014993e-17
4857.749999999999	7.492285012894594e-17	1.6475118387618713e-17
4857.999999999999	1.1161858718760308e-16	1.8011267231384815e-17
4858.249999999999	1.3277633200949263e-16	1.8866730803442256e-17
4858.499999999999	1.2229126849745627e-16	1.8387025605165603e-17
4858.749999999999	1.4598769017627516e-16	1.9262131408048728e-17
4858.999999999999	1.1476772333659656e-16	1.8099059218517518e-17
4859.249999999999	1.0550372399247628e-16	1.7656598654501678e-17
4859.499999999999	1.134550604963688e-16	1.8098336262662146e-17
4859.749999999999	1.204103524287393e-16	1.840935782734331e-17
4859.999999999999	1.12737385362028e-16	1.8136393188284486e-17
4860.249999999998	1.1438653204055252e-16	1.847174378914206e-17
4860.499999999999	1.1693583651399195e-16	1.8643681551267332e-17
4860.749999999999	1.3061627887998596e-16	1.9043883112149062e-17
4860.999999999999	1.2343805846380999e-16	1.87726820221562e-17
4861.249999999998	1.1549651577837008e-16	1.8377202008210924e-17
4861.499999999999	1.2919385909863977e-16	1.8794764435788917e-17
4861.75	8.040857960249961e-17	1.6884764696734574e-17
4861.999999999999	1.0264429296377847e-16	1.7567289618125553e-17
4862.249999999998	1.0859657215514675e-16	1.779693977158865e-17
4862.499999999999	1.2943842662726965e-16	1.8651202277396664e-17
4862.75	1.4924978610971889e-16	1.9424101643792737e-17
4862.999999999999	6.853494453978274e-17	1.6201955225212876e-17
4863.249999999998	8.457518099215782e-17	1.682013211239213e-17
4863.499999999999	1.0269267310344547e-16	1.72220955679786e-17
4863.749999999999	1.3276451325290047e-16	1.837394787968114e-17
4863.999999999999	1.5129236635735323e-16	1.936160649415313e-17
4864.249999999999	1.3597500635101069e-16	1.9028135247647278e-17
4864.499999999999	1.1125579238838222e-16	1.8075606993790414e-17
4864.749999999999	1.0557349833150635e-16	1.7657521788065287e-17
4864.999999999999	1.2837929133606695e-16	1.8463243681167464e-17
4865.249999999999	1.2430028506455566e-16	1.8308926520450797e-17
4865.499999999999	9.740144357040507e-17	1.7300901064936526e-17
4865.749999999999	1.1420175974404288e-16	1.822223137481034e-17
4865.999999999999	1.3220428036763056e-16	1.8720706955547044e-17
4866.249999999999	1.253788888786554e-16	1.832349813412153e-17
4866.499999999999	1.2915742344701803e-16	1.8477095647705277e-17
4866.749999999999	1.349707032082529e-16	1.8853307316461745e-17
4866.999999999999	1.3339728656916884e-16	1.890454950104818e-17
4867.249999999999	1.324094873339927e-16	1.8913617054922986e-17
4867.499999999999	1.3273449652283215e-16	1.8753187029479552e-17
4867.749999999999	1.3299018135889474e-16	1.8677217107661456e-17
4867.999999999998	1.2631902927565867e-16	1.8383903825533828e-17
4868.249999999999	1.1486390128077933e-16	1.7891529528995314e-17
4868.5	1.030018996861974e-16	1.7590682285848553e-17
4868.749999999999	1.2744797861056085e-16	1.832425252284018e-17
4868.999999999998	1.3199481176675253e-16	1.869092018168901e-17
4869.249999999999	1.1685147732640134e-16	1.8039313617234038e-17
4869.5	1.1096595491918854e-16	1.7836366508305377e-17
4869.749999999999	1.33125137530194e-16	1.855084210803683e-17
4869.999999999998	1.2623562300013373e-16	1.8090711311775633e-17
4870.249999999999	1.1148352513718542e-16	1.750716682248275e-17
4870.5	1.0566680430460233e-16	1.764984058889712e-17
4870.749999999999	1.1563168370790615e-16	1.814338286446056e-17
4870.999999999999	1.196415641499876e-16	1.8138823444924167e-17
4871.249999999999	9.985789205700174e-17	1.7152660372999672e-17
4871.499999999999	1.0035246003652475e-16	1.7533572081996666e-17
4871.749999999999	1.343730817592956e-16	1.8698483921210195e-17
4871.999999999999	1.2245988099351908e-16	1.8378581745472662e-17
4872.249999999999	1.0220290938892017e-16	1.7511549225368055e-17
4872.499999999999	1.0005987632769739e-16	1.7245370776054616e-17
4872.749999999999	1.1419863631004988e-16	1.8203619811027896e-17
4872.999999999999	1.1481260284791124e-16	1.7922805227955944e-17
4873.249999999999	1.0385568904469503e-16	1.7240354752820094e-17
4873.499999999999	1.2151600835759197e-16	1.793592596683226e-17
4873.749999999999	1.3574969558704104e-16	1.8623127767406614e-17
4873.999999999999	1.20231006437048e-16	1.8084633188634593e-17
4874.249999999999	1.0911406958124972e-16	1.75130282243033e-17
4874.499999999999	1.1428862032580585e-16	1.7951564643493187e-17
4874.749999999998	1.3360666252581826e-16	1.8495624493426465e-17
4874.999999999999	1.193903791764573e-16	1.798966127378493e-17
4875.249999999999	1.0247097546439146e-16	1.7430950400842113e-17
4875.499999999999	1.354697114933041e-16	1.8684357330709014e-17
4875.749999999998	1.1154040869354947e-16	1.7991644852893832e-17
4875.999999999999	1.2103163786066052e-16	1.8094898500036376e-17
4876.25	1.2242075865926777e-16	1.8268836384882802e-17
4876.499999999999	1.2391074255304729e-16	1.844930734220717e-17
4876.749999999998	1.3769402001279389e-16	1.8659545221054874e-17
4876.999999999999	1.506728279308857e-16	1.8844802245403475e-17
4877.25	1.063978929997563e-16	1.738864176687125e-17
4877.499999999999	1.0960074294900652e-16	1.768453088942637e-17
4877.749999999999	1.3475927584368435e-16	1.8748716945449315e-17
4877.999999999999	1.427343160352102e-16	1.9014483458817702e-17
4878.249999999999	1.0670945554055807e-16	1.7694696939154646e-17
4878.499999999999	1.1342304529794056e-16	1.7811413777947103e-17
4878.749999999999	1.0778226247292505e-16	1.7716650312611803e-17
4878.999999999999	9.616465635340558e-17	1.7275470224184195e-17
4879.249999999999	1.0680164978291078e-16	1.762457849298975e-17
4879.499999999999	1.3266850736228512e-16	1.851941751656594e-17
4879.749999999999	1.2852286342062655e-16	1.8509684909478642e-17
4879.999999999999	1.414535492794025e-16	1.9146235132423924e-17
4880.249999999999	1.0922499119267063e-16	1.7823302017710715e-17
4880.499999999999	1.0409871470866311e-16	1.752365914953583e-17
4880.749999999999	1.1554304965090986e-16	1.7929191062284853e-17
4880.999999999999	1.1344974007066887e-16	1.796815457785855e-17
4881.249999999999	1.1449818157091248e-16	1.7993178445749505e-17
4881.499999999998	1.1089721290156293e-16	1.7543809269257623e-17
4881.749999999999	1.0959142558658673e-16	1.7591891623904105e-17
4881.999999999999	1.1516515384242624e-16	1.7964880596994066e-17
4882.249999999999	1.3007049849437857e-16	1.85725853776184e-17
4882.499999999998	1.4639723060627262e-16	1.9215334492074153e-17
4882.749999999999	1.217990232410933e-16	1.8536040538155806e-17
4883.0	1.124378401011654e-16	1.7873764998160125e-17
4883.249999999999	1.156138695462342e-16	1.789359913488792e-17
4883.499999999998	1.2247683488735396e-16	1.8265971031240918e-17
4883.749999999999	1.3522298667763668e-16	1.8675041622650442e-17
4884.0	1.4091191141430277e-16	1.900530340837959e-17
4884.249999999999	1.3667981717246507e-16	1.8909165168866226e-17
4884.499999999998	1.2389339161251837e-16	1.8402128268789597e-17
4884.749999999999	1.0901314031162845e-16	1.7740248121126716e-17
4884.999999999999	1.0027092649790662e-16	1.7394210346754957e-17
4885.249999999999	1.0609152515320136e-16	1.7600795396017626e-17
4885.499999999999	1.0766511384585284e-16	1.7542955618865468e-17
4885.749999999999	1.2343919666433286e-16	1.777532885090509e-17
4885.999999999999	1.190939838193673e-16	1.795253079044865e-17
4886.249999999999	1.219469363695076e-16	1.8393470996498617e-17
4886.499999999999	1.2998594078344095e-16	1.8590553394884276e-17
4886.749999999999	1.0558409286079193e-16	1.7465893818638803e-17
4886.999999999999	1.1886978478614093e-16	1.7788701052687622e-17
4887.249999999999	1.1585219020687808e-16	1.7812113572745323e-17
4887.499999999999	1.3391557808865986e-16	1.855982032640548e-17
4887.749999999999	1.259685032192832e-16	1.8461268373864688e-17
4887.999999999999	8.448176913994343e-17	1.6942007249484468e-17
4888.249999999999	1.0616224578685219e-16	1.707626031726305e-17
4888.499999999999	1.0569084548192557e-16	1.734144780420265e-17
4888.749999999999	1.243101185876777e-16	1.819800325466866e-17
4888.999999999999	1.1984792255176243e-16	1.8052072051002056e-17
4889.249999999998	1.0122585688426234e-16	1.7365502216415692e-17
4889.499999999999	1.0898070159672657e-16	1.7545438815064352e-17
4889.75	1.206273119772446e-16	1.8036228233549215e-17
4889.999999999999	1.0084522145358994e-16	1.7433147392549054e-17
4890.249999999998	1.2105419011288116e-16	1.8074788084983987e-17
4890.499999999999	1.3564958688058742e-16	1.8366101244390462e-17
4890.75	1.2280097057346654e-16	1.7807494596204827e-17
4890.999999999999	1.111133717392353e-16	1.77755141393623e-17
4891.249999999998	1.3480428770389703e-16	1.8676808480438855e-17
4891.499999999999	1.3398663621200062e-16	1.8607113550747587e-17
4891.75	1.2290261452713706e-16	1.816922233243549e-17
4891.999999999999	1.1647584468407366e-16	1.7829659727898798e-17
4892.249999999999	1.1904811169131756e-16	1.7902176997840096e-17
4892.499999999999	1.2012732431034815e-16	1.8091253942257467e-17
4892.749999999999	1.275566105860462e-16	1.8391429514746836e-17
4892.999999999999	1.2601610911789685e-16	1.8236440683372775e-17
4893.249999999999	1.2375065332601622e-16	1.821809381738635e-17
4893.499999999999	1.321006114758205e-16	1.849338117960522e-17
4893.749999999999	1.3900185211824433e-16	1.8761589530141865e-17
4893.999999999999	1.3517833215944861e-16	1.867486295163813e-17
4894.249999999999	1.4893001793724059e-16	1.8854905429405197e-17
4894.499999999999	1.1986523378762194e-16	1.7925955131728546e-17
4894.749999999999	1.0367065866783427e-16	1.7391426056813104e-17
4894.999999999999	1.205573126450879e-16	1.7974188033246513e-17
4895.249999999999	1.2923995621981612e-16	1.8215296292554694e-17
4895.499999999999	1.3998196188244616e-16	1.8687429479504036e-17
4895.749999999999	1.1254317658909035e-16	1.7325916661021354e-17
4895.999999999998	1.1268926330271212e-16	1.748361202735969e-17
4896.249999999999	1.327024680895141e-16	1.8531957574652244e-17
4896.499999999999	1.4252712383537792e-16	1.8858361390004444e-17
4896.749999999999	1.4556834269293528e-16	1.8875725565423157e-17
4896.999999999998	1.3090119958761862e-16	1.8454301858745766e-17
4897.249999999999	1.2553433265936637e-16	1.83257497197489e-17
4897.5	1.3135710183658845e-16	1.8258346080354404e-17
4897.749999999999	1.417201926042202e-16	1.838345053055815e-17
4897.999999999998	1.5501340856442097e-16	1.899173433761127e-17
4898.249999999999	1.434815711482559e-16	1.8073778924636672e-17
4898.5	1.3734726590001166e-16	1.7927609492953652e-17
4898.749999999999	1.2257959057176775e-16	1.77645622680521e-17
4898.999999999999	1.2564526750567708e-16	1.8103921386158104e-17
4899.249999999999	1.4940084914190577e-16	1.8814615116128965e-17
4899.499999999999	1.393401226666642e-16	1.823885274203898e-17
4899.749999999999	1.4158697020348485e-16	1.8576531029140277e-17
4899.999999999999	1.4827231008858742e-16	1.8494231521274926e-17
4900.249999999999	1.416391024344104e-16	1.855058899076939e-17
4900.499999999999	1.3306194093139494e-16	1.8574767480074314e-17
4900.749999999999	1.259731619004931e-16	1.8277306714355345e-17
4900.999999999999	1.4011468135736907e-16	1.8479433260116352e-17
4901.249999999999	1.2861589146103672e-16	1.7811018385614303e-17
4901.499999999999	1.367332464225911e-16	1.8333861052835595e-17
4901.749999999999	1.2069968035467564e-16	1.8007515140126274e-17
4901.999999999999	9.741419538672819e-17	1.7225748397563633e-17
4902.249999999999	1.434379224816927e-16	1.8555265869952764e-17
4902.499999999999	1.5086685141536615e-16	1.8878170711313864e-17
4902.749999999998	1.4314557700088177e-16	1.8795930760452617e-17
4902.999999999999	1.350250853704446e-16	1.852244665196911e-17
4903.249999999999	1.2576047722139347e-16	1.814713164699665e-17
4903.499999999999	1.2437921794732792e-16	1.8028727359754584e-17
4903.749999999998	1.428701457092363e-16	1.893107552893153e-17
4903.999999999999	1.1648022543259774e-16	1.7808927273025768e-17
4904.25	1.0644915834539989e-16	1.7488298832710414e-17
4904.499999999999	1.1811870478994278e-16	1.795287158886102e-17
4904.749999999998	1.3600095996991015e-16	1.8505792197515967e-17
4904.999999999999	1.3697150090878597e-16	1.8474875494941185e-17
4905.25	1.1815277139629016e-16	1.806865205920007e-17
4905.499999999999	1.176231111064602e-16	1.7917112570980354e-17
4905.749999999999	1.3191239810796265e-16	1.8208162686952037e-17
4905.999999999999	1.4018045875967928e-16	1.8527252571328043e-17
4906.249999999999	1.3882757508934675e-16	1.866371421134214e-17
4906.499999999999	1.3615885220523427e-16	1.859655872613141e-17
4906.749999999999	1.1588628328300507e-16	1.7290117938471284e-17
4906.999999999999	1.151069732668617e-16	1.7639512411768783e-17
4907.249999999999	1.125845488546078e-16	1.7799469289901837e-17
4907.499999999999	1.1759379582555133e-16	1.7833913090608545e-17
4907.749999999999	1.3618022655226264e-16	1.8222479528994105e-17
4907.999999999999	1.5870900007840168e-16	1.8989970788545306e-17
4908.249999999999	1.3500213607152992e-16	1.8367917733015628e-17
4908.499999999999	1.1486891730401385e-16	1.7675066288857537e-17
4908.749999999999	1.2378989477427574e-16	1.7913921308177124e-17
4908.999999999999	1.3643187474693597e-16	1.8367591823854282e-17
4909.249999999999	1.3081916974063296e-16	1.8004800333355875e-17
4909.499999999999	1.300287027123875e-16	1.829673884130544e-17
4909.749999999999	1.448121407943842e-16	1.8446665327330677e-17
4909.999999999999	1.3580319101161607e-16	1.797642969270653e-17
4910.249999999999	1.301940726604491e-16	1.786216461724968e-17
4910.499999999998	1.3467240202703158e-16	1.8328595221056083e-17
4910.749999999999	1.3551424689748395e-16	1.8417090311709456e-17
4911.0	1.1037350831214336e-16	1.759959102104575e-17
4911.249999999999	1.186540560823871e-16	1.782120428767728e-17
4911.499999999998	1.3032194816570489e-16	1.8103674886335564e-17
4911.749999999999	1.2284926468634984e-16	1.7825171445895085e-17
4912.0	1.0569696000101356e-16	1.7119033826738167e-17
4912.249999999999	1.1727758783842946e-16	1.7483502839518832e-17
4912.499999999998	1.5464374485739347e-16	1.921707984316664e-17
4912.749999999999	1.5064066714866965e-16	1.90405909333111e-17
4913.0	1.3924358738045682e-16	1.8674029153580677e-17
4913.249999999999	1.431724570620673e-16	1.8639863285559787e-17
4913.499999999999	1.5150014089233675e-16	1.8777176921604815e-17
4913.749999999999	1.422755285802638e-16	1.8499325299487027e-17
4913.999999999999	1.4405263017338291e-16	1.8727177162298434e-17
4914.249999999999	1.3909542278913632e-16	1.8556526493206294e-17
4914.499999999999	1.3011488831477061e-16	1.83276869767435e-17
4914.749999999999	1.2744504046502506e-16	1.8209024609150317e-17
4914.999999999999	1.2523452270070775e-16	1.799434311605198e-17
4915.249999999999	1.3330085716207985e-16	1.8310648710486132e-17
4915.499999999999	1.3410676930672292e-16	1.822863044402905e-17
4915.749999999999	1.3219025138444166e-16	1.8260347857436782e-17
4915.999999999999	1.2791184826319078e-16	1.8074311628951156e-17
4916.249999999999	1.2005901904408597e-16	1.7722091506681177e-17
4916.499999999999	1.3175179272022935e-16	1.82461815622662e-17
4916.749999999999	1.39748776359045e-16	1.8552681757719148e-17
4916.999999999999	1.2111669849741057e-16	1.8091421032741203e-17
4917.249999999998	1.0877976288232519e-16	1.7418780919670233e-17
4917.499999999999	1.1501517607120302e-16	1.7459114246338318e-17
4917.749999999999	1.393882844306495e-16	1.8534981746971738e-17
4917.999999999999	1.1949410100782655e-16	1.7915959481206455e-17
4918.249999999998	1.1589034639417393e-16	1.7714393763900758e-17
4918.499999999999	1.141678519563731e-16	1.7574140327958717e-17
4918.75	1.1950028170136355e-16	1.7747843293511178e-17
4918.999999999999	1.3048873424697518e-16	1.8096835757030975e-17
4919.249999999998	1.2727592504314982e-16	1.815859802464786e-17
4919.499999999999	1.3495329932816479e-16	1.8175269022713253e-17
4919.75	1.2172898420426722e-16	1.7615760747659935e-17
4919.999999999999	1.1669684087396823e-16	1.7412945987629283e-17
4920.249999999999	1.3048778133490952e-16	1.8015654597353796e-17
4920.499999999999	1.4842036880078951e-16	1.8827621704080748e-17
4920.749999999999	1.246923819097956e-16	1.77860044438907e-17
4920.999999999999	8.863564518305812e-17	1.6734983794497147e-17
4921.249999999999	6.842749708693455e-17	1.5909350009689593e-17
4921.499999999999	8.141652895739753e-17	1.6211891318730863e-17
4921.749999999999	1.0333198445527545e-16	1.695976350851353e-17
4921.999999999999	1.0752119103671351e-16	1.7268245628714157e-17
4922.249999999999	1.2015740721486547e-16	1.7941221577113824e-17
4922.499999999999	1.073682287978402e-16	1.7470097550511797e-17
4922.749999999999	1.0655082876885e-16	1.751875065978094e-17
4922.999999999999	1.1425450077989926e-16	1.7530933375842622e-17
4923.249999999999	1.1637764180175137e-16	1.7500283025425082e-17
4923.499999999999	1.1912754749990225e-16	1.7918321909035906e-17
4923.749999999999	1.0783094701505747e-16	1.7623795980130275e-17
4923.999999999998	1.044807596550993e-16	1.7566338360421117e-17
4924.249999999999	9.820496019999418e-17	1.708303161775741e-17
4924.499999999999	1.0928632167200777e-16	1.7301954893036918e-17
4924.749999999999	1.3035364572677792e-16	1.8017737438136205e-17
4924.999999999998	8.143738052627877e-17	1.6512647572010243e-17
4925.249999999999	1.0119300127033173e-16	1.7059915228359002e-17
4925.5	9.919369249490126e-17	1.701627483360193e-17
4925.749999999999	9.236709663095423e-17	1.6879626250769394e-17
4925.999999999998	9.180291974852367e-17	1.6758035663807774e-17
4926.249999999999	9.139989088430823e-17	1.6655304794812364e-17
4926.5	9.959786617708447e-17	1.69343260503163e-17
4926.749999999999	1.3977863427043572e-16	1.8446865505038914e-17
4926.999999999999	1.4065266639288375e-16	1.8515561200550218e-17
4927.249999999999	1.2057949432039413e-16	1.7916789970541458e-17
4927.499999999999	1.0963806533824492e-16	1.742344290960258e-17
4927.749999999999	1.1948635859729306e-16	1.745756907295407e-17
4927.999999999999	9.705150646662573e-17	1.689483644787302e-17
4928.249999999999	9.407449667693719e-17	1.6762285717795072e-17
4928.499999999999	1.173454298835486e-16	1.7657116469565136e-17
4928.749999999999	1.298386893995167e-16	1.80032402707206e-17
4928.999999999999	1.191595494634407e-16	1.7549204141212693e-17
4929.249999999999	1.2213811435268085e-16	1.786729644576996e-17
4929.499999999999	9.611683869655512e-17	1.69093518132621e-17
4929.749999999999	9.897084342043458e-17	1.67424400005387e-17
4929.999999999999	1.130260647783641e-16	1.7383025210512015e-17
4930.249999999999	1.1531252434035869e-16	1.7713776687163794e-17
4930.499999999999	1.0270129563415072e-16	1.719956151373143e-17
4930.749999999998	1.0104641824834243e-16	1.7363391251492457e-17
4930.999999999999	9.724373662353816e-17	1.7279056879320225e-17
4931.249999999999	1.2958235605385387e-16	1.7822398736481807e-17
4931.499999999999	1.1231487474002572e-16	1.7108548485293445e-17
4931.749999999998	8.189393790229374e-17	1.6316162398026847e-17
4931.999999999999	1.1499975742458503e-16	1.7511532681755804e-17
4932.25	9.336764106500858e-17	1.629303608246109e-17
4932.499999999999	1.0791191807085906e-16	1.7181552137434925e-17
4932.749999999998	1.2769592103608994e-16	1.7724915501292433e-17
4932.999999999999	1.2873652748157145e-16	1.7783946418526667e-17
4933.25	1.1410337157326337e-16	1.767510930224939e-17
4933.499999999999	1.2112262772804135e-16	1.790778031930953e-17
4933.749999999998	1.4246360959922365e-16	1.8389048888943908e-17
4933.999999999999	1.3999116013085775e-16	1.838017489533244e-17
4934.249999999999	1.218737871335783e-16	1.7916482259353588e-17
4934.499999999999	1.1876898786541767e-16	1.7914958592665266e-17
4934.749999999999	1.371280564202402e-16	1.855554380263858e-17
4934.999999999999	1.3121560762972758e-16	1.830431085263275e-17
4935.249999999999	1.3603354426859984e-16	1.8335523685866827e-17
4935.499999999999	1.1905238656072323e-16	1.7751575532435017e-17
4935.749999999999	1.203701051288549e-16	1.7916272155478e-17
4935.999999999999	1.3192690354718438e-16	1.837201062268654e-17
4936.249999999999	1.3625845798587546e-16	1.8181982420564734e-17
4936.499999999999	1.2232630125075911e-16	1.7791698755227514e-17
4936.749999999999	1.1075257540837436e-16	1.7495061861398648e-17
4936.999999999999	1.0549854915056415e-16	1.75937494715599e-17
4937.249999999999	1.1491598057214566e-16	1.7925596135342698e-17
4937.499999999999	1.295951409574015e-16	1.7978595251550195e-17
4937.749999999999	1.1664762031879887e-16	1.7223649013168973e-17
4937.999999999999	9.915290918197995e-17	1.727681356549898e-17
4938.249999999999	1.154251797223435e-16	1.782688370976307e-17
4938.499999999998	1.0680261592986624e-16	1.722735147359076e-17
4938.749999999999	1.1119578539802518e-16	1.7286236807037186e-17
4938.999999999999	1.3746688283403172e-16	1.859755630595015e-17
4939.249999999999	1.5519209281162223e-16	1.9203978956625025e-17
4939.499999999998	1.0351550605469892e-16	1.734042375460431e-17
4939.749999999999	1.183248911381502e-16	1.760949568170046e-17
4940.0	1.3005660186008768e-16	1.812491853882715e-17
4940.249999999999	1.3101681958491883e-16	1.8248259439964933e-17
4940.499999999998	1.2664763835452394e-16	1.803402297003615e-17
4940.749999999999	1.27843384178251e-16	1.7961922599123576e-17
4941.0	1.2810444237957273e-16	1.8274983991195296e-17
4941.249999999999	1.5761683050225607e-16	1.9199219359380395e-17
4941.499999999999	1.5767780363956858e-16	1.9086117299864795e-17
4941.749999999999	1.356663554859651e-16	1.83897139421564e-17
4941.999999999999	1.4139093501575468e-16	1.8607300493566024e-17
4942.249999999999	1.47588833909492e-16	1.9009811542718003e-17
4942.499999999999	1.387722400150894e-16	1.8222266116396066e-17
4942.749999999999	1.4120918027411963e-16	1.847167596033183e-17
4942.999999999999	1.3646721190270424e-16	1.847027306201294e-17
4943.249999999999	1.2242012338455733e-16	1.7930107578403562e-17
4943.499999999999	1.2116340442351776e-16	1.8015604966517043e-17
4943.749999999999	1.137652333737415e-16	1.7669421608357475e-17
4943.999999999999	1.0902620314786189e-16	1.7390542627918897e-17
4944.249999999999	1.1876219836694983e-16	1.7757173890820776e-17
4944.499999999999	1.288279011607565e-16	1.8245997928170213e-17
4944.749999999999	1.2436595658774747e-16	1.8038952966486965e-17
4944.999999999999	9.541512483931413e-17	1.6465670330662132e-17
4945.249999999998	1.0602966527827219e-16	1.7441607795854246e-17
4945.499999999999	1.2759755933509004e-16	1.818466744883308e-17
4945.749999999999	1.29659369877605e-16	1.7887396934655e-17
4945.999999999999	1.2130198695462245e-16	1.7394536255916303e-17
4946.249999999998	1.1663815737259127e-16	1.7634287939019898e-17
4946.499999999999	1.1572410294338547e-16	1.721874879522021e-17
4946.75	1.197960682535227e-16	1.7255917328864667e-17
4946.999999999999	1.0375521637877189e-16	1.70501429166023e-17
4947.249999999998	1.0577922807601564e-16	1.7300512290048626e-17
4947.499999999999	1.2521367774927141e-16	1.7974072227960755e-17
4947.75	1.3338914711194131e-16	1.8461815967430198e-17
4947.999999999999	1.3284569606693888e-16	1.8504478634703233e-17
4948.249999999999	1.2317730466495367e-16	1.8223291820355632e-17
4948.499999999999	1.0965085685923744e-16	1.768612569364737e-17
4948.749999999999	1.0822542614046156e-16	1.7603367927722666e-17
4948.999999999999	1.1809658928908556e-16	1.7949139349937182e-17
4949.249999999999	1.1983571998336605e-16	1.788390788683125e-17
4949.499999999999	1.410088966867634e-16	1.879108844514673e-17
4949.749999999999	1.1774117955837358e-16	1.7836043907866482e-17
4949.999999999999	1.3551874676001624e-16	1.8258226966346196e-17
4950.249999999999	1.5477786723063527e-16	1.8904678541223738e-17
4950.499999999999	1.3592812837133608e-16	1.844906415110708e-17
4950.749999999999	1.2260475009727916e-16	1.803660211918609e-17
4950.999999999999	1.177696875110046e-16	1.7605745244803143e-17
4951.249999999999	1.165074760706977e-16	1.7677230193339976e-17
4951.499999999999	1.3115904171071875e-16	1.8231810126303703e-17
4951.749999999999	1.4118894412761413e-16	1.868232081204091e-17
4951.999999999998	1.2874842564750241e-16	1.8457522900051048e-17
4952.249999999999	1.0790267350033317e-16	1.7728555095987666e-17
4952.499999999999	1.208646267862636e-16	1.8159426859621638e-17
4952.749999999999	1.2011078069809708e-16	1.8237360508213934e-17
4952.999999999998	1.302798479812484e-16	1.8545877370000287e-17
4953.249999999999	1.3300181482702968e-16	1.859358418464867e-17
4953.5	1.0726615471025116e-16	1.7516580137853602e-17
4953.749999999999	1.137638437103124e-16	1.8018733363593718e-17
4953.999999999998	1.217971571216314e-16	1.8208321505629647e-17
4954.249999999999	1.2846208880666106e-16	1.8213795786923523e-17
4954.5	1.24876505696705e-16	1.8158467330111076e-17
4954.749999999999	1.2263941227366759e-16	1.7999835595319332e-17
4954.999999999998	1.1123555624187673e-16	1.7441114796209164e-17
4955.249999999999	9.533959332322069e-17	1.7024030479025226e-17
4955.499999999999	1.124052028629165e-16	1.7550502814774402e-17
4955.749999999999	1.384960278649457e-16	1.8477438100478874e-17
4955.999999999999	1.4629532195480608e-16	1.8853990567647714e-17
4956.249999999999	1.2767449374950237e-16	1.8391399736244784e-17
4956.499999999999	1.2972993831002314e-16	1.8441727059073735e-17
4956.749999999999	1.7765395073492818e-16	1.9227355080735774e-17
4956.999999999999	1.308869456113031e-16	2.2235599210354322e-17
4957.249999999999	1.154578831350414e-16	2.1902683829220105e-17
4957.499999999999	1.159569178898722e-16	1.7667555488895556e-17
4957.749999999999	1.2288494594925293e-16	1.7603018857504168e-17
4957.999999999999	9.498292627797763e-17	1.6901402607575465e-17
4958.249999999999	1.0936129732272957e-16	1.743028203890717e-17
4958.499999999999	1.261321791014503e-16	1.82789643843029e-17
4958.749999999999	1.473593409203453e-16	1.929195954093739e-17
4958.999999999999	1.5968149978096803e-16	1.9799156914052855e-17
4959.249999999999	1.445033046408814e-16	1.9065116838473298e-17
4959.499999999999	1.1747420536131086e-16	1.7957065394566665e-17
4959.749999999998	1.2147781246562672e-16	1.8237749283101834e-17
4959.999999999999	1.3952811104139546e-16	1.8840917805246926e-17
4960.25	1.4977225985438698e-16	1.9149679512494594e-17
4960.499999999999	1.3827857862551776e-16	1.882547765193301e-17
4960.749999999998	1.0264039528873212e-16	1.787003772231996e-17
4960.999999999999	1.2657894927645754e-16	1.8596442920845653e-17
4961.25	1.289182954580963e-16	1.872143818320854e-17
4961.499999999999	1.1503759597452566e-16	1.811895952969432e-17
4961.749999999998	1.1404857912948786e-16	1.790168234383379e-17
4961.999999999999	1.2718607337629186e-16	1.8395659716399432e-17
4962.25	1.0339453916191916e-16	1.7459258175764902e-17
4962.499999999999	1.2510531047158207e-16	1.8468726234267466e-17
4962.749999999999	1.300944007053589e-16	1.8754179646214615e-17
4962.999999999999	1.1685980207208608e-16	1.8373899903205612e-17
4963.249999999999	1.1321407962287496e-16	1.8186867749262472e-17
4963.499999999999	1.3341795946703776e-16	1.885462418799693e-17
4963.749999999999	1.2944421027411262e-16	1.8738866878715034e-17
4963.999999999999	1.6898933308010872e-16	2.0039859854860886e-17
4964.249999999999	1.670875058855064e-16	1.9682890061513627e-17
4964.499999999999	1.3433049188391646e-16	1.8400591367211473e-17
4964.749999999999	1.1137914156132613e-16	1.7921198843206366e-17
4964.999999999999	1.50698993308022e-16	1.9485246834672656e-17
4965.249999999999	1.0453035078718308e-16	1.7700875978330417e-17
4965.499999999999	9.779310366428158e-17	1.738115412796642e-17
4965.749999999999	1.3164051376678382e-16	1.8601232296592335e-17
4965.999999999999	1.4122041669556055e-16	1.9147846480257177e-17
4966.249999999999	1.3064693088476472e-16	1.8677946680961728e-17
4966.499999999998	1.3963377840156544e-16	1.8981915703740265e-17
4966.749999999999	1.304702318710336e-16	1.8894176656166765e-17
4966.999999999999	1.4976666149600122e-16	1.9575894249279893e-17
4967.249999999999	1.4410146691674804e-16	1.9243442089288705e-17
4967.499999999998	1.3179275470416298e-16	1.8642687280171043e-17
4967.749999999999	1.3364272760052557e-16	1.871550564385531e-17
4968.0	1.5471685438865336e-16	1.934531930789196e-17
4968.249999999999	1.193498671787769e-16	1.8211997496271833e-17
4968.499999999998	1.137857606878226e-16	1.8102900645282214e-17
4968.749999999999	1.264380771094173e-16	1.872600587455106e-17
4969.0	1.3964842942457498e-16	1.904219400933823e-17
4969.249999999999	1.2429132504416048e-16	1.8200377263026688e-17
4969.499999999999	8.163015993111793e-17	1.6243835379626436e-17
4969.749999999999	1.562914621678195e-16	1.9067758853349793e-17
4969.999999999999	1.1275586126818999e-16	1.766810142809984e-17
4970.249999999999	1.130978772904235e-16	1.7848052915999527e-17
4970.499999999999	1.4477132439423839e-16	1.9139040315455937e-17
4970.749999999999	1.1583562012484742e-16	1.8093712323037975e-17
4970.999999999999	1.6181612868716727e-16	1.9570037810543017e-17
4971.249999999999	1.2639514312690335e-16	1.8424930329555233e-17
4971.499999999999	1.2044537194715233e-16	1.8151355231204345e-17
4971.749999999999	1.3150954129731462e-16	1.851636191138317e-17
4971.999999999999	1.3594828510850277e-16	1.8712421914531713e-17
4972.249999999999	1.1498099035084743e-16	1.8108656167984358e-17
4972.499999999999	1.3845153216543525e-16	1.873161746782662e-17
4972.749999999999	1.269387926952528e-16	1.8104657576903277e-17
4972.999999999999	1.0615380192715925e-16	1.7363859435719162e-17
4973.249999999998	1.1718580387766057e-16	1.7778535002959345e-17
4973.499999999999	1.4967404373717488e-16	1.8946780380041462e-17
4973.749999999999	1.2872686601201683e-16	1.8425960996598474e-17
4973.999999999999	1.3418633746420562e-16	1.8444918321876965e-17
4974.249999999998	1.4573841102687618e-16	1.8885231525022617e-17
4974.499999999999	1.502951571155287e-16	1.909658775205849e-17
4974.75	1.4141343432841612e-16	1.8681908876095857e-17
4974.999999999999	1.2785248978243398e-16	1.8051565816467173e-17
4975.249999999998	1.5697378691150224e-16	1.8978517645783897e-17
4975.499999999999	1.3114285544049231e-16	1.828903448108012e-17
4975.75	1.0993399085674699e-16	1.739637590559862e-17
4975.999999999999	1.3946668791782972e-16	1.819633069547008e-17
4976.249999999998	1.5215169451723252e-16	1.8639904644590415e-17
4976.499999999999	9.453271503162216e-17	1.6634258011306564e-17
4976.749999999999	1.1758770777624294e-16	1.7691978823661796e-17
4976.999999999999	1.1566295775250555e-16	1.7580691598410137e-17
4977.249999999999	1.3259866684880604e-16	1.7724086666318655e-17
4977.499999999999	1.3752351492748955e-16	1.810875046657419e-17
4977.749999999999	1.2625313275934025e-16	1.8031596022118918e-17
4977.999999999999	9.531341471119461e-17	1.6955958477695788e-17
4978.249999999999	1.2453421174178566e-16	1.7798600750258656e-17
4978.499999999999	1.2346062395092043e-16	1.787462526599718e-17
4978.749999999999	1.1625981157785441e-16	1.753848222611278e-17
4978.999999999999	1.0832481354542103e-16	1.7175389641871405e-17
4979.249999999999	1.0964475557503924e-16	1.7241971063737023e-17
4979.499999999999	1.344060498697895e-16	1.7986157336710155e-17
4979.749999999999	1.28997731266681e-16	1.7819783191384914e-17
4979.999999999999	1.2514064762735033e-16	1.7573225466201233e-17
4980.249999999999	1.1334646822555285e-16	1.7264094836400366e-17
4980.499999999999	1.2352854540537839e-16	1.7714645226806974e-17
4980.749999999999	1.4417468232712634e-16	1.8458062221810432e-17
4980.999999999998	1.1554307612068947e-16	1.721799109777911e-17
4981.249999999999	1.0382951705011385e-16	1.6986809005821565e-17
4981.5	1.0662708158643759e-16	1.700848279223168e-17
4981.749999999999	1.1906139952067761e-16	1.7440262800178235e-17
4981.999999999998	1.142863306898703e-16	1.7168906200230214e-17
4982.249999999999	9.642748802996063e-17	1.62249475375194e-17
4982.5	1.5427705900057117e-16	1.842407667916308e-17
4982.749999999999	1.0884466016446365e-16	1.6336841913340673e-17
4982.999999999998	1.3622380904437684e-16	1.761903803724687e-17
4983.249999999999	1.5068716131654003e-16	1.833758501995331e-17
4983.5	1.2799894707297017e-16	1.7432116725505812e-17
4983.749999999999	9.071895580405458e-17	1.5889783879480264e-17
4983.999999999999	1.0664490236555443e-16	1.6473017348862828e-17
4984.249999999999	1.1592987901000906e-16	1.7066800679777893e-17
4984.499999999999	1.1714345223029786e-16	1.717186916118438e-17
4984.749999999999	1.1710787684651318e-16	1.7208839171481824e-17
4984.999999999999	1.245487701205666e-16	1.7551245622964474e-17
4985.249999999999	1.4684254494340177e-16	1.825923281797106e-17
4985.499999999999	1.5453433202340986e-16	1.8274545585470643e-17
4985.749999999999	1.4045774293589686e-16	1.7807107475678152e-17
4985.999999999999	1.2130953084180893e-16	1.7342595930892874e-17
4986.249999999999	1.1956166512025988e-16	1.7371821876295597e-17
4986.499999999999	1.2733892311860186e-16	1.7666203875774644e-17
4986.749999999999	1.1757541256361795e-16	1.736833282847185e-17
4986.999999999999	1.22121623679989e-16	1.714092102574632e-17
4987.249999999999	1.1279915259272856e-16	1.659712918233151e-17
4987.499999999999	1.1703930688245498e-16	1.6857457810352973e-17
4987.749999999998	1.2702063725378125e-16	1.7487997738967445e-17
4987.999999999999	1.353918506366057e-16	1.777558196817253e-17
4988.249999999999	1.2276963035441813e-16	1.7051793969104956e-17
4988.499999999999	9.337447026814581e-17	1.6257485514094786e-17
4988.749999999998	1.0768696464891404e-16	1.6711311539727104e-17
4988.999999999999	1.1008423332576622e-16	1.6690741212254135e-17
4989.25	1.1673460001457005e-16	1.6900727628195622e-17
4989.499999999999	1.3779686834143628e-16	1.7728450871230484e-17
4989.749999999998	1.1927981490706101e-16	1.7014541063038018e-17
4989.999999999999	1.2012314208517108e-16	1.7260488328929635e-17
4990.25	1.2753392598492756e-16	1.7601996462267053e-17
4990.499999999999	1.388579623963295e-16	1.776722578962452e-17
4990.749999999999	1.338086004743996e-16	1.7458331733478843e-17
4990.999999999999	1.1352843472542471e-16	1.6698582884461138e-17
4991.249999999999	1.1640588505658638e-16	1.6744249871718966e-17
4991.499999999999	1.2243003631701816e-16	1.71924758846043e-17
4991.749999999999	1.4485082637727208e-16	1.800493102789266e-17
4991.999999999999	1.5005940402350619e-16	1.8027819115442e-17
4992.249999999999	1.3570105736702292e-16	1.7484667509821306e-17
4992.499999999999	1.3301381887207905e-16	1.7389770041226773e-17
4992.749999999999	1.2302606957919937e-16	1.6973693230028924e-17
4992.999999999999	1.4254181456305686e-16	1.7566105095488377e-17
4993.249999999999	1.3431827608063028e-16	1.730422963972144e-17
4993.499999999999	1.3182164646859823e-16	1.740307937728275e-17
4993.749999999999	1.4457280104722566e-16	1.7867948264092652e-17
4993.999999999999	1.3223228539444915e-16	1.7347236414129296e-17
4994.249999999999	9.934381584991229e-17	1.618821906396082e-17
4994.499999999998	8.350347917308922e-17	1.5773138178220486e-17
4994.749999999999	1.2448930576069138e-16	1.7176926543449528e-17
4994.999999999999	1.4649340855045538e-16	1.77649444254951e-17
4995.249999999999	1.2137530824411915e-16	1.672732906510858e-17
4995.499999999998	1.0961354108744394e-16	1.650082716105686e-17
4995.749999999999	1.070468261164715e-16	1.638843813122928e-17
4996.0	1.167215371783366e-16	1.6542030681729352e-17
4996.249999999999	1.1263826927230945e-16	1.6563224703384186e-17
4996.499999999998	9.983399646346631e-17	1.6228193394243058e-17
4996.749999999999	9.820617119241096e-17	1.597003694251016e-17
4997.0	1.2748540687891765e-16	1.7196714358063022e-17
4997.249999999999	1.2751556919277378e-16	1.7064051131421767e-17
4997.499999999998	1.330128659600134e-16	1.732373455856544e-17
4997.749999999999	1.1728338472016223e-16	1.6865762703703005e-17
4997.999999999999	1.097158203158249e-16	1.6506799405079494e-17
4998.249999999999	1.3125306236786398e-16	1.699859136646677e-17
4998.499999999999	1.1705577108536724e-16	1.645692206850377e-17
4998.749999999999	1.0156939491882296e-16	1.6167921706089994e-17
4998.999999999999	9.146279631553166e-17	1.568142204626183e-17
4999.249999999999	9.246431351398637e-17	1.5525620923526244e-17
4999.499999999999	1.0377342096969295e-16	1.5787876882374956e-17
4999.749999999999	1.11077439013426e-16	1.6073459334497664e-17
4999.999999999999	9.186822731224595e-17	1.549005381154769e-17
5000.249999999999	1.0436173829112027e-16	1.6139023324209842e-17
5000.499999999999	1.0747695341755417e-16	1.608379743779335e-17
5000.749999999999	1.1137532991306349e-16	1.6351815536789108e-17
5000.999999999999	1.147278730834062e-16	1.6747932479806052e-17
5001.249999999998	1.1794965554251654e-16	1.640442091502503e-17
5001.499999999999	1.2375266502926595e-16	1.7031683554052567e-17
5001.749999999999	1.0169907036909167e-16	1.6135693095063703e-17
5001.999999999999	1.0181596091581277e-16	1.6206221822812425e-17
5002.249999999998	9.803794912559727e-17	1.616271046823091e-17
5002.499999999999	9.596272502226914e-17	1.5902838443907576e-17
5002.75	1.1761753921785405e-16	1.66753920488076e-17
5002.999999999999	9.5010613667441e-17	1.57402114267572e-17
5003.249999999998	1.1718522154250934e-16	1.665245598478273e-17
5003.499999999999	1.0320673607564513e-16	1.6086457650643322e-17
5003.75	1.0300756421903216e-16	1.5990144048840098e-17
5003.999999999999	1.3013828759993851e-16	1.703367044188392e-17
5004.249999999998	1.1513123281986666e-16	1.6534630723969453e-17
5004.499999999999	1.2954459691325205e-16	1.721881993275289e-17
5004.749999999999	1.286671237194558e-16	1.7003218614813392e-17
5004.999999999999	1.251013135348622e-16	1.662904015600258e-17
5005.249999999999	1.176184391903605e-16	1.6308668141677117e-17
5005.499999999999	1.0563805812395489e-16	1.6108374628153527e-17
5005.749999999999	1.0668976864197931e-16	1.6153558541933624e-17
5005.999999999999	1.1579917123833588e-16	1.6685596148844056e-17
5006.249999999999	1.1608697715194513e-16	1.665566048247576e-17
5006.499999999999	1.1564752587099776e-16	1.6645798835212904e-17
5006.749999999999	1.2321727403215223e-16	1.6860713593243982e-17
5006.999999999999	1.359564907401793e-16	1.7099194726926695e-17
5007.249999999999	1.13822950728163e-16	1.646998490473721e-17
5007.499999999999	1.2663195501010993e-16	1.6725252841771073e-17
5007.749999999999	1.187958282219338e-16	1.6374663919669048e-17
5007.999999999999	1.2566482867280274e-16	1.677878962537673e-17
5008.249999999999	1.3943154928540847e-16	1.7393356696362803e-17
5008.499999999999	1.3742573556164089e-16	1.7104715330334874e-17
5008.749999999999	1.1915249526717685e-16	1.6544528767179262e-17
5008.999999999998	1.3136514864958736e-16	1.7163913338052844e-17
5009.249999999999	1.2288411215119547e-16	1.661471007907071e-17
5009.499999999999	1.0975717272900765e-16	1.6034489201479065e-17
5009.749999999999	1.1633886357463488e-16	1.643614660023889e-17
5009.999999999998	1.4919918912601024e-16	1.7655567987458437e-17
5010.249999999999	1.3447029202488282e-16	1.6634633551304664e-17
5010.5	1.2500497677200183e-16	1.6740065992180672e-17
5010.749999999999	1.1945540219004887e-16	1.654934957578922e-17
5010.999999999998	1.248234470234934e-16	1.6592439068258334e-17
5011.249999999999	1.2665424256453456e-16	1.664526282217597e-17
5011.5	1.0886848296610518e-16	1.5978922516650203e-17
5011.749999999999	1.3150052833736024e-16	1.6754326585941087e-17
5011.999999999999	1.3041283215396731e-16	1.664933255078973e-17
5012.249999999999	1.326603679050576e-16	1.6930446573243427e-17
5012.499999999999	1.3004258611178858e-16	1.6671366987946918e-17
5012.749999999999	1.2647571713601092e-16	1.6114575174025224e-17
5012.999999999999	1.467806321289134e-16	1.7157730990154623e-17
5013.249999999999	1.3766225627727185e-16	1.719994697989688e-17
5013.499999999999	1.1039048867575785e-16	1.6321947699231043e-17
5013.749999999999	1.2102782621239787e-16	1.6681724943577307e-17
5013.999999999999	1.4343605636223079e-16	1.7254689792835638e-17
5014.249999999999	1.4573819926863937e-16	1.7226805534386476e-17
5014.499999999999	1.4417346471726466e-16	1.735143352855739e-17
5014.749999999999	1.3048934305190602e-16	1.696069987696694e-17
5014.999999999999	1.338616591476112e-16	1.6744589015770112e-17
5015.249999999999	1.411617596639632e-16	1.7104450632538857e-17
5015.499999999999	1.349518567251765e-16	1.700966235178518e-17
5015.749999999998	1.2142650079786883e-16	1.6430640886081736e-17
5015.999999999999	1.6648439195728174e-16	1.8092539380929375e-17
5016.249999999999	1.4180812521205703e-16	1.7322070271172983e-17
5016.499999999999	1.3473423543218114e-16	1.6910650486823808e-17
5016.749999999998	1.2231894265202984e-16	1.6513924738876025e-17
5016.999999999999	1.0645315528211974e-16	1.5778121114230506e-17
5017.25	1.0035197696304702e-16	1.5192232395081646e-17
5017.499999999999	1.4751563173400351e-16	1.7229478982126247e-17
5017.749999999998	1.443238792398513e-16	1.701704576593283e-17
5017.999999999999	1.2850711390176354e-16	1.6345715906952142e-17
5018.25	1.0383669036038591e-16	1.5324683863486087e-17
5018.499999999999	9.916517130738043e-17	1.5102718217913608e-17
5018.749999999999	1.2430186001644196e-16	1.622876084014327e-17
5018.999999999999	1.1008754204821643e-16	1.5736573486423192e-17
5019.249999999999	1.1256648323002965e-16	1.6070253182443408e-17
5019.499999999999	1.039504177684446e-16	1.5801378124333046e-17
5019.749999999999	1.1013726552919822e-16	1.5866920607349298e-17
5019.999999999999	1.315014944843157e-16	1.6411498272346034e-17
5020.249999999999	1.3838031522341688e-16	1.675711087588294e-17
5020.499999999999	1.190784328238513e-16	1.6226228013107632e-17
5020.749999999999	1.158462477413575e-16	1.59901705186197e-17
5020.999999999999	1.18259510782534e-16	1.610302938703521e-17
5021.249999999999	1.1642867553682344e-16	1.6055593887627743e-17
5021.499999999999	1.2406629221287666e-16	1.631957865395669e-17
5021.749999999999	1.60635616221601e-16	1.7591130617740556e-17
5021.999999999999	1.3455928342390373e-16	1.6644493544206296e-17
5022.249999999999	1.156932656501495e-16	1.5955228755184234e-17
5022.499999999998	1.3442267289137937e-16	1.660258526565191e-17
5022.749999999999	1.4036607808913618e-16	1.6684912897658087e-17
5022.999999999999	1.1993749628593458e-16	1.6077183301615377e-17
5023.249999999999	1.3051532314058508e-16	1.6646387787809042e-17
5023.499999999998	1.172969901868775e-16	1.5922667617551697e-17
5023.749999999999	1.2485899593749848e-16	1.646642802810323e-17
5024.0	1.3040403095224975e-16	1.672217407553115e-17
5024.249999999999	1.245987980040138e-16	1.652707691061562e-17
5024.499999999998	1.216303048659121e-16	1.628322902911866e-17
5024.749999999999	1.3995539945861585e-16	1.6774069732801502e-17
5025.0	1.3154921949693756e-16	1.6797715517791943e-17
5025.249999999999	1.407765052567503e-16	1.6847220623092017e-17
5025.499999999998	1.264004503177135e-16	1.6403436570096092e-17
5025.749999999999	1.16321843506351e-16	1.6043412825927287e-17
5025.999999999999	1.2454998773042827e-16	1.6147645854915094e-17
5026.249999999999	1.2487467928191248e-16	1.6100850593301745e-17
5026.499999999999	1.3990587450098108e-16	1.6736315555283357e-17
5026.749999999999	1.249481726249766e-16	1.6410940752613173e-17
5026.999999999999	1.0730621010423343e-16	1.5829085366131123e-17
5027.249999999999	1.0486703976627176e-16	1.570314215478625e-17
5027.499999999999	1.2283062996151024e-16	1.6337376272016382e-17
5027.749999999999	1.5114270622348523e-16	1.7103204898536352e-17
5027.999999999999	1.5644527805708496e-16	1.6863630232083844e-17
5028.249999999999	1.34214024853669e-16	1.651585041534205e-17
5028.499999999999	1.2637927449403214e-16	1.6454030245082286e-17
5028.749999999999	1.3229742752204893e-16	1.6591393511964067e-17
5028.999999999999	1.3768094394167065e-16	1.6572143364748733e-17
5029.249999999999	1.2050754945943672e-16	1.583822405753861e-17
5029.499999999999	1.177182302594589e-16	1.591692367537813e-17
5029.749999999999	1.1976227957986114e-16	1.5878059421477937e-17
5029.999999999999	1.25765493244628e-16	1.62339224471656e-17
5030.249999999998	1.2835071720898692e-16	1.660596843435725e-17
5030.499999999999	1.2740945184635058e-16	1.6535631612510642e-17
5030.749999999999	1.4177550120869793e-16	1.7154336240920705e-17
5030.999999999999	1.2591318137991566e-16	1.6290792768639846e-17
5031.249999999998	1.2038956041686216e-16	1.624434492288377e-17
5031.499999999999	1.2469805967752016e-16	1.6284818870255988e-17
5031.75	1.3246721792330401e-16	1.6331455313191728e-17
5031.999999999999	1.3118889962210946e-16	1.6597334323123422e-17
5032.249999999998	1.2030725263719068e-16	1.6402063450279254e-17
5032.499999999999	1.396925016076118e-16	1.6937631464044063e-17
5032.75	1.4775284066390412e-16	1.7170997312818748e-17
5032.999999999999	1.45616941208284e-16	1.7198287655588097e-17
5033.249999999999	1.3737691205316556e-16	1.6936683515062077e-17
5033.499999999999	1.1985876192650933e-16	1.6290046651727323e-17
5033.749999999999	1.280901089939184e-16	1.658403325887357e-17
5033.999999999999	1.3655288134438513e-16	1.686465262732096e-17
5034.249999999999	1.2753552740659346e-16	1.6613092113792558e-17
5034.499999999999	1.1868412575201463e-16	1.641672605381737e-17
5034.749999999999	1.200361491545101e-16	1.6547569483111007e-17
5034.999999999999	1.285656518193527e-16	1.6795004019743994e-17
5035.249999999999	1.32382951379942e-16	1.6876072682857866e-17
5035.499999999999	1.1946145053468786e-16	1.6400822679360425e-17
5035.749999999999	1.317308683594542e-16	1.6559596689217528e-17
5035.999999999999	1.3462847542778256e-16	1.6578062669212162e-17
5036.249999999999	1.1845330927388783e-16	1.6219253226182585e-17
5036.499999999999	1.1031289913430038e-16	1.617332815857364e-17
5036.749999999999	1.3239905824082964e-16	1.6991214569764023e-17
5036.999999999998	1.4443899631133908e-16	1.7338124192501412e-17
5037.249999999999	1.3414014769880066e-16	1.6729497932674695e-17
5037.499999999999	1.2943363559716174e-16	1.6592137974515364e-17
5037.749999999999	1.3872243712476881e-16	1.7086457799854603e-17
5037.999999999998	1.2943830751326144e-16	1.6371616586292402e-17
5038.249999999999	1.1596356180455222e-16	1.6297557451689305e-17
5038.5	1.394771434807724e-16	1.7368231912437117e-17
5038.749999999999	1.321161492364467e-16	1.7032026006826164e-17
5038.999999999998	1.1851003401157427e-16	1.6539158710642568e-17
5039.249999999999	1.17445088603749e-16	1.6684461257043633e-17
5039.5	1.0685118797543536e-16	1.6259000908976983e-17
5039.749999999999	1.1498775337953567e-16	1.6525326596439456e-17
5039.999999999999	1.46434552995511e-16	1.7519026938105534e-17
5040.249999999999	1.4944260521922745e-16	1.725126857382212e-17
5040.499999999999	1.4563801115284695e-16	1.699493026507561e-17
5040.749999999999	1.4398808361582418e-16	1.7414416714758403e-17
5040.999999999999	1.1429627009211074e-16	1.6403142093798023e-17
5041.249999999999	1.0609966461042888e-16	1.5970652364885898e-17
5041.499999999999	1.06868955814993e-16	1.6030225912601967e-17
5041.749999999999	1.0584540252501988e-16	1.599955736421095e-17
5041.999999999999	1.1612682740513549e-16	1.644045621123029e-17
5042.249999999999	1.406533016675942e-16	1.7441637574356298e-17
5042.499999999999	1.4502661218360695e-16	1.763151853832907e-17
5042.749999999999	1.2058732937515623e-16	1.6899753209434034e-17
5042.999999999999	1.3189970584864363e-16	1.7058646333299346e-17
5043.249999999999	1.4840682950852325e-16	1.759181552328775e-17
5043.499999999999	1.5237188337884923e-16	1.7739220762805925e-17
5043.749999999998	1.3748616606847156e-16	1.7208198933687708e-17
5043.999999999999	1.313658500987468e-16	1.6843721649100917e-17
5044.249999999999	9.708432899333184e-17	1.5707248279346962e-17
5044.499999999999	1.1664875851932175e-16	1.656179037220202e-17
5044.749999999998	1.2061038455318931e-16	1.667981084763986e-17
5044.999999999999	1.2109470211056156e-16	1.668848135482064e-17
5045.25	1.4257963987810769e-16	1.7516820020231242e-17
5045.499999999999	1.1839109205693404e-16	1.6556062973640702e-17
5045.749999999998	1.259889246542459e-16	1.6757234952974823e-17
5045.999999999999	1.4788021324334749e-16	1.7552392095293473e-17
5046.25	1.4139031297593404e-16	1.7160455723092372e-17
5046.499999999999	1.2012549789555563e-16	1.630475226865729e-17
5046.749999999998	1.1985148273711886e-16	1.6394913301064346e-17
5046.999999999999	1.0093165190143438e-16	1.5394155454411966e-17
5047.249999999999	1.141117757282869e-16	1.590041976779647e-17
5047.499999999999	1.2214593617255315e-16	1.635112897688069e-17
5047.749999999999	1.0693246343370237e-16	1.593268642913094e-17
5047.999999999999	1.0023699885790215e-16	1.5715923749611418e-17
5048.249999999999	1.3344117346374845e-16	1.6763323002283213e-17
5048.499999999999	1.1391420529333984e-16	1.6109463197839647e-17
5048.749999999999	1.1122966671591535e-16	1.6139410444736517e-17
5048.999999999999	1.0867108458472553e-16	1.595834722609356e-17
5049.249999999999	1.1102400976329996e-16	1.592139541376959e-17
5049.499999999999	1.1762745215031489e-16	1.617355480606148e-17
5049.749999999999	1.319492043364988e-16	1.6539507780861065e-17
5049.999999999999	1.205585964293986e-16	1.6418569012222137e-17
5050.249999999999	1.0176865941966454e-16	1.5686302411875894e-17
5050.499999999999	1.0833338975401198e-16	1.5882670126212308e-17
5050.749999999999	1.0798380999225727e-16	1.5820100530317572e-17
5050.999999999999	9.505870263953238e-17	1.531893661259007e-17
5051.249999999999	9.216655496324688e-17	1.5332007720629632e-17
5051.499999999998	1.32445023013108e-16	1.6798613835937176e-17
5051.749999999999	9.274777176629604e-17	1.4818737187456803e-17
5051.999999999999	9.634788678525343e-17	1.4940632176883842e-17
5052.249999999999	1.067052534630463e-16	1.549319048043049e-17
5052.499999999998	1.1078142746814021e-16	1.571806945612038e-17
5052.749999999999	1.3081914327085336e-16	1.6383236819537547e-17
5053.0	1.5045210967367696e-16	1.7261002835270643e-17
5053.249999999999	1.1825745937461487e-16	1.5970589499159344e-17
5053.499999999998	1.0408569819454397e-16	1.545480268256313e-17
5053.749999999999	9.959159945676377e-17	1.521680296799692e-17
5054.0	1.0041351920062096e-16	1.5279223671381398e-17
5054.249999999999	1.2533913126969366e-16	1.6325203482122052e-17
5054.499999999999	1.0840227073798049e-16	1.5617983910723915e-17
5054.749999999999	1.116967789165465e-16	1.584082305902325e-17
5054.999999999999	1.1407657092141665e-16	1.5788975378228426e-17
5055.249999999999	1.2125342814394314e-16	1.6017414539274746e-17
5055.499999999999	1.303986178823212e-16	1.633390211344366e-17
5055.749999999999	1.0627552320865765e-16	1.566203293270359e-17
5055.999999999999	8.864755658387889e-17	1.5066302418626573e-17
5056.249999999999	8.51396159549395e-17	1.4241289019278435e-17
5056.499999999999	8.607167645171936e-17	1.469095763515206e-17
5056.749999999999	9.87310603044677e-17	1.5435244824159925e-17
5056.999999999999	1.1172278547500516e-16	1.5811909787892072e-17
5057.249999999999	1.1152258129698773e-16	1.600601764479499e-17
5057.499999999999	1.3140739441783167e-16	1.6434129933905485e-17
5057.749999999999	1.2581851221317019e-16	1.624622096851304e-17
5057.999999999999	1.317243964983416e-16	1.6420794128069905e-17
5058.249999999998	1.2505065037670456e-16	1.612597868594988e-17
5058.499999999999	1.1472375703267814e-16	1.5638852023217402e-17
5058.749999999999	1.4188614488743303e-16	1.6855867969215646e-17
5058.999999999999	1.2068375878224522e-16	1.5943370293922674e-17
5059.249999999998	1.176465500962975e-16	1.6028887534370856e-17
5059.499999999999	1.2138907252951203e-16	1.594554577893369e-17
5059.75	1.2000578831730695e-16	1.5903991533681475e-17
5059.999999999999	1.224478107740207e-16	1.6093599528052105e-17
5060.249999999998	1.2538952973005529e-16	1.6119882364835365e-17
5060.499999999999	1.1807943687190366e-16	1.6035455348434527e-17
5060.75	1.0913412705674291e-16	1.5677004901790798e-17
5060.999999999999	1.3833791063649496e-16	1.6603347926176683e-17
5061.249999999999	1.44184939366722e-16	1.67931197023086e-17
5061.499999999999	1.0959709011942149e-16	1.5724294817410455e-17
5061.749999999999	1.266596423995733e-16	1.629130892934208e-17
5061.999999999999	1.157743425850695e-16	1.5908916567048615e-17
5062.249999999999	1.3451382157743781e-16	1.6584397218343093e-17
5062.499999999999	1.3846284799621497e-16	1.6513636880022857e-17
5062.749999999999	1.2288822820192354e-16	1.6024624245493758e-17
5062.999999999999	1.163829357576717e-16	1.5916607692384133e-17
5063.249999999999	1.337819454063407e-16	1.6504612339539903e-17
5063.499999999999	1.2045823626003876e-16	1.598067117646514e-17
5063.749999999999	1.131396995421942e-16	1.5718324227749047e-17
5063.999999999999	1.1238888424379206e-16	1.5752726669425128e-17
5064.249999999999	1.232462319710365e-16	1.6114747227592635e-17
5064.499999999999	1.3688445503856579e-16	1.6427543921868338e-17
5064.749999999999	1.2591675480016189e-16	1.569997074431772e-17
5064.999999999998	1.1568461003221974e-16	1.5774239982796407e-17
5065.249999999999	1.238468577399786e-16	1.5952523874581186e-17
5065.499999999999	1.209720411518873e-16	1.5754890573907566e-17
5065.749999999999	1.2256681890310993e-16	1.5843203684826178e-17
5065.999999999998	1.3972594617413854e-16	1.647896312310586e-17
5066.249999999999	1.32164311000432e-16	1.646165850469125e-17
5066.5	1.1521956247439753e-16	1.5645578655958684e-17
5066.749999999999	1.150147657896192e-16	1.5826410264030126e-17
5066.999999999998	1.3322789321460778e-16	1.6456420797052564e-17
5067.249999999999	1.392665499142613e-16	1.6613312143835497e-17
5067.5	1.241604716886995e-16	1.6119361241049456e-17
5067.749999999999	1.3357238416123406e-16	1.6511916344348747e-17
5067.999999999998	1.4042673358909347e-16	1.6634842000819027e-17
5068.249999999999	1.4826065015067288e-16	1.6736720873783508e-17
5068.499999999999	1.4805176388494608e-16	1.713040756016077e-17
5068.749999999999	1.3811655710457577e-16	1.7176582436314706e-17
5068.999999999999	1.2563845153742964e-16	1.64975614519985e-17
5069.249999999999	1.3109716860089978e-16	1.6364347323069286e-17
5069.499999999999	1.2301120679795302e-16	1.6085976231526816e-17
5069.749999999999	1.0962917810974365e-16	1.530103311541197e-17
5069.999999999999	1.3282539374598437e-16	1.6114464331823142e-17
5070.249999999999	1.456405125470193e-16	1.6725810361503934e-17
5070.499999999999	1.1200017553034114e-16	1.569978545586051e-17
5070.749999999999	1.1564415097409854e-16	1.5858855596376906e-17
5070.999999999999	1.157762219394212e-16	1.563273419540696e-17
5071.249999999999	1.2831384480600175e-16	1.609657572389607e-17
5071.499999999999	1.2517237165820297e-16	1.5787423587399277e-17
5071.749999999998	1.0951026262488302e-16	1.5248196126604534e-17
5071.999999999999	1.0402722645140382e-16	1.545168917473748e-17
5072.249999999999	1.1903179307219311e-16	1.589431186615338e-17
5072.499999999999	1.1681359907179131e-16	1.572794102955059e-17
5072.749999999998	1.1930275097108588e-16	1.548750113217735e-17
5072.999999999999	1.0349624267259378e-16	1.5079208090543626e-17
5073.249999999999	8.709640764688475e-17	1.4685450266633683e-17
5073.499999999999	9.542852516523749e-17	1.4764503917775376e-17
5073.749999999998	1.1946595039722015e-16	1.588848355155733e-17
5073.999999999999	1.1945835357047446e-16	1.5882757807357238e-17
5074.25	1.288447756452526e-16	1.605522661943577e-17
5074.499999999999	1.2783498002322746e-16	1.6139201995222153e-17
5074.749999999998	1.2376956598354164e-16	1.602740853543561e-17
5074.999999999999	1.2055835820138218e-16	1.5813340810351788e-17
5075.249999999999	1.119090930187317e-16	1.5498161835911933e-17
5075.499999999999	1.1189162296419458e-16	1.566535158132115e-17
5075.749999999999	9.418764174984464e-17	1.5068039497912935e-17
5075.999999999999	9.818985919073141e-17	1.5014696274570615e-17
5076.249999999999	1.0390064134790361e-16	1.513050486905049e-17
5076.499999999999	8.707365025387219e-17	1.467988664983365e-17
5076.749999999999	8.493327740549938e-17	1.4326452226424444e-17
5076.999999999999	1.0734966024744961e-16	1.539391722639555e-17
5077.249999999999	1.111992132344836e-16	1.549024902617225e-17
5077.499999999999	1.0200498161194848e-16	1.5048728139332272e-17
5077.749999999999	9.637591166440672e-17	1.4768851579074955e-17
5077.999999999999	1.111774286058714e-16	1.5159163368553e-17
5078.249999999999	1.2203502779602204e-16	1.5994380867937594e-17
5078.499999999999	1.2890688698308797e-16	1.5997381879199937e-17
5078.749999999999	1.1542586793661315e-16	1.5638160500225308e-17
5078.999999999999	1.077300375977709e-16	1.5311132990691244e-17
5079.249999999999	1.1455964439914762e-16	1.550888871409552e-17
5079.499999999998	1.2820785980847656e-16	1.608017438671037e-17
5079.749999999999	1.1679505699118033e-16	1.5365448978433926e-17
5079.999999999999	1.0056012207494496e-16	1.501523890505245e-17
5080.249999999999	1.0951164567086721e-16	1.5144123570655562e-17
5080.499999999998	1.1670619794105743e-16	1.5550021097235333e-17
5080.749999999999	1.1649426765067644e-16	1.5635660760414173e-17
5081.0	1.1621182186743654e-16	1.5337827763419555e-17
5081.249999999999	1.3559975752048723e-16	1.631637084754121e-17
5081.499999999998	1.2202229583203363e-16	1.590742433322357e-17
5081.749999999999	1.2682413884490805e-16	1.5926441215506164e-17
5082.0	1.3439421787830755e-16	1.618955082474703e-17
5082.249999999999	1.3879375994590559e-16	1.6287909217024486e-17
5082.499999999999	1.2722610891793942e-16	1.593201972155722e-17
5082.749999999999	1.0602592642190345e-16	1.5425307076280713e-17
5082.999999999999	1.0745990687949068e-16	1.541115732472238e-17
5083.249999999999	1.1073701779541347e-16	1.540083411067772e-17
5083.499999999999	1.1744933700337507e-16	1.5660861644956213e-17
5083.749999999999	1.236876949552336e-16	1.5963861212056838e-17
5083.999999999999	1.2246861602078764e-16	1.5933103328159666e-17
5084.249999999999	1.2594559362503793e-16	1.5669720749316656e-17
5084.499999999999	1.2460901533894005e-16	1.5933286962255653e-17
5084.749999999999	1.218066068329492e-16	1.5830625576431696e-17
5084.999999999999	1.2166439794203908e-16	1.5839110795155265e-17
5085.249999999999	1.1893507249752851e-16	1.5471377727677466e-17
5085.499999999999	1.000007097528427e-16	1.452700382029915e-17
5085.749999999999	1.1271818153692697e-16	1.549279508809769e-17
5085.999999999999	1.1810063916536462e-16	1.563687175283095e-17
5086.249999999998	1.3346017876550247e-16	1.629778575353837e-17
5086.499999999999	1.4060371053551042e-16	1.6387526578194247e-17
5086.749999999999	1.343327285802928e-16	1.6131629983894843e-17
5086.999999999999	1.2802994318488375e-16	1.5911990370204862e-17
5087.249999999998	8.31443769081228e-17	1.420073235384496e-17
5087.499999999999	1.0231941612383704e-16	1.4964818937994893e-17
5087.75	1.1502990650355137e-16	1.5370562608980728e-17
5087.999999999999	1.2273573580163816e-16	1.5672604300932016e-17
5088.249999999998	1.3145411357882867e-16	1.5895215147382287e-17
5088.499999999999	1.3754203053832094e-16	1.6005999446821514e-17
5088.75	1.3311613780512941e-16	1.6091448858459467e-17
5088.999999999999	1.245848351952739e-16	1.5923979526003206e-17
5089.249999999998	1.0482446312578243e-16	1.5112715522796924e-17
5089.499999999999	1.0491388465872186e-16	1.5180370625097636e-17
5089.749999999999	1.1961787369724409e-16	1.5660297507778452e-17
5089.999999999999	1.2513351402174767e-16	1.5628588366176844e-17
5090.249999999999	1.3066252158495012e-16	1.6120224817608962e-17
5090.499999999999	1.256736431094101e-16	1.603260488404367e-17
5090.749999999999	1.1578637309989846e-16	1.5454154172962887e-17
5090.999999999999	1.2793819892878427e-16	1.5759441721637833e-17
5091.249999999999	1.3176628492456128e-16	1.6075179870171774e-17
5091.499999999999	1.0423550391219978e-16	1.5300905729597638e-17
5091.749999999999	9.693025502371526e-17	1.487610381729858e-17
5091.999999999999	1.183343937890272e-16	1.5718115778234684e-17
5092.249999999999	1.1897451246913504e-16	1.5493584218402065e-17
5092.499999999999	1.1265548786394035e-16	1.5375978987631726e-17
5092.749999999999	1.0912727800127097e-16	1.5350114704238418e-17
5092.999999999998	1.1240477934644288e-16	1.5272359726658433e-17
5093.249999999999	1.3508668054757774e-16	1.6257827966868383e-17
5093.499999999999	1.3012951286800055e-16	1.6048693546957826e-17
5093.749999999999	1.3389141117988351e-16	1.6209920974511762e-17
5093.999999999998	1.2094025094658566e-16	1.575368289021324e-17
5094.249999999999	1.0899996497883171e-16	1.53654539415176e-17
5094.5	1.259856026969059e-16	1.57803875891089e-17
5094.749999999999	1.2667781390326987e-16	1.5582299339098377e-17
5094.999999999998	1.3660279011382413e-16	1.5989861153070604e-17
5095.249999999999	1.507551621803368e-16	1.6644996470018728e-17
5095.5	1.3900512113602514e-16	1.630247421325032e-17
5095.749999999999	1.2393655058815894e-16	1.585541617938991e-17
5095.999999999998	1.3420044585673332e-16	1.6168087142212505e-17
5096.249999999999	1.1533238990994976e-16	1.564965334765612e-17
5096.499999999999	1.406144440311389e-16	1.6285766819237974e-17
5096.749999999999	1.2942868574837622e-16	1.582623986482394e-17
5096.999999999999	1.178025365074903e-16	1.5469984755525927e-17
5097.249999999999	1.140493070484269e-16	1.528362096351773e-17
5097.499999999999	1.0539199505277751e-16	1.5061964683494345e-17
5097.749999999999	1.1716065758703896e-16	1.5618197323321953e-17
5097.999999999999	1.0630352161803135e-16	1.5208617188655097e-17
5098.249999999999	1.175543955586142e-16	1.5283356265721713e-17
5098.499999999999	1.320615288462386e-16	1.5802488200715093e-17
5098.749999999999	1.3214357192811407e-16	1.6037829356792555e-17
5098.999999999999	1.1172874117541554e-16	1.5479295500500824e-17
5099.249999999999	1.0619871452569843e-16	1.4666095894661167e-17
5099.499999999999	1.0164061186084133e-16	1.4329547536276618e-17
5099.749999999999	1.0562221596086327e-16	1.4966463373052648e-17
5099.999999999999	1.1973864206667683e-16	1.5693758617917447e-17
5100.249999999999	1.130151327593886e-16	1.5422009934359076e-17
5100.499999999999	8.418788179447069e-17	1.4315928834671544e-17
5100.749999999998	1.1669447182869388e-16	1.5341290341463702e-17
5100.999999999999	1.0728159982664875e-16	1.4975368799527394e-17
5101.249999999999	1.356351740855943e-16	1.5827268877505956e-17
5101.499999999999	1.4103976044977897e-16	1.621380872339076e-17
5101.749999999998	1.1935104508396918e-16	1.5619055936797783e-17
5101.999999999999	9.15866285619533e-17	1.46221659866897e-17
5102.25	1.070343323804995e-16	1.4947282709008768e-17
5102.499999999999	1.4140391844264931e-16	1.6252922785835943e-17
5102.749999999998	1.2044972622589681e-16	1.554101640908708e-17
5102.999999999999	1.0396932380852511e-16	1.504332334120985e-17
5103.25	9.862618703768578e-17	1.504010891734947e-17
5103.499999999999	1.0436550361726861e-16	1.5241241192014188e-17
5103.749999999999	1.1943021619475786e-16	1.5731626946360125e-17
5103.999999999999	1.0470315212586786e-16	1.45285489936834e-17
5104.249999999999	1.2635428702208813e-16	1.5488733631290054e-17
5104.499999999999	1.2048409723470962e-16	1.5552360364007633e-17
5104.749999999999	1.0620946787366162e-16	1.5129735591080815e-17
5104.999999999999	1.1563910848108442e-16	1.5429055858816803e-17
5105.249999999999	1.554944306342328e-16	1.6756454094476573e-17
5105.499999999999	1.346320223782492e-16	1.6154159075058337e-17
5105.749999999999	1.3545602661725002e-16	1.607950767913665e-17
5105.999999999999	1.357396106010128e-16	1.5897838964285305e-17
5106.249999999999	1.3140706354558665e-16	1.570496360649509e-17
5106.499999999999	1.1821002552956863e-16	1.5417420736320632e-17
5106.749999999999	9.574755880133184e-17	1.4492612959151646e-17
5106.999999999999	1.2426778017520478e-16	1.5615856402188428e-17
5107.249999999999	1.051873505692319e-16	1.5114303709573025e-17
5107.499999999998	1.0913594023664563e-16	1.529152053836761e-17
5107.749999999999	1.2093565843982476e-16	1.5703312553992435e-17
5107.999999999999	1.3030585453970706e-16	1.576220450488376e-17
5108.249999999999	1.3634448476958097e-16	1.566813090817933e-17
5108.499999999998	9.874074162635703e-17	1.497341334455932e-17
5108.749999999999	9.906894042363847e-17	1.4827414312082484e-17
5109.0	1.0389134383781851e-16	1.466295095397224e-17
5109.249999999999	1.2200063031742964e-16	1.5263447682738787e-17
5109.499999999998	1.3285146647889205e-16	1.595108292595412e-17
5109.749999999999	9.5782836400096e-17	1.4519314349324858e-17
5110.0	1.2020274994732318e-16	1.5306332034415986e-17
5110.249999999999	1.2331613865896457e-16	1.5612096039123762e-17
5110.499999999998	1.1919819534165918e-16	1.553711211659583e-17
5110.749999999999	1.1590113282936162e-16	1.5368357345467662e-17
5110.999999999999	1.1278380012055958e-16	1.5187562133343172e-17
5111.249999999999	1.0692501219074449e-16	1.500331592370311e-17
5111.499999999999	1.0646431229422186e-16	1.503887807259799e-17
5111.749999999999	8.65825365805872e-17	1.415349041470083e-17
5111.999999999999	1.1267478433327e-16	1.5233895828174717e-17
5112.249999999999	1.3571029532010392e-16	1.6202071030498633e-17
5112.499999999999	1.2759718875817561e-16	1.5894373077518708e-17
5112.749999999999	1.0623648690119005e-16	1.5033261516238755e-17
5112.999999999999	1.285843130139719e-16	1.5774716438829237e-17
5113.249999999999	1.1622107305540733e-16	1.5263383162651007e-17
5113.499999999999	1.1551837981632108e-16	1.5372976322008158e-17
5113.749999999999	1.115953864257822e-16	1.5163019684568724e-17
5113.999999999999	1.0355470779828903e-16	1.48432432402843e-17
5114.249999999998	1.1887133326824763e-16	1.566831950535899e-17
5114.499999999999	9.493559169460489e-17	1.4716661445506534e-17
5114.749999999999	1.0509290639561304e-16	1.5030020622598772e-17
5114.999999999999	1.3045730138369816e-16	1.5964734714783694e-17
5115.249999999998	1.1801342124157703e-16	1.557008188145097e-17
5115.499999999999	8.968336538180759e-17	1.430915587981596e-17
5115.75	9.472215262678661e-17	1.4557990006045387e-17
5115.999999999999	1.1080073055491475e-16	1.5083282782241062e-17
5116.249999999998	1.0951132141606709e-16	1.49142186455638e-17
5116.499999999999	1.4788315138888327e-16	1.618237089703007e-17
5116.75	1.173875565377847e-16	1.8891786104196487e-17
5116.999999999999	1.079828107580773e-16	1.853493377049621e-17
5117.249999999998	1.0397146786067285e-16	1.8189804240437035e-17
5117.499999999999	1.0736848687819132e-16	1.8536429313043706e-17
5117.749999999999	1.6000044739027867e-16	1.6836177761914434e-17
5117.999999999999	1.2908164046801838e-16	1.5571843776155707e-17
5118.249999999999	1.2626538826729584e-16	1.5736815023162058e-17
5118.499999999999	1.2345276242637873e-16	1.5831892817130128e-17
5118.749999999999	1.106658868801788e-16	1.52133354268691e-17
5118.999999999999	1.5645888352380024e-16	1.6788416353345622e-17
5119.249999999999	1.1623046982716593e-16	1.5262539438426203e-17
5119.499999999999	1.0862875940714241e-16	1.5085266361349964e-17
5119.749999999999	1.1324099938872989e-16	1.5388335411622043e-17
5119.999999999999	1.1454816974969029e-16	1.5360740666387274e-17
5120.249999999999	1.106798893935881e-16	1.4936706377696665e-17
5120.499999999999	1.1303633505284957e-16	1.5250588332936037e-17
5120.749999999999	1.2688631635719244e-16	1.5778726610438894e-17
5120.999999999999	1.16559092140921e-16	1.5321990563411615e-17
5121.249999999999	1.092665355117555e-16	1.5092699406334366e-17
5121.499999999999	1.076130345544865e-16	1.5045722164986254e-17
5121.749999999999	1.0839966346468973e-16	1.4846828241059104e-17
5121.999999999998	1.3150193123567913e-16	1.5904029583989652e-17
5122.249999999999	1.2619983585811223e-16	1.5731555808827445e-17
5122.499999999999	1.2818796776910589e-16	1.5382397909185137e-17
5122.749999999999	1.2140308827781113e-16	1.51217218653064e-17
5122.999999999998	1.0652009073728753e-16	1.4889016106660533e-17
5123.249999999999	9.703152840047135e-17	1.4646223707625194e-17
5123.5	1.0342197508847632e-16	1.462792647247552e-17
5123.749999999999	1.0119012268180005e-16	1.4725121848811726e-17
5123.999999999998	1.2716516225040652e-16	1.5754204013999147e-17
5124.249999999999	1.3526638388129366e-16	1.6045776908117964e-17
5124.5	1.240871768689824e-16	1.540508581902624e-17
5124.749999999999	1.0535295874530991e-16	1.4464139748106346e-17
5124.999999999999	1.0085379104473599e-16	1.4564301394119167e-17
5125.249999999999	1.1018913967977264e-16	1.4477381255352095e-17
5125.499999999999	1.1858342147551997e-16	1.5239426357750247e-17
5125.749999999999	1.1570364180375336e-16	1.517990905831583e-17
5125.999999999999	1.0263746376064123e-16	1.4782766411339322e-17
5126.249999999999	1.0380428473270853e-16	1.4940120979265284e-17
5126.499999999999	1.256550613241297e-16	1.5561154948280297e-17
5126.749999999999	1.2186656088374704e-16	1.5593246247324904e-17
5126.999999999999	1.3870325976944738e-16	1.6116346994897313e-17
5127.249999999999	1.3639125687013717e-16	1.6016069543598735e-17
5127.499999999999	1.182796410499211e-16	1.5378528358279614e-17
5127.749999999999	1.0545628352998514e-16	1.4823536489370835e-17
5127.999999999999	1.1310663878747167e-16	1.488961167670157e-17
5128.249999999999	1.0782302593351166e-16	1.5058164615760277e-17
5128.499999999999	1.2063617935341117e-16	1.5595291037799135e-17
5128.749999999998	1.3119159953962884e-16	1.591614281687988e-17
5128.999999999999	1.2069957447555723e-16	1.5449966984702144e-17
5129.249999999999	1.0353115631188842e-16	1.454807045613965e-17
5129.499999999999	1.191190109959807e-16	1.4890471944538626e-17
5129.749999999998	1.2356515311056753e-16	1.550176999774389e-17
5129.999999999999	1.0939040084540164e-16	1.5169713230085503e-17
5130.25	1.175123086090475e-16	1.5444304106228606e-17
5130.499999999999	1.1990602371798816e-16	1.5525063403793383e-17
5130.749999999998	1.169303440347246e-16	1.5317694187310014e-17
5130.999999999999	1.3662751288797212e-16	1.5894751926239257e-17
5131.25	1.4236050980767504e-16	1.606102019244609e-17
5131.499999999999	1.187630983394563e-16	1.498523044679025e-17
5131.749999999998	1.234788219243966e-16	1.539648644937814e-17
5131.999999999999	1.3451956551961138e-16	1.5921203507867478e-17
5132.249999999999	1.309149109334523e-16	1.5880886724811643e-17
5132.499999999999	1.304968075297537e-16	1.594796941812847e-17
5132.749999999999	1.1273295167394472e-16	1.52878164235846e-17
5132.999999999999	1.29191119476451e-16	1.599736037250401e-17
5133.249999999999	1.380218747029405e-16	1.614248590225399e-17
5133.499999999999	1.4473942830981834e-16	1.635339379739786e-17
5133.749999999999	1.4577497902739593e-16	1.6381094421751035e-17
5133.999999999999	1.2137549353257636e-16	1.544093582677429e-17
5134.249999999999	1.0564642257430903e-16	1.4677999023675806e-17
5134.499999999999	1.357178921468496e-16	1.5963144873646367e-17
5134.749999999999	1.2647817882551388e-16	1.5614650372855326e-17
5134.999999999999	1.1788526780363541e-16	1.5272832873968813e-17
5135.249999999999	1.2096464284848862e-16	1.541745547790636e-17
5135.499999999998	1.167479275485995e-16	1.5418972527149782e-17
5135.749999999999	1.3449403541718555e-16	1.6027898226358243e-17
5135.999999999999	1.32704003336731e-16	1.564573912899752e-17
5136.249999999999	1.1564059078874212e-16	1.506780457861897e-17
5136.499999999998	1.0999358094807531e-16	1.4964019881523166e-17
5136.749999999999	1.1541915784748412e-16	1.5244660756666482e-17
5137.0	1.243943718961499e-16	1.5463916558552238e-17
5137.249999999999	1.3541116034082514e-16	1.601897129318757e-17
5137.499999999998	1.4753748253706472e-16	1.6373626635180906e-17
5137.749999999999	1.3336160530626575e-16	1.5828923238731062e-17
5138.0	1.1736382638037179e-16	1.5341346589745355e-17
5138.249999999999	1.1288298238472714e-16	1.508168136057516e-17
5138.499999999998	1.1143692509019663e-16	1.4939039027024065e-17
5138.749999999999	1.278215730798592e-16	1.5575187240191646e-17
5138.999999999999	1.42094687046025e-16	1.5877662374783912e-17
5139.249999999999	1.4454447838305184e-16	1.6087949884468368e-17
5139.499999999999	1.2108064665759306e-16	1.5294050056680798e-17
5139.749999999999	1.0588652994507602e-16	1.4853659098557566e-17
5139.999999999999	1.2231583245292664e-16	1.5584163804199072e-17
5140.249999999999	1.059018030079062e-16	1.5011738276700125e-17
5140.499999999999	1.294516879868501e-16	1.5768874889343388e-17
5140.749999999999	1.188286904533093e-16	1.5327170368407422e-17
5140.999999999999	1.160863948167939e-16	1.528516282817953e-17
5141.249999999999	1.165138420526919e-16	1.5375408233009064e-17
5141.499999999999	1.1041650185166142e-16	1.5068089128749688e-17
5141.749999999999	1.1127960195513395e-16	1.470242732152572e-17
5141.999999999999	1.2200707570876265e-16	1.5512177584211032e-17
5142.249999999998	1.216224301064806e-16	1.5322278422264783e-17
5142.499999999999	1.1189613606161667e-16	1.4988261236554645e-17
5142.749999999999	1.05163951284064e-16	1.4723857916835745e-17
5142.999999999999	1.0261773053994817e-16	1.4729431459803128e-17
5143.249999999998	1.1215418994295362e-16	1.519448563507024e-17
5143.499999999999	1.1427658981097688e-16	1.511553620868573e-17
5143.749999999999	1.1545385972854195e-16	1.5297633403094378e-17
5143.999999999999	1.175323991717652e-16	1.5325792285506908e-17
5144.249999999998	1.0779653630157526e-16	1.499466857757948e-17
5144.499999999999	1.0098928984651707e-16	1.467524947531968e-17
5144.75	1.1401770213158248e-16	1.5153730446289753e-17
5144.999999999999	1.0852420377771571e-16	1.505578398995735e-17
5145.249999999998	1.3000906213592303e-16	1.5794517488332532e-17
5145.499999999999	1.3104000711184992e-16	1.5908544335772967e-17
5145.749999999998	1.2327206647592774e-16	1.554584714386439e-17
5145.999999999999	1.2239730643454067e-16	1.5366168625566847e-17
5146.249999999999	1.3627035615180642e-16	1.58802315977665e-17
5146.499999999999	1.3413633605053801e-16	1.5682369995243817e-17
5146.749999999999	1.1838804803227985e-16	1.538651065119075e-17
5146.999999999999	1.1475816774616035e-16	1.515468501271664e-17
5147.249999999999	1.1352605244526056e-16	1.5055487859298055e-17
5147.499999999999	1.1622626113220926e-16	1.5192161257548967e-17
5147.749999999999	1.3062210223149833e-16	1.5629178973134207e-17
5147.999999999999	1.450321178977641e-16	1.601068956089469e-17
5148.249999999999	1.3410375175184833e-16	1.5613285524844613e-17
5148.499999999999	1.0898689552515337e-16	1.487226735361756e-17
5148.749999999999	1.0843482856689058e-16	1.5097387866046316e-17
5148.999999999999	1.21135942027181e-16	1.551301303662971e-17
5149.249999999999	1.130524286788474e-16	1.5137812182581783e-17
5149.499999999999	1.443707307497463e-16	1.6243866812489713e-17
5149.749999999999	1.3176608640121427e-16	1.5872901123178057e-17
5149.999999999998	1.324780837678305e-16	1.557319869799907e-17
5150.249999999999	1.3947121425014161e-16	1.589372291355724e-17
5150.499999999999	1.3352960899739772e-16	1.5995050884233762e-17
5150.749999999999	1.1915917888652628e-16	1.5363251986726985e-17
5150.999999999998	1.2540737036150683e-16	1.560167852648927e-17
5151.249999999999	1.304920297345356e-16	1.553140291600799e-17
5151.5	1.3874119096361662e-16	1.5769736811541668e-17
5151.749999999999	1.4155400209299094e-16	1.5989685790780743e-17
5151.999999999998	1.3869064691946718e-16	1.5905670710324957e-17
5152.249999999999	1.2304760274490535e-16	1.5400524745128624e-17
5152.5	1.010785393258891e-16	1.461538476002799e-17
5152.749999999999	1.3289874150526068e-16	1.5403204810313296e-17
5152.999999999999	1.3519241408219672e-16	1.5647092396479656e-17
5153.249999999999	1.3727274023554308e-16	1.5845794414504694e-17
5153.499999999999	1.4602465522348893e-16	1.6042398702496297e-17
5153.749999999999	1.4419088183224258e-16	1.6036087314422518e-17
5153.999999999999	1.2929384869108518e-16	1.5636739403932942e-17
5154.249999999999	1.3942164958783744e-16	1.6090444661195827e-17
5154.499999999999	1.2244440940734189e-16	1.5509375096295702e-17
5154.749999999999	1.2475367268446332e-16	1.5507143363003034e-17
5154.999999999999	1.1690743444047933e-16	1.5320868906500993e-17
5155.249999999999	1.0887748930861466e-16	1.4982552035966804e-17
5155.499999999999	1.34004953299485e-16	1.5758710493976336e-17
5155.749999999999	1.132130605363603e-16	1.4941492444720897e-17
5155.999999999999	1.1965526226093148e-16	1.5358848077145752e-17
5156.249999999999	1.3897517058040582e-16	1.5950042332743527e-17
5156.499999999999	1.3645305057061733e-16	1.5891936203434127e-17
5156.749999999998	1.1538240455850717e-16	1.5267439656374968e-17
5156.999999999999	1.0969320188915525e-16	1.4872606497668706e-17
5157.249999999999	1.0853831878768831e-16	1.4774658386975077e-17
5157.499999999999	1.3095264360427452e-16	1.5650859376989222e-17
5157.749999999998	1.1399023973524572e-16	1.5019144851904925e-17
5157.999999999999	1.0736364952596911e-16	1.474226930290995e-17
5158.25	1.1142452399845324e-16	1.492165499927065e-17
5158.499999999999	1.021612128686026e-16	1.4467274762627922e-17
5158.749999999998	1.1281267865010503e-16	1.49068253052488e-17
5158.999999999999	1.2259496951371634e-16	1.526551894299262e-17
5159.25	1.2961499329210277e-16	1.5326315063654042e-17
5159.499999999999	1.1882616258935733e-16	1.5088133369353073e-17
5159.749999999998	1.2013406086925678e-16	1.5273102534848506e-17
5159.999999999999	1.3911735300153633e-16	1.5925951524583532e-17
5160.249999999999	1.067987711943791e-16	1.433878548935761e-17
5160.499999999999	1.2952729891228235e-16	1.5409077792662422e-17
5160.749999999999	1.2741985446973404e-16	1.5342276340753865e-17
5160.999999999999	1.2557501671061418e-16	1.5403949272864594e-17
5161.249999999999	1.1771853466192433e-16	1.5260332520551912e-17
5161.499999999999	1.0783330282544202e-16	1.4734900778013328e-17
5161.749999999999	1.218111993397101e-16	1.536769890970007e-17
5161.999999999999	1.2084286862743102e-16	1.550324403359546e-17
5162.249999999999	1.2133144781931914e-16	1.5411354193708168e-17
5162.499999999999	1.231935438747393e-16	1.5469983101164702e-17
5162.749999999999	1.300353069223981e-16	1.5615219473116762e-17
5162.999999999999	1.337148577499402e-16	1.5669308813371605e-17
5163.249999999999	1.2464193050987476e-16	1.5374572780590385e-17
5163.499999999998	1.2972034301491752e-16	1.5507027557717277e-17
5163.749999999999	1.2457808540147547e-16	1.5114996886926345e-17
5163.999999999999	1.189941265758199e-16	1.5015449008928038e-17
5164.249999999999	1.1895333664545369e-16	1.5094684639804493e-17
5164.499999999998	1.2171511403975593e-16	1.5238524730882564e-17
5164.749999999999	1.2882704089291945e-16	1.5447220745068468e-17
5164.999999999999	1.16687020585736e-16	1.4790740432444333e-17
5165.249999999999	1.3832859327407517e-16	1.5657182345591578e-17
5165.499999999998	1.2778914759984712e-16	1.5255098121635676e-17
5165.749999999999	1.292941795633302e-16	1.537487221997213e-17
5166.0	1.4588276396993404e-16	1.6013849390834642e-17
5166.249999999999	1.2979823034139551e-16	1.5492851336379343e-17
5166.499999999998	1.1804777901550003e-16	1.511329785794816e-17
5166.749999999999	1.2288228573640296e-16	1.5119581121881114e-17
5166.999999999998	1.3380734315986852e-16	1.5487322461165038e-17
5167.249999999999	1.3998216040579317e-16	1.5579338032505437e-17
5167.499999999999	1.3582624618964915e-16	1.529885597603973e-17
5167.749999999999	1.2695684508494116e-16	1.5093900472583793e-17
5167.999999999999	1.450726034256649e-16	1.5899306382691974e-17
5168.249999999999	1.356118806795448e-16	1.5837403494370956e-17
5168.499999999999	1.2895507521685286e-16	1.5207391306987293e-17
5168.749999999999	1.312205971831825e-16	1.541818835992908e-17
5168.999999999999	1.3525265930057018e-16	1.5842432752495278e-17
5169.249999999999	1.1933667199364546e-16	1.5327936337654646e-17
5169.499999999999	8.439443871959253e-17	1.4086500365612612e-17
5169.749999999999	1.1871700121827993e-16	1.5233927261037994e-17
5169.999999999999	1.113334679566234e-16	1.4955698444560883e-17
5170.249999999999	1.1727912308564636e-16	1.5206299428578723e-17
5170.499999999999	1.27603276807484e-16	1.5550161717939467e-17
5170.749999999999	1.2477537790373672e-16	1.53385093602443e-17
5170.999999999999	1.2300212766354964e-16	1.5135246268321643e-17
5171.249999999998	1.27397461036191e-16	1.53412638716841e-17
5171.499999999999	1.1975440482042964e-16	1.508811020829592e-17
5171.749999999999	1.1456354869163887e-16	1.4732291850361336e-17
5171.999999999999	1.1866149409045518e-16	1.4849857376462273e-17
5172.249999999998	1.2717676924876186e-16	1.5190525094297337e-17
5172.499999999999	1.1208331710807007e-16	1.4672063175600125e-17
5172.75	1.230593685619383e-16	1.4988441561928182e-17
5172.999999999999	1.137652069039619e-16	1.4785519268417898e-17
5173.249999999998	1.1744702089765992e-16	1.4798345530996146e-17
5173.499999999999	1.219268590416797e-16	1.503232680214657e-17
5173.75	1.1689862000387196e-16	1.5241689523906192e-17
5173.999999999999	1.1736497781578446e-16	1.5163117291881005e-17
5174.249999999999	1.1917081235466123e-16	1.520835249085908e-17
5174.499999999999	1.4150905640722725e-16	1.6015664225098584e-17
5174.749999999999	1.353420477462851e-16	1.5994506599390702e-17
5174.999999999999	1.2645861765838822e-16	1.5502046276068482e-17
5175.249999999999	1.1979782849386622e-16	1.5053578726444283e-17
5175.499999999999	1.0939356398406404e-16	1.4965292085305273e-17
5175.749999999999	1.1024404462011146e-16	1.4777318599825048e-17
5175.999999999999	1.1439821844824667e-16	1.5008958949841947e-17
5176.249999999999	1.157495404015827e-16	1.5127950535318925e-17
5176.499999999999	1.250622706099497e-16	1.550030257933722e-17
5176.749999999999	1.283534171265063e-16	1.5491235025462414e-17
5176.999999999999	1.0346450540685135e-16	1.4711483294871952e-17
5177.249999999999	1.1628403142618997e-16	1.5204803886031227e-17
5177.499999999999	1.2283347546281743e-16	1.5236311195563372e-17
5177.749999999999	1.3476741530091187e-16	1.5753409920611096e-17
5177.999999999998	1.281914088404541e-16	1.547377986017632e-17
5178.249999999999	1.1977358217575107e-16	1.5199943372751866e-17
5178.499999999999	1.3205080858549992e-16	1.5653992737149573e-17
5178.749999999999	1.3984806450233097e-16	1.560934814512886e-17
5178.999999999998	1.2037422117958297e-16	1.5299497868195073e-17
5179.249999999999	1.1608049205594272e-16	1.4827813013137735e-17
5179.5	1.2739773896887683e-16	1.5362985634569743e-17
5179.749999999999	1.3342727682945756e-16	1.5690980945420494e-17
5179.999999999998	1.1871117786676756e-16	1.5210210338514874e-17
5180.249999999999	1.1063074163031265e-16	1.4953445204572288e-17
5180.5	1.2694891738595045e-16	1.545873675355643e-17
5180.749999999999	1.2962154456255419e-16	1.5542738599122416e-17
5180.999999999998	1.2732456326316794e-16	1.5224011019854708e-17
5181.249999999999	1.094225616276177e-16	1.4507541914847003e-17
5181.499999999999	9.706452959818977e-17	1.418474957004921e-17
5181.749999999999	1.3056974500744617e-16	1.5219885042959294e-17
5181.999999999999	1.244273135368642e-16	1.51696735254161e-17
5182.249999999999	1.3035766913327738e-16	1.5219535972740797e-17
5182.499999999999	1.1060951286707209e-16	1.4433391790376525e-17
5182.749999999999	1.0696659621449876e-16	1.438113879108155e-17
5182.999999999999	1.0661810171370772e-16	1.4479351599571196e-17
5183.249999999999	7.536326093940388e-17	1.3552223580783998e-17
5183.499999999999	1.250248423415929e-16	1.5303134154167856e-17
5183.749999999999	1.3570324112384006e-16	1.563655080675328e-17
5183.999999999999	1.114877338321421e-16	1.4807245994387216e-17
5184.249999999999	9.484536283338761e-17	1.415379481716625e-17
5184.499999999999	9.867353485594832e-17	1.434082366238694e-17
5184.749999999998	1.160367110404815e-16	1.4926368274400978e-17
5184.999999999999	1.1509009878236563e-16	1.4615088629368698e-17
5185.249999999999	1.2227590279039748e-16	1.507935863741511e-17
5185.499999999999	1.3096054483348563e-16	1.5023376707918746e-17
5185.749999999998	1.2919192680472885e-16	1.507185445489803e-17
5185.999999999999	1.3477857231301399e-16	1.548515524796015e-17
5186.249999999999	1.4361669937312257e-16	1.5854731273842717e-17
5186.499999999999	1.2545910554573835e-16	1.5371556880077017e-17
5186.749999999998	1.4372821655458452e-16	1.6239302429869645e-17
5186.999999999999	1.330192319420076e-16	1.580680277479017e-17
5187.25	1.0727351992642533e-16	1.5142666078416244e-17
5187.499999999999	9.839576098880811e-17	1.4831818221663716e-17
5187.749999999998	1.1357143488238767e-16	1.524829869700049e-17
5187.999999999999	1.4105005719404403e-16	1.6126771124976706e-17
5188.249999999998	1.1785660103232678e-16	1.5189484501086745e-17
5188.499999999999	1.1492364357334036e-16	1.5162999832234022e-17
5188.749999999999	1.0675757098242906e-16	1.491639909365849e-17
5188.999999999999	1.15869541147407e-16	1.5150845240313168e-17
5189.249999999999	1.3678369782251193e-16	1.5651385463858806e-17
5189.499999999999	1.3330591288998378e-16	1.5548131816716262e-17
5189.749999999999	1.1711861034214167e-16	1.521108053251928e-17
5189.999999999999	1.23154553889386e-16	1.5258262914659304e-17
5190.249999999999	1.2564595571994673e-16	1.5274799909465464e-17
5190.499999999999	1.277281347578652e-16	1.5364376952360057e-17
5190.749999999999	1.3236300640101213e-16	1.5639020768062363e-17
5190.999999999999	1.4059214324182447e-16	1.587149326177549e-17
5191.249999999999	1.2158273867196785e-16	1.5164225713901826e-17
5191.499999999999	1.2747931882960926e-16	1.5529109971349992e-17
5191.749999999999	1.2311360514034219e-16	1.5326273704623414e-17
5191.999999999999	1.1853582881179612e-16	1.4958520784810914e-17
5192.249999999999	1.1846094580530292e-16	1.5030887507880728e-17
5192.499999999998	1.2639507695245435e-16	1.5359309643927557e-17
5192.749999999999	1.0672283601414673e-16	1.450888525616179e-17
5192.999999999999	1.2072187526487166e-16	1.5158438758336405e-17
5193.249999999999	9.792892010341788e-17	1.4220161172072605e-17
5193.499999999998	1.1884495613287454e-16	1.4959968350882882e-17
5193.749999999999	1.345948985123578e-16	1.564919674395799e-17
5194.0	1.253071293061552e-16	1.539047946376978e-17
5194.249999999999	1.4365519966755324e-16	1.584408545935916e-17
5194.499999999998	1.574019091267801e-16	1.627947032041522e-17
5194.749999999999	1.3761707236349175e-16	1.5736590030035443e-17
5195.0	1.382058529060621e-16	1.573851405214024e-17
5195.249999999999	1.4063550074081205e-16	1.591342470138703e-17
5195.499999999999	1.3806606599998554e-16	1.5787413661231926e-17
5195.749999999999	1.3283913156159766e-16	1.5470891345477285e-17
5195.999999999999	1.4931426649282862e-16	1.604292478936588e-17
5196.249999999999	1.3883171760985442e-16	1.5632992275758077e-17
5196.499999999999	1.280087011867534e-16	1.537021023003978e-17
5196.749999999999	1.1612674799579668e-16	1.5039308206516518e-17
5196.999999999999	1.1077293066888807e-16	1.5025547229846086e-17
5197.249999999999	1.214679789425047e-16	1.5628700862740152e-17
5197.499999999999	1.3526948084550706e-16	1.5994002019217045e-17
5197.749999999999	1.4085848216417675e-16	1.5934302740047868e-17
5197.999999999999	1.4377980615502822e-16	1.6204320961764778e-17
5198.249999999999	1.2172326673187326e-16	1.5493706641132723e-17
5198.499999999999	1.1728286855946e-16	1.5192032217373408e-17
5198.749999999999	1.4334297538226142e-16	1.6057959624179645e-17
5198.999999999999	1.1993655660875872e-16	1.5271105720849803e-17
5199.249999999998	1.3674626955415513e-16	1.5831869656072976e-17
5199.499999999999	1.4297527043892445e-16	1.610551423759532e-17
5199.749999999999	1.3570157352772516e-16	1.6089799460318036e-17
5199.999999999999	1.340641794313438e-16	1.6050708558930005e-17
5200.249999999998	1.4150307423703727e-16	1.6075734081182184e-17
5200.499999999999	1.5026328750088826e-16	1.6027886645829667e-17
5200.75	1.404988505036183e-16	1.5858903572852434e-17
5200.999999999999	1.251229790494662e-16	1.535428865760936e-17
5201.249999999998	1.1978214514945222e-16	1.5137878357030787e-17
5201.499999999999	1.2390564712047396e-16	1.5166301937239334e-17
5201.75	1.3532350566567412e-16	1.5586228447008004e-17
5201.999999999999	1.5419733202441086e-16	1.6462336792793543e-17
5202.249999999998	1.3858562806889744e-16	1.6233578340030778e-17
5202.499999999999	1.2665302495467289e-16	1.589823601097933e-17
5202.749999999999	1.231059289042577e-16	1.5758978500494803e-17
5202.999999999999	1.1840242112260357e-16	1.5387404006252308e-17
5203.249999999999	1.1229336804409934e-16	1.4965522041515563e-17
5203.499999999999	1.1274142200341726e-16	1.4793906879829186e-17
5203.749999999999	1.0214125465478292e-16	1.4075363205845198e-17
5203.999999999999	1.3823205798786778e-16	1.565214481566113e-17
5204.249999999999	1.272194385334798e-16	1.5452360845394872e-17
5204.499999999999	1.3272503357662454e-16	1.5589287360913225e-17
5204.749999999999	1.3130855626079894e-16	1.5428988030006574e-17
5204.999999999999	1.0725846523927687e-16	1.4635693698427393e-17
5205.249999999999	1.3296551152430596e-16	1.5559285520095927e-17
5205.499999999999	1.2271183359065783e-16	1.5286496243326964e-17
5205.749999999999	1.2318667496693267e-16	1.5197089599638558e-17
5205.999999999998	1.2499756523371336e-16	1.5247863599998288e-17
5206.249999999999	1.2213452769754482e-16	1.5267125327742197e-17
5206.499999999999	1.2083238659470874e-16	1.520532004673346e-17
5206.749999999999	1.207131005329337e-16	1.5135228070348167e-17
5206.999999999998	1.0852514345489157e-16	1.4673365157884283e-17
5207.249999999999	1.299118518703358e-16	1.5322438895303618e-17
5207.5	1.0771346751574024e-16	1.4776368996481837e-17
5207.749999999999	1.0690244008618914e-16	1.4731391877854878e-17
5207.999999999998	1.3483392062216113e-16	1.5486543257028013e-17
5208.249999999999	1.3989565716605482e-16	1.5781515863464423e-17
5208.5	1.0861580906747228e-16	1.4621762322550775e-17
5208.749999999999	9.51056864983254e-17	1.4114043825649402e-17
5208.999999999998	1.2798716802104741e-16	1.5397278888404966e-17
5209.249999999999	1.3662207334826397e-16	1.577950250585347e-17
5209.499999999999	1.2312597976230598e-16	1.5275334268141174e-17
5209.749999999999	1.238907711043378e-16	1.5173849133148268e-17
5209.999999999999	1.481643001529227e-16	1.6015674151265934e-17
5210.249999999999	1.248328834999214e-16	1.5265375013566035e-17
5210.499999999999	1.26480031710086e-16	1.5319350202896345e-17
5210.749999999999	1.225601352837605e-16	1.5232835382629424e-17
5210.999999999999	1.2525749846940202e-16	1.5371404678844307e-17
5211.249999999999	1.4053570967171366e-16	1.5828532809481937e-17
5211.499999999999	1.3832826240183014e-16	1.5692357373959783e-17
5211.749999999999	1.6522297461036287e-16	1.666314150393569e-17
5211.999999999999	1.2685537318483806e-16	1.5454053256928156e-17
5212.249999999999	1.165638302314697e-16	1.499923957764445e-17
5212.499999999999	1.1578183353269677e-16	1.4853033750014476e-17
5212.749999999998	1.1164115267471353e-16	1.4714519047720022e-17
5212.999999999999	1.2091662666829114e-16	1.5223458463205523e-17
5213.249999999999	1.317603292241509e-16	1.5681190435690317e-17
5213.499999999999	1.1985170773024548e-16	1.519651719065467e-17
5213.749999999998	1.320770930766444e-16	1.5313278697200206e-17
5213.999999999999	1.4306154868553618e-16	1.5714413317812896e-17
5214.249999999999	1.4368387967375167e-16	1.5889749137894537e-17
5214.499999999999	1.3471386693677764e-16	1.5588182247614854e-17
5214.749999999998	1.2437805327702544e-16	1.5403049300358136e-17
5214.999999999999	1.3355308769190442e-16	1.5654773595647823e-17
5215.25	1.1428122202240717e-16	1.4830114229601857e-17
5215.499999999999	1.0765911182332815e-16	1.4642977850901535e-17
5215.749999999998	1.0787393393713062e-16	1.4708591471450467e-17
5215.999999999999	1.0558865889777322e-16	1.458541104335152e-17
5216.249999999998	1.3216014201014473e-16	1.549875740595297e-17
5216.499999999999	1.375882335386157e-16	1.5988928093339645e-17
5216.749999999999	1.5601659997643548e-16	1.6264571143221915e-17
5216.999999999999	1.4078731816171759e-16	1.568826448428887e-17
5217.249999999999	1.2383339785705113e-16	1.5198138464655275e-17
5217.499999999999	1.249701293071562e-16	1.529850856018246e-17
5217.749999999999	1.3005363724477229e-16	1.52956448609018e-17
5217.999999999999	1.221872687334012e-16	1.5157136776052246e-17
5218.249999999999	1.2627444093191962e-16	1.523059868625308e-17
5218.499999999999	1.1892189054728687e-16	1.494731579623327e-17
5218.749999999999	1.0865476596560108e-16	1.4822742395982785e-17
5218.999999999999	1.2356065324803524e-16	1.5449781696244932e-17
5219.249999999999	1.5793373993853738e-16	1.6579248846210563e-17
5219.499999999999	1.3282917892446742e-16	1.5910140794355194e-17
5219.749999999999	1.221606533700117e-16	1.5433482929455187e-17
5219.999999999999	1.2297621374931958e-16	1.543760559762815e-17
5220.249999999999	1.335946849505485e-16	1.5603180686481666e-17
5220.499999999998	1.4645058044705984e-16	1.5954707631398326e-17
5220.749999999999	1.5165815224166908e-16	1.6157429747200372e-17
5220.999999999999	1.1028390149074672e-16	1.491204812363646e-17
5221.249999999999	1.5211977196303287e-16	1.6254044442746565e-17
5221.499999999998	1.4646188304294976e-16	1.574036362798991e-17
5221.749999999999	1.4416294297987299e-16	1.5862700331864053e-17
5222.0	1.4352907116775115e-16	1.6106296750454794e-17
5222.249999999999	1.4348355638172603e-16	1.5985147877940277e-17
5222.499999999998	1.5812858398618547e-16	1.637323289720933e-17
5222.749999999999	1.3654986378951054e-16	1.5610678251553846e-17
5223.0	1.459351741335454e-16	1.615857621952937e-17
5223.249999999999	1.369827505651167e-16	1.6004350048680083e-17
5223.499999999998	1.2421165100755938e-16	1.5457277606955887e-17
5223.749999999999	1.2453085007977624e-16	1.540079275164709e-17
5223.999999999999	1.4446635282855744e-16	1.6196330397047515e-17
5224.249999999999	1.4261980776865326e-16	1.628725574434057e-17
5224.499999999999	1.0517272601600196e-16	1.4821941685149833e-17
5224.749999999999	1.2157457274496072e-16	1.5257171036250734e-17
5224.999999999999	1.3655326515618936e-16	1.5748036555351952e-17
5225.249999999999	1.373995172449454e-16	1.5799877618701875e-17
5225.499999999999	1.339770012122256e-16	1.560378452832883e-17
5225.749999999999	1.274536299085058e-16	1.4696713157854205e-17
5225.999999999999	1.201423326753823e-16	1.5094362039365597e-17
5226.249999999999	1.3227289003635816e-16	1.5602186415385377e-17
5226.499999999999	1.3804417549225493e-16	1.5742112287804847e-17
5226.749999999999	1.1468352296768356e-16	1.4941336934765737e-17
5226.999999999999	8.947436661951749e-17	1.3878433008692248e-17
5227.249999999998	1.1546812693974726e-16	1.5078112903412605e-17
5227.499999999999	1.1119417074146947e-16	1.491448830644349e-17
5227.749999999999	1.1742065699717663e-16	1.4801644327279007e-17
5227.999999999999	1.2565847592569833e-16	1.520561452303153e-17
5228.249999999998	1.2632023365063055e-16	1.5383145680458885e-17
5228.499999999999	1.2589559221137033e-16	1.5439298009161435e-17
5228.75	1.4402238845018797e-16	1.595841505490379e-17
5228.999999999999	1.1434031580536796e-16	1.5131520646842704e-17
5229.249999999998	1.175433708954101e-16	1.5148618470104175e-17
5229.499999999999	1.1182145157847048e-16	1.494262733652132e-17
5229.75	1.1465350623761524e-16	1.4913649545302362e-17
5229.999999999999	1.184965211890876e-16	1.5008262463766178e-17
5230.249999999998	1.2095450492290117e-16	1.5125617885991526e-17
5230.499999999999	1.4599021804022713e-16	1.6088580196095133e-17
5230.749999999999	1.5731350006291042e-16	1.628179304357527e-17
5230.999999999999	1.2136317185017177e-16	1.5188351263647547e-17
5231.249999999999	1.1019570418511386e-16	1.4988578873909866e-17
5231.499999999999	1.203918632876875e-16	1.5333799393836422e-17
5231.749999999999	1.2942859310414762e-16	1.559725311021211e-17
5231.999999999999	1.496446358120374e-16	1.633727535598165e-17
5232.249999999999	1.290416313961504e-16	1.5537914481790007e-17
5232.499999999999	1.134675145276714e-16	1.4937215920953998e-17
5232.749999999999	1.2368584207066147e-16	1.510877152563627e-17
5232.999999999999	1.375337322624158e-16	1.5602366740758914e-17
5233.249999999999	1.3309837658301667e-16	1.5649719522105124e-17
5233.499999999999	1.1509498245670214e-16	1.4972210623948666e-17
5233.749999999999	1.3747229590396027e-16	1.586014268941004e-17
5233.999999999998	1.265220657200935e-16	1.5129877866146174e-17
5234.249999999999	1.583924744539246e-16	1.5902368605319646e-17
5234.499999999999	1.7326350103662332e-16	1.6482597754717417e-17
5234.749999999999	1.6159869268262913e-16	1.63715570292883e-17
5234.999999999998	1.4663522039467147e-16	1.597054317704504e-17
5235.249999999999	1.372544099131689e-16	1.533651750932927e-17
5235.499999999999	1.429668662839009e-16	1.5930008018307492e-17
5235.749999999999	1.3455532619185327e-16	1.5598579907914646e-17
5235.999999999998	1.2449956280028703e-16	1.4915355191725447e-17
5236.249999999999	1.282394911951006e-16	1.51384590378208e-17
5236.5	1.3750530371912359e-16	1.5993687690584275e-17
5236.749999999999	1.1475361494406886e-16	1.5123457290231537e-17
5236.999999999998	1.131961198774152e-16	1.5055520946522557e-17
5237.249999999999	1.2299253236844402e-16	1.514589539152765e-17
5237.499999999998	1.2213307185966673e-16	1.533284648177076e-17
5237.749999999999	1.3195514680201939e-16	1.5735885272153548e-17
5237.999999999999	1.4761731539234343e-16	1.6288436958255295e-17
5238.249999999999	1.4270691981332244e-16	1.6506145932395577e-17
5238.499999999999	1.0009218269370126e-16	1.464859109853832e-17
5238.749999999999	1.3571585397382027e-16	1.609110640568587e-17
5238.999999999999	1.2884764761633937e-16	1.5404311577972892e-17
5239.249999999999	1.282021291011928e-16	1.5261732110148352e-17
5239.499999999999	1.3797894072042655e-16	1.5787769348895324e-17
5239.749999999999	1.374447011587255e-16	1.574998042979145e-17
5239.999999999999	1.4375837886844065e-16	1.5623964426552673e-17
5240.249999999999	1.4982616556054583e-16	1.5982717621300596e-17
5240.499999999999	1.5170641988477277e-16	1.6107891554675796e-17
5240.749999999999	1.4028913043983405e-16	1.573535091347784e-17
5240.999999999999	1.3345201283849534e-16	1.555447794637577e-17
5241.249999999999	1.3447169492320171e-16	1.5646797920181587e-17
5241.499999999999	1.1770928347395353e-16	1.4833326999101013e-17
5241.749999999998	1.337976949252037e-16	1.557198439685984e-17
5241.999999999999	1.2186503887141994e-16	1.5072403702824764e-17
5242.249999999999	1.2774494306791228e-16	1.5273893319514106e-17
5242.499999999999	1.3974586468328882e-16	1.5630785357883785e-17
5242.749999999998	1.4693250248937813e-16	1.5911360058578097e-17
5242.999999999999	1.5341386625287003e-16	1.6217425157028843e-17
5243.25	1.388827248751469e-16	1.5534845641717435e-17
5243.499999999999	1.252775096227809e-16	1.506312935379682e-17
5243.749999999998	1.252711965803459e-16	1.5361139367442524e-17
5243.999999999999	1.167554846706758e-16	1.4960636712817824e-17
5244.25	1.1852856285729545e-16	1.484811037100856e-17
5244.499999999999	1.424004394702042e-16	1.5738333726766705e-17
5244.749999999998	1.2869724632864253e-16	1.4661974880849428e-17
5244.999999999999	1.2290585707513827e-16	1.4976995036611673e-17
5245.249999999999	1.3215159227133338e-16	1.5467739787343458e-17
5245.499999999999	1.1914933212851445e-16	1.5122406770853595e-17
5245.749999999999	1.0390773524883686e-16	1.4545107495185486e-17
5245.999999999999	1.1111375555103952e-16	1.466878919473564e-17
5246.249999999999	1.3492334877254547e-16	1.5709197116870137e-17
5246.499999999999	1.0499165287119165e-16	1.4612294413259493e-17
5246.749999999999	1.4116398312544973e-16	1.580243856987834e-17
5246.999999999999	1.3873344855308312e-16	1.5787972835326012e-17
5247.249999999999	1.435534233649847e-16	1.592457344168302e-17
5247.499999999999	1.3938766239082886e-16	1.5748124236496883e-17
5247.749999999999	9.978277082249213e-17	1.4229081487798377e-17
5247.999999999999	1.395257022914517e-16	1.5607027076330037e-17
5248.249999999999	1.2186879758012339e-16	1.49727135497611e-17
5248.499999999998	1.2210690648253045e-16	1.4893605304698977e-17
5248.749999999999	1.2345634908151476e-16	1.5048731448054722e-17
5248.999999999999	1.2696621538692016e-16	1.5187654777571778e-17
5249.249999999999	1.3233160000751472e-16	1.541558935844444e-17
5249.499999999998	1.4828029072713733e-16	1.6184915304594284e-17
5249.749999999999	1.5133222984543338e-16	1.573203061049905e-17
5250.0	1.4569594026550526e-16	1.5772901604565296e-17
5250.249999999999	1.4617451388070394e-16	1.5893224950828484e-17
5250.499999999998	1.470521591280676e-16	1.5992723197990038e-17
5250.749999999999	1.3262863063931516e-16	1.5657771298187715e-17
5251.0	1.0548097321690862e-16	1.4588658554436403e-17
5251.249999999999	1.390373480926902e-16	1.5906114079133286e-17
5251.499999999998	1.3021201917101904e-16	1.5565049314604196e-17
5251.749999999999	1.384272726124303e-16	1.5730434151916823e-17
5251.999999999999	1.3841751849864707e-16	1.562437139941405e-17
5252.249999999999	1.299678751588628e-16	1.5221557602157876e-17
5252.499999999999	1.204465763221242e-16	1.490510476957469e-17
5252.749999999999	1.0164065156551073e-16	1.4219150357364065e-17
5252.999999999999	1.182265956115993e-16	1.5070435012966888e-17
5253.249999999999	1.2666508193928146e-16	1.540271677375189e-17
5253.499999999999	1.354198424285345e-16	1.5664335803528936e-17
5253.749999999999	1.3161433515475774e-16	1.5563247715230056e-17
5253.999999999999	1.192048392563392e-16	1.49933847932688e-17
5254.249999999999	1.192685387809507e-16	1.479701542457116e-17
5254.499999999999	1.322532362250039e-16	1.550801686572989e-17
5254.749999999999	1.4222817414455635e-16	1.6036960817149374e-17
5254.999999999999	1.319632068499081e-16	1.5717827919381515e-17
5255.249999999998	1.1670806406051935e-16	1.52937076039072e-17
5255.499999999999	1.1434853467193429e-16	1.5374734907990446e-17
5255.749999999999	1.300818804996073e-16	1.5789668555581746e-17
5255.999999999999	1.1852894666909968e-16	1.5386542084054028e-17
5256.249999999998	1.471674614880126e-16	1.6345995493999185e-17
5256.499999999999	1.2667622571649377e-16	1.5524873152252496e-17
5256.749999999999	1.1929426740672354e-16	1.52157077808659e-17
5256.999999999999	1.2447646791758455e-16	1.5304183019184573e-17
5257.249999999998	1.1601026773065942e-16	1.4837696167096518e-17
5257.499999999999	1.0837694577634657e-16	1.458245304548103e-17
5257.75	1.0777189293676608e-16	1.4685307991568324e-17
5257.999999999999	1.241994087344936e-16	1.5322230445789255e-17
5258.249999999998	1.3709567064489753e-16	1.5714998961686584e-17
5258.499999999999	1.5070344023099507e-16	1.615566950685686e-17
5258.749999999998	1.603565056305909e-16	1.6555146457521993e-17
5258.999999999999	1.5189312447519334e-16	1.622057340644022e-17
5259.249999999999	1.1998129053628558e-16	1.5054035330142412e-17
5259.499999999999	1.2225026680885324e-16	1.4977617076432313e-17
5259.749999999999	1.213837388689223e-16	1.5049054048493618e-17
5259.999999999999	1.207816175574327e-16	1.5201721811068855e-17
5260.249999999999	1.2525330300933515e-16	1.535461291240948e-17
5260.499999999999	1.2522312746058922e-16	1.5285540022538853e-17
5260.749999999999	1.266923855169406e-16	1.5051725841872164e-17
5260.999999999999	1.3679481512994464e-16	1.5271643388247962e-17
5261.249999999999	1.2581354912949487e-16	1.504403967962032e-17
5261.499999999999	1.3551845559244062e-16	1.5344790969816026e-17
5261.749999999999	1.3632886759961597e-16	1.5277564347072617e-17
5261.999999999999	1.0756686464141624e-16	1.4380376130556776e-17
5262.249999999999	9.671352708578147e-17	1.4086427573718707e-17
5262.499999999999	1.2735931808378496e-16	1.5187760656690185e-17
5262.749999999999	1.2413827677850347e-16	1.5057104170214984e-17
5262.999999999998	1.1424337023757675e-16	1.474981484445766e-17
5263.249999999999	1.1021627782130928e-16	1.4533426050575012e-17
5263.499999999999	1.172484975506472e-16	1.4598806406191204e-17
5263.749999999999	1.2688323262786884e-16	1.4958936029478415e-17
5263.999999999998	1.1880116188252353e-16	1.4738068879759406e-17
5264.249999999999	1.3056349813946017e-16	1.509238011461792e-17
5264.5	1.2028219899079767e-16	1.479426091313136e-17
5264.749999999999	1.1107509643793124e-16	1.4452818954242945e-17
5264.999999999998	1.1682934859065432e-16	1.4647929354048278e-17
5265.249999999999	1.3513784663154782e-16	1.5337333109413248e-17
5265.5	1.4954595647368227e-16	1.5624669184434568e-17
5265.749999999999	1.0827870980679977e-16	1.468914610961057e-17
5265.999999999999	9.734660480451525e-17	1.4098175192778185e-17
5266.249999999999	1.0784518775648318e-16	1.4581162643725448e-17
5266.499999999999	1.235676412698501e-16	1.509197810484022e-17
5266.749999999999	1.2343807169869979e-16	1.497648549335434e-17
5266.999999999999	1.0616658683070687e-16	1.461122404154685e-17
5267.249999999999	1.2402716987862535e-16	1.5068325702404878e-17
5267.499999999999	1.3712117427754376e-16	1.5441847379809323e-17
5267.749999999999	1.4008647780720346e-16	1.5486755015264827e-17
5267.999999999999	1.3061941554886876e-16	1.5291848101890182e-17
5268.249999999999	1.221217957335564e-16	1.5121318201167475e-17
5268.499999999999	1.2367434095142453e-16	1.5108410874889198e-17
5268.749999999999	1.1467084394325435e-16	1.4888018526841794e-17
5268.999999999999	1.5666182732400645e-16	1.6144201474844424e-17
5269.249999999999	1.3676646599599122e-16	1.5479369946755954e-17
5269.499999999999	1.2818569136806014e-16	1.5105338726094176e-17
5269.749999999998	1.30692035389206e-16	1.5195316124405244e-17
5269.999999999999	1.2474209215588758e-16	1.526841242077533e-17
5270.249999999999	1.294799444765749e-16	1.5262284666797537e-17
5270.499999999999	1.3106982531857123e-16	1.5506423715870113e-17
5270.749999999998	1.3906164735036456e-16	1.570807380559829e-17
5270.999999999999	1.3130402992848705e-16	1.5405903073471444e-17
5271.25	1.4094772502610387e-16	1.5685142704657095e-17
5271.499999999999	1.6423647239438723e-16	1.6254964267587724e-17
5271.749999999998	1.5343280538017504e-16	1.5961296952157923e-17
5271.999999999999	1.1607775243375394e-16	1.4777158126786212e-17
5272.25	1.2069082621339887e-16	1.5076372515403794e-17
5272.499999999999	1.303674100121708e-16	1.5214821043249244e-17
5272.749999999998	1.4024703025537755e-16	1.5517622087002856e-17
5272.999999999999	1.4168518632069694e-16	1.5546414589764602e-17
5273.249999999999	1.3368038086200898e-16	1.5141114287587094e-17
5273.499999999999	1.3324671322790458e-16	1.5130610748168896e-17
5273.749999999999	1.2687449760060028e-16	1.5354066973205196e-17
5273.999999999999	1.4088353581056975e-16	1.5727482771491234e-17
5274.249999999999	1.3119142748606143e-16	1.5185174890095344e-17
5274.499999999999	1.2629037573923984e-16	1.5100908346733342e-17
5274.749999999999	1.3421771738792343e-16	1.5612531136125965e-17
5274.999999999999	1.2439742915569389e-16	1.540583028157754e-17
5275.249999999999	9.56548483982769e-17	1.440859126125096e-17
5275.499999999999	1.2995665197231167e-16	1.5372498211614102e-17
5275.749999999999	1.2939607497990693e-16	1.549286291690792e-17
5275.999999999999	1.232119271366727e-16	1.5395983523565708e-17
5276.249999999999	1.3115328453365538e-16	1.547845839372092e-17
5276.499999999998	1.5028855290551808e-16	1.560479534303737e-17
5276.749999999999	1.2678917226605421e-16	1.500766027628024e-17
5276.999999999999	1.4901158456308321e-16	1.5810020507373e-17
5277.249999999999	1.0558748761002585e-16	1.4465056264225054e-17
5277.499999999998	1.0665670788725679e-16	1.4215133568309508e-17
5277.749999999999	1.2418134310991543e-16	1.4816058776633356e-17
5277.999999999999	1.2672683593509222e-16	1.5132149304108245e-17
5278.249999999999	1.0978653433203083e-16	1.4674331304839745e-17
5278.499999999998	1.074243645829305e-16	1.4156936449132727e-17
5278.749999999999	1.1545446853347278e-16	1.478719844506138e-17
5279.0	1.0258599327420573e-16	1.4162443817651105e-17
5279.249999999999	1.1087229160406794e-16	1.4511563666985236e-17
5279.499999999998	1.188164746500231e-16	1.494463903977105e-17
5279.749999999999	1.0355391370490098e-16	1.4220394437005345e-17
5279.999999999998	1.2924478695459343e-16	1.5115051480846773e-17
5280.249999999999	1.26901232077998e-16	1.528041977454715e-17
5280.499999999999	1.277482253205829e-16	1.5283733460081037e-17
5280.749999999999	1.1432821911608998e-16	1.4862332914460798e-17
5280.999999999999	1.155716634826593e-16	1.484443272600515e-17
5281.249999999999	1.227158702320471e-16	1.5062226072567912e-17
5281.499999999999	1.009305269358013e-16	1.4275238165978836e-17
5281.749999999999	1.2634933717330262e-16	1.5389721766328682e-17
5281.999999999999	1.388032096572234e-16	1.5673524125773175e-17
5282.249999999999	1.147901829445886e-16	1.4524629811941124e-17
5282.499999999999	1.0842074664414248e-16	1.441757609706451e-17
5282.749999999999	1.174762700041198e-16	1.4953790966068336e-17
5282.999999999999	9.81303948308562e-17	1.424706770303773e-17
5283.249999999998	7.602303343086597e-17	1.3281639567528102e-17
5283.499999999999	1.0808519586557667e-16	1.435905141436516e-17
5283.749999999999	1.1241716720329647e-16	1.4617204557375608e-17
5283.999999999999	1.1771902435284696e-16	1.4909842860123393e-17
5284.249999999998	1.2764617108532855e-16	1.530648589000992e-17
5284.499999999999	1.3858300756071688e-16	1.5593094046092194e-17
5284.749999999999	1.3364876271027476e-16	1.557128460206162e-17
5284.999999999999	1.2513007295039945e-16	1.5111403614345415e-17
5285.249999999998	1.2066227855609844e-16	1.501104675370803e-17
5285.499999999999	1.2802255811637488e-16	1.530868288171686e-17
5285.75	1.175138306213746e-16	1.4978890934575645e-17
5285.999999999999	9.839685286721668e-17	1.419892744574837e-17
5286.249999999998	9.378007331842751e-17	1.38392684882297e-17
5286.499999999999	8.320128693426645e-17	1.3708208337615573e-17
5286.749999999998	8.326948632141022e-17	1.3628800653171708e-17
5286.999999999999	1.0223472606400141e-16	1.421741824116138e-17
5287.249999999999	9.847321156392268e-17	1.4230891358978643e-17
5287.499999999999	9.449630584978003e-17	1.426523093492817e-17
5287.749999999999	1.1257794464459718e-16	1.4764775233016293e-17
5287.999999999999	1.1608877709695805e-16	1.4882679903168377e-17
5288.249999999999	1.1528414873662567e-16	1.471744064964356e-17
5288.499999999999	1.045524795229301e-16	1.4482572640876477e-17
5288.749999999999	1.1497316853097513e-16	1.4889944203307818e-17
5288.999999999999	1.2209258633176593e-16	1.5094494388263606e-17
5289.249999999999	1.1831169595301875e-16	1.5010831686748767e-17
5289.499999999999	1.1954731849971576e-16	1.4978278820922355e-17
5289.749999999999	9.832492785859397e-17	1.3936137128223947e-17
5289.999999999999	9.21138734843946e-17	1.3888470018244967e-17
5290.249999999999	9.890584025917771e-17	1.4278163076624823e-17
5290.499999999999	1.0045545394895495e-16	1.4299158574932644e-17
5290.749999999999	1.0149495528113809e-16	1.440630989712154e-17
5290.999999999998	1.0700575825341947e-16	1.4704776514465372e-17
5291.249999999999	8.980813730540509e-17	1.4108046766208393e-17
5291.499999999999	1.317666157968063e-16	1.4946864155618817e-17
5291.749999999999	1.291414621699182e-16	1.5121713593500276e-17
5291.999999999998	1.261009315266305e-16	1.510320129139134e-17
5292.249999999999	1.2930422484468904e-16	1.5078150953720783e-17
5292.5	1.3380792549501976e-16	1.5304805059005213e-17
5292.749999999999	1.4139219233028576e-16	1.5637789923310884e-17
5292.999999999998	1.0490417686705294e-16	1.4170977012850202e-17
5293.249999999999	1.225412226262351e-16	1.479359751428009e-17
5293.5	1.118950243308734e-16	1.4405907887343838e-17
5293.749999999999	1.187756053103181e-16	1.4616885265659163e-17
5293.999999999998	1.295061627932704e-16	1.4959202381635657e-17
5294.249999999999	1.208035742396123e-16	1.4742444665199812e-17
5294.499999999999	1.251493694197291e-16	1.4614271374923495e-17
5294.749999999999	1.2357833506080918e-16	1.4922346522262745e-17
5294.999999999999	1.0988338725559344e-16	1.4457183159154775e-17
5295.249999999999	1.1547365912368402e-16	1.4744648274351653e-17
5295.499999999999	1.1141799919778142e-16	1.4608922825082727e-17
5295.749999999999	1.040501625154287e-16	1.4293967189408262e-17
5295.999999999999	1.2164041632171994e-16	1.50671147099881e-17
5296.249999999999	1.2837750462594384e-16	1.5080706941813572e-17
5296.499999999999	1.335759178768109e-16	1.5131514029397804e-17
5296.749999999999	1.2903084496096272e-16	1.4989197605008055e-17
5296.999999999999	1.1772934756689162e-16	1.4590142516455323e-17
5297.249999999999	1.1058362542262163e-16	1.4267538768837192e-17
5297.499999999999	1.0948634056156799e-16	1.4334270737574295e-17
5297.749999999998	1.190204772414134e-16	1.4641207684390672e-17
5297.999999999999	1.071046030278971e-16	1.460708979284531e-17
5298.249999999999	1.139306562613623e-16	1.4772395220819132e-17
5298.499999999999	1.1510591447567764e-16	1.4779290598405374e-17
5298.749999999998	1.1801060221004945e-16	1.4914749695517058e-17
5298.999999999999	1.2273831660514933e-16	1.5176054396661334e-17
5299.249999999999	1.2119307704645127e-16	1.5215280955669824e-17
5299.499999999999	1.2803666650890259e-16	1.5309103089468038e-17
5299.749999999998	1.317633467790255e-16	1.528558469029193e-17
5299.999999999999	1.2439090435502207e-16	1.5013993171049945e-17
5300.25	1.0976784666763204e-16	1.456124413457517e-17
5300.499999999999	9.890736888894971e-17	1.410316309187188e-17
5300.749999999998	1.032577896630519e-16	1.4114291979833168e-17
5300.999999999999	1.2972729133206297e-16	1.5201063375301262e-17
5301.249999999998	1.2906308515251759e-16	1.5202103968511854e-17
5301.499999999999	1.1997144377827375e-16	1.4916413982909514e-17
5301.749999999999	1.321595464401037e-16	1.5147329722709818e-17
5301.999999999999	1.3079260731680266e-16	1.5093882274610316e-17
5302.249999999999	1.2219477291591828e-16	1.489600743719783e-17
5302.499999999999	1.3474641153079792e-16	1.5337477038839832e-17
5302.749999999999	1.325637532095114e-16	1.5080635804280892e-17
5302.999999999999	1.234992830640287e-16	1.4923542625428496e-17
5303.249999999999	1.3394764622664732e-16	1.52847260768161e-17
5303.499999999999	1.2844001301047324e-16	1.5174772266711877e-17
5303.749999999999	1.2017073474889493e-16	1.4934908087044975e-17
5303.999999999999	1.240842387234466e-16	1.4956249346848843e-17
5304.249999999999	1.0698276263239049e-16	1.463017474938044e-17
5304.499999999998	1.268902735892429e-16	1.4996898656510924e-17
5304.749999999999	1.2015374115039064e-16	1.4831493966863596e-17
5304.999999999999	1.2109720350473392e-16	1.495730152058801e-17
5305.249999999999	1.2149411784986137e-16	1.4805538693602907e-17
5305.499999999998	1.21176281971294e-16	1.466338439661322e-17
5305.749999999999	1.3076251117739553e-16	1.5266342814882722e-17
5305.999999999999	1.3475103050733842e-16	1.5251251731787305e-17
5306.249999999999	1.1584814033059902e-16	1.461762641948801e-17
5306.499999999998	1.1737463928533908e-16	1.4762776764656365e-17
5306.749999999999	1.123552940934775e-16	1.46388965417592e-17
5307.0	1.1097109667387617e-16	1.452363057776116e-17
5307.249999999999	1.217924057961929e-16	1.484823610246167e-17
5307.499999999998	1.3391998530696354e-16	1.5281639038770053e-17
5307.749999999999	1.2132262014782197e-16	1.4825136256675513e-17
5307.999999999998	1.375210664728764e-16	1.5331584204156005e-17
5308.249999999999	1.3270151517744843e-16	1.5173475247511394e-17
5308.499999999999	1.2850399046777054e-16	1.4989968537338955e-17
5308.749999999999	1.2747476602751776e-16	1.502607993416057e-17
5308.999999999999	1.233649224627705e-16	1.50152488312198e-17
5309.249999999999	1.2995689020032808e-16	1.5244321612615335e-17
5309.499999999999	1.172329862598006e-16	1.4780758016812043e-17
5309.749999999999	9.873697630020868e-17	1.3992152144944813e-17
5309.999999999999	1.1402825033875375e-16	1.4361374137525208e-17
5310.249999999999	1.3582827112778868e-16	1.511922047113404e-17
5310.499999999999	1.2458237350577094e-16	1.507382479911713e-17
5310.749999999999	9.177212215995709e-17	1.3905802760800403e-17
5310.999999999999	1.0615110862708478e-16	1.4179846043377996e-17
5311.249999999999	1.2896230146668413e-16	1.5156886967507255e-17
5311.499999999999	1.3208932211482039e-16	1.5241062521001877e-17
5311.749999999999	1.2630811049157297e-16	1.5019202754547804e-17
5311.999999999999	1.2722389869134268e-16	1.4952882721755752e-17
5312.249999999998	1.33674531040717e-16	1.5079414885696764e-17
5312.499999999999	1.246206355721852e-16	1.5021063910926048e-17
5312.749999999999	9.176558412439547e-17	1.3931053276179196e-17
5312.999999999999	1.1085790527885442e-16	1.4663027054588596e-17
5313.249999999998	1.1382821821430373e-16	1.4586802361141834e-17
5313.499999999999	1.1298633363918196e-16	1.447623974610677e-17
5313.75	1.2115973835904293e-16	1.4854458155029293e-17
5313.999999999999	1.1214258294459827e-16	1.4550949044671336e-17
5314.249999999998	1.4587458480803711e-16	1.54153693284015e-17
5314.499999999999	1.2917162448377434e-16	1.4905366158648256e-17
5314.75	1.1844765797594287e-16	1.467041212309747e-17
5314.999999999999	9.949285394395964e-17	1.4049154815317067e-17
5315.249999999998	9.6430121773031e-17	1.3842614433807477e-17
5315.499999999999	1.2530337059745176e-16	1.4872272316701235e-17
5315.749999999999	1.2873834066147417e-16	1.4972055113993506e-17
5315.999999999999	1.2183388394082875e-16	1.4759994129075737e-17
5316.249999999999	1.1032636563467274e-16	1.435935912555303e-17
5316.499999999999	1.0097617407072443e-16	1.4098729403788596e-17
5316.749999999999	1.0439869672088914e-16	1.412596349827629e-17
5316.999999999999	1.1629207823918888e-16	1.4424421843814e-17
5317.249999999999	1.2165723786665682e-16	1.4729945966144136e-17
5317.499999999999	1.0800045286618183e-16	1.4176456257227753e-17
5317.749999999999	1.0721032332762628e-16	1.4213159915367956e-17
5317.999999999999	1.2498634204716224e-16	1.485837071932667e-17
5318.249999999999	1.2211887082291042e-16	1.4625466437333788e-17
5318.499999999999	1.1300443896842952e-16	1.4203988136735968e-17
5318.749999999999	1.1436629589404703e-16	1.4383262990894586e-17
5318.999999999998	7.526200079753759e-17	1.3033964321336862e-17
5319.249999999999	8.872361749556436e-17	1.3372507012178277e-17
5319.499999999999	1.0456926136319757e-16	1.4139332391336373e-17
5319.749999999999	1.197926933566235e-16	1.4695144823412805e-17
5319.999999999998	1.2190218920709093e-16	1.476315395901569e-17
5320.249999999999	1.1808240148721905e-16	1.4615173001791178e-17
5320.499999999999	1.195322968997918e-16	1.476369162641385e-17
5320.749999999999	1.1953302481873085e-16	1.4751987020746224e-17
5320.999999999998	1.291645438177309e-16	1.4945022851575273e-17
5321.249999999999	1.3382548819378549e-16	1.4924957104275962e-17
5321.5	1.3313233731024565e-16	1.4944910355011966e-17
5321.749999999999	1.3278648316996988e-16	1.5064014437052252e-17
5321.999999999998	1.3618192061815715e-16	1.5102716563552383e-17
5322.249999999999	1.310115520987781e-16	1.475163960488895e-17
5322.499999999998	9.19562591817563e-17	1.3403697511535814e-17
5322.749999999999	1.1568115572598172e-16	1.437016210435297e-17
5322.999999999999	1.2996209151201982e-16	1.467238577603902e-17
5323.249999999999	1.2489447867705455e-16	1.4533900852246618e-17
5323.499999999999	1.2070317436558306e-16	1.4716408328239093e-17
5323.749999999999	1.4472396995853095e-16	1.543282283932637e-17
5323.999999999999	1.5413638535687795e-16	1.56021417476323e-17
5324.249999999999	1.219393263078721e-16	1.4546530245839078e-17
5324.499999999999	1.1880317358577326e-16	1.446075492503978e-17
5324.749999999999	1.3019677257796846e-16	1.492344998119989e-17
5324.999999999999	1.2645590450597905e-16	1.4864156020530864e-17
5325.249999999999	1.0695191210426472e-16	1.427561536033816e-17
5325.499999999999	1.2528034188919829e-16	1.4827978449260245e-17
5325.749999999998	1.4291444288539975e-16	1.5399854728832456e-17
5325.999999999999	1.240746169585614e-16	1.4863045944148818e-17
5326.249999999999	1.3375218013917859e-16	1.507732377310823e-17
5326.499999999999	1.3880878154582955e-16	1.5108711968632167e-17
5326.749999999998	1.3768827607062032e-16	1.5017641037551304e-17
5326.999999999999	1.4287663080523872e-16	1.5344774426203775e-17
5327.249999999999	1.256518452459081e-16	1.467450170404593e-17
5327.499999999999	1.1034349819951994e-16	1.4198803368656486e-17
5327.749999999998	1.2876134289994804e-16	1.4819767854500044e-17
5327.999999999999	1.1844082877280563e-16	1.4444255980541796e-17
5328.25	1.1368775632884733e-16	1.4241606656633655e-17
5328.499999999999	1.3569035034117404e-16	1.4954403079721625e-17
5328.749999999998	1.4170826796850962e-16	1.5353552466864188e-17
5328.999999999999	1.3433497851155895e-16	1.5013865785235612e-17
5329.249999999998	1.4073200955723984e-16	1.5398837296679016e-17
5329.499999999999	1.1473797130432425e-16	1.429300435117525e-17
5329.749999999999	1.1153053546575804e-16	1.423115605677466e-17
5329.999999999999	1.237144823721905e-16	1.488469326077933e-17
5330.249999999999	1.2541835532004153e-16	1.486735886386267e-17
5330.499999999999	1.3897767197457818e-16	1.5330136638084037e-17
5330.749999999999	1.3264375811835753e-16	1.516438618694066e-17
5330.999999999999	1.2475223008147503e-16	1.4846725670663147e-17
5331.249999999999	1.1606826301776673e-16	1.4595100637046966e-17
5331.499999999999	1.3271426037632665e-16	1.501008060675257e-17
5331.749999999999	1.440992037505921e-16	1.530867295554951e-17
5331.999999999999	1.1398491930954578e-16	1.4413081197615898e-17
5332.249999999999	1.56726585639802e-16	1.56294552514588e-17
5332.499999999999	1.525194656350185e-16	1.5579033630040018e-17
5332.749999999999	1.4165117265390876e-16	1.51139265152137e-17
5332.999999999999	1.3331893602154781e-16	1.488033236458995e-17
5333.249999999999	1.27232117557909e-16	1.480449313730864e-17
5333.499999999998	1.2072810889796786e-16	1.4607544742182214e-17
5333.749999999999	1.154233268377714e-16	1.4406969987250356e-17
5333.999999999999	1.2558601490403868e-16	1.455094077286521e-17
5334.249999999999	1.2828045317903421e-16	1.4897286258424838e-17
5334.499999999998	1.158492388264525e-16	1.4575769426131602e-17
5334.749999999999	1.1917741656467185e-16	1.4613364784972137e-17
5335.0	1.334170197898619e-16	1.5014501059946052e-17
5335.249999999999	1.2978668951748917e-16	1.501531335130758e-17
5335.499999999998	1.3773443936624568e-16	1.5014122211225503e-17
5335.749999999999	1.3756122112853217e-16	1.4816004182712928e-17
5336.0	1.3302101865213072e-16	1.4973089089759198e-17
5336.249999999999	1.2089779342010454e-16	1.4636290922829657e-17
5336.499999999998	1.2001319985559543e-16	1.4481424514186254e-17
5336.749999999999	1.2637378201476478e-16	1.4770601893251117e-17
5336.999999999999	1.1938065153245368e-16	1.4586248150131424e-17
5337.249999999999	9.945138241676868e-17	1.391176011557201e-17
5337.499999999999	1.2492364837417562e-16	1.4694567451345243e-17
5337.749999999999	1.4390539202434847e-16	1.5254199803490444e-17
5337.999999999999	1.3328194450455444e-16	1.4997141847611015e-17
5338.249999999999	1.26445607761714e-16	1.4822558761886798e-17
5338.499999999999	1.4684537720981915e-16	1.542885402674734e-17
5338.749999999999	1.2766696309720569e-16	1.489582214874062e-17
5338.999999999999	1.2010199273126932e-16	1.445656608241781e-17
5339.249999999999	1.3352979428585493e-16	1.5018076134553507e-17
5339.499999999999	1.290680085315235e-16	1.4743275154534815e-17
5339.749999999999	1.2801017025952129e-16	1.4722729642480223e-17
5339.999999999999	1.3379564351728457e-16	1.5001863394547467e-17
5340.249999999998	1.1923467069795032e-16	1.4416904426407118e-17
5340.499999999999	1.3751769157597718e-16	1.494221870929872e-17
5340.749999999999	1.0195253836111262e-16	1.393685677535687e-17
5340.999999999999	1.1287723844255357e-16	1.426327382559887e-17
5341.249999999998	1.3119543765767108e-16	1.484918570580488e-17
5341.499999999999	1.4014547894593564e-16	1.5169635475107923e-17
5341.75	1.350002302473986e-16	1.502789145970206e-17
5341.999999999999	1.088999224468271e-16	1.432356702044786e-17
5342.249999999998	1.2186931374082562e-16	1.4829659280264953e-17
5342.499999999999	1.3293421100992695e-16	1.5153617949726446e-17
5342.75	1.4048578766738486e-16	1.5349854969526076e-17
5342.999999999999	1.3626469161897166e-16	1.5351353820796022e-17
5343.249999999998	1.1845023877945403e-16	1.460389522131963e-17
5343.499999999999	8.878764127497597e-17	1.3326294912896777e-17
5343.749999999999	1.3622582074762656e-16	1.52355948571529e-17
5343.999999999999	1.3912897323478148e-16	1.5267897914434322e-17
5344.249999999999	1.0794566703985122e-16	1.3983094517237358e-17
5344.499999999999	1.0269043640706913e-16	1.3993318469608513e-17
5344.749999999999	1.1868330518884697e-16	1.457441119556579e-17
5344.999999999999	1.250090266482809e-16	1.468702356415876e-17
5345.249999999999	1.173155057977089e-16	1.4534311133830444e-17
5345.499999999999	1.293473970552194e-16	1.47168963648005e-17
5345.749999999999	1.418092369428003e-16	1.519707140166508e-17
5345.999999999999	1.433972119606653e-16	1.5419215718249872e-17
5346.249999999999	1.4410269776149952e-16	1.5497576192038246e-17
5346.499999999999	1.4612640505627786e-16	1.5520221088487497e-17
5346.749999999999	1.4869516481772453e-16	1.5259942091302787e-17
5346.999999999998	1.244739929931918e-16	1.4253903523619868e-17
5347.249999999999	1.2757425269415074e-16	1.450462858472959e-17
5347.499999999999	1.267857841342652e-16	1.4725743888632366e-17
5347.749999999999	1.2360079466880122e-16	1.4734421013258048e-17
5347.999999999998	1.3027869654583571e-16	1.4925632083655805e-17
5348.249999999999	1.476915234194568e-16	1.6712429887915276e-17
5348.499999999999	1.7478491779367985e-16	1.954011041598085e-17
5348.749999999999	1.0630021951302604e-16	1.7452945133329898e-17
5348.999999999998	1.1620253097479634e-16	1.424565156982904e-17
5349.249999999999	1.0975725213834646e-16	1.4148997169613443e-17
5349.5	1.2090895043220665e-16	1.4691604490391078e-17
5349.749999999999	1.2502257917543696e-16	1.4877559655176674e-17
5349.999999999998	1.2063731755393404e-16	1.456186286567336e-17
5350.249999999999	1.0806522441686719e-16	1.4268703439139667e-17
5350.499999999998	1.0144726335574073e-16	1.390279844081561e-17
5350.749999999999	1.1292799424493982e-16	1.398264122226168e-17
5350.999999999999	1.1352294224615736e-16	1.4229632390086337e-17
5351.249999999999	1.1639812941116308e-16	1.4379305758844132e-17
5351.499999999999	1.2328143677790674e-16	1.4643032444821964e-17
5351.749999999999	1.357521837463236e-16	1.5169198723744495e-17
5351.999999999999	1.3995711999428996e-16	1.5307911949385962e-17
5352.249999999999	1.3379829049524474e-16	1.5225177344518408e-17
5352.499999999999	1.2773397134426738e-16	1.49797776721923e-17
5352.749999999999	1.3308584314237527e-16	1.50616321568881e-17
5352.999999999999	1.2846631073650753e-16	1.438256485045759e-17
5353.249999999999	1.1589493890093482e-16	1.3682456550785572e-17
5353.499999999999	1.247283411053845e-16	1.482603622918197e-17
5353.749999999998	1.1771604650264177e-16	1.4600293676932574e-17
5353.999999999999	9.504671844681771e-17	1.369896376708968e-17
5354.249999999999	1.122068250996916e-16	1.3990646676229967e-17
5354.499999999999	1.2259557831864718e-16	1.449806738811082e-17
5354.749999999998	1.2378507727438823e-16	1.4753451130430442e-17
5354.999999999999	1.3031396752715498e-16	1.4832997781217217e-17
5355.249999999999	1.305202200498114e-16	1.4898910841147892e-17
5355.499999999999	1.0751492431639281e-16	1.4250379734210392e-17
5355.749999999998	1.1443638787043232e-16	1.434613747064198e-17
5355.999999999999	1.15011655590516e-16	1.4317257286735305e-17
5356.25	1.1537225339802991e-16	1.443012442695694e-17
5356.499999999999	1.2172760777572793e-16	1.470846573999736e-17
5356.749999999998	1.2865494762083902e-16	1.4910332551046025e-17
5356.999999999999	1.235878906512454e-16	1.4764204478393632e-17
5357.249999999998	1.301456859033372e-16	1.4870753613096587e-17
5357.499999999999	1.1243678130998133e-16	1.4417331251603195e-17
5357.749999999998	1.0985867109889036e-16	1.4202646449782407e-17
5357.999999999999	1.244038480772473e-16	1.4587900856995305e-17
5358.249999999999	1.381576514374074e-16	1.508951310661481e-17
5358.499999999999	1.28352173046865e-16	1.489723828194931e-17
5358.749999999999	9.954794417275567e-17	1.3838052532729247e-17
5358.999999999999	1.3172008192426652e-16	1.486945493953488e-17
5359.249999999999	1.2850683596907773e-16	1.493957173133855e-17
5359.499999999999	1.391667456102731e-16	1.5174486062219934e-17
5359.749999999999	1.368891534244451e-16	1.505946494368321e-17
5359.999999999999	1.141256988323574e-16	1.4451801522089505e-17
5360.249999999999	1.2856541359133628e-16	1.4797606031528523e-17
5360.499999999999	1.3226355943904856e-16	1.4927215307348232e-17
5360.749999999999	1.2559342644232716e-16	1.4504421789576453e-17
5360.999999999999	1.3289695479513756e-16	1.4794982214625505e-17
5361.249999999999	1.2903963292779048e-16	1.4749629556000448e-17
5361.499999999998	1.1605091207723782e-16	1.433902537173525e-17
5361.749999999999	1.1408701324946952e-16	1.4288573971814416e-17
5361.999999999999	1.216538100301984e-16	1.4637978371279265e-17
5362.249999999999	1.4322368932048637e-16	1.5327114120125768e-17
5362.499999999998	1.4060606634589497e-16	1.5263586649081696e-17
5362.749999999999	1.384771416771999e-16	1.5279935046708194e-17
5363.0	1.3162719946764416e-16	1.5106685376131412e-17
5363.249999999999	1.320475263328293e-16	1.4987852609332044e-17
5363.499999999998	1.528970173363673e-16	1.550450134812654e-17
5363.749999999999	1.4577693779108645e-16	1.543507111623129e-17
5364.0	1.3409807398412376e-16	1.4894228998880842e-17
5364.249999999999	1.1994833566068147e-16	1.428187215449151e-17
5364.499999999998	1.4622609024625785e-16	1.5328804877297826e-17
5364.749999999999	1.640645114712048e-16	1.6052037010993765e-17
5364.999999999999	1.4616078929998046e-16	1.5407850256633394e-17
5365.249999999999	1.4246008911853662e-16	1.5265371704843585e-17
5365.499999999999	1.2504581964192725e-16	1.457683814348302e-17
5365.749999999999	1.4263737046741899e-16	1.524500982688498e-17
5365.999999999999	1.3008001438014538e-16	1.4824077465491445e-17
5366.249999999999	1.2529699138056775e-16	1.4711021728090147e-17
5366.499999999999	1.2484349788154168e-16	1.4798504349673756e-17
5366.749999999999	1.151145833284972e-16	1.4388829916417068e-17
5366.999999999999	1.276127265188018e-16	1.463783113313023e-17
5367.249999999999	1.4063555368037126e-16	1.5029160354761717e-17
5367.499999999999	9.989824523600453e-17	1.3767494853659086e-17
5367.749999999999	1.1040819034086649e-16	1.4251398820725058e-17
5367.999999999999	1.2217571467460506e-16	1.4642122546148156e-17
5368.249999999998	1.2151836416797652e-16	1.4454656949564038e-17
5368.499999999999	1.318710523122248e-16	1.4803859516959424e-17
5368.749999999999	1.0431791095354476e-16	1.412397991916739e-17
5368.999999999999	1.0554894761092578e-16	1.4074334193163182e-17
5369.249999999998	1.2565729802050605e-16	1.4474295871667272e-17
5369.499999999999	1.3482848108245299e-16	1.480442861722086e-17
5369.749999999999	1.262992828200758e-16	1.4630388161978478e-17
5369.999999999999	1.146528047884558e-16	1.4173623990810372e-17
5370.249999999998	1.1776101865818505e-16	1.4320150764518015e-17
5370.499999999999	1.4212332734755403e-16	1.5291068897753157e-17
5370.75	1.3054114441058654e-16	1.498301360274861e-17
5370.999999999999	1.0205406981821983e-16	1.390125657615381e-17
5371.249999999998	1.1387802110462432e-16	1.423230583782611e-17
5371.499999999999	1.243429411143838e-16	1.4660130268083435e-17
5371.749999999998	1.0272687205869086e-16	1.3885287027247863e-17
5371.999999999999	1.2495681500801655e-16	1.4665731935191644e-17
5372.249999999999	1.349208341434833e-16	1.4708260599205445e-17
5372.499999999999	1.3733827940983688e-16	1.5044294451248987e-17
5372.749999999999	1.17804084989597e-16	1.444160403949795e-17
5372.999999999999	1.1842923500934009e-16	1.4445981479299582e-17
5373.249999999999	1.330676186991195e-16	1.5034042374737005e-17
5373.499999999999	1.2667274494047615e-16	1.4804547731229068e-17
5373.749999999999	1.011643874385823e-16	1.395747011622169e-17
5373.999999999999	1.2939636614748255e-16	1.464600202322103e-17
5374.249999999999	1.2258544039305973e-16	1.4453866164898437e-17
5374.499999999999	1.2065619050679005e-16	1.4275995863419934e-17
5374.749999999999	1.3215233342516223e-16	1.4763378952142304e-17
5374.999999999998	1.485338315110522e-16	1.5527015550039008e-17
5375.249999999999	1.4891068176324155e-16	1.5368183637539026e-17
5375.499999999999	1.1200973112077735e-16	1.398991875729092e-17
5375.749999999999	1.5014934833459275e-16	1.5546202831527788e-17
5375.999999999998	1.300599238174277e-16	1.4892706986553745e-17
5376.249999999999	1.1979244189371728e-16	1.4518578158579686e-17
5376.499999999999	1.3522143819552998e-16	1.4930904532880218e-17
5376.749999999999	1.496806347122957e-16	1.5344213597748464e-17
5376.999999999998	1.4551490020791945e-16	1.5401646402039246e-17
5377.249999999999	1.391919448404539e-16	1.5020266508815547e-17
5377.5	1.2760915309855558e-16	1.4713422206227776e-17
5377.749999999999	1.3495478163582248e-16	1.493996712367135e-17
5377.999999999998	1.3292597890847082e-16	1.4762278801927608e-17
5378.249999999999	1.2029139723920926e-16	1.4218071713845296e-17
5378.499999999998	1.1642913875796647e-16	1.4010290561416876e-17
5378.749999999999	1.2061774315191858e-16	1.419927817032809e-17
5378.999999999998	1.4125375538296889e-16	1.482297731527675e-17
5379.249999999999	1.4273012057514333e-16	1.5250737225446297e-17
5379.499999999999	1.4714471071244494e-16	1.5146613384299347e-17
5379.749999999999	1.3126245913962258e-16	1.4613126556955722e-17
5379.999999999999	1.1089995252375171e-16	1.421733717746135e-17
5380.249999999999	1.312550343664443e-16	1.4662644897145596e-17
5380.499999999999	1.6356767370808096e-16	1.5673158511942427e-17
5380.749999999999	1.2960873318922697e-16	1.478702639149397e-17
5380.999999999999	1.0976928265317543e-16	1.3944867192408832e-17
5381.249999999999	1.2166419941869207e-16	1.4417906969309532e-17
5381.499999999999	1.360547862667302e-16	1.5006058854614336e-17
5381.749999999999	1.3811614682299195e-16	1.5055196691722436e-17
5381.999999999999	1.494183456662225e-16	1.5447745177576826e-17
5382.249999999999	1.2144581050208827e-16	1.4277668422618517e-17
5382.499999999999	1.3342682684320433e-16	1.484264105279836e-17
5382.749999999998	1.3838797822461157e-16	1.4990263013637024e-17
5382.999999999999	1.5948522636522144e-16	1.5662534204154796e-17
5383.249999999999	1.6543833273720228e-16	1.585454102230183e-17
5383.499999999999	1.338693089139161e-16	1.483328729443161e-17
5383.749999999998	1.2702884288545778e-16	1.4549721508642307e-17
5383.999999999999	1.3158674040952297e-16	1.4581136173945846e-17
5384.25	1.3457013603354042e-16	1.4928613242583447e-17
5384.499999999999	1.4348675922505784e-16	1.5309786340654007e-17
5384.749999999998	1.4805335207172219e-16	1.5403201501590846e-17
5384.999999999999	1.3897404561477274e-16	1.4966886889526275e-17
5385.25	1.285970052732909e-16	1.4377818488102762e-17
5385.499999999999	1.4588611239705365e-16	1.5279342785389606e-17
5385.749999999998	1.2892328501155122e-16	1.4869304392663394e-17
5385.999999999999	1.2809991604726084e-16	1.455952690762351e-17
5386.249999999999	1.5772276256022206e-16	1.5635563153101892e-17
5386.499999999999	1.55949909366729e-16	1.5722834016448686e-17
5386.749999999999	1.364743455083069e-16	1.5049914316330673e-17
5386.999999999999	1.6533206980699126e-16	1.5882488146477546e-17
5387.249999999999	1.1051241509804817e-16	1.3876999504690694e-17
5387.499999999999	1.2587736776811456e-16	1.449846939788852e-17
5387.749999999999	1.2576767700144513e-16	1.467135180027333e-17
5387.999999999999	1.2455320380864987e-16	1.4606519038222648e-17
5388.249999999999	1.2555930689642057e-16	1.4677726054073663e-17
5388.499999999999	1.2959324836815997e-16	1.485369218578207e-17
5388.749999999999	1.2652087458001141e-16	1.4740267525827572e-17
5388.999999999999	1.2479042597344028e-16	1.472032750998137e-17
5389.249999999999	1.4053253329816145e-16	1.5101333517568194e-17
5389.499999999998	1.3561867017801264e-16	1.4986466254625405e-17
5389.749999999999	1.2187581207171783e-16	1.4651784015702775e-17
5389.999999999999	1.2400474997530271e-16	1.4719996637736348e-17
5390.249999999999	1.3622280319275197e-16	1.5033345888661236e-17
5390.499999999998	1.048348856015006e-16	1.410895997360465e-17
5390.749999999999	1.1818573950678408e-16	1.448832485485617e-17
5390.999999999999	1.1557870444403335e-16	1.4448267806512678e-17
5391.249999999999	1.1548563669895378e-16	1.440280099696309e-17
5391.499999999998	1.1198167315439956e-16	1.4290225024317072e-17
5391.749999999999	1.1126382596649134e-16	1.4171178844919665e-17
5392.0	1.1585171375084525e-16	1.4248116568054447e-17
5392.249999999999	1.2544096051182138e-16	1.4586142271013017e-17
5392.499999999998	1.306029778157361e-16	1.447919443525481e-17
5392.749999999999	1.245583521807824e-16	1.4549719854281082e-17
5392.999999999998	1.38195092940654e-16	1.506570188550186e-17
5393.249999999999	1.3780258581383024e-16	1.4957240309222682e-17
5393.499999999999	1.2870259322412208e-16	1.4596070092724878e-17
5393.749999999999	1.47654161325549e-16	1.5297486164945344e-17
5393.999999999999	1.3905218440415695e-16	1.50686698095397e-17
5394.249999999999	1.3230522287214163e-16	1.490879234074545e-17
5394.499999999999	1.3394170376112674e-16	1.4724680134364623e-17
5394.749999999999	1.2708967043898248e-16	1.453097594160063e-17
5394.999999999999	1.184873494104556e-16	1.433222760146129e-17
5395.249999999999	1.2874792272168998e-16	1.467306571850254e-17
5395.499999999999	1.7569105775878474e-16	1.6043722191476382e-17
5395.749999999999	1.393291641779091e-16	1.5267636525360755e-17
5395.999999999999	1.369066499487618e-16	1.5166060400500468e-17
5396.249999999998	1.3707520950526542e-16	1.4946109766900168e-17
5396.499999999999	1.5025228930746375e-16	1.536466646557445e-17
5396.749999999999	1.599024430313034e-16	1.5680518765032924e-17
5396.999999999999	1.458136778451736e-16	1.524235292275746e-17
5397.249999999998	1.2729465241221802e-16	1.481681812843568e-17
5397.499999999999	1.60570288805544e-16	1.5799440867338447e-17
5397.749999999999	1.42615638778366e-16	1.5331018412617018e-17
5397.999999999999	1.3779067441300948e-16	1.4986189976300813e-17
5398.249999999998	1.3069155893317318e-16	1.475225833598714e-17
5398.499999999999	1.363745809089881e-16	1.4867631833464812e-17
5398.75	1.5251415844420835e-16	1.5168770244187192e-17
5398.999999999999	1.0525646316377193e-16	1.3881690445944482e-17
5399.249999999998	1.349082212935031e-16	1.496853463330648e-17
5399.499999999999	1.4737614923039237e-16	1.5280237794812388e-17
5399.749999999998	1.3444739566552736e-16	1.487369672171605e-17
5399.999999999999	1.4202726851737947e-16	1.521888250005688e-17
5400.249999999999	1.5140172625177764e-16	1.5517653519866133e-17
5400.499999999999	1.154391557659732e-16	1.4176702757050294e-17
5400.749999999999	1.179927086390387e-16	1.4240984616813015e-17
5400.999999999999	1.3062914319287238e-16	1.462626383944429e-17
5401.249999999999	1.338070519922929e-16	1.48495231954948e-17
5401.499999999999	1.3991957261192496e-16	1.5038931012157194e-17
5401.749999999999	1.3400467536679917e-16	1.4833626438482757e-17
5401.999999999999	1.273396245677613e-16	1.4618114456049417e-17
5402.249999999999	1.453391805760336e-16	1.5249324400960056e-17
5402.499999999999	1.3245664324635314e-16	1.4736847961175278e-17
5402.749999999999	1.1193957296994306e-16	1.4075116706022657e-17
5402.999999999999	1.226210025419546e-16	1.4305054718338922e-17
5403.249999999999	1.382091086889531e-16	1.4791592428475263e-17
5403.499999999999	1.2998586137410214e-16	1.4659083057427943e-17
5403.749999999999	1.0989735006433334e-16	1.4129305307951006e-17
5403.999999999998	1.3156911153630824e-16	1.471128808024739e-17
5404.249999999999	1.439415497432844e-16	1.5295108847864866e-17
5404.499999999999	1.145841686499486e-16	1.4070926209039463e-17
5404.749999999999	1.1306400920742314e-16	1.39124119338947e-17
5404.999999999998	1.1181778551399565e-16	1.3836322898068399e-17
5405.249999999999	1.181300206207225e-16	1.3909564778226294e-17
5405.5	1.3330031453159802e-16	1.4527339655627847e-17
5405.749999999999	1.2780967491392823e-16	1.4846553617095736e-17
5405.999999999998	1.2080771676011996e-16	1.4215909463724083e-17
5406.249999999999	1.229751020185763e-16	1.4373318625570474e-17
5406.5	1.452880541967329e-16	1.5143900231890173e-17
5406.749999999999	1.4070152960602849e-16	1.4989004044744718e-17
5406.999999999998	1.1833140270393222e-16	1.4321381609269494e-17
5407.249999999999	1.251197629712446e-16	1.4419041861109955e-17
5407.499999999999	1.272179165211527e-16	1.4544884156420097e-17
5407.749999999999	1.1880575438928442e-16	1.443292360614982e-17
5407.999999999999	1.3599016029983266e-16	1.462580723574616e-17
5408.249999999999	1.420790566411702e-16	1.505120968116993e-17
5408.499999999999	1.3084124553682078e-16	1.471966080240765e-17
5408.749999999999	1.0924381120596744e-16	1.39966056853628e-17
5408.999999999999	1.1101492401145168e-16	1.4250935599582028e-17
5409.249999999999	1.250529532475299e-16	1.465699525356186e-17
5409.499999999999	1.3938611390872216e-16	1.492549146295167e-17
5409.749999999999	1.144422509266141e-16	1.410122252615483e-17
5409.999999999999	1.065367005239876e-16	1.3937315033416223e-17
5410.249999999999	1.2283070937084905e-16	1.4474843465232782e-17
5410.499999999999	1.3800199589845963e-16	1.493209070987862e-17
5410.749999999998	1.3005174465553077e-16	1.473763543711843e-17
5410.999999999999	1.3250161540189642e-16	1.4537323725621362e-17
5411.249999999999	1.1561017701197977e-16	1.4228030968420435e-17
5411.499999999999	1.4510960817754807e-16	1.532294843856095e-17
5411.749999999998	1.495839009027413e-16	1.5366145464509695e-17
5411.999999999999	1.332377267377298e-16	1.4902087214700096e-17
5412.249999999999	1.2975321848118283e-16	1.487469099281234e-17
5412.499999999999	1.366898359840443e-16	1.5018292855873996e-17
5412.749999999998	1.3921719701019393e-16	1.5106971580623355e-17
5412.999999999999	1.1435093018698824e-16	1.4273115620527025e-17
5413.25	1.2195248178833415e-16	1.4543888230962583e-17
5413.499999999999	1.3081007737133978e-16	1.4689036921769713e-17
5413.749999999998	1.272054095502909e-16	1.452471253000238e-17
5413.999999999999	1.208644414978064e-16	1.4420742544449364e-17
5414.249999999998	1.2264538120896777e-16	1.4623527525977964e-17
5414.499999999999	1.3382845280910088e-16	1.508377743624737e-17
5414.749999999999	1.3446972292462139e-16	1.5050528084345187e-17
5414.999999999999	1.2830890819210604e-16	1.4778398897705042e-17
5415.249999999999	1.2098970972977143e-16	1.448511043099579e-17
5415.499999999999	1.0283772087821787e-16	1.3809788598378923e-17
5415.749999999999	9.039405911177845e-17	1.3272418158059361e-17
5415.999999999999	1.385816443670674e-16	1.514813705098767e-17
5416.249999999999	9.721266771973067e-17	1.3674586754437743e-17
5416.499999999999	1.1649604112590976e-16	1.413727105724989e-17
5416.749999999999	1.1763612100313444e-16	1.4231407519680876e-17
5416.999999999999	1.1971136495879728e-16	1.4417428858915476e-17
5417.249999999999	1.1981506032038693e-16	1.444359258169053e-17
5417.499999999998	1.1201896907385835e-16	1.399250452388576e-17
5417.749999999999	1.3392988500453458e-16	1.4887697580764124e-17
5417.999999999999	1.2273455789644589e-16	1.4546960379757605e-17
5418.249999999999	1.1107562583352327e-16	1.4161960744173374e-17
5418.499999999998	1.211717953436515e-16	1.4407931171122142e-17
5418.749999999999	1.2617102350301579e-16	1.464427487010202e-17
5418.999999999999	1.1906241860719228e-16	1.4485115394079465e-17
5419.249999999999	1.1120009997210025e-16	1.4242174102533866e-17
5419.499999999998	1.3180747190162152e-16	1.4961937040740758e-17
5419.749999999999	1.1302934703103472e-16	1.4197423631394747e-17
5420.0	1.2963378683561997e-16	1.4630348457309076e-17
5420.249999999999	1.1486427185769375e-16	1.4055196542511155e-17
5420.499999999998	1.0738481211476067e-16	1.3875666089543258e-17
5420.749999999999	1.2546852878727655e-16	1.4593428077848384e-17
5420.999999999998	1.373650668267938e-16	1.4787310941624688e-17
5421.249999999999	1.2668153290730391e-16	1.4718375363735744e-17
5421.499999999999	1.1750618085506971e-16	1.4280126803399024e-17
5421.749999999999	1.1766952586499178e-16	1.427491887426239e-17
5421.999999999999	1.2069982593846345e-16	1.445244506860607e-17
5422.249999999999	1.1777604025810901e-16	1.4329886680327764e-17
5422.499999999999	1.1241166148913932e-16	1.4131752108202938e-17
5422.749999999999	1.2857299718319217e-16	1.4662740850096652e-17
5422.999999999999	1.261324173294667e-16	1.46747895628991e-17
5423.249999999999	1.1676421969794435e-16	1.4389648825223495e-17
5423.499999999999	1.2598741587680862e-16	1.465834355796032e-17
5423.749999999999	1.3562874192915109e-16	1.4953693358756054e-17
5423.999999999999	1.3475588771189533e-16	1.4828153811550106e-17
5424.249999999998	1.268016262973568e-16	1.4642792562444324e-17
5424.499999999999	1.4859696193540223e-16	1.5351788917798225e-17
5424.749999999999	1.4732236263824172e-16	1.5253935105694427e-17
5424.999999999999	1.4193991824469387e-16	1.5143734795767662e-17
5425.249999999998	1.416407700305253e-16	1.5151961934140115e-17
5425.499999999999	1.4420015948999297e-16	1.523680584956968e-17
5425.749999999999	1.416627267127049e-16	1.5153634493338697e-17
5425.999999999999	1.29983611442836e-16	1.4835848245608075e-17
5426.249999999998	1.2380119737016566e-16	1.46830001576593e-17
5426.499999999999	1.4583293460983384e-16	1.5154304509634865e-17
5426.75	1.0444405268823665e-16	1.3848310399505517e-17
5426.999999999999	1.115348103351637e-16	1.4255422227224516e-17
5427.249999999998	1.121896726825097e-16	1.418660576334378e-17
5427.499999999999	1.0652410090889719e-16	1.389017566466805e-17
5427.749999999998	1.2629060073236645e-16	1.4709426923869145e-17
5427.999999999999	1.4530470368810238e-16	1.5227839211729604e-17
5428.249999999998	1.3119844197765588e-16	1.4678611137329095e-17
5428.499999999999	1.3768209537708332e-16	1.4960274407709526e-17
5428.749999999999	1.389640268031935e-16	1.5133057548420828e-17
5428.999999999999	1.304796683474616e-16	1.4811969195684894e-17
5429.249999999999	1.2538284611070586e-16	1.451071332531553e-17
5429.499999999999	1.379312951171435e-16	1.4755742420727214e-17
5429.749999999999	1.2129302693422727e-16	1.4448494454000518e-17
5429.999999999999	1.2165729080621603e-16	1.439808772183276e-17
5430.249999999999	1.3008839206538931e-16	1.4693660861393885e-17
5430.499999999999	1.2464028938353946e-16	1.4605265032414018e-17
5430.749999999999	1.3106426666485487e-16	1.472837928606396e-17
5430.999999999999	1.2887814080244053e-16	1.4582917920985285e-17
5431.249999999999	9.878012865840435e-17	1.3550096899429125e-17
5431.499999999999	1.2331273729228575e-16	1.461037535423837e-17
5431.749999999999	1.538158363259014e-16	1.5581227313024508e-17
5431.999999999998	1.3850252619583792e-16	1.504463855838381e-17
5432.249999999999	1.3428455358141772e-16	1.4856941351228177e-17
5432.499999999999	1.382200010032592e-16	1.4957685332392235e-17
5432.749999999999	1.4031536199141933e-16	1.5086287102225854e-17
5432.999999999998	1.4614607210252192e-16	1.5337093227035608e-17
5433.249999999999	1.4550672104602253e-16	1.5201519978999392e-17
5433.499999999999	1.3042334065646919e-16	1.4640593916376158e-17
5433.749999999999	1.2975002887274082e-16	1.4527157675893086e-17
5433.999999999998	1.1750054279201455e-16	1.4127470621352363e-17
5434.249999999999	1.0776021976396173e-16	1.407331014356484e-17
5434.5	1.1741418513606402e-16	1.4539965740497857e-17
5434.749999999999	1.304798801056984e-16	1.466566906946509e-17
5434.999999999998	1.1380180137426124e-16	1.4183121678603706e-17
5435.249999999999	1.2762862162145263e-16	1.4533546818944445e-17
5435.499999999998	1.426748649102248e-16	1.5160743283522978e-17
5435.749999999999	1.2954592040223214e-16	1.4876960776413185e-17
5435.999999999999	1.1766728916861544e-16	1.4489878300046546e-17
5436.249999999999	1.2396842020279938e-16	1.4558795679962014e-17
5436.499999999999	1.2410976882587245e-16	1.44283162101379e-17
5436.749999999999	1.164888413458581e-16	1.4375803476130583e-17
5436.999999999999	1.256877250321582e-16	1.4556310829401905e-17
5437.249999999999	1.164234609902419e-16	1.4329155452666267e-17
5437.499999999999	1.2402889041429946e-16	1.4535379851181863e-17
5437.749999999999	1.2489720506435353e-16	1.4561563426291616e-17
5437.999999999999	1.0727683526632045e-16	1.406283803700992e-17
5438.249999999999	1.0852792278174975e-16	1.403321504491317e-17
5438.499999999999	1.2731982517261923e-16	1.4541957591412884e-17
5438.749999999998	1.159351862008192e-16	1.4452243236536608e-17
5438.999999999999	1.202013999885635e-16	1.4628442633177754e-17
5439.249999999999	1.2645153699234477e-16	1.4724145775688914e-17
5439.499999999999	1.2511485282712848e-16	1.4648690360211827e-17
5439.749999999998	1.1965751219219763e-16	1.4380635865269118e-17
5439.999999999999	1.0555412245283791e-16	1.3834147413057384e-17
5440.249999999999	1.2049378517404384e-16	1.42626104267476e-17
5440.499999999999	1.3886148287701653e-16	1.487190504850926e-17
5440.749999999998	1.3080342022176995e-16	1.4742532346344743e-17
5440.999999999999	1.1696226658892424e-16	1.4346919983501456e-17
5441.25	1.161334316151461e-16	1.4192296765958144e-17
5441.499999999999	1.2743228203125704e-16	1.4521736334158413e-17
5441.749999999998	1.3892258836322704e-16	1.4927068069199197e-17
5441.999999999999	1.211279746235209e-16	1.4148466119660184e-17
5442.249999999998	1.358115819317498e-16	1.483655962093487e-17
5442.499999999999	1.2017260086835685e-16	1.400715885561775e-17
5442.749999999999	1.0912347958789813e-16	1.3790267963103284e-17
5442.999999999999	1.1142515927316368e-16	1.4136682104653754e-17
5443.249999999999	1.122567471040204e-16	1.420929863626856e-17
5443.499999999999	1.4168174524934872e-16	1.5185386648332157e-17
5443.749999999999	1.316996737241936e-16	1.4608818600325546e-17
5443.999999999999	1.3093918372134706e-16	1.4588225111795425e-17
5444.249999999999	1.2616238111997583e-16	1.4592054958031546e-17
5444.499999999999	1.249917948217602e-16	1.4431403248183947e-17
5444.749999999999	1.3404637850456165e-16	1.455578474253232e-17
5444.999999999999	1.4328221400318572e-16	1.49403592072817e-17
5445.249999999999	1.124082865922401e-16	1.4116707347221823e-17
5445.499999999998	1.2644674596223686e-16	1.4557341496445146e-17
5445.749999999999	1.380247599089171e-16	1.5009739808340197e-17
5445.999999999999	1.433193775737465e-16	1.5131805196973422e-17
5446.249999999999	1.1491259244035665e-16	1.415177980519407e-17
5446.499999999998	9.695352857743005e-17	1.368667434472898e-17
5446.749999999999	1.4314189770151713e-16	1.516805390577672e-17
5446.999999999999	1.5242545821276307e-16	1.5242397590510537e-17
5447.249999999999	1.0790020519338531e-16	1.391152685063927e-17
5447.499999999998	1.1611023085332522e-16	1.4195095945151023e-17
5447.749999999999	1.2463911147834718e-16	1.4367847652999048e-17
5448.0	1.2807098457815619e-16	1.441593993381288e-17
5448.249999999999	1.2459067178167608e-16	1.4459596872182205e-17
5448.499999999998	1.2245499731918256e-16	1.4539868133185575e-17
5448.749999999999	1.4667227808611385e-16	1.5108104818062553e-17
5448.999999999998	9.451122818803049e-17	1.3351619874530701e-17
5449.249999999999	9.731224041314735e-17	1.3642824673276932e-17
5449.499999999998	1.3139130079183384e-16	1.480885403349802e-17
5449.749999999999	1.3551398219968793e-16	1.497491385019049e-17
5449.999999999999	1.1969944032308672e-16	1.44747193881409e-17
5450.249999999999	1.2792550666946526e-16	1.4647734139423715e-17
5450.499999999999	1.1780939218040715e-16	1.434867360640007e-17
5450.749999999999	1.0099169197901593e-16	1.3591015042790285e-17
5450.999999999999	1.1413754405872916e-16	1.3964023041034335e-17
5451.249999999999	1.0607127577180606e-16	1.396332159187489e-17
5451.499999999999	1.0808864355436979e-16	1.4077474170768433e-17
5451.749999999999	1.2415928054861742e-16	1.4537323725621362e-17
5451.999999999999	1.2858549091916417e-16	1.4643194572222024e-17
5452.249999999999	9.060806727985817e-17	1.3379785374388132e-17
5452.499999999999	1.317400666078658e-16	1.4819743039081667e-17
5452.749999999999	1.1602427024406871e-16	1.4230715996688782e-17
5452.999999999999	1.0111013100784372e-16	1.373727960024375e-17
5453.249999999998	1.0107139910284154e-16	1.3783612467894682e-17
5453.499999999999	1.0630511642225235e-16	1.390294402460342e-17
5453.749999999999	1.0300073501589492e-16	1.374357527188589e-17
5453.999999999999	1.12674982856617e-16	1.4310742412230837e-17
5454.249999999998	1.0159306551923178e-16	1.3758208924102566e-17
5454.499999999999	1.0082104130992379e-16	1.3717496748713931e-17
5454.75	1.1134821162386155e-16	1.3998761318039112e-17
5454.999999999999	1.1460644296948342e-16	1.4177293364007657e-17
5455.249999999998	1.1609644009815274e-16	1.437184293535768e-17
5455.499999999999	1.28539115865302e-16	1.4762374754878665e-17
5455.75	1.1817299430790586e-16	1.410908239633531e-17
5455.999999999999	1.077597697777085e-16	1.4014131988181572e-17
5456.249999999998	1.0987514191924751e-16	1.4034862788693376e-17
5456.499999999999	1.1708058650374383e-16	1.4115678334539807e-17
5456.749999999999	1.2314288071658166e-16	1.4310744066592062e-17
5456.999999999999	1.2342294421965742e-16	1.457387021944518e-17
5457.249999999999	1.2875205200730785e-16	1.4720812237820325e-17
5457.499999999999	1.2976801508798018e-16	1.4584841943090084e-17
5457.749999999999	1.1960000659601294e-16	1.4369975161534534e-17
5457.999999999999	1.1810237293592853e-16	1.4401571806572835e-17
5458.249999999999	1.144359908237383e-16	1.4347877858650793e-17
5458.499999999999	1.1400744509198682e-16	1.4192275259262217e-17
5458.749999999999	1.1427134879461574e-16	1.4064867938233125e-17
5458.999999999999	1.122335728119791e-16	1.4256040958322705e-17
5459.249999999999	1.3946277039044867e-16	1.5018641926092493e-17
5459.499999999999	1.1185848280013326e-16	1.4198507237997192e-17
5459.749999999999	1.278044736022365e-16	1.447497250540834e-17
5459.999999999998	1.2662946685082738e-16	1.4603961395768634e-17
5460.249999999999	1.1902510945284369e-16	1.460092398855934e-17
5460.499999999999	1.2017139649338497e-16	1.4402064806217916e-17
5460.749999999999	1.0795701595785545e-16	1.3649283299499746e-17
5460.999999999998	1.0067910373425459e-16	1.3676997158742722e-17
5461.249999999999	1.0410866072834844e-16	1.3633389851210152e-17
5461.499999999999	9.654585426689452e-17	1.3502294959010298e-17
5461.749999999999	1.0676868167241687e-16	1.3910815475312474e-17
5461.999999999998	1.2644186228790035e-16	1.4463598771985736e-17
5462.249999999999	1.320646390453418e-16	1.4359407102028557e-17
5462.5	1.1235267358529694e-16	1.3530131240983932e-17
5462.749999999999	1.5137173599148892e-16	1.530968377025805e-17
5462.999999999998	1.5413817206700106e-16	1.551627543696562e-17
5463.249999999999	1.6049188531836378e-16	1.5516015702253278e-17
5463.499999999998	1.3960014854658148e-16	1.4831311987128834e-17
5463.749999999999	1.2486361491403897e-16	1.4326821148977643e-17
5463.999999999999	1.3360682134449587e-16	1.4531640994813123e-17
5464.249999999999	1.3708803411348244e-16	1.479078840891986e-17
5464.499999999999	1.2407050090783333e-16	1.4525306445682192e-17
5464.749999999999	1.0318686388860915e-16	1.3625224751383641e-17
5464.999999999999	1.1965890185562672e-16	1.4454034909743398e-17
5465.249999999999	1.2326756661339546e-16	1.4614906649633936e-17
5465.499999999999	1.1948185873476077e-16	1.4457916041177497e-17
5465.749999999999	1.208614371778216e-16	1.4360896027131152e-17
5465.999999999999	1.19285730902802e-16	1.3978012319553832e-17
5466.249999999999	1.2035791579534833e-16	1.4414235941751022e-17
5466.499999999999	1.3521745449369992e-16	1.5034373246982026e-17
5466.749999999998	1.2407040826360472e-16	1.4529940311473714e-17
5466.999999999999	1.1549880541430563e-16	1.4130329357549346e-17
5467.249999999999	1.0981182620644025e-16	1.3920299928216007e-17
5467.499999999999	1.0813806263288616e-16	1.3789767518832689e-17
5467.749999999998	1.1483113169363242e-16	1.4028156008286796e-17
5467.999999999999	1.26782740109611e-16	1.4723042316751768e-17
5468.249999999999	1.0013368730811672e-16	1.389724144146048e-17
5468.499999999999	1.1720427978382256e-16	1.4449500305625382e-17
5468.749999999998	1.4105674081339346e-16	1.4996989646378305e-17
5468.999999999999	1.4028963336564648e-16	1.485178139856707e-17
5469.25	1.2844501579881796e-16	1.4626932201379232e-17
5469.499999999999	1.4835549137098576e-16	1.520951881552278e-17
5469.749999999998	1.1002374326193144e-16	1.4064141673655303e-17
5469.999999999999	1.6172904311227769e-16	1.561992943952464e-17
5470.249999999998	1.3815958373131833e-16	1.4669234217905194e-17
5470.499999999999	1.225164601474177e-16	1.4191140367461795e-17
5470.749999999998	1.2780469859536312e-16	1.447030058930864e-17
5470.999999999999	1.296294590266551e-16	1.454503139456913e-17
5471.249999999999	1.200331315996355e-16	1.408249184836418e-17
5471.499999999999	1.4272131937342577e-16	1.5053353733317668e-17
5471.749999999999	1.218316340095626e-16	1.4129325160285707e-17
5471.999999999999	1.162005192715466e-16	1.404412059410907e-17
5472.249999999999	1.2189033074582937e-16	1.4310605100249153e-17
5472.499999999999	1.3721755074507354e-16	1.4845069655076816e-17
5472.749999999999	1.3866004785424761e-16	1.4965970373407566e-17
5472.999999999999	1.0980142358305679e-16	1.396099225126994e-17
5473.249999999999	1.1576752661682205e-16	1.3999401555833228e-17
5473.499999999999	1.1257169777661118e-16	1.396917637625054e-17
5473.749999999999	1.2296774341984703e-16	1.4499981484048268e-17
5473.999999999999	1.098437289083052e-16	1.407265832524215e-17
5474.249999999999	1.0543117032658803e-16	1.3940570816307232e-17
5474.499999999998	1.2628565088358093e-16	1.4505106695123647e-17
5474.749999999999	1.3234779951263096e-16	1.45827409043342e-17
5474.999999999999	1.3348690000801038e-16	1.4926065526296783e-17
5475.249999999999	1.1715732239480915e-16	1.428116243352594e-17
5475.499999999998	1.2827151962841864e-16	1.4698913458283596e-17
5475.749999999999	1.322112551545556e-16	1.4620068256656267e-17
5476.0	1.2795817037749375e-16	1.4416661235307027e-17
5476.249999999999	1.210017931841596e-16	1.4298965014669307e-17
5476.499999999998	1.1069826603807658e-16	1.400145627247481e-17
5476.749999999999	1.4030117418955282e-16	1.4919438155229008e-17
5477.0	1.1570246389856108e-16	1.4075980282582162e-17
5477.249999999999	1.0982523976725341e-16	1.3881619308411802e-17
5477.499999999998	1.0875742900578626e-16	1.3932338714851104e-17
5477.749999999999	1.2462271344988393e-16	1.432302604432725e-17
5477.999999999999	1.3125711224414304e-16	1.444563075471986e-17
5478.249999999999	9.997322088672634e-17	1.3661384951861396e-17
5478.499999999999	1.2408674011761897e-16	1.4574872762347594e-17
5478.749999999999	1.314765202472615e-16	1.4461122193231752e-17
5478.999999999999	1.348270914190239e-16	1.453188914899689e-17
5479.249999999999	1.2683811488853775e-16	1.4518578158579686e-17
5479.499999999999	1.2533696074776632e-16	1.454072509230018e-17
5479.749999999999	1.3010554448257121e-16	1.4602500594806866e-17
5479.999999999999	1.3018459647935168e-16	1.4630838148231707e-17
5480.249999999999	1.2736191212218593e-16	1.4530686428386237e-17
5480.499999999999	1.3104158206373622e-16	1.4552755607129152e-17
5480.749999999999	1.169040463086903e-16	1.4000460347017296e-17
5480.999999999999	1.24015629054719e-16	1.403531773803028e-17
5481.249999999998	1.3819431208215576e-16	1.456971942713139e-17
5481.499999999999	1.3334925715408156e-16	1.4680933860489144e-17
5481.749999999999	1.1178365273319926e-16	1.378853336535876e-17
5481.999999999999	1.0551267077798165e-16	1.356104959791994e-17
5482.249999999998	9.52181433569632e-17	1.3496242478468247e-17
5482.499999999999	1.2788123596308142e-16	1.4330080240591102e-17
5482.749999999999	1.1433095873827876e-16	1.4108908688406673e-17
5482.999999999999	1.027367717562619e-16	1.374980890498209e-17
5483.249999999998	1.035775313657506e-16	1.3566721575380215e-17
5483.499999999999	9.492197961044472e-17	1.3297567757403423e-17
5483.75	1.2040685841783187e-16	1.4308715819730082e-17
5483.999999999999	1.1864988709209983e-16	1.4177066716519817e-17
5484.249999999998	1.3577518598479748e-16	1.4669659388740046e-17
5484.499999999999	1.2345173010497426e-16	1.4234375443718716e-17
5484.749999999998	1.2161049223588023e-16	1.4114550060184285e-17
5484.999999999999	1.3626330195554257e-16	1.4516098271103252e-17
5485.249999999999	1.3137695417128972e-16	1.456686565401808e-17
5485.499999999999	1.290727863267416e-16	1.4582347166362624e-17
5485.749999999999	1.214211936070587e-16	1.4473296637487308e-17
5485.999999999999	1.1979827848011945e-16	1.439618851514634e-17
5486.249999999999	1.336354219413555e-16	1.47488685498369e-17
5486.499999999999	1.3270698118693618e-16	1.4659035080952415e-17
5486.749999999999	1.261087533465028e-16	1.4342049544054744e-17
5486.999999999999	1.3391413548567157e-16	1.454032969996738e-17
5487.249999999999	1.4001806666182287e-16	1.4759132206877457e-17
5487.499999999999	1.604268226001028e-16	1.539265329441957e-17
5487.749999999999	1.4759063385450492e-16	1.5070527657195494e-17
5487.999999999998	1.3103217205708782e-16	1.4606368491351164e-17
5488.249999999999	1.234804101111727e-16	1.4352498489552514e-17
5488.499999999999	1.3227249298966413e-16	1.4623466314612635e-17
5488.749999999999	1.4735286905923268e-16	1.5112799895219404e-17
5488.999999999998	1.2747307196162326e-16	1.4536575954347614e-17
5489.249999999999	1.420353285652682e-16	1.5060000956720144e-17
5489.499999999999	1.1743064933897627e-16	1.4175673744368278e-17
5489.749999999999	1.2286550389613548e-16	1.4431399939461497e-17
5489.999999999998	1.397812680135061e-16	1.4992421955035787e-17
5490.249999999999	1.4496831249403421e-16	1.520234881397317e-17
5490.5	1.3985440401454558e-16	1.5005074509685398e-17
5490.749999999999	1.229297460512288e-16	1.4503255464912753e-17
5490.999999999998	1.2430449375951233e-16	1.4657561045100845e-17
5491.249999999999	1.3855746422340124e-16	1.4821028477753575e-17
5491.499999999998	1.3586115982894379e-16	1.489114361519602e-17
5491.749999999999	1.2665902035975267e-16	1.4479963713224485e-17
5491.999999999998	1.1956546353363273e-16	1.3998916827994272e-17
5492.249999999999	1.2166089069624186e-16	1.3983298003668046e-17
5492.499999999999	1.2613461432117365e-16	1.4160111168323706e-17
5492.749999999999	1.0259973770726391e-16	1.335288959677097e-17
5492.999999999999	1.1993529929422764e-16	1.401700561362958e-17
5493.249999999999	1.1444949041133516e-16	1.38819617611854e-17
5493.499999999999	1.2655275742954166e-16	1.433207540022858e-17
5493.749999999999	1.4468639610638634e-16	1.49953683723777e-17
5493.999999999999	1.4164361553183248e-16	1.4895150478083226e-17
5494.249999999999	1.1203444066003554e-16	1.401488637690022e-17
5494.499999999999	1.2534098415426577e-16	1.459024839557373e-17
5494.749999999998	1.1823358363341414e-16	1.4335013545764368e-17
5494.999999999999	1.3255341676057694e-16	1.4734333332113117e-17
5495.249999999999	1.5042197382960043e-16	1.5307170795557115e-17
5495.499999999999	1.5635804689840757e-16	1.5465522943301816e-17
5495.749999999998	1.4356128488952642e-16	1.5007286390643365e-17
5495.999999999999	1.2054219840093534e-16	1.416913901752911e-17
5496.249999999999	1.2016475257870494e-16	1.4289053736569697e-17
5496.499999999999	1.2790182945161154e-16	1.4476656645135498e-17
5496.749999999998	1.2956939909673884e-16	1.4551533034183798e-17
5496.999999999999	1.2726916201446158e-16	1.4601451729790148e-17
5497.25	1.2687239325312195e-16	1.455132954775311e-17
5497.499999999999	1.25909237382755e-16	1.454359871774819e-17
5497.749999999998	1.311926715657027e-16	1.4749315227367677e-17
5497.999999999999	1.1989953862198574e-16	1.4363169119454448e-17
5498.249999999998	1.2783745494762022e-16	1.4819311250801915e-17
5498.499999999999	1.3077419758508968e-16	1.48295897970935e-17
5498.749999999998	1.3986317874648354e-16	1.497085404774408e-17
5498.999999999999	1.4017630300428182e-16	1.472337649771924e-17
5499.249999999999	1.2849603629900023e-16	1.423031398691108e-17
5499.499999999999	1.311425113333575e-16	1.438793656135551e-17
5499.749999999999	1.195260103271364e-16	1.4036148227365284e-17
5499.999999999999	1.1379431042663396e-16	1.4007499654030122e-17
5500.249999999999	1.3179222530857094e-16	1.4660705985789772e-17
5500.499999999999	1.3872771784579935e-16	1.4885938994781836e-17
5500.749999999999	1.3592006832344736e-16	1.4864463731718734e-17
5500.999999999999	1.376754779321829e-16	1.4842927257290303e-17
5501.249999999999	1.4426892797739818e-16	1.4967773627142932e-17
5501.499999999999	1.6703051645002395e-16	1.589672888790326e-17
5501.749999999999	1.4752259328603876e-16	1.5072913246082097e-17
5501.999999999999	1.427903128539576e-16	1.4930964089884322e-17
5502.249999999999	1.4384767466992697e-16	1.5041367886241775e-17
5502.499999999998	1.4412816168947636e-16	1.484948679954785e-17
5502.749999999999	1.4152765142739745e-16	1.4534048090395652e-17
5502.999999999999	1.347195447045022e-16	1.4641070372408988e-17
5503.249999999999	1.3085851706801088e-16	1.461163928621435e-17
5503.499999999998	1.2995118596282392e-16	1.471637193229214e-17
5503.749999999999	1.3089650120173932e-16	1.462938396471484e-17
5503.999999999999	1.4923358660460265e-16	1.513721826690197e-17
5504.249999999999	1.5483473755210952e-16	1.5434579770947432e-17
5504.499999999998	1.589619188224959e-16	1.5500290998808645e-17
5504.749999999999	1.6467319728803563e-16	1.5619280929924398e-17
5505.0	1.2791547462299622e-16	1.4777058865112706e-17
5505.249999999999	0.0	100000.0
5505.499999999998	0.0	100000.0
5505.749999999999	0.0	100000.0
5505.999999999998	0.0	100000.0
5506.249999999999	0.0	100000.0
5506.499999999999	0.0	100000.0
5506.749999999999	0.0	100000.0
5506.999999999999	0.0	100000.0
5507.249999999999	0.0	100000.0
5507.499999999999	0.0	100000.0
5507.749999999999	0.0	100000.0
5507.999999999999	0.0	100000.0
5508.249999999999	0.0	100000.0
5508.499999999999	0.0	100000.0
5508.749999999999	0.0	100000.0
5508.999999999999	0.0	100000.0
5509.249999999998	0.0	100000.0
5509.499999999999	0.0	100000.0
5509.749999999999	0.0	100000.0
5509.999999999999	0.0	100000.0
5510.249999999998	0.0	100000.0
5510.499999999999	0.0	100000.0
5510.749999999999	0.0	100000.0
5510.999999999999	0.0	100000.0
5511.249999999998	0.0	100000.0
5511.499999999999	0.0	100000.0
5511.75	0.0	100000.0
5511.999999999999	0.0	100000.0
5512.249999999998	0.0	100000.0
5512.499999999999	0.0	100000.0
5512.749999999998	0.0	100000.0
5512.999999999999	0.0	100000.0
5513.249999999999	0.0	100000.0
5513.499999999999	0.0	100000.0
5513.749999999999	0.0	100000.0
5513.999999999999	0.0	100000.0
5514.249999999999	0.0	100000.0
5514.499999999999	0.0	100000.0
5514.749999999999	0.0	100000.0
5514.999999999999	0.0	100000.0
5515.249999999999	0.0	100000.0
5515.499999999999	0.0	100000.0
5515.749999999999	0.0	100000.0
5515.999999999998	0.0	100000.0
5516.249999999999	0.0	100000.0
5516.499999999999	0.0	100000.0
5516.749999999999	0.0	100000.0
5516.999999999998	0.0	100000.0
5517.249999999999	0.0	100000.0
5517.499999999999	0.0	100000.0
5517.749999999999	0.0	100000.0
5517.999999999998	0.0	100000.0
5518.249999999999	0.0	100000.0
5518.5	0.0	100000.0
5518.749999999999	0.0	100000.0
5518.999999999998	0.0	100000.0
5519.249999999999	0.0	100000.0
5519.499999999998	0.0	100000.0
5519.749999999999	0.0	100000.0
5519.999999999998	0.0	100000.0
5520.249999999999	0.0	100000.0
5520.499999999999	0.0	100000.0
5520.749999999999	0.0	100000.0
5520.999999999999	0.0	100000.0
5521.249999999999	0.0	100000.0
5521.499999999999	0.0	100000.0
5521.749999999999	0.0	100000.0
5521.999999999999	0.0	100000.0
5522.249999999999	0.0	100000.0
5522.499999999999	0.0	100000.0
5522.749999999999	0.0	100000.0
5522.999999999999	0.0	100000.0
5523.249999999999	0.0	100000.0
5523.499999999999	0.0	100000.0
5523.749999999998	0.0	100000.0
5523.999999999999	0.0	100000.0
5524.249999999999	0.0	100000.0
5524.499999999999	0.0	100000.0
5524.749999999998	0.0	100000.0
5524.999999999999	0.0	100000.0
5525.249999999999	0.0	100000.0
5525.499999999999	0.0	100000.0
5525.749999999998	0.0	100000.0
5525.999999999999	0.0	100000.0
5526.25	0.0	100000.0
5526.499999999999	0.0	100000.0
5526.749999999998	0.0	100000.0
5526.999999999999	0.0	100000.0
5527.249999999998	0.0	100000.0
5527.499999999999	0.0	100000.0
5527.749999999999	0.0	100000.0
5527.999999999999	0.0	100000.0
5528.249999999999	0.0	100000.0
5528.499999999999	0.0	100000.0
5528.749999999999	0.0	100000.0
5528.999999999999	0.0	100000.0
5529.249999999999	0.0	100000.0
5529.499999999999	0.0	100000.0
5529.749999999999	0.0	100000.0
5529.999999999999	0.0	100000.0
5530.249999999999	0.0	100000.0
5530.499999999998	0.0	100000.0
5530.749999999999	0.0	100000.0
5530.999999999999	0.0	100000.0
5531.249999999999	0.0	100000.0
5531.499999999998	0.0	100000.0
5531.749999999999	0.0	100000.0
5531.999999999999	0.0	100000.0
5532.249999999999	0.0	100000.0
5532.499999999998	0.0	100000.0
5532.749999999999	0.0	100000.0
5533.0	0.0	100000.0
5533.249999999999	0.0	100000.0
5533.499999999998	0.0	100000.0
5533.749999999999	0.0	100000.0
5533.999999999998	0.0	100000.0
5534.249999999999	0.0	100000.0
5534.499999999999	0.0	100000.0
5534.749999999999	0.0	100000.0
5534.999999999999	0.0	100000.0
5535.249999999999	0.0	100000.0
5535.499999999999	0.0	100000.0
5535.749999999999	0.0	100000.0
5535.999999999999	0.0	100000.0
5536.249999999999	0.0	100000.0
5536.499999999999	0.0	100000.0
5536.749999999999	0.0	100000.0
5536.999999999999	0.0	100000.0
5537.249999999998	0.0	100000.0
5537.499999999999	0.0	100000.0
5537.749999999999	0.0	100000.0
5537.999999999999	0.0	100000.0
5538.249999999998	0.0	100000.0
5538.499999999999	0.0	100000.0
5538.749999999999	0.0	100000.0
5538.999999999999	0.0	100000.0
5539.249999999998	0.0	100000.0
5539.499999999999	0.0	100000.0
5539.75	0.0	100000.0
5539.999999999999	0.0	100000.0
5540.249999999998	0.0	100000.0
5540.499999999999	0.0	100000.0
5540.749999999998	0.0	100000.0
5540.999999999999	0.0	100000.0
5541.249999999998	0.0	100000.0
5541.499999999999	0.0	100000.0
5541.749999999999	0.0	100000.0
5541.999999999999	0.0	100000.0
5542.249999999999	0.0	100000.0
5542.499999999999	0.0	100000.0
5542.749999999999	0.0	100000.0
5542.999999999999	0.0	100000.0
5543.249999999999	0.0	100000.0
5543.499999999999	0.0	100000.0
5543.749999999999	0.0	100000.0
5543.999999999999	0.0	100000.0
5544.249999999999	0.0	100000.0
5544.499999999999	0.0	100000.0
5544.749999999999	0.0	100000.0
5544.999999999998	0.0	100000.0
5545.249999999999	0.0	100000.0
5545.499999999999	0.0	100000.0
5545.749999999999	0.0	100000.0
5545.999999999998	0.0	100000.0
5546.249999999999	0.0	100000.0
5546.499999999999	0.0	100000.0
5546.749999999999	0.0	100000.0
5546.999999999998	0.0	100000.0
5547.249999999999	0.0	100000.0
5547.5	0.0	100000.0
5547.749999999999	0.0	100000.0
5547.999999999998	0.0	100000.0
5548.249999999999	0.0	100000.0
5548.499999999998	0.0	100000.0
5548.749999999999	0.0	100000.0
5548.999999999999	0.0	100000.0
5549.249999999999	0.0	100000.0
5549.499999999999	0.0	100000.0
5549.749999999999	0.0	100000.0
5549.999999999999	0.0	100000.0
5550.249999999999	0.0	100000.0
5550.499999999999	0.0	100000.0
5550.749999999999	0.0	100000.0
5550.999999999999	0.0	100000.0
5551.249999999999	0.0	100000.0
5551.499999999999	0.0	100000.0
5551.749999999998	0.0	100000.0
5551.999999999999	0.0	100000.0
5552.249999999999	0.0	100000.0
5552.499999999999	0.0	100000.0
5552.749999999998	0.0	100000.0
5552.999999999999	0.0	100000.0
5553.249999999999	0.0	100000.0
5553.499999999999	0.0	100000.0
5553.749999999998	0.0	100000.0
5553.999999999999	0.0	100000.0
5554.25	0.0	100000.0
5554.499999999999	0.0	100000.0
5554.749999999998	0.0	100000.0
5554.999999999999	0.0	100000.0
5555.249999999998	0.0	100000.0
5555.499999999999	0.0	100000.0
5555.749999999999	0.0	100000.0
5555.999999999999	0.0	100000.0
5556.249999999999	0.0	100000.0
5556.499999999999	0.0	100000.0
5556.749999999999	0.0	100000.0
5556.999999999999	0.0	100000.0
5557.249999999999	0.0	100000.0
5557.499999999999	0.0	100000.0
5557.749999999999	0.0	100000.0
5557.999999999999	0.0	100000.0
5558.249999999999	0.0	100000.0
5558.499999999998	0.0	100000.0
5558.749999999999	0.0	100000.0
5558.999999999999	0.0	100000.0
5559.249999999999	0.0	100000.0
5559.499999999998	0.0	100000.0
5559.749999999999	0.0	100000.0
5559.999999999999	0.0	100000.0
5560.249999999999	0.0	100000.0
5560.499999999998	0.0	100000.0
5560.749999999999	0.0	100000.0
5561.0	0.0	100000.0
5561.249999999999	0.0	100000.0
5561.499999999998	0.0	100000.0
5561.749999999999	0.0	100000.0
5561.999999999998	0.0	100000.0
5562.249999999999	0.0	100000.0
5562.499999999998	0.0	100000.0
5562.749999999999	0.0	100000.0
5562.999999999999	0.0	100000.0
5563.249999999999	0.0	100000.0
5563.499999999999	0.0	100000.0
5563.749999999999	0.0	100000.0
5563.999999999999	0.0	100000.0
5564.249999999999	0.0	100000.0
5564.499999999999	0.0	100000.0
5564.749999999999	0.0	100000.0
5564.999999999999	1.288182264563121e-16	1.3927018289151163e-17
5565.249999999998	1.3611474031752804e-16	1.4019290286481453e-17
5565.499999999999	1.247706001085186e-16	1.3843039604642329e-17
5565.749999999999	1.118779910276997e-16	1.3289305050264631e-17
5565.999999999999	1.1415612584400955e-16	1.3354507562049124e-17
5566.249999999998	1.2749849618493069e-16	1.3722150466840154e-17
5566.499999999999	1.3671990565367184e-16	1.40629025570977e-17
5566.749999999999	1.3594952918814405e-16	1.4198914210858568e-17
5566.999999999999	1.3534900929832035e-16	1.4241431294343794e-17
5567.249999999998	1.4446847041092557e-16	1.4480155619126597e-17
5567.499999999999	1.2849148349690874e-16	1.386956894124813e-17
5567.749999999999	1.1811521077903536e-16	1.3508598075277952e-17
5567.999999999999	1.3088181047406038e-16	1.397172905562088e-17
5568.249999999998	1.360470438561967e-16	1.41171143200832e-17
5568.499999999999	1.241622186941532e-16	1.3673158213519864e-17
5568.749999999998	1.2356817066544213e-16	1.4019609578197898e-17
5568.999999999999	1.3210264964884984e-16	1.3995292122550065e-17
5569.249999999998	1.3194650441897943e-16	1.3954531970685902e-17
5569.499999999999	1.3373609974807056e-16	1.4194875915108084e-17
5569.749999999998	1.3182474343281163e-16	1.4143953022238095e-17
5569.999999999999	1.1787142410890373e-16	1.3602203487755678e-17
5570.249999999999	9.864568203036243e-17	1.2944964650509832e-17
5570.499999999999	9.922368275518999e-17	1.2978932822364322e-17
5570.749999999999	1.364542814153688e-16	1.419425883837112e-17
5570.999999999999	1.234835864847249e-16	1.3537951406495009e-17
5571.249999999999	1.2244360207906403e-16	1.3777521109863842e-17
5571.499999999999	1.172783554620379e-16	1.333693576429666e-17
5571.749999999999	1.2710686256083378e-16	1.355701626525313e-17
5571.999999999999	1.4716069845932436e-16	1.432904626482541e-17
5572.249999999999	1.4694876816894337e-16	1.4435024644905704e-17
5572.499999999999	1.4741037465541737e-16	1.4437808934847558e-17
5572.749999999999	1.0992620874154409e-16	1.3409710287408462e-17
5572.999999999998	1.269076509995514e-16	1.3785007094407446e-17
5573.249999999999	1.1150288778096406e-16	1.3399473927328119e-17
5573.499999999999	8.784381496116316e-17	1.2691697663377733e-17
5573.749999999999	9.352262162457651e-17	1.291510425757728e-17
5573.999999999998	1.2101489572506244e-16	1.3909544925891593e-17
5574.249999999999	1.0962901267362114e-16	1.3473887095233389e-17
5574.499999999999	9.075751565548935e-17	1.297600956607956e-17
5574.749999999999	1.0817114323994338e-16	1.3698274725639424e-17
5574.999999999998	9.723314209425258e-17	1.3696320925032574e-17
5575.249999999999	8.990915260181006e-17	1.5757863461029082e-17
5575.5	8.02648420818175e-17	2.009912072830541e-17
5575.749999999999	5.4886550459441486e-17	2.647242161657338e-17
5575.999999999998	4.1051908392377795e-17	3.4116108143961515e-17
5576.249999999999	2.8114495900860573e-18	3.933515458802809e-17
5576.499999999998	1.0308435304965668e-16	4.6692075795017567e-17
5576.749999999999	5.682686471358467e-17	5.607178778066667e-17
5576.999999999999	2.8244796699672376e-17	5.727417751907375e-17
5577.249999999999	6.240129441858363e-17	5.3304177108684696e-17
5577.499999999999	1.0369164920305841e-16	4.5632387947165684e-17
5577.749999999999	2.4004675497170456e-17	3.735209494855061e-17
5577.999999999999	6.929860429873659e-17	3.201604215247719e-17
5578.249999999999	4.2128540207897214e-17	2.5980490688843194e-17
5578.499999999999	7.916628005389808e-17	2.0975068601052114e-17
5578.749999999999	9.818021757351149e-17	1.62530055038972e-17
5578.999999999999	1.057396756078458e-16	1.4079333672785452e-17
5579.249999999999	1.2401597316185383e-16	1.3910883304122703e-17
5579.499999999999	1.2409168996640449e-16	1.396635734472296e-17
5579.749999999998	1.2517582596444099e-16	1.3963968447113906e-17
5579.999999999999	1.2145008537149394e-16	1.3771919442755632e-17
5580.249999999999	1.139402118517985e-16	1.3576201892380686e-17
5580.499999999999	1.2591934883856285e-16	1.403173770033915e-17
5580.749999999998	1.5044516135653152e-16	1.4793632255865818e-17
5580.999999999999	1.5091413967662458e-16	1.4758091613666865e-17
5581.249999999999	1.2713910275238865e-16	1.3977779054621092e-17
5581.499999999999	1.4713387133769804e-16	1.461078067273852e-17
5581.749999999998	1.4928025282604044e-16	1.4612215003920688e-17
5581.999999999999	1.1003271651721642e-16	1.3366444605468876e-17
5582.25	1.0652072601199797e-16	1.3094610722307412e-17
5582.499999999999	1.053480486011938e-16	1.3055576069201035e-17
5582.749999999998	1.1172369868240142e-16	1.3290915570917272e-17
5582.999999999999	1.2601150337624616e-16	1.3784991377975808e-17
5583.249999999998	1.2682379473777323e-16	1.390560423745339e-17
5583.499999999999	1.0656867601774645e-16	1.3221525043691424e-17
5583.749999999998	1.2397731404874555e-16	1.3362550239144977e-17
5583.999999999999	1.2277630073887776e-16	1.3444307943709105e-17
5584.249999999999	1.3146626320766585e-16	1.3950733557313058e-17
5584.499999999999	1.2869110533977494e-16	1.402180656990484e-17
5584.749999999999	1.3136328253012544e-16	1.4013059962107704e-17
5584.999999999999	1.5809274390460478e-16	1.4718381981180644e-17
5585.249999999999	1.2514297696795528e-16	1.3853983204146406e-17
5585.499999999999	1.1483625359598535e-16	1.3273435590212801e-17
5585.749999999999	1.0712115325759306e-16	1.320839520582837e-17
5585.999999999999	1.0931670897899051e-16	1.3291820506507405e-17
5586.249999999999	1.1511901701658048e-16	1.3542564592771217e-17
5586.499999999998	1.1711503692189544e-16	1.354928874397066e-17
5586.749999999999	1.0890816116572812e-16	1.3259202293412601e-17
5586.999999999999	1.2553854135432304e-16	1.375352542747429e-17
5587.249999999999	1.1730100035848716e-16	1.3506982591541636e-17
5587.499999999998	1.0411042758613686e-16	1.3190986362656578e-17
5587.749999999999	1.265346653351839e-16	1.4063509707667313e-17
5587.999999999999	1.4112033445888653e-16	1.468999479691905e-17
5588.249999999999	1.3157838919405863e-16	1.4500820245189397e-17
5588.499999999998	1.1603876244840064e-16	1.390971532509778e-17
5588.749999999999	1.1929565707015263e-16	1.3837051644188058e-17
5589.0	1.1168972472028264e-16	1.3548170395782489e-17
5589.249999999999	1.14094358613309e-16	1.3737741994206166e-17
5589.499999999998	1.0134131806288494e-16	1.301910154009051e-17
5589.749999999999	8.777617143939103e-17	1.233689425605475e-17
5589.999999999998	1.0387841335048308e-16	1.297940845121654e-17
5590.249999999999	1.328351610946574e-16	1.4156734617063264e-17
5590.499999999998	1.3491988123141764e-16	1.434619537328486e-17
5590.749999999999	1.6092201923689135e-16	1.5086442612181014e-17
5590.999999999999	1.4177563355759594e-16	1.4437014841459507e-17
5591.249999999999	1.0846757830170278e-16	1.3371337378792127e-17
5591.499999999999	9.934571505659871e-17	1.3005271907429235e-17
5591.749999999999	1.0810263283288928e-16	1.3243700928733358e-17
5591.999999999999	1.0825040037751576e-16	1.3201537051369692e-17
5592.249999999999	1.0006119981667748e-16	1.2725310974749438e-17
5592.499999999999	1.3339929827241857e-16	1.3730577782920845e-17
5592.749999999999	1.2844929066822364e-16	1.3869524273495052e-17
5592.999999999999	1.1175723589315677e-16	1.3408305734728347e-17
5593.249999999999	1.101073943829177e-16	1.3277487948033699e-17
5593.499999999999	1.1224659594354314e-16	1.342538122411328e-17
5593.749999999999	1.110073470370407e-16	1.3346402846407329e-17
5593.999999999999	1.0914663402760471e-16	1.3138938504153517e-17
5594.249999999998	1.2261290278939649e-16	1.3595480163736846e-17
5594.499999999999	9.335150773434134e-17	1.2568240956954194e-17
5594.749999999999	1.1171113877198041e-16	1.3391548709879248e-17
5594.999999999999	1.324640680195314e-16	1.4067531459805546e-17
5595.249999999998	1.2985229486623198e-16	1.399015863966856e-17
5595.499999999999	1.1637259930873724e-16	1.3531304183092532e-17
5595.749999999999	1.1126766408453358e-16	1.334388573580333e-17
5595.999999999999	1.149150673647494e-16	1.3493894939889822e-17
5596.249999999998	1.0810056819008035e-16	1.2986353459639535e-17
5596.499999999999	1.3078344877306047e-16	1.3808311253804903e-17
5596.75	1.0530343378767514e-16	1.3342424107660949e-17
5596.999999999999	1.1527647250054117e-16	1.3818107553799368e-17
5597.249999999998	1.2203879973961528e-16	1.398288441336177e-17
5597.499999999999	1.2004062254726279e-16	1.3751488081625573e-17
5597.749999999998	1.3117457947134495e-16	1.3949016330361398e-17
5597.999999999999	1.2395889108214277e-16	1.392222891340448e-17
5598.249999999999	1.1012409681384637e-16	1.3400270502258007e-17
5598.499999999999	1.46549789181007e-16	1.445562640524195e-17
5598.749999999999	1.15442093911509e-16	1.3453263828201217e-17
5598.999999999999	1.1331183251894403e-16	1.339199952331309e-17
5599.249999999999	1.256893132189343e-16	1.3838012828059844e-17
5599.499999999999	1.1558381311149648e-16	1.353049023736978e-17
5599.749999999999	1.2228111733697902e-16	1.3763165390332984e-17
5599.999999999999	1.1917721804132484e-16	1.3644592358245957e-17
5600.249999999999	1.2768976681233255e-16	1.4153748495051948e-17
5600.499999999999	1.133536150660453e-16	1.3360643587833042e-17
5600.749999999999	1.1638821647870224e-16	1.3451721963539418e-17
5600.999999999998	1.309086905352459e-16	1.3981959625436935e-17
5601.249999999999	1.280445809730035e-16	1.3929238441915255e-17
5601.499999999999	1.1359157838466456e-16	1.3425022227727432e-17
5601.749999999999	1.2837337534032597e-16	1.3900788391927106e-17
5601.999999999998	1.0400136547673297e-16	1.3063484743037655e-17
5602.249999999999	1.0029693305636529e-16	1.2891675193907328e-17
5602.499999999999	1.0376231689715004e-16	1.2920973104023344e-17
5602.749999999999	1.0236610881505444e-16	1.2955467362747417e-17
5602.999999999998	1.0166585079569154e-16	1.3062180279211658e-17
5603.249999999999	1.0767524515399539e-16	1.322018252955725e-17
5603.5	1.0635630235855713e-16	1.3257175700911846e-17
5603.749999999999	1.4005557433951848e-16	1.4484136012234203e-17
5603.999999999998	1.3337085649423654e-16	1.4267136759059492e-17
5604.249999999999	1.289352361170414e-16	1.4558471425161893e-17
5604.499999999998	1.1512687854112218e-16	1.410637420700981e-17
5604.749999999999	1.129634902193857e-16	1.4019576490973396e-17
5604.999999999998	1.3036522625535366e-16	1.4710856291967637e-17
5605.249999999999	1.1930640380067092e-16	1.430580248961267e-17
5605.499999999999	1.110230700861241e-16	1.3756048328342577e-17
5605.749999999999	1.129744090034714e-16	1.3452241432964101e-17
5605.999999999999	1.1040868664923402e-16	1.3366096362430991e-17
5606.249999999999	1.2478484084994432e-16	1.3820488179602296e-17
5606.499999999999	1.3827990211449784e-16	1.4284474464698603e-17
5606.749999999999	1.3066712732660082e-16	1.4034020718829797e-17
5606.999999999999	1.09018619556006e-16	1.3277253855920346e-17
5607.249999999999	1.4097837703088263e-16	1.4313988268954495e-17
5607.499999999999	1.171692073258503e-16	1.3601065287232805e-17
5607.749999999998	1.163064645644024e-16	1.3566973038286432e-17
5607.999999999999	1.1703730841409506e-16	1.3619800100926518e-17
5608.249999999999	1.3384032450525224e-16	1.403376594720113e-17
5608.499999999999	1.4749633526467388e-16	1.43468107956606e-17
5608.749999999998	1.354962209775752e-16	1.4134233650040597e-17
5608.999999999999	1.3476411981335146e-16	1.416813151154302e-17
5609.249999999999	1.329085882632725e-16	1.4153192629680312e-17
5609.499999999999	1.0972852581003371e-16	1.3461874778377894e-17
5609.749999999998	1.3230272147796927e-16	1.4010264091637274e-17
5609.999999999999	1.2586497991126097e-16	1.380449381527797e-17
5610.25	1.1904021046210645e-16	1.3693318259409006e-17
5610.499999999999	1.316714966438076e-16	1.416134366743641e-17
5610.749999999998	1.2798497102934047e-16	1.389118647937659e-17
5610.999999999999	1.4084638547489877e-16	1.4370645177830702e-17
5611.249999999998	1.0654319885487981e-16	1.3264095893916465e-17
5611.499999999999	1.214337667523695e-16	1.3675045012497097e-17
5611.749999999998	1.29552974598496e-16	1.3805809859632542e-17
5611.999999999999	1.2264462682024912e-16	1.3615339943063632e-17
5612.249999999999	1.0840659854694537e-16	1.3359381310218286e-17
5612.499999999999	1.0645054800882897e-16	1.3273462059992403e-17
5612.749999999999	1.2402838748848703e-16	1.388171526136286e-17
5612.999999999999	1.4860658370028745e-16	1.4542078359782317e-17
5613.249999999999	1.3275831932447367e-16	1.4182531071646343e-17
5613.499999999999	1.2585553019994316e-16	1.3771829280068864e-17
5613.749999999999	1.2638402581947064e-16	1.3714499873354651e-17
5613.999999999999	1.206085978430662e-16	1.3554082255620405e-17
5614.249999999999	1.0662213173765207e-16	1.3154447313458273e-17
5614.499999999999	1.1248756358214719e-16	1.3372739449930405e-17
5614.749999999999	1.1674066159409884e-16	1.3357682281240102e-17
5614.999999999999	1.116876071379145e-16	1.3286805310453496e-17
5615.249999999999	1.1991535431529776e-16	1.3397678118218266e-17
5615.499999999998	1.336199371202885e-16	1.3599979199088522e-17
5615.749999999999	1.3073796045681496e-16	1.3735874220383022e-17
5615.999999999999	1.2223961272256356e-16	1.3758289160621984e-17
5616.249999999999	1.2328133089878834e-16	1.3836685203176697e-17
5616.499999999998	1.2574617030551875e-16	1.392274672846794e-17
5616.749999999999	1.365694646613056e-16	1.4277736251428746e-17
5616.999999999999	1.203654596825348e-16	1.3764153043984372e-17
5617.249999999999	1.1874900318181839e-16	1.3814452242672497e-17
5617.499999999998	9.586492580408577e-17	1.3094695921910505e-17
5617.749999999999	8.017823296296075e-17	1.2301657189140604e-17
5618.0	1.0173296492187165e-16	1.2774806981062773e-17
5618.249999999999	1.024419976731725e-16	1.312787827218307e-17
5618.499999999998	9.802208711017096e-17	1.3058275986720408e-17
5618.749999999999	8.466191584246768e-17	1.2333079299069656e-17
5618.999999999998	8.144045763815746e-17	1.2290388507655794e-17
5619.249999999999	8.723486444653632e-17	1.2363539397946309e-17
5619.499999999999	9.202539162863103e-17	1.2518268494608028e-17
5619.749999999999	9.457785262328796e-17	1.2815693691560657e-17
5619.999999999999	1.0158200776880317e-16	1.2951115565544776e-17
5620.249999999999	8.335428226036425e-17	1.2167377651582421e-17
5620.499999999999	9.672158051622528e-17	1.271617807360624e-17
5620.749999999999	8.308542209150492e-17	1.2420280679244996e-17
5620.999999999999	7.728243245709021e-17	1.2133698165761712e-17
5621.249999999999	7.965943851765729e-17	1.2265147918444351e-17
5621.499999999999	7.774658665985086e-17	1.236991282456603e-17
5621.749999999999	7.395891340008075e-17	1.2105084334012277e-17
5621.999999999999	8.518650716950391e-17	1.2649010180686322e-17
5622.249999999998	8.133866810069914e-17	1.2573826907630764e-17
5622.499999999999	7.937240022765649e-17	1.2238021357436287e-17
5622.749999999999	9.366310336236762e-17	1.3040260820159616e-17
5622.999999999999	1.0287701526603659e-16	1.3627984225907118e-17
5623.249999999998	9.633976056291571e-17	1.3464059362375647e-17
5623.499999999999	7.983618385350272e-17	1.2791066043183116e-17
5623.749999999999	6.749683948847359e-17	1.2216104379926082e-17
5623.999999999999	8.370524506810315e-17	1.2771237696719607e-17
5624.249999999998	8.746465522070356e-17	1.2862675068811831e-17
5624.499999999999	8.589647959798062e-17	1.2821726319768006e-17
5624.75	9.481425422491071e-17	1.2995696464658321e-17
5624.999999999999	1.0721705988653491e-16	1.3302483691783826e-17
5625.249999999998	1.1097549727473495e-16	1.344804845443907e-17
5625.499999999999	1.0784908543152953e-16	1.3300649005185183e-17
5625.749999999998	1.058658835169867e-16	1.3218347015777995e-17
5625.999999999999	9.152031514660615e-17	1.2562487915793887e-17
5626.249999999998	9.182190519794298e-17	1.2607413749222867e-17
5626.499999999999	9.655365623443212e-17	1.2782225136796149e-17
5626.749999999999	9.427542877389367e-17	1.2698544237307835e-17
5626.999999999999	8.564718059624694e-17	1.2460621450538595e-17
5627.249999999999	7.775915980516167e-17	1.2245964772858634e-17
5627.499999999999	8.383482787414326e-17	1.2275543924382917e-17
5627.749999999999	9.766115843041202e-17	1.2971109348130795e-17
5627.999999999999	1.1640673208953363e-16	1.3655172825461123e-17
5628.249999999999	1.0957805173044297e-16	1.3048569849412711e-17
5628.499999999999	8.11913373074361e-17	1.2266019766809982e-17
5628.749999999999	8.62393426531614e-17	1.2625113759970277e-17
5628.999999999998	1.106736160558225e-16	1.3359374692773386e-17
5629.249999999999	1.0712898831235517e-16	1.3039796771835974e-17
5629.499999999999	1.1345465021478498e-16	1.2994044584975053e-17
5629.749999999999	1.28068205251298e-16	1.3835381566531313e-17
5629.999999999998	1.3836733179652225e-16	1.4098709551453894e-17
5630.249999999999	1.2238634794578556e-16	1.3787311619594019e-17
5630.499999999999	1.1344959448688106e-16	1.3526065648273234e-17
5630.749999999999	1.1617913168962844e-16	1.3304329958911044e-17
5630.999999999998	1.1043864382229824e-16	1.2893091327116019e-17
5631.249999999999	9.935513829813691e-17	1.2788318976368827e-17
5631.5	1.3702916532364826e-16	1.433112910560782e-17
5631.749999999999	1.3073446644590753e-16	1.3958557031546585e-17
5631.999999999998	1.1655210411910615e-16	1.3561366408094547e-17
5632.249999999999	1.2864495527903938e-16	1.3932634845510398e-17
5632.499999999998	1.31621693753487e-16	1.3951578935899087e-17
5632.749999999999	1.1515451299102636e-16	1.3446659618190594e-17
5632.999999999998	1.1174398776846612e-16	1.3529101401121304e-17
5633.249999999999	1.2328502343304277e-16	1.3830312603737588e-17
5633.499999999999	9.756615839142153e-17	1.293062712895245e-17
5633.749999999999	8.712478986806267e-17	1.2486661096221764e-17
5633.999999999999	9.561326437452263e-17	1.2766923949825143e-17
5634.249999999999	1.1335376064983312e-16	1.3377281498673934e-17
5634.499999999999	1.2027247134679405e-16	1.366225100996274e-17
5634.749999999999	1.0731531570841641e-16	1.3364520583364078e-17
5634.999999999999	1.0056711009675981e-16	1.2902567508213426e-17
5635.249999999999	1.0471278050819797e-16	1.3099906332588977e-17
5635.499999999999	9.899548678524376e-17	1.2847315152017334e-17
5635.749999999998	1.1368690929590007e-16	1.3436254513265289e-17
5635.999999999999	1.0458878282565382e-16	1.3109561184698696e-17
5636.249999999999	8.730326235702711e-17	1.2492648229495423e-17
5636.499999999999	7.609310555491656e-17	1.2175099382600603e-17
5636.749999999998	7.532276879405818e-17	1.2125762194964878e-17
5636.999999999999	1.2142167006309152e-16	1.3708157879598207e-17
5637.249999999999	8.859901762553428e-17	1.2700675881746384e-17
5637.499999999999	1.0724096209751525e-16	1.3310008553816221e-17
5637.749999999998	8.981470842819121e-17	1.2589226529094664e-17
5637.999999999999	7.731288593852196e-17	1.2099426418622415e-17
5638.249999999999	8.557741287466177e-17	1.2580091973590241e-17
5638.499999999999	9.852564157986874e-17	1.318339863489763e-17
5638.749999999998	9.59590655752392e-17	1.3056263456290067e-17
5638.999999999999	7.901160389679556e-17	1.22272944792527e-17
5639.249999999998	1.1491121601181736e-16	1.3675468528970724e-17
5639.499999999999	1.245598741931095e-16	1.3881046899427916e-17
5639.749999999998	1.18034954407283e-16	1.3587393646068528e-17
5639.999999999999	1.1243521959298483e-16	1.341163100079081e-17
5640.249999999998	1.1413218392835982e-16	1.3416589121382453e-17
5640.499999999999	1.1963620401961826e-16	1.3595119512989773e-17
5640.749999999999	1.428045800651629e-16	1.4633040103022323e-17
5640.999999999999	1.1379899557762346e-16	1.3472492468720625e-17
5641.249999999999	1.2434429107314348e-16	1.3948147790718217e-17
5641.499999999999	1.1638707827817937e-16	1.3686458450589104e-17
5641.749999999999	1.12746755664007e-16	1.3541608371983105e-17
5641.999999999999	1.0556447213666217e-16	1.329821792136489e-17
5642.249999999999	9.387402118367884e-17	1.2899362183339783e-17
5642.499999999999	1.2980552276567578e-16	1.3999568646316964e-17
5642.749999999999	1.3640600053737531e-16	1.4025591748387882e-17
5642.999999999999	1.3417156732718787e-16	1.3968244970880806e-17
5643.249999999999	1.2714070417405455e-16	1.3908683003693312e-17
5643.499999999998	1.3921407357620093e-16	1.4374342675168814e-17
5643.749999999999	1.2665426903431417e-16	1.4073326687177092e-17
5643.999999999999	1.012970208867215e-16	1.3246042677047495e-17
5644.249999999999	1.1814975384141557e-16	1.3720460536848709e-17
5644.499999999998	1.2861282096660292e-16	1.4138146214337972e-17
5644.749999999999	1.1033685428483991e-16	1.3764718835523358e-17
5644.999999999999	1.2460717568925773e-16	1.4187411437260406e-17
5645.249999999999	1.332204419716499e-16	1.4382841128782184e-17
5645.499999999998	1.2899054472151914e-16	1.4269140190503095e-17
5645.749999999999	1.323922025679128e-16	1.4193813815201566e-17
5646.0	1.3629272311556985e-16	1.405954916689441e-17
5646.249999999999	1.1075816714931522e-16	1.3367448802732516e-17
5646.499999999998	1.3824115035716096e-16	1.4499643994358347e-17
5646.749999999999	1.4510742442073093e-16	1.4723391386970265e-17
5646.999999999998	1.348020377726309e-16	1.4230800369111262e-17
5647.249999999999	1.0869537722495498e-16	1.3454575736652726e-17
5647.499999999999	9.830541301358262e-17	1.2975161705951693e-17
5647.749999999999	1.0967576492184263e-16	1.3328977459623287e-17
5647.999999999999	1.289696335956338e-16	1.4201754749082075e-17
5648.249999999999	1.281944660999981e-16	1.4124883200396297e-17
5648.499999999999	1.439777339319999e-16	1.457354596464506e-17
5648.749999999999	1.2331853417401852e-16	1.3898090128768958e-17
5648.999999999999	1.1949419365205516e-16	1.368324981699301e-17
5649.249999999999	1.228425016576616e-16	1.3820188740220552e-17
5649.499999999999	1.1862951859669633e-16	1.367574563447593e-17
5649.749999999999	1.1602191443368416e-16	1.3586834471974442e-17
5649.999999999999	1.4693328334787638e-16	1.4625544192311368e-17
5650.249999999998	1.3251021808026697e-16	1.3957799334105486e-17
5650.499999999999	1.2920701457910181e-16	1.4051629739709826e-17
5650.749999999999	1.298508654981335e-16	1.412167043089714e-17
5650.999999999999	1.2105724737242516e-16	1.3854963413172281e-17
5651.249999999998	1.3254624345030488e-16	1.4157308680408376e-17
5651.499999999999	1.4050746641687865e-16	1.4379487738578894e-17
5651.749999999999	1.1597977454455826e-16	1.3575426824146723e-17
5651.999999999999	1.2741348848773984e-16	1.3899319319159212e-17
5652.249999999998	1.3887888675710464e-16	1.430188827095407e-17
5652.499999999999	1.5228624040694794e-16	1.4772951086190768e-17
5652.75	1.536208863991349e-16	1.47223855353454e-17
5652.999999999999	1.2761395736355329e-16	1.3985059898372784e-17
5653.249999999998	1.1374002090867088e-16	1.3631608931351325e-17
5653.499999999999	1.3001832655878362e-16	1.4089322705862643e-17
5653.749999999998	1.3718040040940256e-16	1.4109666385847772e-17
5653.999999999999	1.206444643944265e-16	1.395941399066119e-17
5654.249999999998	1.2996383851747353e-16	1.3780866228261006e-17
5654.499999999999	1.4832735399526915e-16	1.4465775911357976e-17
5654.749999999999	1.2343305567546526e-16	1.3741049889475766e-17
5654.999999999999	1.1653496493681405e-16	1.3427048820228186e-17
5655.249999999999	1.3202756811900963e-16	1.395230189175446e-17
5655.499999999999	1.3035203107022222e-16	1.410821716541458e-17
5655.749999999999	1.392978371937505e-16	1.4492727110076178e-17
5655.999999999999	1.4501888300796326e-16	1.4668577436498827e-17
5656.249999999999	1.3500611977335997e-16	1.4217896351555435e-17
5656.499999999999	1.3124738460013941e-16	1.4227448633269197e-17
5656.749999999999	1.5071269141896587e-16	1.4873350960220004e-17
5656.999999999998	1.5131135842421745e-16	1.491469841031908e-17
5657.249999999999	1.284377366094275e-16	1.410938679880073e-17
5657.499999999999	1.2594593773217276e-16	1.3812941810873975e-17
5657.749999999999	1.0848167345934068e-16	1.3456827322280095e-17
5657.999999999998	1.2862250890593714e-16	1.4040343687432153e-17
5658.249999999999	1.3457799755808213e-16	1.426202312851269e-17
5658.499999999999	1.156029904668179e-16	1.3684646097867e-17
5658.749999999999	1.1018389866341151e-16	1.357454753115558e-17
5658.999999999998	1.2333102790999052e-16	1.3922981647761904e-17
5659.249999999999	1.2614574486349617e-16	1.3899504607616424e-17
5659.499999999999	1.1470058274063686e-16	1.369918048841017e-17
5659.749999999999	1.3088087079688452e-16	1.3827792184411139e-17
5659.999999999998	1.2366235014126496e-16	1.392362188555602e-17
5660.249999999999	1.1889456049984812e-16	1.3720406770108893e-17
5660.499999999998	9.977707320243286e-17	1.302671904635151e-17
5660.749999999999	9.926047574883634e-17	1.2881697741358713e-17
5660.999999999998	1.199782994511906e-16	1.3488418177054108e-17
5661.249999999999	1.2659643256588446e-16	1.375877719718339e-17
5661.499999999998	1.1482962291619513e-16	1.3330287713713571e-17
5661.749999999999	9.396035898729467e-17	1.293187120859373e-17
5661.999999999999	1.0445593100183291e-16	1.3392394088465277e-17
5662.249999999999	1.0053163397464863e-16	1.3244241904853967e-17
5662.499999999999	1.0269968759503992e-16	1.307592471226984e-17
5662.749999999999	1.0647333848906604e-16	1.3138859921995324e-17
5662.999999999999	1.0185405092865961e-16	1.3259949237505737e-17
5663.249999999999	1.2050192463127136e-16	1.3435735043840606e-17
5663.499999999999	1.2495354599023574e-16	1.403179560298203e-17
5663.749999999999	1.0502030640761049e-16	1.3162470138219425e-17
5663.999999999999	1.0292763871952483e-16	1.3306939713743649e-17
5664.249999999999	1.1823359686830395e-16	1.3915649518812234e-17
5664.499999999999	1.2418962815093077e-16	1.4035974519436648e-17
5664.749999999998	1.2094624635166544e-16	1.391077577064307e-17
5664.999999999999	1.2636344556583032e-16	1.4061466571554307e-17
5665.249999999999	1.0998188130549136e-16	1.3488279210711199e-17
5665.499999999999	1.2352319850989884e-16	1.3972958246011133e-17
5665.749999999998	1.335341617994892e-16	1.3887000945477072e-17
5665.999999999999	1.3279507261345063e-16	1.3858145576988773e-17
5666.249999999999	1.2719572161095668e-16	1.3932246070622498e-17
5666.499999999999	1.2525340888845356e-16	1.3946073221741934e-17
5666.749999999998	1.293302181682579e-16	1.4069341330985812e-17
5666.999999999999	1.397970042974793e-16	1.4390156714119603e-17
5667.25	1.1618224188873164e-16	1.3356842692918361e-17
5667.499999999999	1.3664850342319626e-16	1.4100858566685307e-17
5667.749999999998	1.2384920031547334e-16	1.3643939712742653e-17
5667.999999999999	1.2084171719201834e-16	1.3779846314565728e-17
5668.249999999998	1.212857080401674e-16	1.3945214608266104e-17
5668.499999999999	1.211405742386113e-16	1.394835954895503e-17
5668.749999999999	1.2321429618194704e-16	1.4037076324012568e-17
5668.999999999999	1.2099323021045846e-16	1.3945826721919393e-17
5669.249999999999	1.2330308905762093e-16	1.4052630628251015e-17
5669.499999999999	1.258235547061843e-16	1.405993463305986e-17
5669.749999999999	1.3607927081286177e-16	1.413594591390858e-17
5669.999999999999	1.3320875556395575e-16	1.3936989124254877e-17
5670.249999999999	1.136593807251143e-16	1.3540136817673374e-17
5670.499999999999	1.1660548042967297e-16	1.3790102526980773e-17
5670.749999999999	1.5174036737711195e-16	1.4793605786086217e-17
5670.999999999999	1.1721657499644755e-16	1.3788822878573154e-17
5671.249999999999	1.141379940449824e-16	1.3737053779936522e-17
5671.499999999998	1.2783437121829662e-16	1.3958537179211883e-17
5671.749999999999	1.1708900389365717e-16	1.3726766961838813e-17
5671.999999999999	1.1567492209288552e-16	1.3733778144710812e-17
5672.249999999999	1.250996459387473e-16	1.4096684613314364e-17
5672.499999999998	1.360267018305728e-16	1.4283587727081946e-17
5672.749999999999	1.4235626140804897e-16	1.3928034066943378e-17
5672.999999999999	1.0983698573195167e-16	1.3503070854424872e-17
5673.249999999999	1.0921794361385168e-16	1.339357447519939e-17
5673.499999999998	1.5005682321999502e-16	1.4193760875642363e-17
5673.749999999999	1.4954770347913598e-16	1.4344749461574117e-17
5674.0	1.2618323930630197e-16	1.3934519162945794e-17
5674.249999999999	1.1753228005775699e-16	1.3671914133878584e-17
5674.499999999998	1.270854749789156e-16	1.400443412268e-17
5674.749999999999	1.4124642325401922e-16	1.4386072096254816e-17
5674.999999999998	1.273865025474359e-16	1.4013203891534288e-17
5675.249999999999	1.3530978108495064e-16	1.4422673183999062e-17
5675.499999999998	1.4031145769892808e-16	1.460007199252841e-17
5675.749999999999	1.4011448283402205e-16	1.4457892880120345e-17
5675.999999999999	1.366772496038437e-16	1.4299046078369337e-17
5676.249999999999	1.3865418479806584e-16	1.4306005976043358e-17
5676.499999999999	1.4160211091741702e-16	1.4303102572093297e-17
5676.749999999999	1.3395806208492059e-16	1.4230606808847925e-17
5676.999999999999	1.3550458542792933e-16	1.4318314423558147e-17
5677.249999999999	1.1066023558223384e-16	1.3651009625438144e-17
5677.499999999999	1.1827889989609225e-16	1.3908946047128104e-17
5677.749999999999	1.3252828370484513e-16	1.425666134378212e-17
5677.999999999999	1.373169182976983e-16	1.4358328458509788e-17
5678.249999999998	1.2722191345787255e-16	1.4078162385038077e-17
5678.499999999999	1.1080264961393587e-16	1.3395610993867496e-17
5678.749999999999	1.5954974645300058e-16	1.5037263416042287e-17
5678.999999999999	1.4367356969459681e-16	1.4550123518420008e-17
5679.249999999998	1.319991528106072e-16	1.42754730852728e-17
5679.499999999999	1.2242666142011895e-16	1.4000799491068443e-17
5679.749999999999	1.275157280114514e-16	1.412654252470508e-17
5679.999999999999	1.3124071421567979e-16	1.4223731283596384e-17
5680.249999999998	1.2324527905897083e-16	1.3960889680873984e-17
5680.499999999999	1.3698849450729026e-16	1.4539512445522178e-17
5680.749999999999	1.110902768565328e-16	1.3686960549220923e-17
5680.999999999999	1.2568526334265525e-16	1.407351693871798e-17
5681.249999999998	1.2731409446533546e-16	1.3918789496417485e-17
5681.499999999999	1.1840999147956965e-16	1.3675977245047444e-17
5681.749999999998	1.3057075085907104e-16	1.423328521967137e-17
5681.999999999999	1.4782636047674783e-16	1.4743778080347247e-17
5682.249999999998	1.2247166004544183e-16	1.3932605067008346e-17
5682.499999999999	1.402307513409225e-16	1.3875600742274867e-17
5682.749999999998	1.2011976718827186e-16	1.3745320622978377e-17
5682.999999999999	1.2866929424138314e-16	1.402328722320131e-17
5683.249999999999	1.2194620845056855e-16	1.3805895059235635e-17
5683.499999999999	1.1550225972054365e-16	1.361518029720541e-17
5683.749999999999	1.0885209817253173e-16	1.3448018675937018e-17
5683.999999999999	9.818936949980878e-17	1.3171339168747219e-17
5684.249999999999	9.807517225316216e-17	1.3136931763987463e-17
5684.499999999999	1.0746460526536998e-16	1.3286814409440234e-17
5684.749999999999	9.798341476217288e-17	1.3304846119613277e-17
5684.999999999999	1.1812335023626288e-16	1.3870867614809838e-17
5685.249999999999	1.3310554989328873e-16	1.4217615110147167e-17
5685.499999999999	1.2810417768177671e-16	1.3964658315744776e-17
5685.749999999999	1.219299692407829e-16	1.3744694447254675e-17
5685.999999999998	1.2690847156271906e-16	1.3867630857072918e-17
5686.249999999999	1.04561922616803e-16	1.320281918131915e-17
5686.499999999999	1.1832367352828852e-16	1.3834977902392387e-17
5686.749999999999	1.1293353966376638e-16	1.3591783493579347e-17
5686.999999999998	1.2536390698340084e-16	1.4072165325597068e-17
5687.249999999999	1.248638663769452e-16	1.411416955710251e-17
5687.499999999999	1.297404203427454e-16	1.4241234425358006e-17
5687.749999999999	1.350207178568103e-16	1.4424274605664965e-17
5687.999999999998	1.223977431859041e-16	1.4098793923876375e-17
5688.249999999999	1.342938312391681e-16	1.4525691911847642e-17
5688.5	1.2197772072318437e-16	1.3939727092082427e-17
5688.749999999999	1.1664735562100286e-16	1.3759955102375665e-17
5688.999999999998	1.2590162732111952e-16	1.4119969747557732e-17
5689.249999999999	1.3290881325639912e-16	1.4173528037859316e-17
5689.499999999998	1.355415240053635e-16	1.425064774072886e-17
5689.749999999999	1.3746774310186878e-16	1.455460187425637e-17
5689.999999999999	1.3185816152955877e-16	1.430697874044372e-17
5690.249999999999	1.126719785366322e-16	1.3188137552626946e-17
5690.499999999999	1.3303586819848727e-16	1.4146927563720835e-17
5690.749999999999	1.3961937884146211e-16	1.458843025258734e-17
5690.999999999999	1.43651361549511e-16	1.4701343714923277e-17
5691.249999999999	1.4065049587095641e-16	1.446724498412587e-17
5691.499999999999	1.367333523017095e-16	1.433324172489228e-17
5691.749999999999	1.4388985426372228e-16	1.4547264782223025e-17
5691.999999999999	1.4359721761533572e-16	1.4489537501634174e-17
5692.249999999999	1.0839888922363638e-16	1.3626461386399408e-17
5692.499999999999	1.4038603630295586e-16	1.4770079115103983e-17
5692.749999999998	1.3873887485790147e-16	1.4729838432664504e-17
5692.999999999999	1.4310484001007475e-16	1.4807608299495514e-17
5693.249999999999	1.3722228883562224e-16	1.4581925304250222e-17
5693.499999999999	1.2557289912824604e-16	1.417084962703587e-17
5693.749999999998	1.2572697971530752e-16	1.411112056936464e-17
5693.999999999999	1.0007337591529426e-16	1.3213778497254864e-17
5694.249999999999	9.255159761222296e-17	1.2829298331095317e-17
5694.499999999999	1.297932275530508e-16	1.4253332768997207e-17
5694.749999999998	1.3896008280603285e-16	1.4676460467736457e-17
5694.999999999999	1.4392484731235572e-16	1.4738704154469847e-17
5695.25	1.3890277573319517e-16	1.4587548478054357e-17
5695.499999999999	1.2466622976754912e-16	1.4309667077434518e-17
5695.749999999998	1.2744506693480466e-16	1.4338343774910506e-17
5695.999999999999	1.5853850822798715e-16	1.4858264840208262e-17
5696.249999999998	1.6907236877871924e-16	1.5337854233199157e-17
5696.499999999999	1.2753550093681386e-16	1.432169097481859e-17
5696.749999999998	1.3594737190110651e-16	1.4650218989983825e-17
5696.999999999999	1.4604334288788773e-16	1.476511768578989e-17
5697.249999999999	1.4795283308368474e-16	1.4677769067465516e-17
5697.499999999999	1.5775856293713335e-16	1.4982298918699363e-17
5697.749999999999	1.5212734231999896e-16	1.5005228365279333e-17
5697.999999999999	1.158680588397493e-16	1.3743143483606138e-17
5698.249999999999	1.2125043705884814e-16	1.3719871584252571e-17
5698.499999999999	1.2515202963257906e-16	1.4019346534763107e-17
5698.749999999999	1.5415352453917005e-16	1.490900906206594e-17
5698.999999999999	1.6313690451484294e-16	1.5119079850429907e-17
5699.249999999999	1.6246269275860812e-16	1.5064499164891208e-17
5699.499999999998	1.6536123950411233e-16	1.5153182852724243e-17
5699.749999999999	1.1553377199315947e-16	1.3736594694696555e-17
5699.999999999999	1.275332113008783e-16	1.4118052342897834e-17
5700.249999999999	1.2585570225351057e-16	1.3747101542837204e-17
5700.499999999998	1.4586930408700657e-16	1.444198619694095e-17
5700.749999999999	1.3813856672631458e-16	1.4507828119338946e-17
5700.999999999999	1.361469010997441e-16	1.440548767959266e-17
5701.249999999999	1.489615831494156e-16	1.4611712078108256e-17
5701.499999999998	1.5111691142326338e-16	1.4781322153989804e-17
5701.749999999999	1.3808613009292362e-16	1.4532504571372628e-17
5702.0	1.2955965821784542e-16	1.4254346892428197e-17
5702.249999999999	1.4848806526212085e-16	1.504402644473052e-17
5702.499999999998	1.3739816728618572e-16	1.443435297424831e-17
5702.749999999999	1.3252451176125189e-16	1.4191807075035512e-17
5702.999999999998	1.372075319334943e-16	1.4376097952428652e-17
5703.249999999999	1.357913325503545e-16	1.4483120234441988e-17
5703.499999999998	1.3494771420466883e-16	1.4493172133245732e-17
5703.749999999999	1.4000244949185787e-16	1.438792332646571e-17
5703.999999999999	1.4018785706307796e-16	1.4206701289145142e-17
5704.249999999999	1.346633625972976e-16	1.445571408638688e-17
5704.499999999999	1.0372022333013844e-16	1.3361055523778093e-17
5704.749999999999	1.0711026756073187e-16	1.3404738104746406e-17
5704.999999999999	1.238673982889495e-16	1.3907839279468508e-17
5705.249999999999	1.2628260685892674e-16	1.389060910730903e-17
5705.499999999999	1.3835330281333335e-16	1.4440196178095386e-17
5705.749999999999	1.3603650888391523e-16	1.4180739398439553e-17
5705.999999999999	1.3529771086545227e-16	1.446195433692798e-17
5706.249999999998	1.0911264683059613e-16	1.3509802450249829e-17
5706.499999999999	1.1808495582095062e-16	1.3794847234974377e-17
5706.749999999999	1.236724615970728e-16	1.3884891634915062e-17
5706.999999999999	1.2496270453397792e-16	1.4005155424174147e-17
5707.249999999998	1.432334699040492e-16	1.4751588319690973e-17
5707.499999999999	1.439792030047678e-16	1.4653971081242365e-17
5707.749999999999	1.4102078161780455e-16	1.4661030240589893e-17
5707.999999999999	1.3350496563258854e-16	1.4303961185569127e-17
5708.249999999998	1.1332624531393715e-16	1.355162139329806e-17
5708.499999999999	1.3614588201322944e-16	1.441126801771318e-17
5708.749999999999	1.4795150959470466e-16	1.483046495418158e-17
5708.999999999999	1.356258699580643e-16	1.4325505931803683e-17
5709.249999999998	1.264799920054166e-16	1.410879784620459e-17
5709.499999999999	1.1981049428340563e-16	1.3971851478351537e-17
5709.749999999998	1.4128894695494934e-16	1.4713926786401434e-17
5709.999999999999	1.2537018032116645e-16	1.41553664603301e-17
5710.249999999998	1.4935021245352772e-16	1.4948190953321352e-17
5710.499999999999	1.318743742695648e-16	1.4336921024256915e-17
5710.749999999998	1.2327528255414935e-16	1.3904568607326474e-17
5710.999999999999	1.3659021696851332e-16	1.4301469717564118e-17
5711.249999999999	1.3476672708664223e-16	1.4265955545144766e-17
5711.499999999999	1.570198046233398e-16	1.5113956293715753e-17
5711.749999999999	1.1179445240327675e-16	1.3755516451208706e-17
5711.999999999999	1.1506223933933484e-16	1.3684502168440416e-17
5712.249999999999	1.1625082508767964e-16	1.3801757501811645e-17
5712.499999999999	1.1550061859420834e-16	1.3780500614430258e-17
5712.749999999999	1.252758684964456e-16	1.41132133363144e-17
5712.999999999999	1.408764154398569e-16	1.4689394263794336e-17
5713.249999999999	1.3784591684303822e-16	1.479363887331072e-17
5713.499999999999	1.4377520041337753e-16	1.4738001050949177e-17
5713.749999999999	1.267873590861515e-16	1.404531669727482e-17
5713.999999999998	1.1209558585091546e-16	1.373920444952916e-17
5714.249999999999	1.2748405692015796e-16	1.418078406619263e-17
5714.499999999999	1.4252106225584913e-16	1.4353332287609967e-17
5714.749999999999	1.4118944705342656e-16	1.4308227783168676e-17
5714.999999999998	1.3665886634191033e-16	1.4388517242145523e-17
5715.249999999999	1.459180481861431e-16	1.42142236696357e-17
5715.499999999999	1.110450267683037e-16	1.373268874784408e-17
5715.749999999999	1.586265864196118e-16	1.504650798656818e-17
5715.999999999998	1.33562219765867e-16	1.434770249636093e-17
5716.249999999999	1.4675309032323783e-16	1.458954198333061e-17
5716.5	1.5178135583082518e-16	1.4840354725585264e-17
5716.749999999999	1.3770467409908357e-16	1.460125155208191e-17
5716.999999999998	1.3878416465079997e-16	1.455614373891817e-17
5717.249999999999	1.604236726963302e-16	1.527069378490475e-17
5717.499999999998	1.684057009096709e-16	1.5406703784304395e-17
5717.749999999999	1.4160575051211225e-16	1.4629360803657687e-17
5717.999999999998	1.3020586494726165e-16	1.4186208716649754e-17
5718.249999999999	1.2532547286341918e-16	1.3971542112802442e-17
5718.499999999999	1.3033237725886796e-16	1.42130705798618e-17
5718.749999999999	1.27066707905178e-16	1.4244804536881785e-17
5718.999999999999	1.2085397269997393e-16	1.3921987376665615e-17
5719.249999999999	1.436843561297845e-16	1.467869385539035e-17
5719.499999999999	1.4055271650510775e-16	1.4506431838464957e-17
5719.749999999999	1.5073313932370818e-16	1.4691831137878917e-17
5719.999999999999	1.6397285985933393e-16	1.5366092524950492e-17
5720.249999999999	1.413024200727666e-16	1.4655211852161195e-17
5720.499999999999	1.3142688941050832e-16	1.4319654456150483e-17
5720.749999999998	1.4143056027581842e-16	1.4661759813890164e-17
5720.999999999999	1.3826394083739802e-16	1.4331982755999974e-17
5721.249999999999	1.3361482845282538e-16	1.427513890430533e-17
5721.499999999999	1.242259579234341e-16	1.403531112058538e-17
5721.749999999998	1.2774012556802478e-16	1.434261533559373e-17
5721.999999999999	1.4065270609755316e-16	1.4700188970788153e-17
5722.249999999999	1.3839970433697512e-16	1.4515962613482793e-17
5722.499999999999	1.3441903329668414e-16	1.4451915673014037e-17
5722.749999999998	1.3495854034452592e-16	1.4520733791256e-17
5722.999999999999	1.2886408534947203e-16	1.4191325655919007e-17
5723.25	1.3337681219464692e-16	1.4483618197170744e-17
5723.499999999999	1.1842108231722276e-16	1.4046272918062933e-17
5723.749999999998	1.4093083730671799e-16	1.4791112663719982e-17
5723.999999999999	1.3014254923445439e-16	1.4265829813691658e-17
5724.249999999998	1.2289115311256952e-16	1.3973366873233734e-17
5724.499999999999	1.2337932202287382e-16	1.4101892542450998e-17
5724.749999999998	1.237471328453292e-16	1.409184560673093e-17
5724.999999999999	1.142691253331292e-16	1.3937387825310128e-17
5725.249999999999	1.1803558968199345e-16	1.4190485240416653e-17
5725.499999999999	7.946867743351276e-17	1.2689130921936981e-17
5725.749999999999	1.1692909995508332e-16	1.3960588587131015e-17
5725.999999999999	1.149603703925377e-16	1.3946705187729925e-17
5726.249999999999	1.181503494114566e-16	1.3965027238297974e-17
5726.499999999999	1.154873969392973e-16	1.382176948237114e-17
5726.749999999999	1.0155297703802501e-16	1.3464856764486148e-17
5726.999999999999	1.1729619609348945e-16	1.4024255024517996e-17
5727.249999999999	1.1014617922747909e-16	1.385862120584099e-17
5727.499999999998	1.1439461855822084e-16	1.3863887864801116e-17
5727.749999999999	9.180412412349554e-17	1.3000132634283443e-17
5727.999999999999	8.395776014805844e-17	1.268052824356643e-17
5728.249999999999	9.894204430022793e-17	1.3170391219765233e-17
5728.499999999998	1.126907456103698e-16	1.3762313394302054e-17
5728.749999999999	1.1439525383293128e-16	1.3954621306192057e-17
5728.999999999999	1.129448554945461e-16	1.3834458432967704e-17
5729.249999999999	8.827940165428869e-17	1.289494503886875e-17
5729.499999999998	1.0304986292683567e-16	1.343175134201055e-17
5729.749999999999	9.539641732258063e-17	1.3261927026350351e-17
5729.999999999999	1.0366324712954579e-16	1.3495314381820963e-17
5730.249999999999	1.1404561451417247e-16	1.3777019838412634e-17
5730.499999999998	1.1516221569689045e-16	1.3771485172934042e-17
5730.749999999999	1.1816079173950948e-16	1.3728078870290322e-17
5730.999999999998	1.1984933868497112e-16	1.39942796534803e-17
5731.249999999999	9.978978531408658e-17	1.3417648739747134e-17
5731.499999999998	1.0290967897406508e-16	1.3565202044594955e-17
5731.749999999999	1.19825555587999e-16	1.4106920146214096e-17
5731.999999999998	1.0705552143907066e-16	1.3678859142301579e-17
5732.249999999999	1.095894866752309e-16	1.3757757283488112e-17
5732.499999999999	1.167479937230485e-16	1.3989443955619315e-17
5732.749999999999	1.0271857378278573e-16	1.3384074305864219e-17
5732.999999999999	9.574978888026329e-17	1.3133546113740284e-17
5733.249999999999	1.328820523092218e-16	1.450411904147226e-17
5733.499999999999	1.3099494231207803e-16	1.4398190292228718e-17
5733.749999999999	1.2527298329046902e-16	1.4269027693939788e-17
5733.999999999999	1.2623486861141508e-16	1.4283149321357293e-17
5734.249999999999	1.2557136388102914e-16	1.4244364476795907e-17
5734.499999999999	1.2578834989931405e-16	1.4301095831927244e-17
5734.749999999999	1.3549827238549432e-16	1.455522722279946e-17
5734.999999999999	1.4351823179300426e-16	1.454436634135664e-17
5735.249999999998	1.688969535492988e-16	1.5298989979298965e-17
5735.499999999999	1.1644745584545084e-16	1.3740001851639661e-17
5735.749999999999	1.154343912056449e-16	1.3949307497937017e-17
5735.999999999999	1.1849986961620721e-16	1.4100430087128005e-17
5736.249999999998	1.1648790166868223e-16	1.4010990356215096e-17
5736.499999999999	1.2309591009267845e-16	1.4182797423803585e-17
5736.749999999999	1.3219165428276055e-16	1.4489276112560607e-17
5736.999999999999	1.1440361828328542e-16	1.3818263063754528e-17
5737.249999999998	1.3687656704424448e-16	1.454967022344433e-17
5737.499999999999	1.1605869419244072e-16	1.3823334508090091e-17
5737.75	1.0368250389420603e-16	1.3435683758642628e-17
5737.999999999999	1.3537420852850117e-16	1.417280673636517e-17
5738.249999999998	1.4978123310967195e-16	1.4648453786556636e-17
5738.499999999999	1.401992920078659e-16	1.4580471120733353e-17
5738.749999999998	1.4194147996169038e-16	1.4604677734179105e-17
5738.999999999999	1.2250603105425464e-16	1.389530418446588e-17
5739.249999999998	1.0786674077452386e-16	1.3562566647163362e-17
5739.499999999999	1.2703923227395144e-16	1.4198032436325587e-17
5739.749999999999	1.355931797802562e-16	1.439455566061716e-17
5739.999999999999	1.6163307692633173e-16	1.5087690000544744e-17
5740.249999999999	1.577139878282841e-16	1.499488529889997e-17
5740.499999999999	1.403976035966418e-16	1.4555290088526014e-17
5740.749999999999	1.538472030147294e-16	1.5064586846036138e-17
5740.999999999999	1.208222089644519e-16	1.4037875380484294e-17
5741.249999999999	1.2141313355916997e-16	1.4245108939347204e-17
5741.499999999999	1.1917274464857215e-16	1.4135874776375902e-17
5741.749999999999	1.410528100511226e-16	1.4817898426315674e-17
5741.999999999998	1.5808812492806428e-16	1.522675229640471e-17
5742.249999999999	1.447903694006618e-16	1.4779611544483045e-17
5742.499999999999	1.289961033752355e-16	1.4351606788852182e-17
5742.749999999999	1.5261672884016493e-16	1.4815215052408552e-17
5742.999999999998	1.2434554838767456e-16	1.4225203665086728e-17
5743.249999999999	1.35106400533381e-16	1.4617722372439066e-17
5743.499999999999	1.3699450314725984e-16	1.4421121393169913e-17
5743.749999999999	1.2780800731781333e-16	1.4288669924765472e-17
5743.999999999998	1.366694807235306e-16	1.4661258542438957e-17
5744.249999999999	1.2856525477265867e-16	1.4367452260666247e-17
5744.5	1.112132422176725e-16	1.3774592063314791e-17
5744.749999999999	1.335369808310168e-16	1.4424248135885363e-17
5744.999999999998	1.3250836519569485e-16	1.4542261993878304e-17
5745.249999999999	1.2574566737970632e-16	1.4276245671964926e-17
5745.499999999998	1.2184910406409972e-16	1.4052005279707925e-17
5745.749999999999	1.3348161928697984e-16	1.456262718055936e-17
5745.999999999998	1.47541982399597e-16	1.5103257539672992e-17
5746.249999999999	1.4608393429490693e-16	1.499958699350172e-17
5746.499999999999	1.3026888949249329e-16	1.438315711177618e-17
5746.749999999999	1.2382708481461612e-16	1.4160309691670718e-17
5746.999999999999	1.4338238888408835e-16	1.4750246632737412e-17
5747.249999999999	1.685411864765622e-16	1.5659718481349665e-17
5747.499999999999	1.3006036056879112e-16	1.43850364661279e-17
5747.749999999999	1.355275479617338e-16	1.4579551295892194e-17
5747.999999999999	1.3897257654200485e-16	1.4663288443662162e-17
5748.249999999999	1.6133011706390051e-16	1.5324728531239165e-17
5748.499999999999	1.765389906785455e-16	1.5789142468712162e-17
5748.749999999998	1.2732943370261465e-16	1.428395499527392e-17
5748.999999999999	1.3644369350352813e-16	1.4516748435064718e-17
5749.249999999999	1.4692161017507203e-16	1.5127900904482172e-17
5749.499999999999	1.373947262148375e-16	1.457745687458121e-17
5749.749999999998	1.4661033880184588e-16	1.4792859669173694e-17
5749.999999999999	1.6440701718436096e-16	1.5430410780660165e-17
5750.249999999999	1.6121410001990628e-16	1.517225598328849e-17
5750.499999999999	1.520858509404733e-16	1.478919360469886e-17
5750.749999999998	1.733862546395262e-16	1.582856589670644e-17
5750.999999999999	1.2336733121271425e-16	1.4446348747491555e-17
5751.249999999999	1.3197387417108759e-16	1.484683651286523e-17
5751.499999999999	1.3862476363803855e-16	1.4950718817273314e-17
5751.749999999998	1.294204007073609e-16	1.446717053787074e-17
5751.999999999999	1.3155255468916738e-16	1.4466598128886853e-17
5752.249999999998	1.4626695958596287e-16	1.4975335712302892e-17
5752.499999999999	1.6013712409725203e-16	1.545831158272158e-17
5752.749999999998	1.6154281497788995e-16	1.5674098189118287e-17
5752.999999999999	1.6462339439771503e-16	1.5399960607950863e-17
5753.249999999998	1.8380472018608468e-16	1.5922057158259633e-17
5753.499999999999	1.6789157838046715e-16	1.5509246056120144e-17
5753.749999999999	1.6945166748552176e-16	1.5754665580780952e-17
5753.999999999999	1.7141567219240846e-16	1.589079634855003e-17
5754.249999999999	1.7096367423592989e-16	1.5890478711194808e-17
5754.499999999999	1.6961865209013906e-16	1.5764580167603012e-17
5754.749999999999	1.502873352956564e-16	1.5238820861541858e-17
5754.999999999999	1.4860340732673525e-16	1.5142406343703902e-17
5755.249999999999	1.6717402236013455e-16	1.577155826325051e-17
5755.499999999999	1.2985458450216753e-16	1.4633657179759288e-17
5755.749999999999	1.2678348126343985e-16	1.444057998989961e-17
5755.999999999999	1.3899298474207776e-16	1.487470422770214e-17
5756.249999999999	1.4750966279870333e-16	1.5205139721359924e-17
5756.499999999998	1.3721512876023999e-16	1.4918500132414373e-17
5756.749999999999	1.202778447120532e-16	1.4282787016248995e-17
5756.999999999999	1.3165799705621074e-16	1.476697718780691e-17
5757.249999999999	1.3744520408453793e-16	1.499689369342725e-17
5757.499999999998	1.4904303066125003e-16	1.5343958826119798e-17
5757.749999999999	1.5958798204963523e-16	1.5517777596958016e-17
5757.999999999999	1.5449229801340236e-16	1.5326121503390704e-17
5758.249999999999	1.5000475716351848e-16	1.528871474172983e-17
5758.499999999998	1.479975008367626e-16	1.5268147722979313e-17
5758.749999999999	1.3256040478239179e-16	1.4766542090804707e-17
5759.0	1.4858810779412547e-16	1.531441028027818e-17
5759.249999999999	1.4836827627453337e-16	1.5079934355121447e-17
5759.499999999998	1.3982620046437997e-16	1.4807275772889268e-17
5759.749999999999	1.407735009367655e-16	1.501688499447143e-17
5759.999999999998	1.3246680764172019e-16	1.467621562227514e-17
5760.249999999999	1.3164470922685068e-16	1.4592155874066277e-17
5760.499999999999	1.3514787867801686e-16	1.4838258649913054e-17
5760.749999999999	1.265145615375764e-16	1.4439297859950153e-17
5760.999999999999	1.6125843690073912e-16	1.517951697470548e-17
5761.249999999999	1.3217092844533242e-16	1.465233657235196e-17
5761.499999999999	1.1047607209065504e-16	1.4189080687736538e-17
5761.749999999999	1.2603331447463796e-16	1.4355762544249648e-17
5761.999999999999	1.4084303704777916e-16	1.4855768409119577e-17
5762.249999999999	1.3977901808223995e-16	1.5107094003354013e-17
5762.499999999999	1.386942203397134e-16	1.5101515497302956e-17
5762.749999999999	1.436856796187646e-16	1.526765803205668e-17
5762.999999999999	1.4450248407771375e-16	1.51922754084735e-17
5763.249999999998	1.200642600604471e-16	1.4415536269673955e-17
5763.499999999999	1.654276257113534e-16	1.5913977258036215e-17
5763.749999999999	1.613331743234445e-16	1.5562817581311528e-17
5763.999999999999	1.537517132848163e-16	1.5493855533642982e-17
5764.249999999998	1.4872976081966395e-16	1.5418017960722896e-17
5764.499999999999	1.371031218878554e-16	1.49368734681804e-17
5764.749999999999	1.3718474145325724e-16	1.5041040322719204e-17
5764.999999999999	1.5898746215981153e-16	1.5790983772755705e-17
5765.249999999998	1.4898461185766909e-16	1.5546014234348126e-17
5765.499999999999	1.5084996369598027e-16	1.533688312316002e-17
5765.75	1.385427205561631e-16	1.4966079561248423e-17
5765.999999999999	1.426393292311095e-16	1.5259131454302485e-17
5766.249999999998	1.5523943401243986e-16	1.566286011331614e-17
5766.499999999999	1.4543109688570048e-16	1.5278288957289213e-17
5766.749999999998	1.1303081610380261e-16	1.4345220954523272e-17
5766.999999999999	1.294484983784081e-16	1.4937244045094825e-17
5767.249999999998	1.3998067809813547e-16	1.519657509329755e-17
5767.499999999999	1.1350668980148192e-16	1.4267073893332938e-17
5767.749999999999	1.335746208576104e-16	1.5024784569321312e-17
5767.999999999999	1.5526002750096998e-16	1.5719591468447478e-17
5768.249999999999	1.5052630446590052e-16	1.5517699841980436e-17
5768.499999999999	1.371810753887824e-16	1.5111157114522874e-17
5768.749999999999	1.4371368464558318e-16	1.5396018265151435e-17
5768.999999999999	1.4879864842107736e-16	1.5549549604286178e-17
5769.249999999999	1.5256928176022889e-16	1.5705446679972822e-17
5769.499999999999	1.370077645068403e-16	1.5141774377715912e-17
5769.749999999999	1.5680242155836086e-16	1.5769728539735543e-17
5769.999999999998	1.361640005773668e-16	1.500207846150673e-17
5770.249999999999	1.4249448659712903e-16	1.5102395617474712e-17
5770.499999999999	1.6409047832499407e-16	1.5969206453175155e-17
5770.749999999999	1.4484439422082887e-16	1.5484379352545575e-17
5770.999999999998	1.3910980911434985e-16	1.5226418115437238e-17
5771.249999999999	1.2768483019843683e-16	1.4967674365469426e-17
5771.499999999999	1.430056974505766e-16	1.5246055383179247e-17
5771.749999999999	1.3810068847170456e-16	1.4958952573090666e-17
5771.999999999998	1.430539915634599e-16	1.5240361071842432e-17
5772.249999999999	1.431929049668096e-16	1.5339040410197558e-17
5772.499999999999	1.442178810074363e-16	1.527740056531133e-17
5772.749999999999	1.5607836720713604e-16	1.5619418241906082e-17
5772.999999999998	1.6310286437827516e-16	1.5716347266085045e-17
5773.249999999999	1.6121964543873283e-16	1.5758344880145588e-17
5773.499999999998	1.6085538156674408e-16	1.5484094802414857e-17
5773.749999999999	1.593752841356458e-16	1.5721148222360303e-17
5773.999999999998	1.5360566627586393e-16	1.5465211923391496e-17
5774.249999999999	1.490720680094731e-16	1.525556299713993e-17
5774.499999999998	1.4409807878495903e-16	1.53486572119991e-17
5774.749999999999	1.4131144626761079e-16	1.547806300138812e-17
5774.999999999999	1.4911563726669749e-16	1.568235179727034e-17
5775.249999999999	1.3816649234379437e-16	1.551872223721755e-17
5775.499999999999	1.4556439869577463e-16	1.5523324670145796e-17
5775.749999999999	1.2247015126800454e-16	1.463282172734061e-17
5775.999999999999	1.427139475398067e-16	1.4982454428654523e-17
5776.249999999999	1.5054573328412816e-16	1.5416639877822382e-17
5776.499999999999	1.4418111448356955e-16	1.5393414300583118e-17
5776.749999999998	1.4749555440617563e-16	1.534299102480311e-17
5776.999999999999	1.44612254253722e-16	1.5244798068648166e-17
5777.249999999999	1.239080029308585e-16	1.492578924797219e-17
5777.499999999999	1.5283497217298092e-16	1.5638086053970178e-17
5777.749999999998	1.6354550526766453e-16	1.5843613966410004e-17
5777.999999999999	1.4353871940241597e-16	1.5342314391062042e-17
5778.249999999999	1.4813035266058352e-16	1.5611955418419628e-17
5778.499999999999	1.5978192612477686e-16	1.596233258228484e-17
5778.749999999998	1.5010572613780916e-16	1.561784659874223e-17
5778.999999999999	1.5945569932607575e-16	1.580902292755426e-17
5779.249999999999	1.4671394151920692e-16	1.5593378596222912e-17
5779.499999999999	1.293877237644426e-16	1.4817357450195064e-17
5779.749999999998	1.3067494914647312e-16	1.4825331471300075e-17
5779.999999999999	1.4302250576062368e-16	1.527020740270457e-17
5780.249999999998	1.4710241200464142e-16	1.5317603197442633e-17
5780.499999999999	1.5805479947554574e-16	1.560884191059398e-17
5780.749999999998	1.64666725426923e-16	1.598532324023014e-17
5780.999999999999	1.3421642036872295e-16	1.4945305747344767e-17
5781.249999999998	1.2044711895260605e-16	1.4566594338777164e-17
5781.499999999999	1.3221611235911252e-16	1.5012562148590228e-17
5781.749999999999	1.6569205880957434e-16	1.6152168878504534e-17
5781.999999999999	1.5624401508788346e-16	1.5758738618117163e-17
5782.249999999999	1.5694531866354062e-16	1.5676397751221184e-17
5782.499999999999	1.6258601546177242e-16	1.592967714606247e-17
5782.749999999999	1.5032603411343408e-16	1.566273934494671e-17
5782.999999999999	1.3240856089170665e-16	1.4949213348558467e-17
5783.249999999999	1.4203810789212637e-16	1.521655977689683e-17
5783.499999999999	1.4751455970792965e-16	1.5387564479291143e-17
5783.749999999999	1.4189485344492199e-16	1.5445965084898612e-17
5783.999999999999	1.4859227678441273e-16	1.542684563222006e-17
5784.249999999999	1.6054728656707013e-16	1.5776752957497343e-17
5784.499999999998	1.583506257323743e-16	1.583802387983037e-17
5784.749999999999	1.4438907430701028e-16	1.541706339429601e-17
5784.999999999999	1.327149088859269e-16	1.516489407583677e-17
5785.249999999999	1.3181745100853136e-16	1.5107755747844056e-17
5785.499999999998	1.6027773156649625e-16	1.5992403906273592e-17
5785.749999999999	1.2033521795933987e-16	1.467999583767451e-17
5785.999999999999	1.5374007981668134e-16	1.5722966365346695e-17
5786.249999999999	1.730415784044427e-16	1.6328434449594684e-17
5786.499999999998	1.666693098375792e-16	1.606356956309398e-17
5786.749999999999	1.5381925092747002e-16	1.5502279541001222e-17
5787.0	1.385256210785404e-16	1.5072863615245344e-17
5787.249999999999	1.3713520326073266e-16	1.512981169169717e-17
5787.499999999998	1.3402626147206436e-16	1.5324715296349364e-17
5787.749999999999	1.2898031415170308e-16	1.4890782964448946e-17
5787.999999999998	1.2569337633010317e-16	1.449366678725204e-17
5788.249999999999	1.268530835489025e-16	1.472574223427114e-17
5788.499999999998	1.331457310187241e-16	1.501998526740728e-17
5788.749999999999	1.3987248287401354e-16	1.5137479655975536e-17
5788.999999999999	1.4565332392034653e-16	1.539709194558653e-17
5789.249999999999	1.6126022361086223e-16	1.576531470398696e-17
5789.499999999999	1.2213770407109702e-16	1.4828759307758495e-17
5789.749999999999	1.2993092334653882e-16	1.4953987835054123e-17
5789.999999999999	1.3634848170630083e-16	1.5241931060645057e-17
5790.249999999999	1.4609809562699384e-16	1.550396698945083e-17
5790.499999999999	1.3892781614469838e-16	1.5250753769058548e-17
5790.749999999999	1.262319039960997e-16	1.4742150188901743e-17
5790.999999999999	1.3095003633098375e-16	1.4782165878214608e-17
5791.249999999998	1.3787605268711475e-16	1.530116215558753e-17
5791.499999999999	1.5437788239107403e-16	1.5476086039724118e-17
5791.749999999999	1.049503401626783e-16	1.410260557213902e-17
5791.999999999999	1.3783425690512368e-16	1.520461694321279e-17
5792.249999999998	1.486525087678964e-16	1.5470107178256585e-17
5792.499999999999	1.3456781992782528e-16	1.5122970908031356e-17
5792.749999999999	1.1261997865460468e-16	1.453961005283446e-17
5792.999999999999	1.0566362793105013e-16	1.4134744847659154e-17
5793.249999999998	1.1899593975572262e-16	1.451512219798044e-17
5793.499999999999	1.273085887511783e-16	1.4649911278795955e-17
5793.749999999999	1.305968368268685e-16	1.4845575889611698e-17
5793.999999999999	1.1096804603177708e-16	1.4123152738554836e-17
5794.249999999998	1.0374197487152614e-16	1.3924273703878712e-17
5794.499999999999	1.195695531145812e-16	1.4536476692674108e-17
5794.749999999998	1.340177382030326e-16	1.51431574237001e-17
5794.999999999999	1.351592739181354e-16	1.5216910501476553e-17
5795.249999999998	1.260887421931239e-16	1.498202925781967e-17
5795.499999999999	1.291958972716691e-16	1.4767261737937628e-17
5795.749999999998	1.1649147508892846e-16	1.4669402962750154e-17
5795.999999999999	1.0779140116433253e-16	1.429870693431819e-17
5796.249999999999	1.1289666726078121e-16	1.4506279637232247e-17
5796.499999999999	1.2201821948597496e-16	1.462105094722398e-17
5796.749999999999	1.3591104212860318e-16	1.498046423210072e-17
5796.999999999999	1.5095758981984077e-16	1.5489481402563802e-17
5797.249999999999	1.4932854693892373e-16	1.5411878626216527e-17
5797.499999999999	1.2580245829184176e-16	1.4913568481602332e-17
5797.749999999999	1.394459885501812e-16	1.513237098851241e-17
5797.999999999998	1.402150944662881e-16	1.51392696748211e-17
5798.249999999999	1.6442446076911848e-16	1.5909732167132593e-17
5798.499999999999	1.569826278178892e-16	1.5856764483788372e-17
5798.749999999999	1.3337562105456485e-16	1.5119438846815755e-17
5798.999999999998	1.3633829084115417e-16	1.5087436883277303e-17
5799.249999999999	1.6484350384999294e-16	1.596750411547452e-17
5799.499999999999	1.5004348245107577e-16	1.551887774717271e-17
5799.749999999999	1.5532654605710905e-16	1.5551506713615478e-17
5799.999999999998	1.4573908600625603e-16	1.5445645793182167e-17
5800.249999999999	1.2812450647251082e-16	1.471517582912639e-17
5800.499999999999	1.3436643784461557e-16	1.4990969425880144e-17
5800.749999999999	1.4336790991464622e-16	1.5417121296938888e-17
5800.999999999998	1.464298413747419e-16	1.5443256895573114e-17
5801.249999999999	1.5066614431153628e-16	1.544910671686509e-17
5801.499999999998	1.6352528235604884e-16	1.5861611762177933e-17
5801.749999999999	1.5214027280733438e-16	1.5541535878511764e-17
5801.999999999998	1.2939583675189052e-16	1.5021687605107913e-17
5802.249999999999	1.519846172683866e-16	1.5390072490908404e-17
5802.499999999998	1.6235826947807942e-16	1.575906121855606e-17
5802.749999999999	1.545786953740223e-16	1.5655144172562247e-17
5802.999999999999	1.388955230135843e-16	1.5187962488759648e-17
5803.249999999999	1.3533668761591576e-16	1.50440843473734e-17
5803.499999999999	1.5241906576098926e-16	1.558240356385556e-17
5803.749999999999	1.3556538651167443e-16	1.5040188326688274e-17
5803.999999999999	1.4029900366762548e-16	1.522020102595329e-17
5804.249999999999	1.3660161220863185e-16	1.5153594788669294e-17
5804.499999999999	1.409716669417536e-16	1.5258577243292074e-17
5804.749999999999	1.3512585582138825e-16	1.504191713416851e-17
5804.999999999999	1.2668559601847277e-16	1.4851938562883456e-17
5805.249999999999	1.316808934155662e-16	1.4971669647828057e-17
5805.499999999999	1.3532114985528957e-16	1.5000204070238686e-17
5805.749999999998	1.242931382240632e-16	1.4705486235430943e-17
5805.999999999999	1.2928756211842978e-16	1.4806465135888966e-17
5806.249999999999	1.4479738389225626e-16	1.5463193602696867e-17
5806.499999999999	1.2971821219765958e-16	1.4896899137898163e-17
5806.749999999998	1.2892963775865563e-16	1.477976870879943e-17
5806.999999999999	1.3905364024203505e-16	1.5035309615435436e-17
5807.249999999999	1.4710691186717371e-16	1.528815060455207e-17
5807.499999999999	1.5583409084608178e-16	1.5667942310999667e-17
5807.749999999998	1.6209374373562987e-16	1.5994835817274498e-17
5807.999999999999	1.166918116158439e-16	1.437506728538541e-17
5808.25	1.5216475735346595e-16	1.548260256858981e-17
5808.499999999999	1.626652924516795e-16	1.560362570965122e-17
5808.749999999998	1.4997672566692029e-16	1.5365834444599375e-17
5808.999999999999	1.3859874384469008e-16	1.5096616933715417e-17
5809.249999999998	1.3299981635866976e-16	1.48401330411811e-17
5809.499999999999	1.2964945694514418e-16	1.4739501556580348e-17
5809.749999999998	1.318166304453637e-16	1.4991189455923083e-17
5809.999999999999	1.2306963883642377e-16	1.4842798217114745e-17
5810.249999999999	1.1587946731475763e-16	1.4509580087876334e-17
5810.499999999999	1.6845210243331268e-16	1.6091458784626818e-17
5810.749999999999	1.4668839818189128e-16	1.54118505020757e-17
5810.999999999999	1.2050835678771457e-16	1.4622882325100172e-17
5811.249999999999	1.3222033428895899e-16	1.494705275279848e-17
5811.499999999999	1.6205965065950288e-16	1.578366653305706e-17
5811.749999999999	1.761644300622917e-16	1.6210116189136324e-17
5811.999999999999	1.20477757722495e-16	1.4544042086556518e-17
5812.249999999999	1.3853098120890974e-16	1.5023437919284075e-17
5812.499999999998	1.1714144052704813e-16	1.4300850986465928e-17
5812.749999999999	1.178976821302686e-16	1.4403353553612274e-17
5812.999999999999	1.290696099531894e-16	1.4762431003160318e-17
5813.249999999999	1.3999699671725992e-16	1.4885533676281685e-17
5813.499999999998	1.3648616426489905e-16	1.4801336616091137e-17
5813.749999999999	1.3605351571730932e-16	1.5075257475938072e-17
5813.999999999999	1.7133114095125044e-16	1.6119973354702745e-17
5814.249999999999	1.6357241179862966e-16	1.6014777487481927e-17
5814.499999999998	1.5171343437636722e-16	1.557713607771482e-17
5814.749999999999	1.4502657247893755e-16	1.5456288298943274e-17
5814.999999999999	1.399937144645893e-16	1.4999102265662765e-17
5815.249999999999	1.3482113571861351e-16	1.4752916771754733e-17
5815.499999999998	1.3765313743819906e-16	1.5002624400711016e-17
5815.749999999999	1.4978106105610454e-16	1.5343543581452296e-17
5815.999999999998	1.4889881006709019e-16	1.5559900942471666e-17
5816.249999999999	1.4007574431157497e-16	1.5177109879122952e-17
5816.499999999998	1.2966191097644677e-16	1.4765436977506336e-17
5816.749999999999	1.4909766428634793e-16	1.5275640324967818e-17
5816.999999999998	1.4842195698756562e-16	1.534259563247031e-17
5817.249999999999	1.4681623398247768e-16	1.538461475322678e-17
5817.499999999999	1.4949415511500175e-16	1.5473040360708698e-17
5817.749999999999	1.4832101448305454e-16	1.5445910490978184e-17
5817.999999999999	1.5591765594028434e-16	1.5591347040638482e-17
5818.249999999999	1.7231123748056247e-16	1.6094899855975038e-17
5818.499999999999	1.5137410503676327e-16	1.5450057974569525e-17
5818.749999999999	1.4989698545587017e-16	1.5567861728686877e-17
5818.999999999999	1.6652534070632556e-16	1.597332581262567e-17
5819.249999999998	1.698110212133944e-16	1.614821164645408e-17
5819.499999999999	1.539983322213653e-16	1.5637485520845465e-17
5819.749999999999	1.461207008187737e-16	1.5200603462880683e-17
5819.999999999999	1.6187981497688895e-16	1.5686600196896413e-17
5820.249999999998	1.4004924806219367e-16	1.509761616789538e-17
5820.499999999999	1.3061645093355337e-16	1.4905634165166723e-17
5820.749999999999	1.5813870867688312e-16	1.5763987906284424e-17
5820.999999999999	1.5630821753830738e-16	1.5596440818850584e-17
5821.249999999998	1.493359584772122e-16	1.5493743037079675e-17
5821.499999999999	1.3350945226023103e-16	1.495924539502751e-17
5821.749999999999	1.3479347479892974e-16	1.4902327097077736e-17
5821.999999999999	1.6421202755292506e-16	1.5963393027830133e-17
5822.249999999998	1.4537232074009491e-16	1.5306957382959076e-17
5822.499999999999	1.5260009258368526e-16	1.5635907260236714e-17
5822.749999999998	1.418796200867612e-16	1.5298432459566104e-17
5822.999999999999	1.8530341263735316e-16	1.630990725823472e-17
5823.249999999998	1.7139060531112566e-16	1.595205238163203e-17
5823.499999999999	1.6992787205544609e-16	1.6050746609238183e-17
5823.749999999998	1.7171442335988302e-16	1.6032662786686548e-17
5823.999999999999	1.4642892816734565e-16	1.512615389902846e-17
5824.249999999999	1.4877014046844634e-16	1.526615090898061e-17
5824.499999999999	1.5022552836028644e-16	1.5398633810248328e-17
5824.749999999999	1.518317278214072e-16	1.572663242982153e-17
5824.999999999999	1.5634655901406043e-16	1.5892152924754616e-17
5825.249999999999	1.5431622103949188e-16	1.5709286452376293e-17
5825.499999999999	1.430243718800856e-16	1.5138940456937305e-17
5825.749999999999	1.6147408619515414e-16	1.549771019529748e-17
5825.999999999999	1.7871754618399376e-16	1.607908581702425e-17
5826.249999999999	1.3748549108909172e-16	1.5251443637689417e-17
5826.499999999999	1.670609434616761e-16	1.5854360696928293e-17
5826.749999999999	1.4856327914085908e-16	1.485205602253044e-17
5826.999999999998	1.3338243702281228e-16	1.4882044628457936e-17
5827.249999999999	1.4521834603215184e-16	1.5410503852038464e-17
5827.499999999999	1.7474395580974623e-16	1.6096638589622625e-17
5827.749999999999	1.869933757160235e-16	1.6338964458792484e-17
5827.999999999998	1.6311833596445235e-16	1.5783016369095594e-17
5828.249999999999	1.4134352764048804e-16	1.5136083375101547e-17
5828.499999999999	1.6545048236603946e-16	1.6029901657801846e-17
5828.749999999999	1.8168233355295122e-16	1.638997999589108e-17
5828.999999999998	1.505198326047879e-16	1.5468484249894756e-17
5829.249999999999	1.35515040990872e-16	1.511568179247354e-17
5829.5	1.5453854071836653e-16	1.564963680404387e-17
5829.749999999999	1.6898869780539828e-16	1.6061637269183056e-17
5829.999999999998	1.6357333824091572e-16	1.5793329656972905e-17
5830.249999999999	1.5444093340608527e-16	1.5307309761900023e-17
5830.499999999998	1.524118262762682e-16	1.5488152950500042e-17
5830.749999999999	1.3445337783571734e-16	1.5167870271680734e-17
5830.999999999998	1.1477677600122034e-16	1.4539557113275255e-17
5831.249999999999	1.2739460229999403e-16	1.4927125971842076e-17
5831.499999999999	1.4417288238211342e-16	1.5238561126829516e-17
5831.749999999999	1.4957361739336604e-16	1.525930847095357e-17
5831.999999999999	1.5384361635959338e-16	1.548835974565318e-17
5832.249999999999	1.6061829175085168e-16	1.5817043270773576e-17
5832.499999999999	1.5504535758840022e-16	1.5615810080074125e-17
5832.749999999999	1.3666862045569355e-16	1.520471455052507e-17
5832.999999999999	1.4998985467760273e-16	1.5617222904560366e-17
5833.249999999999	1.44206935753571e-16	1.536011697220541e-17
5833.499999999999	1.5535265849468612e-16	1.5505550213143257e-17
5833.749999999998	1.3862347985372787e-16	1.5094051019455277e-17
5833.999999999999	1.4880801872305637e-16	1.528595361284513e-17
5834.249999999999	1.5840009775044988e-16	1.5595016413835767e-17
5834.499999999999	1.3539545052663153e-16	1.508139681044444e-17
5834.749999999998	1.362434363859515e-16	1.509659542701949e-17
5834.999999999999	1.3865296718820416e-16	1.528730191724359e-17
5835.249999999999	1.424160301703896e-16	1.5424231741484394e-17
5835.499999999999	1.4858149034922504e-16	1.529062222022238e-17
5835.749999999998	1.6713717642692898e-16	1.5879005716098698e-17
5835.999999999999	1.288791201842858e-16	1.4922152961999407e-17
5836.25	1.0888082450084447e-16	1.432320140661711e-17
5836.499999999999	1.423145450353967e-16	1.5239277465239987e-17
5836.749999999998	1.444394198278127e-16	1.518052117196912e-17
5836.999999999999	1.3886833854993337e-16	1.4546598074649307e-17
5837.249999999998	1.5491594683592752e-16	1.5530284567819818e-17
5837.499999999999	1.3256027243349378e-16	1.5082515158632613e-17
5837.749999999998	1.3195005136944606e-16	1.5013716892725352e-17
5837.999999999999	1.3439469433434038e-16	1.5015214089634073e-17
5838.249999999999	1.4332370538271138e-16	1.5287945463760157e-17
5838.499999999999	1.537799565396513e-16	1.5649952787037864e-17
5838.749999999999	1.4602444346525212e-16	1.5516662557492294e-17
5838.999999999999	1.300774203417444e-16	1.492617140541519e-17
5839.249999999999	1.5359468131732922e-16	1.5719593122808703e-17
5839.499999999999	1.378361230245856e-16	1.50323880135119e-17
5839.749999999999	1.3930305174033203e-16	1.5138508668657552e-17
5839.999999999999	1.4148306308365839e-16	1.5336072486159717e-17
5840.249999999999	1.2976108000572453e-16	1.490894123325571e-17
5840.499999999998	1.1025813977774937e-16	1.4355603725572038e-17
5840.749999999999	1.082698689004128e-16	1.4326266937967232e-17
5840.999999999999	1.2725894467953533e-16	1.4658760456989047e-17
5841.249999999999	1.5452788663207685e-16	1.572178846015442e-17
5841.499999999998	1.3273294804072545e-16	1.506958963438086e-17
5841.749999999999	1.3971824346827445e-16	1.5413420490878326e-17
5841.999999999999	1.4383215014419058e-16	1.5476613780954927e-17
5842.249999999999	1.4341810985166084e-16	1.5252790287726653e-17
5842.499999999998	1.4331250866593987e-16	1.531919634730241e-17
5842.749999999999	1.3851081123685325e-16	1.5430485226915295e-17
5842.999999999999	1.2196390349823228e-16	1.48479614784983e-17
5843.249999999999	1.0620159311423012e-16	1.426330029537847e-17
5843.499999999998	1.4589022844778172e-16	1.5594171035249738e-17
5843.749999999999	1.4883947805611298e-16	1.548139653925671e-17
5843.999999999998	1.3065263512226889e-16	1.4866988286948246e-17
5844.249999999999	1.468307261868096e-16	1.543047695510917e-17
5844.499999999998	1.6082478250152452e-16	1.6071813245078683e-17
5844.749999999999	1.5450873574653502e-16	1.5821650666785496e-17
5844.999999999998	1.4556508691004427e-16	1.5331455163980446e-17
5845.249999999999	1.6532845668207563e-16	1.5948917367110455e-17
5845.499999999999	1.5330782831578563e-16	1.5947129002626115e-17
5845.749999999999	1.6601182698205264e-16	1.633353649961291e-17
5845.999999999999	1.2144251501452786e-16	1.460849599988665e-17
5846.249999999999	1.3521632952806685e-16	1.498171162046445e-17
5846.499999999999	1.4955970752418535e-16	1.5515552481110248e-17
5846.749999999999	1.6286071883447883e-16	1.6035380902179398e-17
5846.999999999999	1.6259144176659077e-16	1.6120625173025437e-17
5847.249999999998	1.3536192655076598e-16	1.518902293430494e-17
5847.499999999999	1.625232556143368e-16	1.5894776741657634e-17
5847.749999999999	1.478369351536987e-16	1.5573142449717415e-17
5847.999999999999	1.1258653408807793e-16	1.4578052444622248e-17
5848.249999999998	1.407733685878675e-16	1.5452896858431807e-17
5848.499999999999	1.576485148284393e-16	1.57097744889377e-17
5848.749999999999	1.5120594252695369e-16	1.549484649601682e-17
5848.999999999999	1.4256207717934196e-16	1.5359675257758305e-17
5849.249999999998	1.4632005796384387e-16	1.5565651502090135e-17
5849.499999999999	1.5668842945250615e-16	1.603243283047626e-17
5849.749999999999	1.5317741171168807e-16	1.5879235672308988e-17
5849.999999999999	1.3775230646747682e-16	1.5115830684983798e-17
5850.249999999998	1.3098633963370748e-16	1.5097326654680987e-17
5850.499999999999	1.424862544956729e-16	1.5326007352466172e-17
5850.749999999998	1.4488878404122092e-16	1.5446750906480538e-17
5850.999999999999	1.5458687453591923e-16	1.58614843763636e-17
5851.249999999998	1.6523999467864676e-16	1.6105438136978964e-17
5851.499999999999	1.5151255521896994e-16	1.561721463275424e-17
5851.749999999998	1.6728752477506662e-16	1.6146845144082143e-17
5851.999999999999	1.2226036502977129e-16	1.4597224836860002e-17
5852.249999999998	1.2758706406747796e-16	1.4985964983174198e-17
5852.499999999999	1.3242047229252742e-16	1.5181763597249175e-17
5852.749999999999	1.388983420451119e-16	1.5298705429168247e-17
5852.999999999999	1.4195021498895894e-16	1.5377591989826204e-17
5853.249999999999	1.5449961690746223e-16	1.5922123332708637e-17
5853.499999999999	1.71080961829345e-16	1.657274886095712e-17
5853.749999999999	1.5865729136394977e-16	1.5972816269368337e-17
5853.999999999999	1.690247761149954e-16	1.6357571059491252e-17
5854.249999999999	1.6656736148144325e-16	1.62339092122758e-17
5854.499999999999	1.2054578505607137e-16	1.4180653371655847e-17
5854.749999999999	1.474654979714379e-16	1.5321342053811373e-17
5854.999999999998	1.6518647278429213e-16	1.61040633628009e-17
5855.249999999999	1.5009104864502002e-16	1.5617662964646244e-17
5855.499999999999	1.3065025284210473e-16	1.4923779199083687e-17
5855.749999999999	1.2472901608476434e-16	1.4997560401000966e-17
5855.999999999998	1.4218963414545628e-16	1.5585434353619953e-17
5856.249999999999	1.6119044927183216e-16	1.610077449268539e-17
5856.499999999999	1.5342919225525941e-16	1.5791758013809055e-17
5856.749999999999	1.4477050383107073e-16	1.5661171010505308e-17
5856.999999999998	1.5398223859536747e-16	1.5977089484412786e-17
5857.249999999999	1.4927675881513301e-16	1.5866894137569696e-17
5857.5	1.3644215825631123e-16	1.5456825966341433e-17
5857.749999999999	1.4193855505104439e-16	1.547231244176965e-17
5857.999999999998	1.4844480040736188e-16	1.5848262721452552e-17
5858.249999999999	1.6042085366480262e-16	1.6119821153470036e-17
5858.499999999998	1.5820007886088966e-16	1.603520719425076e-17
5858.749999999999	1.5157059021074666e-16	1.6040598757483382e-17
5858.999999999998	1.4819017436248336e-16	1.6045452653317843e-17
5859.249999999999	1.3762809702669586e-16	1.5645750709526095e-17
5859.499999999999	1.4306381185169212e-16	1.5586873647885795e-17
5859.749999999999	1.6578615887605837e-16	1.6155454439897595e-17
5859.999999999999	1.6898233182340407e-16	1.6353797461536785e-17
5860.249999999999	1.3424655621279948e-16	1.5329916608041098e-17
5860.499999999999	1.722009908485214e-16	1.6822726150793097e-17
5860.749999999999	1.4203192719858937e-16	1.576883683903521e-17
5860.999999999999	1.4742292133094857e-16	1.5786963674978697e-17
5861.249999999999	1.4438573911478047e-16	1.5868479015623348e-17
5861.499999999999	1.4877535501502787e-16	1.5880021493890913e-17
5861.749999999998	1.6238999350893206e-16	1.621662444619589e-17
5861.999999999999	1.581304236358678e-16	1.628140757740982e-17
5862.249999999999	1.196260793289206e-16	1.5221362387533314e-17
5862.499999999999	1.291474972796674e-16	1.5750341080538525e-17
5862.749999999998	1.223262086065305e-16	1.5137706303463376e-17
5862.999999999999	1.3512410881593454e-16	1.559809848879814e-17
5863.249999999999	1.4691524419307783e-16	1.5902854987519827e-17
5863.499999999999	1.4109271324387216e-16	1.5783641717638684e-17
5863.749999999998	1.3280053862293838e-16	1.5695588341432415e-17
5863.999999999999	1.3426789085515845e-16	1.5850587098973826e-17
5864.249999999999	1.3191303338267309e-16	1.597647571639827e-17
5864.499999999999	1.312705059526215e-16	1.6280858329483084e-17
5864.749999999998	1.393588368008426e-16	1.669416408562888e-17
5864.999999999999	1.4478909885124093e-16	1.6636028177817428e-17
5865.249999999998	1.3586739346203999e-16	1.6504046548000917e-17
5865.499999999999	1.46293998465826e-16	1.686074833482971e-17
5865.749999999998	1.4658765420072723e-16	1.6926226297758182e-17
5865.999999999999	1.4332678911203498e-16	1.6737510004087884e-17
5866.249999999998	1.3345013348414362e-16	1.648062244741464e-17
5866.499999999999	1.071637762201967e-16	1.5959114849702008e-17
5866.749999999999	1.3195162632133236e-16	1.6877215846464415e-17
5866.999999999999	1.2252978768144716e-16	1.6782722042008807e-17
5867.249999999999	1.4429756827892722e-16	1.724503163200347e-17
5867.499999999999	1.6782564215947932e-16	1.698767589110352e-17
5867.749999999999	1.3581084077792096e-16	1.675447051536767e-17
5867.999999999999	1.3497329724665387e-16	1.7204254936527055e-17
5868.249999999999	1.5006774200408072e-16	1.7189319363386798e-17
5868.499999999998	1.316995678450752e-16	1.637967332545867e-17
5868.749999999999	1.7279104194051263e-16	1.731546936988481e-17
5868.999999999999	1.3946757465544638e-16	1.6543230093617554e-17
5869.249999999999	1.5042483256579741e-16	1.678433008111961e-17
5869.499999999998	1.5425522143239977e-16	1.6937136810037756e-17
5869.749999999999	1.5574734937832702e-16	1.692177110297897e-17
5869.999999999999	1.3989011174722827e-16	1.643068720819604e-17
5870.249999999999	1.300724440231793e-16	1.6238683698771456e-17
5870.499999999998	1.5417959727207772e-16	1.6764257716375398e-17
5870.749999999999	1.584035520566879e-16	1.6980826835631582e-17
5870.999999999999	1.2333251021764822e-16	1.6178589027269478e-17
5871.249999999999	1.4417994981326708e-16	1.6386421464895877e-17
5871.499999999998	1.3615065980844755e-16	1.6514617916229345e-17
5871.749999999999	1.3215284958586446e-16	1.6007435432364906e-17
5871.999999999998	1.4757362702111083e-16	1.6600714183106314e-17
5872.249999999999	1.4348505192427353e-16	1.689639154742462e-17
5872.499999999998	1.4463043899230835e-16	1.6870509066057835e-17
5872.749999999999	1.6190054081431708e-16	1.7022462144583826e-17
5872.999999999998	1.3542905391183589e-16	1.6350252165431383e-17
5873.249999999999	1.4928497768169934e-16	1.7226689729100718e-17
5873.499999999998	1.5372000248885346e-16	1.7066418522334894e-17
5873.749999999999	1.5354577839951509e-16	1.7021720990754978e-17
5873.999999999999	1.516492186910535e-16	1.7221627383751894e-17
5874.249999999999	1.6436637283778256e-16	1.7501060575200882e-17
5874.499999999999	1.5931840057928175e-16	1.7357730027380144e-17
5874.749999999999	1.3968127842106068e-16	1.682037530349222e-17
5874.999999999999	1.282629037151583e-16	1.6452412279804132e-17
5875.249999999999	1.3148709492421238e-16	1.656049831608521e-17
5875.499999999999	1.4713666389944602e-16	1.711658537212501e-17
5875.749999999999	1.2295655993796532e-16	1.6358811830410082e-17
5875.999999999999	1.468820907941267e-16	1.7090032874462058e-17
5876.249999999998	1.349876835718674e-16	1.6846419912259065e-17
5876.499999999999	1.3344090876595243e-16	1.677794755551315e-17
5876.749999999999	1.4169287579167124e-16	1.718336200861519e-17
5876.999999999999	1.3945872051416961e-16	1.711322867319927e-17
5877.249999999998	1.2090106243788535e-16	1.6323876684419517e-17
5877.499999999999	1.3077898861519759e-16	1.6688171989271546e-17
5877.749999999999	1.6048042390379624e-16	1.7883504222692324e-17
5877.999999999999	1.34987643867198e-16	1.6844029360288787e-17
5878.249999999998	1.2043118414528582e-16	1.648966187714862e-17
5878.499999999999	1.3564524583673275e-16	1.7050147879685976e-17
5878.75	1.4120992142794848e-16	1.7409590943064768e-17
5878.999999999999	1.3860018644767838e-16	1.7340008509936808e-17
5879.249999999998	1.347056480702113e-16	1.713492396630531e-17
5879.499999999999	1.122757656406642e-16	1.657000758440712e-17
5879.749999999998	1.4528425578336007e-16	1.72334097443971e-17
5879.999999999999	1.4039846386447886e-16	1.7306333987199774e-17
5880.249999999998	1.1896236284029786e-16	1.6413496740705962e-17
5880.499999999999	1.4665460950822972e-16	1.7389225756383713e-17
5880.749999999999	1.5650475565184998e-16	1.7730293829635253e-17
5880.999999999999	1.3959795155487454e-16	1.7315244376758195e-17
5881.249999999999	1.253632055342414e-16	1.689960928000745e-17
5881.499999999999	1.2779584445408635e-16	1.6921188767827734e-17
5881.749999999999	1.7340118359522155e-16	1.8473366717503888e-17
5881.999999999999	1.416063196123737e-16	1.753462921881951e-17
5882.249999999999	1.3907224849709504e-16	1.7442828714438374e-17
5882.499999999999	1.1921021262159835e-16	1.7015298760479117e-17
5882.749999999999	1.0942362703624667e-16	1.6773260750162425e-17
5882.999999999998	1.2974603193602097e-16	1.7401840260725147e-17
5883.249999999999	1.3577175814833906e-16	1.7680613362045318e-17
5883.499999999999	1.1993604044805648e-16	1.712315980363358e-17
5883.749999999999	1.272539021865212e-16	1.753856328981281e-17
5883.999999999998	1.3584975135393546e-16	1.7996674111018154e-17
5884.249999999999	1.0297675339557578e-16	1.6832632465809032e-17
5884.499999999999	1.0553264222669113e-16	1.6633030475277536e-17
5884.749999999999	1.1975979142057858e-16	1.695302033216e-17
5884.999999999998	1.5644065908054447e-16	1.8327503342647513e-17
5885.249999999999	1.5138964279738946e-16	1.8259360203785394e-17
5885.499999999999	1.3451100254591023e-16	1.7591299362585517e-17
5885.749999999999	1.4897456657631024e-16	1.819489305556546e-17
5885.999999999998	1.083524016732109e-16	1.7350988505387837e-17
5886.249999999999	1.4217919181740341e-16	1.847418397194909e-17
5886.499999999998	1.5712852924305376e-16	1.9286443900612887e-17
5886.749999999999	1.2308987498292926e-16	1.8355587778804913e-17
5886.999999999998	1.2991312241975668e-16	1.9022894231286142e-17
5887.249999999999	1.1838705541554478e-16	1.9414145697940048e-17
5887.499999999998	1.2671947733636295e-16	1.994125496276089e-17
5887.749999999999	1.4441026336558144e-16	2.0321327910616755e-17
5887.999999999999	1.4146073582456436e-16	2.0112650094404327e-17
5888.249999999999	1.9988418485182948e-16	2.2652504856525948e-17
5888.499999999999	1.445844345153606e-16	2.1703209224502942e-17
5888.749999999999	1.0985792994506151e-16	2.19665620248439e-17
5888.999999999999	1.0906871361390222e-16	2.2681654701312317e-17
5889.249999999999	1.2757400123124453e-16	2.3605775918572884e-17
5889.499999999999	1.0979979569161128e-16	2.3242656864551906e-17
5889.749999999998	9.809734731102348e-17	2.2137164717460512e-17
5889.999999999999	1.2352473375711574e-16	2.2264011210034293e-17
5890.249999999999	1.8676607971858372e-16	2.3714818175642075e-17
5890.499999999999	1.5934708058548019e-16	2.250544868722627e-17
5890.749999999998	1.5645075730146251e-16	2.2524753428362034e-17
5890.999999999999	1.5987327333418232e-16	2.181355677257874e-17
5891.249999999999	1.4270668158530603e-16	2.0560894305263137e-17
5891.499999999999	1.3447068907157685e-16	1.9284567854983617e-17
5891.749999999998	1.4405653446587416e-16	1.8894598518279167e-17
5891.999999999999	1.584566769043485e-16	1.9379875605161976e-17
5892.249999999999	1.6503043343354013e-16	1.9816188562865322e-17
5892.499999999999	1.5202890120966024e-16	1.9513026868364637e-17
5892.749999999998	1.22359004663457e-16	1.814400159555875e-17
5892.999999999999	1.2474104659959332e-16	1.8998032490795248e-17
5893.249999999998	1.7091617421643464e-16	2.0609080884666802e-17
5893.499999999999	1.6363955239458936e-16	2.0530181089119044e-17
5893.749999999998	1.7905089335340773e-16	2.1380466510541902e-17
5893.999999999999	1.698190812612831e-16	2.123489264889992e-17
5894.249999999998	1.2851606068726892e-16	2.0377587772798936e-17
5894.499999999999	1.4878898695152274e-16	2.1696234437577895e-17
5894.749999999999	1.545631576133961e-16	2.2641344535701383e-17
5894.999999999999	1.5176335638069602e-16	2.3069744683665046e-17
5895.249999999999	1.1918947354928042e-16	2.2495062607455055e-17
5895.499999999999	1.1323472605096428e-16	2.237274410155439e-17
5895.749999999999	1.573193498842024e-16	2.3122459249741826e-17
5895.999999999999	1.7971361722529542e-16	2.349677171181187e-17
5896.249999999999	1.5901996704916242e-16	2.3085922682085358e-17
5896.499999999999	1.5995804280335675e-16	2.2808367190626865e-17
5896.749999999999	1.8659361586958887e-16	2.3196260303993807e-17
5896.999999999999	1.6340394488635466e-16	2.163211635957646e-17
5897.249999999999	1.375086389113534e-16	2.0421744328258242e-17
5897.499999999998	1.5626615705852028e-16	2.0596380353541662e-17
5897.749999999999	1.7691112930996576e-16	2.0743185059935124e-17
5897.999999999999	1.6980588607615167e-16	2.049995756389758e-17
5898.249999999999	1.5327242498556836e-16	2.0178346433014514e-17
5898.499999999998	1.468601208770573e-16	2.008460536291633e-17
5898.749999999999	1.422586938004371e-16	1.987575880185894e-17
5898.999999999999	1.3564978540393444e-16	1.9591822439155214e-17
5899.249999999999	1.6868220422739023e-16	2.0876149380319347e-17
5899.499999999998	1.7687719505251638e-16	2.090443233982376e-17
5899.749999999999	1.673822204115917e-16	2.0571928894634595e-17
5900.0	1.8587240701967123e-16	2.1430059296986907e-17
5900.249999999999	1.7755188326478403e-16	2.133558203614355e-17
5900.499999999998	1.5659450143958953e-16	2.0554624276219986e-17
5900.749999999999	1.3471684478698283e-16	1.9702145171812636e-17
5900.999999999998	1.1496402322212274e-16	1.9279283825230628e-17
5901.249999999999	1.316871402835522e-16	2.0129739645859673e-17
5901.499999999998	1.5176016677225402e-16	2.0409394521712825e-17
5901.749999999999	1.548330567211048e-16	2.0941081404043535e-17
5901.999999999999	1.6940317484929145e-16	2.088998480324491e-17
5902.249999999999	1.5079977699385545e-16	2.0348138488630823e-17
5902.499999999999	1.4046526035330374e-16	2.040961620611699e-17
5902.749999999999	1.3644713457487635e-16	2.01695419225745e-17
5902.999999999999	1.2180431719701365e-16	1.9168205049493332e-17
5903.249999999999	1.1353338457421023e-16	1.902574800439945e-17
5903.499999999999	1.6276837900833832e-16	2.098286891422849e-17
5903.749999999999	1.8760374236385902e-16	2.2359338812547355e-17
5903.999999999999	1.5125966294465533e-16	2.0858315366312704e-17
5904.249999999998	1.7862649014216392e-16	2.1934626235754453e-17
5904.499999999999	1.83285674277875e-16	2.151546073214933e-17
5904.749999999999	1.5733282300201966e-16	2.085428368800712e-17
5904.999999999999	1.3526897791969462e-16	2.031909121424041e-17
5905.249999999998	1.3005124172971833e-16	1.9856915627504983e-17
5905.499999999999	1.3511697521033188e-16	2.025394743227941e-17
5905.749999999999	1.464015319454579e-16	2.1621774947558322e-17
5905.999999999999	1.5136441709742905e-16	2.1216312517980754e-17
5906.249999999998	1.622080667137296e-16	2.185043744737003e-17
5906.499999999999	1.5896692161084062e-16	2.134850590603408e-17
5906.749999999999	1.4433278632068727e-16	2.112085422093091e-17
5906.999999999999	1.4104244713240854e-16	2.1240337151691744e-17
5907.249999999998	1.289648690353055e-16	2.0874425535922787e-17
5907.499999999999	1.2615530045393238e-16	2.0562575136267845e-17
5907.749999999998	1.4990107503681864e-16	2.1427825909333013e-17
5907.999999999999	1.2949493960671927e-16	2.0190347169341433e-17
5908.249999999998	1.308104347133644e-16	2.021665151282062e-17
5908.499999999999	1.3135396516770565e-16	2.087213589998724e-17
5908.749999999998	1.9896466441313593e-16	2.301746852331292e-17
5908.999999999999	1.4178815376334755e-16	2.1338045380007733e-17
5909.249999999999	1.0516587696053002e-16	2.0069214840439168e-17
5909.499999999999	1.207521302229564e-16	2.064398459779409e-17
5909.749999999999	1.2084916843497622e-16	2.0723385664793054e-17
5909.999999999999	1.3153982272517896e-16	2.1088096214312585e-17
5910.249999999999	1.4680383289073428e-16	2.117273333458901e-17
5910.499999999999	1.4688338781332718e-16	2.1262530407526542e-17
5910.749999999999	1.4309537706386715e-16	2.1520432087630775e-17
5910.999999999998	1.6728794829154025e-16	2.2374871610089875e-17
5911.249999999999	1.5174511870255045e-16	2.1760061348003712e-17
5911.499999999999	1.0767112248582242e-16	2.030629638452544e-17
5911.749999999999	1.0741086499533364e-16	2.0413628032087872e-17
5911.999999999998	1.5467034698589318e-16	2.187064877845715e-17
5912.249999999999	1.3251592231777114e-16	2.130352878740712e-17
5912.499999999999	1.3942625532948813e-16	2.143454096154572e-17
5912.749999999999	1.6160718948188128e-16	2.135619537700837e-17
5912.999999999998	1.085194392173874e-16	2.015088899976143e-17
5913.249999999999	1.3943697559022682e-16	2.153179589488603e-17
5913.499999999999	1.447620864411574e-16	2.2112198752212436e-17
5913.749999999999	1.2228469075722525e-16	2.1656994643679605e-17
5913.999999999998	1.3190163814255456e-16	2.2216749418555464e-17
5914.249999999999	1.6924849869218893e-16	2.4137181559495326e-17
5914.499999999998	1.7821148370267872e-16	2.4726524584882207e-17
5914.749999999999	1.7112961328425292e-16	2.3474729002848558e-17
5914.999999999998	1.8442681294628376e-16	2.4418422967763355e-17
5915.249999999999	1.5687402231218345e-16	2.3636371675069996e-17
5915.499999999998	1.4865788213315554e-16	2.328770015762787e-17
5915.749999999999	1.722475908955102e-16	2.3723607796831063e-17
5915.999999999999	1.7461192454909296e-16	2.402391902694089e-17
5916.249999999999	1.6469390989057395e-16	2.3713580713445695e-17
5916.499999999999	1.5123977090528466e-16	2.30346986954724e-17
5916.749999999999	1.3138975230972714e-16	2.206942193401487e-17
5916.999999999999	1.4254145722103224e-16	2.234102834250788e-17
5917.249999999999	1.989407489672658e-16	2.4169474690609396e-17
5917.499999999999	1.5551793579851911e-16	2.27714815527519e-17
5917.749999999998	1.3622505312401811e-16	2.2067299388563058e-17
5917.999999999999	1.4866390400801493e-16	2.28015230982386e-17
5918.249999999999	1.6012504064286386e-16	2.3249171739056374e-17
5918.499999999999	1.6487624696736024e-16	2.3010682333567535e-17
5918.749999999998	1.8046388989321571e-16	2.3289604327397966e-17
5918.999999999999	1.5665072325146353e-16	2.340300913501776e-17
5919.249999999999	1.657115273324714e-16	2.3582561921862196e-17
5919.499999999999	1.6494452576384282e-16	2.3134823945538268e-17
5919.749999999998	1.6439870567356603e-16	2.2603350475805597e-17
5919.999999999999	1.463470174343682e-16	2.2908930846417387e-17
5920.249999999999	1.2521455125199827e-16	2.2587655550863016e-17
5920.499999999999	1.3530111223213108e-16	2.209932120443621e-17
5920.749999999998	1.5720321372619995e-16	2.234486149746645e-17
5920.999999999999	1.4420770337717945e-16	2.3071782856694377e-17
5921.249999999998	1.850825752661362e-16	2.44378253162114e-17
5921.499999999999	1.8400403762648546e-16	2.4573511060810922e-17
5921.749999999998	1.1934103950727974e-16	2.2336950342087994e-17
5921.999999999999	1.6155115295846448e-16	2.4118512093070004e-17
5922.249999999998	1.7938549783735278e-16	2.4449336361615687e-17
5922.499999999999	1.6300793051373367e-16	2.3897969198151116e-17
5922.749999999998	1.4054063305071957e-16	2.349036602514826e-17
5922.999999999999	1.3660760761371164e-16	2.339785083671788e-17
5923.249999999999	1.512449589820866e-16	2.3846640986780975e-17
5923.499999999999	1.4194774006456618e-16	2.3676132592754195e-17
5923.749999999999	8.801381050321016e-17	2.1634035418597583e-17
5923.999999999999	1.3046955689165375e-16	2.336354931107653e-17
5924.249999999999	1.2903443161609875e-16	2.3595297194573063e-17
5924.499999999999	1.6075000537414972e-16	2.5390896200550097e-17
5924.749999999999	1.7840522925447334e-16	2.5889745666923677e-17
5924.999999999999	1.626714863801063e-16	2.5292314469507252e-17
5925.249999999999	1.6762134840051342e-16	2.565737078052283e-17
5925.499999999998	1.7873156193229286e-16	2.6029444891855307e-17
5925.749999999999	1.790050609300274e-16	2.583143605118359e-17
5925.999999999999	1.5258016083964518e-16	2.500969497833871e-17
5926.249999999999	1.7250609476310037e-16	2.5674476875590427e-17
5926.499999999998	1.7209736166138076e-16	2.5626593044290957e-17
5926.749999999999	1.8035880486819698e-16	2.5802923135468886e-17
5926.999999999999	1.688470447798598e-16	2.5163606820555226e-17
5927.249999999999	1.4882039334502016e-16	2.4835459308471765e-17
5927.499999999998	1.447885826905387e-16	2.5254793556921847e-17
5927.749999999999	1.0534775743361818e-16	2.3953269530822736e-17
5927.999999999999	1.494541857478032e-16	2.542104197079398e-17
5928.249999999999	1.345711815898347e-16	2.5040823439150305e-17
5928.499999999998	1.4106280239292225e-16	2.460146480243154e-17
5928.749999999999	1.3284864744736447e-16	2.4763428420730647e-17
5928.999999999998	1.4785828303094748e-16	2.580620373377827e-17
5929.249999999999	1.6430885400670807e-16	2.6469668759494803e-17
5929.499999999998	1.7383909962895202e-16	2.6675185091406053e-17
5929.749999999999	1.6429006046319086e-16	2.6725621602075862e-17
5929.999999999998	1.403476286527538e-16	2.5954404721045722e-17
5930.249999999999	1.7110302439064302e-16	2.7257310138767796e-17
5930.499999999999	1.2224390082685903e-16	2.5579637309638772e-17
5930.749999999999	1.8522236217221276e-16	2.824018764929923e-17
5930.999999999999	1.496526032156975e-16	2.711329303103864e-17
5931.249999999999	1.501048658699721e-16	2.789542869615448e-17
5931.499999999999	1.5533386495116891e-16	2.859742710352618e-17
5931.749999999999	1.4524817747376296e-16	2.849052889860473e-17
5931.999999999999	1.7645238155968875e-16	2.950856985697579e-17
5932.249999999998	2.0027691697177986e-16	3.0693803869478523e-17
5932.499999999999	1.8547836464563057e-16	3.125535031756117e-17
5932.749999999999	1.7341527875285945e-16	3.0601947116815734e-17
5932.999999999999	1.7069205459254707e-16	3.0863107888533427e-17
5933.249999999998	1.6906010003587386e-16	3.012373084364168e-17
5933.499999999999	1.3655591213414953e-16	2.9214579941107095e-17
5933.749999999999	1.2490016967966892e-16	2.8959546923367196e-17
5933.999999999999	1.5846220908828526e-16	2.98580768268366e-17
5934.249999999998	1.99274546122933e-16	3.115001382963622e-17
5934.499999999999	1.9513688281982435e-16	3.085540187394688e-17
5934.749999999999	2.0124289187367438e-16	3.0399638591319965e-17
5934.999999999999	9.3692584079399e-17	2.6878443220245034e-17
5935.249999999998	1.6936728182815155e-16	3.0274972546840873e-17
5935.499999999999	1.759085996424413e-16	3.059858876352877e-17
5935.749999999998	1.915672477520783e-16	3.135346717309976e-17
5935.999999999999	2.1731666553680482e-16	3.263679818880638e-17
5936.249999999998	1.9173908956125253e-16	3.209704960422573e-17
5936.499999999999	1.3547172319655382e-16	3.012123606691422e-17
5936.749999999998	1.603752197647693e-16	3.0882437445087566e-17
5936.999999999999	1.9525957024827821e-16	3.2232697298517076e-17
5937.249999999999	2.1080417331250132e-16	3.3109680801390697e-17
5937.499999999999	1.7685537071923478e-16	3.1862176632374973e-17
5937.749999999999	1.3878851892954445e-16	3.0701162468207795e-17
5937.999999999999	1.404973152564014e-16	3.051417994510141e-17
5938.249999999999	1.4030476084468885e-16	3.0670096873122753e-17
5938.499999999999	1.3831305551344897e-16	3.1746311789613446e-17
5938.749999999999	1.4827727317226274e-16	3.2652584103616344e-17
5938.999999999998	6.435728539969592e-17	2.9229558527639205e-17
5939.249999999999	1.1906141275556741e-16	3.162173177191806e-17
5939.499999999999	1.368331698405875e-16	3.2677118280584667e-17
5939.749999999999	1.3729404840812244e-16	3.299322038858813e-17
5939.999999999998	1.8222701544270514e-16	3.492204675838418e-17
5940.249999999999	1.966213477645569e-16	3.553057706525984e-17
5940.499999999999	2.1039780925605607e-16	3.634329856070544e-17
5940.749999999999	2.318746605059339e-16	3.6607086458048603e-17
5940.999999999998	2.1209270894862213e-16	3.5978472205900155e-17
5941.249999999999	2.7244248295151094e-16	3.868418660700601e-17
5941.499999999999	1.4668589678771892e-16	3.499570222884835e-17
5941.749999999999	1.7560117962214718e-16	3.67895823535125e-17
5941.999999999998	1.516255811778692e-16	3.478572739343544e-17
5942.249999999999	1.9071779281999046e-16	3.705425698847232e-17
5942.499999999998	1.717610366417616e-16	3.678684934876863e-17
5942.749999999999	1.7852107424490017e-16	3.7398317801180076e-17
5942.999999999998	2.2506395974463767e-16	3.979454092173799e-17
5943.249999999999	2.307251044476118e-16	4.0341823467337774e-17
5943.499999999998	2.111393733664874e-16	3.947059714152752e-17
5943.749999999999	1.6560290859187583e-16	3.7652116665446046e-17
5943.999999999998	1.3295099285019443e-16	3.728077543613629e-17
5944.249999999999	1.8496485092135765e-16	3.937480631787143e-17
5944.499999999999	2.3512663174867995e-16	4.167158578518822e-17
5944.749999999999	2.0701851837342584e-16	4.095546244167656e-17
5944.999999999999	1.680392003413058e-16	3.955198178763539e-17
5945.249999999999	1.8189595790922672e-16	4.09615405648176e-17
5945.499999999999	1.9585277124404204e-16	4.2854543396645206e-17
5945.749999999999	1.0195871905464962e-16	3.990953226177266e-17
5945.999999999999	1.9396063198877394e-16	4.234467588451242e-17
5946.249999999999	4.634987448432683e-17	3.7070095842841485e-17
5946.499999999999	2.118957737883855e-16	4.3811366372242444e-17
5946.749999999998	1.4993136969957278e-16	4.1935102367290464e-17
5946.999999999999	1.5627081573973018e-16	4.180776618379405e-17
5947.249999999999	1.673809498621708e-16	4.171538334426168e-17
5947.499999999999	1.1998249491125746e-16	4.045965699995718e-17
5947.749999999998	1.2105245634231725e-16	4.136678627307468e-17
5947.999999999999	1.6078918064796024e-16	4.328761546070857e-17
5948.249999999999	2.1765099208806405e-16	4.585012504544679e-17
5948.499999999999	1.4199894585320566e-16	4.148653555599276e-17
5948.749999999998	1.8350010596242835e-16	4.417165646856849e-17
5948.999999999999	1.9765180304956117e-16	4.630308914888083e-17
5949.25	1.7330938639956286e-16	4.60600866459699e-17
5949.499999999999	1.518206237488643e-16	4.554246348841382e-17
5949.749999999998	1.32776040841917e-16	4.521205115581319e-17
5949.999999999999	1.6485476674121347e-16	4.532047468178419e-17
