3599.999999999999	-2.3362605058067033e-21	100000.0
3600.249999999999	-7.921011297003612e-21	100000.0
3600.499999999999	-2.7203866517548714e-20	100000.0
3600.749999999999	-8.740698712782349e-20	100000.0
3600.9999999999995	-2.6238160672267716e-19	100000.0
3601.2499999999995	-7.313988853286329e-19	100000.0
3601.4999999999995	-1.8772776012278857e-18	100000.0
3601.7499999999995	-4.41329323992146e-18	100000.0
3601.9999999999995	-9.476686033164212e-18	100000.0
3602.2499999999995	-1.8587750771262157e-17	100000.0
3602.4999999999995	-3.340968082979407e-17	100000.0
3602.7499999999995	-5.5413565705110035e-17	100000.0
3602.9999999999995	-8.580596861066757e-17	100000.0
3603.2499999999995	-1.2618512777501695e-16	100000.0
3603.4999999999995	-1.8008387751866337e-16	100000.0
3603.749999999999	-2.5480598001063747e-16	1.5200085647817225e-15
3603.999999999999	-3.621710620788727e-16	1.5364064873658553e-15
3604.249999999999	-5.16599870662741e-16	1.5955111758758395e-15
3604.499999999999	-7.297963890440102e-16	1.499308561858485e-15
3604.749999999999	-1.002938324150374e-15	1.4948550743800588e-15
3604.999999999999	-1.3190870611182877e-15	1.5102689564377189e-15
3605.249999999999	-1.6395432888084353e-15	1.4634045292902698e-15
3605.499999999999	-1.9073061288101056e-15	1.4348368608364608e-15
3605.749999999999	-2.058436902744996e-15	1.4231161483079478e-15
3605.999999999999	-2.0387872310417356e-15	1.4128847314589447e-15
3606.249999999999	-1.820849419107166e-15	1.3916231456916777e-15
3606.499999999999	-1.4148646738772952e-15	1.4090181319338473e-15
3606.749999999999	-8.70058940234364e-16	1.433879607726945e-15
3606.999999999999	-2.650762460786664e-16	1.4629299790815706e-15
3607.249999999999	3.098287079102543e-16	1.5009020425905072e-15
3607.499999999999	7.734545919714743e-16	1.5969413910072784e-15
3607.749999999999	1.0706218694166647e-15	1.5759213155090972e-15
3607.9999999999995	1.1803075735943381e-15	1.4700813723761202e-15
3608.2499999999995	1.113751682577511e-15	1.4521480966959706e-15
3608.4999999999995	9.058168291526776e-16	1.4415957602390765e-15
3608.7499999999995	6.049681377767157e-16	1.4444716488532417e-15
3608.9999999999995	2.656537580098072e-16	1.4547094184493492e-15
3609.2499999999995	-5.672315266633856e-17	1.413714823747254e-15
3609.4999999999995	-3.104632235687576e-16	1.356814009086907e-15
3609.7499999999995	-4.53579086797815e-16	1.318646386846273e-15
3609.9999999999995	-4.60543342178616e-16	1.3085859647734969e-15
3610.2499999999995	-3.2747947104339545e-16	1.310989420761331e-15
3610.4999999999995	-7.379930406377388e-17	1.337538609701833e-15
3610.749999999999	2.60183637326629e-16	1.3316021792910012e-15
3610.999999999999	6.190496957932478e-16	1.280653147513655e-15
3611.249999999999	9.409094452444467e-16	1.3867218954215091e-15
3611.499999999999	1.1685373503369047e-15	1.3931881449408485e-15
3611.749999999999	1.2617584906652636e-15	1.3962127937163752e-15
3611.999999999999	1.2078916314341863e-15	1.4417265209503089e-15
3612.249999999999	1.025813948210882e-15	1.3154214147787207e-15
3612.499999999999	7.605605631611349e-16	1.2891134184699494e-15
3612.749999999999	4.693669510997517e-16	1.281070099481941e-15
3612.999999999999	2.045191626066987e-16	1.2226285318905385e-15
3613.249999999999	3.863253880384715e-19	1.2065624344634925e-15
3613.499999999999	-1.300347451617104e-16	1.2440265958414318e-15
3613.749999999999	-1.8891765637762463e-16	1.2741084415675763e-15
3613.999999999999	-1.8295721152833826e-16	1.233182562413327e-15
3614.249999999999	-1.156794971576763e-16	1.1855026542959089e-15
3614.499999999999	1.2361457924678575e-17	1.175065937836315e-15
3614.749999999999	1.9622202788868998e-16	1.1804672551827189e-15
3614.9999999999995	4.1784767334191067e-16	1.1594166864984366e-15
3615.2499999999995	6.42899350736181e-16	1.225593253085047e-15
3615.4999999999995	8.265481927105737e-16	1.2642774595443876e-15
3615.7499999999995	9.261488186162414e-16	1.2652875463339884e-15
3615.9999999999995	9.148083447509665e-16	1.2227622572170862e-15
3616.2499999999995	7.896892246762867e-16	1.216010239957167e-15
3616.4999999999995	5.718565690655257e-16	1.181953480367795e-15
3616.7499999999995	2.9857362163262754e-16	1.124350157756819e-15
3616.9999999999995	1.21339239256833e-17	1.0954781927167089e-15
3617.2499999999995	-2.497093921615319e-16	1.0907924064524981e-15
3617.4999999999995	-4.583186214728625e-16	1.0976599378305992e-15
3617.749999999999	-5.938152009155729e-16	1.1000825579388649e-15
3617.999999999999	-6.429290073989989e-16	1.0504697206358124e-15
3618.249999999999	-5.986282317576994e-16	1.0478321659171809e-15
3618.499999999999	-4.626315730603058e-16	1.0657035023130625e-15
3618.749999999999	-2.487157389170471e-16	1.0854349230611147e-15
3618.999999999999	1.649761465782356e-17	1.0591688548832324e-15
3619.249999999999	2.970809422504446e-16	1.0825894217539322e-15
3619.499999999999	5.54699716598798e-16	1.115039148084126e-15
3619.749999999999	7.560509196883191e-16	1.1401336638168372e-15
3619.999999999999	8.781260092689996e-16	1.0912187816623222e-15
3620.249999999999	9.101528628293795e-16	1.0869929342884705e-15
3620.499999999999	8.528583639945544e-16	1.107749159023582e-15
3620.749999999999	7.166652145585692e-16	1.4376078232442848e-15
3620.999999999999	5.202992875466418e-16	3.798152486695749e-15
3621.249999999999	2.902754790049275e-16	2.982786501449261e-15
3621.499999999999	6.033355382100072e-17	1.041295506784101e-15
3621.749999999999	-1.3114333598870862e-16	9.63241103057262e-16
3621.999999999999	-2.4739934397385546e-16	9.650111901587867e-16
3622.2499999999995	-2.628457892113702e-16	9.544393719441058e-16
3622.4999999999995	-1.725631254335819e-16	9.55549514500601e-16
3622.7499999999995	3.0422093851208937e-18	9.870574460725664e-16
3622.9999999999995	2.2176185762978284e-16	1.0116603650585148e-15
3623.2499999999995	4.3081647663174844e-16	1.0484253007384957e-15
3623.4999999999995	5.816218150889796e-16	1.0473098642260802e-15
3623.7499999999995	6.425686872117388e-16	9.483397818118092e-16
3623.9999999999995	6.056428909075828e-16	9.835020252764665e-16
3624.2499999999995	4.854922270326092e-16	9.835351654405278e-16
3624.4999999999995	3.1225111113064953e-16	9.620144934705194e-16
3624.749999999999	1.2126821594599366e-16	9.45683592368338e-16
3624.999999999999	-5.647133146515097e-17	9.427622816123764e-16
3625.249999999999	-2.0021033853058235e-16	9.30933678262207e-16
3625.499999999999	-3.005717420814652e-16	9.150023649528928e-16
3625.749999999999	-3.572134303676388e-16	8.955410418358964e-16
3625.999999999999	-3.752104930032817e-16	9.027833852931575e-16
3626.249999999999	-3.617446718108254e-16	9.04119791525688e-16
3626.499999999999	-3.234624069055351e-16	8.988156712099815e-16
3626.749999999999	-2.645101525289973e-16	8.889598075939673e-16
3626.999999999999	-1.8593306862541824e-16	8.92330892844921e-16
3627.249999999999	-8.751959002506575e-17	8.725641614108803e-16
3627.499999999999	2.801544817754509e-17	8.394999656170126e-16
3627.749999999999	1.5087657417883968e-16	8.695557121404698e-16
3627.999999999999	2.6357787212723e-16	9.268564851705983e-16
3628.249999999999	3.4572697496529436e-16	9.499908607842446e-16
3628.499999999999	3.8234559543784215e-16	9.338831528636648e-16
3628.749999999999	3.710112972507746e-16	9.03075823418197e-16
3628.999999999999	3.235037224757575e-16	8.903649293743438e-16
3629.2499999999995	2.609929021876483e-16	8.765405575817656e-16
3629.4999999999995	2.0560603843211003e-16	8.547045775971417e-16
3629.7499999999995	1.7289371322642536e-16	8.365095687362905e-16
3629.9999999999995	1.6856231480519393e-16	8.403292638119338e-16
3630.2499999999995	1.8996893581987401e-16	8.502907418485588e-16
3630.4999999999995	2.3023953306850396e-16	8.577267382133859e-16
3630.7499999999995	2.8199860729562734e-16	8.214844218618609e-16
3630.9999999999995	3.38859957832865e-16	8.297086353236673e-16
3631.2499999999995	3.949013337284267e-16	8.385202661343946e-16
3631.4999999999995	4.43649953645093e-16	8.263062627932244e-16
3631.7499999999995	4.778695890131141e-16	8.554023209874425e-16
3631.999999999999	4.903350537552087e-16	8.229801761675936e-16
3632.249999999999	4.750479866785185e-16	7.975892518429027e-16
3632.499999999999	4.2847338397018387e-16	8.241863510844837e-16
3632.749999999999	3.507544937152529e-16	7.919311246948032e-16
3632.999999999999	2.467800814246813e-16	7.813796352708563e-16
3633.249999999999	1.265299651301796e-16	7.801720839254269e-16
3633.499999999999	4.0143815757221965e-18	7.79792877862853e-16
3633.749999999999	-1.0525198191931096e-16	7.284514580726913e-16
3633.999999999999	-1.873797133509483e-16	7.363612105528296e-16
3634.249999999999	-2.325931464136381e-16	7.538662051990237e-16
3634.499999999999	-2.363136814524841e-16	7.234128296463899e-16
3634.749999999999	-1.9894930872512935e-16	7.397716828358306e-16
3634.999999999999	-1.250583289667163e-16	7.230939217417486e-16
3635.249999999999	-2.2517065120751264e-17	7.073720902682024e-16
3635.499999999999	9.807570678165634e-17	7.599993590118553e-16
3635.749999999999	2.239308115946819e-16	7.058178906891091e-16
3635.999999999999	3.409593841145243e-16	7.168125371631476e-16
3636.2499999999995	4.354200937525561e-16	7.574208319017356e-16
3636.4999999999995	4.963117626406016e-16	7.473158876596694e-16
3636.7499999999995	5.178101898118282e-16	7.533575089746383e-16
3636.9999999999995	5.005457787550411e-16	7.449557891708229e-16
3637.2499999999995	4.507737397659351e-16	7.239334372715961e-16
3637.4999999999995	3.775939890873123e-16	6.972025068243488e-16
3637.7499999999995	2.8964451947260303e-16	7.036520803825391e-16
3637.9999999999995	1.9315197202478386e-16	7.013807615344767e-16
3638.2499999999995	9.240440552848631e-17	6.909699325193333e-16
3638.4999999999995	-7.880450559856936e-18	6.982571157832396e-16
3638.749999999999	-1.0012514624739083e-16	6.862317360915111e-16
3638.999999999999	-1.7341936189421082e-16	6.772789684159476e-16
3639.249999999999	-2.1597057685198077e-16	6.69336075771748e-16
3639.499999999999	-2.1970432267250343e-16	6.40777512922122e-16
3639.749999999999	-1.8470686129072992e-16	6.441160932837248e-16
3639.999999999999	-1.2086591077715394e-16	6.396389418223346e-16
3640.249999999999	-4.538936884689436e-17	6.30241058332989e-16
3640.499999999999	2.2740628066348323e-17	6.973416849254946e-16
3640.749999999999	6.850757138378315e-17	6.586757955536382e-16
3640.999999999999	8.413384702831326e-17	6.237825909288525e-16
3641.249999999999	6.929769231576768e-17	6.312806853966252e-16
3641.499999999999	2.976826800920115e-17	6.539984796189e-16
3641.749999999999	-2.3837788093930026e-17	6.435701805492194e-16
3641.999999999999	-7.704146259100337e-17	6.235183166493092e-16
3642.249999999999	-1.1354783293695354e-16	6.041317971294672e-16
3642.499999999999	-1.1928296838844931e-16	5.997966295658605e-16
3642.749999999999	-8.739046801398001e-17	5.988086185724475e-16
3642.999999999999	-2.1600578888274627e-17	6.130153728011519e-16
3643.2499999999995	6.41893074998676e-17	6.418585916606145e-16
3643.4999999999995	1.5020072463940823e-16	6.070533196436657e-16
3643.7499999999995	2.1697786614720888e-16	5.99824105197087e-16
3643.9999999999995	2.5095114031079074e-16	6.088314535581893e-16
3644.2499999999995	2.475562402660845e-16	6.271916338437551e-16
3644.4999999999995	2.1131563716338265e-16	5.974341487968498e-16
3644.7499999999995	1.5326938288880566e-16	6.01514624141129e-16
3644.9999999999995	8.680989217523232e-17	6.077310518805875e-16
3645.2499999999995	2.34298724053034e-17	5.837456728527467e-16
3645.4999999999995	-3.0029845897784947e-17	5.907653525239983e-16
3645.7499999999995	-7.162883538078061e-17	5.875083520231279e-16
3645.999999999999	-1.0223366908165678e-16	5.806819546825279e-16
3646.249999999999	-1.2246331356245593e-16	5.840628866914934e-16
3646.499999999999	-1.3059707250900936e-16	5.726074013545895e-16
3646.749999999999	-1.228518631851178e-16	5.732946627121679e-16
3646.999999999999	-9.606357656286137e-17	5.668728824225595e-16
3647.249999999999	-5.128378668994923e-17	5.29815773315335e-16
3647.499999999999	4.010274888830013e-18	5.72587231382533e-16
3647.749999999999	5.692317719259056e-17	5.792453868039846e-16
3647.999999999999	9.351010308168881e-17	5.660592013976033e-16
3648.249999999999	1.0459199618046031e-16	5.634986737376127e-16
3648.499999999999	8.992368341589333e-17	5.59640597481547e-16
3648.749999999999	5.827033712529587e-17	5.471280679660289e-16
3648.999999999999	2.3272897139487216e-17	5.30086453281542e-16
3649.249999999999	-2.431320116004437e-18	5.152276954416887e-16
3649.499999999999	-1.1401085880894233e-17	5.665655153418245e-16
3649.749999999999	-1.944718795010107e-18	5.699642350426824e-16
3649.999999999999	2.4114958206874474e-17	5.43323566543877e-16
3650.249999999999	6.381838468076174e-17	5.409868144006392e-16
3650.4999999999995	1.135988798743244e-16	5.168116470530542e-16
3650.7499999999995	1.6826263608738608e-16	5.091815742641875e-16
3650.9999999999995	2.2038164927733095e-16	5.249462338411293e-16
3651.2499999999995	2.6161465644338597e-16	5.70805603457102e-16
3651.4999999999995	2.8551237997729273e-16	5.349917269582101e-16
3651.7499999999995	2.8983147794350953e-16	5.199581097543079e-16
3651.9999999999995	2.766393310986702e-16	5.300974117702971e-16
3652.2499999999995	2.502108546356809e-16	5.035361526102968e-16
3652.4999999999995	2.14382530485162e-16	5.035134944789577e-16
3652.7499999999995	1.7129017112082372e-16	5.04406849540515e-16
3652.999999999999	1.2218248990039513e-16	5.037075709029973e-16
3653.249999999999	6.933716454689446e-17	5.179474123562038e-16
3653.499999999999	1.7339762072104642e-17	4.927393412690014e-16
3653.749999999999	-2.7332580769918928e-17	4.6561485813863615e-16
3653.999999999999	-5.803242759825239e-17	4.55401123102407e-16
3654.249999999999	-6.965988174047704e-17	4.872919665060906e-16
3654.499999999999	-5.942499547970031e-17	4.857305142073865e-16
3654.749999999999	-2.684996719257706e-17	4.778469138694947e-16
3654.999999999999	2.609628560939438e-17	4.735535156180995e-16
3655.249999999999	9.430065900547809e-17	4.771576408086665e-16
3655.499999999999	1.689086950726624e-16	4.756735861455178e-16
3655.749999999999	2.380395130930079e-16	4.823535526653612e-16
3655.999999999999	2.893552926884586e-16	4.972670500094309e-16
3656.249999999999	3.1364944942111797e-16	4.777763454370766e-16
3656.499999999999	3.0768597018719454e-16	4.725178060818443e-16
3656.749999999999	2.7483306981169467e-16	4.653975412481062e-16
3656.999999999999	2.2333540475724367e-16	4.506020461815009e-16
3657.249999999999	1.6336660337679604e-16	4.679513455840779e-16
3657.4999999999995	1.0441640138877759e-16	4.55226210798799e-16
3657.7499999999995	5.3976783259288843e-17	4.3981058173568513e-16
3657.9999999999995	1.7470598329370325e-17	4.3772701303433756e-16
3658.2499999999995	-1.3807781911966567e-18	4.624509783224045e-16
3658.4999999999995	-6.319002230951169e-19	4.591247858176553e-16
3658.7499999999995	1.908411655081689e-17	4.408397002968195e-16
3658.9999999999995	5.360578178357435e-17	4.212285582272775e-16
3659.2499999999995	9.521607350912661e-17	4.689835081698665e-16
3659.4999999999995	1.3421673342728808e-16	4.664039222685627e-16
3659.7499999999995	1.6171559554987174e-16	4.4176841898392464e-16
3659.999999999999	1.7234899579327612e-16	4.159720305752949e-16
3660.249999999999	1.6567139672324841e-16	4.505701236273013e-16
3660.499999999999	1.4574661204819813e-16	4.442187529514333e-16
3660.749999999999	1.1935355345931901e-16	4.241096613880242e-16
3660.999999999999	9.362960231991456e-17	4.1290063616899163e-16
3661.249999999999	7.39300133296722e-17	4.19947976759927e-16
3661.499999999999	6.246037323360595e-17	4.208449052417305e-16
3661.749999999999	5.797829384708384e-17	4.1902857543524167e-16
3661.999999999999	5.655500779746609e-17	4.147905519627732e-16
3662.249999999999	5.3082510891558555e-17	4.226057808599538e-16
3662.499999999999	4.300651109428264e-17	4.2067248109740505e-16
3662.749999999999	2.374207102662446e-17	4.1592544376319593e-16
3662.999999999999	-4.611079491843592e-18	4.16403461513023e-16
3663.249999999999	-3.9350911610535636e-17	4.08008491503006e-16
3663.499999999999	-7.586873077660765e-17	3.9962299767408644e-16
3663.749999999999	-1.0865035067858632e-16	3.945982394122963e-16
3663.999999999999	-1.3237114317890206e-16	3.9793186992511363e-16
3664.249999999999	-1.4301350269019561e-16	3.821954536030068e-16
3664.4999999999995	-1.3890567831555548e-16	3.823981062356374e-16
3664.7499999999995	-1.2137107797915768e-16	3.88285170507512e-16
3664.9999999999995	-9.457867550039923e-17	3.827486190571231e-16
3665.2499999999995	-6.445315226695618e-17	4.080101590991209e-16
3665.4999999999995	-3.701333310904363e-17	4.065313454523333e-16
3665.7499999999995	-1.681165602787607e-17	3.9258290980276193e-16
3665.9999999999995	-6.010195959899129e-18	3.917467029953647e-16
3666.2499999999995	-4.259294404011886e-18	3.9414912666179433e-16
3666.4999999999995	-9.304894114907225e-18	3.9003924339237766e-16
3666.7499999999995	-1.8165221780483563e-17	3.78684952022891e-16
3666.9999999999995	-2.855581781853219e-17	3.5750134622633057e-16
3667.249999999999	-3.998235697543613e-17	3.852170054143201e-16
3667.499999999999	-5.390328859140455e-17	3.895126006574223e-16
3667.749999999999	-7.279405982005753e-17	3.7446842201145907e-16
3667.999999999999	-9.852370500191519e-17	3.6483900735993736e-16
3668.249999999999	-1.3073678533193329e-16	3.5973949844055205e-16
3668.499999999999	-1.6586909083796734e-16	3.741114770335302e-16
3668.749999999999	-1.9728659137247045e-16	3.8893341540995757e-16
3668.999999999999	-2.1686226520171215e-16	3.4863328184549247e-16
3669.249999999999	-2.177965258207017e-16	3.4179007619484537e-16
3669.499999999999	-1.9761705010030286e-16	3.4607937163040235e-16
3669.749999999999	-1.597059147999573e-16	3.5265896474599614e-16
3669.999999999999	-1.1215860876702824e-16	3.539688747291453e-16
3670.249999999999	-6.426047392911647e-17	3.7216854227120643e-16
3670.499999999999	-2.2396728738472346e-17	3.713738136084451e-16
3670.749999999999	1.2353231487972571e-17	3.535397466622426e-16
3670.999999999999	4.368066721997852e-17	3.4629449152922534e-16
3671.249999999999	7.704969778194327e-17	3.4349502116877027e-16
3671.4999999999995	1.1605326527012654e-16	3.4647906530238797e-16
3671.7499999999995	1.6011983973243643e-16	3.518051290653842e-16
3671.9999999999995	2.04626358226852e-16	3.507882660122054e-16
3672.2499999999995	2.430923823373676e-16	3.6811586019550903e-16
3672.4999999999995	2.701042960702688e-16	3.6749845258629945e-16
3672.7499999999995	2.834273084085806e-16	3.4752554803894106e-16
3672.9999999999995	2.8438764016593586e-16	3.526598647185026e-16
3673.2499999999995	2.766195074501158e-16	3.340252457580264e-16
3673.4999999999995	2.640840858833072e-16	3.371339096140089e-16
3673.7499999999995	2.494481517548964e-16	3.612331351639166e-16
3673.999999999999	2.3346149868021364e-16	3.353294382687816e-16
3674.249999999999	2.1531395518432321e-16	3.3841904388345087e-16
3674.499999999999	1.9354319110447114e-16	3.419620503529176e-16
3674.749999999999	1.6706205556432612e-16	3.3806482529282096e-16
3674.999999999999	1.3605892446950303e-16	3.423688908653957e-16
3675.249999999999	1.0261067932776919e-16	3.349095216851803e-16
3675.499999999999	7.075508390923559e-17	3.2808619483901407e-16
3675.749999999999	4.569527253592652e-17	3.2622788396207694e-16
3675.999999999999	3.204091553549765e-17	3.313438041448153e-16
3676.249999999999	3.1604666635076216e-17	3.1917442885205356e-16
3676.499999999999	4.19218167341973e-17	3.0989896809336575e-16
3676.749999999999	5.670741229059453e-17	3.158135344662465e-16
3676.999999999999	6.853099886108792e-17	3.4664696311440153e-16
3677.249999999999	7.251395862192892e-17	3.377580934867965e-16
3677.499999999999	6.892317581230177e-17	3.2212700041772484e-16
3677.749999999999	6.301594383984503e-17	3.1410453961604255e-16
3677.999999999999	6.216237737988895e-17	2.9779137326619437e-16
3678.249999999999	7.19376639129648e-17	3.023982266476329e-16
3678.499999999999	9.336583469770161e-17	3.1064920105661664e-16
3678.7499999999995	1.2260171917338465e-16	3.1436955504941474e-16
3678.9999999999995	1.5284462737762124e-16	3.1751445603367195e-16
3679.2499999999995	1.7720526469638397e-16	3.205833887504723e-16
3679.4999999999995	1.9106617994223143e-16	3.2498631894985934e-16
3679.7499999999995	1.9300571542259881e-16	3.295003428142347e-16
3679.9999999999995	1.8416627229727004e-16	3.1187070197589615e-16
3680.2499999999995	1.6668214014823506e-16	2.951324574354243e-16
3680.4999999999995	1.4217478585967434e-16	2.9533577181254495e-16
3680.7499999999995	1.1117044254408232e-16	3.1892960986051747e-16
3680.9999999999995	7.365911415430865e-17	2.94132640920309e-16
3681.249999999999	3.030774453141234e-17	2.909142862976571e-16
3681.499999999999	-1.6470029473465803e-17	2.9445726629734423e-16
3681.749999999999	-6.219627979543457e-17	2.9418801569923577e-16
3681.999999999999	-1.0096728149049735e-16	2.875295426404289e-16
3682.249999999999	-1.2689503089933058e-16	2.815270171899317e-16
3682.499999999999	-1.358943299539142e-16	2.779323946502417e-16
3682.749999999999	-1.270966451051421e-16	2.767676978779874e-16
3682.999999999999	-1.0315661676381229e-16	2.7992586022182507e-16
3683.249999999999	-6.916945547056148e-17	2.8653345836423746e-16
3683.499999999999	-3.067992458568908e-17	2.8689797369913243e-16
3683.749999999999	8.199318022492723e-18	2.759797719485837e-16
3683.999999999999	4.565162888565223e-17	2.9813272754393785e-16
3684.249999999999	8.173883365406439e-17	2.8323585322145807e-16
3684.499999999999	1.171282523706705e-16	2.697821112828628e-16
3684.749999999999	1.5172796556311546e-16	2.9055188854513027e-16
3684.999999999999	1.839170833040128e-16	2.7940001158025776e-16
3685.249999999999	2.1071114837692874e-16	2.908718552409556e-16
3685.499999999999	2.2875337145495455e-16	2.976190020614281e-16
3685.7499999999995	2.3562656077088515e-16	2.744277693611974e-16
3685.9999999999995	2.3081911049763953e-16	2.78982450807041e-16
3686.2499999999995	2.1587310794622314e-16	2.793300254829909e-16
3686.4999999999995	1.936953012279628e-16	2.7355323431293695e-16
3686.7499999999995	1.6745390209158909e-16	2.5956869388398885e-16
3686.9999999999995	1.3963134597971635e-16	2.7607744543531397e-16
3687.2499999999995	1.116002728887736e-16	2.777517648742397e-16
3687.4999999999995	8.374857169585606e-17	2.710960182027318e-16
3687.7499999999995	5.59846415987804e-17	2.6349212402589116e-16
3687.9999999999995	2.846761266026548e-17	2.557823772004233e-16
3688.249999999999	2.4074512253795803e-18	2.648697701750411e-16
3688.499999999999	-1.9409982797907766e-17	2.700038486265862e-16
3688.749999999999	-3.290595939153762e-17	2.4813456965922345e-16
3688.999999999999	-3.409887604614802e-17	2.5180336052135744e-16
3689.249999999999	-2.116450967113282e-17	2.492394711993575e-16
3689.499999999999	3.983069666196874e-18	2.51715666141537e-16
3689.749999999999	3.5726171251930826e-17	2.717880705904182e-16
3689.999999999999	6.663838197175165e-17	2.616816969802535e-16
3690.249999999999	9.03400487881109e-17	2.5793370853755123e-16
3690.499999999999	1.0384635000444101e-16	2.570833668678467e-16
3690.749999999999	1.0827637039047427e-16	2.5413542751360574e-16
3690.999999999999	1.0769420618450628e-16	2.5026374579082474e-16
3691.249999999999	1.0672171102287648e-16	2.453228173210332e-16
3691.499999999999	1.0801987732285114e-16	2.441139424866237e-16
3691.749999999999	1.1071963400532826e-16	2.5370198487262795e-16
3691.999999999999	1.1048952653686772e-16	2.535439338186262e-16
3692.249999999999	1.0127832066513932e-16	2.558367990672844e-16
3692.499999999999	7.805858397029007e-17	2.5561744400372515e-16
3692.7499999999995	3.940702177010633e-17	2.4630526966072978e-16
3692.9999999999995	-1.1230556211416822e-17	2.3553818388192713e-16
3693.2499999999995	-6.61629994404411e-17	2.3315214500907097e-16
3693.4999999999995	-1.1567132015208018e-16	2.31649164453507e-16
3693.7499999999995	-1.5085010818706354e-16	2.1879138960264396e-16
3693.9999999999995	-1.6598250184537175e-16	2.2524427188328443e-16
3694.2499999999995	-1.597690613744547e-16	2.2872941541454185e-16
3694.4999999999995	-1.3529074721166341e-16	2.2865466475694666e-16
3694.7499999999995	-9.892537209965713e-17	2.280279927248765e-16
3694.9999999999995	-5.852331829418815e-17	2.2913535595451347e-16
3695.249999999999	-2.1235277759874033e-17	2.4193434142488117e-16
3695.499999999999	8.361565963289766e-18	2.503407993192453e-16
3695.749999999999	2.901912061878208e-17	2.301715154770219e-16
3695.999999999999	4.198853326366559e-17	2.2351958045377666e-16
3696.249999999999	4.9072927268843465e-17	2.1865272766220047e-16
3696.499999999999	5.090564659836904e-17	2.238026482768372e-16
3696.749999999999	4.675874037697674e-17	2.520521235100542e-16
3696.999999999999	3.605728322482003e-17	2.417368503992729e-16
3697.249999999999	2.0385444400848175e-17	2.3188977475008645e-16
3697.499999999999	4.273098983267583e-18	2.244233381387174e-16
3697.749999999999	-6.117302261122337e-18	2.190823189502462e-16
3697.999999999999	-5.774372770520637e-18	2.160936029005288e-16
3698.249999999999	6.596044394692051e-18	2.14811115609047e-16
3698.499999999999	2.781007925818599e-17	2.1675551944413864e-16
3698.749999999999	5.1715221123975874e-17	2.2592965388651117e-16
3698.999999999999	7.20565988535484e-17	2.3431729176757847e-16
3699.249999999999	8.502565712458326e-17	2.271172470181209e-16
3699.499999999999	9.014306360686024e-17	2.1363575151561325e-16
3699.7499999999995	8.930189675489453e-17	2.126912303700859e-16
3699.9999999999995	8.497427001531127e-17	2.1690732363015437e-16
3700.2499999999995	7.891005095706202e-17	2.2362358021783173e-16
3700.4999999999995	7.196067012736199e-17	2.2754886324430617e-16
3700.7499999999995	6.462910277791331e-17	2.1943084653826175e-16
3700.9999999999995	5.748060323735285e-17	2.1400418437788926e-16
3701.2499999999995	5.095530489266219e-17	2.1220834218081214e-16
3701.4999999999995	4.489941302157528e-17	2.1153518921576139e-16
3701.7499999999995	3.849396527343583e-17	2.0688815470888748e-16
3701.9999999999995	3.089304852226117e-17	2.168624573537295e-16
3702.2499999999995	2.2171765211838613e-17	2.1638745715877705e-16
3702.499999999999	1.3801833642248623e-17	2.0859313938748178e-16
3702.749999999999	8.165912647777504e-18	2.0296471133209536e-16
3702.999999999999	7.334003172001367e-18	2.0606551366353614e-16
3703.249999999999	1.1858373487944942e-17	2.0292753452664478e-16
3703.499999999999	2.0296914424745586e-17	2.0200029814719734e-16
3703.749999999999	2.96628048173208e-17	2.2189878290920556e-16
3703.999999999999	3.64710436829041e-17	2.0110380641675727e-16
3704.249999999999	3.7866407257826555e-17	2.0202212248047894e-16
3704.499999999999	3.246603882127115e-17	2.1216667874771907e-16
3704.749999999999	2.0773773939826738e-17	1.9379806783735012e-16
3704.999999999999	5.128292531985573e-18	2.01770580164924e-16
3705.249999999999	-1.0840787620732668e-17	2.0198849262549498e-16
3705.499999999999	-2.320557959666129e-17	1.971936508693252e-16
3705.749999999999	-2.8945346047263524e-17	1.9800573047261546e-16
3705.999999999999	-2.6913866322122264e-17	1.9403932664352979e-16
3706.249999999999	-1.808946562307116e-17	1.9513391820450896e-16
3706.499999999999	-4.920824969660582e-18	2.0004887982051124e-16
3706.749999999999	9.896298354493899e-18	2.088991962141264e-16
3706.9999999999995	2.447384745364326e-17	1.9916165251293176e-16
3707.2499999999995	3.7962047854314724e-17	1.9641938334619596e-16
3707.4999999999995	4.990840041571012e-17	1.9648925032945464e-16
3707.7499999999995	5.940937449625534e-17	1.8646277574901768e-16
3707.9999999999995	6.49340071498087e-17	1.9737977312459453e-16
3708.2499999999995	6.516931581817811e-17	2.0467387823586673e-16
3708.4999999999995	6.034430809758176e-17	2.0388821547261897e-16
3708.7499999999995	5.29633043890725e-17	1.9048701604653306e-16
3708.9999999999995	4.71751948106782e-17	1.8737448760272873e-16
3709.249999999999	4.693034516483123e-17	1.866252869608823e-16
3709.499999999999	5.394700954877426e-17	1.8509623367241068e-16
3709.749999999999	6.670225619825858e-17	1.7854129715651586e-16
3709.999999999999	8.106254519598514e-17	2.0218258228442442e-16
3710.249999999999	9.218297572363571e-17	2.0363358942774044e-16
3710.499999999999	9.657296687261471e-17	1.904363396534856e-16
3710.749999999999	9.320736546983156e-17	1.8314451094325916e-16
3710.999999999999	8.323677534717588e-17	1.8294633170338125e-16
3711.249999999999	6.873680571318435e-17	1.838859691745721e-16
3711.499999999999	5.1427650116927554e-17	1.8387493127647818e-16
3711.749999999999	3.210762125905421e-17	1.8030673881172044e-16
3711.999999999999	1.0903103438547803e-17	1.8419268774570675e-16
3712.249999999999	-1.212309355983412e-17	1.815805837201623e-16
3712.499999999999	-3.654665013077224e-17	1.739977594878846e-16
3712.749999999999	-6.152363557741524e-17	1.6897305416565368e-16
3712.999999999999	-8.587770880363196e-17	1.774468114746551e-16
3713.249999999999	-1.0804867158775424e-16	1.759944543725794e-16
3713.499999999999	-1.2592296863274092e-16	1.6991013730311295e-16
3713.749999999999	-1.3688868148280376e-16	1.7377704123067584e-16
3713.9999999999995	-1.3841942716977816e-16	1.6569048385768804e-16
3714.2499999999995	-1.2907555285340555e-16	1.6692487555963357e-16
3714.4999999999995	-1.0938401260862486e-16	1.723038127073842e-16
3714.7499999999995	-8.202343813441328e-17	1.7123304394804656e-16
3714.9999999999995	-5.114302719920005e-17	1.7466117157404192e-16
3715.2499999999995	-2.1154576021990948e-17	1.7754414085425054e-16
3715.4999999999995	4.433828612653383e-18	1.781146572488957e-16
3715.7499999999995	2.3718733552993443e-17	1.7420477963414946e-16
3715.9999999999995	3.652540433464971e-17	1.751178811512896e-16
3716.2499999999995	4.4067927190346886e-17	1.7460031755073762e-16
3716.499999999999	4.8325457463606635e-17	1.725144592134545e-16
3716.749999999999	5.131960741058663e-17	1.6912909351640568e-16
3716.999999999999	5.4496871066792374e-17	1.6924069010720643e-16
3717.249999999999	5.841129849094163e-17	1.7344912036608022e-16
3717.499999999999	6.279482048731896e-17	1.7594188539029042e-16
3717.749999999999	6.6927413562654e-17	1.6812864172657994e-16
3717.999999999999	7.009048711862223e-17	1.6203785279600088e-16
3718.249999999999	7.18813605626629e-17	1.697284619708167e-16
3718.499999999999	7.226357583071136e-17	1.7698230654731472e-16
3718.749999999999	7.136041331235805e-17	1.6157299052663588e-16
3718.999999999999	6.911427761487342e-17	1.7211267442888035e-16
3719.249999999999	6.499632475236536e-17	1.7166840564804546e-16
3719.499999999999	5.792573053740092e-17	1.649410052831558e-16
3719.749999999999	4.646048822745485e-17	1.6445936117352332e-16
3719.999999999999	2.922228711564801e-17	1.6246819847276527e-16
3720.249999999999	5.4675373095494845e-18	1.5922047562964527e-16
3720.499999999999	-2.4304209044432813e-17	1.5722452189877932e-16
3720.749999999999	-5.786170778315371e-17	1.5953656450275893e-16
3720.9999999999995	-9.110342729861968e-17	1.529361661403982e-16
3721.2499999999995	-1.185215831524113e-16	1.5396900370556662e-16
3721.4999999999995	-1.3439874512062956e-16	1.5453449084208747e-16
3721.7499999999995	-1.3455981179231934e-16	1.418809965153005e-16
3721.9999999999995	-1.1810322027114742e-16	1.4332324216156836e-16
3722.2499999999995	-8.828950227861425e-17	1.5197483668482378e-16
3722.4999999999995	-5.1947069982259445e-17	1.6211679891366294e-16
3722.7499999999995	-1.740784512829464e-17	1.6765010781605067e-16
3722.9999999999995	8.226708384464203e-18	1.6334465258004686e-16
3723.2499999999995	2.1284049935620758e-17	1.6507234832953941e-16
3723.499999999999	2.2252727289398186e-17	1.653153938458422e-16
3723.749999999999	1.4895401086707945e-17	1.5362509509409157e-16
3723.999999999999	4.387588000872351e-18	1.551901075781521e-16
3724.249999999999	-4.514514946591294e-18	1.5248497551219748e-16
3724.499999999999	-8.502937003908119e-18	1.4931679435678058e-16
3724.749999999999	-5.787691362531534e-18	1.5157994727783586e-16
3724.999999999999	4.354013406655043e-18	1.4993594897144387e-16
3725.249999999999	2.1914528382240737e-17	1.4974032406529753e-16
3725.499999999999	4.603966826186045e-17	1.5374698842915739e-16
3725.749999999999	7.464348679731886e-17	1.6493749803735857e-16
3725.999999999999	1.0425787704290509e-16	1.7027561878496338e-16
3726.249999999999	1.3049282527734504e-16	1.6711171249895215e-16
3726.499999999999	1.490365909770815e-16	1.591740741060035e-16
3726.749999999999	1.5673862529752484e-16	1.528921998364798e-16
3726.999999999999	1.5228594386217767e-16	1.566393147764552e-16
3727.249999999999	1.3627555695457531e-16	1.5225247820306598e-16
3727.499999999999	1.1082469516162096e-16	1.468353848680195e-16
3727.749999999999	7.899810490291906e-17	1.4846137048939254e-16
3727.9999999999995	4.424540378234654e-17	1.454174252445362e-16
3728.2499999999995	9.902441610774663e-18	1.4194077851253093e-16
3728.4999999999995	-2.121676746133311e-17	1.3977584170868774e-16
3728.7499999999995	-4.704137030942669e-17	1.3968219162845694e-16
3728.9999999999995	-6.61715252432961e-17	1.4038074234703552e-16
3729.2499999999995	-7.756920987540217e-17	1.3981933155657333e-16
3729.4999999999995	-8.030231975196143e-17	1.375958436002512e-16
3729.7499999999995	-7.368284436281616e-17	1.3375022137548806e-16
3729.9999999999995	-5.787354486023795e-17	1.3502189576200258e-16
3730.2499999999995	-3.461798507191284e-17	1.344542513384442e-16
3730.499999999999	-7.521545959470442e-18	1.3677750389408513e-16
3730.749999999999	1.8507238254787044e-17	1.4630876860284375e-16
3730.999999999999	3.8570302147753994e-17	1.4686626186592489e-16
3731.249999999999	4.932187089024725e-17	1.4572170859594751e-16
3731.499999999999	5.006917433659089e-17	1.4225457774970905e-16
3731.749999999999	4.295305438227816e-17	1.3623995560993387e-16
3731.999999999999	3.211105832796169e-17	1.3988488396575693e-16
3732.249999999999	2.212736309960427e-17	1.3616953276130356e-16
3732.499999999999	1.6374126738310756e-17	1.3275477237400705e-16
3732.749999999999	1.5931725832191927e-17	1.3684910464790772e-16
3732.999999999999	1.9545496638900832e-17	1.3507288979240525e-16
3733.249999999999	2.457429026616814e-17	1.4215172942106665e-16
3733.499999999999	2.8371679189805965e-17	1.441754896554042e-16
3733.749999999999	2.9353996067747296e-17	1.3380151980835615e-16
3733.999999999999	2.7283613982566385e-17	1.3316951411569623e-16
3734.249999999999	2.2822810153768157e-17	1.331252301744226e-16
3734.499999999999	1.681711502798898e-17	1.3438482110654894e-16
3734.749999999999	9.815004478134622e-18	1.3775468874764097e-16
3734.999999999999	2.0651539880201123e-18	1.3600538042310363e-16
3735.2499999999995	-6.121771592496492e-18	1.3418351843267804e-16
3735.4999999999995	-1.3976596037071306e-17	1.3220698028514993e-16
3735.7499999999995	-2.014640801004053e-17	1.3008305840479957e-16
3735.9999999999995	-2.2939203506312575e-17	1.3126095036218528e-16
3736.2499999999995	-2.0812269866817338e-17	1.2899995472816754e-16
3736.4999999999995	-1.2889116743287094e-17	1.2794464432011729e-16
3736.7499999999995	6.591545524710192e-19	1.2911577324881476e-16
3736.9999999999995	1.8459714149874044e-17	1.259825586722517e-16
3737.2499999999995	3.80910062684834e-17	1.2586160501436175e-16
3737.4999999999995	5.660212642840179e-17	1.3310848803882452e-16
3737.749999999999	7.13127083739367e-17	1.4474690602255582e-16
3737.999999999999	8.057719780403573e-17	1.3014655940606404e-16
3738.249999999999	8.410781080957947e-17	1.2979378341842243e-16
3738.499999999999	8.266817159488935e-17	1.308416028788454e-16
3738.749999999999	7.735885337229857e-17	1.2828728238217145e-16
3738.999999999999	6.898918449866266e-17	1.291708303903863e-16
3739.249999999999	5.792875882076694e-17	1.3106384314838125e-16
3739.499999999999	4.444498877500011e-17	1.3269835203878603e-16
3739.749999999999	2.91814041566457e-17	1.3177343176505374e-16
3739.999999999999	1.338291391802648e-17	1.1773293422202765e-16
3740.249999999999	-1.2806176177769398e-18	1.221124783711366e-16
3740.499999999999	-1.314598974199941e-17	1.252569955435896e-16
3740.749999999999	-2.0987833998212537e-17	1.2154717652307297e-16
3740.999999999999	-2.428333348947359e-17	1.1999322840688595e-16
3741.249999999999	-2.3272439222200784e-17	1.2050004527691964e-16
3741.499999999999	-1.881732854517085e-17	1.2263552121606614e-16
3741.749999999999	-1.2069397568808528e-17	1.2521866730272633e-16
3741.999999999999	-4.0261890566592544e-18	1.2315468623828402e-16
3742.2499999999995	4.815102451789665e-18	1.2387917734087226e-16
3742.4999999999995	1.447815216895799e-17	1.2217605878173988e-16
3742.7499999999995	2.5148830007542956e-17	1.1797453713534214e-16
3742.9999999999995	3.665381332631496e-17	1.1758057417064028e-16
3743.2499999999995	4.813823235175325e-17	1.2453423821156526e-16
3743.4999999999995	5.818942533008102e-17	1.2578518676065165e-16
3743.7499999999995	6.535642678365032e-17	1.226348594715761e-16
3743.9999999999995	6.874666285561961e-17	1.30910146373124e-16
3744.2499999999995	6.833241440818313e-17	1.236457668243445e-16
3744.499999999999	6.480627556114015e-17	1.1858020539729836e-16
3744.749999999999	5.91391939865323e-17	1.1927913992768117e-16
3744.999999999999	5.217555177094766e-17	1.219377645908756e-16
3745.249999999999	4.4501525952539515e-17	1.2130243694087568e-16
3745.499999999999	3.654097212620291e-17	1.2009961045110517e-16
3745.749999999999	2.8646094556266993e-17	1.1802792668079876e-16
3745.999999999999	2.1045967188981204e-17	1.13308245863808e-16
3746.249999999999	1.3776483793714262e-17	1.141161432419212e-16
3746.499999999999	6.8227754761398704e-18	1.2117607021305718e-16
3746.749999999999	4.950154214129204e-19	1.2741965594638703e-16
3746.999999999999	-4.271357986617987e-18	1.1516569647290807e-16
3747.249999999999	-6.075413449432282e-18	1.1271626247790585e-16
3747.499999999999	-3.733169814422184e-18	1.1071657650811606e-16
3747.749999999999	2.9086558222271995e-18	1.1075977518842602e-16
3747.999999999999	1.25840493146972e-17	1.190613862857878e-16
3748.249999999999	2.292401030531382e-17	1.152097818908347e-16
3748.499999999999	3.129178743618149e-17	1.114659094988605e-16
3748.749999999999	3.5680908544064666e-17	1.0987238244472404e-16
3748.999999999999	3.5292084591877384e-17	1.1253530182965885e-16
3749.2499999999995	3.065247138307907e-17	1.1235547938193472e-16
3749.4999999999995	2.3334520334341332e-17	1.1125609679084764e-16
3749.7499999999995	1.5407694665003483e-17	1.0984102237334093e-16
3749.9999999999995	8.797396510405525e-18	1.0714380477148722e-16
3750.2499999999995	4.750046218135301e-18	1.1035034725499188e-16
3750.4999999999995	3.654259289521003e-18	1.1480681920106827e-16
3750.7499999999995	5.109860488642893e-18	1.1623105216231717e-16
3750.9999999999995	8.237974610211238e-18	1.0797379779812293e-16
3751.2499999999995	1.1989510118182211e-17	1.0898471176833623e-16
3751.4999999999995	1.534982592564749e-17	1.1039822446884645e-16
3751.749999999999	1.7461519460734188e-17	1.1053511955150152e-16
3751.999999999999	1.7740926601141272e-17	1.0807599099972018e-16
3752.249999999999	1.602478297182091e-17	1.0853794821077389e-16
3752.499999999999	1.2710138875001243e-17	1.0658144106895937e-16
3752.749999999999	8.792856784125663e-18	1.0634771291507638e-16
3752.999999999999	5.695564511881744e-18	1.1320423286486313e-16
3753.249999999999	4.83900775058593e-18	1.0297720338182901e-16
3753.499999999999	7.067136750970646e-18	9.987041888019825e-17
3753.749999999999	1.220062983057801e-17	1.044559111494982e-16
3753.999999999999	1.9004082000245744e-17	1.1430545510563253e-16
3754.249999999999	2.563880371934903e-17	1.0479256704136239e-16
3754.499999999999	3.037210778630702e-17	1.0619710648658763e-16
3754.749999999999	3.2161310900349286e-17	1.099966845297336e-16
3754.999999999999	3.084152104616853e-17	1.081247681860812e-16
3755.249999999999	2.6912220807288074e-17	1.0276162687930789e-16
3755.499999999999	2.113007100553712e-17	1.0280877617422341e-16
3755.749999999999	1.4150992786663458e-17	1.0476296059287789e-16
3755.999999999999	6.357717907953141e-18	1.05065794723856e-16
3756.2499999999995	-2.114017479339703e-18	9.828768487869438e-17
3756.4999999999995	-1.1194991031510284e-17	1.0196578648580327e-16
3756.7499999999995	-2.0611489612316148e-17	1.0459134377683029e-16
3756.9999999999995	-2.963702030219053e-17	9.99321993457886e-17
3757.2499999999995	-3.70423982338016e-17	1.027086608503249e-16
3757.4999999999995	-4.137786762001988e-17	9.726902849794758e-17
3757.7499999999995	-4.1518016893918894e-17	9.461091999545538e-17
3757.9999999999995	-3.717325788047145e-17	1.0028602750716939e-16
3758.2499999999995	-2.90544570709935e-17	1.0012751323202463e-16
3758.499999999999	-1.8624778663862805e-17	1.003485358916988e-16
3758.7499999999995	-7.667108253999596e-18	1.0022009790362646e-16
3758.999999999999	2.04169399017606e-18	1.0014919198151842e-16
3759.249999999999	8.86355027407791e-18	1.0145710349630766e-16
3759.499999999999	1.1390151101228365e-17	1.0065731910564239e-16
3759.749999999999	8.669766021515794e-18	1.002440332018313e-16
3759.999999999999	5.632846205999933e-19	1.0065080753986037e-16
3760.249999999999	-1.1966213136834227e-17	9.554669949626927e-17
3760.499999999999	-2.6849043514933074e-17	9.732835389147988e-17
3760.749999999999	-4.127652257657577e-17	9.852527762039921e-17
3760.999999999999	-5.235928009576948e-17	9.641547075002146e-17
3761.249999999999	-5.787012534575073e-17	9.028918584499653e-17
3761.499999999999	-5.680497376252916e-17	9.364988170745657e-17
3761.749999999999	-4.95355018768328e-17	9.698743636509983e-17
3761.999999999999	-3.7504417470207835e-17	9.771841256369049e-17
3762.249999999999	-2.2659331349554845e-17	9.649833439506457e-17
3762.499999999999	-6.948572055883276e-18	9.228804463417377e-17
3762.749999999999	7.914643911281202e-18	9.246236136774074e-17
3762.999999999999	2.0476062608700884e-17	9.682594423974987e-17
3763.249999999999	2.9573668519819143e-17	9.730820377175809e-17
3763.4999999999995	3.453115979174796e-17	9.397423576925086e-17
3763.7499999999995	3.5447055898230654e-17	9.261436407710349e-17
3763.9999999999995	3.335839348157377e-17	9.404987316446271e-17
3764.2499999999995	3.008018488759614e-17	9.684887368632984e-17
3764.4999999999995	2.7693754254898406e-17	9.079095360457119e-17
3764.7499999999995	2.7863716202953076e-17	9.303975328763746e-17
3764.9999999999995	3.128162302524215e-17	9.998591314604535e-17
3765.2499999999995	3.748501811078353e-17	9.683146980624173e-17
3765.4999999999995	4.5104772172601924e-17	9.653817803081003e-17
3765.749999999999	5.237598817479136e-17	9.660600684103938e-17
3765.999999999999	5.765617361020902e-17	9.624255691477338e-17
3766.249999999999	5.977307097197499e-17	9.525416872700111e-17
3766.499999999999	5.818046438487292e-17	9.333632069829487e-17
3766.749999999999	5.299517226476513e-17	9.549478564102544e-17
3766.999999999999	4.496993312302731e-17	9.709976749228453e-17
3767.249999999999	3.538946997451738e-17	8.936708460279181e-17
3767.499999999999	2.5853465030100796e-17	9.031442477984674e-17
3767.749999999999	1.7952158296660703e-17	9.274799014197775e-17
3767.999999999999	1.2897194883190767e-17	9.278654999341252e-17
3768.249999999999	1.1204009305923636e-17	8.655885274528859e-17
3768.499999999999	1.253594208076505e-17	9.498625485276254e-17
3768.749999999999	1.5808287282678723e-17	9.475900517743707e-17
3768.999999999999	1.9571189601341732e-17	9.159894362691299e-17
3769.249999999999	2.2540275369879528e-17	9.283316989273601e-17
3769.499999999999	2.4020549101409264e-17	8.77632409520556e-17
3769.749999999999	2.3995279708346982e-17	8.761495724672689e-17
3769.999999999999	2.2839962450378433e-17	8.905110160879656e-17
3770.249999999999	2.0848783928331384e-17	8.870930396224475e-17
3770.4999999999995	1.787448896704485e-17	8.810723559031435e-17
3770.7499999999995	1.33133367230079e-17	8.695898978608254e-17
3770.9999999999995	6.460152618735756e-18	8.772387377234297e-17
3771.2499999999995	-2.9634744003656765e-18	9.166822165757553e-17
3771.4999999999995	-1.4410700862263987e-17	8.330643151628929e-17
3771.7499999999995	-2.6469713744620632e-17	8.59537337312591e-17
3771.9999999999995	-3.72109703180304e-17	8.839762892487966e-17
3772.2499999999995	-4.4752554058114195e-17	8.360815391652413e-17
3772.4999999999995	-4.779296859732927e-17	8.68335825877746e-17
3772.7499999999995	-4.5919058020323334e-17	8.580929476141754e-17
3772.999999999999	-3.963386362148994e-17	8.44968039747572e-17
3773.249999999999	-3.016427661531069e-17	8.495509512133608e-17
3773.499999999999	-1.9130336438353157e-17	8.431498305867314e-17
3773.749999999999	-8.116927509114847e-18	8.535807104599231e-17
3773.999999999999	1.8020849840603553e-18	8.750405548764068e-17
3774.249999999999	1.0422915142297224e-17	8.909779430001395e-17
3774.499999999999	1.839766287036898e-17	8.135010304548707e-17
3774.749999999999	2.672094999650083e-17	8.105012765070594e-17
3774.999999999999	3.5943548868825946e-17	8.322505017890387e-17
3775.249999999999	4.5619851211465696e-17	8.636286387967272e-17
3775.499999999999	5.43944561602688e-17	9.154777092549801e-17
3775.749999999999	6.06798183554981e-17	8.812573796625593e-17
3775.999999999999	6.345239413009801e-17	8.510353764534239e-17
3776.249999999999	6.265886693134449e-17	8.472120814877548e-17
3776.499999999999	5.907173445729264e-17	8.324079308032198e-17
3776.749999999999	5.382446367849366e-17	8.581004915013618e-17
3776.999999999999	4.796914957925512e-17	8.702131949959963e-17
3777.249999999999	4.222429932519756e-17	8.620366139025832e-17
3777.4999999999995	3.6872086283934666e-17	8.407066699294948e-17
3777.7499999999995	3.17485701492709e-17	8.090170497903433e-17
3777.9999999999995	2.639276505394371e-17	8.404117965847319e-17
3778.2499999999995	2.043088678511111e-17	8.893451546454088e-17
3778.4999999999995	1.4056737270974345e-17	8.268917610831242e-17
3778.7499999999995	8.237267761330514e-18	8.176205884287318e-17
3778.9999999999995	4.3531445148569504e-18	7.963719066790206e-17
3779.2499999999995	3.417356653926013e-18	7.742363549637546e-17
3779.4999999999995	5.4301927048425e-18	7.891456568477574e-17
3779.749999999999	9.389638772889827e-18	8.457115758565836e-17
3779.999999999999	1.3956840324657048e-17	8.388458444234955e-17
3780.249999999999	1.823267502961538e-17	7.951259741531688e-17
3780.499999999999	2.2035048101044754e-17	7.76519836675544e-17
3780.749999999999	2.5533158410919006e-17	7.965041232281311e-17
3780.999999999999	2.8646827642721324e-17	8.040589953731494e-17
3781.249999999999	3.0766044837223386e-17	8.079628246432567e-17
3781.499999999999	3.1015793607174054e-17	8.250511187840712e-17
3781.749999999999	2.88362142086893e-17	7.993231547557118e-17
3781.999999999999	2.44491687405553e-17	8.025437990142993e-17
3782.249999999999	1.8916756342883123e-17	8.038629866551989e-17
3782.499999999999	1.3776570342821864e-17	7.694314282215566e-17
3782.749999999999	1.046199088923907e-17	7.683009039347681e-17
3782.999999999999	9.804158684174904e-18	7.543255882240112e-17
3783.249999999999	1.1854353217712381e-17	7.713627295157454e-17
3783.499999999999	1.6073423081993342e-17	8.459602594359416e-17
3783.749999999999	2.16971490343411e-17	7.605019804218221e-17
3783.999999999999	2.798048129649926e-17	7.761178930722922e-17
3784.249999999999	3.416277503046568e-17	7.944757440172531e-17
3784.4999999999995	3.927751073789592e-17	7.541697473966062e-17
3784.7499999999995	4.210406836858892e-17	7.702303523443848e-17
3784.9999999999995	4.146464725320957e-17	8.134991113958496e-17
3785.2499999999995	3.677819037252834e-17	8.275251167345438e-17
3785.4999999999995	2.853233549771717e-17	7.924708567357716e-17
3785.7499999999995	1.8333379685658856e-17	7.588332593412822e-17
3785.9999999999995	8.452859942111822e-18	7.541119771026255e-17
3786.2499999999995	1.1004467898399822e-18	7.546295274682877e-17
3786.4999999999995	-2.2279477530601163e-18	7.464667768347164e-17
3786.7499999999995	-1.0970115095830422e-18	7.184733305446968e-17
3786.999999999999	3.867642373155278e-18	7.351524680673181e-17
3787.249999999999	1.1264600082097022e-17	7.691041293967816e-17
3787.499999999999	1.9383159796839515e-17	8.044325501377784e-17
3787.749999999999	2.6679509427462528e-17	7.975678774958743e-17
3787.999999999999	3.2057902692086255e-17	7.477914569548833e-17
3788.249999999999	3.487909684026853e-17	7.359589360773328e-17
3788.499999999999	3.484718259206331e-17	7.645162548473175e-17
3788.749999999999	3.2009868905760124e-17	7.500026761683601e-17
3788.999999999999	2.6919033877750326e-17	7.600965957472222e-17
3789.249999999999	2.0732763069121076e-17	7.489594359798082e-17
3789.499999999999	1.500248230151403e-17	7.237511398994792e-17
3789.749999999999	1.1136614690016694e-17	7.403803818875512e-17
3789.999999999999	9.823544458932699e-18	7.355894841285421e-17
3790.249999999999	1.076904424200055e-17	7.410985731825943e-17
3790.499999999999	1.291589645701615e-17	7.600762801913778e-17
3790.749999999999	1.502655363472774e-17	7.822015086925992e-17
3790.999999999999	1.6316455886026863e-17	7.4763018982266e-17
3791.249999999999	1.6828591232194872e-17	7.205241428937873e-17
3791.499999999999	1.740979162073291e-17	7.224598117016104e-17
3791.7499999999995	1.9351230909255846e-17	7.763262764122066e-17
3791.9999999999995	2.385451651038446e-17	7.128498258683163e-17
3792.2499999999995	3.147589114021296e-17	7.173177923161848e-17
3792.4999999999995	4.169299321700516e-17	7.513405250038788e-17
3792.7499999999995	5.27822849544253e-17	7.549965309624652e-17
3792.9999999999995	6.218498476967288e-17	7.641531556456312e-17
3793.2499999999995	6.734456840348426e-17	7.586237510357347e-17
3793.4999999999995	6.668084280682531e-17	7.492620517351046e-17
3793.749999999999	6.018483613443335e-17	7.430375507128676e-17
3793.9999999999995	4.928936307671606e-17	7.243946864160454e-17
3794.249999999999	3.611474565863051e-17	7.303423797180977e-17
3794.499999999999	2.2571936965346537e-17	7.302115528324163e-17
3794.749999999999	9.834084133422321e-18	7.038848423894666e-17
3794.999999999999	-1.6250224711801967e-18	7.218255296079047e-17
3795.249999999999	-1.1613594782589915e-17	7.084786726393411e-17
3795.499999999999	-1.9812874080305147e-17	7.029307391837234e-17
3795.749999999999	-2.5696169679466172e-17	7.176816856112591e-17
3795.999999999999	-2.8831573557914636e-17	6.610978995012017e-17
3796.249999999999	-2.931367047842839e-17	6.684833650567691e-17
3796.499999999999	-2.7916898912510144e-17	6.942786946742148e-17
3796.749999999999	-2.5734278783944365e-17	7.171555325672263e-17
3796.999999999999	-2.349003472812163e-17	7.041893110293351e-17
3797.249999999999	-2.1043301561142194e-17	6.815730681165023e-17
3797.499999999999	-1.7498510893881573e-17	6.653842170865535e-17
3797.749999999999	-1.1862367091919728e-17	6.6350506125818e-17
3797.999999999999	-3.7699653520004396e-18	6.587175383960701e-17
3798.249999999999	6.1885598592883364e-18	7.156262410507383e-17
3798.499999999999	1.6646751781928282e-17	7.208422434701507e-17
3798.7499999999995	2.5926412771275265e-17	6.792642415907443e-17
3798.9999999999995	3.253261062413923e-17	6.93845516731033e-17
3799.2499999999995	3.555356346242783e-17	7.29488663151494e-17
3799.4999999999995	3.4890684347264204e-17	7.070445399805212e-17
3799.7499999999995	3.1215192166141556e-17	6.503996748540329e-17
3799.9999999999995	2.5634061919371613e-17	6.747338064630158e-17
3800.2499999999995	1.926455140506421e-17	6.814930632076562e-17
3800.4999999999995	1.300082988418108e-17	6.838808358510762e-17
3800.7499999999995	7.541474237645688e-18	6.834277393987442e-17
3800.999999999999	3.460728180127931e-18	6.7562537481445e-17
3801.249999999999	1.1053872520496661e-18	6.642121352457903e-17
3801.499999999999	3.8558048614213766e-19	6.775686536839086e-17
3801.749999999999	7.304350164098387e-19	6.88853911868194e-17
3801.999999999999	1.336873680718281e-18	6.557633786436227e-17
3802.249999999999	1.5292390442130583e-18	6.447962210357006e-17
3802.499999999999	9.427125360255845e-19	6.672193669063391e-17
3802.749999999999	-5.445604057117346e-19	6.79041763093192e-17
3802.999999999999	-2.9248981464070596e-18	6.40528299947172e-17
3803.249999999999	-5.9667924049038235e-18	6.71102682097255e-17
3803.499999999999	-8.901294076615244e-18	6.630761846541835e-17
3803.749999999999	-1.019724357910441e-17	6.396447387040674e-17
3803.999999999999	-7.832403037721256e-18	6.215212114830306e-17
3804.249999999999	-1.890352377133831e-19	6.189566868863202e-17
3804.499999999999	1.2811099449326738e-17	6.333749081842625e-17
3804.749999999999	2.907872832551144e-17	6.65206009295385e-17
3804.999999999999	4.484071982757987e-17	7.104603326892221e-17
3805.249999999999	5.618827598409833e-17	7.125734813692746e-17
3805.499999999999	6.088493971787944e-17	7.18131870387835e-17
3805.7499999999995	5.932983900379901e-17	6.884800262313201e-17
3805.9999999999995	5.4029670834594917e-17	6.22011762673499e-17
3806.2499999999995	4.7901118338139476e-17	6.552554235730661e-17
3806.4999999999995	4.2529553254917944e-17	6.257973382032357e-17
3806.7499999999995	3.754762686750955e-17	6.314786793480459e-17
3806.9999999999995	3.151351528407203e-17	6.818164577399399e-17
3807.2499999999995	2.360798501175063e-17	6.722754918569572e-17
3807.4999999999995	1.4879498704729296e-17	6.185372732285313e-17
3807.7499999999995	8.06989333412247e-18	5.977613417425064e-17
3807.9999999999995	6.047505534187556e-18	6.132216120889185e-17
3808.249999999999	9.863030835992152e-18	6.063516454910941e-17
3808.499999999999	1.7733121051970296e-17	6.224705501284454e-17
3808.749999999999	2.5661369069991742e-17	6.557848191651001e-17
3808.999999999999	2.936136501668731e-17	6.798099822716823e-17
3809.249999999999	2.636032314043992e-17	6.399053998586951e-17
3809.499999999999	1.7107421245703227e-17	6.467620653922697e-17
3809.749999999999	4.546077307678565e-18	6.329376935996914e-17
3809.999999999999	-7.508463592069999e-18	6.047802670250394e-17
3810.249999999999	-1.621788900644453e-17	5.854278802859937e-17
3810.499999999999	-2.076243772840735e-17	6.16442256347506e-17
3810.749999999999	-2.207039219208721e-17	6.310951322416173e-17
3810.999999999999	-2.158033730748932e-17	6.30637800624549e-17
3811.249999999999	-2.0015038531137373e-17	6.200058827752824e-17
3811.499999999999	-1.7062805261734074e-17	6.10171300862068e-17
3811.749999999999	-1.2072177772378632e-17	5.988030599187312e-17
3811.999999999999	-5.018037601216442e-18	6.038885001502582e-17
3812.249999999999	3.1520215517258516e-18	6.366386320091517e-17
3812.499999999999	1.1021345738193612e-17	6.605784300765184e-17
3812.749999999999	1.749571138400459e-17	6.197830072310361e-17
3812.9999999999995	2.216742134330986e-17	5.871994364602863e-17
3813.2499999999995	2.50762650735762e-17	6.14195633803812e-17
3813.4999999999995	2.626492456472862e-17	6.348640318102049e-17
3813.7499999999995	2.5566408366597146e-17	6.358493031814291e-17
3813.9999999999995	2.2694470773055268e-17	6.171617711315291e-17
3814.2499999999995	1.745649555966418e-17	5.845353854922735e-17
3814.4999999999995	9.974810686121151e-18	6.266198866043584e-17
3814.7499999999995	9.135875090841033e-19	5.988108023292647e-17
3814.999999999999	-8.379534211214214e-18	5.788145382014078e-17
3815.249999999999	-1.6040450031238303e-17	5.859965835007362e-17
3815.499999999999	-2.0266295563992285e-17	5.626919277949122e-17
3815.749999999999	-2.0054847134617402e-17	5.885756003017785e-17
3815.999999999999	-1.5642920950159715e-17	6.019993519800851e-17
3816.249999999999	-8.368171017976607e-18	5.950786957543234e-17
3816.499999999999	-1.0779172360182618e-19	5.864526578032734e-17
3816.749999999999	7.296693866456029e-18	6.014571847193933e-17
3816.999999999999	1.2358718422980029e-17	6.088913546694279e-17
3817.249999999999	1.407890868593411e-17	6.099948797810227e-17
3817.499999999999	1.2115891910273396e-17	6.236931892482478e-17
3817.749999999999	7.035168576499058e-18	5.904180954854037e-17
3817.999999999999	3.6496279147834026e-19	5.796900261617339e-17
3818.249999999999	-5.8604489480350805e-18	5.77617177721125e-17
3818.499999999999	-1.0025335346027259e-17	5.5127084655404556e-17
3818.749999999999	-1.178765905356623e-17	5.923593229469431e-17
3818.999999999999	-1.2195059684875642e-17	5.836772352375865e-17
3819.249999999999	-1.2839544074240876e-17	5.646340816987377e-17
3819.499999999999	-1.4549016364164297e-17	5.908802578372493e-17
3819.749999999999	-1.6533525268849603e-17	5.652763047263239e-17
3819.9999999999995	-1.6668401882810696e-17	5.581309862461928e-17
3820.2499999999995	-1.2824980635286148e-17	5.557792125030311e-17
3820.4999999999995	-4.37244465780841e-18	5.4259630273187546e-17
3820.7499999999995	7.223155067774404e-18	6.287129182519136e-17
3820.9999999999995	1.9140594469141637e-17	6.179581806252952e-17
3821.2499999999995	2.8701567200391273e-17	5.94868790402082e-17
3821.4999999999995	3.4504980301603923e-17	6.021457960357315e-17
3821.7499999999995	3.650016947496738e-17	5.778061719474811e-17
3821.9999999999995	3.5236543600338086e-17	5.948821576407808e-17
3822.249999999999	3.108490987049786e-17	5.960729668506122e-17
3822.499999999999	2.4018871287000997e-17	5.684117162945939e-17
3822.749999999999	1.3963835059388166e-17	5.810379996879503e-17
3822.999999999999	1.3455034744250333e-18	5.906942414610984e-17
3823.249999999999	-1.2532526999755941e-17	5.794742312835311e-17
3823.499999999999	-2.5482863326925653e-17	5.4961903304522617e-17
3823.749999999999	-3.483961798898091e-17	5.39703354344757e-17
3823.999999999999	-3.817424372674437e-17	5.32824388021868e-17
3824.249999999999	-3.4081971630315925e-17	5.354309995681451e-17
3824.499999999999	-2.2712884603114164e-17	5.3904885595688055e-17
3824.749999999999	-5.773736438198925e-18	5.267189348333896e-17
3824.999999999999	1.4043654682038008e-17	5.716712711291959e-17
3825.249999999999	3.391883709856875e-17	5.882144201591134e-17
3825.499999999999	5.154063621672933e-17	5.821207460225577e-17
3825.749999999999	6.517619661170042e-17	5.78662469317596e-17
3825.999999999999	7.332410073315965e-17	6.004428627650563e-17
3826.249999999999	7.454396404884784e-17	6.050746109742102e-17
3826.499999999999	6.79510368181074e-17	6.045374067971938e-17
3826.749999999999	5.4202321285426134e-17	6.167713418824041e-17
3826.9999999999995	3.615359894254471e-17	5.629272441355713e-17
3827.2499999999995	1.8386455386593195e-17	5.3617086299523705e-17
3827.4999999999995	5.5724459892674075e-18	5.243801974566817e-17
3827.7499999999995	5.454346014740648e-19	5.1295180393920006e-17
3827.9999999999995	3.2313378350531836e-18	5.3621764833068305e-17
3828.2499999999995	1.1016943847219608e-17	5.645106663513448e-17
3828.4999999999995	2.020902042183958e-17	5.746634811898207e-17
3828.7499999999995	2.765597096735679e-17	5.572268447494479e-17
3828.999999999999	3.171033857791658e-17	5.712457032476496e-17
3829.2499999999995	3.227361062906261e-17	5.592766644818033e-17
3829.499999999999	3.020668318391313e-17	5.5043122514507973e-17
3829.749999999999	2.659701295593645e-17	5.568028650546777e-17
3829.999999999999	2.2255614620952416e-17	5.588475231800108e-17
3830.249999999999	1.7567830986561827e-17	5.4770765026018763e-17
3830.499999999999	1.2616515234989573e-17	5.5038960141665606e-17
3830.749999999999	7.411150792429189e-18	5.594317773902692e-17
3830.999999999999	2.0869968813347872e-18	5.281551850745777e-17
3831.249999999999	-2.9745393668137948e-18	5.638380692516657e-17
3831.499999999999	-7.106998972883207e-18	5.644393964697672e-17
3831.749999999999	-9.441064304670311e-18	5.3209809035682196e-17
3831.999999999999	-9.171355579978513e-18	5.272193129295352e-17
3832.249999999999	-5.954670597522537e-18	5.187458401706645e-17
3832.499999999999	-1.9674442801651527e-19	5.431568995766149e-17
3832.749999999999	7.04082738082415e-18	5.60910180755473e-17
3832.999999999999	1.4538660196809495e-17	4.999259261355315e-17
3833.249999999999	2.1513232436838617e-17	5.605069798376902e-17
3833.499999999999	2.785180571685272e-17	5.4549762218679296e-17
3833.749999999999	3.3746776204506565e-17	5.0560468647683056e-17
3833.9999999999995	3.8990640323290435e-17	5.2268576760270357e-17
3834.2499999999995	4.2598915996890665e-17	5.948429161925213e-17
3834.4999999999995	4.324946739450977e-17	5.74653422673572e-17
3834.7499999999995	4.028006154452578e-17	5.362139756487633e-17
3834.9999999999995	3.439588236092896e-17	5.471702144725997e-17
3835.2499999999995	2.746321480643787e-17	5.4467176506322e-17
3835.4999999999995	2.1576040048187123e-17	5.1469566610658435e-17
3835.7499999999995	1.815071914443727e-17	5.0393216036547284e-17
3835.9999999999995	1.764839026544096e-17	5.340895111379311e-17
3836.249999999999	1.9900251080911204e-17	5.277913579539524e-17
3836.499999999999	2.451879121271348e-17	5.169072161923061e-17
3836.749999999999	3.092670907292114e-17	5.166054276176223e-17
3836.999999999999	3.804537387150509e-17	5.31209499855593e-17
3837.249999999999	4.414232656785468e-17	5.38962299777583e-17
3837.499999999999	4.725361847380683e-17	5.5507372670219685e-17
3837.749999999999	4.6035667860081004e-17	5.511467694621626e-17
3837.999999999999	4.044420753944633e-17	5.26311068616952e-17
3838.249999999999	3.1754945919635266e-17	5.150891724675881e-17
3838.499999999999	2.1983292656862992e-17	5.037256299101306e-17
3838.749999999999	1.317069043163582e-17	5.140673728005136e-17
3838.999999999999	6.931018318635573e-18	5.253708951327242e-17
3839.249999999999	4.267965768226483e-18	4.826011906884249e-17
3839.499999999999	5.433520757304256e-18	5.100311615451733e-17
3839.749999999999	9.7434534237994e-18	5.029411649044098e-17
3839.999999999999	1.559156903410124e-17	4.940669396823694e-17
3840.249999999999	2.0957228617641955e-17	5.4546033288477907e-17
3840.499999999999	2.4294136072655203e-17	5.348188197404069e-17
3840.749999999999	2.52155793275785e-17	5.0590733531935146e-17
3840.999999999999	2.4444997066063263e-17	4.903759936147088e-17
3841.2499999999995	2.3115139463369678e-17	5.197693603734131e-17
3841.4999999999995	2.2020547882973516e-17	5.061095975227329e-17
3841.7499999999995	2.1324507715891237e-17	5.088811488831531e-17
3841.9999999999995	2.0731507754096035e-17	5.0835291134397674e-17
3842.2499999999995	1.984329233968648e-17	4.9406882565416604e-17
3842.4999999999995	1.8464349865787946e-17	5.280121820902795e-17
3842.7499999999995	1.6734151511355733e-17	5.0411807747995026e-17
3842.9999999999995	1.5027568274823592e-17	4.7754943325144103e-17
3843.2499999999995	1.3724497949594182e-17	4.7662332183762667e-17
3843.499999999999	1.3130258441532287e-17	4.845275619861629e-17
3843.749999999999	1.3686196371402027e-17	5.1579220981380915e-17
3843.999999999999	1.6155580597236294e-17	5.93293573817985e-17
3844.249999999999	2.130700463459253e-17	5.786741821950698e-17
3844.499999999999	2.914339026392778e-17	6.207895206003907e-17
3844.749999999999	3.838562959601392e-17	5.142174564508552e-17
3844.999999999999	4.682831701977378e-17	4.978680662076221e-17
3845.249999999999	5.235797267909201e-17	5.2365552106563624e-17
3845.499999999999	5.38129777760146e-17	5.228997095963343e-17
3845.749999999999	5.112438754084723e-17	5.007652166722523e-17
3845.999999999999	4.4919553969451106e-17	4.9750215459185313e-17
3846.249999999999	3.6161046619495676e-17	5.035864981310992e-17
3846.499999999999	2.6115695852401477e-17	4.9444324068663204e-17
3846.749999999999	1.6419283661637998e-17	4.8823647441672814e-17
3846.999999999999	8.825896715848637e-18	4.825479864314255e-17
3847.249999999999	4.5826084361966375e-18	4.7586191862738385e-17
3847.499999999999	3.867005140664011e-18	4.6889381532168615e-17
3847.749999999999	5.8269035594712214e-18	4.8671270846673196e-17
3847.999999999999	9.297004034268628e-18	4.9055612046489835e-17
3848.2499999999995	1.3619187737336085e-17	4.919481992613761e-17
3848.4999999999995	1.8791192598448957e-17	4.973178256641518e-17
3848.7499999999995	2.4716587730928962e-17	4.508606823979891e-17
3848.9999999999995	3.022232405924631e-17	4.8407337365542226e-17
3849.2499999999995	3.289092525052624e-17	5.182141284729154e-17
3849.4999999999995	3.014392873968063e-17	5.1773449606653266e-17
3849.7499999999995	2.091086592985277e-17	5.0477019358766256e-17
3849.9999999999995	6.662027325822629e-18	4.9168737267062587e-17
3850.249999999999	-8.93732279561349e-18	4.6642289448309225e-17
3850.499999999999	-2.1496073967353902e-17	4.367791236093559e-17
3850.749999999999	-2.759212246297191e-17	4.482335567725207e-17
3850.999999999999	-2.587095290843632e-17	4.5974963143493295e-17
3851.249999999999	-1.7226529843759963e-17	4.618052414315762e-17
3851.499999999999	-4.207022667618027e-18	4.638095662302412e-17
3851.749999999999	9.983474051041359e-18	4.931794741467735e-17
3851.999999999999	2.2476235489278833e-17	4.6623396643118514e-17
3852.249999999999	3.1403349161292185e-17	4.9007741450080166e-17
3852.499999999999	3.611097261323545e-17	5.230060850231086e-17
3852.749999999999	3.698403902268387e-17	4.9077942614306316e-17
3852.999999999999	3.503976507331523e-17	4.665514714375075e-17
3853.249999999999	3.1472390232495413e-17	4.745354187098693e-17
3853.499999999999	2.7315646538738407e-17	4.880637921920516e-17
3853.749999999999	2.328544282056746e-17	4.784789195621546e-17
3853.999999999999	1.9736950627853546e-17	4.602163267365354e-17
3854.249999999999	1.669163344735159e-17	4.647104320917605e-17
3854.499999999999	1.400877330077969e-17	4.799401837450663e-17
3854.749999999999	1.1705776738675774e-17	4.923492164223418e-17
3854.999999999999	1.0166732182472094e-17	4.675092142379459e-17
3855.2499999999995	9.948507272001957e-18	4.638421240591513e-17
3855.4999999999995	1.1309528741760153e-17	4.634599335289273e-17
3855.7499999999995	1.396610848296167e-17	4.643691042837966e-17
3855.9999999999995	1.7359020606425722e-17	4.891439908103723e-17
3856.2499999999995	2.110819631874183e-17	4.66769946380895e-17
3856.4999999999995	2.512381460097143e-17	4.657353419579382e-17
3856.7499999999995	2.928449324400994e-17	4.880986661266768e-17
3856.9999999999995	3.3085321738933243e-17	4.6937569765933505e-17
3857.2499999999995	3.561250860535572e-17	4.744943905514867e-17
3857.499999999999	3.5809900950005715e-17	4.72698052046042e-17
3857.749999999999	3.2832032812677585e-17	4.689948306180911e-17
3857.999999999999	2.6422970402430834e-17	4.828386907859011e-17
3858.249999999999	1.7322748084254415e-17	4.700410486568482e-17
3858.499999999999	7.486633494751455e-18	4.507080179441363e-17
3858.749999999999	-2.616061019439242e-19	4.2878839345597113e-17
3858.999999999999	-3.2384663899519207e-18	4.0698566613197194e-17
3859.249999999999	-8.180429625172834e-20	4.42763245945585e-17
3859.499999999999	8.667319510562013e-18	4.515017473727177e-17
3859.749999999999	2.0959119994216008e-17	4.5010933770399495e-17
3859.999999999999	3.424641935777096e-17	4.537090292064787e-17
3860.249999999999	4.6367706198905925e-17	4.699463861075476e-17
3860.499999999999	5.583077246762812e-17	4.7339116322491246e-17
3860.749999999999	6.161941475255965e-17	4.7524547054768484e-17
3860.999999999999	6.298311934657085e-17	4.807574381902687e-17
3861.249999999999	5.95155362743744e-17	4.77759305516458e-17
3861.499999999999	5.144080272933542e-17	4.7194200896616856e-17
3861.749999999999	3.980887582588936e-17	4.712672611968968e-17
3861.999999999999	2.637986461784064e-17	4.726650640832134e-17
3862.2499999999995	1.3187984757174456e-17	4.4802252645464617e-17
3862.4999999999995	1.9506666209692145e-18	4.355457642288148e-17
3862.7499999999995	-6.424986440168198e-18	4.3414564523678307e-17
3862.9999999999995	-1.2017364476643443e-17	4.341479282552737e-17
3863.2499999999995	-1.5662356168962944e-17	4.115243730658259e-17
3863.4999999999995	-1.8371340461312067e-17	4.401705972080478e-17
3863.7499999999995	-2.055191610327362e-17	4.481366112047295e-17
3863.9999999999995	-2.1389557318341302e-17	4.366137536612943e-17
3864.249999999999	-1.894830507336301e-17	4.1725494800069526e-17
3864.4999999999995	-1.1295785374354131e-17	4.057775192165015e-17
3864.749999999999	1.8920351107541474e-18	4.196097326812867e-17
3864.999999999999	1.8484434613070644e-17	4.47575815836643e-17
3865.249999999999	3.4630352336777905e-17	4.810808988970014e-17
3865.499999999999	4.656733006320714e-17	4.695731953023882e-17
3865.749999999999	5.213463217537265e-17	4.578502593123887e-17
3865.999999999999	5.11369237716349e-17	4.5874980168492786e-17
3866.249999999999	4.4877182914999727e-17	4.766581626850274e-17
3866.499999999999	3.5624021036007197e-17	4.521351361113618e-17
3866.749999999999	2.624884716086415e-17	4.327433755751587e-17
3866.999999999999	1.9745284204345753e-17	4.2811017152812666e-17
3867.249999999999	1.851034869861238e-17	4.40134962267259e-17
3867.499999999999	2.368516723675632e-17	4.481030276718598e-17
3867.749999999999	3.485625587244844e-17	4.381859262207371e-17
3867.999999999999	5.010600282827433e-17	4.4087624844500454e-17
3868.249999999999	6.629587652284319e-17	4.5505415723138794e-17
3868.499999999999	7.96351809135511e-17	4.5825832405217335e-17
3868.749999999999	8.663365162881568e-17	4.959073503708509e-17
3868.999999999999	8.526119222226382e-17	5.0007763105987374e-17
3869.249999999999	7.580799746268574e-17	4.788869181274903e-17
3869.4999999999995	6.091052746154968e-17	4.5458607226635643e-17
3869.7499999999995	4.456675666362526e-17	4.393831874393463e-17
3869.9999999999995	3.052714470569182e-17	4.1200575909510726e-17
3870.2499999999995	2.0907989997492466e-17	4.011467305368581e-17
3870.4999999999995	1.585795633085543e-17	4.398099795481992e-17
3870.7499999999995	1.4411942531841863e-17	4.318576636624614e-17
3870.9999999999995	1.570777587543865e-17	4.23763767543079e-17
3871.2499999999995	1.945802782933752e-17	4.1950229846332833e-17
3871.499999999999	2.53844776748191e-17	4.236181175808207e-17
3871.749999999999	3.2419863343439836e-17	4.308277576253839e-17
3871.999999999999	3.8652579715890254e-17	4.549175400814187e-17
3872.249999999999	4.2113804656474126e-17	4.546210454626552e-17
3872.499999999999	4.166415737126981e-17	4.2287206684274686e-17
3872.749999999999	3.731691474619634e-17	4.3896380686878194e-17
3872.999999999999	3.001273772107085e-17	4.4404607072675675e-17
3873.249999999999	2.123011388388364e-17	4.3514845283699336e-17
3873.499999999999	1.2628416300199295e-17	4.1787712017023315e-17
3873.749999999999	5.690870242035336e-18	4.209540997000324e-17
3873.999999999999	1.4057953566328932e-18	4.193007310916614e-17
3874.249999999999	1.4927160687338096e-19	4.155849696056242e-17
3874.499999999999	1.8242942862288717e-18	4.129406055361902e-17
3874.749999999999	6.0977707406310265e-18	4.1226145716605965e-17
3874.999999999999	1.252824605009767e-17	4.2406065920853656e-17
3875.249999999999	2.0506210783883255e-17	4.3034997810357324e-17
3875.499999999999	2.906105413023281e-17	4.3000375338638305e-17
3875.749999999999	3.6671600669928157e-17	4.2598570701729446e-17
3875.999999999999	4.130433802846072e-17	4.406056611230262e-17
3876.249999999999	4.090352168748725e-17	4.4302460193192727e-17
3876.4999999999995	3.4297792905977386e-17	4.4308068477745836e-17
3876.7499999999995	2.2069613003948726e-17	4.454645531283872e-17
3876.9999999999995	6.76372165114516e-18	4.067654375656858e-17
3877.2499999999995	-7.844257091179015e-18	3.851374769615068e-17
3877.4999999999995	-1.8071021716121926e-17	3.7843331044566254e-17
3877.7499999999995	-2.1541098610954024e-17	3.850292817373849e-17
3877.9999999999995	-1.7808737708613236e-17	4.0048879107763344e-17
3878.2499999999995	-8.345161971259291e-18	3.870308933836407e-17
3878.4999999999995	3.979493301917053e-18	4.130565762580701e-17
3878.749999999999	1.583998600686993e-17	4.56193945941037e-17
3878.999999999999	2.458814382841767e-17	4.052774058181519e-17
3879.249999999999	2.903996883775099e-17	4.252828351071959e-17
3879.499999999999	2.9494735977539273e-17	4.317971140416225e-17
3879.749999999999	2.7136519766095232e-17	4.197977342909078e-17
3879.999999999999	2.3376992803656958e-17	4.0549459035978385e-17
3880.249999999999	1.952798709214338e-17	4.044662394222579e-17
3880.499999999999	1.673287737132812e-17	3.9987723990716074e-17
3880.749999999999	1.586299477888617e-17	3.948692568681932e-17
3880.999999999999	1.7283413931157694e-17	3.9513196943074004e-17
3881.249999999999	2.0724651657561614e-17	4.11370318948544e-17
3881.499999999999	2.5503758779107432e-17	4.22351307016308e-17
3881.749999999999	3.0939665550158845e-17	4.217212931745631e-17
3881.999999999999	3.65073857206002e-17	4.095732194369358e-17
3882.249999999999	4.156455570496083e-17	4.0235113859595983e-17
3882.499999999999	4.5100733537829406e-17	4.128694349162861e-17
3882.749999999999	4.60832638206129e-17	4.3479743047225035e-17
3882.999999999999	4.426958878616927e-17	4.5063813772598785e-17
3883.249999999999	4.059110659316678e-17	3.938584090724289e-17
3883.4999999999995	3.645722234608801e-17	4.046856408079315e-17
3883.7499999999995	3.2509267704338566e-17	4.106947109114352e-17
3883.9999999999995	2.811273121327397e-17	4.0666925300405815e-17
3884.2499999999995	2.2206588245133506e-17	4.348135770378074e-17
3884.4999999999995	1.4721652714038933e-17	4.085525116482699e-17
3884.7499999999995	7.191335681231772e-18	3.905869097497817e-17
3884.9999999999995	1.970438000816953e-18	3.834585650158202e-17
3885.2499999999995	7.436675621081445e-19	3.768478368219699e-17
3885.499999999999	3.5519117955116355e-18	3.873130281469703e-17
3885.749999999999	9.043812184867345e-18	4.039619239463966e-17
3885.999999999999	1.5616868829861053e-17	4.139394757566847e-17
3886.249999999999	2.2409816863106433e-17	4.0417934009860003e-17
3886.499999999999	2.932628557835506e-17	4.0572074153925585e-17
3886.749999999999	3.6222541321379036e-17	4.023569950346967e-17
3886.999999999999	4.218402613125144e-17	4.0507322455574934e-17
3887.249999999999	4.567888555634334e-17	4.201806527400708e-17
3887.499999999999	4.547552892896997e-17	4.257707393197042e-17
3887.749999999999	4.146017371049925e-17	4.0907909482622114e-17
3887.999999999999	3.4617849479012304e-17	3.9514649472229647e-17
3888.249999999999	2.6286156748057193e-17	3.9350685731209386e-17
3888.499999999999	1.7475518547670057e-17	3.9985543542621384e-17
3888.749999999999	8.865354964478858e-18	3.9489791040461203e-17
3888.999999999999	1.2534067426192433e-18	3.876814543918014e-17
3889.249999999999	-4.31200476904493e-18	3.7779724164183377e-17
3889.499999999999	-7.105182471177994e-18	3.6200917616227915e-17
3889.749999999999	-7.459742147384424e-18	3.7680019121868685e-17
3889.999999999999	-6.731667014630583e-18	3.9437265071564086e-17
3890.249999999999	-6.287604103724654e-18	3.998826331247546e-17
3890.4999999999995	-6.433848440854191e-18	3.77020552133871e-17
3890.7499999999995	-6.344036246385293e-18	3.7732594721602556e-17
3890.9999999999995	-4.99204151417806e-18	3.9273020089135557e-17
3891.2499999999995	-2.1142486849509473e-18	3.9696480314481053e-17
3891.4999999999995	1.6226069230383468e-18	3.73581432931896e-17
3891.7499999999995	5.176977553665437e-18	4.155180341504564e-17
3891.9999999999995	7.757242767841648e-18	3.89812536347534e-17
3892.2499999999995	9.026022811607463e-18	3.718634780612969e-17
3892.4999999999995	8.954050546974175e-18	3.9577928789089953e-17
3892.749999999999	7.717923578736131e-18	4.06619886865101e-17
3892.999999999999	5.799818311838445e-18	3.803243445876323e-17
3893.249999999999	4.017779909411242e-18	3.722302830321274e-17
3893.499999999999	3.21651422006689e-18	3.853052291897326e-17
3893.749999999999	3.786573546666027e-18	3.7318415462729904e-17
3893.999999999999	5.480393666799117e-18	3.8128665342505196e-17
3894.249999999999	7.794177511594718e-18	3.888338162467613e-17
3894.499999999999	1.0643332607898724e-17	3.8868191279907205e-17
3894.749999999999	1.4646494536766185e-17	3.733251392909026e-17
3894.999999999999	2.0539499750747343e-17	3.729740838389351e-17
3895.249999999999	2.806066240615999e-17	3.864489221918729e-17
3895.499999999999	3.5321091645567023e-17	4.002583716462007e-17
3895.749999999999	3.9426039993910374e-17	4.016395647458172e-17
3895.999999999999	3.810704700016805e-17	4.227389900257993e-17
3896.249999999999	3.127106382162611e-17	4.0717757203408424e-17
3896.499999999999	2.1368630475572867e-17	3.810949460462867e-17
3896.749999999999	1.2280550504497041e-17	3.650598844358237e-17
3896.999999999999	7.397376708073543e-18	3.633139708605203e-17
3897.249999999999	8.01849434740426e-18	3.741083469820923e-17
3897.499999999999	1.2896070179012228e-17	3.813028330778335e-17
3897.7499999999995	1.9055243339308254e-17	3.865454707129701e-17
3897.9999999999995	2.3402393989988496e-17	4.23232651415371e-17
3898.2499999999995	2.4264343109840888e-17	3.8918864364232203e-17
3898.4999999999995	2.1988865998955767e-17	3.7404356219651713e-17
3898.7499999999995	1.8268062355028427e-17	3.819390342305603e-17
3898.9999999999995	1.4743891840878295e-17	3.6780880413468444e-17
3899.2499999999995	1.1988386657026495e-17	3.839782329638505e-17
3899.499999999999	9.56084649284453e-18	3.8412054111643413e-17
3899.7499999999995	6.88178493005472e-18	3.741268758278135e-17
3899.999999999999	4.060346925559784e-18	3.728838218904933e-17
3900.249999999999	2.0407774047045216e-18	3.805413967803662e-17
3900.499999999999	2.0730793036818816e-18	3.7235608065968445e-17
3900.749999999999	4.940039386432373e-18	3.641169977991868e-17
3900.999999999999	1.0453043863598902e-17	3.695580595196626e-17
3901.249999999999	1.756261505121098e-17	3.8412719164855906e-17
3901.499999999999	2.5009418819151644e-17	3.8690552589000217e-17
3901.749999999999	3.1991359111718183e-17	3.826225832015496e-17
3901.999999999999	3.832929434776353e-17	3.7723389855746065e-17
3902.249999999999	4.4102679741890816e-17	3.95739980268191e-17
3902.499999999999	4.9138900979965784e-17	3.816087575555801e-17
3902.749999999999	5.275959256731905e-17	3.8599284788933566e-17
3902.999999999999	5.398962998424962e-17	4.061472689503127e-17
3903.249999999999	5.213498463541096e-17	3.937913743555876e-17
3903.499999999999	4.730253264573286e-17	3.929073168041154e-17
3903.749999999999	4.043679370121498e-17	3.914077376152303e-17
3903.999999999999	3.292208412404614e-17	3.9153634765687003e-17
3904.249999999999	2.6164946489268224e-17	3.9655819424290397e-17
3904.499999999999	2.135968718574212e-17	3.7321237802979935e-17
3904.7499999999995	1.9267768905668845e-17	3.7187575342158716e-17
3904.9999999999995	1.9905467356915662e-17	3.786653842383204e-17
3905.2499999999995	2.2376767246165314e-17	3.805650541458852e-17
3905.4999999999995	2.5160956178538492e-17	3.936444670787982e-17
3905.7499999999995	2.6838025964655017e-17	3.926527436987961e-17
3905.9999999999995	2.6818976841144244e-17	3.8047687669258705e-17
3906.249999999999	2.5516954789949815e-17	3.624031126572014e-17
3906.4999999999995	2.3778965146270324e-17	3.659816945104528e-17
3906.749999999999	2.2081695570109406e-17	3.7805270810221465e-17
3906.9999999999995	2.025218588130957e-17	3.82363708757045e-17
3907.249999999999	1.7885858311628352e-17	3.763622818024013e-17
3907.499999999999	1.4858577787187265e-17	3.655900741212457e-17
3907.749999999999	1.1356520506684772e-17	3.717793041621635e-17
3907.999999999999	7.590387236231402e-18	3.6654682430494904e-17
3908.249999999999	3.763308910904643e-18	3.611647571057605e-17
3908.499999999999	4.1690067090069217e-19	3.797382374928017e-17
3908.749999999999	-1.3385672881672582e-18	3.584285098138841e-17
3908.999999999999	-1.7519929204226286e-19	3.6347576738833567e-17
3909.249999999999	4.650498866078418e-18	3.691977396448345e-17
3909.499999999999	1.2629189637807405e-17	3.4691524756555453e-17
3909.749999999999	2.19658853010763e-17	3.8266096438197206e-17
3909.999999999999	3.026020135675359e-17	3.819610372348542e-17
3910.249999999999	3.5550139825909645e-17	3.8142363453449074e-17
3910.499999999999	3.71535063122704e-17	3.9388573911986765e-17
3910.749999999999	3.5867197219556365e-17	3.747232068750152e-17
3910.999999999999	3.34786507034386e-17	3.9276404912202124e-17
3911.249999999999	3.18833998814929e-17	3.850657107715617e-17
3911.499999999999	3.2205420661207004e-17	3.53653560097085e-17
3911.7499999999995	3.430451103583856e-17	3.774625643659948e-17
3911.9999999999995	3.695670639732008e-17	3.6905185807200463e-17
3912.2499999999995	3.8654600561073616e-17	3.663523375993256e-17
3912.4999999999995	3.8533247359490143e-17	3.7105800266801724e-17
3912.7499999999995	3.683746588748967e-17	3.7397182909379653e-17
3912.9999999999995	3.472668994215468e-17	3.65945331650725e-17
3913.2499999999995	3.36462352862546e-17	3.68605445239022e-17
3913.499999999999	3.460530937642422e-17	3.6844682508475885e-17
3913.7499999999995	3.7603796699921786e-17	3.527705282495724e-17
3913.999999999999	4.1436053174202614e-17	3.8815943243695905e-17
3914.249999999999	4.4102855563058193e-17	3.927554464436507e-17
3914.499999999999	4.376474945562674e-17	3.877924951172305e-17
3914.749999999999	3.96828764398449e-17	3.83892669401288e-17
3914.999999999999	3.2516983423867476e-17	3.554924818604639e-17
3915.249999999999	2.3889969963950207e-17	3.7133275898028285e-17
3915.499999999999	1.56554084763727e-17	3.6545196804617386e-17
3915.749999999999	9.253472395119873e-18	3.354710383547609e-17
3915.999999999999	5.250071198056246e-18	3.6849367659465385e-17
3916.249999999999	3.190910479144394e-18	3.497804688585402e-17
3916.499999999999	2.038797023343832e-18	3.590807582704944e-17
3916.749999999999	1.1211791353650297e-18	3.740210628838557e-17
3916.999999999999	8.867015451446866e-19	3.273424006496513e-17
3917.249999999999	2.69776224354334e-18	3.5051864483718253e-17
3917.499999999999	7.661354514969489e-18	3.611205856610502e-17
3917.749999999999	1.5377722345629113e-17	3.632874679936941e-17
3917.999999999999	2.3623130411899543e-17	3.635577575306519e-17
3918.249999999999	2.935168514901451e-17	3.7387061527404455e-17
3918.499999999999	3.0494136184785095e-17	3.9034467817920164e-17
3918.7499999999995	2.734327956379932e-17	3.796682911002042e-17
3918.9999999999995	2.2399258424978884e-17	3.3212443103249384e-17
3919.2499999999995	1.865274856634468e-17	3.5309901821442945e-17
3919.4999999999995	1.7589365054911514e-17	3.5150160010269155e-17
3919.7499999999995	1.8390337808499883e-17	3.5748542465390015e-17
3919.9999999999995	1.873031690219867e-17	3.702419724501214e-17
3920.2499999999995	1.6415155618606717e-17	3.58270419055213e-17
3920.4999999999995	1.0786814613141046e-17	3.5051897570942755e-17
3920.749999999999	3.17908234748053e-18	3.472334474035914e-17
3920.9999999999995	-3.763031017026428e-18	3.416313832486883e-17
3921.249999999999	-7.515698522378228e-18	3.1921938777270705e-17
3921.499999999999	-6.971948162629924e-18	3.465900994103722e-17
3921.749999999999	-2.751166690254397e-18	3.424654790911623e-17
3921.999999999999	3.532441510344708e-18	3.382122487303126e-17
3922.249999999999	1.0271460020060649e-17	3.6567500902654265e-17
3922.499999999999	1.638380597570491e-17	3.488563757654205e-17
3922.749999999999	2.128489369141848e-17	3.615650463477872e-17
3922.999999999999	2.472334183245936e-17	3.622162360132134e-17
3923.249999999999	2.6742304988307712e-17	3.37906522775913e-17
3923.499999999999	2.7649892374527375e-17	3.5970650386027853e-17
3923.749999999999	2.7800665268165974e-17	3.5152985659241636e-17
3923.999999999999	2.725357420645215e-17	3.555129628524307e-17
3924.249999999999	2.5620029230504686e-17	3.6932800404769934e-17
3924.499999999999	2.2362295977163533e-17	3.4335608791308587e-17
3924.749999999999	1.7447449323227726e-17	3.5974395859841494e-17
3924.999999999999	1.1843723484996403e-17	3.4915859447402284e-17
3925.249999999999	7.297955214277673e-18	3.2665689953241634e-17
3925.499999999999	5.4124576305557636e-18	3.397299928054494e-17
3925.749999999999	6.728042228513218e-18	3.549078306035114e-17
3925.9999999999995	1.0466446517351125e-17	3.415532973988633e-17
3926.2499999999995	1.4935967654329044e-17	3.336848907144629e-17
3926.4999999999995	1.829138947491263e-17	3.6086402732226074e-17
3926.7499999999995	1.9416886462594418e-17	3.554930112560559e-17
3926.9999999999995	1.849700146480139e-17	3.552724518175248e-17
3927.2499999999995	1.6667646384499478e-17	3.481983701317468e-17
3927.499999999999	1.483853123222226e-17	3.3476412980327307e-17
3927.7499999999995	1.2786847790964884e-17	3.6376379167762663e-17
3927.999999999999	9.49656777055047e-18	3.5629031410488353e-17
3928.2499999999995	4.444236383734863e-18	3.459463543704589e-17
3928.499999999999	-1.3760333694191782e-18	3.381229132241569e-17
3928.749999999999	-5.555501342446796e-18	3.2190967690975e-17
3928.999999999999	-5.428293782262577e-18	3.300105213462778e-17
3929.249999999999	4.228545387757375e-19	3.287012929599534e-17
3929.499999999999	1.1158280346186558e-17	3.30075835527445e-17
3929.749999999999	2.3790037208304123e-17	3.556080886228743e-17
3929.999999999999	3.447451916069144e-17	3.607322739942933e-17
3930.249999999999	4.0363122879421606e-17	3.735512573831501e-17
3930.499999999999	4.0956232136602865e-17	3.697910597546065e-17
3930.749999999999	3.808558643162787e-17	3.355852885409667e-17
3930.999999999999	3.4487726320739576e-17	3.4381451140856275e-17
3931.249999999999	3.1963466878599527e-17	3.383756665321286e-17
3931.499999999999	3.047442452478246e-17	3.423625778229607e-17
3931.749999999999	2.876173226145188e-17	3.572351859749906e-17
3931.999999999999	2.5806298282154283e-17	3.4459292145219965e-17
3932.249999999999	2.1814865994803632e-17	3.394771402358042e-17
3932.499999999999	1.79688475152209e-17	3.3073794397695696e-17
3932.749999999999	1.538047174547475e-17	3.270241346371654e-17
3932.9999999999995	1.4346260075075285e-17	3.557700836740367e-17
3933.2499999999995	1.4424053922662278e-17	3.273001813511866e-17
3933.4999999999995	1.490661506448958e-17	3.313421828708147e-17
3933.7499999999995	1.515093404725321e-17	3.4407815041339565e-17
3933.9999999999995	1.4784446656642655e-17	3.316727904180399e-17
3934.2499999999995	1.393755294953535e-17	3.273658594918233e-17
3934.4999999999995	1.3255023115074197e-17	3.29794594119177e-17
3934.749999999999	1.3431922011396245e-17	3.322021529228493e-17
3934.9999999999995	1.4605837121215392e-17	3.3355045732131076e-17
3935.249999999999	1.6290657075022506e-17	3.4710606158925826e-17
3935.499999999999	1.8046843412881894e-17	3.4692487594788465e-17
3935.749999999999	2.018287535632819e-17	3.379659805183433e-17
3935.999999999999	2.3589962614106282e-17	3.2587074707824594e-17
3936.249999999999	2.879956083574968e-17	3.319642226914546e-17
3936.499999999999	3.538509525229427e-17	3.4995450765942137e-17
3936.749999999999	4.241564945090576e-17	3.523171009249953e-17
3936.999999999999	4.923056581012012e-17	3.446884111821128e-17
3937.249999999999	5.5351935393698524e-17	3.400121606560035e-17
3937.499999999999	5.964229817090667e-17	3.4121858703579984e-17
3937.749999999999	6.013453189003357e-17	3.693075892301815e-17
3937.999999999999	5.5385071079995747e-17	3.819233508861463e-17
3938.249999999999	4.6250955417820283e-17	3.432739985090961e-17
3938.499999999999	3.61038170773572e-17	3.336678838810688e-17
3938.749999999999	2.888566816568718e-17	3.18898607131159e-17
3938.999999999999	2.6545800528904415e-17	3.2698482701445686e-17
3939.249999999999	2.803128072591445e-17	3.592519515700684e-17
3939.499999999999	3.062222730066639e-17	3.620704537020571e-17
3939.749999999999	3.2294056461341315e-17	3.5242877030769e-17
3939.9999999999995	3.286567219058062e-17	3.362435588724364e-17
3940.2499999999995	3.303440089341394e-17	3.2600822449605225e-17
3940.4999999999995	3.275115648306742e-17	3.56492510133816e-17
3940.7499999999995	3.098888071835251e-17	3.5795671907970836e-17
3940.9999999999995	2.7054655029757615e-17	3.435313178540491e-17
3941.2499999999995	2.1725908736004468e-17	3.277170472926888e-17
3941.499999999999	1.692170725058329e-17	3.3323506989735654e-17
3941.7499999999995	1.4367140952147203e-17	3.196356250569437e-17
3941.999999999999	1.454296754251261e-17	3.3158620115151784e-17
3942.2499999999995	1.6681087423045983e-17	3.399782131636643e-17
3942.499999999999	1.9611732180499826e-17	3.2795822007208476e-17
3942.749999999999	2.2633555294745405e-17	3.419853172891875e-17
3942.999999999999	2.5662552867561857e-17	3.262945613368936e-17
3943.249999999999	2.873167822838551e-17	3.316324901785963e-17
3943.499999999999	3.1584837064925305e-17	3.552591507532749e-17
3943.749999999999	3.374155105617429e-17	3.1749124203696126e-17
3943.999999999999	3.4645121312342146e-17	3.413837915477389e-17
3944.249999999999	3.3656447230611045e-17	3.4684870915708077e-17
3944.499999999999	3.031663766636188e-17	3.404742568334001e-17
3944.749999999999	2.4982503665976925e-17	3.617741245194161e-17
3944.999999999999	1.8979897633265335e-17	3.1934713754650974e-17
3945.249999999999	1.3704263843145726e-17	3.300476452121692e-17
3945.499999999999	9.586767549427243e-18	3.48911896128135e-17
3945.749999999999	6.173103554266322e-18	3.267604956323325e-17
3945.999999999999	3.0218713554598672e-18	3.112788840261165e-17
3946.249999999999	1.4111944864352956e-19	3.130803179641345e-17
3946.499999999999	-2.292060972998714e-18	3.230440062273562e-17
3946.749999999999	-4.076821736411039e-18	3.3124338441845136e-17
3946.9999999999995	-4.7376931432487366e-18	3.147856335149738e-17
3947.2499999999995	-3.6330562491965865e-18	3.088138196262595e-17
3947.4999999999995	-7.900327720843913e-19	3.15841810808306e-17
3947.7499999999995	2.4113482069979633e-18	3.308044823854307e-17
3947.9999999999995	3.813255901844608e-18	3.4115323976740815e-17
3948.2499999999995	2.1208041395970244e-18	3.290273675574218e-17
3948.4999999999995	-1.911927858418635e-18	3.0975425780828327e-17
3948.749999999999	-5.9231683722357035e-18	3.0387472418870535e-17
3948.9999999999995	-7.530477589002604e-18	3.328940729616377e-17
3949.249999999999	-5.645145049072665e-18	3.147983390091826e-17
3949.499999999999	-6.9123050156460995e-19	3.2300516182579074e-17
3949.749999999999	6.1307759211538925e-18	3.328254169707958e-17
3949.999999999999	1.3867086780038678e-17	3.2943814544961563e-17
3950.249999999999	2.2160801622904213e-17	3.2297855969729103e-17
3950.499999999999	3.040674030678783e-17	3.242061288135442e-17
3950.749999999999	3.673832744541325e-17	3.475899953348263e-17
3950.999999999999	3.86833181219259e-17	3.775340327709194e-17
3951.249999999999	3.547321884505724e-17	3.533075339032418e-17
3951.499999999999	2.943607067404504e-17	3.180394311725124e-17
3951.749999999999	2.4481753598269856e-17	3.155654001348153e-17
3951.999999999999	2.3075729327791237e-17	3.349426022922375e-17
3952.249999999999	2.4765562910661904e-17	3.3694451172351384e-17
3952.499999999999	2.7270769894358484e-17	3.3575284224584545e-17
3952.749999999999	2.8506497146367204e-17	3.3381419558781717e-17
3952.999999999999	2.775910451944337e-17	3.299442145483756e-17
3953.249999999999	2.5711125698109783e-17	3.2411901015143014e-17
3953.499999999999	2.3889997718903554e-17	3.205806623631733e-17
3953.749999999999	2.396290765266618e-17	3.124345876907511e-17
3953.999999999999	2.699016363512563e-17	3.166496353945253e-17
3954.2499999999995	3.277097095970439e-17	3.319815603970937e-17
3954.4999999999995	3.9599086661130086e-17	3.208283864130207e-17
3954.7499999999995	4.477243405165935e-17	3.4987797690914796e-17
3954.9999999999995	4.5851681027516186e-17	3.4942362314228483e-17
3955.2499999999995	4.2013049265703017e-17	3.255303126253436e-17
3955.4999999999995	3.451710006589174e-17	3.3304170815736615e-17
3955.7499999999995	2.5936126338247155e-17	3.153236979598273e-17
3955.999999999999	1.8859267769973167e-17	3.1552864022839344e-17
3956.2499999999995	1.5060223522993877e-17	3.194700896727596e-17
3956.499999999999	1.5293354595154378e-17	3.0630785941691783e-17
3956.749999999999	1.9231675150802515e-17	3.17253146369444e-17
3956.999999999999	2.5455351524930016e-17	3.394411413355459e-17
3957.249999999999	3.187610371647518e-17	3.4354154180642025e-17
3957.499999999999	3.651704607768214e-17	3.2057828008300916e-17
3957.749999999999	3.8072482260098713e-17	3.345107809252603e-17
3957.999999999999	3.612012934276655e-17	3.355182538241254e-17
3958.249999999999	3.127382222047581e-17	3.26487856902435e-17
3958.499999999999	2.5153001724313132e-17	3.166560874033032e-17
3958.749999999999	1.9811636143022807e-17	3.315057661087532e-17
3958.999999999999	1.6804971390927238e-17	3.18875677684579e-17
3959.249999999999	1.6495476413470485e-17	3.073648969780871e-17
3959.499999999999	1.8049519364244303e-17	3.100092279602966e-17
3959.749999999999	2.0200645946492094e-17	3.371181865649255e-17
3959.999999999999	2.225618383164548e-17	3.258767689531053e-17
3960.249999999999	2.432466015702178e-17	3.0795391574867386e-17
3960.499999999999	2.6438090689156066e-17	3.134203222831183e-17
3960.749999999999	2.7750109423529903e-17	3.519520826642879e-17
3960.999999999999	2.703954005393891e-17	3.2384918383561535e-17
3961.2499999999995	2.3974528595034326e-17	3.1346168131374594e-17
3961.4999999999995	1.9591453928884202e-17	3.1171771988468814e-17
3961.7499999999995	1.5493591063387065e-17	3.11014020793977e-17
3961.9999999999995	1.2660718647111056e-17	2.979958523136175e-17
3962.2499999999995	1.101085944739275e-17	3.131195924996185e-17
3962.4999999999995	1.0133229990202238e-17	3.2404416684960635e-17
3962.749999999999	1.0418318537057649e-17	3.1926011814606916e-17
3962.9999999999995	1.3125313718527402e-17	2.870907663388614e-17
3963.249999999999	1.8950800189717402e-17	3.246735851213102e-17
3963.4999999999995	2.654598727349156e-17	3.256310963111771e-17
3963.749999999999	3.27258306453507e-17	3.205574682187973e-17
3963.999999999999	3.441819046034208e-17	3.3292335515532206e-17
3964.249999999999	3.0757072879074514e-17	3.308839248114603e-17
3964.499999999999	2.3582894049424087e-17	3.131801090332329e-17
3964.749999999999	1.588962045820745e-17	3.008261334975289e-17
3964.999999999999	9.59921785519994e-18	3.02855108278448e-17
3965.249999999999	4.775782536515531e-18	3.183014819905692e-17
3965.499999999999	8.387182510824927e-19	3.054430255428814e-17
3965.749999999999	-1.9306604025621136e-18	2.9571921965730003e-17
3965.999999999999	-2.414135607795113e-18	2.943010350406901e-17
3966.249999999999	5.817441426852434e-20	3.0082490927022234e-17
3966.499999999999	4.875249386671452e-18	3.0554820982957363e-17
3966.749999999999	1.0629819391422176e-17	3.039177706677826e-17
3966.999999999999	1.6185316980664907e-17	3.063305572529263e-17
3967.249999999999	2.120258173426897e-17	3.2081187588799413e-17
3967.499999999999	2.577252147350278e-17	3.044715515442746e-17
3967.749999999999	2.966470283608704e-17	3.103009911059563e-17
3967.999999999999	3.204451549952031e-17	3.210923562900986e-17
3968.2499999999995	3.201511321563348e-17	3.2428914465982005e-17
3968.4999999999995	2.931761323949503e-17	2.9713604769770536e-17
3968.7499999999995	2.434672991822033e-17	3.090624370311684e-17
3968.9999999999995	1.7759542331688952e-17	3.12986912729365e-17
3969.2499999999995	1.0574115024582929e-17	3.042156549499752e-17
3969.4999999999995	4.617476331304994e-18	2.999290395796029e-17
3969.7499999999995	2.174366775708965e-18	2.9609105388625487e-17
3969.999999999999	4.481544261637556e-18	2.933302558737979e-17
3970.2499999999995	1.0385355587606485e-17	3.0097654802011556e-17
3970.499999999999	1.6811428902273868e-17	3.2816564388248856e-17
3970.749999999999	2.1002473535293284e-17	3.1201454537569667e-17
3970.999999999999	2.25128395754145e-17	3.0147732316295516e-17
3971.249999999999	2.3050474850180006e-17	2.95141781415289e-17
3971.499999999999	2.4500215832900925e-17	2.9653683806197195e-17
3971.749999999999	2.728204569410545e-17	3.356384597107416e-17
3971.999999999999	3.0484641355643834e-17	3.202852927100429e-17
3972.249999999999	3.305649880347893e-17	3.118367677184468e-17
3972.499999999999	3.451769965040455e-17	3.154309336544387e-17
3972.749999999999	3.479053429562968e-17	3.046225285496778e-17
3972.999999999999	3.3863768342103195e-17	3.27641674595273e-17
3973.249999999999	3.1808897286463353e-17	3.2306131084577084e-17
3973.499999999999	2.8923985556187097e-17	3.0970426301206056e-17
3973.749999999999	2.5593901004848677e-17	3.171389623576872e-17
3973.999999999999	2.192598919595173e-17	3.047710571004678e-17
3974.249999999999	1.7698989787161722e-17	3.163207814701987e-17
3974.499999999999	1.297967536041403e-17	3.217545970885086e-17
3974.749999999999	8.873317199813477e-18	3.0610857506374156e-17
3974.999999999999	7.274910352204096e-18	2.944741804865097e-17
3975.2499999999995	9.34855951967237e-18	2.974407479481454e-17
3975.4999999999995	1.4149207772045774e-17	3.130757850143777e-17
3975.7499999999995	1.9046437790135756e-17	3.271893391491045e-17
3975.9999999999995	2.1700843282663237e-17	3.0712114339518e-17
3976.2499999999995	2.158386379915628e-17	3.114443532358516e-17
3976.4999999999995	1.9684970618658688e-17	3.110854561116771e-17
3976.749999999999	1.7135340591540934e-17	3.085680808098822e-17
3976.9999999999995	1.4348363538730893e-17	3.104191455846534e-17
3977.249999999999	1.1285217862960331e-17	3.0324745658659414e-17
3977.4999999999995	8.148782750976275e-18	3.051385238157884e-17
3977.749999999999	5.5655024962713215e-18	3.053697042533847e-17
3977.999999999999	4.163741481502493e-18	3.007324304777389e-17
3978.249999999999	4.298689041113462e-18	3.1526069988437527e-17
3978.499999999999	6.315756286619148e-18	3.052513512513406e-17
3978.749999999999	1.0639348324419334e-17	2.938126676070388e-17
3978.999999999999	1.7029759507531445e-17	2.9499083749711034e-17
3979.249999999999	2.3857829179345908e-17	3.2458722746535966e-17
3979.499999999999	2.8808555113071274e-17	3.3041143924557e-17
3979.749999999999	3.06861359349609e-17	3.2132856598581926e-17
3979.999999999999	3.0293101140409653e-17	3.07160550279562e-17
3980.249999999999	2.934244318501947e-17	3.015463100260421e-17
3980.499999999999	2.8771059160743755e-17	3.262603160595339e-17
3980.749999999999	2.831838266674066e-17	3.133174210149167e-17
3980.999999999999	2.7423659080732638e-17	3.0531421697789463e-17
3981.249999999999	2.6143351372775657e-17	3.210612212118421e-17
3981.499999999999	2.5273686771079625e-17	2.945952135537385e-17
3981.749999999999	2.577948101294376e-17	3.086393837786843e-17
3981.999999999999	2.795185503560154e-17	3.11052832108318e-17
3982.249999999999	3.0906229813430045e-17	3.035911997619467e-17
3982.4999999999995	3.308946275799018e-17	3.3270769262601723e-17
3982.7499999999995	3.3652030836644934e-17	3.236659798735471e-17
3982.9999999999995	3.329616516819281e-17	3.137700542461057e-17
3983.2499999999995	3.3416350394815035e-17	3.0962273609088734e-17
3983.4999999999995	3.4379764629804953e-17	3.134373291165124e-17
3983.7499999999995	3.502660829940142e-17	3.304620296118338e-17
3983.999999999999	3.4001641846757835e-17	3.187789968145838e-17
3984.2499999999995	3.1338820360142735e-17	3.033828164220323e-17
3984.499999999999	2.8651978312062515e-17	3.014390743314307e-17
3984.749999999999	2.7948061760959174e-17	3.1509049920153636e-17
3984.999999999999	3.0120110633194005e-17	2.974765483250567e-17
3985.249999999999	3.401050820957767e-17	3.022106353195957e-17
3985.499999999999	3.6664466565997905e-17	3.2495525666349675e-17
3985.749999999999	3.502340814419329e-17	3.166227685682296e-17
3985.999999999999	2.813814452457351e-17	3.102866974249714e-17
3986.249999999999	1.8096631530560258e-17	3.02059559052519e-17
3986.499999999999	8.858299417064369e-18	2.945920371801863e-17
3986.749999999999	4.0807941293396046e-18	2.9116155374380636e-17
3986.999999999999	5.498568172755609e-18	2.85173593289535e-17
3987.249999999999	1.2383254019934181e-17	3.0478905655059697e-17
3987.499999999999	2.1880281148389143e-17	3.1638794853593803e-17
3987.749999999999	3.0171042522211823e-17	3.108340924671345e-17
3987.999999999999	3.437990668319424e-17	3.460381383312278e-17
3988.249999999999	3.42925132206343e-17	3.174234132267319e-17
3988.499999999999	3.2354177237566775e-17	3.0222737745519375e-17
3988.749999999999	3.159205250903242e-17	3.120800911674354e-17
3988.999999999999	3.32319264587305e-17	3.022376344947894e-17
3989.249999999999	3.6094086744241426e-17	3.1508073847030823e-17
3989.4999999999995	3.789498281067132e-17	3.182565164524708e-17
3989.7499999999995	3.697632333856125e-17	3.1563455243402473e-17
3989.9999999999995	3.3278137796501554e-17	3.164534281532277e-17
3990.2499999999995	2.835039192854956e-17	3.108796535752739e-17
3990.4999999999995	2.452283540539653e-17	2.948370480776245e-17
3990.7499999999995	2.344426265304618e-17	2.8621792535649544e-17
3990.9999999999995	2.480380160479675e-17	2.9586784746976356e-17
3991.249999999999	2.6405605972921407e-17	3.16995363803348e-17
3991.4999999999995	2.5808788409641152e-17	3.0781362591678486e-17
3991.749999999999	2.2234052255383706e-17	2.977074971520815e-17
3991.999999999999	1.7140985486855006e-17	2.9230829077060087e-17
3992.249999999999	1.3093687936852453e-17	2.805999793338313e-17
3992.499999999999	1.1920546361068173e-17	2.8898534081385285e-17
3992.749999999999	1.3558836747586952e-17	3.037619629276021e-17
3992.999999999999	1.633002288326624e-17	3.1267281570716637e-17
3993.249999999999	1.8381095907744653e-17	3.064135730992021e-17
3993.499999999999	1.922361323152517e-17	3.198875511843029e-17
3993.749999999999	2.0101983999222502e-17	3.035911666747222e-17
3993.999999999999	2.2775064621823036e-17	2.9855830204292904e-17
3994.249999999999	2.78377185550836e-17	3.190922004817209e-17
3994.499999999999	3.4172789384381065e-17	3.0316361355970577e-17
3994.749999999999	3.9707571254401e-17	2.996888263297175e-17
3994.999999999999	4.237281706851377e-17	3.0673683528258783e-17
3995.249999999999	4.071763643529804e-17	3.164997171803062e-17
3995.499999999999	3.454920617900836e-17	3.1341975980030175e-17
3995.749999999999	2.553351899791333e-17	2.924338567875864e-17
3995.999999999999	1.6921184992169673e-17	2.941526057515736e-17
3996.249999999999	1.2023068816489765e-17	2.9687247486732146e-17
3996.4999999999995	1.2305422978607062e-17	2.776890314965837e-17
3996.7499999999995	1.6561085102671042e-17	3.019769733401617e-17
3996.9999999999995	2.1871160678552786e-17	3.027100207990062e-17
3997.2499999999995	2.552455741444262e-17	2.9917286415083143e-17
3997.4999999999995	2.6286003483742856e-17	3.002132588380761e-17
3997.7499999999995	2.4356755454498616e-17	3.0022619594285646e-17
3997.999999999999	2.071058701248405e-17	2.940124482685826e-17
3998.2499999999995	1.6571026099391015e-17	2.9888272227917233e-17
3998.499999999999	1.3113002986263894e-17	3.055246848129526e-17
3998.7499999999995	1.1190119557043503e-17	2.912560508569844e-17
3998.999999999999	1.1099697464842688e-17	3.021980952615094e-17
3999.249999999999	1.2599265752171031e-17	2.933927245536579e-17
3999.499999999999	1.5193846481300533e-17	2.8565507858048985e-17
3999.749999999999	1.8368534822501987e-17	2.982706748003321e-17
3999.999999999999	2.1586567426493946e-17	2.9428740310419524e-17
4000.249999999999	2.4295779734555883e-17	3.039800077370711e-17
4000.499999999999	2.6105264292334153e-17	3.0437715369277006e-17
4000.749999999999	2.6908507834121648e-17	2.9564765199070194e-17
4000.999999999999	2.6818069176448952e-17	3.186572689156405e-17
4001.249999999999	2.613498679706832e-17	2.9660407130216026e-17
4001.499999999999	2.5465704822719792e-17	2.991022891009684e-17
4001.749999999999	2.568167245949448e-17	3.092849817031697e-17
4001.999999999999	2.7380191253584772e-17	2.743068388643646e-17
4002.249999999999	3.0097957021713266e-17	3.023825565381087e-17
4002.499999999999	3.2215814270384766e-17	3.1337118775473264e-17
4002.749999999999	3.205302991793258e-17	3.1215801158113787e-17
4002.999999999999	2.9159930681275533e-17	3.047362493402916e-17
4003.249999999999	2.4467915127525223e-17	2.990072295049738e-17
4003.4999999999995	1.941059965646909e-17	2.901388607216703e-17
4003.7499999999995	1.51442493997283e-17	2.843130276674593e-17
4003.9999999999995	1.2391939408665801e-17	2.848107918728692e-17
4004.2499999999995	1.1561607106138581e-17	2.996914402204532e-17
4004.4999999999995	1.2687312836668824e-17	2.813095017760548e-17
4004.7499999999995	1.5206550434144903e-17	2.8597638861762995e-17
4004.9999999999995	1.809841574937308e-17	3.016730671831097e-17
4005.249999999999	2.0632212614693758e-17	3.014294459491006e-17
4005.4999999999995	2.2869963324650797e-17	2.846603111758336e-17
4005.749999999999	2.4980636609425918e-17	2.951912137286952e-17
4005.999999999999	2.6079397728580882e-17	3.037942891459407e-17
4006.249999999999	2.426233460958826e-17	2.95937264466769e-17
4006.499999999999	1.8213099237293095e-17	3.069061426103652e-17
4006.749999999999	9.014084664796121e-18	2.9350733869933324e-17
4006.999999999999	4.344641779056234e-19	2.788760687628218e-17
4007.249999999999	-3.009989268530232e-18	2.714364890515811e-17
4007.499999999999	8.637334741675514e-19	2.7559477562172192e-17
4007.749999999999	1.0121649090473235e-17	2.9572874877795664e-17
4007.999999999999	1.998974921426955e-17	3.018678847609782e-17
4008.249999999999	2.6416355634059864e-17	3.0383568126379285e-17
4008.499999999999	2.898160501288044e-17	3.1188808600364956e-17
4008.749999999999	3.0563023142648614e-17	2.847542458061951e-17
4008.999999999999	3.4013335651470056e-17	2.9320948750436514e-17
4009.249999999999	3.902568145162587e-17	3.124469953999394e-17
4009.499999999999	4.227094994332385e-17	3.2514249726695426e-17
4009.749999999999	4.057117533946991e-17	3.147215766483377e-17
4009.999999999999	3.395212677000048e-17	3.0933123764302365e-17
4010.249999999999	2.5931306696962203e-17	2.996900505570241e-17
4010.499999999999	2.1116273948804504e-17	2.86117803415152e-17
4010.7499999999995	2.218255460601243e-17	2.7462361595174792e-17
4010.9999999999995	2.8467913508370034e-17	2.9365398127832664e-17
4011.2499999999995	3.704316070889096e-17	3.092946100854998e-17
4011.4999999999995	4.5047606112763526e-17	3.108111630205545e-17
4011.7499999999995	5.118785482334629e-17	2.9426751768226947e-17
4011.999999999999	5.557962912327747e-17	3.2754595325478833e-17
4012.2499999999995	5.873036638845035e-17	3.1257275994027195e-17
4012.499999999999	6.070066415567477e-17	3.159429915408335e-17
4012.7499999999995	6.104941760244915e-17	3.4401908971765937e-17
4012.999999999999	5.952489087183271e-17	3.169992680958392e-17
4013.249999999999	5.65230217914704e-17	3.0323961491438714e-17
4013.499999999999	5.259660149817231e-17	3.0674815111336756e-17
4013.749999999999	4.7910886153302563e-17	3.158980260027351e-17
4013.999999999999	4.2597317271637144e-17	3.12269052306567e-17
4014.249999999999	3.713078849828773e-17	2.97294502415846e-17
4014.499999999999	3.1716231549203714e-17	3.0414633721464326e-17
4014.749999999999	2.571651074213972e-17	3.089498742934122e-17
4014.999999999999	1.8529085417714487e-17	2.969178374521139e-17
4015.249999999999	1.1070935109957396e-17	2.8324027367465155e-17
4015.499999999999	5.8669522224853084e-18	2.8184908823323537e-17
4015.749999999999	5.379462056488245e-18	2.836836093957555e-17
4015.999999999999	1.0056735035380294e-17	2.863721779971243e-17
4016.249999999999	1.7561869052742994e-17	2.9195048552483493e-17
4016.499999999999	2.3652165097269694e-17	3.017662077200832e-17
4016.749999999999	2.4404615263401116e-17	3.16465835862416e-17
4016.999999999999	1.871426297057364e-17	3.1388592570631214e-17
4017.249999999999	9.203283157941025e-18	2.653651818787889e-17
4017.499999999999	3.983107179510742e-19	2.7368701588776637e-17
4017.7499999999995	-4.304872434439544e-18	2.79815084194192e-17
4017.9999999999995	-3.970535479366261e-18	2.8449775364185466e-17
4018.2499999999995	8.714100227119606e-19	2.851067570960407e-17
4018.4999999999995	9.336460349710477e-18	2.7070309417687933e-17
4018.7499999999995	1.9977463369039027e-17	2.9288817746722504e-17
4018.9999999999995	3.0492806093880135e-17	3.034742695105562e-17
4019.249999999999	3.8707371126544744e-17	3.0320536963702744e-17
4019.4999999999995	4.3856690429631624e-17	3.136936227575058e-17
4019.749999999999	4.635590664396632e-17	2.8697774037996215e-17
4019.999999999999	4.6263537589754255e-17	2.9411286799494655e-17
4020.249999999999	4.273600650958497e-17	3.0986500074869187e-17
4020.499999999999	3.5691503048953563e-17	3.0574636921711684e-17
4020.749999999999	2.7507123308363223e-17	2.7562294939338548e-17
4020.999999999999	2.1796044265100892e-17	2.7462116749713476e-17
4021.249999999999	2.01541994952815e-17	2.8521683829195926e-17
4021.499999999999	2.0950734592857942e-17	2.972644592159981e-17
4021.749999999999	2.1792853378901526e-17	3.0314442296949454e-17
4021.999999999999	2.2528961343088673e-17	2.9190528837616503e-17
4022.249999999999	2.5146893061784623e-17	2.85571400989724e-17
4022.499999999999	3.1034353441645835e-17	2.882814101125702e-17
4022.749999999999	3.913259254827243e-17	3.029032501900986e-17
4022.999999999999	4.6892056269301734e-17	3.05967193353444e-17
4023.249999999999	5.232402090809144e-17	3.0607274159960576e-17
4023.499999999999	5.466574087210071e-17	3.0921285155375506e-17
4023.749999999999	5.365574511096576e-17	3.1545568289836627e-17
4023.999999999999	4.914758673087151e-17	2.983265922097407e-17
4024.249999999999	4.1666604125871343e-17	3.027230240782355e-17
4024.499999999999	3.2901173353940266e-17	2.97551623237452e-17
4024.7499999999995	2.5248847573485886e-17	2.839259071407845e-17
4024.9999999999995	2.0600639235632215e-17	2.894620284572549e-17
4025.2499999999995	1.924319775565326e-17	2.7562657244446846e-17
4025.4999999999995	1.9877015923026584e-17	2.977915387023169e-17
4025.7499999999995	2.0981264903920096e-17	3.097153141450443e-17
4025.9999999999995	2.2232141676602825e-17	2.645213583923113e-17
4026.2499999999995	2.4367713726781553e-17	2.961068034051179e-17
4026.499999999999	2.785067918001298e-17	2.917039857022941e-17
4026.7499999999995	3.221810712420216e-17	2.946282015165671e-17
4026.999999999999	3.677106544290761e-17	3.1058375452655145e-17
4027.249999999999	4.12728739473414e-17	2.8781865219068355e-17
4027.499999999999	4.5498886974660024e-17	2.90883455621866e-17
4027.749999999999	4.8376034896436007e-17	3.066616941957435e-17
4027.999999999999	4.823711954389722e-17	3.174296997993873e-17
4028.249999999999	4.419822797245915e-17	3.000674765269198e-17
4028.499999999999	3.714955264615153e-17	3.0600253050921226e-17
4028.749999999999	2.9395224060626774e-17	2.832491741380426e-17
4028.999999999999	2.3357018213217205e-17	2.6810688856270815e-17
4029.249999999999	2.0305259333015085e-17	2.867566846330635e-17
4029.499999999999	1.9913880751926213e-17	2.7308223105470435e-17
4029.749999999999	2.0936146392224748e-17	2.8767829618434556e-17
4029.999999999999	2.2500960958143567e-17	2.8816636583297634e-17
4030.249999999999	2.481842430601866e-17	2.7336466360305446e-17
4030.499999999999	2.834550219486199e-17	2.7611217709487384e-17
4030.749999999999	3.2158061244491926e-17	2.9249338070446573e-17
4030.999999999999	3.367559775259732e-17	3.079517981663057e-17
4031.249999999999	3.055118416246288e-17	3.079628823865139e-17
4031.499999999999	2.2756486251830302e-17	2.7851515331795264e-17
4031.749999999999	1.2592176362269961e-17	2.9489928514691297e-17
4031.9999999999995	2.832573181048989e-18	2.7778548075600736e-17
4032.2499999999995	-5.048766228497651e-18	2.647093103710956e-17
4032.4999999999995	-1.1126039304936017e-17	2.710894867846151e-17
4032.7499999999995	-1.5758811126532718e-17	2.6478193682887775e-17
4032.9999999999995	-1.824054277076894e-17	2.674082683609581e-17
4033.249999999999	-1.6994547826496227e-17	2.6604813527973717e-17
4033.4999999999995	-1.1228946072340261e-17	2.649810557459315e-17
4033.749999999999	-2.1554504216720318e-18	2.768829936204875e-17
4033.9999999999995	7.741341623347927e-18	2.830460516668241e-17
4034.249999999999	1.6837215337246692e-17	2.908173473473108e-17
4034.499999999999	2.5681952888773416e-17	2.86390541406723e-17
4034.749999999999	3.5739019217801414e-17	2.6472724364677574e-17
4034.999999999999	4.6722150127169807e-17	3.06271628906088e-17
4035.249999999999	5.592456998965082e-17	3.163966835632066e-17
4035.499999999999	6.063089787676088e-17	3.093083412836682e-17
4035.749999999999	6.0523788843413e-17	2.9682056101207763e-17
4035.999999999999	5.732460818729315e-17	3.1148051757223243e-17
4036.249999999999	5.2913827766202956e-17	3.019415700099444e-17
4036.499999999999	4.840367849274069e-17	2.9863982896410226e-17
4036.749999999999	4.4333486518566436e-17	2.976748069742734e-17
4036.999999999999	4.0916138199301866e-17	2.952161284087453e-17
4037.249999999999	3.814130098054753e-17	3.026305783729766e-17
4037.499999999999	3.597093082572666e-17	2.9120023270924934e-17
4037.749999999999	3.435722447725884e-17	2.881330469979027e-17
4037.999999999999	3.2951116765623746e-17	2.9993115716197104e-17
4038.249999999999	3.114779135528288e-17	2.898554024693606e-17
4038.499999999999	2.8963059748477824e-17	3.070571857902174e-17
4038.749999999999	2.785913413042179e-17	2.923910419190807e-17
4038.9999999999995	2.9983445924779524e-17	2.6811544161024195e-17
4039.2499999999995	3.605994478110088e-17	3.018323490818629e-17
4039.4999999999995	4.43664142093792e-17	3.03869562581683e-17
4039.7499999999995	5.209473751140794e-17	3.0258144384459094e-17
4039.9999999999995	5.721716256806457e-17	3.0314025397920727e-17
4040.2499999999995	5.878815641386887e-17	3.0768385782228754e-17
4040.499999999999	5.63671289384904e-17	3.0708789073455534e-17
4040.7499999999995	5.0166116989167956e-17	3.0346765206565576e-17
4040.999999999999	4.158044931860817e-17	2.928937361209414e-17
4041.249999999999	3.277593799631108e-17	2.840395286697248e-17
4041.499999999999	2.5514811968189476e-17	2.9836199553995795e-17
4041.749999999999	2.0426554739540844e-17	2.8755828882107636e-17
4041.999999999999	1.7010052411646597e-17	2.888508743334762e-17
4042.249999999999	1.4026746075943398e-17	2.9018941800070954e-17
4042.499999999999	1.0308847413376242e-17	2.742140126560239e-17
4042.749999999999	5.711441557620579e-18	2.913351293235445e-17
4042.999999999999	1.2844121911742926e-18	2.7580307624357503e-17
4043.249999999999	-1.7141577785269883e-18	2.6965982090110295e-17
4043.499999999999	-3.0060532368574604e-18	2.833319914609714e-17
4043.749999999999	-3.3581414247794954e-18	2.7648510320223725e-17
4043.999999999999	-3.563797198008834e-18	2.84207049287379e-17
4044.249999999999	-3.846121103727528e-18	2.762691098006874e-17
4044.499999999999	-4.3520642530626056e-18	2.7077813600205015e-17
4044.749999999999	-5.314822627745919e-18	3.047659616678945e-17
4044.999999999999	-6.005297575136509e-18	2.656617426720014e-17
4045.249999999999	-4.330987820360077e-18	2.6016951155883306e-17
4045.499999999999	1.3847261790320154e-18	2.7043699017382103e-17
4045.749999999999	1.040226978449736e-17	2.811901230700511e-17
4045.9999999999995	1.9860900856808902e-17	2.972504633200337e-17
4046.2499999999995	2.6678280140362108e-17	2.869492191924413e-17
4046.4999999999995	2.8948145596666565e-17	2.9224853524315004e-17
4046.7499999999995	2.6443281680679763e-17	3.045226382189059e-17
4046.9999999999995	2.0718867997987818e-17	2.779762616924866e-17
4047.249999999999	1.4429573622994514e-17	2.6854522811291225e-17
4047.4999999999995	9.73115018873867e-18	2.7022147653702646e-17
4047.749999999999	7.194689928098798e-18	2.803784603657896e-17
4047.9999999999995	6.442173040549648e-18	2.950196564696517e-17
4048.249999999999	7.45057012423667e-18	2.745455631891474e-17
4048.499999999999	1.0634023890389222e-17	2.713785864087024e-17
4048.749999999999	1.5820587217077745e-17	2.800133759306332e-17
4048.999999999999	2.1897218002044775e-17	2.8963514081585e-17
4049.249999999999	2.7578596766004493e-17	2.7877723722323394e-17
4049.499999999999	3.192915695473903e-17	2.7749355217422515e-17
4049.749999999999	3.4088567118577354e-17	2.9334858619617206e-17
4049.999999999999	3.330510591098418e-17	3.0512416396035445e-17
4050.249999999999	2.969270177164492e-17	2.860913336355503e-17
4050.499999999999	2.4494289835007692e-17	2.816604248791243e-17
4050.749999999999	1.920250617213879e-17	2.9138753948715584e-17
4050.999999999999	1.461980637606982e-17	2.8924269324603034e-17
4051.249999999999	1.0834516291975468e-17	2.6955337929987963e-17
4051.499999999999	7.813701422187574e-18	2.908560263127538e-17
4051.749999999999	6.049634010042379e-18	2.731320438711923e-17
4051.999999999999	6.801255603402695e-18	2.6606578731400905e-17
4052.249999999999	1.1308775418076715e-17	2.702305258929278e-17
4052.499999999999	1.928890346858732e-17	2.6686644851612363e-17
4052.749999999999	2.841094790665686e-17	2.933450127759258e-17
4052.9999999999995	3.572031600419344e-17	2.869098453952838e-17
4053.2499999999995	3.9614606623711404e-17	2.8183773931523114e-17
4053.4999999999995	4.033632713905861e-17	2.996516032021526e-17
4053.7499999999995	3.883914748545361e-17	2.833145214064343e-17
4053.9999999999995	3.563895461087247e-17	2.9232364324276985e-17
4054.2499999999995	3.09397258583815e-17	2.915117820151613e-17
4054.499999999999	2.562203853882556e-17	2.8007849158845336e-17
4054.7499999999995	2.1514969341125908e-17	2.8763048514494e-17
4054.999999999999	2.013539374682302e-17	2.744986124175789e-17
4055.249999999999	2.1051066729603182e-17	2.809431600263673e-17
4055.499999999999	2.1896945061214608e-17	2.902540042629377e-17
4055.749999999999	2.0565089556885586e-17	2.8324983588253266e-17
4055.999999999999	1.7487640725215787e-17	2.679618176268786e-17
4056.249999999999	1.5366112857324313e-17	2.662309421951114e-17
4056.499999999999	1.6525582537522614e-17	2.7618032023373596e-17
4056.749999999999	2.086459945226653e-17	2.8821483861687195e-17
4056.999999999999	2.617962467294424e-17	2.7792262730156865e-17
4057.249999999999	2.963285739075251e-17	2.7679969653280342e-17
4057.499999999999	2.908430153553903e-17	2.991320345157958e-17
4057.749999999999	2.4550466713842153e-17	3.0816431740928284e-17
4057.999999999999	1.8953944346458107e-17	2.5222421016468972e-17
4058.249999999999	1.615799599256008e-17	2.6876711104042348e-17
4058.499999999999	1.7335427237937806e-17	2.795911167715371e-17
4058.749999999999	1.9708013974848325e-17	2.877604848500088e-17
4058.999999999999	1.9131583641031803e-17	2.935236837882373e-17
4059.249999999999	1.3704255150959488e-17	2.848257142111197e-17
4059.499999999999	5.236018669754957e-18	2.814442991286764e-17
4059.749999999999	-2.1153945796152783e-18	2.7101330345019897e-17
4059.999999999999	-4.7639361575491606e-18	2.6296652353850762e-17
4060.2499999999995	-1.9967218010157076e-18	2.821862801381365e-17
4060.4999999999995	4.119895076617304e-18	2.819994696685975e-17
4060.7499999999995	1.0856488044683954e-17	2.8211848441513164e-17
4060.9999999999995	1.664772976587064e-17	2.825497102120678e-17
4061.2499999999995	2.1135107390188127e-17	2.8246474221954633e-17
4061.4999999999995	2.4228174662820767e-17	2.9428780015088927e-17
4061.749999999999	2.5633530664504548e-17	2.8429476351953415e-17
4061.9999999999995	2.5164460438662478e-17	2.7836731959887716e-17
4062.249999999999	2.3259699712987587e-17	2.8130884003156473e-17
4062.499999999999	2.107281659481951e-17	2.7940106375399693e-17
4062.749999999999	1.972032764486862e-17	2.7085741299195723e-17
4062.999999999999	1.9129567042073008e-17	2.8329466907173304e-17
4063.249999999999	1.7991671323586568e-17	2.950398727638225e-17
4063.499999999999	1.547685430261735e-17	2.8536467201103474e-17
4063.749999999999	1.2861065767128054e-17	2.8229517019397296e-17
4063.999999999999	1.2839659450014856e-17	2.7280107236449758e-17
4064.249999999999	1.7183216302331658e-17	2.7793797977373764e-17
4064.499999999999	2.5404673834922846e-17	2.9374599684966704e-17
4064.749999999999	3.539745354774229e-17	2.838014330022075e-17
4064.999999999999	4.4540027459173564e-17	3.0401646985847244e-17
4065.249999999999	5.0273028747386625e-17	3.103768601117397e-17
4065.499999999999	5.0987997370344326e-17	3.077435471752894e-17
4065.749999999999	4.7461677575655155e-17	3.067174461690296e-17
4065.999999999999	4.298379600078059e-17	2.6834936828747195e-17
4066.249999999999	4.093343960045469e-17	2.869633805245282e-17
4066.499999999999	4.188787114241646e-17	3.0002158454653534e-17
4066.749999999999	4.3387898724897636e-17	2.864092356885667e-17
4066.999999999999	4.236652179947619e-17	3.0659231028596257e-17
4067.2499999999995	3.7527862709411736e-17	2.946989750897771e-17
4067.4999999999995	2.982423398253045e-17	2.889881532279355e-17
4067.7499999999995	2.1416870361954647e-17	2.8750058470154466e-17
4067.9999999999995	1.443844556642375e-17	2.7352389587097092e-17
4068.2499999999995	1.0294826284476121e-17	2.7490343460936235e-17
4068.499999999999	9.339285410959882e-18	2.7690380548469934e-17
4068.7499999999995	1.0693154410098713e-17	2.803395167025506e-17
4068.999999999999	1.2624463154665707e-17	2.87373695195579e-17
4069.2499999999995	1.3776089591230395e-17	2.922913501116558e-17
4069.499999999999	1.41732628338997e-17	2.7094403534570378e-17
4069.749999999999	1.4552478317850713e-17	2.711994852624724e-17
4069.999999999999	1.4719345763486765e-17	2.8588563036082063e-17
4070.249999999999	1.3347389315884478e-17	2.749999996740718e-17
4070.499999999999	9.757046924647378e-18	2.782429447219737e-17
4070.749999999999	5.377231448390012e-18	2.6862534882704414e-17
4070.999999999999	2.905264993863322e-18	2.613361505511656e-17
4071.249999999999	4.022213968489246e-18	2.70623602120013e-17
4071.499999999999	8.18922217670742e-18	2.7506935049662824e-17
4071.749999999999	1.3652677038837632e-17	2.81507661163598e-17
4071.999999999999	1.9166095832463672e-17	2.7804422285161395e-17
4072.249999999999	2.435913245013369e-17	2.6999062697167516e-17
4072.499999999999	2.875048986417795e-17	2.811208715091682e-17
4072.749999999999	3.1284522455319016e-17	2.7926888029211096e-17
4072.999999999999	3.142713552813275e-17	2.9231411412211324e-17
4073.249999999999	3.040536749066113e-17	2.919582279353684e-17
4073.499999999999	3.0484763647482974e-17	2.5046056183705316e-17
4073.749999999999	3.263662442930138e-17	2.9284288105688164e-17
4073.999999999999	3.5532232774602974e-17	2.94267550769494e-17
4074.2499999999995	3.727670896935254e-17	2.851001396511403e-17
4074.4999999999995	3.7432144778185435e-17	2.8033445435720177e-17
4074.7499999999995	3.680601177297541e-17	2.9052816500516225e-17
4074.9999999999995	3.59865807428483e-17	2.932897240237828e-17
4075.2499999999995	3.479415701895804e-17	2.8921311326732545e-17
4075.4999999999995	3.281752514588353e-17	2.87100427808416e-17
4075.749999999999	3.0014741315476894e-17	2.9465397646445424e-17
4075.9999999999995	2.6889842838142625e-17	2.8078937060688143e-17
4076.249999999999	2.4188194344915384e-17	2.7117480219299382e-17
4076.499999999999	2.2362701189091623e-17	2.790452106544766e-17
4076.749999999999	2.1457562028023127e-17	2.9588008974282934e-17
4076.999999999999	2.1348418080809e-17	2.6246377970581014e-17
4077.249999999999	2.14367539416204e-17	2.8609934074387983e-17
4077.499999999999	2.0084887606808096e-17	2.867402733697104e-17
4077.749999999999	1.537401253746614e-17	2.7503345085804344e-17
4077.999999999999	7.176745468638765e-18	2.9001637181656344e-17
4078.249999999999	-1.8680574419074186e-18	2.5023065525760017e-17
4078.499999999999	-8.05854604013767e-18	2.6130213688437742e-17
4078.749999999999	-9.22832536466994e-18	2.7163726232985997e-17
4078.999999999999	-5.510589156451251e-18	2.559113842887571e-17
4079.249999999999	1.6662267123919878e-18	2.6617461119539653e-17
4079.499999999999	1.0506503951663591e-17	2.6904904728040605e-17
4079.749999999999	1.9257781402259494e-17	2.810981736731597e-17
4079.999999999999	2.6695682199712672e-17	2.9150602483809794e-17
4080.249999999999	3.240975104805622e-17	2.7688152123899716e-17
4080.499999999999	3.6405740547205107e-17	2.9266546735910127e-17
4080.749999999999	3.867201943746554e-17	2.954490955564647e-17
4080.999999999999	3.9393730469637663e-17	2.8590945316246216e-17
4081.2499999999995	3.9157774329585054e-17	2.7102159179993675e-17
4081.4999999999995	3.8466533973032254e-17	2.943524856747909e-17
4081.7499999999995	3.723346275024655e-17	2.8450552913961266e-17
4081.9999999999995	3.5078274640078006e-17	2.858973763255189e-17
4082.2499999999995	3.207655353670268e-17	2.9442342468412346e-17
4082.499999999999	2.8940518326149924e-17	2.7439981396521557e-17
4082.7499999999995	2.6134174094374562e-17	2.765739920308622e-17
4082.999999999999	2.2880701268604697e-17	2.836962818027398e-17
4083.2499999999995	1.7740810185238816e-17	2.869010111063417e-17
4083.499999999999	1.0749752815174789e-17	2.797386196183676e-17
4083.749999999999	4.74434679523771e-18	2.573709113923824e-17
4083.999999999999	3.831116498893859e-18	2.6160592723614365e-17
4084.249999999999	9.931322672897256e-18	2.647609595285434e-17
4084.499999999999	2.0637490164506838e-17	2.7310069372597654e-17
4084.749999999999	3.0644905910556636e-17	3.20590919402769e-17
4084.999999999999	3.55229945973273e-17	2.817526720610362e-17
4085.249999999999	3.4213670322092965e-17	2.846325509944763e-17
4085.499999999999	2.8417658285639663e-17	2.966439414076853e-17
4085.749999999999	2.0625135829067703e-17	2.773027050632969e-17
4085.999999999999	1.3098725191920968e-17	2.777374050188058e-17
4086.249999999999	7.827566744813363e-18	2.6770249650484323e-17
4086.499999999999	6.115216508561869e-18	2.6200947556978377e-17
4086.749999999999	7.501748279066391e-18	2.660737117042773e-17
4086.999999999999	9.61310223169879e-18	2.8090481193316933e-17
4087.249999999999	1.0197941176930137e-17	2.7631377755376527e-17
4087.499999999999	9.521172178365207e-18	2.7156188963244414e-17
4087.749999999999	1.0099657472731981e-17	2.6771841145982875e-17
4087.999999999999	1.402034921069909e-17	2.66025784859586e-17
4088.249999999999	2.0963350383631847e-17	2.718235764910314e-17
4088.4999999999995	2.864892460307078e-17	2.765655051577774e-17
4088.7499999999995	3.4640435784433364e-17	2.836030089168683e-17
4088.9999999999995	3.7741311513522205e-17	2.892750525515934e-17
4089.2499999999995	3.813772702549331e-17	2.8418739547602477e-17
4089.4999999999995	3.6580812160062447e-17	2.824484633050913e-17
4089.749999999999	3.365045164355827e-17	2.832318364324035e-17
4089.9999999999995	2.978983432304118e-17	2.8124183840194794e-17
4090.249999999999	2.5681328978856887e-17	2.710743493794054e-17
4090.499999999999	2.2184032187421165e-17	2.776707011742095e-17
4090.749999999999	1.982623239344224e-17	2.831522285702514e-17
4090.999999999999	1.8546352932830227e-17	2.818071998070157e-17
4091.249999999999	1.8141706775259476e-17	2.7616026937568768e-17
4091.499999999999	1.8967934096826838e-17	2.85282582607045e-17
4091.749999999999	2.1845261423405318e-17	2.7281094890101146e-17
4091.999999999999	2.6886104881412854e-17	2.786045549985574e-17
4092.249999999999	3.254929960149915e-17	2.905489437821496e-17
4092.499999999999	3.636878265160988e-17	2.8361167776968786e-17
4092.749999999999	3.675411075878018e-17	2.9054219398835115e-17
4092.999999999999	3.38807951942021e-17	2.861849043064423e-17
4093.249999999999	2.9107757096241394e-17	2.8178493210492575e-17
4093.499999999999	2.4203565742320953e-17	2.8165245085801926e-17
4093.749999999999	2.1103973163043686e-17	2.7512599582497587e-17
4093.999999999999	2.1348703275112958e-17	2.622470749289335e-17
4094.249999999999	2.4799668338568888e-17	2.7471328233014866e-17
4094.499999999999	2.914616564008603e-17	2.9566207802058487e-17
4094.749999999999	3.147746416696149e-17	2.932560743164641e-17
4094.999999999999	3.053386355792266e-17	2.7183441255705586e-17
4095.249999999999	2.7342673943942998e-17	2.7163350692987898e-17
4095.4999999999995	2.4195055069696724e-17	2.7292920264138204e-17
4095.7499999999995	2.331998239023505e-17	2.656564321724688e-17
4095.9999999999995	2.5617503154121266e-17	2.7429320692786973e-17
4096.249999999999	2.9691025672941575e-17	2.836542610276221e-17
4096.499999999999	3.2444892362404906e-17	2.886990039730115e-17
4096.749999999999	3.141567902712764e-17	2.8685951972681607e-17
4096.999999999999	2.66307462160077e-17	2.7282605321899668e-17
4097.249999999999	2.0126885565345297e-17	2.7022000415553612e-17
4097.499999999999	1.4067969871047193e-17	2.723335498822826e-17
4097.749999999999	9.692096265007178e-18	2.7268510164261764e-17
4097.999999999999	7.69988278148437e-18	2.6903295034568577e-17
4098.249999999999	8.83948998372048e-18	2.6779838328145037e-17
4098.499999999999	1.3689074839582225e-17	2.7189327472944513e-17
4098.749999999999	2.1968218990027055e-17	2.7268645821882223e-17
4098.999999999999	3.2205817223599426e-17	2.7527684048148104e-17
4099.249999999999	4.219738541914236e-17	2.8848287822256363e-17
4099.499999999999	4.9965209239098804e-17	2.8380159843833003e-17
4099.749999999999	5.4364741195964766e-17	2.843052521697013e-17
4099.999999999999	5.502525565974714e-17	2.93738089003011e-17
4100.249999999999	5.2302622082708146e-17	3.056253030626636e-17
4100.499999999999	4.741079273643378e-17	2.6541727771376748e-17
4100.749999999999	4.203519008782104e-17	2.8409193883333615e-17
4100.999999999999	3.758395176833745e-17	2.905929828779619e-17
4101.249999999999	3.4812120991660237e-17	2.766948100311317e-17
4101.499999999999	3.355463123774837e-17	2.5697742157499093e-17
4101.749999999999	3.2556128802668927e-17	2.9743049090854974e-17
4101.999999999999	3.047221857213368e-17	2.8555571764531e-17
4102.249999999999	2.7492170304865218e-17	2.6511998900161592e-17
4102.499999999999	2.5247511770118605e-17	2.7063078204772995e-17
4102.749999999999	2.4953191113746622e-17	2.736022629622042e-17
4102.999999999999	2.6382918259695693e-17	2.782308347978059e-17
4103.249999999999	2.870353260535278e-17	2.7209135139892708e-17
4103.499999999999	3.144704708809705e-17	2.6502934655009236e-17
4103.749999999999	3.4352579817013634e-17	2.817138607466952e-17
4103.999999999999	3.693128092173596e-17	2.946566565296389e-17
4104.249999999999	3.8655328917880403e-17	2.8799937461091414e-17
4104.499999999999	3.9188727703038594e-17	2.815372080550784e-17
4104.749999999999	3.821464247899882e-17	2.902467912479962e-17
4104.999999999999	3.5566387294421574e-17	2.928202493953222e-17
4105.249999999999	3.1737244014043334e-17	2.7647069371596658e-17
4105.499999999999	2.7751167213338563e-17	2.7506351060150362e-17
4105.749999999999	2.445600008745086e-17	2.827290429688693e-17
4105.999999999999	2.237360234178335e-17	2.7290337806265814e-17
4106.249999999999	2.1929717353015783e-17	2.590253222483252e-17
4106.499999999999	2.3118830443018166e-17	2.7122143863592956e-17
4106.749999999999	2.5192233644599978e-17	2.8234321284395004e-17
4106.999999999999	2.7282650121028852e-17	2.743279650572092e-17
4107.249999999999	2.9095097831440756e-17	2.7788682692465736e-17
4107.499999999999	3.060606340162804e-17	2.86585855292959e-17
4107.749999999999	3.1381899774356064e-17	2.825504050437823e-17
4107.999999999999	3.0558333632641646e-17	2.7616220497832105e-17
4108.249999999999	2.7662637325403313e-17	3.0059703755507623e-17
4108.499999999999	2.367186126089486e-17	2.7080746782657128e-17
4108.749999999999	2.1042887338874553e-17	2.5863950866701823e-17
4108.999999999999	2.2098095223394465e-17	2.676310777307554e-17
4109.249999999999	2.726741416928266e-17	2.866715512044195e-17
4109.499999999999	3.4984850292957523e-17	2.7655885462565248e-17
4109.749999999999	4.2872696040852386e-17	2.87771304372421e-17
4109.999999999999	4.889256308667765e-17	2.9441697267534555e-17
4110.249999999999	5.2082581155477895e-17	2.927859379435135e-17
4110.499999999999	5.277185807381145e-17	2.8838001004158654e-17
4110.749999999999	5.1880306023667583e-17	2.8592334979675305e-17
4110.999999999999	4.969866123089629e-17	2.874407960868693e-17
4111.249999999999	4.5516626231123164e-17	2.8743199488515177e-17
4111.499999999999	3.877092252638774e-17	2.8314981320286275e-17
4111.749999999999	3.055186346299032e-17	2.7035913593456753e-17
4111.999999999999	2.373337630539375e-17	2.677076415682533e-17
4112.249999999999	2.1361810205646157e-17	2.6382755238172632e-17
4112.499999999999	2.4454999711735485e-17	2.627143492569647e-17
4112.749999999999	3.081302034958278e-17	2.754063604217946e-17
4112.999999999999	3.593153559429374e-17	2.943644963372852e-17
4113.249999999999	3.564533600791182e-17	2.860640035881116e-17
4113.499999999999	2.867238945809249e-17	2.757213507990548e-17
4113.749999999999	1.7475650440208532e-17	2.8001304505838816e-17
4113.999999999999	7.19608861589893e-18	2.523426955156318e-17
4114.249999999999	3.0856224428897174e-18	2.533549329748252e-17
4114.499999999999	7.390488057555218e-18	2.5983599233585168e-17
4114.749999999999	1.762820856556565e-17	2.719675886356769e-17
4114.999999999999	2.798200380439069e-17	3.020005645312317e-17
4115.249999999999	3.3195045515361086e-17	2.973563424384405e-17
4115.499999999999	3.201552388284581e-17	2.856047529120221e-17
4115.749999999999	2.7510443563104836e-17	2.742880453208474e-17
4115.999999999999	2.425418140828145e-17	2.6803755428376396e-17
4116.249999999999	2.489893274355298e-17	2.777031266542216e-17
4116.499999999999	2.878152339370091e-17	2.7518924205461168e-17
4116.749999999999	3.3103069251341314e-17	2.7685948514747875e-17
4116.999999999999	3.5037408276900415e-17	2.815639094452516e-17
4117.249999999999	3.308539080556893e-17	2.778472215169283e-17
4117.499999999999	2.7523182423061183e-17	2.9000568464304926e-17
4117.749999999999	2.034848442317166e-17	2.7353625394932246e-17
4117.999999999999	1.434705690572548e-17	2.553373540308698e-17
4118.249999999999	1.1239408348969132e-17	2.621776413883158e-17
4118.499999999999	1.0539812356108721e-17	2.795140897128962e-17
4118.749999999999	1.0477915826867492e-17	2.7022026885333213e-17
4118.999999999999	9.781635297954297e-18	2.647430427964755e-17
4119.249999999999	8.283618070364005e-18	2.652202598354696e-17
4119.499999999999	6.235511800435958e-18	2.5708252314362192e-17
4119.749999999999	3.696080339751318e-18	2.7114379946363534e-17
4119.999999999999	8.109525673385793e-19	2.6878638434869596e-17
4120.249999999999	-1.5228613662773916e-18	2.6029772455377878e-17
4120.499999999999	-1.7079217403590034e-18	2.5563338542849027e-17
4120.749999999999	1.4875284542786187e-18	2.474193165097162e-17
4120.999999999999	7.861244790620516e-18	2.5925420312381864e-17
4121.249999999999	1.584918420451445e-17	2.7675539273919508e-17
4121.499999999999	2.3594765571671447e-17	2.8690918365079375e-17
4121.749999999999	2.973891717358922e-17	2.693269303353871e-17
4121.999999999999	3.328272803403406e-17	2.9432958931543545e-17
4122.249999999999	3.347959126040514e-17	2.914551366868137e-17
4122.499999999999	3.052611384735061e-17	2.8016120964970866e-17
4122.749999999999	2.6007047963929195e-17	2.761490362629692e-17
4122.999999999999	2.1970192283034395e-17	2.7108432517759277e-17
4123.249999999999	1.944391141203869e-17	2.7208398949147536e-17
4123.499999999999	1.8062817609238977e-17	2.7460270482586258e-17
4123.749999999999	1.7097045036452223e-17	2.7620071850764152e-17
4123.999999999999	1.644529827221209e-17	2.7003134080142502e-17
4124.249999999999	1.6271239297219996e-17	2.6991325249717695e-17
4124.499999999999	1.5940018537368025e-17	2.7645694597418594e-17
4124.749999999999	1.4100828801121187e-17	2.819646288211968e-17
4124.999999999999	1.0261065171895765e-17	2.7878061212013316e-17
4125.249999999999	5.8303110699451515e-18	2.5303224981786827e-17
4125.499999999999	2.878388140454019e-18	2.492107746495468e-17
4125.749999999999	1.993028520796179e-18	2.68868953517441e-17
4125.999999999999	2.1462375060946153e-18	2.8370696897625397e-17
4126.249999999999	2.5405695349571943e-18	2.5262378803138958e-17
4126.499999999999	3.555433610281377e-18	2.6005163832154426e-17
4126.749999999999	5.8215426043267795e-18	2.716183198938325e-17
4126.999999999999	9.310060197649905e-18	2.7223046663434625e-17
4127.249999999999	1.3413077037948875e-17	2.613495674207012e-17
4127.499999999999	1.7229041399970872e-17	2.8647077792614065e-17
4127.749999999999	1.9822750237603618e-17	2.7087700062886248e-17
4127.999999999999	2.0817086871121984e-17	2.697407026213984e-17
4128.249999999999	2.0927823241891032e-17	2.779922097346966e-17
4128.499999999999	2.167794833654317e-17	2.673861330077662e-17
4128.749999999999	2.4225012683451064e-17	2.6559776852342655e-17
4128.999999999999	2.831619195669299e-17	2.7591932820686323e-17
4129.249999999999	3.254664556445404e-17	2.843643128654376e-17
4129.499999999999	3.5602193554510396e-17	2.843861173463845e-17
4129.749999999999	3.698798541035068e-17	2.802710261478312e-17
4129.999999999999	3.679046979968453e-17	2.766440376851332e-17
4130.249999999999	3.545790338395498e-17	2.7744496358504378e-17
4130.499999999999	3.3978362298382867e-17	2.76379786566647e-17
4130.749999999999	3.3474455962283357e-17	2.6610415195081926e-17
4130.999999999999	3.3956456420890696e-17	2.810071838057789e-17
4131.249999999999	3.3903275191842204e-17	2.91194806404431e-17
4131.499999999999	3.1776955041501616e-17	2.8523056949012764e-17
4131.749999999999	2.77798962519483e-17	2.6416439687077016e-17
4131.999999999999	2.3605068430845795e-17	2.6602490804813668e-17
4132.249999999999	2.05627679336685e-17	2.577366410284166e-17
4132.499999999999	1.8400053205429186e-17	2.7154068072153828e-17
4132.749999999999	1.6066730687723864e-17	2.8003484953933506e-17
4132.999999999999	1.332249810833918e-17	2.464071783121963e-17
4133.249999999999	1.135334543187336e-17	2.716905327613084e-17
4133.499999999999	1.2082278976701617e-17	2.6753158444667752e-17
4133.749999999999	1.6958738824665082e-17	2.597954935730611e-17
4133.999999999999	2.561455469819779e-17	2.622055670057956e-17
4134.249999999999	3.5123149761278837e-17	2.7318787856253963e-17
4134.499999999999	4.1280252845471655e-17	2.941294777816466e-17
4134.749999999999	4.1554262125433584e-17	2.893371903592084e-17
4134.999999999999	3.6833813231962084e-17	2.7100023399652063e-17
4135.249999999999	3.016388865498217e-17	2.63557560629789e-17
4135.499999999999	2.4347867653385442e-17	2.9077162080304886e-17
4135.749999999999	2.1063586527596694e-17	2.6844953985965212e-17
4135.999999999999	2.109492624796597e-17	2.5686992118258354e-17
4136.249999999999	2.4000722569317483e-17	2.7477125114747638e-17
4136.499999999999	2.7858871325341564e-17	2.8504660452189585e-17
4136.749999999999	3.0492350630862043e-17	2.873813714316635e-17
4136.999999999999	3.11612122761668e-17	2.745851851404887e-17
4137.249999999999	3.072699022034001e-17	2.641963591296392e-17
4137.499999999999	3.041689814935509e-17	2.75970447968719e-17
4137.749999999999	3.0933902603686076e-17	2.8222922735554024e-17
4137.999999999999	3.2548078001308355e-17	2.731032083550387e-17
4138.249999999999	3.512598177004376e-17	2.7425328719150793e-17
4138.499999999999	3.7594230808324594e-17	2.8816305711052613e-17
4138.749999999999	3.7978326485218504e-17	2.933915003263513e-17
4138.999999999999	3.4765820264386785e-17	2.9207840073476013e-17
4139.249999999999	2.837390235871741e-17	2.7589879758405966e-17
4139.499999999999	2.1170786600824586e-17	2.625760942893826e-17
4139.749999999999	1.6152496128766474e-17	2.6912327846857656e-17
4139.999999999999	1.542216028603004e-17	2.5892495215279803e-17
4140.249999999999	1.9175449023948288e-17	2.6280912761155103e-17
4140.499999999999	2.5505697805216578e-17	2.7330040821307134e-17
4140.749999999999	3.139596342585997e-17	2.821382705753839e-17
4140.999999999999	3.4521025565166224e-17	2.8239919642780763e-17
4141.249999999999	3.438489772125349e-17	2.75549247600807e-17
4141.499999999999	3.1875385949710407e-17	2.7788520565065675e-17
4141.749999999999	2.81675363337582e-17	2.799497491979156e-17
4141.999999999999	2.4320038255809636e-17	2.7325660072783053e-17
4142.249999999999	2.1408925579632978e-17	2.714257026163934e-17
4142.499999999999	2.0278336124400362e-17	2.6325454782779858e-17
4142.749999999999	2.1041207080078078e-17	2.660737778787263e-17
4142.999999999999	2.3181486503016278e-17	2.7450701657260244e-17
4143.249999999999	2.6185833017571447e-17	2.6986529256526113e-17
4143.499999999999	2.978674080006671e-17	2.776240481876615e-17
4143.749999999999	3.3618999323503474e-17	2.7553442452423005e-17
4143.999999999999	3.7056069456735534e-17	2.7763076489423544e-17
4144.249999999999	3.956150117424749e-17	2.8996806446879035e-17
4144.499999999999	4.093598947942463e-17	2.8100195602430756e-17
4144.749999999999	4.1134426255535105e-17	2.89627696190337e-17
4144.999999999999	4.0303357277289956e-17	2.872824075431777e-17
4145.249999999999	3.918874963578368e-17	2.7556918265356953e-17
4145.499999999999	3.8775768741243424e-17	2.65398202928842e-17
4145.749999999999	3.8950454653300897e-17	2.859647088273807e-17
4145.999999999999	3.807726469076284e-17	2.884809591635425e-17
4146.249999999999	3.463914753380689e-17	2.871140597449109e-17
4146.499999999999	2.9221225689910524e-17	2.826234285482585e-17
4146.749999999999	2.4480983887697185e-17	2.4613912216289237e-17
4146.999999999999	2.303551272836914e-17	2.657106621334278e-17
4147.249999999999	2.529390592864818e-17	2.6628907644856162e-17
4147.499999999999	2.9071601443349067e-17	2.6441069816996395e-17
4147.749999999999	3.1172643546406594e-17	2.9305814653949244e-17
4147.999999999999	2.970664646107844e-17	2.7831242789342814e-17
4148.249999999999	2.54317230111443e-17	2.797045066899059e-17
4148.499999999999	2.1167284980360284e-17	2.67648183825823e-17
4148.749999999999	1.9824732985679826e-17	2.4275094074303842e-17
4148.999999999999	2.2455782266665733e-17	2.7312926454433412e-17
4149.249999999999	2.7470008820694202e-17	2.732809529250641e-17
4149.499999999999	3.13863609426642e-17	2.813430522216999e-17
4149.749999999999	3.068312199189311e-17	2.866918667602638e-17
4149.999999999999	2.3857126131927408e-17	2.732466745604799e-17
4150.249999999999	1.258155016939858e-17	2.583115480977532e-17
4150.499999999999	1.0097331170031195e-18	2.4968334293349833e-17
4150.749999999999	-6.592480991750268e-18	2.4597542311966813e-17
4150.999999999999	-8.296057157738216e-18	2.4473655471624746e-17
4151.249999999999	-5.287000264211817e-18	2.438761545302943e-17
4151.499999999999	-4.510157605108497e-19	2.654892093398351e-17
4151.749999999999	4.09206289358661e-18	2.6547759572403485e-17
4151.999999999999	8.421228085255193e-18	2.571159577839813e-17
4152.249999999999	1.4041753614845445e-17	2.566838386319836e-17
4152.499999999999	2.1931378543083995e-17	2.6316443477186706e-17
4152.749999999999	3.1371569734371224e-17	2.7060695924608842e-17
4152.999999999999	4.026534868973005e-17	2.7813789278417945e-17
4153.249999999999	4.631172656929073e-17	2.8779694697141016e-17
4153.499999999999	4.8320885290577003e-17	3.0402262408222983e-17
4153.749999999999	4.6829980350220615e-17	2.7365738627822472e-17
4153.999999999999	4.3089824020639776e-17	2.7097139848036703e-17
4154.249999999999	3.7227758781138823e-17	2.8261810150511366e-17
4154.499999999999	2.815931048283219e-17	2.907333388842999e-17
4154.749999999999	1.5883711829126647e-17	2.701097740671073e-17
4154.999999999999	3.2102893711009122e-18	2.5535965482018422e-17
4155.249999999999	-5.679015167107662e-18	2.5186661998588304e-17
4155.499999999999	-8.414284973472342e-18	2.573732440417098e-17
4155.749999999999	-5.94640016620939e-18	2.6499126315469042e-17
4155.999999999999	-1.1561690843884749e-18	2.5624333186857462e-17
4156.249999999999	3.673141688611567e-18	2.6496103797510773e-17
4156.499999999999	8.168141904965204e-18	2.6553339732815767e-17
4156.749999999999	1.3161927964389583e-17	2.5214685223380376e-17
4156.999999999999	1.9120082682003172e-17	2.792229221372775e-17
4157.249999999999	2.5407796536428174e-17	2.680975745090108e-17
4157.499999999999	3.07056397857663e-17	2.699146256169938e-17
4157.749999999999	3.3588669442483186e-17	2.8174125696858295e-17
4157.999999999999	3.283966121111249e-17	2.851663141001445e-17
4158.249999999999	2.791532242592305e-17	2.777863410238444e-17
4158.499999999999	1.964565834438161e-17	2.7750984763229244e-17
4158.749999999999	1.0501579894357923e-17	2.681248549256128e-17
4158.999999999999	3.6295657833589275e-18	2.4915922475377248e-17
4159.249999999999	8.842584168828194e-19	2.538953631562306e-17
4159.499999999999	1.6060677119893469e-18	2.6172500815712678e-17
4159.749999999999	3.5877856008597275e-18	2.6105947517987887e-17
4159.999999999999	5.322331028653743e-18	2.602783519838328e-17
4160.249999999999	7.244770368368096e-18	2.6871130943630065e-17
4160.499999999999	1.0830604426336817e-17	2.4969148239072585e-17
4160.749999999999	1.6496631121555944e-17	2.6881272177939965e-17
4160.999999999999	2.2410378586755004e-17	2.834565979484464e-17
4161.249999999999	2.5579868471440284e-17	2.813488093987633e-17
4161.499999999999	2.4353459473279343e-17	2.701010224962265e-17
4161.749999999999	1.9951158801898934e-17	2.68853336347476e-17
4161.999999999999	1.553157274536114e-17	2.6141466653490914e-17
4162.249999999999	1.3618764737842937e-17	2.5985246977365374e-17
4162.499999999999	1.4305925547594076e-17	2.7252654766280348e-17
4162.749999999999	1.5922954248761874e-17	2.7506721637064785e-17
4162.999999999999	1.717814985966662e-17	2.679923405914818e-17
4163.249999999999	1.8136644280155048e-17	2.6616198841924897e-17
4163.499999999999	1.9083048073056655e-17	2.7101482546252607e-17
4163.749999999999	1.9189888949979566e-17	2.7475738760041e-17
4163.999999999999	1.7054122655776386e-17	2.797520199442909e-17
4164.249999999999	1.2504447360221427e-17	2.6338061015315167e-17
4164.499999999999	7.356208344007943e-18	2.5094846604956143e-17
4164.749999999999	4.190022562394375e-18	2.59634309158899e-17
4164.999999999999	4.571718119302727e-18	2.6271575546400604e-17
4165.249999999999	8.332943360971303e-18	2.729684275460293e-17
4165.499999999999	1.3931832639206745e-17	2.7726963438240704e-17
4165.749999999999	1.9058430461875503e-17	2.7681188917503245e-17
4165.999999999999	2.131411574385895e-17	2.7676257266691204e-17
4166.249999999999	1.9326980460181716e-17	2.8882787871244725e-17
4166.499999999999	1.3867377275548952e-17	2.7517623877538234e-17
4166.749999999999	7.724037741515824e-18	2.6079763942878133e-17
4166.999999999999	4.0122536587140496e-18	2.588263853110062e-17
4167.249999999999	4.21909827317319e-18	2.5568965025375613e-17
4167.499999999999	7.52661644166365e-18	2.7808935382583484e-17
4167.749999999999	1.1682060070618594e-17	2.784456370592737e-17
4167.999999999999	1.4379761170747464e-17	2.6958701246358604e-17
4168.249999999999	1.416997078503836e-17	2.7416658211970012e-17
4168.499999999999	1.1015459267907206e-17	2.855588278444132e-17
4168.749999999999	6.638098375485463e-18	2.6573551063902888e-17
4168.999999999999	3.751439228748848e-18	2.5619782039127195e-17
4169.249999999999	4.012316491139079e-18	2.6481520603311463e-17
4169.499999999999	6.65419485061587e-18	2.6975054607068777e-17
4169.749999999999	9.480994612423784e-18	2.79417739715146e-17
4169.999999999999	1.106467091114048e-17	2.693467826700884e-17
4170.249999999999	1.1613112910023246e-17	2.6179904082195028e-17
4170.499999999999	1.1872977174438278e-17	2.748229995665977e-17
4170.749999999999	1.1871668671529038e-17	2.686083916244868e-17
4170.999999999999	1.1127105169611666e-17	2.7304983866191678e-17
4171.249999999999	9.838778622687438e-18	2.7152880240794202e-17
4171.499999999999	9.39715714986569e-18	2.6129100303333246e-17
4171.749999999999	1.1369739513919043e-17	2.4659248331302044e-17
4171.999999999999	1.590340042342605e-17	2.6779318858720354e-17
4172.249999999999	2.1316312493710257e-17	2.778983081915596e-17
4172.499999999999	2.5230048099578526e-17	2.745982049633303e-17
4172.749999999999	2.5779118731502652e-17	2.6450850400559222e-17
4172.999999999999	2.2080901890301576e-17	2.9070733232584124e-17
4173.249999999999	1.465075445345589e-17	2.7658658171978525e-17
4173.499999999999	5.712875778376856e-18	2.586225845516854e-17
4173.749999999999	-1.6868839881875596e-18	2.519705138708197e-17
4173.999999999999	-5.419364148773894e-18	2.6442835020423583e-17
4174.249999999999	-5.0801325395726665e-18	2.4904902775256817e-17
4174.499999999999	-1.3130161416243899e-18	2.5946273535624325e-17
4174.749999999999	5.159594121680769e-18	2.6664607105732725e-17
4174.999999999999	1.3669933908409967e-17	2.6224763741175003e-17
4175.249999999999	2.30253261766508e-17	2.631964301179606e-17
4175.499999999999	3.135765605246574e-17	2.992879746048743e-17
4175.749999999999	3.703074045227278e-17	2.850134842101692e-17
4175.999999999999	3.958156603226938e-17	2.6668471693554573e-17
4176.249999999999	3.9572785075419323e-17	2.9964273582598605e-17
4176.499999999999	3.786442440235493e-17	2.758609623428415e-17
4176.749999999999	3.520891524524819e-17	2.765960942968296e-17
4176.999999999999	3.213707578885172e-17	2.7968554771026617e-17
4177.249999999999	2.887173554493492e-17	2.7534825925556887e-17
4177.499999999999	2.5247827296199696e-17	2.6231108216473285e-17
4177.749999999999	2.0761156480632183e-17	2.7879278821874994e-17
4177.999999999999	1.5076102690748255e-17	2.7691379782649898e-17
4178.249999999999	8.803612352418035e-18	2.6367554967236357e-17
4178.499999999999	3.54976906685353e-18	2.5008346673940248e-17
4178.749999999999	1.0271791009212845e-18	2.5788897461002437e-17
4178.999999999999	2.3846439517003376e-18	2.612706047594269e-17
4179.249999999999	8.198165559043298e-18	2.5695877692398398e-17
4179.499999999999	1.8114094544145428e-17	2.57005959306124e-17
4179.749999999999	3.0009162779481946e-17	2.7909901048151707e-17
4179.999999999999	4.024687372249033e-17	2.901704921082943e-17
4180.249999999999	4.5649697073097634e-17	2.886069222272221e-17
4180.499999999999	4.5372337949034637e-17	2.8431636947713403e-17
4180.749999999999	4.0816559627838826e-17	2.8165718233112306e-17
4180.999999999999	3.400712128284706e-17	2.692813692272477e-17
4181.249999999999	2.6255549797652713e-17	2.771723579423708e-17
4181.499999999999	1.8182960383446742e-17	2.7360979030577842e-17
4181.749999999999	1.0581463206394883e-17	2.6335948396030706e-17
4181.999999999999	4.862182659314301e-18	2.5746109062276294e-17
4182.249999999999	2.4910745166758007e-18	2.4888615588995648e-17
4182.499999999999	3.963060350745112e-18	2.544999825531701e-17
4182.749999999999	8.356599371784843e-18	2.612712168730802e-17
4182.999999999999	1.3945787015136075e-17	2.6408925578392584e-17
4183.249999999999	1.9234133299998794e-17	2.6547807548879013e-17
4183.499999999999	2.337952563986307e-17	2.6381660051041612e-17
4183.749999999999	2.5923944523043054e-17	2.736088804071046e-17
4183.999999999999	2.6637477476034117e-17	2.786514065084524e-17
4184.249999999999	2.5692166364144894e-17	2.6817574307689707e-17
4184.499999999999	2.3520527359488738e-17	2.6457745778145464e-17
4184.749999999999	2.0320784958068604e-17	2.676886495013891e-17
4184.999999999999	1.5988171831252253e-17	2.6648536640792045e-17
4185.249999999999	1.060603806937137e-17	2.6122735975700263e-17
4185.499999999999	4.850355306706584e-18	2.5688525711114027e-17
4185.749999999999	3.08120643805082e-20	2.5844427749884346e-17
4185.999999999999	-2.2110271338178676e-18	2.4791127390722598e-17
4186.249999999999	-7.508853441093258e-19	2.4483783471044845e-17
4186.499999999999	4.019656278443732e-18	2.5713304733543666e-17
4186.749999999999	1.031072707231944e-17	2.66201527652529e-17
4186.999999999999	1.6385146256645763e-17	2.6469519866984544e-17
4187.249999999999	2.1591825499341432e-17	2.5943600087884554e-17
4187.499999999999	2.5747026582658716e-17	2.6389716790207878e-17
4187.749999999999	2.822565101687022e-17	2.870986410982929e-17
4187.999999999999	2.8518788209197647e-17	2.724049851999827e-17
4188.249999999999	2.73562912837677e-17	2.6143352625287534e-17
4188.499999999999	2.6246275105770393e-17	2.589445397897033e-17
4188.749999999999	2.5650845650857172e-17	2.660149984243983e-17
4188.999999999999	2.4191852580493032e-17	2.767407847295774e-17
4189.249999999999	1.9934223597081133e-17	2.732451525481528e-17
4189.499999999999	1.2187016881513734e-17	2.6023686060430713e-17
4189.749999999999	2.1546726225183398e-18	2.546224218274402e-17
4189.999999999999	-7.457237190589432e-18	2.619133240953806e-17
4190.249999999999	-1.3400301277946733e-17	2.3434544568690732e-17
4190.499999999999	-1.3574910179941671e-17	2.3713615455031422e-17
4190.749999999999	-8.579293599837912e-18	2.5204433146868394e-17
4190.999999999999	-1.207572536584417e-18	2.6394456535117807e-17
4191.249999999999	5.859712048062999e-18	2.5842493801612197e-17
4191.499999999999	1.1522225932032604e-17	2.5248470588319492e-17
4191.749999999999	1.5730827325006213e-17	2.7064770616306278e-17
4191.999999999999	1.854297963289646e-17	2.7379732869425645e-17
4192.249999999999	2.005193534581801e-17	2.551886104131205e-17
4192.499999999999	2.0735321550707836e-17	2.755343087189443e-17
4192.749999999999	2.1562550240771814e-17	2.7218717200108522e-17
4192.999999999999	2.3675635674202722e-17	2.6378900576518135e-17
4193.249999999999	2.7581878691477864e-17	2.63257343698269e-17
4193.499999999999	3.2408419870766194e-17	2.812399855173758e-17
4193.749999999999	3.612624183401676e-17	2.821613323708619e-17
4193.999999999999	3.6588479659135597e-17	2.7424465142591287e-17
4194.249999999999	3.2482398744784026e-17	2.7270050374562338e-17
4194.499999999999	2.4085762483901776e-17	2.757592025838852e-17
4194.749999999999	1.3865648506941894e-17	2.6300460693390956e-17
4194.999999999999	5.7869588347984595e-18	2.3734488530608586e-17
4195.249999999999	2.8230941461928665e-18	2.543151738607135e-17
4195.499999999999	4.8972348535465095e-18	2.7100289751809305e-17
4195.749999999999	9.66845074119574e-18	2.5969389925022732e-17
4195.999999999999	1.5094996380770458e-17	2.6178802277619107e-17
4196.249999999999	2.0741346584427054e-17	2.606100679530788e-17
4196.499999999999	2.6846627080999172e-17	2.631315626143242e-17
4196.749999999999	3.279621275374075e-17	2.7202497842657583e-17
4196.999999999999	3.6889294804919786e-17	2.889614187505378e-17
4197.249999999999	3.760224648951395e-17	2.7038969198639524e-17
4197.499999999999	3.485144460239974e-17	2.597682131564591e-17
4197.749999999999	2.9924879018496566e-17	2.6047943959074443e-17
4197.999999999999	2.4446380302862976e-17	2.6614180521230268e-17
4198.249999999999	1.9572786988573303e-17	2.4555131107599994e-17
4198.499999999999	1.5918747414073547e-17	2.6783466342311695e-17
4198.749999999999	1.3920569997604956e-17	2.666968930341625e-17
4198.999999999999	1.406492035587458e-17	2.5102325972054848e-17
4199.249999999999	1.6575090740658113e-17	2.417645444061812e-17
4199.499999999999	2.0968190058887703e-17	2.7530422015975655e-17
4199.749999999999	2.6195876146471586e-17	2.6580691286950446e-17
4199.999999999999	3.106417954061387e-17	2.6877953529322402e-17
4200.249999999999	3.425415712669601e-17	2.8538382951402147e-17
4200.499999999999	3.437254731083064e-17	2.7678369885975664e-17
4200.749999999999	3.075608864838733e-17	2.7912107966026e-17
4200.999999999999	2.4454408518759902e-17	2.6269055954254768e-17
4201.249999999999	1.805919931381423e-17	2.4914823979523778e-17
4201.499999999999	1.4138345022790348e-17	2.555635052103418e-17
4201.749999999999	1.3665172625759038e-17	2.5782948378036955e-17
4201.999999999999	1.5827248580970144e-17	2.605100121861844e-17
4202.249999999999	1.8944066705998557e-17	2.5720221617825834e-17
4202.499999999999	2.1344152016192236e-17	2.5990749382800077e-17
4202.749999999999	2.191777414257146e-17	2.822446460021582e-17
4202.999999999999	2.0680849223916157e-17	2.6109190065989094e-17
4203.249999999999	1.8988462875840484e-17	2.6208249907425995e-17
4203.499999999999	1.870223448945947e-17	2.5826697960634885e-17
4203.749999999999	2.0693737110411766e-17	2.512406096983029e-17
4203.999999999999	2.4153330508269297e-17	2.8146325810831613e-17
4204.249999999999	2.7623775811742852e-17	2.6302899221836762e-17
4204.499999999999	3.0736487479119307e-17	2.627010978235516e-17
4204.749999999999	3.455127700711391e-17	2.6701491089246465e-17
4204.999999999999	3.992983292091775e-17	2.635090878458934e-17
4205.249999999999	4.583730673890107e-17	2.925677607851465e-17
4205.499999999999	4.962966623399941e-17	2.8752851031902445e-17
4205.749999999999	4.9040553593327346e-17	2.8509209945558626e-17
4205.999999999999	4.380863483030538e-17	2.8462391522888125e-17
4206.249999999999	3.564788181012659e-17	2.722130792978704e-17
4206.499999999999	2.7041002431465603e-17	2.6856172209432656e-17
4206.749999999999	1.9947157916506108e-17	2.6055924597624355e-17
4206.999999999999	1.5019755839316032e-17	2.5316099220840602e-17
4207.249999999999	1.1558023458457486e-17	2.5459065809191817e-17
4207.499999999999	8.335012221645166e-18	2.8351936441332694e-17
4207.749999999999	4.881545882765987e-18	2.6027717738736297e-17
4207.999999999999	2.0445464476013186e-18	2.6116924204716465e-17
4208.249999999999	1.1212173449934617e-18	2.655324377986471e-17
4208.499999999999	2.41749266533349e-18	2.4162180611967903e-17
4208.749999999999	4.693368834143255e-18	2.695419972946509e-17
4208.999999999999	6.043361704224457e-18	2.5941808414677764e-17
4209.249999999999	5.5066381793380354e-18	2.6027127131778934e-17
4209.499999999999	4.006857228757742e-18	2.6684302276117613e-17
4209.749999999999	3.576834005368813e-18	2.2755827986839947e-17
4209.999999999999	5.4452157808396024e-18	2.6391652392841252e-17
4210.249999999999	8.97525599220616e-18	2.6234582375046008e-17
4210.499999999999	1.2469345014121618e-17	2.5643985343850497e-17
4210.749999999999	1.4553080410270056e-17	2.648964848001041e-17
4210.999999999999	1.4633229792594312e-17	2.488383448505509e-17
4211.249999999999	1.2743074736022828e-17	2.6709996160304735e-17
4211.499999999999	9.700621507096973e-18	2.5707822180443664e-17
4211.749999999999	7.276448151730066e-18	2.3590317567285493e-17
4211.999999999999	7.524874275711334e-18	2.4642451601783542e-17
4212.249999999999	1.1505344806916147e-17	2.498590360956046e-17
4212.499999999999	1.8473020336509326e-17	2.5814505318405853e-17
4212.749999999999	2.6186354862050596e-17	2.675266875374512e-17
4212.999999999999	3.2147791473714123e-17	2.742784169385173e-17
4213.249999999999	3.5011898789540794e-17	2.7003805750799895e-17
4213.499999999999	3.518474127335271e-17	2.6491453388107e-17
4213.749999999999	3.417794326996109e-17	2.6337875726857955e-17
4213.999999999999	3.328960000993074e-17	2.647661707664025e-17
4214.249999999999	3.26557616589229e-17	2.673782913355592e-17
4214.499999999999	3.133193880817829e-17	2.7635427631655586e-17
4214.749999999999	2.829242978802971e-17	2.764469205451618e-17
4214.999999999999	2.3559602633370398e-17	2.6585389672829747e-17
4215.249999999999	1.8525052946187237e-17	2.5507849612997745e-17
4215.499999999999	1.5103926574593352e-17	2.617487316970948e-17
4215.749999999999	1.4307961892052987e-17	2.4152722628843972e-17
4215.999999999999	1.5504016738821962e-17	2.6774157251698023e-17
4216.249999999999	1.7287422931972132e-17	2.7718420316874257e-17
4216.499999999999	1.917415263453183e-17	2.5504975987549735e-17
4216.749999999999	2.198131349847834e-17	2.5179285201885556e-17
4216.999999999999	2.6285740987049787e-17	2.6195079537712926e-17
4217.249999999999	3.1086361914189203e-17	2.7760290545120466e-17
4217.499999999999	3.4553824601447395e-17	2.835186364943879e-17
4217.749999999999	3.5854219768051867e-17	2.7022523193700745e-17
4217.999999999999	3.584661503438039e-17	2.707455947167523e-17
4218.249999999999	3.611485702039732e-17	2.7008211314742353e-17
4218.499999999999	3.741791543081625e-17	2.6881710583664618e-17
4218.749999999999	3.8836265204361524e-17	2.7417407637604985e-17
4218.999999999999	3.839820370026469e-17	2.949591730232618e-17
4219.249999999999	3.4774342887220803e-17	2.59630355235571e-17
4219.499999999999	2.844006320740078e-17	2.654815661909751e-17
4219.749999999999	2.1432371344763798e-17	2.7113420416852972e-17
4219.999999999999	1.6416682521434167e-17	2.5661678737153006e-17
4220.249999999999	1.5634819003613643e-17	2.523861721286276e-17
4220.499999999999	1.9656463427453777e-17	2.5479088543099276e-17
4220.749999999999	2.672530124220239e-17	2.742130696701256e-17
4220.999999999999	3.385563883451478e-17	2.851118194413895e-17
4221.249999999999	3.896108520646046e-17	2.6630411459209783e-17
4221.499999999999	4.1811573000840586e-17	2.879820038180505e-17
4221.749999999999	4.295119576071666e-17	2.6497428940852083e-17
4221.999999999999	4.216263100456335e-17	2.7268698761441427e-17
4222.249999999999	3.858375504396978e-17	2.97044760045304e-17
4222.499999999999	3.2421874244569436e-17	2.5565239403896674e-17
4222.749999999999	2.585409324359296e-17	2.494293157673833e-17
4222.999999999999	2.152181121594556e-17	2.5134059929074832e-17
4223.249999999999	2.026386739468713e-17	2.608510256655155e-17
4223.499999999999	2.075004881521521e-17	2.7175849392043574e-17
4223.749999999999	2.1180326433127828e-17	2.563399465641208e-17
4223.999999999999	2.0996896401438522e-17	2.641175288172629e-17
4224.249999999999	2.1086606841813274e-17	2.5331852048426062e-17
4224.499999999999	2.2686963930425126e-17	2.4315804595331252e-17
4224.749999999999	2.617880805630442e-17	2.606901224927617e-17
4224.999999999999	3.073825093761346e-17	2.6124939584852104e-17
4225.249999999999	3.4859806045790035e-17	2.6513957663852118e-17
4225.499999999999	3.7092068329348957e-17	2.713851376791538e-17
4225.749999999999	3.6588023737115595e-17	2.7430300074632236e-17
4225.999999999999	3.3478280457775563e-17	2.629300945043308e-17
4226.249999999999	2.894050149487789e-17	2.6761043130266607e-17
4226.499999999999	2.4710883709267623e-17	2.4974675459925665e-17
4226.749999999999	2.2196728066333754e-17	2.453324059986939e-17
4226.999999999999	2.1882904362575566e-17	2.695180256004991e-17
4227.249999999999	2.3505189040198686e-17	2.5200247612968875e-17
4227.499999999999	2.6557035640403364e-17	2.5113244756140548e-17
4227.749999999999	3.04559502286369e-17	2.5689624206967498e-17
4227.999999999999	3.445490335124023e-17	2.6463587327631314e-17
4228.249999999999	3.773841745611933e-17	2.6878894860859488e-17
4228.499999999999	3.969797610894615e-17	2.6309425676869806e-17
4228.749999999999	4.016584665098478e-17	2.768258685273846e-17
4228.999999999999	3.948449237800263e-17	2.7885522381138544e-17
4229.249999999999	3.81864393640193e-17	2.6709546174051506e-17
4229.499999999999	3.631246716338097e-17	2.6971176784357128e-17
4229.749999999999	3.31963886103815e-17	2.799294336420713e-17
4229.999999999999	2.836630846662773e-17	2.7882726510668115e-17
4230.249999999999	2.2585252492239256e-17	2.649170650537444e-17
4230.499999999999	1.7446118767548104e-17	2.4586853484091403e-17
4230.749999999999	1.3857854563883621e-17	2.5718621850521156e-17
4230.999999999999	1.1472886330936643e-17	2.6050299769458994e-17
4231.249999999999	9.753902399434062e-18	2.5299783910438606e-17
4231.499999999999	9.006787415730687e-18	2.4534029730173766e-17
4231.749999999999	9.984612511742265e-18	2.546005180848198e-17
4231.999999999999	1.2850601544467159e-17	2.5219482870933183e-17
4232.249999999999	1.6935384699184105e-17	2.6271828663668046e-17
4232.499999999999	2.136188530251315e-17	2.618174869496102e-17
4232.749999999999	2.5621953041092656e-17	2.5394598660971884e-17
4232.999999999999	2.9618310288382147e-17	2.7577071693801195e-17
4233.249999999999	3.336165857937204e-17	2.5870723821557407e-17
4233.499999999999	3.6627122139333217e-17	2.6629617365821732e-17
4233.749999999999	3.8875840003534855e-17	2.7317383303573848e-17
4233.999999999999	3.971259863697756e-17	2.6398703280382654e-17
4234.249999999999	3.9596257254509717e-17	2.816719061460265e-17
4234.499999999999	3.9918441271196175e-17	2.6063590907541496e-17
4234.749999999999	4.2003818049675236e-17	2.6472510952079536e-17
4234.999999999999	4.583739502901926e-17	2.805972661814221e-17
4235.249999999999	4.976097515532679e-17	2.6891238049960004e-17
4235.499999999999	5.140007964516477e-17	2.6569646771411638e-17
4235.749999999999	4.9133529555868046e-17	2.746505324088804e-17
4235.999999999999	4.333799252389168e-17	2.7587568615774493e-17
4236.249999999999	3.658122142299758e-17	2.632311882473001e-17
4236.499999999999	3.214141832193668e-17	2.420768878054812e-17
4236.749999999999	3.172921963970073e-17	2.686770476153287e-17
4236.999999999999	3.4477721015694523e-17	2.6790024230208015e-17
4237.249999999999	3.793021998107233e-17	2.6168411234764216e-17
4237.499999999999	3.967528459026805e-17	2.697836994696389e-17
4237.749999999999	3.8374798040311604e-17	2.788279930256202e-17
4237.999999999999	3.417432684782943e-17	2.5995303839252794e-17
4238.249999999999	2.863155109427713e-17	2.6036102041425134e-17
4238.499999999999	2.3984818636797325e-17	2.659284918759375e-17
4238.749999999999	2.201288983848637e-17	2.4195267836470025e-17
4238.999999999999	2.321902779150018e-17	2.580090316041303e-17
4239.249999999999	2.6811637423060435e-17	2.4502158461172098e-17
4239.499999999999	3.1399860084447045e-17	2.594228983379427e-17
4239.749999999999	3.5999090903375606e-17	2.8803550586007046e-17
4239.999999999999	4.0644307178460727e-17	2.4361997669458663e-17
4240.249999999999	4.5846032141508936e-17	2.7406995088054167e-17
4240.499999999999	5.1132956559646674e-17	2.725188383394945e-17
4240.749999999999	5.4332716800807525e-17	2.7564814531484384e-17
4240.999999999999	5.2926326799453885e-17	3.029533111607703e-17
4241.249999999999	4.650802882976457e-17	2.751851061515489e-17
4241.499999999999	3.7744519830591046e-17	2.5856570761276625e-17
4241.749999999999	3.0595736287729446e-17	2.516459612856784e-17
4241.999999999999	2.7484331950632016e-17	2.541817165406842e-17
4242.249999999999	2.7980299791343624e-17	2.613594108699906e-17
4242.499999999999	2.975940886245207e-17	2.5763349160603124e-17
4242.749999999999	3.0704618835300804e-17	2.6608651646015963e-17
4242.999999999999	3.052080929988865e-17	2.65269642518039e-17
4243.249999999999	3.062503547530662e-17	2.5418140221205144e-17
4243.499999999999	3.228968966428334e-17	2.5571305946509138e-17
4243.749999999999	3.481088039978897e-17	2.752597509300257e-17
4243.999999999999	3.579835572161525e-17	2.7693876213738583e-17
4244.249999999999	3.343636498109093e-17	2.675376724959859e-17
4244.499999999999	2.836642195428926e-17	2.5682692433434303e-17
4244.749999999999	2.3435717772336302e-17	2.5985966624498295e-17
4244.999999999999	2.1712105886799838e-17	2.5033403629055705e-17
4245.249999999999	2.4335439935582127e-17	2.5341836118419577e-17
4245.499999999999	2.9703238265147787e-17	2.6912114434259617e-17
4245.749999999999	3.4711944351515853e-17	2.870211508185089e-17
4245.999999999999	3.7169773099622036e-17	2.7147305043465594e-17
4246.249999999999	3.7196888117457675e-17	2.6456402436830678e-17
4246.499999999999	3.6396974058401553e-17	2.608656667623577e-17
4246.749999999999	3.606146859113961e-17	2.632438275670599e-17
4246.999999999999	3.64921503690782e-17	2.809897468384663e-17
4247.249999999999	3.771777308050222e-17	2.633880713222769e-17
4247.499999999999	4.00568997532591e-17	2.6129421249410916e-17
4247.749999999999	4.351512100978943e-17	2.638038950162073e-17
4247.999999999999	4.6891808781008215e-17	2.6502630252543817e-17
4248.249999999999	4.808828198179532e-17	2.908251559322933e-17
4248.499999999999	4.569443541840366e-17	2.775958247851612e-17
4248.749999999999	4.0248228790249575e-17	2.68923382001747e-17
4248.999999999999	3.3744895267314307e-17	2.6519008428672366e-17
4249.249999999999	2.7979946682333226e-17	2.566103519063644e-17
4249.499999999999	2.366955394282731e-17	2.691137328043077e-17
4249.749999999999	2.1095910100097568e-17	2.615591915315344e-17
4249.999999999999	2.0809107000116134e-17	2.4640929589456444e-17
4250.249999999999	2.2983575407795448e-17	2.4357458102256972e-17
4250.499999999999	2.6456962014813874e-17	2.813149280808731e-17
4250.749999999999	2.9359082562745056e-17	2.6662014721692984e-17
4250.999999999999	3.087695638399925e-17	2.6096592105259912e-17
4251.249999999999	3.1873953385217884e-17	2.603767864767266e-17
4251.499999999999	3.37171506342233e-17	2.61845611090437e-17
4251.749999999999	3.693835143497921e-17	2.7536926964312772e-17
4251.999999999999	4.091104847138169e-17	2.66411995487587e-17
4252.249999999999	4.411013392673663e-17	2.7253635802486836e-17
4252.499999999999	4.456207927366905e-17	2.8183482763947495e-17
4252.749999999999	4.090939578829785e-17	2.775261927211965e-17
4252.999999999999	3.3837260767226215e-17	2.732165486425707e-17
4253.249999999999	2.6301421071333405e-17	2.4660748836933215e-17
4253.499999999999	2.1645146825205358e-17	2.410821038572127e-17
4253.749999999999	2.1098899674294257e-17	2.5730346308523483e-17
4253.999999999999	2.317835363073331e-17	2.69738369972071e-17
4254.249999999999	2.549142296748669e-17	2.6532665180585617e-17
4254.499999999999	2.685142837685531e-17	2.5505151349839597e-17
4254.749999999999	2.765495984390891e-17	2.5529022127956652e-17
4254.999999999999	2.879796836034468e-17	2.6865564018107583e-17
4255.249999999999	3.070615826797428e-17	2.6804324528637832e-17
4255.499999999999	3.3129991986358893e-17	2.589730940644486e-17
4255.749999999999	3.5259857929007687e-17	2.6424072909769655e-17
4255.999999999999	3.595517127427442e-17	2.7286810708133888e-17
4256.249999999999	3.434844826672843e-17	2.700512262233508e-17
4256.499999999999	3.064745688108025e-17	2.6682009331459616e-17
4256.749999999999	2.6379011501943378e-17	2.6038697734187325e-17
4256.999999999999	2.3630208137751854e-17	2.5208934663761907e-17
4257.249999999999	2.375514345541696e-17	2.4843385353101248e-17
4257.499999999999	2.6577843168078553e-17	2.5892758258714595e-17
4257.749999999999	3.0765200717384444e-17	2.7304027645403566e-17
4257.999999999999	3.4960745576699286e-17	2.5703749143107453e-17
4258.249999999999	3.8543332596473434e-17	2.51885661683584e-17
4258.499999999999	4.1457448497620985e-17	2.684662489080257e-17
4258.749999999999	4.3681761432517804e-17	2.6508892009780843e-17
4258.999999999999	4.500306429080326e-17	2.716408026628817e-17
4259.249999999999	4.50344306936942e-17	2.620895135658544e-17
4259.499999999999	4.3279996341924653e-17	2.6046448416526947e-17
4259.749999999999	3.945993270536303e-17	2.8077544088536604e-17
4259.999999999999	3.4020659945278267e-17	2.4888996092077422e-17
4260.249999999999	2.807578155146889e-17	2.5368798897666356e-17
4260.499999999999	2.2537439105289496e-17	2.582449931456672e-17
4260.749999999999	1.7476067832135748e-17	2.578669550621182e-17
4260.999999999999	1.2607968116209878e-17	2.604795884832547e-17
4261.249999999999	8.255742241788018e-18	2.476683805921559e-17
4261.499999999999	5.508795406412075e-18	2.444352789935434e-17
4261.749999999999	5.426725426506566e-18	2.497484585913185e-17
4261.999999999999	8.227952262395874e-18	2.579364216899604e-17
4262.249999999999	1.3167866624630182e-17	2.5222243999817885e-17
4262.499999999999	1.897479404367228e-17	2.592160204667432e-17
4262.749999999999	2.440904058415386e-17	2.650315964813585e-17
4262.999999999999	2.866123102483421e-17	2.6752620777269593e-17
4263.249999999999	3.1378038325971116e-17	2.659622243013174e-17
4263.499999999999	3.22658021564397e-17	2.6300396173303177e-17
4263.749999999999	3.0747670429167235e-17	2.751919386634086e-17
4263.999999999999	2.6361971755453335e-17	2.7310209993301788e-17
4264.249999999999	1.9756740527771683e-17	2.5648258558894946e-17
4264.499999999999	1.3122578821098424e-17	2.322572613177417e-17
4264.749999999999	9.246138509564961e-18	2.4188111069810216e-17
4264.999999999999	9.796558001643725e-18	2.4924505301413098e-17
4265.249999999999	1.4219315317488867e-17	2.5272670584320343e-17
4265.499999999999	2.0046868844846485e-17	2.5731014670458426e-17
4265.749999999999	2.442362885911691e-17	2.738658027053636e-17
4265.999999999999	2.585691435632002e-17	2.5212653667795946e-17
4266.249999999999	2.4892436601866472e-17	2.530842960220101e-17
4266.499999999999	2.3143403103273186e-17	2.5807874638615628e-17
4266.749999999999	2.1642757120554957e-17	2.5753535489815795e-17
4266.999999999999	2.0130887067107242e-17	2.6708100262340764e-17
4267.249999999999	1.77549685297977e-17	2.619267740521407e-17
4267.499999999999	1.418576381756136e-17	2.5523324507897387e-17
4267.749999999999	1.0057477386337645e-17	2.486401523757832e-17
4267.999999999999	6.6374631851150236e-18	2.4462137808775558e-17
4268.249999999999	5.260547040922122e-18	2.3844017169877957e-17
4268.499999999999	6.8301829427477025e-18	2.4295393086535893e-17
4268.749999999999	1.1438427385037661e-17	2.4792383050892454e-17
4268.999999999999	1.8317807735227532e-17	2.5187040847308854e-17
4269.249999999999	2.6238642616015672e-17	2.5822851570786513e-17
4269.499999999999	3.392168147993979e-17	2.5002695375995286e-17
4269.749999999999	4.002961554030751e-17	2.5644456836799652e-17
4269.999999999999	4.3103411693673834e-17	2.669043830190153e-17
4270.249999999999	4.2119115044944265e-17	2.725208235729646e-17
4270.499999999999	3.743721727840874e-17	2.6126430164315925e-17
4270.749999999999	3.1025021251068024e-17	2.497497489930741e-17
4270.999999999999	2.5310514551940923e-17	2.4095953223404458e-17
4271.249999999999	2.1468146339026406e-17	2.4306196065335836e-17
4271.499999999999	1.8705551860804226e-17	2.5557480449750926e-17
4271.749999999999	1.5238196339246423e-17	2.5339460455700325e-17
4271.999999999999	1.0007072911329745e-17	2.5172548642976925e-17
4272.249999999999	3.6076901889104314e-18	2.470854664144898e-17
4272.499999999999	-2.211194617514134e-18	2.4012075454930356e-17
4272.749999999999	-5.901491544481204e-18	2.314957919330499e-17
4272.999999999999	-7.151457363056318e-18	2.3943144840125087e-17
4273.249999999999	-6.746040185126452e-18	2.4256705849286788e-17
4273.499999999999	-5.544236357648147e-18	2.4012360005061074e-17
4273.749999999999	-3.782364266836909e-18	2.3576359721629274e-17
4273.999999999999	-1.3375707370097192e-18	2.4154807123987606e-17
4274.249999999999	1.7102615402866372e-18	2.4548991773093626e-17
4274.499999999999	5.0408613325507785e-18	2.421080559709622e-17
4274.749999999999	8.479638308408476e-18	2.4212598924664236e-17
4274.999999999999	1.2210006325912926e-17	2.4914706519876795e-17
4275.249999999999	1.652094690044631e-17	2.516001520233552e-17
4275.499999999999	2.1246167632559207e-17	2.5740487542833383e-17
4275.749999999999	2.5397343211091556e-17	2.6592864076844776e-17
4275.999999999999	2.756097377438795e-17	2.6773852849232604e-17
4276.249999999999	2.697412037762882e-17	2.572894837328827e-17
4276.499999999999	2.4284273195191957e-17	2.6179922280168504e-17
4276.749999999999	2.111416369184114e-17	2.461590903028794e-17
4276.999999999999	1.882926694045446e-17	2.4991650860456478e-17
4277.249999999999	1.7793088397128703e-17	2.6342544334235204e-17
4277.499999999999	1.7693547290633524e-17	2.548951598190112e-17
4277.749999999999	1.8199645215607963e-17	2.4576742028283555e-17
4277.999999999999	1.9083284818059577e-17	2.5263225836086213e-17
4278.249999999999	1.9927544122440954e-17	2.5721526908832443e-17
4278.499999999999	2.002109372776376e-17	2.5339460455700325e-17
4278.749999999999	1.861551061003857e-17	2.5004740166469517e-17
4278.999999999999	1.5350217821202258e-17	2.490223759932317e-17
4279.249999999999	1.0647464911076893e-17	2.4827048536003326e-17
4279.499999999999	5.847756169928711e-18	2.4359137278900455e-17
4279.749999999999	2.8161427223720954e-18	2.351547261110047e-17
4279.999999999999	3.0465121782439187e-18	2.2956720379127026e-17
4280.249999999999	6.816556143160014e-18	2.4588024771838778e-17
4280.499999999999	1.3061588334186128e-17	2.5101316811707533e-17
4280.749999999999	2.0003918937980757e-17	2.4921931115346833e-17
4280.999999999999	2.5932102756269662e-17	2.5183280484244188e-17
4281.249999999999	2.972995996005961e-17	2.691144441796345e-17
4281.499999999999	3.123626170521785e-17	2.6511659756110445e-17
4281.749999999999	3.131537110882197e-17	2.5288504475605833e-17
4281.999999999999	3.126596139341302e-17	2.452763231531628e-17
4282.249999999999	3.1814144526552924e-17	2.612205768759797e-17
4282.499999999999	3.2602243193077746e-17	2.526905745940471e-17
4282.749999999999	3.268581146836162e-17	2.5588992722366746e-17
4282.999999999999	3.160292942174472e-17	2.6103556966017608e-17
4283.249999999999	3.007669385394438e-17	2.5886531243063296e-17
4283.499999999999	2.9612894724845395e-17	2.3431184561042542e-17
4283.749999999999	3.116073998769195e-17	2.434550865112803e-17
4283.999999999999	3.409543232750177e-17	2.612750384475102e-17
4284.249999999999	3.667906043472262e-17	2.6894871027210337e-17
4284.499999999999	3.7546239795022364e-17	2.557217779487477e-17
4284.749999999999	3.660671243875931e-17	2.4563515410288832e-17
4284.999999999999	3.4639011103953176e-17	2.637952096197755e-17
4285.249999999999	3.2420619335355645e-17	2.592100316791083e-17
4285.499999999999	3.036336810782617e-17	2.4466394480207756e-17
4285.749999999999	2.8613500993350005e-17	2.5287290174466605e-17
4285.999999999999	2.7132342063051375e-17	2.4262221489611292e-17
4286.249999999999	2.5652294231318414e-17	2.497429826556634e-17
4286.499999999999	2.3734708452405178e-17	2.527941872375755e-17
4286.749999999999	2.1100620919757035e-17	2.4830286120920858e-17
4286.999999999999	1.810691571193907e-17	2.509284317351254e-17
4287.249999999999	1.5920560887243e-17	2.4106489850047158e-17
4287.499999999999	1.6010992701340424e-17	2.3406046542227055e-17
4287.749999999999	1.9186550672302715e-17	2.3949601811986676e-17
4287.999999999999	2.49300138362193e-17	2.548468855584626e-17
4288.249999999999	3.1538024079110904e-17	2.4519291026019297e-17
4288.499999999999	3.685021656687864e-17	2.5313190853806866e-17
4288.749999999999	3.91050629679768e-17	2.5936426777612494e-17
4288.999999999999	3.7751034252651e-17	2.5904648152839432e-17
4289.249999999999	3.405661933415662e-17	2.5107059099519876e-17
4289.499999999999	3.092576820715081e-17	2.44374630111031e-17
4289.749999999999	3.135885570625971e-17	2.368026849581696e-17
4289.999999999999	3.617416806151698e-17	2.3991976620406542e-17
4290.249999999999	4.296194542171173e-17	2.6147141112493027e-17
4290.499999999999	4.772816876216733e-17	3.017258413061906e-17
4290.749999999999	4.80014848963285e-17	2.5238412072070847e-17
4290.999999999999	4.4381366332540686e-17	2.5775409453934147e-17
4291.249999999999	3.9259993107312096e-17	2.58850621702954e-17
4291.499999999999	3.459309162832827e-17	2.444360234560947e-17
4291.749999999999	3.107728909075319e-17	2.595826600014512e-17
4291.999999999999	2.891265336564537e-17	2.4595654685808967e-17
4292.249999999999	2.868928222575716e-17	2.446519672268078e-17
4292.499999999999	3.131254223596735e-17	2.452239295331637e-17
4292.749999999999	3.713382623425636e-17	2.4496091918559634e-17
4292.999999999999	4.5204634313355725e-17	2.6636865122348922e-17
4293.249999999999	5.338731462269088e-17	2.7023499266823558e-17
4293.499999999999	5.925100889346256e-17	2.7150545937105577e-17
4293.749999999999	6.104451809267585e-17	2.67664065693584e-17
4293.999999999999	5.818450596992882e-17	2.5713369253631445e-17
4294.249999999999	5.1290664092751535e-17	2.6688590380413088e-17
4294.499999999999	4.2005108062860696e-17	2.5785792224982913e-17
4294.749999999999	3.258524777303973e-17	2.5016815349051566e-17
4294.999999999999	2.5222759421562523e-17	2.4657744516948422e-17
4295.249999999999	2.1378733604124894e-17	2.4266600583774147e-17
4295.499999999999	2.153344609923216e-17	2.446522319246038e-17
4295.749999999999	2.5364073984228125e-17	2.4104368958956572e-17
4295.999999999999	3.2042040304146957e-17	2.4558977497448366e-17
4296.249999999999	4.047670286514856e-17	2.5884023231446035e-17
4296.499999999999	4.9496234278253214e-17	2.6950465836180026e-17
4296.749999999999	5.784206982094105e-17	2.4668923035746464e-17
4296.999999999999	6.39849734366541e-17	2.6697952410585963e-17
4297.249999999999	6.628514068857009e-17	2.827998496293038e-17
4297.499999999999	6.389609407142816e-17	2.696696808940046e-17
4297.749999999999	5.771572046101181e-17	2.7183346957115755e-17
4297.999999999999	5.0141510078898674e-17	2.5151644134536485e-17
4298.249999999999	4.354499804075802e-17	2.500262589282383e-17
4298.499999999999	3.893244021827649e-17	2.5672400652252918e-17
4298.749999999999	3.608075284331181e-17	2.5128011584435845e-17
4298.999999999999	3.4658784104976624e-17	2.4898957001013786e-17
4299.249999999999	3.4810320133623173e-17	2.4334391343695318e-17
4299.499999999999	3.666692094437895e-17	2.4633147474253545e-17
4299.749999999999	3.97240646510655e-17	2.5466086918231167e-17
4299.999999999999	4.2968642945193913e-17	2.5836341232216028e-17
4300.249999999999	4.547931310544003e-17	2.552984434548553e-17
4300.499999999999	4.6754707731679633e-17	2.6262478214023746e-17
4300.749999999999	4.6663462776025933e-17	2.6132405717061008e-17
4300.999999999999	4.5397203132999124e-17	2.5076291289455354e-17
4301.249999999999	4.350109868766336e-17	2.5345632877431195e-17
4301.499999999999	4.1716155283320706e-17	2.4841664817427138e-17
4301.749999999999	4.059722194528087e-17	2.498709640400376e-17
4301.999999999999	4.02368587050096e-17	2.5148530626710835e-17
4302.249999999999	4.0341461905326274e-17	2.4872272154452825e-17
4302.499999999999	4.0520215163947293e-17	2.4109201348095107e-17
4302.749999999999	4.0518072775516825e-17	2.4858805654080462e-17
4302.999999999999	4.0328753308026457e-17	2.5886322793548932e-17
4303.249999999999	4.0197638539904356e-17	2.6001130499487617e-17
4303.499999999999	4.0394232017916763e-17	2.4428152266128204e-17
4303.749999999999	4.08045258929729e-17	2.5204413294533692e-17
4303.999999999999	4.082794708210411e-17	2.557607877864357e-17
4304.249999999999	3.992516126800733e-17	2.6166657611865603e-17
4304.499999999999	3.8302073469766516e-17	2.598586736282479e-17
4304.749999999999	3.682524228594762e-17	2.3259728218033775e-17
4304.999999999999	3.6132998821238106e-17	2.618982528646199e-17
4305.249999999999	3.593388078133275e-17	2.565080627518161e-17
4305.499999999999	3.52107376450269e-17	2.5311342932318422e-17
4305.749999999999	3.2954106129517414e-17	2.575391599289757e-17
4305.999999999999	2.8718268177562343e-17	2.4661850641509136e-17
4306.249999999999	2.2878265757798018e-17	2.4699661067308934e-17
4306.499999999999	1.6738313032506956e-17	2.414090552661304e-17
4306.749999999999	1.2255695439139289e-17	2.31131005282914e-17
4306.999999999999	1.1116109499146267e-17	2.243009584214514e-17
4307.249999999999	1.364723093256565e-17	2.4655860199513027e-17
4307.499999999999	1.851266661230139e-17	2.380890004415263e-17
4307.749999999999	2.350613811237995e-17	2.4777240682599058e-17
4307.999999999999	2.6831005406955296e-17	2.5753677764881154e-17
4308.249999999999	2.795779420638238e-17	2.481009133344599e-17
4308.499999999999	2.7526125190800575e-17	2.4358857691853412e-17
4308.749999999999	2.6482125107478435e-17	2.4768659510924433e-17
4308.999999999999	2.525331942456861e-17	2.514361055642737e-17
4309.249999999999	2.3610643841887502e-17	2.4823235233379456e-17
4309.499999999999	2.1097691859537402e-17	2.3315711801891364e-17
4309.749999999999	1.7488030730433422e-17	2.4993646020093956e-17
4309.999999999999	1.2957658846225302e-17	2.337820033408607e-17
4310.249999999999	7.989198800081578e-18	2.3187761850380437e-17
4310.499999999999	3.1995786284405927e-18	2.4575623680095383e-17
4310.749999999999	-7.164392090681762e-19	2.2997316749229903e-17
4310.999999999999	-3.013198460753501e-18	2.239313741237627e-17
4311.249999999999	-3.1504736482165126e-18	2.1861892244492665e-17
4311.499999999999	-1.150728208058866e-18	2.2355515583756134e-17
4311.749999999999	2.435690508414539e-18	2.3474854734301666e-17
4311.999999999999	7.015027298428053e-18	2.2700119026945726e-17
4312.249999999999	1.2259450796371482e-17	2.3131119830755256e-17
4312.499999999999	1.7808730784880258e-17	2.367707392429128e-17
4312.749999999999	2.285393483247405e-17	2.4829578054316513e-17
4312.999999999999	2.640637568592749e-17	2.6636956112216303e-17
4313.249999999999	2.8120609577115916e-17	2.590140725919945e-17
4313.499999999999	2.854085970925089e-17	2.429619214300762e-17
4313.749999999999	2.8170098937174775e-17	2.4239546814659988e-17
4313.999999999999	2.640105386330909e-17	2.5191668095655475e-17
4314.249999999999	2.185959459892315e-17	2.580501755677987e-17
4314.499999999999	1.4131865737931273e-17	2.5881985058416704e-17
4314.749999999999	5.033024637276396e-18	2.358698237505568e-17
4314.999999999999	-2.159199529812779e-18	2.1949060537443503e-17
4315.249999999999	-4.922099811772664e-18	2.2543078787652533e-17
4315.499999999999	-3.0392143299029044e-18	2.529407305548954e-17
4315.749999999999	1.739747848611196e-18	2.3610591764099168e-17
4315.999999999999	7.12421616255905e-18	2.39558304819992e-17
4316.249999999999	1.1393772876083575e-17	2.5080647222561058e-17
4316.499999999999	1.3809405898982611e-17	2.561144736727511e-17
4316.749999999999	1.4620719116236216e-17	2.3343903771528397e-17
4316.999999999999	1.4728204508295695e-17	2.4225746133320153e-17
4317.249999999999	1.5022921132345824e-17	2.409996504937534e-17
4317.499999999999	1.5848092002529488e-17	2.3781541872573052e-17
4317.749999999999	1.706248809272115e-17	2.4066118473070895e-17
4317.999999999999	1.8628904585538465e-17	2.4152897991133833e-17
4318.249999999999	2.1101646975503156e-17	2.4327292479678388e-17
4318.499999999999	2.537078936593256e-17	2.3469274573889384e-17
4318.749999999999	3.17250730021429e-17	2.3551605514618012e-17
4318.999999999999	3.918667598800539e-17	2.6300389555858277e-17
4319.249999999999	4.594666111628384e-17	2.6692610478190096e-17
4319.499999999999	5.046573435112614e-17	2.519562532770593e-17
4319.749999999999	5.2102228050483014e-17	2.5290837124933233e-17
4319.999999999999	5.097370536264682e-17	2.6223903473337948e-17
4320.249999999999	4.771632711874457e-17	2.5323361866618818e-17
4320.499999999999	4.346084048955923e-17	2.4772755709317795e-17
4320.749999999999	3.956059283559438e-17	2.4396623449900133e-17
4320.999999999999	3.684140570023055e-17	2.4347482304069582e-17
4321.249999999999	3.5064290545305044e-17	2.4894690403414237e-17
4321.499999999999	3.339207352418302e-17	2.6318491576383387e-17
4321.749999999999	3.1522849110771586e-17	2.4501946702935285e-17
4321.999999999999	3.021297858113345e-17	2.32460631943144e-17
4322.249999999999	3.053592613728317e-17	2.3453842692381594e-17
4322.499999999999	3.270729892134003e-17	2.4678134519047854e-17
4322.749999999999	3.574416950005461e-17	2.4081590059248087e-17
4322.999999999999	3.8178815519651936e-17	2.5233068485313754e-17
4323.249999999999	3.8982297787445395e-17	2.483196198884189e-17
4323.499999999999	3.794265395727147e-17	2.4163029299276383e-17
4323.749999999999	3.550329964757699e-17	2.465489239819634e-17
4323.999999999999	3.2436211315834456e-17	2.3839480911398716e-17
4324.249999999999	2.952010563117009e-17	2.3910449699233316e-17
4324.499999999999	2.7218875182493277e-17	2.3829354566339842e-17
4324.749999999999	2.551655149675214e-17	2.3886635169397914e-17
4324.999999999999	2.4175689856822438e-17	2.4820785124405074e-17
4325.249999999999	2.3339725973420347e-17	2.439737122117388e-17
4325.499999999999	2.387566980879954e-17	2.29301761532702e-17
4325.749999999999	2.6890464369908507e-17	2.240436059892739e-17
4325.999999999999	3.264661335456021e-17	2.335379354293208e-17
4326.249999999999	3.9833873703897166e-17	2.531575842242823e-17
4326.499999999999	4.595724231673935e-17	2.6310863316774423e-17
4326.749999999999	4.8666473358896406e-17	2.6269793799361165e-17
4326.999999999999	4.709127602460061e-17	2.5412751966694973e-17
4327.249999999999	4.2266326508226995e-17	2.4269451048165005e-17
4327.499999999999	3.645377022218728e-17	2.4284394893111388e-17
4327.749999999999	3.1972517651779625e-17	2.4534587249906627e-17
4327.999999999999	3.0305749970134984e-17	2.372349695462898e-17
4328.249999999999	3.175419697178132e-17	2.363567684335545e-17
4328.499999999999	3.546157289881965e-17	2.4841107297694277e-17
4328.749999999999	3.97070586464301e-17	2.4715809287227195e-17
4328.999999999999	4.2557412666463295e-17	2.5426134094644856e-17
4329.249999999999	4.280729933228912e-17	2.52794154150351e-17
4329.499999999999	4.071299712589907e-17	2.4580859733372844e-17
4329.749999999999	3.789012774058156e-17	2.3791995781154497e-17
4329.999999999999	3.627476107602674e-17	2.3321374680364902e-17
4330.249999999999	3.688340370087855e-17	2.443798744361146e-17
4330.499999999999	3.9344132422549677e-17	2.5402996198550523e-17
4330.749999999999	4.243364633900872e-17	2.5523599131860754e-17
4330.999999999999	4.495378986455343e-17	2.4495193600414402e-17
4331.249999999999	4.623389843314728e-17	2.6015566455537893e-17
4331.499999999999	4.619195757362166e-17	2.561376347299026e-17
4331.749999999999	4.5234932607307205e-17	2.5070879873888032e-17
4331.999999999999	4.404645328034329e-17	2.457309912486587e-17
4332.249999999999	4.316517125106577e-17	2.3283223456152732e-17
4332.499999999999	4.2547685537755706e-17	2.4984424610625215e-17
4332.749999999999	4.15568557631072e-17	2.435281761902055e-17
4332.999999999999	3.955638822884829e-17	2.47470965667164e-17
4333.249999999999	3.669524426424803e-17	2.6124054501596672e-17
4333.499999999999	3.410426193129241e-17	2.370055096443676e-17
4333.749999999999	3.312578478905419e-17	2.3608834832478105e-17
4333.999999999999	3.4202184546866754e-17	2.4717964919903508e-17
4334.249999999999	3.6531970692526193e-17	2.537759348193902e-17
4334.499999999999	3.876644752652253e-17	2.4792277171774047e-17
4334.749999999999	3.988558715107343e-17	2.3899906455145715e-17
4334.999999999999	3.948218897316189e-17	2.5265118425327734e-17
4335.249999999999	3.7642328818506826e-17	2.50672468966377e-17
4335.499999999999	3.491843552258082e-17	2.4245550491545898e-17
4335.749999999999	3.2352006130881844e-17	2.4269345169046598e-17
4335.999999999999	3.1182222887129e-17	2.3974983021902253e-17
4336.249999999999	3.2200032440741347e-17	2.3522485448333695e-17
4336.499999999999	3.516889569708801e-17	2.359089328499183e-17
4336.749999999999	3.8856534310798653e-17	2.4616458278214676e-17
4336.999999999999	4.1810086258370417e-17	2.6489521094196076e-17
4337.249999999999	4.327320629813608e-17	2.322129409805211e-17
4337.499999999999	4.343177058379864e-17	2.4114783162868615e-17
4337.749999999999	4.2921673931243687e-17	2.4968367380574335e-17
4337.999999999999	4.2283988025418535e-17	2.4677768905217106e-17
4338.249999999999	4.183570375242833e-17	2.3986052352859437e-17
4338.499999999999	4.178323016235293e-17	2.5123844248509802e-17
4338.749999999999	4.2289077076307836e-17	2.466254216450123e-17
4338.999999999999	4.3465470304500066e-17	2.4389511350993402e-17
4339.249999999999	4.5359742072154554e-17	2.4684980265797343e-17
4339.499999999999	4.7946853475979915e-17	2.4003841699113003e-17
4339.749999999999	5.1144875049202636e-17	2.5182145592443765e-17
4339.999999999999	5.48198139703306e-17	2.4728013509984802e-17
4340.249999999999	5.867428685318773e-17	2.4200709030539398e-17
4340.499999999999	6.207918535993402e-17	2.484168136103939e-17
4340.749999999999	6.41537058714698e-17	2.6462164576977722e-17
4340.999999999999	6.420104713679835e-17	2.438971814614654e-17
4341.249999999999	6.211960942889428e-17	2.382706989348797e-17
4341.499999999999	5.842814772876828e-17	2.479084614931433e-17
4341.749999999999	5.404685300937158e-17	2.5921542489670215e-17
4341.999999999999	5.008281214191505e-17	2.3894318022927307e-17
4342.249999999999	4.7511173589822834e-17	2.3955731220325694e-17
4342.499999999999	4.6677787287132737e-17	2.4798883036145895e-17
4342.749999999999	4.702587041601704e-17	2.5356650923190402e-17
4342.999999999999	4.7459333542150714e-17	2.504469960750073e-17
4343.249999999999	4.7102042639560094e-17	2.5372405405137087e-17
4343.499999999999	4.5773922022788966e-17	2.4614469736022098e-17
4343.749999999999	4.384369171528505e-17	2.4726936520827258e-17
4343.999999999999	4.177004531605496e-17	2.4960906211449107e-17
4344.249999999999	3.986154390943242e-17	2.3265621052717603e-17
4344.499999999999	3.841023064761229e-17	2.5181414364782268e-17
4344.749999999999	3.7868297498258963e-17	2.4034181029620223e-17
4344.999999999999	3.8694992614189275e-17	2.347638501843489e-17
4345.249999999999	4.093311507880752e-17	2.4442945564203102e-17
4345.499999999999	4.3933792324578074e-17	2.450561276741012e-17
4345.749999999999	4.650040797804007e-17	2.4637614249561332e-17
4345.999999999999	4.7358457843126916e-17	2.487842968693267e-17
4346.249999999999	4.575402898825056e-17	2.535957583383639e-17
4346.499999999999	4.199299761685453e-17	2.5576364983135512e-17
4346.749999999999	3.757016535849081e-17	2.3442677408473354e-17
4346.999999999999	3.4545280616332306e-17	2.309313238830437e-17
4347.249999999999	3.4373433515031304e-17	2.2970562419497488e-17
4347.499999999999	3.702836795846007e-17	2.323820332413392e-17
4347.749999999999	4.11739392477288e-17	2.416772603079446e-17
4347.999999999999	4.526934785288827e-17	2.4921792149003924e-17
4348.249999999999	4.8641400707893985e-17	2.4163136832756015e-17
4348.499999999999	5.160649311344087e-17	2.4150714234316693e-17
4348.749999999999	5.4680542200746974e-17	2.4729188106454627e-17
4348.999999999999	5.778100383852943e-17	2.5428858827582606e-17
4349.249999999999	6.020628024117174e-17	2.6159672898773206e-17
4349.499999999999	6.131454434387017e-17	2.5069617596273276e-17
4349.749999999999	6.117062155505799e-17	2.4918418906465933e-17
4349.999999999999	6.052955706658932e-17	2.496541765450997e-17
4350.249999999999	6.017780200321673e-17	2.290108751984916e-17
4350.499999999999	6.0270462190564e-17	2.573246719961407e-17
4350.749999999999	6.029097909829295e-17	2.5164827739139355e-17
4350.999999999999	5.959119553816811e-17	2.4391008547902123e-17
4351.249999999999	5.795131564036344e-17	2.4476302449584916e-17
4351.499999999999	5.580167225275511e-17	2.515359958950456e-17
4351.749999999999	5.4108435515288156e-17	2.3888125748861735e-17
4351.999999999999	5.390800492258582e-17	2.2806552356362924e-17
4352.249999999999	5.558548294357408e-17	2.340658917270889e-17
4352.499999999999	5.846643235570062e-17	2.5473501765242093e-17
4352.749999999999	6.124071426383317e-17	2.6685731644216105e-17
4352.999999999999	6.284784874594585e-17	2.4282259112769776e-17
4353.249999999999	6.294313614192181e-17	2.424666222228917e-17
4353.499999999999	6.172230567208711e-17	2.5139926293979058e-17
4353.749999999999	5.965035418443039e-17	2.5360730577971513e-17
4353.999999999999	5.738676669467849e-17	2.4843855191689178e-17
4354.249999999999	5.558547530502184e-17	2.296662007669806e-17
4354.499999999999	5.4456003531233975e-17	2.4101956900290368e-17
4354.749999999999	5.361131408083653e-17	2.547727867191901e-17
4354.999999999999	5.255561109097885e-17	2.461705550261694e-17
4355.249999999999	5.131148556992787e-17	2.3936029432495906e-17
4355.499999999999	5.0480594250279014e-17	2.4614977624918206e-17
4355.749999999999	5.076924379391803e-17	2.4123314703706487e-17
4355.999999999999	5.2550733989995944e-17	2.3648554391131677e-17
4356.249999999999	5.573611128582453e-17	2.4746502651036587e-17
4356.499999999999	5.97645373032018e-17	2.3372376982573697e-17
4356.749999999999	6.360222134484912e-17	2.4724537697050854e-17
4356.999999999999	6.595391762836275e-17	2.6922722198434997e-17
4357.249999999999	6.579087333625749e-17	2.8177229278516594e-17
4357.499999999999	6.286313225701016e-17	2.6909388046960642e-17
4357.749999999999	5.778789931085684e-17	2.42763894391431e-17
4357.999999999999	5.17435691280882e-17	2.4557662280274406e-17
4358.249999999999	4.6087700659197356e-17	2.3872761696164175e-17
4358.499999999999	4.202762297041628e-17	2.263491899670307e-17
4358.749999999999	4.028550075063398e-17	2.4987026920832306e-17
4358.999999999999	4.082692625769241e-17	2.2770938922270066e-17
4359.249999999999	4.286266552382116e-17	2.3876250743987923e-17
4359.499999999999	4.5226280256404546e-17	2.5164111400728884e-17
4359.749999999999	4.6944455473586824e-17	2.5020602181895834e-17
4359.999999999999	4.759876499600333e-17	2.337439695762955e-17
4360.249999999999	4.725425404045733e-17	2.3838718250873942e-17
4360.499999999999	4.6209336326092906e-17	2.4972676991565737e-17
4360.749999999999	4.491268756076951e-17	2.457800430589831e-17
4360.999999999999	4.3912783110562335e-17	2.2408642085777965e-17
4361.249999999999	4.352708922921777e-17	2.3872030468502678e-17
4361.499999999999	4.348154949184117e-17	2.446351589167607e-17
4361.749999999999	4.311843521229604e-17	2.5257038525104316e-17
4361.999999999999	4.2124201833801637e-17	2.5101090164219694e-17
4362.249999999999	4.09509137327386e-17	2.3271803400615824e-17
4362.499999999999	4.041617733974989e-17	2.3097369207401867e-17
4362.749999999999	4.100431660758711e-17	2.3960006089731368e-17
4362.999999999999	4.27082041126104e-17	2.436014643924777e-17
4363.249999999999	4.5442593513129235e-17	2.3981205074469877e-17
4363.499999999999	4.93012145779554e-17	2.3013933153374868e-17
4363.749999999999	5.423366873410167e-17	2.3440766621258356e-17
4363.999999999999	5.957051410504092e-17	2.4589037240908543e-17
4364.249999999999	6.406793225245444e-17	2.5038528840131083e-17
4364.499999999999	6.655565754326395e-17	2.526918319085782e-17
4364.749999999999	6.662444240402701e-17	2.6240485135897186e-17
4364.999999999999	6.474539329281255e-17	2.3941326697138695e-17
4365.249999999999	6.174454537407853e-17	2.510502258085177e-17
4365.499999999999	5.815210163601312e-17	2.522199253691167e-17
4365.749999999999	5.4047354116459054e-17	2.420041455424133e-17
4365.999999999999	4.950534908933445e-17	2.5240769536816623e-17
4366.249999999999	4.512882059199398e-17	2.3714927363482932e-17
4366.499999999999	4.2053621803020074e-17	2.3106683261099214e-17
4366.749999999999	4.13348452397692e-17	2.29453913134575e-17
4366.999999999999	4.322009304071301e-17	2.3026648573751033e-17
4367.249999999999	4.690188088212951e-17	2.3942100938192045e-17
4367.499999999999	5.0901065829926494e-17	2.3667377713150933e-17
4367.749999999999	5.380646577080706e-17	2.4654172751063418e-17
4367.999999999999	5.4998821753739355e-17	2.5325866569513628e-17
4368.249999999999	5.4993069425937565e-17	2.460507461862472e-17
4368.499999999999	5.507772315437703e-17	2.253863848212435e-17
4368.749999999999	5.635637281166058e-17	2.3618347409522465e-17
4368.999999999999	5.89111362247348e-17	2.4836508173488482e-17
4369.249999999999	6.1763910845659e-17	2.50633723826485e-17
4369.499999999999	6.353311262089729e-17	2.427645065050843e-17
4369.749999999999	6.318805750514055e-17	2.4769208758851168e-17
4369.999999999999	6.053986215346299e-17	2.5668875208482217e-17
4370.249999999999	5.637522867072975e-17	2.41945018672228e-17
4370.499999999999	5.209679284755872e-17	2.2461904245420255e-17
4370.749999999999	4.893067336408862e-17	2.3164410541688065e-17
4370.999999999999	4.72497732440537e-17	2.3886138861030382e-17
4371.249999999999	4.655776523764255e-17	2.4084271778793984e-17
4371.499999999999	4.6035493212672087e-17	2.3470341636879577e-17
4371.749999999999	4.51215709389374e-17	2.3259761305258277e-17
4371.999999999999	4.3797719602633803e-17	2.4723257221462622e-17
4372.249999999999	4.2544913139815356e-17	2.2576467105897624e-17
4372.499999999999	4.2004347720495817e-17	2.2345657245215727e-17
4372.749999999999	4.2522047820906163e-17	2.2898238709819527e-17
4372.999999999999	4.395867450094423e-17	2.3668130447508357e-17
4373.249999999999	4.593632329014899e-17	2.4224788258170817e-17
4373.499999999999	4.820534916127004e-17	2.2172104826534752e-17
4373.749999999999	5.0749286754584886e-17	2.4452243074288198e-17
4373.999999999999	5.363088805179309e-17	2.456105868386955e-17
4374.249999999999	5.678002776527012e-17	2.2493069102178803e-17
4374.499999999999	5.98494686057751e-17	2.3669452282127216e-17
4374.749999999999	6.229174735065431e-17	2.5234438296408142e-17
4374.999999999999	6.374547462654479e-17	2.55352193651059e-17
4375.249999999999	6.437044487659992e-17	2.4544895574700263e-17
4375.499999999999	6.457827509820152e-17	2.3140764756697624e-17
4375.749999999999	6.430921135916977e-17	2.414272036087698e-17
4375.999999999999	6.279022908669594e-17	2.6110326612150742e-17
4376.249999999999	5.929509673808682e-17	2.5649360363470866e-17
4376.499999999999	5.4165857344634456e-17	2.4477563072838447e-17
4376.749999999999	4.89035909454214e-17	2.3539933996174888e-17
4376.999999999999	4.5129830742223867e-17	2.183568881704821e-17
4377.249999999999	4.3448901565883785e-17	2.379071695992749e-17
4377.499999999999	4.329075988021207e-17	2.3949896288284745e-17
4377.749999999999	4.3737596138332306e-17	2.33583810866093e-17
4377.999999999999	4.439665110579278e-17	2.336908645809696e-17
4378.249999999999	4.5498987849270197e-17	2.317282958596263e-17
4378.499999999999	4.726876854337405e-17	2.3385176775372342e-17
4378.749999999999	4.9270766329749075e-17	2.413606486566838e-17
4378.999999999999	5.036843795889265e-17	2.4963478743154147e-17
4379.249999999999	4.9323648245919067e-17	2.5195228281011904e-17
4379.499999999999	4.555763566691541e-17	2.3744740607120568e-17
4379.749999999999	3.959643173237652e-17	2.3831176018048684e-17
4379.999999999999	3.3041927137896945e-17	2.3659686587815415e-17
4380.249999999999	2.805882387333233e-17	2.2439995539716175e-17
4380.499999999999	2.6407983128554447e-17	1.9886020804538274e-17
4380.749999999999	2.842127805182949e-17	2.2007313904901937e-17
4380.999999999999	3.271434690290332e-17	2.4409721027719297e-17
4381.249999999999	3.7032276005014055e-17	2.449445079222433e-17
4381.499999999999	3.959253341270193e-17	2.3232682720725742e-17
4381.749999999999	3.9894397471076e-17	2.3393994520702158e-17
4381.999999999999	3.86346231270617e-17	2.36797043586392e-17
4382.249999999999	3.708081503559207e-17	2.2719034993193588e-17
4382.499999999999	3.628953060847262e-17	2.1947172911285657e-17
4382.749999999999	3.64454132147081e-17	2.2076340472658262e-17
4382.999999999999	3.675539484481057e-17	2.3546685444334546e-17
4383.249999999999	3.6181092268373734e-17	2.322429014623078e-17
4383.499999999999	3.450681444748682e-17	2.310514635952109e-17
4383.749999999999	3.2702124228656515e-17	2.217123959561402e-17
4383.999999999999	3.213732287584125e-17	2.098442732250254e-17
4384.249999999999	3.340094868031096e-17	2.273148075269006e-17
4384.499999999999	3.586832114094891e-17	2.35510380687178e-17
4384.749999999999	3.834127767966225e-17	2.3309789188705485e-17
4384.999999999999	4.002946471377535e-17	2.3111365103366264e-17
4385.249999999999	4.09903601750094e-17	2.322467892111868e-17
4385.499999999999	4.182484659162874e-17	2.233525793055471e-17
4385.749999999999	4.3053935349992955e-17	2.279870737543347e-17
4385.999999999999	4.467672461331853e-17	2.2640305596852016e-17
4386.249999999999	4.614358695605782e-17	2.2970373822317826e-17
4386.499999999999	4.6707108669814115e-17	2.4042057443412953e-17
4386.749999999999	4.591992227413668e-17	2.376857829801312e-17
4386.999999999999	4.3959378635659454e-17	2.366880211816575e-17
4387.249999999999	4.156602516490235e-17	2.3050314211076176e-17
4387.499999999999	3.965158938408887e-17	2.2580038871782628e-17
4387.749999999999	3.884671187458399e-17	2.2762145992358627e-17
4387.999999999999	3.926753325109903e-17	2.258828255376733e-17
4388.249999999999	4.061627084167032e-17	2.3865426258492055e-17
4388.499999999999	4.249202721463478e-17	2.3747377658913387e-17
4388.749999999999	4.4614453064743376e-17	2.2936624853325662e-17
4388.999999999999	4.675558580119195e-17	2.2811993550432298e-17
4389.249999999999	4.852910585433573e-17	2.3045591009778498e-17
4389.499999999999	4.940163980778691e-17	2.365954596711128e-17
4389.749999999999	4.902807959199448e-17	2.3773369328121028e-17
4389.999999999999	4.756128307170777e-17	2.305414902039597e-17
4390.249999999999	4.556469561822873e-17	2.1508515723726336e-17
4390.499999999999	4.363242118567714e-17	2.347788883278851e-17
4390.749999999999	4.215521015580728e-17	2.330902983690316e-17
4390.999999999999	4.141680341635956e-17	2.2981717777238378e-17
4391.249999999999	4.174472879395118e-17	2.2912696172565728e-17
4391.499999999999	4.339224320627516e-17	2.2827852257136164e-17
4391.749999999999	4.620290719995581e-17	2.2950428843387947e-17
4391.999999999999	4.942674376190516e-17	2.291162083776941e-17
4392.249999999999	5.1986965374018504e-17	2.4188216948928623e-17
4392.499999999999	5.3093053144702333e-17	2.5199339368656292e-17
4392.749999999999	5.271576434445687e-17	2.220249544223995e-17
4392.999999999999	5.1503865427705036e-17	2.3331507642868677e-17
4393.249999999999	5.023037783321455e-17	2.2913268581549615e-17
4393.499999999999	4.926163604654103e-17	2.2857081511261338e-17
4393.749999999999	4.84287476401196e-17	2.3437782153608265e-17
4393.999999999999	4.7267537159716733e-17	2.3042628048824333e-17
4394.249999999999	4.532781712644214e-17	2.4146786780768292e-17
4394.499999999999	4.231046336845986e-17	2.2762281649979086e-17
4394.749999999999	3.8071609720868873e-17	2.2664027482458812e-17
4394.999999999999	3.274003505571874e-17	2.418199820508345e-17
4395.249999999999	2.701125601824678e-17	2.1838698100116678e-17
4395.499999999999	2.226242380505491e-17	2.1242003093445426e-17
4395.749999999999	2.0078169301631244e-17	2.091146337503046e-17
4395.999999999999	2.1308492399038717e-17	2.1135472156715947e-17
4396.249999999999	2.5339911222018308e-17	2.199563411465269e-17
4396.499999999999	3.022078797704601e-17	2.322023696122927e-17
4396.749999999999	3.3649398572547095e-17	2.3845471353394825e-17
4396.999999999999	3.4164510186374e-17	2.348817565088622e-17
4397.249999999999	3.173980875312723e-17	2.2889192662640647e-17
4397.499999999999	2.748977661092869e-17	2.246877480758812e-17
4397.749999999999	2.2886105233001294e-17	2.0143470844028053e-17
4397.999999999999	1.9130672404262933e-17	2.1673895597955288e-17
4398.249999999999	1.69656194840528e-17	2.126521874451734e-17
4398.499999999999	1.670796362157843e-17	2.020900836396063e-17
4398.749999999999	1.8253880393337192e-17	2.068687225819374e-17
4398.999999999999	2.113487499009155e-17	2.244132895486361e-17
4399.249999999999	2.4802880410310678e-17	2.25706404456628e-17
4399.499999999999	2.896470436444039e-17	2.1836244682419846e-17
4399.749999999999	3.3562231809141943e-17	2.135697292678417e-17
4399.999999999999	3.8365332913055056e-17	2.2080822137217075e-17
4400.249999999999	4.266516190592214e-17	2.299336613462435e-17
4400.499999999999	4.550491960082235e-17	2.3760103005456903e-17
4400.749999999999	4.6294348668688996e-17	2.3250276852354744e-17
4400.999999999999	4.523095311548727e-17	2.2443970969740105e-17
4401.249999999999	4.315195205708274e-17	2.316901297461631e-17
4401.499999999999	4.098618623255261e-17	2.2880795125062008e-17
4401.749999999999	3.927904688101235e-17	2.231076676697824e-17
4401.999999999999	3.8105526267922035e-17	2.2238012923381752e-17
4402.249999999999	3.731159402511585e-17	2.2430813834916837e-17
4402.499999999999	3.678643850236972e-17	2.2400674682117854e-17
4402.749999999999	3.6554915454672426e-17	2.1840178753413148e-17
4402.999999999999	3.677851772799849e-17	2.286594061562178e-17
4403.249999999999	3.7856965480736573e-17	2.3488420496347536e-17
4403.499999999999	4.051107435239979e-17	2.2817098909172975e-17
4403.749999999999	4.547349263544008e-17	2.0494372440401623e-17
4403.999999999999	5.2790765192691794e-17	2.355220108465905e-17
4404.249999999999	6.136047733261132e-17	2.381178690449044e-17
4404.499999999999	6.925549259835284e-17	2.4430595757657686e-17
4404.749999999999	7.461291695089892e-17	2.5342932959911822e-17
4404.999999999999	7.637826250675868e-17	2.3523924742599537e-17
4405.249999999999	7.451523607688848e-17	2.4977299276828683e-17
4405.499999999999	6.983732144665371e-17	2.455374971597703e-17
4405.749999999999	6.370811271007261e-17	2.3540064690711672e-17
4405.999999999999	5.762467386795582e-17	2.266705330913953e-17
4406.249999999999	5.267934243627331e-17	2.2083086957734245e-17
4406.499999999999	4.9149539963592126e-17	2.3112878843887236e-17
4406.749999999999	4.65405645535754e-17	2.315269931857554e-17
4406.999999999999	4.407912997441973e-17	2.2475564306055955e-17
4407.249999999999	4.127982189348011e-17	2.1810067724754993e-17
4407.499999999999	3.821099293471438e-17	2.2575242878591045e-17
4407.749999999999	3.54056696581294e-17	2.1894833885206977e-17
4407.999999999999	3.3592556198336485e-17	2.2082112538972658e-17
4408.249999999999	3.338151941606258e-17	2.228962568488261e-17
4408.499999999999	3.494768581653784e-17	2.1999602927231718e-17
4408.749999999999	3.783622166256582e-17	2.2571533800724358e-17
4408.999999999999	4.1104489784205266e-17	2.292218062546926e-17
4409.249999999999	4.3837438839362126e-17	2.2955509386710248e-17
4409.499999999999	4.569567154321121e-17	2.271599593162307e-17
4409.749999999999	4.702703403393659e-17	2.23795451805508e-17
4409.999999999999	4.841621486247996e-17	2.2850440905303762e-17
4410.249999999999	5.005611231362332e-17	2.2238737533598348e-17
4410.499999999999	5.150112868830435e-17	2.2958447532246036e-17
4410.749999999999	5.2012962514222425e-17	2.3713471525604838e-17
4410.999999999999	5.113974988755677e-17	2.3142056812814432e-17
4411.249999999999	4.8962766125424805e-17	2.2096199424804436e-17
4411.499999999999	4.586459295367579e-17	2.3169519209151192e-17
4411.749999999999	4.22352124711973e-17	2.321309012073681e-17
4411.999999999999	3.8512722728666043e-17	2.2636381452026065e-17
4412.249999999999	3.537881913675726e-17	2.237262167882373e-17
4412.499999999999	3.3608079087179224e-17	2.1791849898944125e-17
4412.749999999999	3.3487297214343596e-17	2.1607166937940635e-17
4412.999999999999	3.434818996273931e-17	2.2071526281493204e-17
4413.249999999999	3.478170402771856e-17	2.2570433650509662e-17
4413.499999999999	3.3486534408439424e-17	2.2355022584111053e-17
4413.749999999999	3.013964261785e-17	2.2674876783373058e-17
4413.999999999999	2.5682743123884142e-17	2.1217543362732233e-17
4414.249999999999	2.186824758080704e-17	2.0572271347408192e-17
4414.499999999999	2.0370910253632723e-17	2.087619570243365e-17
4414.749999999999	2.198027892743293e-17	2.113362919831118e-17
4414.999999999999	2.6307003320721992e-17	2.1725361121307112e-17
4415.249999999999	3.2125959073180756e-17	2.3069430355032276e-17
4415.499999999999	3.80863225725068e-17	2.3092791589892e-17
4415.749999999999	4.329471528348392e-17	2.2454866592768653e-17
4415.999999999999	4.741987803715306e-17	2.333733761182595e-17
4416.249999999999	5.0384821729960274e-17	2.2421799220601234e-17
4416.499999999999	5.20555615083154e-17	2.2685587117944394e-17
4416.749999999999	5.229012665653208e-17	2.3238396884397258e-17
4416.999999999999	5.127568188882582e-17	2.32542737890746e-17
4417.249999999999	4.9668039236938504e-17	2.2002620482106312e-17
4417.499999999999	4.8191744781567534e-17	2.1545973770585188e-17
4417.749999999999	4.702733525337734e-17	2.2587905359408007e-17
4417.999999999999	4.571001153027256e-17	2.3352450201617294e-17
4418.249999999999	4.377933602280428e-17	2.304390687005134e-17
4418.499999999999	4.1541839667329247e-17	2.1560469283639567e-17
4418.749999999999	4.0084466514495755e-17	2.172820827697552e-17
4418.999999999999	4.040985263472429e-17	2.1121926247004778e-17
4419.249999999999	4.2481729088655724e-17	2.1726596929142267e-17
4419.499999999999	4.510732682886578e-17	2.3453824494408118e-17
4419.749999999999	4.6781912333661665e-17	2.38220836487555e-17
4419.999999999999	4.6691326684421074e-17	2.249371595741782e-17
4420.249999999999	4.498743931297822e-17	2.209285430640727e-17
4420.499999999999	4.226991615145695e-17	2.2471724533652484e-17
4420.749999999999	3.896650992125889e-17	2.2882064020121665e-17
4420.999999999999	3.521053839748681e-17	2.1568444959105803e-17
4421.249999999999	3.115948759887377e-17	2.1312675750620732e-17
4421.499999999999	2.7307187030448198e-17	2.0819866357080014e-17
4421.749999999999	2.4495657846169464e-17	2.0764025048287784e-17
4421.999999999999	2.3650116752714807e-17	2.1282357926809438e-17
4422.249999999999	2.5388139441867595e-17	2.1103706766832685e-17
4422.499999999999	2.9651103207911115e-17	1.9788507790846847e-17
4422.749999999999	3.554730017143421e-17	2.1763169892745686e-17
4422.999999999999	4.1596750806721937e-17	2.2867237634822264e-17
4423.249999999999	4.634580869170253e-17	2.1473757594386858e-17
4423.499999999999	4.900654831358586e-17	2.3023263750684466e-17
4423.749999999999	4.9713511572033483e-17	2.222091510012028e-17
4423.999999999999	4.924774541918635e-17	2.2242085960717963e-17
4424.249999999999	4.841326364263402e-17	2.2368442762369113e-17
4424.499999999999	4.747058017899427e-17	2.2128806884551276e-17
4424.749999999999	4.604983393232332e-17	2.3238545776907517e-17
4424.999999999999	4.3672640211288605e-17	2.2835502023441055e-17
4425.249999999999	4.0483105588007935e-17	2.2107338238933075e-17
4425.499999999999	3.7499556186629077e-17	2.101767998312717e-17
4425.749999999999	3.608001118453252e-17	1.9870954536861233e-17
4425.999999999999	3.705324126408032e-17	2.138665051280135e-17
4426.249999999999	4.0269140092387426e-17	2.173094293608062e-17
4426.499999999999	4.482897504620454e-17	2.1798942145516154e-17
4426.749999999999	4.960962556377758e-17	2.1965585951721087e-17
4426.999999999999	5.364692117663003e-17	2.2507721779549567e-17
4427.249999999999	5.634370709016461e-17	2.3878336893492782e-17
4427.499999999999	5.762988393397892e-17	2.2400755745817885e-17
4427.749999999999	5.798534083524019e-17	2.2099410539942366e-17
4427.999999999999	5.813750220097012e-17	2.2552280344786573e-17
4428.249999999999	5.850694541524766e-17	2.2320527498206366e-17
4428.499999999999	5.876630939225168e-17	2.2550975053779965e-17
4428.749999999999	5.786263412295951e-17	2.2822545066326024e-17
4428.999999999999	5.456914763028621e-17	2.3023061918615004e-17
4429.249999999999	4.829052495003286e-17	2.2668667965695235e-17
4429.499999999999	3.96326880996016e-17	2.136451185088698e-17
4429.749999999999	3.032442376730479e-17	2.129297892587462e-17
4429.999999999999	2.247327299925365e-17	2.022679274713052e-17
4430.249999999999	1.7611517029699018e-17	1.989616038448695e-17
4430.499999999999	1.6156568947497455e-17	2.0351991495924095e-17
4430.749999999999	1.7592258029051486e-17	2.0826907318454066e-17
4430.999999999999	2.1101467640819416e-17	2.0914480929905055e-17
4431.249999999999	2.603308330167531e-17	2.1043292803614262e-17
4431.499999999999	3.179728591310307e-17	2.050748325311059e-17
4431.749999999999	3.7393407349838945e-17	2.0518747798692336e-17
4431.999999999999	4.121373557438436e-17	2.282815169651791e-17
4432.249999999999	4.156172470836025e-17	2.1777983043155286e-17
4432.499999999999	3.762103611276521e-17	2.2478487562340718e-17
4432.749999999999	3.011242068314904e-17	2.1579373669358854e-17
4432.999999999999	2.1100482644045945e-17	1.9486825095281408e-17
4433.249999999999	1.3117561428896084e-17	1.962491462674101e-17
4433.499999999999	8.237119216946764e-18	1.986500545389575e-17
4433.749999999999	7.5741138009028e-18	1.9309547055121493e-17
4433.999999999999	1.1226276682885878e-17	1.952451971579545e-17
4434.249999999999	1.8422341775574196e-17	2.0423909887101906e-17
4434.499999999999	2.7733255257176053e-17	2.0779203812528133e-17
4434.749999999999	3.737119303278015e-17	2.0322163363035433e-17
4434.999999999999	4.5630923267382764e-17	2.2687899914937092e-17
4435.249999999999	5.139785832117009e-17	2.3162906727334443e-17
4435.499999999999	5.446593020794477e-17	2.16557621445669e-17
4435.749999999999	5.5396265384527886e-17	2.1671195680435915e-17
4435.999999999999	5.494667495727797e-17	2.2387087413376058e-17
4436.249999999999	5.348949625217584e-17	2.1847302432848455e-17
4436.499999999999	5.089535489004004e-17	2.1930869181412237e-17
4436.749999999999	4.6980784068757585e-17	2.257124594187119e-17
4436.999999999999	4.211420150827274e-17	2.1801777720655986e-17
4437.249999999999	3.7393470701919294e-17	2.0209749517789477e-17
4437.499999999999	3.416865192354295e-17	1.9645539548134407e-17
4437.749999999999	3.330651157048731e-17	2.0034024922819937e-17
4437.999999999999	3.483483565342776e-17	2.0890216413816424e-17
4438.249999999999	3.8174705025658634e-17	2.148425947944383e-17
4438.499999999999	4.2579417328673334e-17	2.11846662421057e-17
4438.749999999999	4.7329386271607895e-17	2.2050246233054665e-17
4438.999999999999	5.1651098319309295e-17	2.2635827241015654e-17
4439.249999999999	5.465016550251469e-17	2.2503845611199143e-17
4439.499999999999	5.5466703828449123e-17	2.236779094404642e-17
4439.749999999999	5.3594016640365135e-17	2.3254247319295e-17
4439.999999999999	4.915075910726785e-17	2.1859610880363244e-17
4440.249999999999	4.29375544556157e-17	2.0964204410886842e-17
4440.499999999999	3.6252886578695156e-17	2.1513372928283248e-17
4440.749999999999	3.055676289662125e-17	2.0328585593311295e-17
4440.999999999999	2.7079377689469492e-17	1.99726348864787e-17
4441.249999999999	2.6448890404892964e-17	1.964395632444198e-17
4441.499999999999	2.846443050709038e-17	2.0097155347169984e-17
4441.749999999999	3.219109458645627e-17	2.124104521829609e-17
4441.999999999999	3.6417639606776703e-17	2.1502073641115773e-17
4442.249999999999	4.023206303037919e-17	2.1009643096295605e-17
4442.499999999999	4.334478140947567e-17	2.1129102865999288e-17
4442.749999999999	4.600455233759603e-17	2.1559688425141317e-17
4442.999999999999	4.867546325773792e-17	2.1742468870735934e-17
4443.249999999999	5.1727035430488676e-17	2.1290775316722778e-17
4443.499999999999	5.523622397937942e-17	2.074256136575326e-17
4443.749999999999	5.88927935622627e-17	2.166066401687689e-17
4443.999999999999	6.20471456481364e-17	2.226006059542874e-17
4444.249999999999	6.396187865247177e-17	2.1950297999639882e-17
4444.499999999999	6.419795705557809e-17	2.3122594907362284e-17
4444.749999999999	6.291676355687821e-17	2.1009254321407705e-17
4444.999999999999	6.089355072396301e-17	2.1894023248206675e-17
4445.249999999999	5.920273531012989e-17	2.230515186498023e-17
4445.499999999999	5.871140902892934e-17	2.0285982483042364e-17
4445.749999999999	5.963235475812857e-17	2.1846888842542178e-17
4445.999999999999	6.141357676974554e-17	2.211766310733896e-17
4446.249999999999	6.309046124069046e-17	2.2542603985980928e-17
4446.499999999999	6.389676120465962e-17	2.2555683365826616e-17
4446.749999999999	6.367689903445424e-17	2.193529294332817e-17
4446.999999999999	6.276215870155524e-17	2.2285848778205693e-17
4447.249999999999	6.143203044438962e-17	2.0663507714611566e-17
4447.499999999999	5.94884415053534e-17	2.0995643891608758e-17
4447.749999999999	5.641535468431765e-17	2.2208626504940193e-17
4447.999999999999	5.20409600651279e-17	2.258069399882777e-17
4448.249999999999	4.705301124307035e-17	2.0381424236479957e-17
4448.499999999999	4.2772974000918027e-17	1.9368887337904822e-17
4448.749999999999	4.0302393155119237e-17	1.996302139339961e-17
4448.999999999999	3.9778154722452154e-17	2.0813136415616283e-17
4449.249999999999	4.035436052250436e-17	2.085331754105166e-17
4449.499999999999	4.0862055582849824e-17	2.0853921382898822e-17
4449.749999999999	4.058427691273919e-17	2.1856497372537594e-17
4449.999999999999	3.9597573795977905e-17	2.0621763217818465e-17
4450.249999999999	3.852533643550425e-17	1.9504988327171847e-17
4450.499999999999	3.79815276186449e-17	2.0949166267350628e-17
4450.749999999999	3.815023176397696e-17	2.107623940741225e-17
4450.999999999999	3.87425382695214e-17	2.059203434660331e-17
4451.249999999999	3.923361726960535e-17	2.0275576550936447e-17
4451.499999999999	3.914921500908285e-17	2.0516223243462824e-17
4451.749999999999	3.827140004114799e-17	2.1298084284615296e-17
4451.999999999999	3.674248038794338e-17	2.0102447648729098e-17
4452.249999999999	3.5061162412456836e-17	2.0594838488879864e-17
4452.499999999999	3.3953098754508265e-17	2.0390400800487383e-17
4452.749999999999	3.410659673595721e-17	1.974189450896826e-17
4452.999999999999	3.5823600789714096e-17	1.9498197174342787e-17
4453.249999999999	3.8764484737170165e-17	2.0800245632950256e-17
4453.499999999999	4.202143250055083e-17	2.1297639261445743e-17
4453.749999999999	4.455180730643838e-17	2.1153828948869723e-17
4453.999999999999	4.5674246097985786e-17	2.069002216196634e-17
4454.249999999999	4.526452966102104e-17	2.0407119775028305e-17
4454.499999999999	4.358553321303846e-17	2.1496137793040093e-17
4454.749999999999	4.0995411073671605e-17	2.0023407232477206e-17
4454.999999999999	3.778549735961388e-17	1.9759061815401185e-17
4455.249999999999	3.4192568706961666e-17	2.028734567669185e-17
4455.499999999999	3.0479934425320103e-17	1.994252220345932e-17
4455.749999999999	2.6985131329196307e-17	1.946042976193484e-17
4455.999999999999	2.4098488629469323e-17	1.9823380071110858e-17
4456.249999999999	2.2180517055926916e-17	1.953574951979147e-17
4456.499999999999	2.1451583669486736e-17	1.9268191333216292e-17
4456.749999999999	2.1919648206021903e-17	1.998267189603142e-17
4456.999999999999	2.3416135715792432e-17	1.9661803573338425e-17
4457.249999999999	2.5729911531560926e-17	1.9355159448458892e-17
4457.499999999999	2.8704787194997584e-17	1.9714246824174287e-17
4457.749999999999	3.2150180006345955e-17	1.9892815266089784e-17
4457.999999999999	3.56025987759235e-17	1.883764051565999e-17
4458.249999999999	3.82158164157419e-17	2.1445525920080423e-17
4458.499999999999	3.90389177686387e-17	2.1409300372334276e-17
4458.749999999999	3.758042839096325e-17	2.088436659252445e-17
4458.999999999999	3.4210781858639925e-17	2.0173552094184156e-17
4459.249999999999	3.004285961770028e-17	1.901102584385723e-17
4459.499999999999	2.6381049275747227e-17	1.9567316386327718e-17
4459.749999999999	2.4157337837044578e-17	1.8880710155794402e-17
4459.999999999999	2.3686357751640163e-17	1.9141136391128147e-17
4460.249999999999	2.4761631368582594e-17	1.9845897581745777e-17
4460.499999999999	2.691671358016905e-17	1.9575740393685958e-17
4460.749999999999	2.9677074396197086e-17	2.049838922945618e-17
4460.999999999999	3.271328928175626e-17	1.9500627430982467e-17
4461.249999999999	3.5874366355412507e-17	1.9642730442774177e-17
4461.499999999999	3.911294431376964e-17	2.0125305957776388e-17
4461.749999999999	4.232739273978121e-17	1.880150099469755e-17
4461.999999999999	4.5183529967589416e-17	1.9495561776911193e-17
4462.249999999999	4.7057024423156495e-17	2.0355447456523342e-17
4462.499999999999	4.724865282794073e-17	2.0921136425113656e-17
4462.749999999999	4.543686942055541e-17	2.104613995928267e-17
4462.999999999999	4.205121051293291e-17	2.063929613808214e-17
4463.249999999999	3.820021172658345e-17	1.8690776252262426e-17
4463.499999999999	3.51142820746667e-17	1.9360317746758773e-17
4463.749999999999	3.348913773120018e-17	1.9551115226850254e-17
4463.999999999999	3.321956577054298e-17	1.9416448568765396e-17
4464.249999999999	3.369190711605865e-17	2.026237805708255e-17
4464.499999999999	3.435268314380502e-17	1.9178784689527885e-17
4464.749999999999	3.508607064561747e-17	1.8839686960495447e-17
4464.999999999999	3.615624214739347e-17	1.898677125393595e-17
4465.249999999999	3.786495588125848e-17	1.962233878631352e-17
4465.499999999999	4.025689986331071e-17	2.0727154299663846e-17
4465.749999999999	4.305930348069496e-17	1.9713537103208716e-17
4465.999999999999	4.581566380586662e-17	2.0180401149656095e-17
4466.249999999999	4.8095276878908487e-17	2.1293375972568644e-17
4466.499999999999	4.9670888252260954e-17	2.1563877267763285e-17
4466.749999999999	5.055207588078076e-17	1.9337004488374578e-17
4466.999999999999	5.0829818144891214e-17	2.1001652531578343e-17
4467.249999999999	5.047146682718339e-17	2.0487050237619304e-17
4467.499999999999	4.929443959908676e-17	2.0765644667927163e-17
4467.749999999999	4.7178102993965834e-17	2.1219899173116784e-17
4467.999999999999	4.4327411886216814e-17	1.9724095236547343e-17
4468.249999999999	4.135861962426464e-17	2.024270770211604e-17
4468.499999999999	3.9135757591978377e-17	1.957688521165373e-17
4468.749999999999	3.8435189063550484e-17	1.9395229731692186e-17
4468.999999999999	3.956893529865756e-17	1.9372922324932856e-17
4469.249999999999	4.2142914198424023e-17	1.8200608873598203e-17
4469.499999999999	4.515513643511748e-17	2.1027271969510335e-17
4469.749999999999	4.7482024640787487e-17	2.086292441668585e-17
4469.999999999999	4.8466260909602794e-17	2.011372377483942e-17
4470.249999999999	4.816568001994276e-17	1.971529734355223e-17
4470.499999999999	4.711453601310569e-17	1.981062825478774e-17
4470.749999999999	4.589543764201807e-17	2.089536974903263e-17
4470.999999999999	4.490128993262756e-17	2.023064575442379e-17
4471.249999999999	4.434019337195418e-17	1.9651922073740866e-17
4471.499999999999	4.427164358993029e-17	1.965300898906576e-17
4471.749999999999	4.456624226678122e-17	1.998104896766959e-17
4471.999999999999	4.492062408378899e-17	2.102587072555267e-17
4472.249999999999	4.505505461176342e-17	2.026547502129595e-17
4472.499999999999	4.4973090855918265e-17	1.9902845658197602e-17
4472.749999999999	4.501218420765829e-17	2.000863047801456e-17
4472.999999999999	4.5583536001445605e-17	1.9539382497041802e-17
4473.249999999999	4.6819744517272246e-17	1.897411208184144e-17
4473.499999999999	4.8457002322189926e-17	2.0590270797537346e-17
4473.749999999999	5.0042754949705013e-17	2.0608079996125612e-17
4473.999999999999	5.124564315055708e-17	1.9807622280441723e-17
4474.249999999999	5.1997619794196437e-17	2.1025074977803395e-17
4474.499999999999	5.241109271449917e-17	2.0426748770964188e-17
4474.749999999999	5.25938732828636e-17	2.019288992254442e-17
4474.999999999999	5.2498657478723254e-17	1.952696320732493e-17
4475.249999999999	5.1906442035456085e-17	1.954849637303091e-17
4475.499999999999	5.0594377977484496e-17	2.1926744858878047e-17
4475.749999999999	4.8596627920453686e-17	1.9096372685099227e-17
4475.999999999999	4.631937557942935e-17	2.0142307828086803e-17
4476.249999999999	4.434731488191786e-17	1.9884368097674393e-17
4476.499999999999	4.3069050686740483e-17	1.8685743685415653e-17
4476.749999999999	4.244545129176632e-17	1.9991923084002213e-17
4476.999999999999	4.212216072877544e-17	1.9518886615823963e-17
4477.249999999999	4.1766595560842197e-17	2.0026869810521353e-17
4477.499999999999	4.131395105676308e-17	1.930841878076597e-17
4477.749999999999	4.0923658340029014e-17	1.842255797555843e-17
4477.999999999999	4.0738975010304875e-17	2.00174432602607e-17
4478.249999999999	4.070209482126983e-17	1.8974143514704716e-17
4478.499999999999	4.0581833042144036e-17	1.9579351864240364e-17
4478.749999999999	4.017405975720221e-17	1.9988194153800824e-17
4478.999999999999	3.951907995082266e-17	1.9608647292814542e-17
4479.249999999999	3.897710798045337e-17	1.8512585004706252e-17
4479.499999999999	3.9080313355690413e-17	1.9631968823004862e-17
4479.749999999999	4.021954094864039e-17	1.8563185297137346e-17
4479.999999999999	4.2357140665795766e-17	1.9330660013076296e-17
4480.249999999999	4.4967316370509186e-17	2.0661304105459724e-17
4480.499999999999	4.725892372070052e-17	1.9057728461241975e-17
4480.749999999999	4.855002718113978e-17	2.0034532811716044e-17
4480.999999999999	4.85817657567431e-17	2.0258410898864746e-17
4481.249999999999	4.76101573916473e-17	1.9796445416004906e-17
4481.499999999999	4.6240265527157954e-17	1.9059468849250786e-17
4481.749999999999	4.5106103991888764e-17	1.875322838851018e-17
4481.999999999999	4.458164466912488e-17	2.0098629383021553e-17
4482.249999999999	4.4668840718643675e-17	1.9354590348197456e-17
4482.499999999999	4.508211248201384e-17	1.966390130337186e-17
4482.749999999999	4.544959633934514e-17	2.0429408983814158e-17
4482.999999999999	4.5525429738666086e-17	1.9422879070847383e-17
4483.249999999999	4.531888793730835e-17	1.8976871556364916e-17
4483.499999999999	4.508226634130662e-17	1.9644005955278734e-17
4483.749999999999	4.5166656983124123e-17	1.980607545269625e-17
4483.999999999999	4.581808941303404e-17	1.9408031178852056e-17
4484.249999999999	4.7009702530525087e-17	1.9204218839002666e-17
4484.499999999999	4.838585827105937e-17	2.0201998835449855e-17
4484.749999999999	4.9337067117625766e-17	2.0274969400366833e-17
4484.999999999999	4.916494288181454e-17	2.0016892357972738e-17
4485.249999999999	4.7293716493239877e-17	2.0168600591037414e-17
4485.499999999999	4.3512306253598174e-17	2.1174260309999783e-17
4485.749999999999	3.818988187103722e-17	1.923191284591094e-17
4485.999999999999	3.232346320133355e-17	1.863852987041235e-17
4486.249999999999	2.73010909334103e-17	1.8780335097183542e-17
4486.499999999999	2.4428536341025133e-17	1.8397145332779577e-17
4486.749999999999	2.4428486397861584e-17	1.649060486304693e-17
4486.999999999999	2.7162482444467317e-17	1.8471558500684847e-17
4487.249999999999	3.173087167112929e-17	1.9439439226710695e-17
4487.499999999999	3.6899213483522434e-17	1.9385114967161887e-17
4487.749999999999	4.158870260947202e-17	1.9259691225241697e-17
4487.999999999999	4.513902613235818e-17	1.9967474933817595e-17
4488.249999999999	4.726797454234506e-17	1.818183849113815e-17
4488.499999999999	4.792369498008491e-17	1.940151961307004e-17
4488.749999999999	4.727259615852516e-17	2.0165073492905488e-17
4488.999999999999	4.581965964744669e-17	1.9754735660797532e-17
4489.249999999999	4.4396583937432805e-17	1.8402778432751063e-17
4489.499999999999	4.383316824212024e-17	1.7933679344288566e-17
4489.749999999999	4.450685471360731e-17	1.9295647112108152e-17
4489.999999999999	4.617367431806159e-17	1.9866319016708486e-17
4490.249999999999	4.8223014681783886e-17	1.9720961876386992e-17
4490.499999999999	5.0069779021626025e-17	1.9521579915898436e-17
4490.749999999999	5.1315767067245913e-17	1.8906974794604185e-17
4490.999999999999	5.164559627900029e-17	1.907152914258181e-17
4491.249999999999	5.073844967660615e-17	2.0027559679152222e-17
4491.499999999999	4.8401208727865487e-17	2.047937400153481e-17
4491.749999999999	4.479225879748025e-17	1.916207398679309e-17
4491.999999999999	4.0456399615275183e-17	1.8445416284605722e-17
4492.249999999999	3.611307442161522e-17	1.867570833022416e-17
4492.499999999999	3.241537866153375e-17	1.924343050876013e-17
4492.749999999999	2.986013506917323e-17	1.902803598597377e-17
4492.999999999999	2.877994697733884e-17	1.7379304552116752e-17
4493.249999999999	2.927624749455888e-17	1.8447328726181944e-17
4493.499999999999	3.1138566293798456e-17	1.8808338469640912e-17
4493.749999999999	3.391559490323643e-17	1.8770994573706593e-17
4493.999999999999	3.714995649541589e-17	1.852861245625508e-17
4494.249999999999	4.057291402754829e-17	1.835680538866659e-17
4494.499999999999	4.407545992990805e-17	1.84201177927514e-17
4494.749999999999	4.75018958083308e-17	1.8709372926793843e-17
4494.999999999999	5.0476890047906754e-17	1.926292550143678e-17
4495.249999999999	5.2422758351038724e-17	1.9843156305195776e-17
4495.499999999999	5.275847224412807e-17	2.016744253817984e-17
4495.749999999999	5.117379198777048e-17	1.975586228079183e-17
4495.999999999999	4.78701891763339e-17	1.9369128874643688e-17
4496.249999999999	4.366567985312055e-17	1.9496567628536057e-17
4496.499999999999	3.985547945665265e-17	1.8882529953142018e-17
4496.749999999999	3.779959410513493e-17	1.685092804659748e-17
4496.999999999999	3.8394599209865107e-17	1.882287865044837e-17
4497.249999999999	4.1715408675712504e-17	1.904664258667254e-17
4497.499999999999	4.702215255385128e-17	1.9084294193794728e-17
4497.749999999999	5.3089394537433204e-17	1.9366878943377543e-17
4497.999999999999	5.864919273377715e-17	2.010583081743444e-17
4498.249999999999	6.274416059299589e-17	1.9895826203519477e-17
4498.499999999999	6.488868807096737e-17	1.9907775654648418e-17
4498.749999999999	6.50458325265763e-17	1.9838740815085968e-17
4498.999999999999	6.350339963759145e-17	2.0094020332648408e-17
4499.249999999999	6.074716408844923e-17	2.046966620986589e-17
4499.499999999999	5.738129184831818e-17	1.8509825530182776e-17
4499.749999999999	5.408279944730553e-17	1.9618259131532408e-17
4499.999999999999	5.153969794548184e-17	1.9409194194793306e-17
4500.249999999999	5.032371248917987e-17	1.867315565085382e-17
4500.499999999999	5.070418201239658e-17	1.8692217200889493e-17
4500.749999999999	5.2505414419878946e-17	1.945622768442307e-17
4500.999999999999	5.5147995785634234e-17	1.9319981111368237e-17
4501.249999999999	5.790997719880574e-17	1.9727384106662854e-17
4501.499999999999	6.02622621402387e-17	2.0041046031859287e-17
4501.749999999999	6.204685510980497e-17	1.9956529679952294e-17
4501.999999999999	6.33691424018693e-17	2.0182368185152746e-17
4502.249999999999	6.429243568132066e-17	1.930592731276096e-17
4502.499999999999	6.458913486188001e-17	1.9630436884510414e-17
4502.749999999999	6.378654848333521e-17	2.023226537406317e-17
4502.999999999999	6.153236264021517e-17	2.0345613933401312e-17
4503.249999999999	5.802415976010414e-17	2.0215696946393733e-17
4503.499999999999	5.411971349471723e-17	1.9484558620403012e-17
4503.749999999999	5.0928831659057983e-17	1.8165648912189262e-17
4503.999999999999	4.910415131899478e-17	1.7521943576945396e-17
4504.249999999999	4.836003200682991e-17	1.8454748536276545e-17
4504.499999999999	4.76316703668825e-17	2.0953978804154462e-17
4504.749999999999	4.579343029015638e-17	1.8921804488626036e-17
4504.999999999999	4.242220336459561e-17	1.929431535132194e-17
4505.249999999999	3.8087941834580253e-17	1.9204756506400825e-17
4505.499999999999	3.4019263986849625e-17	1.7040029806433227e-17
4505.749999999999	3.139512710088223e-17	1.64998742489912e-17
4505.999999999999	3.070854365120943e-17	1.803277889039487e-17
4506.249999999999	3.156943957011333e-17	1.8377964668735697e-17
4506.499999999999	3.301780902065015e-17	1.84224636769686e-17
4506.749999999999	3.409115714290973e-17	1.8687053939505937e-17
4506.999999999999	3.427182810467987e-17	1.8529749002416728e-17
4507.249999999999	3.360044121848684e-17	1.820776233153556e-17
4507.499999999999	3.2499586654085844e-17	1.862735796905921e-17
4507.749999999999	3.1486112616295845e-17	1.8342751590059315e-17
4507.999999999999	3.0924670277191587e-17	1.7586283339350996e-17
4508.249999999999	3.090176741925805e-17	1.9297379228310838e-17
4508.499999999999	3.12536337460795e-17	1.7794416870720363e-17
4508.749999999999	3.173939612174869e-17	1.8416847120609365e-17
4508.999999999999	3.227623988165254e-17	1.9066243458467596e-17
4509.249999999999	3.307687026616834e-17	1.879082540171194e-17
4509.499999999999	3.454442947860287e-17	1.780520165154683e-17
4509.749999999999	3.694740117955337e-17	1.7281523531906858e-17
4509.999999999999	4.0115455139909336e-17	1.8195361239792166e-17
4510.249999999999	4.34296621274047e-17	1.9176594315265845e-17
4510.499999999999	4.6131203504712726e-17	1.9468651937223618e-17
4510.749999999999	4.7682642863689003e-17	1.892832432621418e-17
4510.999999999999	4.7912540085549405e-17	1.8214697413791206e-17
4511.249999999999	4.694117693437758e-17	1.908684852752629e-17
4511.499999999999	4.507391649084608e-17	1.940699224000269e-17
4511.749999999999	4.275367245399478e-17	1.889245777485388e-17
4511.999999999999	4.0481567326697534e-17	1.8907664663235055e-17
4512.249999999999	3.863078681504654e-17	1.8410390148747776e-17
4512.499999999999	3.7267939636363664e-17	1.799224704037977e-17
4512.749999999999	3.6184166654628784e-17	1.8318761697934052e-17
4512.999999999999	3.517824371797425e-17	1.887570405872723e-17
4513.249999999999	3.4380887884285656e-17	1.8326136840275575e-17
4513.499999999999	3.432922785597487e-17	1.7483545852910684e-17
4513.749999999999	3.5679039280071266e-17	1.7576831973671965e-17
4513.999999999999	3.871753429943878e-17	1.7747927665933658e-17
4514.249999999999	4.298930250692602e-17	1.814372697159538e-17
4514.499999999999	4.7291530003416386e-17	1.944631309760101e-17
4514.749999999999	5.010040144211336e-17	1.945755613648683e-17
4514.999999999999	5.026048486591661e-17	1.9405218764769376e-17
4515.249999999999	4.7595819062873655e-17	1.931247858321238e-17
4515.499999999999	4.308466093244122e-17	1.9003627540458557e-17
4515.749999999999	3.8442180972021863e-17	1.7904519573334847e-17
4515.999999999999	3.530497272935138e-17	1.746295071001934e-17
4516.249999999999	3.4488858516298117e-17	1.760406606815966e-17
4516.499999999999	3.576992929568128e-17	1.7869873940558676e-17
4516.749999999999	3.828184360804588e-17	1.8584425640906483e-17
4516.999999999999	4.1171376112494374e-17	1.981046281866523e-17
4517.249999999999	4.3985264645390534e-17	1.7393589961295543e-17
4517.499999999999	4.6554509706675336e-17	1.786227711381299e-17
4517.749999999999	4.863862883758512e-17	1.923134540001073e-17
4517.999999999999	4.978867175211738e-17	2.010371158070508e-17
4518.249999999999	4.959203025069611e-17	1.9771125417454658e-17
4518.499999999999	4.8040826699623715e-17	1.8952699684504892e-17
4518.749999999999	4.5683870423412115e-17	1.8698756890812337e-17
4518.999999999999	4.3472105870726465e-17	1.881657057109704e-17
4519.249999999999	4.242100281838721e-17	1.8597440500664392e-17
4519.499999999999	4.322119496667085e-17	1.7654893008078594e-17
4519.749999999999	4.590407506020452e-17	1.739699794541926e-17
4519.999999999999	4.9729123757676967e-17	1.8793823104251832e-17
4520.249999999999	5.344737822302747e-17	1.9726664459529933e-17
4520.499999999999	5.587730616595521e-17	1.9773333989690175e-17
4520.749999999999	5.647601885715314e-17	1.9186667720765516e-17
4520.999999999999	5.556572242961333e-17	1.933593577102316e-17
4521.249999999999	5.409778931477474e-17	1.883442609179961e-17
4521.499999999999	5.310151370653804e-17	1.8055885353625925e-17
4521.749999999999	5.312309026570141e-17	1.8104387916023584e-17
4521.999999999999	5.3972134882114e-17	1.9440014944417032e-17
4522.249999999999	5.492596528601575e-17	1.9827056061753044e-17
4522.499999999999	5.523502541560066e-17	1.9777474855836615e-17
4522.749999999999	5.455229428520362e-17	1.9458977232779197e-17
4522.999999999999	5.3011254435826993e-17	1.8889681756718152e-17
4523.249999999999	5.101904949133669e-17	1.8452672312939037e-17
4523.499999999999	4.904128796772493e-17	1.9942561908128723e-17
4523.749999999999	4.751697064445429e-17	1.83635733804385e-17
4523.999999999999	4.678745623043311e-17	1.7695846720206094e-17
4524.249999999999	4.693041737261627e-17	1.7779234797757565e-17
4524.499999999999	4.764530481258265e-17	1.8297430364297535e-17
4524.749999999999	4.842384005388375e-17	2.015611843559399e-17
4524.999999999999	4.8935819238539704e-17	1.9397176914854136e-17
4525.249999999999	4.9228352505256934e-17	1.816071064393232e-17
4525.499999999999	4.9475940764802856e-17	1.7599407386949762e-17
4525.749999999999	4.95436860737076e-17	1.8398751717529155e-17
4525.999999999999	4.8894753592749785e-17	2.0498726719146102e-17
4526.249999999999	4.701416356311793e-17	1.8930843918360016e-17
4526.499999999999	4.3942182193667007e-17	1.831507743548574e-17
4526.749999999999	4.038888101228018e-17	1.7632483030923307e-17
4526.999999999999	3.733890317624689e-17	1.6843317984961992e-17
4527.249999999999	3.552175693372681e-17	1.8481061151561857e-17
4527.499999999999	3.514859471627846e-17	1.860349877147073e-17
4527.749999999999	3.598884578289542e-17	1.8218562001613054e-17
4527.999999999999	3.7586310496387436e-17	1.7707673748604377e-17
4528.249999999999	3.94211036409649e-17	1.772105918527671e-17
4528.499999999999	4.0996154368255316e-17	1.9337997105109642e-17
4528.749999999999	4.193859150240563e-17	1.7972244158807013e-17
4528.999999999999	4.2159020686840755e-17	1.8963343844627224e-17
4529.249999999999	4.1969290424372845e-17	1.9495962132327668e-17
4529.499999999999	4.198066753094818e-17	1.8391805054744935e-17
4529.749999999999	4.27364450381291e-17	1.5905492039312646e-17
4529.999999999999	4.4318970365344626e-17	1.9577725627156085e-17
4530.249999999999	4.6291773753182e-17	1.9396189261202747e-17
4530.499999999999	4.806113331744433e-17	1.900321395015228e-17
4530.749999999999	4.9314501698124785e-17	1.9035323447170363e-17
4530.999999999999	5.011624425215126e-17	1.7954625211759634e-17
4531.249999999999	5.062387365262205e-17	1.8296856300952423e-17
4531.499999999999	5.078580558828915e-17	1.9336501562562146e-17
4531.749999999999	5.035244460965193e-17	1.9642258949825022e-17
4531.999999999999	4.915737103491738e-17	1.9056289166976132e-17
4532.249999999999	4.7354782877707406e-17	1.827803463329439e-17
4532.499999999999	4.53935405225957e-17	1.835240809653026e-17
4532.749999999999	4.378593212965202e-17	1.8493667384097165e-17
4532.999999999999	4.286478378769645e-17	1.8473628106577455e-17
4533.249999999999	4.2645602477515834e-17	1.8181178401009332e-17
4533.499999999999	4.280926589063933e-17	1.776623151852823e-17
4533.749999999999	4.2819506524418024e-17	1.804721980952882e-17
4533.999999999999	4.2188153735351365e-17	1.9592879575978056e-17
4534.249999999999	4.078622746461828e-17	1.913407392305817e-17
4534.499999999999	3.8979285191449423e-17	1.7835354039235613e-17
4534.749999999999	3.744446526581339e-17	1.7997137332161184e-17
4534.999999999999	3.6782627717142184e-17	1.7956365599768445e-17
4535.249999999999	3.7205497104290873e-17	1.8492216509302747e-17
4535.499999999999	3.848475117496844e-17	1.8143996632475074e-17
4535.749999999999	4.013048404746515e-17	1.765840025387582e-17
4535.999999999999	4.1648432852714984e-17	1.8033697060874803e-17
4536.249999999999	4.274970164204583e-17	1.8732520749055527e-17
4536.499999999999	4.343944291773887e-17	1.852434254993308e-17
4536.749999999999	4.3940880192310386e-17	1.8273203898517082e-17
4536.999999999999	4.447595010439401e-17	1.8108100302612722e-17
4537.249999999999	4.503751025192982e-17	1.8081198734731273e-17
4537.499999999999	4.534045895956769e-17	1.9200016761490896e-17
4537.749999999999	4.5025044531062935e-17	1.9327159384723972e-17
4537.999999999999	4.3970840723557476e-17	1.8608896952148252e-17
4538.249999999999	4.2468309886533155e-17	1.8031718444849576e-17
4538.499999999999	4.1106939186263525e-17	1.823557710681327e-17
4538.749999999999	4.0467368588450877e-17	1.7659611246292596e-17
4538.999999999999	4.08345268260131e-17	1.8479009743642725e-17
4539.249999999999	4.208783794440254e-17	1.8202071328921197e-17
4539.499999999999	4.3772458746694354e-17	1.7784697498522865e-17
4539.749999999999	4.5264798355046113e-17	1.799185164804697e-17
4539.999999999999	4.5963992464666015e-17	1.8243519695055004e-17
4540.249999999999	4.548856954155945e-17	1.8655311710679827e-17
4540.499999999999	4.3840904046573266e-17	1.867103310540201e-17
4540.749999999999	4.144335149021102e-17	1.799756415735726e-17
4540.999999999999	3.8970592038425257e-17	1.6927303286915726e-17
4541.249999999999	3.704700570011664e-17	1.734524787193672e-17
4541.499999999999	3.600648369492484e-17	1.833992759544806e-17
4541.749999999999	3.585944120704837e-17	1.751212494307439e-17
4541.999999999999	3.6422797145756776e-17	1.7025109122543996e-17
4542.249999999999	3.745717093869702e-17	1.782157982767538e-17
4542.499999999999	3.872291599425478e-17	1.8927292004809713e-17
4542.749999999999	3.9989133361519043e-17	1.8099570416136076e-17
4542.999999999999	4.105591600586885e-17	1.830186074365837e-17
4543.249999999999	4.1789409574805234e-17	1.861527616903226e-17
4543.499999999999	4.213060378560724e-17	1.848165506724167e-17
4543.749999999999	4.2069219776168604e-17	1.773977331945511e-17
4543.999999999999	4.162181612704582e-17	1.9006186837273796e-17
4544.249999999999	4.0848784896428754e-17	1.853877023417723e-17
4544.499999999999	3.988316089266423e-17	1.8473424620146767e-17
4544.749999999999	3.8897122859978224e-17	1.8619842206013553e-17
4544.999999999999	3.7977678613504564e-17	1.7195091429701193e-17
4545.249999999999	3.7003678856336355e-17	1.7394920067720528e-17
4545.499999999999	3.568102694165344e-17	1.814067467513506e-17
4545.749999999999	3.3788715725553375e-17	1.803176476696388e-17
4545.999999999999	3.147836468068012e-17	1.7411174166757195e-17
4546.249999999999	2.9367039815312144e-17	1.739049796016582e-17
4546.499999999999	2.8300803646976586e-17	1.6761748050396912e-17
4546.749999999999	2.8928659259604413e-17	1.6572983780251086e-17
4546.999999999999	3.136274007999284e-17	1.7866487463130883e-17
4547.249999999999	3.5103673803102324e-17	1.8651438851051854e-17
4547.499999999999	3.921980304418594e-17	1.7072746454020924e-17
4547.749999999999	4.267103080252798e-17	1.921543706247011e-17
4547.999999999999	4.466767585281986e-17	1.9064519614071035e-17
4548.249999999999	4.49438169283007e-17	1.8505790543154742e-17
4548.499999999999	4.380944384491369e-17	1.7964278409508127e-17
4548.749999999999	4.1937269131711995e-17	1.7499042254506253e-17
4548.999999999999	4.002157143628498e-17	1.7080642720148356e-17
4549.249999999999	3.853433275755968e-17	1.6987657693130045e-17
4549.499999999999	3.769304164607575e-17	1.7325473292213026e-17
4549.749999999999	3.7564184956861837e-17	1.7853849797732298e-17
4549.999999999999	3.8143990545008116e-17	1.8123383291610252e-17
4550.249999999999	3.933483264384154e-17	1.681763402694222e-17
4550.499999999999	4.087477960086893e-17	1.7129348768976703e-17
4550.749999999999	4.234503228453799e-17	1.7833190134753174e-17
4550.999999999999	4.331039939571576e-17	1.84668965107525e-17
4551.249999999999	4.350687261440572e-17	1.860529044467752e-17
4551.499999999999	4.293202083207258e-17	1.718204679144123e-17
4551.749999999999	4.1795468171060706e-17	1.8472860482969006e-17
4551.999999999999	4.043256145179518e-17	1.798983332735234e-17
4552.249999999999	3.92894555636531e-17	1.7722318154169016e-17
4552.499999999999	3.893735676122743e-17	1.8159400389842036e-17
4552.749999999999	3.99626555896829e-17	1.6089736594591482e-17
4552.999999999999	4.2676040416952674e-17	1.7213203376393654e-17
4553.249999999999	4.6806615734937846e-17	1.8155534147658963e-17
4553.499999999999	5.144645035876805e-17	1.843705017989036e-17
4553.749999999999	5.535758335392868e-17	1.8507681478035038e-17
4553.999999999999	5.748428173842713e-17	1.948601280391988e-17
4554.249999999999	5.737336525592671e-17	1.9465209211514172e-17
4554.499999999999	5.529883748851031e-17	1.807427026992053e-17
4554.749999999999	5.2100457093632735e-17	1.7969899928951038e-17
4554.999999999999	4.8879095384676016e-17	1.8839923534150637e-17
4555.249999999999	4.666128187607409e-17	1.754720070976909e-17
4555.499999999999	4.606937140528554e-17	1.6782895749937443e-17
4555.749999999999	4.706836308045805e-17	1.7770486535599204e-17
4555.999999999999	4.8957753683182836e-17	1.8772501696782665e-17
4556.249999999999	5.072578413654567e-17	1.9052437814044086e-17
4556.499999999999	5.162668873443385e-17	1.839935225065387e-17
4556.749999999999	5.161012440405285e-17	1.80098626787047e-17
4556.999999999999	5.128297240009524e-17	1.8024136507354915e-17
4557.249999999999	5.140816061196227e-17	1.7397411535725538e-17
4557.499999999999	5.229352067009118e-17	1.6957450711520833e-17
4557.749999999999	5.352867892347817e-17	1.829328453506742e-17
4557.999999999999	5.4284655341676906e-17	2.0243668885987826e-17
4558.249999999999	5.3949752880375535e-17	1.9501477772652172e-17
4558.499999999999	5.2593505760274804e-17	1.7874820480621743e-17
4558.749999999999	5.0900166144857056e-17	1.6972043831887494e-17
4558.999999999999	4.966645249337401e-17	1.7834004080475926e-17
4559.249999999999	4.9281865715641504e-17	1.7704709133288987e-17
4559.499999999999	4.953914359187086e-17	1.797094713960653e-17
4559.749999999999	4.981896946096741e-17	1.7930048021399458e-17
4559.999999999999	4.947203919807381e-17	1.8207145254798597e-17
4560.249999999999	4.8180665218718994e-17	1.9023680052868067e-17
4560.499999999999	4.6124907165642293e-17	1.7758259151784445e-17
4560.749999999999	4.386130508118306e-17	1.7299996129346393e-17
4560.999999999999	4.1978367668985597e-17	1.7196017871987252e-17
4561.249999999999	4.0755791429383643e-17	1.7436297296321655e-17
4561.499999999999	4.006150084323707e-17	1.792766739559653e-17
4561.749999999999	3.953201154037201e-17	1.7895227026333426e-17
4561.999999999999	3.886482111416673e-17	1.7559725878604368e-17
4562.249999999999	3.799967373260174e-17	1.7279831120373575e-17
4562.499999999999	3.7099029059671346e-17	1.706284344772744e-17
4562.749999999999	3.641102924118034e-17	1.7024726965100996e-17
4562.999999999999	3.615238983944916e-17	1.7619842056802272e-17
4563.249999999999	3.645816954975492e-17	1.604679268591018e-17
4563.499999999999	3.734032254429404e-17	1.694696867879856e-17
4563.749999999999	3.861944575228225e-17	1.6964595897652066e-17
4563.999999999999	3.9912542390893846e-17	1.6144069125946415e-17
4564.249999999999	4.078780687065205e-17	1.8993506158483358e-17
4564.499999999999	4.104391953313353e-17	1.689771338204348e-17
4564.749999999999	4.089353348106196e-17	1.6789152544090794e-17
4564.999999999999	4.085494617160757e-17	1.7205025868857954e-17
4565.249999999999	4.139110783215319e-17	1.72821852763969e-17
4565.499999999999	4.255786335646897e-17	1.684797666617189e-17
4565.749999999999	4.392874021999827e-17	1.7889612124335416e-17
4565.999999999999	4.4853520884904467e-17	1.8298360115306044e-17
4566.249999999999	4.4857641144297214e-17	1.7812376616180115e-17
4566.499999999999	4.3897379193902046e-17	1.7116012963141123e-17
4566.749999999999	4.232109433223e-17	1.7237234627549544e-17
4566.999999999999	4.0623105510869567e-17	1.6768416780495315e-17
4567.249999999999	3.9201250480879554e-17	1.7288174064031785e-17
4567.499999999999	3.825849254678826e-17	1.730089610185285e-17
4567.749999999999	3.784019042539907e-17	1.6913241216502324e-17
4567.999999999999	3.792588985793686e-17	1.6900414953924077e-17
4568.249999999999	3.8515867733534284e-17	1.7012572373180142e-17
4568.499999999999	3.968104723763999e-17	1.7217276413729865e-17
4568.749999999999	4.1539032950700007e-17	1.7664114417547335e-17
4568.999999999999	4.413366228763321e-17	1.7298998549527654e-17
4569.249999999999	4.727772866470484e-17	1.5876802106946857e-17
4569.499999999999	5.050062273628452e-17	1.8634901856245694e-17
4569.749999999999	5.319802917691012e-17	1.8645762737688515e-17
4569.999999999999	5.490656255775517e-17	1.8553781907933843e-17
4570.249999999999	5.5502359822533977e-17	1.7972168058190658e-17
4570.499999999999	5.52038402801408e-17	1.6922639642622152e-17
4570.749999999999	5.444656452678946e-17	1.8675107797099446e-17
4570.999999999999	5.375422590861888e-17	1.8073863297059153e-17
4571.249999999999	5.361571790084905e-17	1.7016726474216383e-17
4571.499999999999	5.430977310727826e-17	1.6508875628417002e-17
4571.749999999999	5.572612883394746e-17	1.7309788293437795e-17
4571.999999999999	5.73496628332868e-17	1.9567556268705358e-17
4572.249999999999	5.849353667652519e-17	1.7260903573597137e-17
4572.499999999999	5.865349529855269e-17	1.826428358279131e-17
4572.749999999999	5.774616465091716e-17	1.8649705080487943e-17
4572.999999999999	5.608784362537314e-17	1.7261545465752478e-17
4573.249999999999	5.4157079596823265e-17	1.6958089294953724e-17
4573.499999999999	5.231755551702303e-17	1.7483633534055615e-17
4573.749999999999	5.068585916546289e-17	1.765232213073478e-17
4573.999999999999	4.9214042830645516e-17	1.7510515249602363e-17
4574.249999999999	4.7895385056980944e-17	1.7133769222170186e-17
4574.499999999999	4.6917030627354397e-17	1.639318449358411e-17
4574.749999999999	4.664124646697942e-17	1.7205454348415257e-17
4574.999999999999	4.743451483013398e-17	1.7175033954208007e-17
4575.249999999999	4.9457878167819376e-17	1.703165212118929e-17
4575.499999999999	5.252864935672472e-17	1.7162788372419772e-17
4575.749999999999	5.610775830910741e-17	1.7787868908991393e-17
4575.999999999999	5.941980211453764e-17	1.865848477550958e-17
4576.249999999999	6.168262639147946e-17	1.8532003896766547e-17
4576.499999999999	6.238503445501606e-17	1.869959399759224e-17
4576.749999999999	6.15037892949059e-17	1.8759688669094218e-17
4576.999999999999	5.953488708354862e-17	1.8032611799911133e-17
4577.249999999999	5.72774679032753e-17	1.7203399631773675e-17
4577.499999999999	5.544985265823839e-17	1.704957877942454e-17
4577.749999999999	5.434747760931831e-17	1.772543331635589e-17
4577.999999999999	5.3750942740201614e-17	1.8288743313504503e-17
4578.249999999999	5.313321039778517e-17	1.8065245729437575e-17
4578.499999999999	5.201738249739982e-17	1.7917392158027397e-17
4578.749999999999	5.025271783576644e-17	1.8312754712325692e-17
4578.999999999999	4.805295429174652e-17	1.7681422344684395e-17
4579.249999999999	4.580784968713007e-17	1.672363156777047e-17
4579.499999999999	4.3825106141635054e-17	1.6551376168289976e-17
4579.749999999999	4.2189353534696e-17	1.8075309208769895e-17
4579.999999999999	4.081173399162987e-17	1.743412181131064e-17
4580.249999999999	3.958247811314423e-17	1.6884693559201894e-17
4580.499999999999	3.848130826209855e-17	1.6718142397225567e-17
4580.749999999999	3.7586099388800115e-17	1.673353291970273e-17
4580.999999999999	3.702708080079903e-17	1.648753933169681e-17
4581.249999999999	3.694387055524194e-17	1.6747694251789636e-17
4581.499999999999	3.744840072009052e-17	1.5976407887588042e-17
4581.749999999999	3.858311912286835e-17	1.6389791398711418e-17
4581.999999999999	4.030127187235724e-17	1.7496090874080664e-17
4582.249999999999	4.2500059412834455e-17	1.6293484414353094e-17
4582.499999999999	4.507535285804324e-17	1.7519553024975118e-17
4582.749999999999	4.7920081008958215e-17	1.6565434929980927e-17
4582.999999999999	5.083864509484138e-17	1.691169438875685e-17
4583.249999999999	5.3455604124596006e-17	1.8028409722399364e-17
4583.499999999999	5.5237094511676757e-17	1.7371059215770823e-17
4583.749999999999	5.566592781202547e-17	1.7983773402184777e-17
4583.999999999999	5.449213132320215e-17	1.7694862375277156e-17
4584.249999999999	5.192676588422728e-17	1.7266844384756492e-17
4584.499999999999	4.867762366740596e-17	1.7103021264440365e-17
4584.749999999999	4.578415345362454e-17	1.7308105808071863e-17
4584.999999999999	4.426640207733778e-17	1.63126932025378e-17
4585.249999999999	4.4689867205137344e-17	1.5477568347381813e-17
4585.499999999999	4.6858825165393694e-17	1.6366926472219227e-17
4585.749999999999	4.9867504310703124e-17	1.770358582201714e-17
4585.999999999999	5.254851134344715e-17	1.820619730581661e-17
4586.249999999999	5.4055600544286095e-17	1.795815892733646e-17
4586.499999999999	5.4188507457987465e-17	1.639140605526712e-17
4586.749999999999	5.3279043276434947e-17	1.658324909165287e-17
4586.999999999999	5.1819791595004863e-17	1.7414487852291082e-17
4587.249999999999	5.016537014276055e-17	1.7696448907692033e-17
4587.499999999999	4.846002388678234e-17	1.72458836280344e-17
4587.749999999999	4.6701430252635535e-17	1.5917775671409058e-17
4587.999999999999	4.481223952437111e-17	1.670670579807641e-17
4588.249999999999	4.271142205319359e-17	1.763457745223429e-17
4588.499999999999	4.0421033189399773e-17	1.7406154834800223e-17
4588.749999999999	3.815317870346865e-17	1.6105186674072748e-17
4588.999999999999	3.6274097638705e-17	1.6380123311711898e-17
4589.249999999999	3.514782652485382e-17	1.628829633755116e-17
4589.499999999999	3.4988384778661343e-17	1.6557328559977908e-17
4589.749999999999	3.582533314376572e-17	1.6912994716679783e-17
4589.999999999999	3.7553584970417016e-17	1.6025108973332714e-17
4590.249999999999	3.9975210159161727e-17	1.595718421015231e-17
4590.499999999999	4.280921898264083e-17	1.6738780553508765e-17
4590.749999999999	4.5721740898634414e-17	1.7076528323781517e-17
4590.999999999999	4.840182167254741e-17	1.6876577263031524e-17
4591.249999999999	5.0627848574803905e-17	1.6737955027257437e-17
4591.499999999999	5.2259072765916517e-17	1.71499869252599e-17
4591.749999999999	5.3167907729345165e-17	1.6884693559201894e-17
4591.999999999999	5.3203629819709846e-17	1.6717522011766152e-17
4592.249999999999	5.225640162958789e-17	1.683298153602753e-17
4592.499999999999	5.038792029293614e-17	1.7039966940706673e-17
4592.749999999999	4.7910688026384447e-17	1.6299991017051436e-17
4592.999999999999	4.5318956944082496e-17	1.60494760598173e-17
4593.249999999999	4.309121793635835e-17	1.6372018596070103e-17
4593.499999999999	4.149178900685976e-17	1.676445293099996e-17
4593.749999999999	4.0498712495111536e-17	1.6766702862266105e-17
4593.999999999999	3.9885928633818765e-17	1.6315005999530498e-17
4594.249999999999	3.9385453138318495e-17	1.6199281777473105e-17
4594.499999999999	3.882338635239549e-17	1.641013011561287e-17
4594.749999999999	3.816020536930993e-17	1.633470613299906e-17
4594.999999999999	3.743581701471634e-17	1.5813355699602814e-17
4595.249999999999	3.668899215470374e-17	1.6162952004969776e-17
4595.499999999999	3.5942478803992785e-17	1.686145474707283e-17
4595.749999999999	3.528018071747571e-17	1.6616218856508008e-17
4595.999999999999	3.493098042492396e-17	1.600194129873633e-17
4596.249999999999	3.52332978611918e-17	1.558084846430396e-17
4596.499999999999	3.645422905746242e-17	1.5808400887733622e-17
4596.749999999999	3.859084547168586e-17	1.6027166998696746e-17
4596.999999999999	4.132345619601571e-17	1.680750602752212e-17
4597.249999999999	4.41637330607726e-17	1.739197861346229e-17
4597.499999999999	4.667165600687166e-17	1.7181312255057284e-17
4597.749999999999	4.857982654184757e-17	1.5917984120923422e-17
4597.999999999999	4.978613609738045e-17	1.693929244271407e-17
4598.249999999999	5.0301016731732556e-17	1.777652495407084e-17
4598.499999999999	5.022432769701158e-17	1.7118132199870484e-17
4598.749999999999	4.972954098679547e-17	1.6065549833480432e-17
4598.999999999999	4.9003063571592615e-17	1.6589290818846957e-17
4599.249999999999	4.816003454790898e-17	1.666974075086264e-17
4599.499999999999	4.721783534845396e-17	1.6459440006288383e-17
4599.749999999999	4.6167774258402833e-17	1.660222957798851e-17
4599.999999999999	4.5096198810841904e-17	1.6557872844820968e-17
4600.249999999999	4.426245706976533e-17	1.5891944475240252e-17
4600.499999999999	4.406279044581452e-17	1.6795463932164574e-17
4600.749999999999	4.4866593048770034e-17	1.6040181858454655e-17
4600.999999999999	4.678733901057621e-17	1.56735390150242e-17
4601.249999999999	4.951993556129152e-17	1.6428331397811488e-17
4601.499999999999	5.23759722524936e-17	1.7762572071498297e-17
4601.749999999999	5.454054772305093e-17	1.7626396635976142e-17
4601.999999999999	5.542673591959556e-17	1.726414446723712e-17
4602.249999999999	5.4936792185742353e-17	1.7190636234921982e-17
4602.499999999999	5.349291048108513e-17	1.7153530567004078e-17
4602.749999999999	5.181417069735914e-17	1.6818896304556976e-17
4602.999999999999	5.053378853419149e-17	1.5681221868553594e-17
4603.249999999999	4.985408923485397e-17	1.552899582042546e-17
4603.499999999999	4.9466412535098065e-17	1.7192839844073823e-17
4603.749999999999	4.882598339235145e-17	1.792443973684635e-17
4603.999999999999	4.760349011107967e-17	1.731125736620569e-17
4604.249999999999	4.596313605254509e-17	1.6510050224886827e-17
4604.499999999999	4.444292622651573e-17	1.559609340299331e-17
4604.749999999999	4.355240080469869e-17	1.5557687407152474e-17
4604.999999999999	4.3437538724499383e-17	1.643106936563904e-17
4605.249999999999	4.3871145510564135e-17	1.725754852903262e-17
4605.499999999999	4.451648279549817e-17	1.684852095101495e-17
4605.749999999999	4.519249844275209e-17	1.6361098157623178e-17
4605.999999999999	4.592678837219234e-17	1.6280294192305323e-17
4606.249999999999	4.681236254760434e-17	1.6385801079436462e-17
4606.499999999999	4.7841928122688356e-17	1.658747433022179e-17
4606.749999999999	4.886119779063878e-17	1.6816530568005074e-17
4606.999999999999	4.9647545796796866e-17	1.7331177529717192e-17
4607.249999999999	5.0026814353538845e-17	1.6992592652664536e-17
4607.499999999999	4.9942909422933645e-17	1.6955753336903874e-17
4607.749999999999	4.945411361846911e-17	1.6732828161820833e-17
4607.999999999999	4.8689947028018874e-17	1.6268513486021343e-17
4608.249999999999	4.78214572087026e-17	1.7323661766671535e-17
4608.499999999999	4.706264221284607e-17	1.64515139616589e-17
4608.749999999999	4.6665831284135775e-17	1.6211325527191877e-17
4608.999999999999	4.686508586744513e-17	1.646585396475812e-17
4609.249999999999	4.7780148505883795e-17	1.6778756538152228e-17
4609.499999999999	4.935583123308799e-17	1.6635677453237705e-17
4609.749999999999	5.140019589493921e-17	1.6741142981338217e-17
4609.999999999999	5.3698562298275166e-17	1.724129608435718e-17
4610.249999999999	5.610142528300113e-17	1.744970258532869e-17
4610.499999999999	5.850004269365238e-17	1.702095005842408e-17
4610.749999999999	6.07181720076963e-17	1.5929577884388965e-17
4610.999999999999	6.245616064167236e-17	1.8140937718569852e-17
4611.249999999999	6.339348293792993e-17	1.7522592086545637e-17
4611.499999999999	6.339045979575826e-17	1.7557985490595556e-17
4611.749999999999	6.260228134582033e-17	1.771845356634717e-17
4611.999999999999	6.138556868732096e-17	1.611545198547453e-17
4612.249999999999	6.00773080010058e-17	1.7409824207997508e-17
4612.499999999999	5.883752394232507e-17	1.7194386671819297e-17
4612.749999999999	5.766099252157313e-17	1.7216874403952164e-17
4612.999999999999	5.650018719777616e-17	1.6976561892393258e-17
4613.249999999999	5.537774159594992e-17	1.6025383597296082e-17
4613.499999999999	5.4420597342850534e-17	1.7292680544008974e-17
4613.749999999999	5.3812927964901236e-17	1.6101740639640852e-17
4613.999999999999	5.3689231108658984e-17	1.6195668652557473e-17
4614.249999999999	5.401552977740696e-17	1.6559148357325524e-17
4614.499999999999	5.454547963644294e-17	1.6528610503471292e-17
4614.749999999999	5.491814391886229e-17	1.844523430487096e-17
4614.999999999999	5.4856299369078995e-17	1.64562123475382e-17
4615.249999999999	5.4324446870655504e-17	1.6748820871783934e-17
4615.499999999999	5.3526533549026264e-17	1.701689356470012e-17
4615.749999999999	5.27483841178087e-17	1.6281513456528226e-17
4615.999999999999	5.216343266560054e-17	1.645200365258153e-17
4616.249999999999	5.17385035905984e-17	1.6354230904177763e-17
4616.499999999999	5.1300626516534715e-17	1.69733094182247e-17
4616.749999999999	5.070901181459133e-17	1.7080551730280975e-17
4616.999999999999	4.9994431380488635e-17	1.6445751821511855e-17
4617.249999999999	4.935096637184991e-17	1.5686610123063764e-17
4617.499999999999	4.898603166228886e-17	1.687026091187407e-17
4617.749999999999	4.895148314044111e-17	1.6750198954684447e-17
4617.999999999999	4.908956294938691e-17	1.6457363782950874e-17
4618.249999999999	4.913333906249897e-17	1.656757732776744e-17
4618.499999999999	4.888928479623967e-17	1.7141677068826193e-17
4618.749999999999	4.838060093342413e-17	1.6471136340149882e-17
4618.999999999999	4.7865037317607613e-17	1.5557432635523808e-17
4619.249999999999	4.7724569878915286e-17	1.627102646072228e-17
4619.499999999999	4.8293010937857266e-17	1.6795402720799245e-17
4619.749999999999	4.970354458494226e-17	1.5708490704627017e-17
4619.999999999999	5.181486717789075e-17	1.593730044258776e-17
4620.249999999999	5.424220233658428e-17	1.688730414121511e-17
4620.499999999999	5.648169352236065e-17	1.7135162194321726e-17
4620.749999999999	5.807350869914782e-17	1.7028148184114515e-17
4620.999999999999	5.872953819200093e-17	1.694983237807922e-17
4621.249999999999	5.838037257533598e-17	1.724989214528283e-17
4621.499999999999	5.714962527621492e-17	1.6957836177686283e-17
4621.749999999999	5.529343051603591e-17	1.646597473312755e-17
4621.999999999999	5.3131176954605437e-17	1.651331097086151e-17
4622.249999999999	5.096599179649912e-17	1.690800681758609e-17
4622.499999999999	4.899264501322231e-17	1.624030497277206e-17
4622.749999999999	4.723128739018468e-17	1.5934243183043764e-17
4622.999999999999	4.556080183690015e-17	1.7063149504554084e-17
4623.249999999999	4.3880515273710234e-17	1.714872961072882e-17
4623.499999999999	4.2306112887984745e-17	1.6333169231420938e-17
4623.749999999999	4.1225106671961365e-17	1.6088782028164596e-17
4623.999999999999	4.111691408076444e-17	1.5606322318448142e-17
4624.249999999999	4.224098080579277e-17	1.5178441639909162e-17
4624.499999999999	4.443152568932107e-17	1.5918869204178853e-17
4624.749999999999	4.7170651272891453e-17	1.6714458134777256e-17
4624.999999999999	4.9891125226393893e-17	1.647205947371349e-17
4625.249999999999	5.227667065351927e-17	1.672769137021688e-17
4625.499999999999	5.433703255489681e-17	1.666977714680959e-17
4625.749999999999	5.622502469842672e-17	1.6612700030182207e-17
4625.999999999999	5.797148959404786e-17	1.6535285851014595e-17
4626.249999999999	5.937083261748204e-17	1.668106485344849e-17
4626.499999999999	6.011150958537331e-17	1.7994000663278383e-17
4626.749999999999	6.003186973250833e-17	1.6360545600973993e-17
4626.999999999999	5.927844473108372e-17	1.6639057313220597e-17
4627.249999999999	5.824049589832582e-17	1.667014937808524e-17
4627.499999999999	5.73324436032156e-17	1.6049260992858037e-17
4627.749999999999	5.68009631238566e-17	1.7038972669610384e-17
4627.999999999999	5.666154781530126e-17	1.6733253332655686e-17
4628.249999999999	5.672935573690802e-17	1.643273530739272e-17
4628.499999999999	5.666557605017499e-17	1.6492154999514855e-17
4628.749999999999	5.603687630271927e-17	1.693027286531479e-17
4628.999999999999	5.4450118572477126e-17	1.75060104239864e-17
4629.249999999999	5.1767768902156615e-17	1.711559440975117e-17
4629.499999999999	4.8282460900983764e-17	1.6685677212544086e-17
4629.749999999999	4.46856644081906e-17	1.5804786108456765e-17
4629.999999999999	4.1786082270150954e-17	1.4818718989483327e-17
4630.249999999999	4.013235069297516e-17	1.4704776514465372e-17
4630.499999999999	3.9792333161350237e-17	1.66305439703562e-17
4630.749999999999	4.0432221216885294e-17	1.6557292164030955e-17
4630.999999999999	4.1604028258586454e-17	1.620849822385817e-17
4631.249999999999	4.299751716373296e-17	1.5501816319858193e-17
4631.499999999999	4.447964927923355e-17	1.4834485051958587e-17
4631.749999999999	4.595705739947381e-17	1.651078972435445e-17
4631.999999999999	4.7248305994685304e-17	1.5964709899365317e-17
4632.249999999999	4.8112561103498393e-17	1.682441525360393e-17
4632.499999999999	4.8409941232820204e-17	1.7175267219140747e-17
4632.749999999999	4.8236801766987136e-17	1.625887352316265e-17
4632.999999999999	4.7899715082714033e-17	1.5658181579771542e-17
4633.249999999999	4.773322633260047e-17	1.565880031086973e-17
4633.499999999999	4.78946883560526e-17	1.5765705133236085e-17
4633.749999999999	4.8279561737449625e-17	1.6163168726290265e-17
4633.999999999999	4.8605556355566317e-17	1.630793691401562e-17
4634.249999999999	4.86064962559983e-17	1.536918287171899e-17
4634.499999999999	4.8223074984704343e-17	1.6985290302216918e-17
4634.749999999999	4.7679222512140154e-17	1.5789266545804045e-17
4634.999999999999	4.7381118573890687e-17	1.5508281563525907e-17
4635.249999999999	4.7673957308697134e-17	1.569449480866262e-17
4635.499999999999	4.859944130542697e-17	1.4934302590836586e-17
4635.749999999999	4.98200898586266e-17	1.7832189246211985e-17
4635.999999999999	5.076663226126106e-17	1.6146929516504624e-17
4636.249999999999	5.090739100330976e-17	1.6321687964518702e-17
4636.499999999999	4.997403616539152e-17	1.6843695179321316e-17
4636.749999999999	4.804540584868539e-17	1.6017391378217594e-17
4636.999999999999	4.549673266206719e-17	1.6881010951114808e-17
4637.249999999999	4.286796257283521e-17	1.5622678987880766e-17
4637.499999999999	4.069726497299878e-17	1.5299575623172653e-17
4637.749999999999	3.9365619212433195e-17	1.5127814877698467e-17
4637.999999999999	3.901415078141883e-17	1.5012194880398255e-17
4638.249999999999	3.95758490598227e-17	1.656963204440902e-17
4638.499999999999	4.088960965006284e-17	1.487361565801602e-17
4638.749999999999	4.280325929127958e-17	1.5609758426712687e-17
4638.999999999999	4.5192161383171165e-17	1.5956084059937614e-17
4639.249999999999	4.7897817313004175e-17	1.5910362478759358e-17
4639.499999999999	5.0644691445095293e-17	1.7171367889733172e-17
4639.749999999999	5.299229417369057e-17	1.6005279799688593e-17
4639.999999999999	5.4363753499641833e-17	1.6453120346408477e-17
4640.249999999999	5.41842522358251e-17	1.7023649975943452e-17
4640.499999999999	5.212178550872071e-17	1.7376052077948193e-17
4640.749999999999	4.833100661356634e-17	1.739376036050173e-17
4640.999999999999	4.353592612267254e-17	1.4975906466925553e-17
4641.249999999999	3.884653442468219e-17	1.506507322823632e-17
4641.499999999999	3.536925564505909e-17	1.468368010012282e-17
4641.749999999999	3.38062829925791e-17	1.4404738253957688e-17
4641.999999999999	3.4237832424424726e-17	1.5116872932555615e-17
4642.249999999999	3.6165563311340854e-17	1.6048157533920892e-17
4642.499999999999	3.8764088556059764e-17	1.5546113496021632e-17
4642.749999999999	4.1212935542037055e-17	1.6070233330108707e-17
4642.999999999999	4.2971562297986485e-17	1.6310838663604456e-17
4643.249999999999	4.3898117435396614e-17	1.5857176419733423e-17
4643.499999999999	4.418662048978632e-17	1.6099123440182734e-17
4643.749999999999	4.418539023851691e-17	1.571249922187545e-17
4643.999999999999	4.421000283505344e-17	1.614912485385034e-17
4644.249999999999	4.443240648416569e-17	1.628217189229582e-17
4644.499999999999	4.4845808833427465e-17	1.6040722834575265e-17
4644.749999999999	4.5265187596170567e-17	1.6037606018027165e-17
4644.999999999999	4.5368261680867405e-17	1.5509853206689758e-17
4645.249999999999	4.4830518654297544e-17	1.667560546140564e-17
4645.499999999999	4.355203963166848e-17	1.6539694723679502e-17
4645.749999999999	4.183938779856066e-17	1.5460310051081507e-17
4645.999999999999	4.035551397580934e-17	1.4879553160452926e-17
4646.249999999999	3.979417945906809e-17	1.424925145985487e-17
4646.499999999999	4.046868513177514e-17	1.5087797534024376e-17
4646.749999999999	4.2103385832904325e-17	1.5749174755874825e-17
4646.999999999999	4.3977617268377464e-17	1.597746337004966e-17
4647.249999999999	4.5319508959801864e-17	1.598597174983038e-17
4647.499999999999	4.5692223847704235e-17	1.6669347012891064e-17
4647.749999999999	4.515645762298241e-17	1.550978868660198e-17
4647.999999999999	4.416416152536308e-17	1.5647577124318612e-17
4648.249999999999	4.330002633547355e-17	1.5588164049641378e-17
4648.499999999999	4.303857265859979e-17	1.5074883590301198e-17
4648.749999999999	4.3618691540270684e-17	1.5938205378177893e-17
4648.999999999999	4.5031348136830515e-17	1.5410743734416104e-17
4649.249999999999	4.7062397105668587e-17	1.5967848222609343e-17
4649.499999999999	4.935681897467785e-17	1.6175104942529405e-17
4649.749999999999	5.151437483762217e-17	1.6058219358891987e-17
4649.999999999999	5.321957987053866e-17	1.6488591505435976e-17
4650.249999999999	5.435565419155399e-17	1.656881809868627e-17
4650.499999999999	5.5026999491848735e-17	1.5588175630169954e-17
4650.749999999999	5.5467562176390225e-17	1.5623949537301647e-17
4650.999999999999	5.589892915433691e-17	1.6136214218849612e-17
4651.249999999999	5.64303860016688e-17	1.6063007080277444e-17
4651.499999999999	5.703864757512258e-17	1.6674492076301144e-17
4651.749999999999	5.759939468463826e-17	1.6002005818824108e-17
4651.999999999999	5.793705425412239e-17	1.6259436005979186e-17
4652.249999999999	5.788905910160275e-17	1.664324781020379e-17
4652.499999999999	5.737865829320934e-17	1.646633703823585e-17
4652.749999999999	5.645829257619269e-17	1.5898914299081624e-17
4652.999999999999	5.528906361069943e-17	1.5972462236066164e-17
4653.249999999999	5.407405446081187e-17	1.6683993072816928e-17
4653.499999999999	5.2994392328005116e-17	1.64444829264522e-17
4653.749999999999	5.216849793607864e-17	1.54157581032894e-17
4653.999999999999	5.162357218105742e-17	1.5614264906689876e-17
4654.249999999999	5.128977292343894e-17	1.518852993465986e-17
4654.499999999999	5.105376066189849e-17	1.6857290719869237e-17
4654.749999999999	5.086178890585261e-17	1.6564352977739708e-17
4654.999999999999	5.077838790688557e-17	1.5130398989932082e-17
4655.249999999999	5.0910552556222206e-17	1.5618207249489304e-17
4655.499999999999	5.1235887633688303e-17	1.5778814291583825e-17
4655.749999999999	5.14961638992442e-17	1.6418570666583363e-17
4655.999999999999	5.1286448823672807e-17	1.6689040528914726e-17
4656.249999999999	5.0302079778501854e-17	1.6306649820982488e-17
4656.499999999999	4.856711187961166e-17	1.5483572024267723e-17
4656.749999999999	4.648143358722284e-17	1.564473493173388e-17
4656.999999999999	4.4653943858842523e-17	1.5770421717088862e-17
4657.249999999999	4.361579847046409e-17	1.5054531638509944e-17
4657.499999999999	4.356064134216162e-17	1.4900742219024085e-17
4657.749999999999	4.42413233261627e-17	1.5845010247283994e-17
4657.999999999999	4.508111270801683e-17	1.6694054897788023e-17
4658.249999999999	4.544735388243287e-17	1.6727502773037217e-17
4658.499999999999	4.493918487725024e-17	1.5996584477089435e-17
4658.749999999999	4.353433415020776e-17	1.5751148408816376e-17
4658.999999999999	4.1540445862711616e-17	1.598618185370597e-17
4659.249999999999	3.9422130399234585e-17	1.5697677799659724e-17
4659.499999999999	3.7623138225110915e-17	1.582015181551555e-17
4659.749999999999	3.645249564560249e-17	1.538230857367898e-17
4659.999999999999	3.6027732651503934e-17	1.5639464136870692e-17
4660.249999999999	3.624876593426491e-17	1.5816583358352996e-17
4660.499999999999	3.681496465636519e-17	1.5067058461706447e-17
4660.749999999999	3.732491568524507e-17	1.6278874750374182e-17
4660.999999999999	3.745644337323797e-17	1.6069010757163353e-17
4661.249999999999	3.7143682224543245e-17	1.5582458157775987e-17
4661.499999999999	3.6635975911460625e-17	1.5249058048802814e-17
4661.749999999999	3.6384427616597435e-17	1.522661663878425e-17
4661.999999999999	3.680833641690728e-17	1.5504360727422406e-17
4662.249999999999	3.806498532251551e-17	1.4884182063160773e-17
4662.499999999999	3.994740785929943e-17	1.513120135512626e-17
4662.749999999999	4.1974871817047904e-17	1.60603882264581e-17
4662.999999999999	4.363911796005488e-17	1.6820719410627043e-17
4663.249999999999	4.466754266837616e-17	1.6226730938920064e-17
4663.499999999999	4.5139937924643065e-17	1.5006538619369617e-17
4663.749999999999	4.5391767709778316e-17	1.5784030492526584e-17
4663.999999999999	4.578893449857957e-17	1.5895916596541732e-17
4664.249999999999	4.653688715621317e-17	1.5567436557852024e-17
4664.499999999999	4.7631364203046433e-17	1.6186223904323343e-17
4664.749999999999	4.893450554375822e-17	1.526918997055113e-17
4664.999999999999	5.0279097273014097e-17	1.6020878771680118e-17
4665.249999999999	5.1519221521542054e-17	1.5912221980776377e-17
4665.499999999999	5.2524207151786604e-17	1.564613121260787e-17
4665.749999999999	5.3174955865995754e-17	1.6248843131054832e-17
4665.999999999999	5.3407140519790513e-17	1.6965661306281035e-17
4666.249999999999	5.327198878367771e-17	1.5712659694914284e-17
4666.499999999999	5.2938165823128297e-17	1.6091389301455363e-17
4666.749999999999	5.260053903087419e-17	1.6243319218924203e-17
4666.999999999999	5.235576156003058e-17	1.554594475117667e-17
4667.249999999999	5.214847671638929e-17	1.6473654277934494e-17
4667.499999999999	5.1833580965607063e-17	1.6214091619160254e-17
4667.749999999999	5.129499202951926e-17	1.629225853268529e-17
4667.999999999999	5.051320921670723e-17	1.5870649537550687e-17
4668.249999999999	4.952996868035915e-17	1.5256919573344518e-17
4668.499999999999	4.836386935765315e-17	1.5436158031556183e-17
4668.749999999999	4.698090908431174e-17	1.6053504429400434e-17
4668.999999999999	4.536552554828442e-17	1.6329334422101142e-17
4669.249999999999	4.362617829102037e-17	1.5748752893762423e-17
4669.499999999999	4.20191935587405e-17	1.5105542212524864e-17
4669.749999999999	4.084188637054433e-17	1.537191753082409e-17
4669.999999999999	4.026847817572591e-17	1.492930476557554e-17
4670.249999999999	4.0259646137765415e-17	1.5677378787427672e-17
4670.499999999999	4.061332016217128e-17	1.5866038832816317e-17
4670.749999999999	4.1104178989182236e-17	1.5696605773585855e-17
4670.999999999999	4.159856208400233e-17	1.546504814163021e-17
4671.249999999999	4.2078023915342216e-17	1.501579973350776e-17
4671.499999999999	4.2593263528314355e-17	1.6105069214425765e-17
4671.749999999999	4.3202066070549264e-17	1.611177764919357e-17
4671.999999999999	4.3907384921074754e-17	1.5643925949094803e-17
4672.249999999999	4.4587952132839784e-17	1.525006390042768e-17
4672.499999999999	4.4957495284244465e-17	1.531684715436276e-17
4672.749999999999	4.4633494265461354e-17	1.6119539912061768e-17
4672.999999999999	4.3338824410816554e-17	1.609055550339791e-17
4673.249999999999	4.1120387244099286e-17	1.559808194518589e-17
4673.499999999999	3.8401617473606425e-17	1.499864069888096e-17
4673.749999999999	3.579549976300369e-17	1.4547706496670128e-17
4673.999999999999	3.380322937286818e-17	1.4386447636252915e-17
4674.249999999999	3.261399851668554e-17	1.5438591596918314e-17
4674.499999999999	3.2120993958184736e-17	1.5319120246686056e-17
4674.749999999999	3.2091656513494055e-17	1.500262274634979e-17
4674.999999999999	3.2342623873568474e-17	1.5377391812117966e-17
4675.249999999999	3.281342886063642e-17	1.5611621237452157e-17
4675.499999999999	3.3527122979292996e-17	1.4951509601938914e-17
4675.749999999999	3.4492767078138846e-17	1.5079087322174193e-17
4675.999999999999	3.562852296169413e-17	1.514533125434989e-17
4676.249999999999	3.676648859831578e-17	1.5084220805055697e-17
4676.499999999999	3.773790447362905e-17	1.611585399525223e-17
4676.749999999999	3.8465254106392847e-17	1.5725930980662085e-17
4676.999999999999	3.8980058184232406e-17	1.461302564092099e-17
4677.249999999999	3.936190677483524e-17	1.513433471528661e-17
4677.499999999999	3.967017077706325e-17	1.600562556118464e-17
4677.749999999999	3.9924672690657574e-17	1.4810462072608822e-17
4677.999999999999	4.011692898395674e-17	1.4309811006861102e-17
4678.249999999999	4.020861054185936e-17	1.4710857946328862e-17
4678.499999999999	4.0124597226399906e-17	1.5871231872701925e-17
4678.749999999999	3.9784386419478755e-17	1.622283491823494e-17
4678.999999999999	3.9174646732533494e-17	1.50874037960528e-17
4679.249999999999	3.840343685491182e-17	1.4965230873939944e-17
4679.499999999999	3.767762570741998e-17	1.5693661010605166e-17
4679.749999999999	3.720623125551942e-17	1.461530369632796e-17
4679.999999999999	3.7086781375398645e-17	1.4125136317663738e-17
4680.249999999999	3.7240873581729903e-17	1.5055446500267427e-17
4680.499999999999	3.7438463980053254e-17	1.541973684203578e-17
4680.749999999999	3.7405575062091293e-17	1.5543097595508264e-17
4680.999999999999	3.696157610997136e-17	1.571165384328942e-17
4681.249999999999	3.610734433752914e-17	1.5195284691541967e-17
4681.499999999999	3.501163999901615e-17	1.4602010903884234e-17
4681.749999999999	3.391057751544895e-17	1.5136604498887455e-17
4681.999999999999	3.299390399855725e-17	1.4849686977256087e-17
4682.249999999999	3.235298314121575e-17	1.4814048727744852e-17
4682.499999999999	3.200768060159859e-17	1.5002002360890376e-17
4682.749999999999	3.196226163725169e-17	1.5051308942843437e-17
4682.999999999999	3.222170887052111e-17	1.4768705995287145e-17
4683.249999999999	3.2745200109445247e-17	1.476150125215181e-17
4683.499999999999	3.3382451371585217e-17	1.5018157198253537e-17
4683.749999999999	3.3870127328069705e-17	1.48615818344646e-17
4683.999999999999	3.3930584465371576e-17	1.5021057293481148e-17
4684.249999999999	3.343750127836833e-17	1.5475048755235977e-17
4684.499999999999	3.254608007828128e-17	1.498083646337637e-17
4684.749999999999	3.167923697547299e-17	1.5302268923247125e-17
4684.999999999999	3.133622620238226e-17	1.4016472909315097e-17
4685.249999999999	3.181380431875262e-17	1.4023181344082902e-17
4685.499999999999	3.30132989224775e-17	1.5190530057381012e-17
4685.749999999999	3.446677551271502e-17	1.5332014338074532e-17
4685.999999999999	3.556895558759327e-17	1.49123012409039e-17
4686.249999999999	3.586927857143495e-17	1.5131557042789657e-17
4686.499999999999	3.526395501603685e-17	1.5138915641518928e-17
4686.749999999999	3.401455051869974e-17	1.4764876149051025e-17
4686.999999999999	3.261562022949374e-17	1.4239128423518446e-17
4687.249999999999	3.1585505302756e-17	1.424825718875858e-17
4687.499999999999	3.1270942421421594e-17	1.3910047851704025e-17
4687.749999999999	3.174765742170533e-17	1.4283632394835024e-17
4687.999999999999	3.2852945296281186e-17	1.488956866330972e-17
4688.249999999999	3.431320412922314e-17	1.514602112298076e-17
4688.499999999999	3.5882680764774136e-17	1.4445455392429998e-17
4688.749999999999	3.742808309262071e-17	1.514384067488607e-17
4688.999999999999	3.8949436132046066e-17	1.5026182504556526e-17
4689.249999999999	4.055886763146239e-17	1.5341682425074052e-17
4689.499999999999	4.242711782252231e-17	1.5666683342107362e-17
4689.749999999999	4.4693418897538806e-17	1.4605971444657138e-17
4689.999999999999	4.735762618725112e-17	1.5418802127943596e-17
4690.249999999999	5.021581361191585e-17	1.5812808106037304e-17
4690.499999999999	5.2906372930594277e-17	1.5950985318641837e-17
4690.749999999999	5.5074673969682506e-17	1.6052372846322462e-17
4690.999999999999	5.657242304775061e-17	1.6292600985458887e-17
4691.249999999999	5.755380068808648e-17	1.6315896045869605e-17
4691.499999999999	5.837339504003725e-17	1.475217396356466e-17
4691.749999999999	5.932546807833801e-17	1.4689610985114825e-17
4691.999999999999	6.039872204207163e-17	1.5795902188677945e-17
4692.249999999999	6.123568303865522e-17	1.6795162838421605e-17
4692.499999999999	6.134764834871779e-17	1.6234901829010863e-17
4692.749999999999	6.04482257211453e-17	1.7005996287310345e-17
4692.999999999999	5.868112892512879e-17	1.6052558134779674e-17
4693.249999999999	5.659219824509564e-17	1.5649425045807055e-17
4693.499999999999	5.4865960935000554e-17	1.554124967401982e-17
4693.749999999999	5.39927603784327e-17	1.3849576813023336e-17
4693.999999999999	5.406460820846738e-17	1.585835763364815e-17
4694.249999999999	5.4803285536136894e-17	1.5842143239280885e-17
4694.499999999999	5.577125160500503e-17	1.573419120625904e-17
4694.749999999999	5.66132576870995e-17	1.588145582507308e-17
4694.999999999999	5.718905812569943e-17	1.6019245917150938e-17
4695.249999999999	5.755302849183346e-17	1.5787418624315602e-17
4695.499999999999	5.78290393937263e-17	1.6300924076782396e-17
4695.749999999999	5.806832374970203e-17	1.5529263826943927e-17
4695.999999999999	5.817344409824805e-17	1.5318991206510497e-17
4696.249999999999	5.793997119125267e-17	1.6258850362105498e-17
4696.499999999999	5.720448399027322e-17	1.6367249072658122e-17
4696.749999999999	5.600546433894066e-17	1.557226563826811e-17
4696.999999999999	5.462514916946421e-17	1.5091134380615415e-17
4697.249999999999	5.3446529615399427e-17	1.464055917479043e-17
4697.499999999999	5.270291010872183e-17	1.4638008149781317e-17
4697.749999999999	5.229883014572508e-17	1.577819059740196e-17
4697.999999999999	5.184151816444376e-17	1.6015862748445596e-17
4698.249999999999	5.086721833426491e-17	1.5728766555801917e-17
4698.499999999999	4.910669940882544e-17	1.589355747743473e-17
4698.749999999999	4.661964790263674e-17	1.5717013973658763e-17
4698.999999999999	4.373625460501827e-17	1.4563366680026982e-17
4699.249999999999	4.087937662633645e-17	1.444800310871666e-17
4699.499999999999	3.840061993970563e-17	1.528127838802298e-17
4699.749999999999	3.6518380092284587e-17	1.4662115501553562e-17
4699.999999999999	3.5349214326784276e-17	1.4320011798175106e-17
4700.249999999999	3.4961617161899994e-17	1.4765370803057332e-17
4700.499999999999	3.5395451643461287e-17	1.4170702388886834e-17
4700.749999999999	3.664788567120963e-17	1.4418395005870938e-17
4700.999999999999	3.86612025992058e-17	1.5364782270860208e-17
4701.249999999999	4.132975542149242e-17	1.5136364616509815e-17
4701.499999999999	4.4504959286404625e-17	1.4567242848377405e-17
4701.749999999999	4.797079230489845e-17	1.5668162341042606e-17
4701.999999999999	5.140151292214368e-17	1.4914212028118898e-17
4702.249999999999	5.435807599695475e-17	1.5519757867344468e-17
4702.499999999999	5.637605459270377e-17	1.6110867750519762e-17
4702.749999999999	5.713328279404139e-17	1.6235161563723205e-17
4702.999999999999	5.66093041968721e-17	1.5797467214396896e-17
4703.249999999999	5.513214539877101e-17	1.5375201437855926e-17
4703.499999999999	5.327354125384962e-17	1.5319479243071904e-17
4703.749999999999	5.164761491207719e-17	1.5109317464840556e-17
4703.999999999999	5.071332951249637e-17	1.4874881244353227e-17
4704.249999999999	5.065581914847595e-17	1.4786601220659118e-17
4704.499999999999	5.1369593043049724e-17	1.510181824540715e-17
4704.749999999999	5.253426472698844e-17	1.5497382631774908e-17
4704.999999999999	5.375809457814006e-17	1.5819966527058338e-17
4705.249999999999	5.473811148603705e-17	1.5906645129086545e-17
4705.499999999999	5.535647053777045e-17	1.5714055975788274e-17
4705.749999999999	5.56524194760203e-17	1.521826376895869e-17
4705.999999999999	5.569833449686e-17	1.4685900252886912e-17
4706.249999999999	5.549712108077589e-17	1.602014754401862e-17
4706.499999999999	5.5004064984334136e-17	1.6251059975096474e-17
4706.749999999999	5.425119451752913e-17	1.582475921152747e-17
4706.999999999999	5.343894659678749e-17	1.5309587817306994e-17
4707.249999999999	5.2883034761256496e-17	1.3888304582122456e-17
4707.499999999999	5.2843698891285474e-17	1.5250995305797413e-17
4707.749999999999	5.337405043683747e-17	1.5092307322724015e-17
4707.999999999999	5.4298544025757114e-17	1.5311735178177182e-17
4708.249999999999	5.5316648549007545e-17	1.6032499004925263e-17
4708.499999999999	5.614543576980762e-17	1.5514126421734207e-17
4708.749999999999	5.662676861479551e-17	1.4517181877705696e-17
4708.999999999999	5.677793953598548e-17	1.5535504077485027e-17
4709.249999999999	5.678548835183737e-17	1.5713926935612715e-17
4709.499999999999	5.69296186004201e-17	1.5090204629606906e-17
4709.749999999999	5.743767854241181e-17	1.4830592339995913e-17
4709.999999999999	5.832348146747144e-17	1.5661175973588984e-17
4710.249999999999	5.932110247505918e-17	1.5551372710356244e-17
4710.499999999999	5.999263116357477e-17	1.5586903426387847e-17
4710.749999999999	5.997327435092917e-17	1.6049328821668267e-17
4710.999999999999	5.919933178266788e-17	1.6315542012567433e-17
4711.249999999999	5.795314955504404e-17	1.428395168655147e-17
4711.499999999999	5.668496316958577e-17	1.4251551021957767e-17
4711.749999999999	5.574196880226743e-17	1.418984003953886e-17
4711.999999999999	5.5200675783588157e-17	1.5138134783020678e-17
4712.249999999999	5.489652651850353e-17	1.607198695300732e-17
4712.499999999999	5.457435275442457e-17	1.4925929868676325e-17
4712.749999999999	5.4010508782950137e-17	1.4638898196120424e-17
4712.999999999999	5.303699259205951e-17	1.5283884006952522e-17
4713.249999999999	5.1522105940993544e-17	1.575221878052902e-17
4713.499999999999	4.939630835850945e-17	1.561752896138701e-17
4713.749999999999	4.673846195884161e-17	1.5007005149235097e-17
4713.999999999999	4.3847668481412874e-17	1.5283520047482998e-17
4714.249999999999	4.120626115053289e-17	1.4231736737564672e-17
4714.499999999999	3.930549077097665e-17	1.3783471020009935e-17
4714.749999999999	3.841176425644534e-17	1.3890145886166e-17
4714.999999999999	3.842216219634212e-17	1.4343275425722548e-17
4715.249999999999	3.8924826191414006e-17	1.5172419765049776e-17
4715.499999999999	3.944297165600599e-17	1.512295271005788e-17
4715.749999999999	3.9699681712489555e-17	1.4863029400536567e-17
4715.999999999999	3.9719477333486134e-17	1.4478019838784986e-17
4716.249999999999	3.971058038442958e-17	1.4144209448227986e-17
4716.499999999999	3.9843010153220143e-17	1.408522650746928e-17
4716.749999999999	4.0107285361563526e-17	1.495223752087796e-17
4716.999999999999	4.0352749829152785e-17	1.5025699431078795e-17
4717.249999999999	4.044417144489619e-17	1.5063253430888703e-17
4717.499999999999	4.03824826198316e-17	1.4823202308403364e-17
4717.749999999999	4.028940670934428e-17	1.4146282362843044e-17
4717.999999999999	4.029827379975713e-17	1.3883874202761622e-17
4718.249999999999	4.047842981679867e-17	1.5301132377085477e-17
4718.499999999999	4.086023652107991e-17	1.54820483575794e-17
4718.749999999999	4.149474253838244e-17	1.452806922892812e-17
4718.999999999999	4.2437358261810643e-17	1.3416042354997556e-17
4719.249999999999	4.364736255226695e-17	1.4200312146093783e-17
4719.499999999999	4.492217415623088e-17	1.5281561283792473e-17
4719.749999999999	4.597668133751507e-17	1.5478335970990262e-17
4719.999999999999	4.6631810904187414e-17	1.5378184251144792e-17
4720.249999999999	4.6953138687257504e-17	1.5023709234524993e-17
4720.499999999999	4.7214291051304265e-17	1.4389288174476422e-17
4720.749999999999	4.771362055172715e-17	1.4145862155091867e-17
4720.999999999999	4.85914380375304e-17	1.5346839069012708e-17
4721.249999999999	4.977503401059776e-17	1.5337725193023598e-17
4721.499999999999	5.105843846438581e-17	1.4982700928477064e-17
4721.749999999999	5.222449986511458e-17	1.4919726014082177e-17
4721.999999999999	5.311733585068626e-17	1.4134346146603904e-17
4722.249999999999	5.364800752804877e-17	1.4702121264699077e-17
4722.499999999999	5.378009013568773e-17	1.5333728256303742e-17
4722.749999999999	5.353879945308661e-17	1.544718931220519e-17
4722.999999999999	5.303603028666521e-17	1.5173695277554333e-17
4723.249999999999	5.2466320028600247e-17	1.5246961973130605e-17
4723.499999999999	5.204488492901803e-17	1.4824267717032332e-17
4723.749999999999	5.1911018594457877e-17	1.491431956159853e-17
4723.999999999999	5.2057461387071334e-17	1.5038615029163198e-17
4724.249999999999	5.233530952315796e-17	1.5148984083934924e-17
4724.499999999999	5.2535204876485965e-17	1.538056156822527e-17
4724.749999999999	5.2497737534814456e-17	1.575286067268436e-17
4724.999999999999	5.2191428477737914e-17	1.4824191616415977e-17
4725.249999999999	5.172036726532767e-17	1.5283071715590995e-17
4725.499999999999	5.126622843445776e-17	1.5093038550385512e-17
4725.749999999999	5.100272873560444e-17	1.4216088134736394e-17
4725.999999999999	5.102565062550963e-17	1.589019746978654e-17
4726.249999999999	5.132206180067318e-17	1.4723174665649777e-17
4726.499999999999	5.178125929943589e-17	1.4421885708055912e-17
4726.749999999999	5.224381693797368e-17	1.4783823548162165e-17
4726.999999999999	5.258306802631375e-17	1.510956231030187e-17
4727.249999999999	5.27935024415582e-17	1.489551443755275e-17
4727.499999999999	5.302979557945668e-17	1.5098722935554977e-17
4727.749999999999	5.3539708384019804e-17	1.453674966227625e-17
4727.999999999999	5.449377107744167e-17	1.4692530932677137e-17
4728.249999999999	5.580554057027278e-17	1.4912718139932628e-17
4728.499999999999	5.708022941183978e-17	1.4947913020635534e-17
4728.749999999999	5.776580401018055e-17	1.6588061628456703e-17
4728.999999999999	5.743556173621554e-17	1.5633146131352012e-17
4729.249999999999	5.601794159674902e-17	1.492748000514425e-17
4729.499999999999	5.381477360814649e-17	1.4690712789690746e-17
4729.749999999999	5.1303913736749e-17	1.4717553146206866e-17
4729.999999999999	4.887790440754615e-17	1.4525291556431166e-17
4730.249999999999	4.669984689413573e-17	1.503593000089485e-17
4730.499999999999	4.4750841453951854e-17	1.4460647391560147e-17
4730.749999999999	4.299769448986479e-17	1.4597163625494673e-17
4730.999999999999	4.15320846887905e-17	1.4877680423546106e-17
4731.249999999999	4.056682145639596e-17	1.4229835876517025e-17
4731.499999999999	4.0291725485682746e-17	1.2885161146583473e-17
4731.749999999999	4.0708176755679767e-17	1.4089552662072932e-17
4731.999999999999	4.158436515863363e-17	1.526644538527868e-17
4732.249999999999	4.257557992320085e-17	1.514028710697454e-17
4732.499999999999	4.3418686826723223e-17	1.4099295195327582e-17
4732.749999999999	4.406098805746175e-17	1.4660975646669464e-17
4732.999999999999	4.4655340739411494e-17	1.4723533662035625e-17
4733.249999999999	4.545922357095949e-17	1.445031921443181e-17
4733.499999999999	4.6715500083330373e-17	1.4551910228543122e-17
4733.749999999999	4.8559028548435866e-17	1.4785734335377162e-17
4733.999999999999	5.09529357421698e-17	1.4576507271238e-17
4734.249999999999	5.365918062418499e-17	1.5037427197803572e-17
4734.499999999999	5.627123949302859e-17	1.5024241938839477e-17
4734.749999999999	5.833147955497039e-17	1.5411509703663328e-17
4734.999999999999	5.950378665155501e-17	1.5742539113000924e-17
4735.249999999999	5.971461854326296e-17	1.5531654378914205e-17
4735.499999999999	5.917709544479386e-17	1.4534594029599937e-17
4735.749999999999	5.828840343551526e-17	1.4815646840688305e-17
4735.999999999999	5.747727635889824e-17	1.4909291957835433e-17
4736.249999999999	5.709268514825409e-17	1.4965156427684814e-17
4736.499999999999	5.735858958985531e-17	1.4878022876319703e-17
4736.749999999999	5.835287672861154e-17	1.4264807418454542e-17
4736.999999999999	5.99767517925866e-17	1.3472138435418452e-17
4737.249999999999	6.194270089618789e-17	1.5188121307437258e-17
4737.499999999999	6.383523716445218e-17	1.6021846572996805e-17
4737.749999999999	6.524603722215043e-17	1.58743470348888e-17
4737.999999999999	6.591208544794269e-17	1.547391220907433e-17
4738.249999999999	6.577584596861084e-17	1.563537124719978e-17
4738.499999999999	6.494777516225091e-17	1.5589912709456315e-17
4738.749999999999	6.361614225804852e-17	1.5321699395835996e-17
4738.999999999999	6.196270917599072e-17	1.523535497477526e-17
4739.249999999999	6.011629120252893e-17	1.53860920978008e-17
4739.499999999999	5.815013167890166e-17	1.5093579526506122e-17
4739.749999999999	5.611839061666855e-17	1.4688810274281874e-17
4739.999999999999	5.411694349648251e-17	1.5322385955744415e-17
4740.249999999999	5.2335018816682906e-17	1.500945856693193e-17
4740.499999999999	5.1053514797642184e-17	1.4266564350075605e-17
4740.749999999999	5.056621203992063e-17	1.4499293269778624e-17
4740.999999999999	5.1049251778918545e-17	1.3983552775296712e-17
4741.249999999999	5.244775773681678e-17	1.4173207091781645e-17
4741.499999999999	5.444863576846643e-17	1.485528699000307e-17
4741.749999999999	5.656083548169047e-17	1.536513630416238e-17
4741.999999999999	5.826391797912098e-17	1.5314560827149663e-17
4742.249999999999	5.915630559949005e-17	1.492226380420149e-17
4742.499999999999	5.904958187305365e-17	1.571945581082702e-17
4742.749999999999	5.799210927007626e-17	1.4875940035537295e-17
4742.999999999999	5.623445612059442e-17	1.450806303863291e-17
4743.249999999999	5.416052978331773e-17	1.491800382404684e-17
4743.499999999999	5.2207431071262647e-17	1.4817350832750164e-17
4743.749999999999	5.0789801777427077e-17	1.4491479721712448e-17
4743.999999999999	5.0235299611534254e-17	1.4383681544284538e-17
4744.249999999999	5.073448223214098e-17	1.427407018695391e-17
4744.499999999999	5.231356582233368e-17	1.4236329244325567e-17
4744.749999999999	5.4840620275781754e-17	1.4507920763567552e-17
4744.999999999999	5.806146958468435e-17	1.5640099411581132e-17
4745.249999999999	6.163996496063342e-17	1.500699356870652e-17
4745.499999999999	6.51771878211367e-17	1.52090787554369e-17
4745.749999999999	6.821724505005133e-17	1.5653438526139163e-17
4745.999999999999	7.028295329242211e-17	1.575519993945666e-17
4746.249999999999	7.097710329952014e-17	1.5381597198352186e-17
4746.499999999999	7.012813004322148e-17	1.6268745096592858e-17
4746.749999999999	6.790075289738302e-17	1.5521008564430648e-17
4746.999999999999	6.478837767661034e-17	1.5190978389273016e-17
4747.249999999999	6.146541023091118e-17	1.506702702884317e-17
4747.499999999999	5.856156433744393e-17	1.4402623980312002e-17
4747.749999999999	5.646823067722594e-17	1.4462465534546538e-17
4747.999999999999	5.5266664693067385e-17	1.476323502271572e-17
4748.249999999999	5.4793071327457593e-17	1.4780607469940558e-17
4748.499999999999	5.477692667218562e-17	1.4787461488496173e-17
4748.749999999999	5.4959516427771036e-17	1.4872929098107602e-17
4748.999999999999	5.513730335389349e-17	1.4659633959715903e-17
4749.249999999999	5.5146284455877536e-17	1.4432591079543573e-17
4749.499999999999	5.4849119089991875e-17	1.4971037681840066e-17
4749.749999999999	5.416949126408081e-17	1.5189623467429654e-17
4749.999999999999	5.315710465483008e-17	1.4926565143386765e-17
4750.249999999999	5.2022658459436904e-17	1.4496626439483753e-17
4750.499999999999	5.109841547193022e-17	1.4369829577746725e-17
4750.749999999999	5.0737588570917705e-17	1.4351760644446117e-17
4750.999999999999	5.120396167293573e-17	1.4179085037214447e-17
4751.249999999999	5.259031405820676e-17	1.419971823041397e-17
4751.499999999999	5.477343590942916e-17	1.4464143056828796e-17
4751.749999999999	5.741320418253276e-17	1.4038556977309038e-17
4751.999999999999	6.00246221731457e-17	1.548758881332228e-17
4752.249999999999	6.213730888579598e-17	1.582687513953438e-17
4752.499999999999	6.348686040378226e-17	1.5441533051176553e-17
4752.749999999999	6.412107429365884e-17	1.50027683301376e-17
4752.999999999999	6.433205365823358e-17	1.522776972855815e-17
4753.249999999999	6.444055946332818e-17	1.4471966531062322e-17
4753.499999999999	6.456857655143328e-17	1.457454685318625e-17
4753.749999999999	6.454767215149561e-17	1.5056543341759673e-17
4753.999999999999	6.401718658644283e-17	1.5425930770462578e-17
4754.249999999999	6.264278741682874e-17	1.544065127664357e-17
4754.499999999999	6.032005610113595e-17	1.5062715763490543e-17
4754.749999999999	5.72534606215973e-17	1.5197594179812215e-17
4754.999999999999	5.3885405771896514e-17	1.4541754104982196e-17
4755.249999999999	5.0731623117221866e-17	1.4379649865978954e-17
4755.499999999999	4.821506447411112e-17	1.4535535361137023e-17
4755.749999999999	4.65734675968075e-17	1.3489875669293427e-17
4755.999999999999	4.5863289640222475e-17	1.4337614201610235e-17
4756.249999999999	4.6024288780341394e-17	1.4423950350864844e-17
4756.499999999999	4.693962454684845e-17	1.3985660431497497e-17
4756.749999999999	4.844820914610756e-17	1.381660787534881e-17
4756.999999999999	5.0321958513691757e-17	1.4488523378203184e-17
4757.249999999999	5.225930178175259e-17	1.4497394063092203e-17
4757.499999999999	5.393113713023891e-17	1.500247385383953e-17
4757.749999999999	5.50667083749927e-17	1.4534443482728453e-17
4757.999999999999	5.553706566543782e-17	1.4291781778229896e-17
4758.249999999999	5.540368862374073e-17	1.4822160060831547e-17
4758.499999999999	5.49204382711657e-17	1.5173031878703065e-17
4758.749999999999	5.447969146517281e-17	1.4483356808097178e-17
4758.999999999999	5.44945167591064e-17	1.4115064566525293e-17
4759.249999999999	5.523973516989125e-17	1.4114751892253748e-17
4759.499999999999	5.672286061714234e-17	1.4350936772556014e-17
4759.749999999999	5.866434146497591e-17	1.4676721856810024e-17
4759.999999999999	6.060481091146094e-17	1.5673760699428365e-17
4760.249999999999	6.207142759705904e-17	1.4724395584233905e-17
4760.499999999999	6.270744804330543e-17	1.4789254816064188e-17
4760.749999999999	6.232475626065516e-17	1.4920604479892708e-17
4760.999999999999	6.091413516611585e-17	1.4764669353897887e-17
4761.249999999999	5.865901163033323e-17	1.587226088538394e-17
4761.499999999999	5.593802300822978e-17	1.39572401600114e-17
4761.749999999999	5.325164872000505e-17	1.4211919144449127e-17
4761.999999999999	5.104669332782835e-17	1.374189030497812e-17
4762.249999999999	4.9519169914067647e-17	1.3133604843563775e-17
4762.499999999999	4.8539933239984386e-17	1.4703681327334352e-17
4762.749999999999	4.7781030176798375e-17	1.5260236567600856e-17
4762.999999999999	4.6963548314157566e-17	1.438050020764866e-17
4763.249999999999	4.6042320237913805e-17	1.3633623116142892e-17
4763.499999999999	4.519384270597638e-17	1.3191821815075257e-17
4763.749999999999	4.463602117048406e-17	1.320415094210536e-17
4763.999999999999	4.443189737864707e-17	1.4269853220191116e-17
4764.249999999999	4.4415215711352574e-17	1.3864003670086873e-17
4764.499999999999	4.426446146995007e-17	1.3572986641339692e-17
4764.749999999999	4.3657285392767163e-17	1.4272306637887948e-17
4764.999999999999	4.241871783575824e-17	1.484888130333946e-17
4765.249999999999	4.060654886858133e-17	1.3614707977075642e-17
4765.499999999999	3.8507860328883346e-17	1.4258094020603062e-17
4765.749999999999	3.6544196064385023e-17	1.3613492021575189e-17
4765.999999999999	3.511548440857965e-17	1.3319060391259389e-17
4766.249999999999	3.444928191816866e-17	1.327329248796683e-17
4766.499999999999	3.4530594411952884e-17	1.3120572613013002e-17
4766.749999999999	3.5147156203201864e-17	1.3434450432349311e-17
4766.999999999999	3.60164029817197e-17	1.4050167284386832e-17
4767.249999999999	3.6914648249629903e-17	1.3596309825891237e-17
4767.499999999999	3.7742143723661377e-17	1.3451442376492375e-17
4767.749999999999	3.8514773024212197e-17	1.3845232460446207e-17
4767.999999999999	3.932125511164593e-17	1.4031688069502398e-17
4768.249999999999	4.028583807874633e-17	1.3757640651021742e-17
4768.499999999999	4.154346105101064e-17	1.3931544621463053e-17
4768.749999999999	4.321028072843186e-17	1.3944145890914686e-17
4768.999999999999	4.5340699655725494e-17	1.3792040611155985e-17
4769.249999999999	4.788649221774163e-17	1.3722954486395556e-17
4769.499999999998	5.0684167211217387e-17	1.395694237499088e-17
4769.749999999999	5.3483731266087353e-17	1.4435951087191764e-17
4770.0	5.601092243602899e-17	1.440476141501484e-17
4770.249999999999	5.804273426639724e-17	1.4567702760797985e-17
4770.499999999998	5.947233522017165e-17	1.49672971711101e-17
4770.749999999999	6.033781732004799e-17	1.5086713927421932e-17
4771.0	6.079449555495051e-17	1.417585241538059e-17
4771.249999999999	6.103407839825493e-17	1.4279076284021082e-17
4771.499999999999	6.118819500747385e-17	1.4387197061887888e-17
4771.749999999999	6.126901669489711e-17	1.453882588561376e-17
4771.999999999999	6.117686308550453e-17	1.4866245478758173e-17
4772.249999999999	6.076135528894177e-17	1.506603937519178e-17
4772.499999999999	5.989585839072533e-17	1.4415743064827093e-17
4772.749999999999	5.853230661645819e-17	1.48444294172827e-17
4772.999999999999	5.672852481844861e-17	1.4836529842432818e-17
4773.249999999999	5.4654578466532275e-17	1.4277732942706296e-17
4773.499999999999	5.257896959399717e-17	1.494724465870059e-17
4773.749999999999	5.0825840272236886e-17	1.3821063897308633e-17
4773.999999999999	4.9701441850067026e-17	1.3491874964833967e-17
4774.249999999999	4.9411762766115775e-17	1.3873487295809794e-17
4774.499999999999	5.001018310583366e-17	1.4274258784133573e-17
4774.749999999999	5.140336907473833e-17	1.4198353382403257e-17
4774.999999999999	5.3409553299284176e-17	1.441733621468687e-17
4775.249999999999	5.583073138742835e-17	1.44318350364637e-17
4775.499999999999	5.849163159189455e-17	1.455405097196841e-17
4775.749999999999	6.12207437837309e-17	1.4417564516535935e-17
4775.999999999999	6.379311389048503e-17	1.4269399925215437e-17
4776.249999999999	6.589460781398671e-17	1.5175996494018455e-17
4776.499999999999	6.716787958438836e-17	1.5642796020378055e-17
4776.75	6.734817642546941e-17	1.5098176996350692e-17
4776.999999999999	6.642459198786404e-17	1.4770934419857363e-17
4777.249999999998	6.472488724978152e-17	1.4907348083395933e-17
4777.499999999999	6.285021809256958e-17	1.502865246586561e-17
4777.75	6.146537609510908e-17	1.3494834617065682e-17
4777.999999999999	6.10369343000301e-17	1.3777023147135085e-17
4778.249999999998	6.165456611547003e-17	1.46642529362564e-17
4778.499999999999	6.30324509671791e-17	1.522066424709632e-17
4778.749999999999	6.467999492338155e-17	1.5281953367402823e-17
4778.999999999999	6.612704112035868e-17	1.5442945875662794e-17
4779.249999999999	6.707049501566344e-17	1.5084710495978328e-17
4779.499999999999	6.738824404844653e-17	1.4794795271807068e-17
4779.749999999999	6.706866886941066e-17	1.489721842961461e-17
4779.999999999999	6.614462504034953e-17	1.5154635381879886e-17
4780.249999999999	6.46825715398602e-17	1.5076109471969002e-17
4780.499999999999	6.281295866352295e-17	1.4494594883899323e-17
4780.749999999999	6.075451466044604e-17	1.4528337235446586e-17
4780.999999999999	5.879537309973067e-17	1.4428908471456487e-17
4781.249999999999	5.722577523534303e-17	1.4204709438230115e-17
4781.499999999999	5.624854906773608e-17	1.4003823663387936e-17
4781.749999999999	5.591339231187611e-17	1.4056071699599236e-17
4781.999999999999	5.611634103576338e-17	1.476793671731747e-17
4782.249999999999	5.6668268159195e-17	1.4904385122441768e-17
4782.499999999999	5.738557038752923e-17	1.46771486820061e-17
4782.749999999999	5.813810217125087e-17	1.4262358963841385e-17
4782.999999999999	5.882871882667815e-17	1.3989033674035488e-17
4783.249999999999	5.93422383670971e-17	1.4840480457038372e-17
4783.499999999999	5.952662154037369e-17	1.5244541642658275e-17
4783.749999999999	5.923334452053768e-17	1.4731378642965077e-17
4783.999999999998	5.83886874738297e-17	1.426431772753191e-17
4784.249999999999	5.704626770265293e-17	1.448721643283535e-17
4784.5	5.539115135548674e-17	1.4869663389049242e-17
4784.749999999999	5.36968709583493e-17	1.405949788169643e-17
4784.999999999998	5.2256144385073644e-17	1.3690816865236646e-17
4785.249999999999	5.131356477398906e-17	1.3882317448848797e-17
4785.499999999998	5.102454973791187e-17	1.4225048155131568e-17
4785.749999999999	5.1446195232102117e-17	1.4148838350935833e-17
4785.999999999999	5.254373010362808e-17	1.3835408863491527e-17
4786.249999999999	5.419391733895749e-17	1.414280158682542e-17
4786.499999999999	5.618739150170883e-17	1.4474941072545063e-17
4786.749999999999	5.824915934163796e-17	1.4486433919975875e-17
4786.999999999999	6.008616263702059e-17	1.4259728529493467e-17
4787.249999999999	6.144307404085189e-17	1.471964095007295e-17
4787.499999999999	6.213564203473497e-17	1.4683562640475837e-17
4787.749999999999	6.205239425988148e-17	1.4869506224732857e-17
4787.999999999999	6.115067699857582e-17	1.4846790190750926e-17
4788.249999999999	5.94824051163809e-17	1.475942833753675e-17
4788.499999999999	5.724961868517174e-17	1.49821169389646e-17
4788.749999999999	5.4837583776362084e-17	1.437094296285122e-17
4788.999999999999	5.275910748432358e-17	1.3767433642293757e-17
4789.249999999999	5.1496372453823804e-17	1.3620609083565595e-17
4789.499999999999	5.130980262984607e-17	1.3751826398496107e-17
4789.749999999999	5.212376581035697e-17	1.3868861701824397e-17
4789.999999999999	5.3556226476961485e-17	1.4081634889249575e-17
4790.249999999999	5.5067727703779335e-17	1.4597355531396786e-17
4790.499999999999	5.613978676611126e-17	1.4620465303350292e-17
4790.749999999998	5.64009978243156e-17	1.4573868565083955e-17
4790.999999999999	5.568126787149185e-17	1.462675683908937e-17
4791.25	5.402796392317132e-17	1.4793996215335342e-17
4791.499999999999	5.1716293819831225e-17	1.4686156678876803e-17
4791.749999999998	4.924010968643262e-17	1.4025702590589964e-17
4791.999999999999	4.723481313966813e-17	1.3815113987162539e-17
4792.25	4.630938684379417e-17	1.3314276805776995e-17
4792.499999999999	4.683969589468139e-17	1.2547046108118748e-17
4792.749999999999	4.883196639619593e-17	1.3764928112218334e-17
4792.999999999999	5.193983646372367e-17	1.4004937048492433e-17
4793.249999999999	5.561937409366097e-17	1.44665617329399e-17
4793.499999999999	5.931784131683645e-17	1.4630212799688617e-17
4793.749999999999	6.25928926802608e-17	1.439433232185177e-17
4793.999999999999	6.514012025580836e-17	1.4199428717199576e-17
4794.249999999999	6.678040130029037e-17	1.5929303260425597e-17
4794.499999999999	6.74562029541411e-17	1.5273770896783448e-17
4794.749999999999	6.723245212613824e-17	1.442636902697595e-17
4794.999999999999	6.626994307290273e-17	1.453999882772236e-17
4795.249999999999	6.476857003440494e-17	1.5282816943962328e-17
4795.499999999999	6.291784403113993e-17	1.439199967252437e-17
4795.749999999999	6.08880929096641e-17	1.4825913806451313e-17
4795.999999999999	5.885151188114292e-17	1.4751492366739917e-17
4796.249999999999	5.698846096641361e-17	1.4554716025180902e-17
4796.499999999999	5.5447322055355736e-17	1.4164592832882518e-17
4796.749999999999	5.427429719860678e-17	1.3548795744325579e-17
4796.999999999999	5.3369900835309687e-17	1.3785642369117887e-17
4797.249999999999	5.2525042163573466e-17	1.4227461868158998e-17
4797.499999999998	5.1539174753188376e-17	1.359117882455157e-17
4797.749999999999	5.0360122220342014e-17	1.3610549740136338e-17
4798.0	4.915704249686142e-17	1.4629049783747368e-17
4798.249999999999	4.826963514498767e-17	1.3561965286858035e-17
4798.499999999998	4.8052938241672097e-17	1.3081561948144388e-17
4798.749999999999	4.870704303683417e-17	1.3597766490949943e-17
4799.0	5.019126134059478e-17	1.418956376121427e-17
4799.249999999999	5.226003282585085e-17	1.443716538833099e-17
4799.499999999998	5.457295133429088e-17	1.4282739039773467e-17
4799.749999999999	5.679680882782904e-17	1.3755627293410788e-17
4800.0	5.86582444455871e-17	1.4216233718524203e-17
4800.249999999999	5.996892159254634e-17	1.433085448164445e-17
4800.499999999999	6.065957655965867e-17	1.482236189290101e-17
4800.749999999999	6.081582042041184e-17	1.5276550223641627e-17
4800.999999999999	6.067092013743304e-17	1.3001233611678751e-17
4801.249999999999	6.05337819209091e-17	1.4689834323880214e-17
4801.499999999999	6.068942718263458e-17	1.4559495474760234e-17
4801.749999999999	6.133108246357884e-17	1.4627059587193565e-17
4801.999999999999	6.254068096201319e-17	1.4788434252896535e-17
4802.249999999999	6.428279089665401e-17	1.416835485030841e-17
4802.499999999999	6.638066074266115e-17	1.3925272938058676e-17
4802.749999999999	6.849564859109462e-17	1.5067304961528988e-17
4802.999999999999	7.016570152316015e-17	1.5510144374265376e-17
4803.249999999999	7.092983209567268e-17	1.509557799486605e-17
4803.499999999999	7.049767237758614e-17	1.4575010074329278e-17
4803.749999999999	6.887624057486551e-17	1.5676917220645868e-17
4803.999999999999	6.637873071294956e-17	1.469693484225837e-17
4804.249999999998	6.350492302043362e-17	1.3896918841021583e-17
4804.499999999999	6.07565103364952e-17	1.391739486990472e-17
4804.749999999999	5.84814657216432e-17	1.4345659360247925e-17
4804.999999999999	5.680818976201017e-17	1.4350260138814945e-17
4805.249999999998	5.566679412812439e-17	1.3497373234365607e-17
4805.499999999999	5.486037182200229e-17	1.4139559038824213e-17
4805.75	5.4159289584066154e-17	1.420263156053138e-17
4805.999999999999	5.340405069530291e-17	1.4395561512242024e-17
4806.249999999998	5.2581602908233624e-17	1.4610954380667158e-17
4806.499999999999	5.181822202855115e-17	1.3312297362571155e-17
4806.75	5.1267998749428824e-17	1.3111686211692345e-17
4806.999999999999	5.096463586472224e-17	1.3364672784596788e-17
4807.249999999999	5.0760081948566446e-17	1.3874949751132787e-17
4807.499999999999	5.0422047010353367e-17	1.4181070270684574e-17
4807.749999999999	4.983325088594047e-17	1.4000466964462196e-17
4807.999999999999	4.9141971606087904e-17	1.3793078722824739e-17
4808.249999999999	4.874216779519725e-17	1.3736661696326172e-17
4808.499999999999	4.9086717934784773e-17	1.3174551938246375e-17
4808.749999999999	5.045122170190891e-17	1.334387250091353e-17
4808.999999999999	5.2782532864740826e-17	1.4222227469242763e-17
4809.249999999999	5.569480056918528e-17	1.4120605022268173e-17
4809.499999999999	5.859294820922707e-17	1.3520216654161872e-17
4809.749999999999	6.086639548208847e-17	1.4794384990223242e-17
4809.999999999999	6.209290893596663e-17	1.5262450102920048e-17
4810.249999999999	6.218623527042873e-17	1.5011048408069256e-17
4810.499999999999	6.141683014908305e-17	1.4597176860384474e-17
4810.749999999999	6.027507206269686e-17	1.296283588764404e-17
4810.999999999998	5.923636201166075e-17	1.421202998665121e-17
4811.249999999999	5.856073272237506e-17	1.4508369095459556e-17
4811.499999999999	5.824182989638683e-17	1.4259530006146454e-17
4811.749999999999	5.811503914912462e-17	1.4262476423488368e-17
4811.999999999998	5.802677833112449e-17	1.506172976420038e-17
4812.249999999999	5.794198592069063e-17	1.3628279529385799e-17
4812.5	5.793654172009526e-17	1.3965220798561312e-17
4812.749999999999	5.81195728342843e-17	1.4213249250874112e-17
4812.999999999998	5.857215504754486e-17	1.4585147999916728e-17
4813.249999999999	5.934367770388469e-17	1.5189697913684784e-17
4813.5	6.046826028941362e-17	1.4006187745578613e-17
4813.749999999999	6.193666942241246e-17	1.392177230970635e-17
4813.999999999999	6.361513959162029e-17	1.426180309846975e-17
4814.249999999999	6.518392257052498e-17	1.4508375712904457e-17
4814.499999999999	6.618817700151923e-17	1.4710621372673672e-17
4814.749999999999	6.622095817456929e-17	1.5358140010541407e-17
4814.999999999999	6.514801836889311e-17	1.5656805151232253e-17
4815.249999999999	6.32279548009049e-17	1.4504066101913055e-17
4815.499999999999	6.10308321772164e-17	1.3916708309996302e-17
4815.749999999999	5.918422255059328e-17	1.390599632106374e-17
4815.999999999999	5.808717616485748e-17	1.4036136646836708e-17
4816.249999999999	5.775017168117446e-17	1.4454008439963796e-17
4816.499999999999	5.783533349052036e-17	1.465318856838289e-17
4816.749999999999	5.785279411920091e-17	1.4527182491311462e-17
4816.999999999999	5.739606601399225e-17	1.4568490236741135e-17
4817.249999999999	5.630498991265964e-17	1.4444040913582532e-17
4817.499999999999	5.4704493102476214e-17	1.3476730942179346e-17
4817.749999999999	5.293261960262225e-17	1.4523622305955034e-17
4817.999999999999	5.140876969228909e-17	1.3338061557110344e-17
4818.249999999999	5.049730468775596e-17	1.3821956425189578e-17
4818.499999999999	5.040608248273464e-17	1.4326437337173418e-17
4818.749999999998	5.1140389396396793e-17	1.3642865205126947e-17
4818.999999999999	5.251865536020066e-17	1.3838739919818279e-17
4819.25	5.4244327560273193e-17	1.3800328133713154e-17
4819.499999999999	5.601073632797383e-17	1.4846465935950805e-17
4819.749999999998	5.759633584470837e-17	1.4746188484652227e-17
4819.999999999999	5.890568755857635e-17	1.4177071679603493e-17
4820.25	5.994073670260508e-17	1.4916647247842254e-17
4820.499999999999	6.073082342232754e-17	1.457137213399527e-17
4820.749999999998	6.127352907021136e-17	1.4921767495833958e-17
4820.999999999999	6.152471169818861e-17	1.440595420945814e-17
4821.25	6.143998196349931e-17	1.4445114594017626e-17
4821.499999999999	6.103724782158156e-17	1.5270763268076206e-17
4821.749999999999	6.043646776232443e-17	1.4656037378412523e-17
4821.999999999999	5.984444715904699e-17	1.404714311206734e-17
4822.249999999999	5.948632359648113e-17	1.4019209222781423e-17
4822.499999999999	5.952088224614821e-17	1.4226992029571068e-17
4822.749999999999	5.998476744982334e-17	1.4413064654003646e-17
4822.999999999999	6.078546433041091e-17	1.437055087924087e-17
4823.249999999999	6.173289836671984e-17	1.395963402070413e-17
4823.499999999999	6.259252502360396e-17	1.4566870617101756e-17
4823.749999999999	6.31520419487179e-17	1.4813047839203663e-17
4823.999999999999	6.329227462765755e-17	1.4878780573760802e-17
4824.249999999999	6.303573862192837e-17	1.487903865411192e-17
4824.499999999999	6.253964448940192e-17	1.4543927935631986e-17
4824.749999999999	6.202354525258148e-17	1.430859505136065e-17
4824.999999999999	6.166223161938754e-17	1.399459729083552e-17
4825.249999999999	6.150044662879265e-17	1.4065293109067977e-17
4825.499999999998	6.144055228590793e-17	1.4246391069296662e-17
4825.749999999999	6.132082483647557e-17	1.4334472569643758e-17
4825.999999999999	6.10521368640542e-17	1.5283738423164712e-17
4826.249999999999	6.073261306506161e-17	1.441312421100775e-17
4826.499999999998	6.064820816229748e-17	1.415728717371245e-17
4826.749999999999	6.112534517676188e-17	1.35157904107041e-17
4827.0	6.231171206435844e-17	1.3003466999332645e-17
4827.249999999999	6.403774165158975e-17	1.4561045611228158e-17
4827.499999999998	6.587035292351908e-17	1.51349732987195e-17
4827.749999999999	6.732760617637103e-17	1.5476729586240684e-17
4828.0	6.810026863493592e-17	1.4893777358266388e-17
4828.249999999999	6.813730977300286e-17	1.4193757566919912e-17
4828.499999999999	6.758071921779219e-17	1.4238919974004083e-17
4828.749999999999	6.66506158421833e-17	1.4889762223573056e-17
4828.999999999999	6.558109669051261e-17	1.4460569636582567e-17
4829.249999999999	6.461653549462393e-17	1.40590280431085e-17
4829.499999999999	6.400666664689822e-17	1.4226269073715697e-17
4829.749999999999	6.395351979280235e-17	1.4541792155290374e-17
4829.999999999999	6.453137904064533e-17	1.4203963321317592e-17
4830.249999999999	6.564556193668911e-17	1.416862781991055e-17
4830.499999999999	6.707589048736964e-17	1.4540385948249034e-17
4830.749999999999	6.858623795803237e-17	1.4947335648567972e-17
4830.999999999999	7.002679996030787e-17	1.5068954359670418e-17
4831.249999999999	7.135800314745545e-17	1.4713246843937915e-17
4831.499999999999	7.258642551799072e-17	1.40754029105146e-17
4831.749999999999	7.367358893370024e-17	1.5628957288730043e-17
4831.999999999999	7.449643469272299e-17	1.4993305383929994e-17
4832.249999999998	7.489031437843291e-17	1.494627851174513e-17
4832.499999999999	7.473935905195838e-17	1.532472025943304e-17
4832.749999999999	7.405155486284663e-17	1.4643975430720274e-17
4832.999999999999	7.297869771975209e-17	1.4372395492006864e-17
4833.249999999998	7.178154560899281e-17	1.4980732238619188e-17
4833.499999999999	7.076364416960707e-17	1.4581602703811326e-17
4833.75	7.019759999326084e-17	1.4068959173542812e-17
4833.999999999999	7.02601978928434e-17	1.4136539829588394e-17
4834.249999999998	7.09891158854592e-17	1.463369357570624e-17
4834.499999999999	7.227150796585139e-17	1.459476811044072e-17
4834.75	7.386765251544097e-17	1.4674720079727645e-17
4834.999999999999	7.546364571898313e-17	1.4765132575040916e-17
4835.249999999999	7.674159541908293e-17	1.4857568354132492e-17
4835.499999999999	7.74528694359563e-17	1.5040376923867936e-17
4835.749999999999	7.747544169643747e-17	1.5607061817915765e-17
4835.999999999999	7.683473215249925e-17	1.4433510904384732e-17
4836.249999999999	7.567915151838311e-17	1.4694759357247355e-17
4836.499999999999	7.422441832435906e-17	1.5053492699660577e-17
4836.749999999999	7.269419262836538e-17	1.4908479666473906e-17
4836.999999999999	7.12748444457311e-17	1.4763703206942425e-17
4837.249999999999	7.008285440536773e-17	1.4493261468751888e-17
4837.499999999999	6.913977670439251e-17	1.462941374321689e-17
4837.749999999999	6.83653434480586e-17	1.4575231758733442e-17
4837.999999999999	6.760951152616299e-17	1.443399894094614e-17
4838.249999999999	6.672697535605317e-17	1.4551445353038868e-17
4838.499999999999	6.566211619018898e-17	1.5221876893874322e-17
4838.749999999999	6.449212904247907e-17	1.437238391147829e-17
4838.999999999999	6.339461667187404e-17	1.3833542744029608e-17
4839.249999999999	6.255189065639083e-17	1.4240933331615037e-17
4839.499999999999	6.204243664668075e-17	1.468034987097668e-17
4839.749999999999	6.177647372291692e-17	1.3836604966657279e-17
4839.999999999998	6.151168506306216e-17	1.4316959501714786e-17
4840.249999999999	6.09527084308564e-17	1.428846147525111e-17
4840.5	5.990062183339794e-17	1.4749004207457357e-17
4840.749999999999	5.838353702474361e-17	1.4832465076902733e-17
4840.999999999998	5.669186282169045e-17	1.4148019442129405e-17
4841.249999999999	5.5284215222758463e-17	1.332450737559305e-17
4841.5	5.4604466858608813e-17	1.3680175186656151e-17
4841.749999999999	5.490057162968367e-17	1.3860012523631305e-17
4841.999999999998	5.612350935229584e-17	1.3832295355665878e-17
4842.249999999999	5.793138782411749e-17	1.3875805055886167e-17
4842.5	5.978155688711686e-17	1.421025485705667e-17
4842.749999999999	6.108396016991575e-17	1.4488252062962266e-17
4842.999999999999	6.138696715728615e-17	1.4825766568302278e-17
4843.249999999999	6.054553794328755e-17	1.4646524801368163e-17
4843.499999999999	5.8795952059501e-17	1.4219075911108936e-17
4843.749999999999	5.66768518697317e-17	1.3682463168230473e-17
4843.999999999999	5.481098120578428e-17	1.307955686233956e-17
4844.249999999999	5.365282701366331e-17	1.3859433497202518e-17
4844.499999999999	5.3338951297924026e-17	1.3667388628747306e-17
4844.749999999999	5.371384217748493e-17	1.413031446829832e-17
4844.999999999999	5.448811220119419e-17	1.4521569243674677e-17
4845.249999999999	5.5409089309064535e-17	1.3928937348172286e-17
4845.499999999999	5.634238308520187e-17	1.3460301480852818e-17
4845.749999999999	5.72480113850945e-17	1.4386861226559192e-17
4845.999999999999	5.810503848709044e-17	1.435998778281857e-17
4846.249999999999	5.884468426426282e-17	1.4401684303136142e-17
4846.499999999999	5.931752504915062e-17	1.4354427474740987e-17
4846.749999999998	5.929966502647583e-17	1.3410890674142576e-17
4846.999999999999	5.854794283600423e-17	1.4537982161388955e-17
4847.25	5.690833491426577e-17	1.4611263746216252e-17
4847.499999999999	5.444098391195958e-17	1.4124193331765428e-17
4847.749999999998	5.1483285359147916e-17	1.3685782644028648e-17
4847.999999999999	4.85852021820633e-17	1.3472676929997224e-17
4848.25	4.632756515049933e-17	1.2862593177931189e-17
4848.499999999999	4.51179189240219e-17	1.2957324383222599e-17
4848.749999999998	4.507928943306459e-17	1.3329248774864204e-17
4848.999999999999	4.6085059688433385e-17	1.3539569371773162e-17
4849.25	4.789331845201576e-17	1.3600121474153882e-17
4849.499999999999	5.0271665954989795e-17	1.3740846403045078e-17
4849.749999999999	5.302692828740392e-17	1.3897803924277015e-17
4849.999999999999	5.59467585996018e-17	1.307188145343568e-17
4850.249999999999	5.874435237992238e-17	1.4121010340768324e-17
4850.499999999999	6.109491206603089e-17	1.505542830229395e-17
4850.749999999999	6.275945814367385e-17	1.485972233244758e-17
4850.999999999999	6.36970802032007e-17	1.420362583162767e-17
4851.249999999999	6.406772572668658e-17	1.3696098413447797e-17
4851.499999999999	6.412433150462312e-17	1.380081286155211e-17
4851.749999999999	6.408474597414902e-17	1.4298354555377243e-17
4851.999999999999	6.407002149932359e-17	1.458759810889111e-17
4852.249999999999	6.41148177857252e-17	1.4242493394250312e-17
4852.499999999999	6.419434302984594e-17	1.3837493358635161e-17
4852.749999999999	6.422997689116969e-17	1.402640734847186e-17
4852.999999999999	6.409550344979777e-17	1.4479737065736646e-17
4853.249999999999	6.366795837389064e-17	1.4525875545943628e-17
4853.499999999998	6.292087433542265e-17	1.4378956688625635e-17
4853.749999999999	6.199217147114591e-17	1.4701611721441744e-17
4853.999999999999	6.114909558431497e-17	1.3360776763911663e-17
4854.249999999999	6.064359272680188e-17	1.3389306223238617e-17
4854.499999999998	6.054895588019003e-17	1.3764886753187707e-17
4854.749999999999	6.07026899172135e-17	1.415002618229546e-17
4855.0	6.080974982913785e-17	1.4423386213687083e-17
4855.249999999999	6.063701327709699e-17	1.470519010477165e-17
4855.499999999998	6.015933500924355e-17	1.362993554497213e-17
4855.749999999999	5.955972264705239e-17	1.3616172913940473e-17
4856.0	5.909992404982459e-17	1.3810631495423114e-17
4856.249999999999	5.896362997843048e-17	1.4029017930485077e-17
4856.499999999999	5.917111933191389e-17	1.4281059863129984e-17
4856.749999999999	5.959553453907084e-17	1.3519796446410695e-17
4856.999999999999	6.004525877775865e-17	1.373896125842907e-17
4857.249999999999	6.035564876170559e-17	1.4371857824608705e-17
4857.499999999999	6.044906450414963e-17	1.429736524736463e-17
4857.749999999999	6.0347920088251e-17	1.3609754819567674e-17
4857.999999999999	6.014575086980466e-17	1.3693234714167138e-17
4858.249999999999	5.99541820236818e-17	1.4720886684075455e-17
4858.499999999999	5.985152963416896e-17	1.3575714682999892e-17
4858.749999999999	5.986108349097289e-17	1.3372413540769059e-17
4858.999999999999	5.997737544839881e-17	1.3962782270115505e-17
4859.249999999999	6.02297212052615e-17	1.436561261098393e-17
4859.499999999999	6.073503866078062e-17	1.3176846537265597e-17
4859.749999999999	6.168059840934764e-17	1.3452541699526458e-17
4859.999999999999	6.321767420728322e-17	1.3603437641229607e-17
4860.249999999998	6.531872973608442e-17	1.3777336648587242e-17
4860.499999999999	6.769582397032597e-17	1.4230049289115064e-17
4860.749999999999	6.985324137613267e-17	1.516828055326456e-17
4860.999999999999	7.126644285479517e-17	1.5442067409852262e-17
4861.249999999998	7.160024192607389e-17	1.5138449111653448e-17
4861.499999999999	7.085506631037958e-17	1.471658865361263e-17
4861.75	6.93715663753358e-17	1.4294486658832945e-17
4861.999999999999	6.769749338100376e-17	1.390257179332777e-17
4862.249999999998	6.638229159061842e-17	1.361628871922623e-17
4862.499999999999	6.578794757139359e-17	1.397050813703675e-17
4862.75	6.598954233377414e-17	1.3948931957938918e-17
4862.999999999999	6.679903712539055e-17	1.3998380814957338e-17
4863.249999999998	6.789494673669655e-17	1.438517874119326e-17
4863.499999999999	6.899358669054484e-17	1.4940575928602188e-17
4863.749999999999	6.997517051175866e-17	1.430207686813373e-17
4863.999999999999	7.090056450561117e-17	1.424785517898088e-17
4864.249999999999	7.191827953889911e-17	1.4305178795430805e-17
4864.499999999999	7.312759669608106e-17	1.4225354211958213e-17
4864.749999999999	7.448460567551053e-17	1.43468372654402e-17
4864.999999999999	7.580132852759205e-17	1.5126061254799854e-17
4865.249999999999	7.682800744241235e-17	1.4494202800288973e-17
4865.499999999999	7.73694344698254e-17	1.493208078371127e-17
4865.749999999999	7.738086528752362e-17	1.510671019154979e-17
4865.999999999999	7.700197427796254e-17	1.4862329605738347e-17
4866.249999999999	7.65067316041205e-17	1.4383370524374218e-17
4866.499999999999	7.617810058708237e-17	1.3917821695100798e-17
4866.749999999999	7.61590284375203e-17	1.4572556656632446e-17
4866.999999999999	7.635972945874657e-17	1.447021621688616e-17
4867.249999999999	7.648288731977812e-17	1.4556845188077614e-17
4867.499999999999	7.616166153629626e-17	1.5075656176993323e-17
4867.749999999999	7.513358011676881e-17	1.5522131875702495e-17
4867.999999999998	7.33513001430174e-17	1.4247688088497145e-17
4868.249999999999	7.097712805119846e-17	1.4430706762108177e-17
4868.5	6.828644495585514e-17	1.4183161383273108e-17
4868.749999999999	6.555651614716075e-17	1.4023882793242347e-17
4868.999999999998	6.300771842151141e-17	1.41658567648585e-17
4869.249999999999	6.081036483744994e-17	1.4095471966536362e-17
4869.5	5.911826662654811e-17	1.3923904781325513e-17
4869.749999999999	5.807747164654779e-17	1.354553003526722e-17
4869.999999999998	5.778833048607596e-17	1.3449190790865006e-17
4870.249999999999	5.824437657483e-17	1.3445448625773816e-17
4870.5	5.929688606466788e-17	1.352004460059446e-17
4870.749999999999	6.068110226209736e-17	1.4215914426807758e-17
4870.999999999999	6.20990749290487e-17	1.4256065773741082e-17
4871.249999999999	6.331570585991925e-17	1.4264560918632e-17
4871.499999999999	6.421685287618618e-17	1.391480910330988e-17
4871.749999999999	6.480455743482026e-17	1.3770414801221398e-17
4871.999999999999	6.514279003528781e-17	1.4496614858955178e-17
4872.249999999999	6.529064591494168e-17	1.3957089613139916e-17
4872.499999999999	6.52575065631649e-17	1.361808370115547e-17
4872.749999999999	6.499415747389331e-17	1.4176884736785056e-17
4872.999999999999	6.441206377764085e-17	1.4381879944910397e-17
4873.249999999999	6.34143264810545e-17	1.3939957048292717e-17
4873.499999999999	6.193097600099872e-17	1.4026610834902547e-17
4873.749999999999	5.996463704882425e-17	1.4071101571329324e-17
4873.999999999999	5.764718466782467e-17	1.433962425049874e-17
4874.249999999999	5.527954055392401e-17	1.4009842229524872e-17
4874.499999999999	5.3305611600762994e-17	1.3375318599080345e-17
4874.749999999998	5.219445987103443e-17	1.3017607651904239e-17
4874.999999999999	5.226805555503985e-17	1.2942062073740383e-17
4875.249999999999	5.35636610712617e-17	1.306111817930514e-17
4875.499999999999	5.581009265817596e-17	1.3955101070947338e-17
4875.749999999998	5.852864228530788e-17	1.422149458722004e-17
4875.999999999999	6.119638025029234e-17	1.3846117543701639e-17
4876.25	6.338658186891959e-17	1.3793570895289208e-17
4876.499999999999	6.483801865810185e-17	1.3879455403929364e-17
4876.749999999998	6.546306596922411e-17	1.4011197151368234e-17
4876.999999999999	6.533377582016397e-17	1.43784206755887e-17
4877.25	6.466746988055303e-17	1.4395635958497154e-17
4877.499999999999	6.379610304998406e-17	1.3892554636109753e-17
4877.749999999999	6.309132215555303e-17	1.331151815843413e-17
4877.999999999999	6.284736821242686e-17	1.3291621983160392e-17
4878.249999999999	6.316889874548948e-17	1.3859092698790146e-17
4878.499999999999	6.392554154761048e-17	1.441656859107842e-17
4878.749999999999	6.480350741524604e-17	1.432169097481859e-17
4878.999999999999	6.543327414475709e-17	1.3658364915444965e-17
4879.249999999999	6.553679279980257e-17	1.470769811638891e-17
4879.499999999999	6.503243411986572e-17	1.4629600686035328e-17
4879.749999999999	6.405419121916334e-17	1.3908231363078858e-17
4879.999999999999	6.287661835084643e-17	1.3432423839848556e-17
4880.249999999999	6.178130697493346e-17	1.3599831960939488e-17
4880.499999999999	6.093348890099037e-17	1.4076369057470062e-17
4880.749999999999	6.033402241476736e-17	1.3842097445924631e-17
4880.999999999999	5.986921442694885e-17	1.3580578505001704e-17
4881.249999999999	5.942355540336334e-17	1.4080806054275797e-17
4881.499999999998	5.898227282784175e-17	1.4593178269303393e-17
4881.749999999999	5.865501312634073e-17	1.419933938169342e-17
4881.999999999999	5.860221653423322e-17	1.1827087128106681e-17
4882.249999999999	5.891623972995631e-17	1.4267798503549534e-17
4882.499999999998	5.954750469852234e-17	1.364358237071803e-17
4882.749999999999	6.03320692604013e-17	1.417647445520123e-17
4883.0	6.109263424177042e-17	1.4681828869911926e-17
4883.249999999999	6.172535985954411e-17	1.345051427984509e-17
4883.499999999998	6.220684482339532e-17	1.3706455541897573e-17
4883.749999999999	6.253443191667194e-17	1.3951822126999178e-17
4884.0	6.266866068616446e-17	1.4281900278632338e-17
4884.249999999999	6.25293281316219e-17	1.4337245279057036e-17
4884.499999999998	6.203697990155119e-17	1.4008002579842554e-17
4884.749999999999	6.115773567417602e-17	1.3469053878914242e-17
4884.999999999999	5.992753203063025e-17	1.396776024304185e-17
4885.249999999999	5.846456181154568e-17	1.3633426247157104e-17
4885.499999999999	5.697992799190877e-17	1.3455089415813122e-17
4885.749999999999	5.576857814088715e-17	1.323508336111178e-17
4885.999999999999	5.514825593741046e-17	1.2987625663421642e-17
4886.249999999999	5.534197354774835e-17	1.3299104658981547e-17
4886.499999999999	5.635104119607319e-17	1.281590544979747e-17
4886.749999999999	5.789495008683304e-17	1.3497415420576847e-17
4886.999999999999	5.947212691629986e-17	1.3965497076885904e-17
4887.249999999999	6.053172950707704e-17	1.405599559898288e-17
4887.499999999999	6.068344067135115e-17	1.4091746345057423e-17
4887.749999999999	5.985011216878532e-17	1.4365033584555142e-17
4887.999999999999	5.829797390060977e-17	1.3629823048408823e-17
4888.249999999999	5.653835390533516e-17	1.350845497303198e-17
4888.499999999999	5.5148530760541446e-17	1.3325724985454728e-17
4888.749999999999	5.4585646372807146e-17	1.2986472573647743e-17
4888.999999999999	5.5062565299291087e-17	1.3093568474735596e-17
4889.249999999998	5.652295605971933e-17	1.3390590007549299e-17
4889.499999999999	5.870539952146376e-17	1.3818063713226903e-17
4889.75	6.124596331467752e-17	1.406792188905467e-17
4889.999999999999	6.376374319194644e-17	1.3996039893823812e-17
4890.249999999998	6.591065823998413e-17	1.3874771907301088e-17
4890.499999999999	6.741133196940747e-17	1.4498889605639698e-17
4890.75	6.812364358076585e-17	1.441165679260108e-17
4890.999999999999	6.810749332157174e-17	1.4171236747562544e-17
4891.249999999998	6.764434844276541e-17	1.4052701765783695e-17
4891.499999999999	6.715849940913196e-17	1.3906859897623245e-17
4891.75	6.70562471662654e-17	1.3633629733587792e-17
4891.999999999999	6.756682313181721e-17	1.3558646638240473e-17
4892.249999999999	6.867727609954893e-17	1.4324660553217654e-17
4892.499999999999	7.019245822242351e-17	1.450310822676372e-17
4892.749999999999	7.186910060059343e-17	1.4095609278518046e-17
4892.999999999999	7.353305016196499e-17	1.3772370256189474e-17
4893.249999999999	7.511522678172316e-17	1.427700502376725e-17
4893.499999999999	7.66055759550827e-17	1.397969976800344e-17
4893.749999999999	7.797489612835557e-17	1.476162202052124e-17
4893.999999999999	7.912271868875658e-17	1.454229673546403e-17
4894.249999999999	7.98820937842124e-17	1.4391463659487437e-17
4894.499999999999	8.007446971270726e-17	1.4813090852595516e-17
4894.749999999999	7.95813077419464e-17	1.4843038099492386e-17
4894.999999999999	7.8392817657406e-17	1.4722264766975968e-17
4895.249999999999	7.660930777394064e-17	1.4358603082473155e-17
4895.499999999999	7.439936370908613e-17	1.3846686643963075e-17
4895.749999999999	7.19449084448813e-17	1.3829027992246293e-17
4895.999999999998	6.940734133779457e-17	1.447083494798435e-17
4896.249999999999	6.692817927934385e-17	1.447147353141724e-17
4896.499999999999	6.465027159566694e-17	1.3885452463370373e-17
4896.749999999999	6.273598047342247e-17	1.340470998060558e-17
4896.999999999998	6.136937946122972e-17	1.3643801573580357e-17
4897.249999999999	6.074037226634012e-17	1.4127439188489086e-17
4897.5	6.100672413497321e-17	1.3841609409363225e-17
4897.749999999999	6.22289225484513e-17	1.273584181112785e-17
4897.999999999998	6.429302309522359e-17	1.382460423033036e-17
4898.249999999999	6.686769341235323e-17	1.4093071488398733e-17
4898.5	6.944606331097194e-17	1.4068677932134544e-17
4898.749999999999	7.148005712060918e-17	1.4474669757304146e-17
4898.999999999999	7.255231629487569e-17	1.5141933196393522e-17
4899.249999999999	7.250198555271539e-17	1.390397469164666e-17
4899.499999999999	7.145134178198234e-17	1.4165621845564534e-17
4899.749999999999	6.974250770067363e-17	1.4253514748731968e-17
4899.999999999999	6.783363220463514e-17	1.414702351667189e-17
4900.249999999999	6.619683567745819e-17	1.4051085454866766e-17
4900.499999999999	6.523122022747661e-17	1.3148815867848012e-17
4900.749999999999	6.519187163359715e-17	1.3578901809900059e-17
4900.999999999999	6.614491844330539e-17	1.3666135450119288e-17
4901.249999999999	6.796253759052891e-17	1.404988769733979e-17
4901.499999999999	7.0356104956888e-17	1.4332300393355194e-17
4901.749999999999	7.293065593692593e-17	1.3923808828374457e-17
4901.999999999999	7.525073417458627e-17	1.4574606410190352e-17
4902.249999999999	7.692358226076603e-17	1.4901370876289625e-17
4902.499999999999	7.769868921681045e-17	1.4991821421911074e-17
4902.749999999998	7.755021950340422e-17	1.4638024693393568e-17
4902.999999999999	7.668853368075189e-17	1.4163522461169874e-17
4903.249999999999	7.547412994003455e-17	1.440797583887522e-17
4903.499999999999	7.42687067705191e-17	1.382253048853469e-17
4903.749999999998	7.33016625321492e-17	1.3908583742019806e-17
4903.999999999999	7.261789935770567e-17	1.4171379022627903e-17
4904.25	7.211712604103745e-17	1.43534464385345e-17
4904.499999999999	7.164321215502673e-17	1.4356058674908942e-17
4904.749999999998	7.106984348781953e-17	1.398096369997942e-17
4904.999999999999	7.034957760774408e-17	1.429276116007516e-17
4905.25	6.951658371633158e-17	1.4584587171461417e-17
4905.499999999999	6.864434017481124e-17	1.421063370577722e-17
4905.749999999999	6.777294031765807e-17	1.3582787904417833e-17
4905.999999999999	6.684881676650517e-17	1.3630900037566367e-17
4906.249999999999	6.573686263719543e-17	1.4620781286344287e-17
4906.499999999999	6.432965200956673e-17	1.4558451572827192e-17
4906.749999999999	6.269553527536117e-17	1.404546228106263e-17
4906.999999999999	6.114731635769488e-17	1.3644098531420263e-17
4907.249999999999	6.014810601049982e-17	1.3200458407850923e-17
4907.499999999999	6.008963970311572e-17	1.2169543210426085e-17
4907.749999999999	6.1083310625962e-17	1.3090033931978157e-17
4907.999999999999	6.290112615018981e-17	1.435469051817578e-17
4908.249999999999	6.509491095292238e-17	1.4232324035799585e-17
4908.499999999999	6.720348024957608e-17	1.3796770429898563e-17
4908.749999999999	6.892277165123693e-17	1.399327876493911e-17
4908.999999999999	7.01696415076255e-17	1.4641467419103014e-17
4909.249999999999	7.104749765330167e-17	1.417388537988394e-17
4909.499999999999	7.176014623468417e-17	1.3536844638835413e-17
4909.749999999999	7.251610313311086e-17	1.3644929847935879e-17
4909.999999999999	7.34488891762068e-17	1.4015635802535194e-17
4910.249999999999	7.456761294220471e-17	1.3974809476222026e-17
4910.499999999998	7.57454883217363e-17	1.3887689159746716e-17
4910.749999999999	7.674866865367613e-17	1.4143643656689e-17
4911.0	7.730291665474512e-17	1.479871610791057e-17
4911.249999999999	7.71871691612314e-17	1.4720588899054936e-17
4911.499999999998	7.632898605205823e-17	1.4203655610129722e-17
4911.749999999999	7.486503649357042e-17	1.4326572994793877e-17
4912.0	7.313255928152351e-17	1.421158661784288e-17
4912.249999999999	7.15795175705013e-17	1.3674613224217344e-17
4912.499999999998	7.061485626395344e-17	1.3526534659680552e-17
4912.749999999999	7.045267031176782e-17	1.3618934870005788e-17
4913.0	7.101932671244103e-17	1.3773598619399115e-17
4913.249999999999	7.197565336124234e-17	1.3825356964687783e-17
4913.499999999999	7.285464991869647e-17	1.420965266957073e-17
4913.749999999999	7.325205616696309e-17	1.446184680344835e-17
4913.999999999999	7.297446498670358e-17	1.4384765150886982e-17
4914.249999999999	7.207619594616201e-17	1.4068373529669125e-17
4914.499999999999	7.078785872283443e-17	1.3770156720870282e-17
4914.749999999999	6.940234416119822e-17	1.3691199849860258e-17
4914.999999999999	6.818988743140613e-17	1.4564536313413132e-17
4915.249999999999	6.736378354749875e-17	1.3726736356156148e-17
4915.499999999999	6.706382361807673e-17	1.3550484847136412e-17
4915.749999999999	6.73194435743349e-17	1.3876848957819209e-17
4915.999999999999	6.800247101652081e-17	1.3643104260323975e-17
4916.249999999999	6.882773947594464e-17	1.3871055384808888e-17
4916.499999999999	6.945027285352723e-17	1.466222138067197e-17
4916.749999999999	6.96339352168636e-17	1.4652162864423324e-17
4916.999999999999	6.938906211480372e-17	1.4508565964445344e-17
4917.249999999998	6.89723963487557e-17	1.4024589205485468e-17
4917.499999999999	6.873115929615547e-17	1.2641853414026513e-17
4917.749999999999	6.888880911870644e-17	1.382417326923122e-17
4917.999999999999	6.941536740704577e-17	1.4078605753846405e-17
4918.249999999998	7.006016604767575e-17	1.424408323538764e-17
4918.499999999999	7.050530272635441e-17	1.4385787546124098e-17
4918.75	7.05232018008623e-17	1.4293047364567103e-17
4918.999999999999	7.004352863307048e-17	1.3593097883572694e-17
4919.249999999998	6.912025417868366e-17	1.3992473091022484e-17
4919.499999999999	6.786087977072926e-17	1.362986440743945e-17
4919.75	6.638403389624797e-17	1.3550676753038524e-17
4919.999999999999	6.481959618848132e-17	1.366635299862039e-17
4920.249999999999	6.331419269666254e-17	1.3498056485551576e-17
4920.499999999999	6.200409273714946e-17	1.2997414518790594e-17
4920.749999999999	6.096402749319779e-17	1.3376882797618683e-17
4920.999999999999	6.018076704588285e-17	1.3430869567477569e-17
4921.249999999999	5.958506673980443e-17	1.3810435453617939e-17
4921.499999999999	5.911622155067317e-17	1.3977401860261768e-17
4921.749999999999	5.875605403258696e-17	1.3067809243280082e-17
4921.999999999999	5.850044041974984e-17	1.2691429656859266e-17
4922.249999999999	5.830619457681563e-17	1.372624418369168e-17
4922.499999999999	5.808159734705903e-17	1.391598866286338e-17
4922.749999999999	5.77434563333315e-17	1.3751220075107105e-17
4922.999999999999	5.729101001403552e-17	1.3629051288897311e-17
4923.249999999999	5.682500816892538e-17	1.3560467262768702e-17
4923.499999999999	5.649050656135108e-17	1.3373973603404334e-17
4923.749999999999	5.639119517051347e-17	1.3394880593386612e-17
4923.999999999998	5.654475233758469e-17	1.3668288601253764e-17
4924.249999999999	5.690769155529001e-17	1.379379836995766e-17
4924.499999999999	5.743787056779585e-17	1.3614637666723575e-17
4924.749999999999	5.813669655188273e-17	1.338022543447401e-17
4924.999999999998	5.903753714802632e-17	1.4082053442639527e-17
4925.249999999999	6.015588576185233e-17	1.3231096350559275e-17
4925.5	6.14488200687578e-17	1.2934026841270043e-17
4925.749999999999	6.282214355649576e-17	1.3622653046859213e-17
4925.999999999998	6.418150771101931e-17	1.4486116282620655e-17
4926.249999999999	6.548384331425423e-17	1.4064748824224917e-17
4926.5	6.67436391876919e-17	1.3460098821602743e-17
4926.749999999999	6.798953545982847e-17	1.3667766650287243e-17
4926.999999999999	6.921224506674482e-17	1.4216466983456943e-17
4927.249999999999	7.034936751425383e-17	1.4539658029309987e-17
4927.499999999999	7.131245272750027e-17	1.427429021699685e-17
4927.749999999999	7.202027462627135e-17	1.3490095699336366e-17
4927.999999999999	7.240264111957998e-17	1.4518839547653252e-17
4928.249999999999	7.237792249866608e-17	1.3972200548570034e-17
4928.499999999999	7.18428536491281e-17	1.3711468256409645e-17
4928.749999999999	7.070899510210667e-17	1.4445946737713854e-17
4928.999999999999	6.897950541070718e-17	1.475444871024918e-17
4929.249999999999	6.681898592342569e-17	1.4006569903021613e-17
4929.499999999999	6.456432671362568e-17	1.337479830247505e-17
4929.749999999999	6.266017440286454e-17	1.3243638063006804e-17
4929.999999999999	6.154593964370157e-17	1.349913347470912e-17
4930.249999999999	6.153690203729229e-17	1.3735479655230834e-17
4930.499999999999	6.27288707274521e-17	1.3407460356142318e-17
4930.749999999998	6.494390837641131e-17	1.358648043867227e-17
4930.999999999999	6.774118141692683e-17	1.4189439684122386e-17
4931.249999999999	7.05194444715895e-17	1.4639594682196194e-17
4931.499999999999	7.270310851256498e-17	1.4821614121627262e-17
4931.749999999998	7.394165391012261e-17	1.477866690422351e-17
4931.999999999999	7.421899768397066e-17	1.439955844896188e-17
4932.25	7.38112038017451e-17	1.3218983117669048e-17
4932.499999999999	7.312542779481809e-17	1.3831020670341934e-17
4932.749999999998	7.252299570860827e-17	1.4333211946390227e-17
4932.999999999999	7.221851380389862e-17	1.413795430843586e-17
4933.25	7.227488084938807e-17	1.3765281318339894e-17
4933.499999999999	7.265002948962795e-17	1.3610341290621974e-17
4933.749999999998	7.324160973221455e-17	1.4603339355947994e-17
4933.999999999999	7.39077343561161e-17	1.40816563959455e-17
4934.249999999999	7.447420905243725e-17	1.4208438368431504e-17
4934.499999999999	7.474813970031354e-17	1.5157470957019718e-17
4934.749999999999	7.45510035804045e-17	1.4622974969328778e-17
4934.999999999999	7.377403777159602e-17	1.394835954895503e-17
4935.249999999999	7.244404854600904e-17	1.4607091447206535e-17
4935.499999999999	7.076478599515025e-17	1.5026653997505682e-17
4935.749999999999	6.90847598371462e-17	1.4310816858485967e-17
4935.999999999999	6.776942992847316e-17	1.2637164954314562e-17
4936.249999999999	6.702731532458406e-17	1.2486638762345225e-17
4936.499999999999	6.680032326928155e-17	1.454992003198932e-17
4936.749999999999	6.680892493001082e-17	1.4282093838895675e-17
4936.999999999999	6.674038634617709e-17	1.412678571580517e-17
4937.249999999999	6.646348794973769e-17	1.438308266552105e-17
4937.499999999999	6.613117842784446e-17	1.450116435232422e-17
4937.749999999999	6.610492977810843e-17	1.419495201572444e-17
4937.999999999999	6.674254482519465e-17	1.324528580678701e-17
4938.249999999999	6.816634640005737e-17	1.3713278954770523e-17
4938.499999999998	7.013749295402883e-17	1.408961056471581e-17
4938.749999999999	7.210760912460594e-17	1.431334472243793e-17
4938.999999999999	7.342913539155555e-17	1.4936038015761722e-17
4939.249999999999	7.362533264164658e-17	1.4671464296836637e-17
4939.499999999998	7.259136734972152e-17	1.4223951313639323e-17
4939.749999999999	7.063534964296353e-17	1.4271750772516312e-17
4940.0	6.834938602284901e-17	1.378393258679174e-17
4940.249999999999	6.637844793536374e-17	1.3049943796410162e-17
4940.499999999998	6.519004069037357e-17	1.3791343297899603e-17
4940.749999999999	6.493222163160276e-17	1.398101829389985e-17
4941.0	6.542168122430815e-17	1.3516918685059623e-17
4941.249999999999	6.625354867450303e-17	1.4206802205179874e-17
4941.499999999999	6.69841173343757e-17	1.452535442215772e-17
4941.749999999999	6.731224227995866e-17	1.4014070776816243e-17
4941.999999999999	6.718373673212646e-17	1.4772471321435487e-17
4942.249999999999	6.677669201607528e-17	1.3407520740327035e-17
4942.499999999999	6.638516981596124e-17	1.3737758537818417e-17
4942.749999999999	6.626840765548477e-17	1.4340871638862468e-17
4942.999999999999	6.653942535307228e-17	1.4380230546768967e-17
4943.249999999999	6.71336309676033e-17	1.379360729123616e-17
4943.499999999999	6.785673747396982e-17	1.3944579333555664e-17
4943.749999999999	6.848421197231076e-17	1.4749531948688166e-17
4943.999999999999	6.886869375026789e-17	1.5107241241503048e-17
4944.249999999999	6.900575995697805e-17	1.4371824737384203e-17
4944.499999999999	6.902584965674036e-17	1.3391864692873243e-17
4944.749999999999	6.912266567410111e-17	1.3625078340415219e-17
4944.999999999999	6.946417236239346e-17	1.461763634565536e-17
4945.249999999998	7.012827421941558e-17	1.4535383159904313e-17
4945.499999999999	7.107331606429591e-17	1.3727684305138134e-17
4945.749999999999	7.213630929518677e-17	1.3759649045549021e-17
4945.999999999999	7.306278494126126e-17	1.471169670746999e-17
4946.249999999998	7.357819421070259e-17	1.5193608823620934e-17
4946.499999999999	7.348665050650541e-17	1.452198117961973e-17
4946.75	7.275225611569613e-17	1.3676256832094487e-17
4946.999999999999	7.152012538496973e-17	1.4489421696348416e-17
4947.249999999998	7.006911457526029e-17	1.4842017358616495e-17
4947.499999999999	6.872076420305768e-17	1.3959839161496042e-17
4947.75	6.77383753365121e-17	1.3558296740841363e-17
4947.999999999999	6.724621182211738e-17	1.3844741942342963e-17
4948.249999999999	6.719396055024791e-17	1.4214759682672634e-17
4948.499999999999	6.738002984653451e-17	1.4296954965780803e-17
4948.749999999999	6.752373814583754e-17	1.427247538273291e-17
4948.999999999999	6.735396805031441e-17	1.433619641404032e-17
4949.249999999999	6.667978782529316e-17	1.4316205112996137e-17
4949.499999999999	6.542746385212577e-17	1.3725051389248378e-17
4949.749999999999	6.364919101499732e-17	1.4223115861220645e-17
4949.999999999999	6.151398584764239e-17	1.441134246396831e-17
4950.249999999999	5.928303415578675e-17	1.4143547703737944e-17
4950.499999999999	5.726684977330914e-17	1.3801128844546105e-17
4950.749999999999	5.576950004333641e-17	1.339850860755327e-17
4950.999999999999	5.503614264289814e-17	1.3968785947001415e-17
4951.249999999999	5.52182530473704e-17	1.3617329312436822e-17
4951.499999999999	5.635640349808782e-17	1.332508061175755e-17
4951.749999999999	5.837157270066604e-17	1.3403944838538968e-17
4951.999999999998	6.10646852864127e-17	1.3598216477203172e-17
4952.249999999999	6.413712813691076e-17	1.3431138401176649e-17
4952.499999999999	6.724027175545737e-17	1.4551274953832682e-17
4952.749999999999	7.003932486465436e-17	1.4715880587008284e-17
4952.999999999998	7.226350242014963e-17	1.4555773162003745e-17
4953.249999999999	7.373114787950448e-17	1.4625663306319575e-17
4953.5	7.436728221156445e-17	1.5096658292746044e-17
4953.749999999999	7.423304541929521e-17	1.564551909895458e-17
4953.999999999998	7.35514292347868e-17	1.5093288358930503e-17
4954.249999999999	7.268222953483313e-17	1.423187570390758e-17
4954.5	7.201903317582938e-17	1.4045781572779076e-17
4954.749999999999	7.184633953520232e-17	1.4381271139979558e-17
4954.999999999998	7.224282339481677e-17	1.3588418522847481e-17
4955.249999999999	7.309268049209946e-17	1.495734949706354e-17
4955.499999999999	7.418559454495353e-17	1.47972486895039e-17
4955.749999999999	7.532217550285129e-17	1.416751278044483e-17
4955.999999999999	7.63548474047441e-17	1.40566953937811e-17
4956.249999999999	7.716665992020911e-17	1.4740820082476758e-17
4956.499999999999	7.764720412620337e-17	1.5097482164636147e-17
4956.749999999999	7.771115713918911e-17	1.4379287560870656e-17
4956.999999999999	7.734340213123819e-17	1.4959665602778687e-17
4957.249999999999	7.661557108194964e-17	1.460875242587654e-17
4957.499999999999	7.564367600833162e-17	1.3961356210739464e-17
4957.749999999999	7.4517046958279e-17	1.4313893970364664e-17
4957.999999999999	7.326105536679586e-17	1.4927582575540205e-17
4958.249999999999	7.186828525205898e-17	1.4374680164858736e-17
4958.499999999999	7.037331543101518e-17	1.43292960733704e-17
4958.749999999999	6.890969137738491e-17	1.4166263737719875e-17
4958.999999999999	6.77014829354665e-17	1.3946945070107565e-17
4959.249999999999	6.69891008529904e-17	1.418856618139553e-17
4959.499999999999	6.69316601823479e-17	1.3324810950877857e-17
4959.749999999998	6.754004933168354e-17	1.4392264370320388e-17
4959.999999999999	6.867258290989096e-17	1.4457480944175294e-17
4960.25	7.008452943658188e-17	1.4323312248819193e-17
4960.499999999999	7.149168611863999e-17	1.4625459819888887e-17
4960.749999999998	7.261043023158813e-17	1.478368954490293e-17
4960.999999999999	7.317311320670096e-17	1.4082078258057903e-17
4961.25	7.295576134316207e-17	1.4354440709630788e-17
4961.499999999999	7.185278142013542e-17	1.5117521442155857e-17
4961.749999999998	6.998260615892974e-17	1.5240265118891375e-17
4961.999999999999	6.775183230883342e-17	1.4217231298342942e-17
4962.25	6.580216224039813e-17	1.259504409034275e-17
4962.499999999999	6.482692100156225e-17	1.4195158810877577e-17
4962.749999999999	6.532507696723526e-17	1.3544946045754757e-17
4962.999999999999	6.740008484311018e-17	1.340694915852376e-17
4963.249999999999	7.068936091358132e-17	1.3948228854418247e-17
4963.499999999999	7.445215389195584e-17	1.466916804345619e-17
4963.749999999999	7.778368374350529e-17	1.5567878272299128e-17
4963.999999999999	7.98828343134906e-17	1.5021270706079186e-17
4964.249999999999	8.028645846735364e-17	1.5241391738885673e-17
4964.499999999999	7.899614220813477e-17	1.529656137702051e-17
4964.749999999999	7.645808117972695e-17	1.4837375221018848e-17
4964.999999999999	7.340637980417071e-17	1.4002979939163132e-17
4965.249999999999	7.063078595340984e-17	1.3315136246433437e-17
4965.499999999999	6.875837650709903e-17	1.4000466964462196e-17
4965.749999999999	6.812216131838156e-17	1.3604298736247274e-17
4965.999999999999	6.873343034025008e-17	1.3762090055536665e-17
4966.249999999999	7.03217769559717e-17	1.4114780016394575e-17
4966.499999999998	7.240132356375026e-17	1.358102435535187e-17
4966.749999999999	7.435920395639886e-17	1.4552778768186303e-17
4966.999999999999	7.558932188500946e-17	1.471837370937452e-17
4967.249999999999	7.566768770826133e-17	1.4991040563412824e-17
4967.499999999998	7.45049444602612e-17	1.4713541320235984e-17
4967.749999999999	7.238521312717396e-17	1.3876049901347483e-17
4968.0	6.985023311860422e-17	1.3241632977201975e-17
4968.249999999999	6.748229269602561e-17	1.3821268210919933e-17
4968.499999999998	6.570153066947495e-17	1.366615199373154e-17
4968.749999999999	6.467477385544056e-17	1.3312129444906807e-17
4969.0	6.435597909351613e-17	1.3389361644339658e-17
4969.249999999999	6.46040176868466e-17	1.3770040915584524e-17
4969.499999999999	6.529641997682192e-17	1.3482043923253774e-17
4969.749999999999	6.637963543279905e-17	1.3834379023628899e-17
4969.999999999999	6.784254986761186e-17	1.377704134510856e-17
4970.249999999999	6.96434009463978e-17	1.3698213514274095e-17
4970.499999999999	7.164148480901993e-17	1.401149989947243e-17
4970.749999999999	7.357708857656116e-17	1.455109959154282e-17
4970.999999999999	7.511449303211117e-17	1.4457916041177497e-17
4971.249999999999	7.593292464029536e-17	1.4187042514707207e-17
4971.499999999999	7.583275018390864e-17	1.453384294960374e-17
4971.749999999999	7.48183331511613e-17	1.482703711772316e-17
4971.999999999999	7.31221704344359e-17	1.4462290172256677e-17
4972.249999999999	7.115276241604197e-17	1.3443107704640291e-17
4972.499999999999	6.938203709872202e-17	1.3494326728169574e-17
4972.749999999999	6.821808062742003e-17	1.4286979167593414e-17
4972.999999999999	6.791071645347242e-17	1.3784580269211369e-17
4973.249999999998	6.851225365116183e-17	1.331511143101506e-17
4973.499999999999	6.988990218985219e-17	1.333277918171858e-17
4973.749999999999	7.177669581617053e-17	1.3603653535369483e-17
4973.999999999999	7.384480434685499e-17	1.414700035561474e-17
4974.249999999998	7.577766716948114e-17	1.410615417696687e-17
4974.499999999999	7.731533062215404e-17	1.387838503221672e-17
4974.75	7.826533754412383e-17	1.3989012167339562e-17
4974.999999999999	7.849965857924624e-17	1.4330852827283226e-17
4975.249999999998	7.796640314702609e-17	1.4399313603500565e-17
4975.499999999999	7.672195850522037e-17	1.4659637268438353e-17
4975.75	7.49578146601507e-17	1.3351834941489965e-17
4975.999999999999	7.298839602002362e-17	1.3605971295445857e-17
4976.249999999998	7.118760987337423e-17	1.400262590586096e-17
4976.499999999999	6.989187466871564e-17	1.3665913765715124e-17
4976.749999999999	6.930543172236375e-17	1.3122351051329991e-17
4976.999999999999	6.944402172327029e-17	1.3488604292691933e-17
4977.249999999999	7.01381600285122e-17	1.3864113685108343e-17
4977.499999999999	7.109251074818258e-17	1.4003132140395842e-17
4977.749999999999	7.197498563461803e-17	1.3660748849970343e-17
4977.999999999999	7.250246725961721e-17	1.3392703454014372e-17
4978.249999999999	7.25018273779526e-17	1.4452689914067387e-17
4978.499999999999	7.194074443109038e-17	1.3850833300373804e-17
4978.749999999999	7.09284928923851e-17	1.2958279776830098e-17
4978.999999999999	6.968369348900549e-17	1.3757083958469494e-17
4979.249999999999	6.846755778417313e-17	1.400667909086247e-17
4979.499999999999	6.749718597965543e-17	1.2658043820156013e-17
4979.749999999999	6.687477851565321e-17	1.2835278019743463e-17
4979.999999999999	6.6573018348328e-17	1.3801390233619672e-17
4980.249999999999	6.648816013389667e-17	1.3992039648381506e-17
4980.499999999999	6.652622739699399e-17	1.3194483682286453e-17
4980.749999999999	6.66639492536864e-17	1.2821522833337318e-17
4980.999999999998	6.694800135242492e-17	1.3717885523601831e-17
4981.249999999999	6.744436455167761e-17	1.3254149874231127e-17
4981.5	6.81816520306495e-17	1.3127616883109503e-17
4981.749999999999	6.912575611344759e-17	1.3114567281765867e-17
4981.999999999998	7.019087749653189e-17	1.3290333235766035e-17
4982.249999999999	7.12632904999293e-17	1.3280379771455184e-17
4982.5	7.221059669813594e-17	1.2972893576712072e-17
4982.749999999999	7.28736022488054e-17	1.4234737748827015e-17
4982.999999999998	7.30709093615487e-17	1.2857711985136513e-17
4983.249999999999	7.265474273989947e-17	1.3782523898208562e-17
4983.5	7.161968761532379e-17	1.422422262888024e-17
4983.749999999999	7.020362769312084e-17	1.3618832299609831e-17
4983.999999999999	6.888825612561487e-17	1.2945374932093658e-17
4984.249999999999	6.824984408602826e-17	1.2308476466110491e-17
4984.499999999999	6.871214808210481e-17	1.2236354588501993e-17
4984.749999999999	7.033519299850962e-17	1.2475269164825684e-17
4984.999999999999	7.276462516295382e-17	1.3300778872541354e-17
4985.249999999999	7.536824584919714e-17	1.4112133038434405e-17
4985.499999999999	7.747538457597873e-17	1.3879925242517294e-17
4985.749999999999	7.859443201443681e-17	1.2884077539981028e-17
4985.999999999999	7.85291865128758e-17	1.4062970385907928e-17
4986.249999999999	7.738997301324403e-17	1.3914107654150435e-17
4986.499999999999	7.553596353716193e-17	1.3453298569786944e-17
4986.749999999999	7.347865856627768e-17	1.335910420471308e-17
4986.999999999999	7.17599823561561e-17	1.3138979036003532e-17
4987.249999999999	7.08219324739743e-17	1.2966870047491461e-17
4987.499999999999	7.090104447034862e-17	1.2872146286825564e-17
4987.749999999998	7.198066271852033e-17	1.3559309209911128e-17
4987.999999999999	7.380953237853128e-17	1.3548241533315168e-17
4988.249999999999	7.596730425355823e-17	1.281370514936808e-17
4988.499999999999	7.795126780063754e-17	1.3840912096106843e-17
4988.749999999998	7.927289047399519e-17	1.3213053887038268e-17
4988.999999999999	7.956260391145482e-17	1.3555150972971824e-17
4989.25	7.86680556929284e-17	1.3812652297659581e-17
4989.499999999999	7.670626112827704e-17	1.3993465707757547e-17
4989.749999999998	7.402805009610756e-17	1.3808189658254858e-17
4989.999999999999	7.109489820971898e-17	1.1795670808441917e-17
4990.25	6.832980887500121e-17	1.3220516710524721e-17
4990.499999999999	6.60283155551266e-17	1.3368711907527884e-17
4990.749999999999	6.436962698083477e-17	1.2856556413820777e-17
4990.999999999999	6.348461497617086e-17	1.2451653985517907e-17
4991.249999999999	6.34928922503393e-17	1.253395101184142e-17
4991.499999999999	6.445786556864343e-17	1.254544964953652e-17
4991.749999999999	6.629090323455213e-17	1.2755120082484011e-17
4991.999999999999	6.868851041578584e-17	1.355361076267125e-17
4992.249999999999	7.11679699053778e-17	1.3593982966828126e-17
4992.499999999999	7.319960400711595e-17	1.3433120325924326e-17
4992.749999999999	7.437233718056903e-17	1.3938484666802373e-17
4992.999999999999	7.451241832281031e-17	1.3797368481481439e-17
4993.249999999999	7.370592943218448e-17	1.284218497785828e-17
4993.499999999999	7.222892245762972e-17	1.322499093045802e-17
4993.749999999999	7.04329586367927e-17	1.3078321054504406e-17
4993.999999999999	6.864474648188367e-17	1.2673998479810936e-17
4994.249999999999	6.711427333016305e-17	1.3206060902139745e-17
4994.499999999998	6.600690881765157e-17	1.2836792587445047e-17
4994.749999999999	6.541024239432925e-17	1.2628509336384807e-17
4994.999999999999	6.533164472809951e-17	1.2830308318623244e-17
4995.249999999999	6.568746309842556e-17	1.296010784598384e-17
4995.499999999998	6.630515570576692e-17	1.302023891343277e-17
4995.749999999999	6.69571099528762e-17	1.3198664253102296e-17
4996.0	6.742242955757235e-17	1.3014987970904283e-17
4996.249999999999	6.755074557831563e-17	1.2701228438395569e-17
4996.499999999998	6.729919485029083e-17	1.3064579102988062e-17
4996.749999999999	6.673116623277425e-17	1.2958350087182165e-17
4997.0	6.598626778695159e-17	1.2430230834833396e-17
4997.249999999999	6.523782204098409e-17	1.2826041721023695e-17
4997.499999999998	6.464665838348722e-17	1.3407749042176099e-17
4997.749999999999	6.431433701259847e-17	1.2192229465905964e-17
4997.999999999999	6.424777652057642e-17	1.2249574589051815e-17
4998.249999999999	6.435941237362062e-17	1.2659291208519743e-17
4998.499999999999	6.451811115965942e-17	1.264188484688979e-17
4998.749999999999	6.463106328361091e-17	1.2653884756036097e-17
4998.999999999999	6.470543848783353e-17	1.2720843372261039e-17
4999.249999999999	6.484432839467186e-17	1.2843615173137385e-17
4999.499999999999	6.517509798591521e-17	1.261032707934028e-17
4999.749999999999	6.575442184683271e-17	1.2670676522470923e-17
4999.999999999999	6.650831283145334e-17	1.3072601927749214e-17
5000.249999999999	6.724292722799914e-17	1.2815488550768744e-17
5000.499999999999	6.772224932880915e-17	1.2951995685716532e-17
5000.749999999999	6.777430287232613e-17	1.3466096708224365e-17
5000.999999999999	6.737268265426869e-17	1.3309631359456897e-17
5001.249999999998	6.665207336305122e-17	1.2630803108223417e-17
5001.499999999999	6.585117392207481e-17	1.2190383198778746e-17
5001.749999999999	6.521578034165688e-17	1.3040972195486411e-17
5001.999999999999	6.491282307856364e-17	1.2481894881532233e-17
5002.249999999998	6.499254671785594e-17	1.2731101239037309e-17
5002.499999999999	6.540318249200236e-17	1.2621981226990539e-17
5002.75	6.603378631870867e-17	1.2686832187014696e-17
5002.999999999999	6.675164512387902e-17	1.332012993579142e-17
5003.249999999998	6.741358179812342e-17	1.2433800946357175e-17
5003.499999999999	6.785799588161929e-17	1.242416346504032e-17
5003.75	6.7907786514918e-17	1.3087966807627387e-17
5003.999999999999	6.74122242684234e-17	1.3179888080377954e-17
5004.249999999998	6.63237701970454e-17	1.2991569660582294e-17
5004.499999999999	6.476742149979844e-17	1.3031863282580977e-17
5004.749999999999	6.304920252119321e-17	1.1880746334442996e-17
5004.999999999999	6.157997650193337e-17	1.2826073153886972e-17
5005.249999999999	6.074113028601647e-17	1.220714849543397e-17
5005.499999999999	6.075540625046736e-17	1.189103149817948e-17
5005.749999999999	6.162501582961165e-17	1.2384564674756181e-17
5005.999999999999	6.316156599266098e-17	1.2961814319587537e-17
5006.249999999999	6.50825688398157e-17	1.2994095042992419e-17
5006.499999999999	6.712108829123531e-17	1.226673527803984e-17
5006.749999999999	6.91028473259102e-17	1.2859775800764833e-17
5006.999999999999	7.097364321548954e-17	1.3280661840044065e-17
5007.249999999999	7.27804017288987e-17	1.3138603496005433e-17
5007.499999999999	7.461416096623846e-17	1.2943931501924753e-17
5007.749999999999	7.653032663401547e-17	1.2952884904875027e-17
5007.999999999999	7.84795762731755e-17	1.2734433949725285e-17
5008.249999999999	8.029167289883286e-17	1.3553706715622306e-17
5008.499999999999	8.17297372906972e-17	1.3773654040500156e-17
5008.749999999999	8.258541017085155e-17	1.3162762960156269e-17
5008.999999999998	8.275768202151626e-17	1.2994058647045466e-17
5009.249999999999	8.227552103600322e-17	1.3959375940353012e-17
5009.499999999999	8.126768058191038e-17	1.2843501022212852e-17
5009.749999999999	7.991305665010307e-17	1.3107237634358034e-17
5009.999999999998	7.840194936049691e-17	1.3286250272262473e-17
5010.249999999999	7.691597735296986e-17	1.2929847924815425e-17
5010.5	7.56160251163336e-17	1.3128876679182422e-17
5010.749999999999	7.462644482597517e-17	1.3030754860560156e-17
5010.999999999998	7.401574329099823e-17	1.2409335425379694e-17
5011.249999999999	7.378441388142375e-17	1.2685650145919358e-17
5011.5	7.386802795417953e-17	1.3202929196340619e-17
5011.749999999999	7.41517764404508e-17	1.3164783762392736e-17
5011.999999999999	7.448740055706913e-17	1.2396285824036058e-17
5012.249999999999	7.471248340205842e-17	1.2955690701512807e-17
5012.499999999999	7.468079139790308e-17	1.355130044722039e-17
5012.749999999999	7.430365962706787e-17	1.3237537605989225e-17
5012.999999999999	7.358393253384873e-17	1.264258795041046e-17
5013.249999999999	7.262075744428189e-17	1.2422698528175489e-17
5013.499999999999	7.158225332739429e-17	1.2680539824095005e-17
5013.749999999999	7.066137110770086e-17	1.2841932687771452e-17
5013.999999999999	7.002856456863185e-17	1.2564311849044567e-17
5014.249999999999	6.97841557638208e-17	1.2394656278229328e-17
5014.499999999999	6.991735355426547e-17	1.2311467551205483e-17
5014.749999999999	7.029466809581432e-17	1.2453056056656185e-17
5014.999999999999	7.070066833684131e-17	1.3374411181948375e-17
5015.249999999999	7.09238476248113e-17	1.2998190414205169e-17
5015.499999999999	7.084336740934242e-17	1.2755246641117732e-17
5015.749999999998	7.046582175795651e-17	1.2983561725072169e-17
5015.999999999999	6.989543790011027e-17	1.2909892192537583e-17
5016.249999999999	6.926858383258217e-17	1.233247793876433e-17
5016.499999999999	6.870491272430088e-17	1.3034671560760595e-17
5016.749999999998	6.830613189768967e-17	1.2984694962511366e-17
5016.999999999999	6.818832237838266e-17	1.2438874872234576e-17
5017.25	6.850211827702058e-17	1.215156609417347e-17
5017.499999999999	6.940183891659895e-17	1.2489910261667872e-17
5017.749999999998	7.096390533285997e-17	1.2945582554427409e-17
5017.999999999999	7.309784379003841e-17	1.1904966182778549e-17
5018.25	7.55109287910672e-17	1.3184751075199154e-17
5018.499999999999	7.776684161035482e-17	1.3355312408785138e-17
5018.749999999999	7.94270845749226e-17	1.3525676873385334e-17
5018.999999999999	8.020953732567828e-17	1.3747326535963818e-17
5019.249999999999	8.007940902244485e-17	1.3549771817448391e-17
5019.499999999999	7.922557267266901e-17	1.2548881621898003e-17
5019.749999999999	7.79482777370778e-17	1.2720127033850568e-17
5019.999999999999	7.653695731465404e-17	1.309047233770281e-17
5020.249999999999	7.520722715279493e-17	1.3129760935257241e-17
5020.499999999999	7.410627155330192e-17	1.2842687903670713e-17
5020.749999999999	7.334195653565773e-17	1.2569582643907755e-17
5020.999999999999	7.298714730210017e-17	1.2629976754791476e-17
5021.249999999999	7.304928107581551e-17	1.2814537293064308e-17
5021.499999999999	7.343305478062492e-17	1.28690120994846e-17
5021.749999999999	7.393258506069799e-17	1.2537474801250896e-17
5021.999999999999	7.42729359582172e-17	1.2503208844375887e-17
5022.249999999999	7.419634398057844e-17	1.3372615372838522e-17
5022.499999999998	7.356393701046883e-17	1.3072664793475768e-17
5022.749999999999	7.24254445194412e-17	1.2731989631015191e-17
5022.999999999999	7.101373255096284e-17	1.2606820660723667e-17
5023.249999999999	6.965732373993746e-17	1.2353608267511997e-17
5023.499999999998	6.865417915180013e-17	1.2213801509100734e-17
5023.749999999999	6.817415783886965e-17	1.2623489177247223e-17
5024.0	6.823319919222037e-17	1.3098562991274191e-17
5024.249999999999	6.87303885039026e-17	1.2507528381534639e-17
5024.499999999998	6.950504343074936e-17	1.2445780175988168e-17
5024.749999999999	7.037928106494266e-17	1.2709429934169032e-17
5025.0	7.118421467290997e-17	1.2858257097160186e-17
5025.249999999999	7.178732361028608e-17	1.2635925010576345e-17
5025.499999999998	7.212646952526907e-17	1.2770844785928644e-17
5025.749999999999	7.22304427265374e-17	1.3130210094329857e-17
5025.999999999999	7.219936276083835e-17	1.2747472797720959e-17
5026.249999999999	7.214469863553113e-17	1.2511664284597404e-17
5026.499999999999	7.212640633280845e-17	1.273182088617023e-17
5026.749999999999	7.213391101538214e-17	1.295071190140585e-17
5026.999999999999	7.212168442667308e-17	1.3525807567922118e-17
5027.249999999999	7.206120320495603e-17	1.2925382803868864e-17
5027.499999999999	7.196211798960752e-17	1.1910153432399869e-17
5027.749999999999	7.185821824040735e-17	1.2174854537139288e-17
5027.999999999999	7.179712856406395e-17	1.3169309267524014e-17
5028.249999999999	7.185986873242441e-17	1.2845487082863592e-17
5028.499999999999	7.217961807801886e-17	1.2964188327945564e-17
5028.749999999999	7.290187641791742e-17	1.1698786452016031e-17
5028.999999999999	7.407627260606672e-17	1.2116106515674546e-17
5029.249999999999	7.555001457660631e-17	1.3040053197825865e-17
5029.499999999999	7.695733851060563e-17	1.3458638847821587e-17
5029.749999999999	7.78371770331114e-17	1.3386793248537681e-17
5029.999999999999	7.781940560611372e-17	1.3482789212985685e-17
5030.249999999998	7.67780373767927e-17	1.2937358724777407e-17
5030.499999999999	7.488099761430274e-17	1.3219659751410116e-17
5030.749999999999	7.253040842611164e-17	1.3121273234991834e-17
5030.999999999999	7.023419501192025e-17	1.2282038946552684e-17
5031.249999999998	6.846177671989582e-17	1.1997354812575209e-17
5031.499999999999	6.752548166100762e-17	1.2294617882127778e-17
5031.75	6.751212220802972e-17	1.2473822425934328e-17
5031.999999999999	6.827410684551742e-17	1.2458906705128772e-17
5032.249999999998	6.947821133090291e-17	1.2716903511003449e-17
5032.499999999999	7.070007370462205e-17	1.3264303516250216e-17
5032.75	7.154051511880301e-17	1.3426144711818666e-17
5032.999999999999	7.172928343358692e-17	1.3036275463968335e-17
5033.249999999999	7.118336799843889e-17	1.270877811584634e-17
5033.499999999999	7.00052618188787e-17	1.2854835878146666e-17
5033.749999999999	6.843182560409365e-17	1.3033435752925441e-17
5033.999999999999	6.676095819395661e-17	1.2808373970320175e-17
5034.249999999999	6.528435620009956e-17	1.2332352207311222e-17
5034.499999999999	6.424417484760994e-17	1.2806910687816569e-17
5034.749999999999	6.381522769875458e-17	1.2866019360028383e-17
5034.999999999999	6.409963916811107e-17	1.2458866173278757e-17
5035.249999999999	6.51183226138233e-17	1.2248210568221715e-17
5035.499999999999	6.679762795145807e-17	1.2473168953250412e-17
5035.749999999999	6.896775035530633e-17	1.2518180813463097e-17
5035.999999999999	7.139069702499721e-17	1.2970823143638852e-17
5036.249999999999	7.38144629349597e-17	1.3178859894876551e-17
5036.499999999999	7.602654393933503e-17	1.3153730975047802e-17
5036.749999999999	7.787836281834973e-17	1.3114155345820815e-17
5036.999999999998	7.927497454990181e-17	1.3293388840948805e-17
5037.249999999999	8.015024096709898e-17	1.3541067395862496e-17
5037.499999999999	8.045477520793014e-17	1.2735425739279736e-17
5037.749999999999	8.016932525974495e-17	1.3276486232311897e-17
5037.999999999998	7.933360998676216e-17	1.331388637652787e-17
5038.249999999999	7.806630406567406e-17	1.314429201707796e-17
5038.5	7.655471903076151e-17	1.3191649761507846e-17
5038.749999999999	7.501168414895216e-17	1.2827332122779278e-17
5038.999999999998	7.362041365541103e-17	1.2724741047307389e-17
5039.249999999999	7.249805775514525e-17	1.2771961479755591e-17
5039.5	7.169430410033786e-17	1.3035206746616917e-17
5039.749999999999	7.121342161801691e-17	1.2785399855987128e-17
5039.999999999999	7.103212510593532e-17	1.1976433760522518e-17
5040.249999999999	7.109587094532574e-17	1.2455723714131668e-17
5040.499999999999	7.130150371941325e-17	1.2996519509367812e-17
5040.749999999999	7.149064603724236e-17	1.2943000923735631e-17
5040.999999999999	7.147552048135929e-17	1.28372309931697e-17
5041.249999999999	7.110255243353053e-17	1.2930201958117598e-17
5041.499999999999	7.033613539206026e-17	1.3131732106656955e-17
5041.749999999999	6.932024916402896e-17	1.3110802782798138e-17
5041.999999999999	6.836603701410853e-17	1.2840400749277003e-17
5042.249999999999	6.784059022016701e-17	1.1716051365761238e-17
5042.499999999999	6.799409490026692e-17	1.2097284020835902e-17
5042.749999999999	6.88161218289943e-17	1.2777237237702454e-17
5042.999999999999	7.000833935729401e-17	1.2629607832238278e-17
5043.249999999999	7.109589250684204e-17	1.3224728714203841e-17
5043.499999999999	7.162000428481317e-17	1.2985991154531237e-17
5043.749999999998	7.131506510643469e-17	1.3156851927498965e-17
5043.999999999999	7.019199568378885e-17	1.301781527423799e-17
5044.249999999999	6.850383795441538e-17	1.2511284608696242e-17
5044.499999999999	6.662458062391228e-17	1.212158989595516e-17
5044.749999999998	6.490303999601973e-17	1.2821062920916739e-17
5044.999999999999	6.355324979882467e-17	1.2058191465086646e-17
5045.25	6.261752532268529e-17	1.2410762311936348e-17
5045.499999999999	6.200376810090181e-17	1.2371142014956283e-17
5045.749999999998	6.156993711373507e-17	1.2318260358395768e-17
5045.999999999999	6.121432643446225e-17	1.2725454904176022e-17
5046.25	6.093153541478095e-17	1.1988439459933112e-17
5046.499999999999	6.08097393928169e-17	1.2384088218723351e-17
5046.749999999998	6.09719996696368e-17	1.1941860092459639e-17
5046.999999999999	6.14939006001262e-17	1.2075130469670507e-17
5047.249999999999	6.234516827490353e-17	1.2341849895104556e-17
5047.499999999999	6.338921447358301e-17	1.226602886579672e-17
5047.749999999999	6.443605686168164e-17	1.310900201060461e-17
5047.999999999999	6.530865324847871e-17	1.2089047783476712e-17
5048.249999999999	6.587970053421713e-17	1.2139958268637513e-17
5048.499999999999	6.606776087134317e-17	1.2449807718390689e-17
5048.749999999999	6.581756746287369e-17	1.2567516346737597e-17
5048.999999999999	6.509730838871927e-17	1.2486335187060418e-17
5049.249999999999	6.392226673194467e-17	1.2626510040844267e-17
5049.499999999999	6.238545897689991e-17	1.22120859365103e-17
5049.749999999999	6.066620973538972e-17	1.2315715950831555e-17
5049.999999999999	5.900149588227762e-17	1.2160832998575901e-17
5050.249999999999	5.762829869636707e-17	1.1976503243693972e-17
5050.499999999999	5.672297777108077e-17	1.2091026399501939e-17
5050.749999999999	5.636771792660646e-17	1.1795297749985656e-17
5050.999999999999	5.656215017696546e-17	1.1859051041336955e-17
5051.249999999999	5.727428842619624e-17	1.2217510586967422e-17
5051.499999999998	5.849964292546078e-17	1.2060432297366052e-17
5051.749999999999	6.028699705906734e-17	1.1745757903099855e-17
5051.999999999999	6.270481685581162e-17	1.1909782028304832e-17
5052.249999999999	6.575826606427795e-17	1.2391275591065824e-17
5052.499999999998	6.930323705216561e-17	1.1642608480714492e-17
5052.749999999999	7.301491069679727e-17	1.2519381052531912e-17
5053.0	7.644277067988541e-17	1.3109943342141695e-17
5053.249999999999	7.913346277742015e-17	1.3147194593847408e-17
5053.499999999998	8.07606490946316e-17	1.305681849448109e-17
5053.749999999999	8.119881321601381e-17	1.2740602235553093e-17
5054.0	8.051775774584081e-17	1.2829408346116786e-17
5054.249999999999	7.892410426971795e-17	1.2956315222875284e-17
5054.499999999999	7.6697545371462e-17	1.2903003432396242e-17
5054.749999999999	7.415339864694545e-17	1.2559484422989707e-17
5054.999999999999	7.163041406419438e-17	1.2152076464611415e-17
5055.249999999999	6.948008052270262e-17	1.2980061923900457e-17
5055.499999999999	6.803089858305692e-17	1.1985623737127982e-17
5055.749999999999	6.751664206769013e-17	1.1758723132021011e-17
5055.999999999999	6.798494309016617e-17	1.1735752326410413e-17
5056.249999999999	6.922919263533048e-17	1.2038453281309906e-17
5056.499999999999	7.079363561700407e-17	1.2749465475816599e-17
5056.749999999999	7.207723414970919e-17	1.2719708480460616e-17
5056.999999999999	7.251560114286074e-17	1.3175896106741773e-17
5057.249999999999	7.177710711536475e-17	1.3218204740712636e-17
5057.499999999999	6.989216582061617e-17	1.3235141263754659e-17
5057.749999999999	6.725260309187113e-17	1.298850330205156e-17
5057.999999999999	6.446836488087896e-17	1.2035148694762757e-17
5058.249999999998	6.213616392345341e-17	1.0413289050285135e-17
5058.499999999999	6.062602613465239e-17	1.1581096021642599e-17
5058.749999999999	5.998898370636592e-17	1.2390783418601355e-17
5058.999999999999	6.002216941181736e-17	1.2249225518833318e-17
5059.249999999998	6.043660334551858e-17	1.1899731783862313e-17
5059.499999999999	6.10213465850754e-17	1.2189426977990634e-17
5059.75	6.171653398410017e-17	1.1957741960220657e-17
5059.999999999999	6.257379111288892e-17	1.2080531131889866e-17
5060.249999999998	6.364705041758376e-17	1.197409862965328e-17
5060.499999999999	6.488872119781758e-17	1.1977111221444198e-17
5060.75	6.611737710685043e-17	1.230363249644338e-17
5060.999999999999	6.707850066181152e-17	1.2814079035004954e-17
5061.249999999999	6.755850231697817e-17	1.2898239699248549e-17
5061.499999999999	6.747385932195279e-17	1.2501168189804719e-17
5061.749999999999	6.687807243655701e-17	1.1831290032799063e-17
5061.999999999999	6.58987797549421e-17	1.198036452279337e-17
5062.249999999999	6.467391921267243e-17	1.252828399746482e-17
5062.499999999999	6.334324491668407e-17	1.2525942249150682e-17
5062.749999999999	6.208284254180229e-17	1.240407869258692e-17
5062.999999999999	6.111881970628778e-17	1.154394982187468e-17
5063.249999999999	6.067684029762945e-17	1.1508287584125681e-17
5063.499999999999	6.08933528220118e-17	1.166176929242367e-17
5063.749999999999	6.175817237372144e-17	1.1878263138244112e-17
5063.999999999999	6.313163435197945e-17	1.2234727524237101e-17
5064.249999999999	6.481295109965828e-17	1.2552220122850267e-17
5064.499999999999	6.659771542485828e-17	1.1594938062013061e-17
5064.749999999999	6.82874224955603e-17	1.1969673213376122e-17
5064.999999999998	6.967146227739601e-17	1.2530144326662452e-17
5065.249999999999	7.05323047141283e-17	1.2597662944162092e-17
5065.499999999999	7.069992257642462e-17	1.2316318965498106e-17
5065.749999999999	7.01299882304625e-17	1.2655866680783774e-17
5065.999999999998	6.895306020107444e-17	1.1993066708279734e-17
5066.249999999999	6.74601196138532e-17	1.1929912295691923e-17
5066.5	6.602955565072325e-17	1.2272494109464434e-17
5066.749999999999	6.502543163364138e-17	1.2502012741210136e-17
5066.999999999998	6.469772862795191e-17	1.2194024447835204e-17
5067.249999999999	6.511166814056273e-17	1.1176850374746097e-17
5067.5	6.613491363811511e-17	1.1957498769120566e-17
5067.749999999999	6.74995654332788e-17	1.2714799163525114e-17
5067.999999999998	6.891485166240357e-17	1.2948509119434621e-17
5068.249999999999	7.016399308849153e-17	1.2450194838917364e-17
5068.499999999999	7.112654444605152e-17	1.1689028202329743e-17
5068.749999999999	7.173243106923376e-17	1.2309482317735356e-17
5068.999999999999	7.19147647375269e-17	1.28292379469106e-17
5069.249999999999	7.161947853515879e-17	1.3075995022621907e-17
5069.499999999999	7.085993400128641e-17	1.2662030003527906e-17
5069.749999999999	6.974995084859988e-17	1.2045756458938137e-17
5069.999999999999	6.846675414272609e-17	1.1854189700876981e-17
5070.249999999999	6.716318233312338e-17	1.1941361302550269e-17
5070.499999999999	6.589546766204253e-17	1.2763411740944243e-17
5070.749999999999	6.461839419128504e-17	1.2075889821472831e-17
5070.999999999999	6.324651171540143e-17	1.197818738342113e-17
5071.249999999999	6.173688963011368e-17	1.2198588830455272e-17
5071.499999999999	6.01414240389882e-17	1.1967412528762014e-17
5071.749999999998	5.859845174726698e-17	1.2159990928712322e-17
5071.999999999999	5.726794780588076e-17	1.1487643637578195e-17
5072.249999999999	5.624828937367777e-17	1.0974104270706287e-17
5072.499999999999	5.552820607899531e-17	1.1645140480569517e-17
5072.749999999998	5.50097680760056e-17	1.228651233930537e-17
5072.999999999999	5.459225206737435e-17	1.190415968168131e-17
5073.249999999999	5.426439876408352e-17	1.1539412736214827e-17
5073.499999999999	5.4146778185985576e-17	1.1832070891297313e-17
5073.749999999998	5.445884384879808e-17	1.1475711557242118e-17
5073.999999999999	5.542942747352197e-17	1.1549019611849018e-17
5074.25	5.719591904626351e-17	1.1604957700772916e-17
5074.499999999999	5.973616204197703e-17	1.1375367931494535e-17
5074.749999999998	6.285548902485747e-17	1.1977942537959814e-17
5074.999999999999	6.622390635371616e-17	1.2641459676054938e-17
5075.249999999999	6.944154558622324e-17	1.2061214810225528e-17
5075.499999999999	7.211172777463998e-17	1.2447589219987822e-17
5075.749999999999	7.391207547754299e-17	1.3006542456850117e-17
5075.999999999999	7.46580777341502e-17	1.2810717372995538e-17
5076.249999999999	7.434515556049577e-17	1.2615263693235996e-17
5076.499999999999	7.315062082585162e-17	1.2071119470880238e-17
5076.749999999999	7.138910232920194e-17	1.1949113639251116e-17
5076.999999999999	6.943746086093627e-17	1.2104280314456876e-17
5077.249999999999	6.765707527659825e-17	1.2295669228686333e-17
5077.499999999999	6.633429596769556e-17	1.2250258667418397e-17
5077.749999999999	6.564514041018243e-17	1.1676589887458783e-17
5077.999999999999	6.56421026968383e-17	1.198102874882525e-17
5078.249999999999	6.625957381066718e-17	1.2117346459412763e-17
5078.499999999999	6.7333368694025e-17	1.2206401551340835e-17
5078.749999999999	6.862992686490234e-17	1.1901619410020159e-17
5078.999999999999	6.988568387961638e-17	1.1673751003596501e-17
5079.249999999999	7.086057078914916e-17	1.3362913371433887e-17
5079.499999999998	7.14002893638277e-17	1.1802481813605679e-17
5079.749999999999	7.148239861894472e-17	1.2212288595760375e-17
5079.999999999999	7.121314337938499e-17	1.2408025998470023e-17
5080.249999999999	7.076330891703019e-17	1.1864851231792177e-17
5080.499999999998	7.027273703230042e-17	1.1292725143674975e-17
5080.749999999999	6.978143535515197e-17	1.222968916712604e-17
5081.0	6.923257303855798e-17	1.2379456834473666e-17
5081.249999999999	6.854239856943657e-17	1.2455018956249773e-17
5081.499999999998	6.768306815108655e-17	1.2081819052103611e-17
5081.749999999999	6.671884637934864e-17	1.170815923553687e-17
5082.0	6.577876343359889e-17	1.1781880880450045e-17
5082.249999999999	6.499956893208187e-17	1.2227467360000723e-17
5082.499999999999	6.448588697349907e-17	1.1740591332993849e-17
5082.749999999999	6.430481884961225e-17	1.1892847986804647e-17
5082.999999999999	6.449493130394973e-17	1.198547070871466e-17
5083.249999999999	6.50609584009942e-17	1.1895189735118784e-17
5083.499999999999	6.594839691584349e-17	1.1896284095069192e-17
5083.749999999999	6.702041852807733e-17	1.2350723888716024e-17
5083.999999999999	6.80672631128483e-17	1.172941033265397e-17
5084.249999999999	6.88590520015702e-17	1.269851363162517e-17
5084.499999999999	6.922251955381777e-17	1.2516830027522798e-17
5084.749999999999	6.910180888740831e-17	1.2219458597309985e-17
5084.999999999999	6.856838406691096e-17	1.2318034538088541e-17
5085.249999999999	6.777384639889636e-17	1.1779343090330733e-17
5085.499999999999	6.687476126566666e-17	1.1703285487367707e-17
5085.749999999999	6.597642484010987e-17	1.1857003769320886e-17
5085.999999999999	6.512871538971327e-17	1.2158262948412699e-17
5086.249999999998	6.436952084571884e-17	1.1958005003655449e-17
5086.499999999999	6.377620801403413e-17	1.1423811764068703e-17
5086.749999999999	6.34789367508796e-17	1.1715638602635574e-17
5086.999999999999	6.361668644300705e-17	1.180476648645755e-17
5087.249999999998	6.425795072128537e-17	1.1488580006031605e-17
5087.499999999999	6.53347024906824e-17	1.1833538309703982e-17
5087.75	6.663269991901146e-17	1.2201311081851184e-17
5087.999999999999	6.784826256450077e-17	1.2262874826121055e-17
5088.249999999998	6.86835762309544e-17	1.228733207529241e-17
5088.499999999999	6.893434572717219e-17	1.2373508578688798e-17
5088.75	6.853476108927751e-17	1.2095968803661943e-17
5088.999999999999	6.755440270326994e-17	1.2088793011848046e-17
5089.249999999998	6.616555255341267e-17	1.2138265029923617e-17
5089.499999999999	6.460166131486596e-17	1.2077281966443758e-17
5089.749999999999	6.311363125828213e-17	1.189813697964131e-17
5089.999999999999	6.192045155559258e-17	1.1500223400333902e-17
5090.249999999999	6.115805776425187e-17	1.1473670075490337e-17
5090.499999999999	6.084585119078345e-17	1.1744970427156704e-17
5090.749999999999	6.089283179199611e-17	1.17784315372957e-17
5090.999999999999	6.11453180068629e-17	1.1724252861534701e-17
5091.249999999999	6.145115321181159e-17	1.199297158250929e-17
5091.499999999999	6.170586310508068e-17	1.1475202013984785e-17
5091.749999999999	6.186290763482879e-17	1.2038887551131496e-17
5091.999999999999	6.191668634039749e-17	1.1897377627838987e-17
5092.249999999999	6.188033832004537e-17	1.165285890286525e-17
5092.499999999999	6.177309104471575e-17	1.1714719604975027e-17
5092.749999999999	6.161635878908487e-17	1.192658372090701e-17
5092.999999999998	6.143065691751145e-17	1.160638789605202e-17
5093.249999999999	6.123080001558241e-17	1.1786861334918227e-17
5093.499999999999	6.102465384462826e-17	1.1724891444967592e-17
5093.749999999999	6.081910795443794e-17	1.1637943182059693e-17
5093.999999999998	6.062612027800703e-17	1.1694034299396914e-17
5094.249999999999	6.04556805605327e-17	1.184345868679033e-17
5094.5	6.029458207717231e-17	1.160914819775611e-17
5094.749999999999	6.009264799233568e-17	1.1425899567934787e-17
5094.999999999998	5.97849632844575e-17	1.2200150547451772e-17
5095.249999999999	5.935118783513528e-17	1.2195023682015168e-17
5095.5	5.887010055681369e-17	1.1628194031360143e-17
5095.749999999999	5.85144620923955e-17	1.1585025956732838e-17
5095.999999999998	5.847216981213473e-17	1.1559761379283631e-17
5096.249999999999	5.884347796044004e-17	1.1452088933308829e-17
5096.499999999999	5.959024661384209e-17	1.1533241141664569e-17
5096.749999999999	6.05715632809808e-17	1.1948050712163986e-17
5096.999999999999	6.162614598011257e-17	1.2084358496584149e-17
5097.249999999999	6.262531952358498e-17	1.1537195892173185e-17
5097.499999999999	6.345787658601329e-17	1.1277321386308012e-17
5097.749999999999	6.398472686796687e-17	1.2009666568812448e-17
5097.999999999999	6.404115730599612e-17	1.2159504546512141e-17
5098.249999999999	6.35242325384589e-17	1.2261586078726698e-17
5098.499999999999	6.251649700262515e-17	1.2126354456283466e-17
5098.749999999999	6.134527582200152e-17	1.1526644376279458e-17
5098.999999999999	6.050903212607924e-17	1.0944085886276737e-17
5099.249999999999	6.049220295039598e-17	1.1543263261966261e-17
5099.499999999999	6.156401063873997e-17	1.1423816727152379e-17
5099.749999999999	6.366372477548623e-17	1.1622358272138582e-17
5099.999999999999	6.64218498373998e-17	1.1983132269122972e-17
5100.249999999999	6.929775001955606e-17	1.2274984750288832e-17
5100.499999999999	7.176640872122241e-17	1.2813370141219996e-17
5100.749999999998	7.34739957800957e-17	1.3116507020302304e-17
5100.999999999999	7.430490602964677e-17	1.2047381868841803e-17
5101.249999999999	7.435273870219744e-17	1.1900908861873976e-17
5101.499999999999	7.383694331301272e-17	1.2293959446360186e-17
5101.749999999998	7.302081458294624e-17	1.2368533914484904e-17
5101.999999999999	7.215766793064019e-17	1.2296888492909236e-17
5102.25	7.145488414059897e-17	1.1288738960303082e-17
5102.499999999999	7.103911617310109e-17	1.1722701070705552e-17
5102.749999999998	7.092782016470447e-17	1.229687691238066e-17
5102.999999999999	7.102653100691441e-17	1.2427920519382536e-17
5103.25	7.11588492020362e-17	1.200142123246652e-17
5103.499999999999	7.111718808341038e-17	1.1380308681293315e-17
5103.749999999999	7.072120871887367e-17	1.2073220509636122e-17
5103.999999999999	6.987865142822022e-17	1.2397584497597766e-17
5104.249999999999	6.863577569427652e-17	1.2485698257988752e-17
5104.499999999999	6.718632553147282e-17	1.190454845656921e-17
5104.749999999999	6.581216566201616e-17	1.1125494866415742e-17
5104.999999999999	6.477026792604716e-17	1.1799967184543517e-17
5105.249999999999	6.4186698276323e-17	1.1784016660791657e-17
5105.499999999999	6.402132636080918e-17	1.1712636764192619e-17
5105.749999999999	6.411918084674693e-17	1.2047384350383641e-17
5105.999999999999	6.43071918024678e-17	1.2004161681835908e-17
5106.249999999999	6.44745417513546e-17	1.170177009248551e-17
5106.499999999999	6.45990072372055e-17	1.2061830232601267e-17
5106.749999999999	6.4721226329957e-17	1.1888123131145744e-17
5106.999999999999	6.48922017052403e-17	1.2027252428635325e-17
5107.249999999999	6.512138078231688e-17	1.1678144987010383e-17
5107.499999999998	6.534661124272062e-17	1.1449647923321185e-17
5107.749999999999	6.544153319185133e-17	1.1570877859535731e-17
5107.999999999999	6.526401769962108e-17	1.1877757730889842e-17
5108.249999999999	6.472661105975775e-17	1.210259700191033e-17
5108.499999999998	6.385033826317994e-17	1.1488127538236539e-17
5108.749999999999	6.276768070953127e-17	1.1428597831092935e-17
5109.0	6.167135840881584e-17	1.1664276476860319e-17
5109.249999999999	6.073882636658223e-17	1.1734174065801662e-17
5109.499999999998	6.00724438593012e-17	1.1418966140040368e-17
5109.749999999999	5.967904101835871e-17	1.148335884200517e-17
5110.0	5.948821299060258e-17	1.1834766672913623e-17
5110.249999999999	5.939359333525777e-17	1.1650382324111266e-17
5110.499999999998	5.929939436962143e-17	1.1468236326046476e-17
5110.749999999999	5.915863080532839e-17	1.1626803540750441e-17
5110.999999999999	5.899246652362225e-17	1.1932771031888906e-17
5111.249999999999	5.888184363356376e-17	1.175099891946099e-17
5111.499999999999	5.892983505417756e-17	1.1720110341027036e-17
5111.749999999999	5.9210348637819e-17	1.1027291156912834e-17
5111.999999999999	5.97344785841976e-17	1.1448163134121652e-17
5112.249999999999	6.045901307072021e-17	1.2086540599040064e-17
5112.499999999999	6.132795228105252e-17	1.1728394554861754e-17
5112.749999999999	6.230620253048278e-17	1.1918745357422457e-17
5112.999999999999	6.337095456217704e-17	1.127540232728689e-17
5113.249999999999	6.447016669221321e-17	1.1793831985940212e-17
5113.499999999999	6.549578734680304e-17	1.1991423927583204e-17
5113.749999999999	6.631011565612653e-17	1.1930382961460465e-17
5113.999999999999	6.681377026083924e-17	1.207062150815148e-17
5114.249999999998	6.700217150551856e-17	1.210587594585849e-17
5114.499999999999	6.69647455844096e-17	1.188304176064283e-17
5114.749999999999	6.682989884324814e-17	1.175144890571422e-17
5114.999999999999	6.670365115677109e-17	1.1779674789756367e-17
5115.249999999998	6.66499663840828e-17	1.2009587986654255e-17
5115.499999999999	6.671676471131416e-17	1.2205087988528101e-17
5115.75	6.69649651819628e-17	1.1637064716249162e-17
5115.999999999999	6.745436390165408e-17	1.1382787741589136e-17
5116.249999999998	6.818589354159035e-17	1.2075297560154243e-17
5116.499999999999	6.905198496317418e-17	1.1839796758218558e-17
5116.75	6.985293857888115e-17	1.1902749338736906e-17
5116.999999999999	7.038686358759224e-17	1.2645330881321686e-17
5117.249999999998	7.055787086051301e-17	1.2123179737092487e-17
5117.499999999999	7.04288916806135e-17	1.1092784009092332e-17
5117.749999999999	7.018662622140415e-17	1.1943641839499078e-17
5117.999999999999	7.004825886854927e-17	1.2247126134438658e-17
5118.249999999999	7.017019236192524e-17	1.2011678272062177e-17
5118.499999999999	7.060140759346956e-17	1.182624423106249e-17
5118.749999999999	7.128379391123309e-17	1.2060325591067033e-17
5118.999999999999	7.20746984975588e-17	1.2347698062035306e-17
5119.249999999999	7.276952149218158e-17	1.2309660161567055e-17
5119.499999999999	7.312538080234705e-17	1.1706644667835285e-17
5119.749999999999	7.290691988941931e-17	1.1798203635477554e-17
5119.999999999999	7.196749160601442e-17	1.2514308781015736e-17
5120.249999999999	7.034014268209428e-17	1.2456263863071665e-17
5120.499999999999	6.827559490554379e-17	1.1824631228868011e-17
5120.749999999999	6.617558973046304e-17	1.1286576710181868e-17
5120.999999999999	6.443857119730688e-17	1.1184024512198769e-17
5121.249999999999	6.33073550343825e-17	1.1544235199186011e-17
5121.499999999999	6.281469389123653e-17	1.1884457066670909e-17
5121.749999999999	6.284832197839009e-17	1.1824480681996526e-17
5121.999999999998	6.326543551980791e-17	1.2154198182882613e-17
5122.249999999999	6.395840146227829e-17	1.0912825076567133e-17
5122.499999999999	6.482930539071958e-17	1.1599777068596496e-17
5122.749999999999	6.571554275978365e-17	1.2116956030163638e-17
5122.999999999998	6.635084161402131e-17	1.174403902178697e-17
5123.249999999999	6.641915990059158e-17	1.1303280795471764e-17
5123.5	6.56899744103006e-17	1.2405408799011905e-17
5123.749999999999	6.416080097378888e-17	1.2680173383083644e-17
5123.999999999998	6.211531077111944e-17	1.1300059754166483e-17
5124.249999999999	6.004684131984488e-17	1.0970293449624255e-17
5124.5	5.847563894520817e-17	1.1437789462059624e-17
5124.749999999999	5.775279169839771e-17	1.114951867294612e-17
5124.999999999999	5.794986879404677e-17	1.095999505099797e-17
5125.249999999999	5.887891091189247e-17	1.1802329612372969e-17
5125.499999999999	6.021510439371034e-17	1.1631637584250201e-17
5125.749999999999	6.16501606747316e-17	1.143420777000727e-17
5125.999999999999	6.300421446852277e-17	1.1474350845134468e-17
5126.249999999999	6.425421842612084e-17	1.1596981198126067e-17
5126.499999999999	6.547753426531428e-17	1.1555225947985003e-17
5126.749999999999	6.674801627229921e-17	1.1114071502156385e-17
5126.999999999999	6.804579014175435e-17	1.1565820477270582e-17
5127.249999999999	6.923454132357118e-17	1.2188316901608588e-17
5127.499999999999	7.011747054482807e-17	1.249251753495864e-17
5127.749999999999	7.053237260917491e-17	1.2210987440656829e-17
5127.999999999999	7.042753837609056e-17	1.1211957574304072e-17
5128.249999999999	6.988348164250888e-17	1.2576497873828698e-17
5128.499999999999	6.908132276832134e-17	1.2222777245927547e-17
5128.749999999998	6.823661101333397e-17	1.1644868338147987e-17
5128.999999999999	6.752079614144165e-17	1.1363904862565775e-17
5129.249999999999	6.699929555052893e-17	1.1462583373740289e-17
5129.499999999999	6.662063519757519e-17	1.1828456112020456e-17
5129.749999999998	6.627266382187683e-17	1.2291420001879648e-17
5129.999999999999	6.587875303042948e-17	1.1797051372884268e-17
5130.25	6.547288654950003e-17	1.1701281228743491e-17
5130.499999999999	6.520178011879226e-17	1.1645449018938e-17
5130.749999999998	6.525037406775921e-17	1.1413226333769862e-17
5130.999999999999	6.573692203399358e-17	1.1288030893698736e-17
5131.25	6.663982920324638e-17	1.2088789703125595e-17
5131.499999999999	6.779498693067753e-17	1.1457226552093395e-17
5131.749999999998	6.896058478170532e-17	1.146869127538338e-17
5131.999999999999	6.991347739758586e-17	1.2135718140817566e-17
5132.249999999999	7.053142427694429e-17	1.2479789706873286e-17
5132.499999999999	7.082722504176235e-17	1.1729014940321169e-17
5132.749999999999	7.09234845587936e-17	1.1611109442988473e-17
5132.999999999999	7.098021282408608e-17	1.1730110127452189e-17
5133.249999999999	7.110476550240695e-17	1.2058071523897826e-17
5133.499999999999	7.128359691954789e-17	1.1850390460323525e-17
5133.749999999999	7.13753349127339e-17	1.1599007790626822e-17
5133.999999999999	7.118499962737651e-17	1.2288556302598989e-17
5134.249999999999	7.059289327777729e-17	1.336997749386509e-17
5134.499999999999	6.96608408141464e-17	1.1992165908592664e-17
5134.749999999999	6.86319607319605e-17	1.1355218638953356e-17
5134.999999999999	6.780581532621167e-17	1.1494606016794054e-17
5135.249999999999	6.73673061068698e-17	1.1858295825437694e-17
5135.499999999998	6.729061545593051e-17	1.2001069680706184e-17
5135.749999999999	6.738472253023446e-17	1.2100112151350221e-17
5135.999999999999	6.743867590360715e-17	1.2297121757841976e-17
5136.249999999999	6.735377779369242e-17	1.1709514984560844e-17
5136.499999999998	6.71692278552999e-17	1.1690570066991542e-17
5136.749999999999	6.697401470067114e-17	1.1715638602635574e-17
5137.0	6.678182622225624e-17	1.1354545313934738e-17
5137.249999999999	6.647035995364309e-17	1.1589362864684454e-17
5137.499999999998	6.583895934198049e-17	1.1932527013608203e-17
5137.749999999999	6.475144655361426e-17	1.2407734830894404e-17
5138.0	6.32624460360614e-17	1.192542732241066e-17
5138.249999999999	6.162776026467077e-17	1.1421846382933277e-17
5138.499999999998	6.017999461198085e-17	1.1336973516182274e-17
5138.749999999999	5.915390085265425e-17	1.0805785423760934e-17
5138.999999999999	5.85875746942856e-17	1.1677359165428457e-17
5139.249999999999	5.83645695591234e-17	1.1786100328754678e-17
5139.499999999999	5.834677983324334e-17	1.1756860321281541e-17
5139.749999999999	5.847871740999977e-17	1.1392816479335729e-17
5139.999999999999	5.87809210837195e-17	1.0808296744100645e-17
5140.249999999999	5.925479257750685e-17	1.0734473355972125e-17
5140.499999999999	5.97954414621813e-17	1.2419365817487512e-17
5140.749999999999	6.019247646687664e-17	1.1532033457970241e-17
5140.999999999999	6.022080957887047e-17	1.1033963195733687e-17
5141.249999999999	5.975947532322012e-17	1.1438204706727126e-17
5141.499999999999	5.886687756201596e-17	1.2025654315691873e-17
5141.749999999999	5.777115779100373e-17	1.1787853124472678e-17
5141.999999999999	5.677658777628295e-17	1.088156426685753e-17
5142.249999999998	5.612964493752531e-17	1.0937435354151811e-17
5142.499999999999	5.592052279404043e-17	1.1367718165189645e-17
5142.749999999999	5.608790863928698e-17	1.1325625425358659e-17
5142.999999999999	5.653024221447644e-17	1.1426634931499347e-17
5143.249999999998	5.724131345551666e-17	1.2014570922664275e-17
5143.499999999999	5.835489454057989e-17	1.07151777138231e-17
5143.749999999999	6.004357585383004e-17	1.1022438088258985e-17
5143.999999999999	6.233106902359853e-17	1.1653524783258354e-17
5144.249999999998	6.495489825029327e-17	1.1751386039987666e-17
5144.499999999999	6.739454307542448e-17	1.1988230183238136e-17
5144.75	6.9073905336059e-17	1.2750360485239381e-17
5144.999999999999	6.963157014025842e-17	1.2698281193873043e-17
5145.249999999998	6.910451047476247e-17	1.2391096920053513e-17
5145.499999999999	6.791846468142752e-17	1.141775183890114e-17
5145.749999999998	6.668940337479144e-17	1.125344481792667e-17
5145.999999999999	6.594562741067488e-17	1.1365570804319457e-17
5146.249999999999	6.591715114115403e-17	1.1324004151358055e-17
5146.499999999999	6.64916443623722e-17	1.1724736762193045e-17
5146.749999999999	6.73400427205882e-17	1.2134974505446881e-17
5146.999999999999	6.812799388107209e-17	1.2219020191585331e-17
5147.249999999999	6.869428162917655e-17	1.2136927478873119e-17
5147.499999999999	6.91046392613146e-17	1.1989163242969096e-17
5147.749999999999	6.956114186014642e-17	1.1757046436919366e-17
5147.999999999999	7.022845845273866e-17	1.131417890004215e-17
5148.249999999999	7.108605346218573e-17	1.1588213910813618e-17
5148.499999999999	7.189910496044486e-17	1.2382835867275946e-17
5148.749999999999	7.2326347787889e-17	1.24470540341315e-17
5148.999999999999	7.20996210693849e-17	1.1687065302736155e-17
5149.249999999999	7.117488290160704e-17	1.1258744564111296e-17
5149.499999999999	6.978343350630718e-17	1.2264935333026925e-17
5149.749999999999	6.836988244945626e-17	1.181338818998219e-17
5149.999999999998	6.744712350885092e-17	1.1351886755445993e-17
5150.249999999999	6.741806251300235e-17	1.1401271919557246e-17
5150.499999999999	6.842252706299476e-17	1.1339636210574082e-17
5150.749999999999	7.026775247071545e-17	1.1559179044132394e-17
5150.999999999998	7.247773914226879e-17	1.2396654746589256e-17
5151.249999999999	7.444860042636924e-17	1.2092940495439386e-17
5151.5	7.564805691694954e-17	1.2019574538189608e-17
5151.749999999999	7.577743162295808e-17	1.2448906918703619e-17
5151.999999999998	7.483298574416196e-17	1.2491696144610374e-17
5152.249999999999	7.304916668389046e-17	1.1987527079717466e-17
5152.5	7.076148427776242e-17	1.1346379386927614e-17
5152.749999999999	6.82679372596159e-17	1.13254765328484e-17
5152.999999999999	6.576720589214727e-17	1.2132435060966343e-17
5153.249999999999	6.33984199953126e-17	1.170449151670081e-17
5153.499999999999	6.133224695134683e-17	1.1188156279358471e-17
5153.749999999999	5.982391813111687e-17	1.1187600413986836e-17
5153.999999999999	5.916877095190574e-17	1.1459823899216812e-17
5154.249999999999	5.957674966068283e-17	1.0993164166380734e-17
5154.499999999999	6.104516293860373e-17	1.0794204068004579e-17
5154.749999999999	6.331420618951267e-17	1.1593772564529974e-17
5154.999999999999	6.593719247130162e-17	1.2166808551320984e-17
5155.249999999999	6.842733938628047e-17	1.2216880275340657e-17
5155.499999999999	7.040506303571625e-17	1.1975360080087424e-17
5155.749999999999	7.168544709708375e-17	1.190721859558653e-17
5155.999999999999	7.229200203343473e-17	1.202495038499059e-17
5156.249999999999	7.241639167753491e-17	1.2275558813633943e-17
5156.499999999999	7.234579770560529e-17	1.1803496764217281e-17
5156.749999999998	7.237013408027118e-17	1.1485484696179432e-17
5156.999999999999	7.268711717560503e-17	1.1699603706461233e-17
5157.249999999999	7.333917532432191e-17	1.2031691906982897e-17
5157.499999999999	7.421352874394384e-17	1.2138605001155376e-17
5157.749999999998	7.510453437058133e-17	1.2141949292371928e-17
5157.999999999999	7.580082369734258e-17	1.2174020739081834e-17
5158.25	7.615147044027206e-17	1.229333575217832e-17
5158.499999999999	7.608947674519766e-17	1.23907007005401e-17
5158.749999999998	7.562282219021423e-17	1.2240756843722e-17
5158.999999999999	7.481737792755082e-17	1.145811907997434e-17
5159.25	7.378627605469653e-17	1.25266089567244e-17
5159.499999999999	7.268035417380328e-17	1.2036938713608321e-17
5159.749999999998	7.16643355126354e-17	1.1677720643356143e-17
5159.999999999999	7.087566927511027e-17	1.1702454998032704e-17
5160.249999999999	7.03873496737439e-17	1.1741174495325698e-17
5160.499999999999	7.020508949401771e-17	1.194933201493283e-17
5160.749999999999	7.03057552621681e-17	1.2116706221618647e-17
5160.999999999999	7.068495384129517e-17	1.1695089781858532e-17
5161.249999999999	7.136570606900108e-17	1.1869940046920603e-17
5161.499999999999	7.234872025825237e-17	1.192596168108637e-17
5161.749999999999	7.353677781975964e-17	1.1599620731460724e-17
5161.999999999999	7.469582179324191e-17	1.1978082331483336e-17
5162.249999999999	7.549678700922512e-17	1.2716456006292058e-17
5162.499999999999	7.562947654008946e-17	1.182979200870973e-17
5162.749999999999	7.493386066247163e-17	1.1879102726565853e-17
5162.999999999999	7.348412166708822e-17	1.210024450024823e-17
5163.249999999999	7.158487001452435e-17	1.1967160238675186e-17
5163.499999999998	6.967742479878877e-17	1.1861049509696883e-17
5163.749999999999	6.819091786396717e-17	1.1128162523891225e-17
5163.999999999999	6.739956358836351e-17	1.1122442569955421e-17
5164.249999999999	6.735047796181336e-17	1.1840949847992457e-17
5164.499999999998	6.789459365230138e-17	1.1963188944554318e-17
5164.749999999999	6.879595690326674e-17	1.1765083323750931e-17
5164.999999999999	6.984858355771958e-17	1.2138676965868668e-17
5165.249999999999	7.093117907362375e-17	1.1513508748152116e-17
5165.499999999998	7.197942732131448e-17	1.1733705881574957e-17
5165.749999999999	7.291586851740035e-17	1.1848419288923811e-17
5166.0	7.360367774530587e-17	1.1921887816569546e-17
5166.249999999999	7.386591717477268e-17	1.1974252485247215e-17
5166.499999999998	7.35580201396594e-17	1.1936898663145546e-17
5166.749999999999	7.264096163482367e-17	1.1732856367085865e-17
5166.999999999998	7.120649117424584e-17	1.1295507779255603e-17
5167.249999999999	6.944796251907322e-17	1.1299226783289642e-17
5167.499999999999	6.76112933952617e-17	1.1575188297707745e-17
5167.749999999999	6.596110761528392e-17	1.1886304988159352e-17
5167.999999999999	6.475955439402369e-17	1.1885860792170411e-17
5168.249999999999	6.422595446359211e-17	1.11967837731474e-17
5168.499999999999	6.446517099625084e-17	1.0877143813664046e-17
5168.749999999999	6.540447644217304e-17	1.1252836840176443e-17
5168.999999999999	6.679944512199194e-17	1.2179594282049216e-17
5169.249999999999	6.832289906857207e-17	1.2334536791308974e-17
5169.499999999999	6.967932178171734e-17	1.1630742574827419e-17
5169.749999999999	7.066804104847454e-17	1.1351135675449794e-17
5169.999999999999	7.117447156765348e-17	1.1704163125997626e-17
5170.249999999999	7.113812035790034e-17	1.214880248374693e-17
5170.499999999999	7.0554943322835e-17	1.2076032923718803e-17
5170.749999999999	6.951739888934813e-17	1.1718403040242726e-17
5170.999999999999	6.824258751075152e-17	1.1457537572003715e-17
5171.249999999998	6.704105078144115e-17	1.1401504357309373e-17
5171.499999999999	6.622595418601992e-17	1.1069114235864127e-17
5171.749999999999	6.600660401126519e-17	1.1250251900762215e-17
5171.999999999999	6.64191434902174e-17	1.1156949236388683e-17
5172.249999999998	6.73246106290382e-17	1.1277978994894992e-17
5172.499999999999	6.847054203802539e-17	1.1755952076968958e-17
5172.75	6.958461180787609e-17	1.2139822611017054e-17
5172.999999999999	7.045864011467606e-17	1.1194068966377e-17
5173.249999999998	7.099167772551315e-17	1.1781394498249864e-17
5173.499999999999	7.118370897272621e-17	1.1828942494220637e-17
5173.75	7.10927904625482e-17	1.1956983435598946e-17
5173.999999999999	7.078079760566232e-17	1.1754755973803207e-17
5174.249999999999	7.027655068145477e-17	1.1451742344632169e-17
5174.499999999999	6.957801567405111e-17	1.253260601616541e-17
5174.749999999999	6.869350560397673e-17	1.1504519776435502e-17
5174.999999999999	6.769226266870658e-17	1.1580533538826063e-17
5175.249999999999	6.671959443451851e-17	1.1795932197515484e-17
5175.499999999999	6.595007019359528e-17	1.1496456419824335e-17
5175.749999999999	6.549840651940016e-17	1.0986148847605671e-17
5175.999999999999	6.53486081319636e-17	1.120463123561869e-17
5176.249999999999	6.536009670513237e-17	1.2216292149925132e-17
5176.499999999999	6.535673196446326e-17	1.1983797322335465e-17
5176.749999999999	6.523842657738362e-17	1.1729749476705116e-17
5176.999999999999	6.503322797088568e-17	1.1494945988025814e-17
5177.249999999999	6.485363714856768e-17	1.1420813234348199e-17
5177.499999999999	6.479662614335777e-17	1.1655110488492619e-17
5177.749999999999	6.48678268815817e-17	1.1487774332114979e-17
5177.999999999998	6.498573292139107e-17	1.1710071677113092e-17
5178.249999999999	6.505692129565426e-17	1.173099190198517e-17
5178.499999999999	6.505986280823794e-17	1.1857318097953656e-17
5178.749999999999	6.506909018212697e-17	1.1676386401028095e-17
5178.999999999998	6.519479384450449e-17	1.104676547007417e-17
5179.249999999999	6.547652718327578e-17	1.1272886871044116e-17
5179.5	6.580956612218805e-17	1.1648990179140339e-17
5179.749999999999	6.596702083969767e-17	1.1752572216986067e-17
5179.999999999998	6.57146476089544e-17	1.1945089405571046e-17
5180.249999999999	6.49451795472242e-17	1.2091293578839793e-17
5180.5	6.374111034353543e-17	1.1713708790266488e-17
5180.749999999999	6.23275523623627e-17	1.04810004008675e-17
5180.999999999998	6.095873836158609e-17	1.189083049329063e-17
5181.249999999999	5.982464197373045e-17	1.1099050729413034e-17
5181.499999999999	5.903369591640266e-17	1.1189385469748725e-17
5181.749999999999	5.865534663835756e-17	1.151216540683733e-17
5181.999999999999	5.875955478050218e-17	1.1197637423539554e-17
5182.249999999999	5.940768337501724e-17	1.0332372588403973e-17
5182.499999999999	6.060587687844751e-17	1.1311251507854325e-17
5182.749999999999	6.226939919134065e-17	1.1386026153687281e-17
5182.999999999999	6.42312005479577e-17	1.1262908591314888e-17
5183.249999999999	6.628281596650941e-17	1.1477142579701835e-17
5183.499999999999	6.82101522441817e-17	1.1429308379239118e-17
5183.749999999999	6.98040086220431e-17	1.0738703557624721e-17
5183.999999999999	7.086103165790211e-17	1.205771335469259e-17
5184.249999999999	7.120467975273025e-17	1.1160960235178953e-17
5184.499999999999	7.073485779762404e-17	1.1767616150786568e-17
5184.749999999998	6.948323890648245e-17	1.1890118290783222e-17
5184.999999999999	6.763965364896589e-17	1.1581593984371356e-17
5185.249999999999	6.552962064079265e-17	1.1543700840510302e-17
5185.499999999999	6.354719783128329e-17	1.1622456706631475e-17
5185.749999999998	6.206542306134545e-17	1.08245632508465e-17
5185.999999999999	6.135474725554785e-17	1.0739738360571025e-17
5186.249999999999	6.153785975281454e-17	1.1513612972909298e-17
5186.499999999999	6.259308069932387e-17	1.184334205432396e-17
5186.749999999998	6.439226773456955e-17	1.1499862749586829e-17
5186.999999999999	6.674175150656569e-17	1.1927921271957508e-17
5187.25	6.940258019590342e-17	1.2244996971541947e-17
5187.499999999999	7.209193609376181e-17	1.2018190665024807e-17
5187.749999999998	7.448820292221674e-17	1.2533260316029939e-17
5187.999999999999	7.62640193368435e-17	1.2417976981239036e-17
5188.249999999998	7.715769164007105e-17	1.1994398469065944e-17
5188.499999999999	7.706937126442556e-17	1.272860646230985e-17
5188.749999999999	7.613996828321322e-17	1.299698852077513e-17
5188.999999999999	7.475472847879287e-17	1.2026407877229909e-17
5189.249999999999	7.343619225030372e-17	1.1601340439954222e-17
5189.499999999999	7.265511152012989e-17	1.1414079156981404e-17
5189.749999999999	7.265046045163189e-17	1.1586891249014145e-17
5189.999999999999	7.33555252305818e-17	1.2102888169485949e-17
5190.249999999999	7.446503960218289e-17	1.1994814540914058e-17
5190.499999999999	7.559508938120744e-17	1.2157904779207464e-17
5190.749999999999	7.644337554276158e-17	1.2541431206120738e-17
5190.999999999999	7.687462700760217e-17	1.2147488920934196e-17
5191.249999999999	7.691174204876478e-17	1.1793792281270809e-17
5191.499999999999	7.666655708767277e-17	1.208878143131947e-17
5191.749999999999	7.626459059484259e-17	1.2103188436048306e-17
5191.999999999999	7.58007013190411e-17	1.1852989461808166e-17
5192.249999999999	7.532890406750176e-17	1.1959090264619118e-17
5192.499999999998	7.486897897247059e-17	1.1744293793415636e-17
5192.749999999999	7.441633876099776e-17	1.178796396667476e-17
5192.999999999999	7.395504860180373e-17	1.2045362720966561e-17
5193.249999999999	7.347681814228938e-17	1.1820462238580744e-17
5193.499999999998	7.299930372372263e-17	1.2120950485341657e-17
5193.749999999999	7.256927157481376e-17	1.1492717563455596e-17
5194.0	7.224116446706265e-17	1.1892161426896228e-17
5194.249999999999	7.203702696037961e-17	1.185867053825518e-17
5194.499999999998	7.19103806123554e-17	1.1433659349261147e-17
5194.749999999999	7.17431051857357e-17	1.1586913582890684e-17
5195.0	7.138991407140266e-17	1.1991959113439525e-17
5195.249999999999	7.07512855256435e-17	1.1696266859870195e-17
5195.499999999999	6.982741467961026e-17	1.1506492602196441e-17
5195.749999999999	6.871355642473815e-17	1.1306984083074164e-17
5195.999999999999	6.754132820429051e-17	1.1372869018864013e-17
5196.249999999999	6.641230056510532e-17	1.1729006668515043e-17
5196.499999999999	6.537089480324907e-17	1.1359777231309136e-17
5196.749999999999	6.442615632609628e-17	1.1508630864079891e-17
5196.999999999999	6.359369859240891e-17	1.1643072529038134e-17
5197.249999999999	6.29203581072782e-17	1.1839898501433902e-17
5197.499999999999	6.247497856798806e-17	1.1854764591402705e-17
5197.749999999999	6.231812418013481e-17	1.168522648023445e-17
5197.999999999999	6.247865148035823e-17	1.1675866104422799e-17
5198.249999999999	6.295459646601268e-17	1.2078387906922741e-17
5198.499999999999	6.372805040163263e-17	1.1756384692429323e-17
5198.749999999999	6.476638594137772e-17	1.1662230032024863e-17
5198.999999999999	6.599835570310809e-17	1.1433243277413033e-17
5199.249999999998	6.729090720759436e-17	1.1508079134611318e-17
5199.499999999999	6.846762106384596e-17	1.2432588299579173e-17
5199.749999999999	6.937650283889587e-17	1.2622452719939694e-17
5199.999999999999	6.99615336652083e-17	1.1837475689419734e-17
5200.249999999998	7.027591900631603e-17	1.2170917157423535e-17
5200.499999999999	7.041751636317512e-17	1.2072471911181762e-17
5200.75	7.043103715894256e-17	1.1694251847898015e-17
5200.999999999999	7.025000011308205e-17	1.1887310012603604e-17
5201.249999999998	6.972273857391412e-17	1.2312999489699931e-17
5201.499999999999	6.870837191898937e-17	1.1989968916885723e-17
5201.75	6.718525298486015e-17	1.1863622868582536e-17
5201.999999999999	6.531056628528967e-17	1.1787583463592986e-17
5202.249999999998	6.339932653824398e-17	1.186439214655221e-17
5202.499999999999	6.183239008302614e-17	1.1906256584534131e-17
5202.749999999999	6.093660943074254e-17	1.1301467615569048e-17
5202.999999999999	6.089202251384045e-17	1.1554196108122374e-17
5203.249999999999	6.170254811517456e-17	1.1927295923414417e-17
5203.499999999999	6.322598089841808e-17	1.1592437495021313e-17
5203.749999999999	6.522675447096619e-17	1.1515370731710973e-17
5203.999999999999	6.742094166045956e-17	1.1647424326240776e-17
5204.249999999999	6.951797553578326e-17	1.1351036413776288e-17
5204.499999999999	7.127996528832204e-17	1.2130283564193093e-17
5204.749999999999	7.258853898645034e-17	1.2121645317056202e-17
5204.999999999999	7.346595763738233e-17	1.1921704182473559e-17
5205.249999999999	7.400830716744961e-17	1.1281773272364773e-17
5205.499999999999	7.426523686355541e-17	1.1209303978899002e-17
5205.749999999999	7.416806941705428e-17	1.2228273861097962e-17
5205.999999999998	7.358181879735952e-17	1.2461918469739078e-17
5206.249999999999	7.244660382891684e-17	1.2169486134963818e-17
5206.499999999999	7.088662177939425e-17	1.1701639397948726e-17
5206.749999999999	6.919104414214555e-17	1.1460708155291631e-17
5206.999999999998	6.76854478716727e-17	1.1213849336364981e-17
5207.249999999999	6.660103348638131e-17	1.1258100190414118e-17
5207.5	6.603229895416466e-17	1.2252811346788735e-17
5207.749999999999	6.598427411701812e-17	1.1179325299138855e-17
5207.999999999998	6.644347211866427e-17	1.1430706314474333e-17
5208.249999999999	6.741488946643659e-17	1.143417220124093e-17
5208.5	6.891654893710325e-17	1.1636158953478416e-17
5208.749999999999	7.095067564626426e-17	1.1954560623584778e-17
5208.999999999998	7.346276212645308e-17	1.1649364891957825e-17
5209.249999999999	7.629354789795593e-17	1.1020475188665397e-17
5209.499999999999	7.914784840992788e-17	1.2093715563673349e-17
5209.749999999999	8.162187489267305e-17	1.238664089809369e-17
5209.999999999999	8.330777525596617e-17	1.2355542215784146e-17
5210.249999999999	8.393669013843946e-17	1.2473319500121896e-17
5210.499999999999	8.348160812958418e-17	1.2627706144010018e-17
5210.749999999999	8.216036671971103e-17	1.1698343910388315e-17
5210.999999999999	8.034375494131891e-17	1.1890423520429254e-17
5211.249999999999	7.842915718732567e-17	1.2035666509826215e-17
5211.499999999999	7.674382067246805e-17	1.2042613999791048e-17
5211.749999999999	7.550057283272796e-17	1.1943281188752005e-17
5211.999999999999	7.478772456847242e-17	1.1811308657922232e-17
5212.249999999999	7.457004107638737e-17	1.184314766688001e-17
5212.499999999999	7.470109606322442e-17	1.1880357559555096e-17
5212.749999999998	7.496276750790055e-17	1.2126126981615014e-17
5212.999999999999	7.51330813538417e-17	1.2153195639980199e-17
5213.249999999999	7.505713593325718e-17	1.2039424391349043e-17
5213.499999999999	7.46897717181176e-17	1.1872916242764569e-17
5213.749999999998	7.409939474262864e-17	1.1703273906839131e-17
5213.999999999999	7.344403561853836e-17	1.2127922790724866e-17
5214.249999999999	7.292990780726274e-17	1.199008472217148e-17
5214.499999999999	7.274974198923786e-17	1.1624844777059916e-17
5214.749999999998	7.300264723394269e-17	1.1401068433126558e-17
5214.999999999999	7.36251887476657e-17	1.1397418912263974e-17
5215.25	7.43825967992782e-17	1.1720159971863789e-17
5215.499999999999	7.494532594453775e-17	1.255372145566205e-17
5215.749999999998	7.501844502692237e-17	1.191213039406387e-17
5215.999999999999	7.445026445714046e-17	1.1878054688729748e-17
5216.249999999998	7.326219983111927e-17	1.1845821941800394e-17
5216.499999999999	7.160164426513627e-17	1.1806595382791905e-17
5216.749999999999	6.967019110546657e-17	1.176074807016054e-17
5216.999999999999	6.767952735314222e-17	1.1611803447522405e-17
5217.249999999999	6.584423890837798e-17	1.2037289438188044e-17
5217.499999999999	6.437968370883613e-17	1.1570720695219346e-17
5217.749999999999	6.34727771114708e-17	1.0987485571475557e-17
5217.999999999999	6.323057135762626e-17	1.1307837733466319e-17
5218.249999999999	6.364446925197111e-17	1.1821861828177183e-17
5218.499999999999	6.460006551824001e-17	1.1434854625246286e-17
5218.749999999999	6.592271686256829e-17	1.2345757496318256e-17
5218.999999999999	6.742183412990577e-17	1.1078017180797036e-17
5219.249999999999	6.891187397181239e-17	1.172926144014371e-17
5219.499999999999	7.022280116773168e-17	1.2141928612856614e-17
5219.749999999999	7.12220025069227e-17	1.2178533009323311e-17
5219.999999999999	7.184315956884196e-17	1.2207232040675838e-17
5220.249999999999	7.209406717160898e-17	1.1585818395759664e-17
5220.499999999998	7.203096762891239e-17	1.1800375811766119e-17
5220.749999999999	7.172610608510891e-17	1.202252343707336e-17
5220.999999999999	7.126645496343346e-17	1.1913516748770509e-17
5221.249999999999	7.07828124597455e-17	1.2040682533060736e-17
5221.499999999998	7.046007238255788e-17	1.2044790311982675e-17
5221.749999999999	7.048264955477289e-17	1.0892831293981114e-17
5222.0	7.093304371901332e-17	1.1583518006476154e-17
5222.249999999999	7.172334659512762e-17	1.1736849167902659e-17
5222.499999999998	7.262775268239678e-17	1.2009076789035698e-17
5222.749999999999	7.340137205077366e-17	1.2105615383965536e-17
5223.0	7.389711325983449e-17	1.2005308981345519e-17
5223.249999999999	7.410116550897443e-17	1.2009506095773613e-17
5223.499999999998	7.408585010710405e-17	1.2222414113638636e-17
5223.749999999999	7.394405799396644e-17	1.2445935685943328e-17
5223.999999999999	7.376251156903807e-17	1.250864011227791e-17
5224.249999999999	7.363157856456005e-17	1.2240320919539184e-17
5224.499999999999	7.364679827833614e-17	1.17281472278586e-17
5224.749999999999	7.387282139570537e-17	1.1523835270919228e-17
5224.999999999999	7.429034251765844e-17	1.192124757877543e-17
5225.249999999999	7.477471784083149e-17	1.1923912754709076e-17
5225.499999999999	7.513403871356091e-17	1.2212882511440188e-17
5225.749999999999	7.518792464394815e-17	1.202595458225423e-17
5225.999999999999	7.484072051256449e-17	1.1924047585148922e-17
5226.249999999999	7.411285266496081e-17	1.1983319211941409e-17
5226.499999999999	7.312342054383857e-17	1.1724944384526795e-17
5226.749999999999	7.203928573711736e-17	1.1904435960005902e-17
5226.999999999999	7.101318886220724e-17	1.145413041506061e-17
5227.249999999998	7.013498165002675e-17	1.1413140306986157e-17
5227.499999999999	6.941820752637273e-17	1.1654452879905639e-17
5227.749999999999	6.883056237352474e-17	1.1590688008025764e-17
5227.999999999999	6.835017234348494e-17	1.1221637241832168e-17
5228.249999999998	6.800811479320571e-17	1.1993278466516547e-17
5228.499999999999	6.788333243710864e-17	1.1137347537413014e-17
5228.75	6.805047774881344e-17	1.1404006578662346e-17
5228.999999999999	6.851999893323937e-17	1.1325427729192259e-17
5229.249999999998	6.92208075892674e-17	1.171391062233595e-17
5229.499999999999	7.004603762222943e-17	1.22949553718177e-17
5229.75	7.093148198960961e-17	1.115974097095605e-17
5229.999999999999	7.190502053454956e-17	1.1469273610534618e-17
5230.249999999998	7.306232317788544e-17	1.1761262576501549e-17
5230.499999999999	7.447919139435414e-17	1.1386414101394568e-17
5230.749999999999	7.6120184595703e-17	1.1421608982097475e-17
5230.999999999999	7.780606100450407e-17	1.2191525535204681e-17
5231.249999999999	7.925836381833621e-17	1.2837965529553647e-17
5231.499999999999	8.018925526965117e-17	1.1946345892921514e-17
5231.749999999999	8.03905548222585e-17	1.2223864161252442e-17
5231.999999999999	7.979723723268991e-17	1.2489013597883865e-17
5232.249999999999	7.851980919945279e-17	1.2472996899683e-17
5232.499999999999	7.683526402215277e-17	1.213498691315607e-17
5232.749999999999	7.512081322700266e-17	1.1530822465553463e-17
5232.999999999999	7.373893273241562e-17	1.0956792207666164e-17
5233.249999999999	7.292203200113617e-17	1.230724810290085e-17
5233.499999999999	7.271468323436538e-17	1.154336335082038e-17
5233.749999999999	7.299371432613078e-17	1.1555494781684083e-17
5233.999999999998	7.353830964955994e-17	1.1706190545678993e-17
5234.249999999999	7.41077680997954e-17	1.1579843670195194e-17
5234.499999999999	7.45052619550288e-17	1.1774303078858447e-17
5234.749999999999	7.462751204968909e-17	1.1955187626489093e-17
5234.999999999998	7.449738002430585e-17	1.188210539218942e-17
5235.249999999999	7.426000557073045e-17	1.1869753931282779e-17
5235.499999999999	7.41239544219436e-17	1.1580694011864898e-17
5235.749999999999	7.42608791748646e-17	1.134339409209691e-17
5235.999999999998	7.471649449790574e-17	1.1651087909173773e-17
5236.249999999999	7.538954029007522e-17	1.2361014842716797e-17
5236.5	7.60898181178538e-17	1.1684834396624099e-17
5236.749999999999	7.66294711276577e-17	1.1999909146306772e-17
5236.999999999998	7.688759545789821e-17	1.2190633834504349e-17
5237.249999999999	7.68265399730457e-17	1.207736716604685e-17
5237.499999999998	7.648261165311198e-17	1.1901770784072256e-17
5237.749999999999	7.595769091164337e-17	1.2069421269082666e-17
5237.999999999999	7.54086492779238e-17	1.211297150115297e-17
5238.249999999999	7.501437675345479e-17	1.1951079847567155e-17
5238.499999999999	7.492067786600098e-17	1.2337897626137777e-17
5238.749999999999	7.519332803974899e-17	1.2465821107869103e-17
5238.999999999999	7.580782127555069e-17	1.215998348408681e-17
5239.249999999999	7.667056262350003e-17	1.2011636085850937e-17
5239.499999999999	7.764171241179315e-17	1.2258949854114491e-17
5239.749999999999	7.854424374646317e-17	1.181226074280728e-17
5239.999999999999	7.917657505809318e-17	1.2197850985348874e-17
5240.249999999999	7.935359054253313e-17	1.2256051413248105e-17
5240.499999999999	7.896998384045948e-17	1.2167109645063954e-17
5240.749999999999	7.804516476584211e-17	1.2209574616170588e-17
5240.999999999999	7.671215991495817e-17	1.1601528209953271e-17
5241.249999999999	7.515582517646801e-17	1.2161151463111734e-17
5241.499999999999	7.354688868691938e-17	1.1520055882700473e-17
5241.749999999998	7.201673284404791e-17	1.1899771488531716e-17
5241.999999999999	7.067412251626767e-17	1.2098593447745574e-17
5242.249999999999	6.962277541190642e-17	1.1715794112590734e-17
5242.499999999999	6.894204319759843e-17	1.1609827313039016e-17
5242.749999999998	6.864003388020666e-17	1.1055356567916145e-17
5242.999999999999	6.86286768947571e-17	1.2083780297335974e-17
5243.25	6.875613613228307e-17	1.216728335299259e-17
5243.499999999999	6.887677934366594e-17	1.1437037554882814e-17
5243.749999999998	6.890417059529813e-17	1.1232878626356763e-17
5243.999999999999	6.881556278893019e-17	1.208130040985954e-17
5244.25	6.862604296349534e-17	1.1302810129703221e-17
5244.499999999999	6.836961058324963e-17	1.1978318077957913e-17
5244.749999999998	6.810051994990847e-17	1.1586021882190352e-17
5244.999999999999	6.789877492223258e-17	1.1330895393041234e-17
5245.249999999999	6.786218599072713e-17	1.1274114407073144e-17
5245.499999999999	6.808613809023703e-17	1.1411031823604759e-17
5245.749999999999	6.864375214083172e-17	1.1959785923514275e-17
5245.999999999999	6.957324446791715e-17	1.1019786974395753e-17
5246.249999999999	7.086697933367515e-17	1.1993505941185e-17
5246.499999999999	7.245261934023449e-17	1.1834171102872585e-17
5246.749999999999	7.416659620355468e-17	1.1694553768821597e-17
5246.999999999999	7.574000065828528e-17	1.184528923748591e-17
5247.249999999999	7.683060188133532e-17	1.1974032455204276e-17
5247.499999999999	7.71191570433738e-17	1.2737717856757121e-17
5247.749999999999	7.643996657851854e-17	1.2262722624888346e-17
5247.999999999999	7.48700906556147e-17	1.2096561064980531e-17
5248.249999999999	7.270903617966725e-17	1.1569887724342505e-17
5248.499999999998	7.035089005765948e-17	1.1325512101614739e-17
5248.749999999999	6.813012827681418e-17	1.1697144498500113e-17
5248.999999999999	6.623885933780954e-17	1.1725854283200604e-17
5249.249999999999	6.475024849693742e-17	1.2184602860658225e-17
5249.499999999998	6.369711795783353e-17	1.1459336689836018e-17
5249.749999999999	6.312226119554718e-17	1.1008518292910943e-17
5250.0	6.305832675098739e-17	1.126596419649766e-17
5250.249999999999	6.346318784765347e-17	1.1594582374349663e-17
5250.499999999998	6.41719221654047e-17	1.126097464304274e-17
5250.749999999999	6.491170912182017e-17	1.1667450368870685e-17
5251.0	6.538556711209197e-17	1.1614337101738655e-17
5251.249999999999	6.539228322010726e-17	1.2083638849451228e-17
5251.499999999998	6.492615217546144e-17	1.1710801250413364e-17
5251.749999999999	6.419894698672382e-17	1.1272494787433765e-17
5251.999999999999	6.355620069006134e-17	1.1506769707701647e-17
5252.249999999999	6.331452276400937e-17	1.0933714695756547e-17
5252.499999999999	6.359719575860278e-17	1.1454926989990498e-17
5252.749999999999	6.425734446176807e-17	1.132104449912634e-17
5252.999999999999	6.493823595591398e-17	1.1360587041128825e-17
5253.249999999999	6.524791798464125e-17	1.1805951009094726e-17
5253.499999999999	6.496057166461015e-17	1.2035097409564778e-17
5253.749999999999	6.413887110985146e-17	1.144018249557174e-17
5253.999999999999	6.31142766750593e-17	1.1018682688277994e-17
5254.249999999999	6.234064555061505e-17	1.1683746654118592e-17
5254.499999999999	6.220109750944426e-17	1.1292826886890319e-17
5254.749999999999	6.286198192098368e-17	1.111794849768742e-17
5254.999999999999	6.423256841925265e-17	1.1526689871213149e-17
5255.249999999998	6.603322257112044e-17	1.214120152109818e-17
5255.499999999999	6.79273466963039e-17	1.2673352451752532e-17
5255.749999999999	6.965090911191172e-17	1.193339141734832e-17
5255.999999999999	7.10853500840523e-17	1.2164292267897598e-17
5256.249999999998	7.225575492664703e-17	1.2375559986607929e-17
5256.499999999999	7.327252676978467e-17	1.2124285677571471e-17
5256.749999999999	7.425132534950387e-17	1.1770222596896723e-17
5256.999999999999	7.524342132377015e-17	1.190561469237879e-17
5257.249999999998	7.619935303749388e-17	1.178139946133354e-17
5257.499999999999	7.697764378407507e-17	1.2130893196304544e-17
5257.75	7.739530774165062e-17	1.1980234655437199e-17
5257.999999999999	7.730059033565671e-17	1.2181233754023297e-17
5258.249999999998	7.663995833374943e-17	1.2249362003634389e-17
5258.499999999999	7.549482684232176e-17	1.1710123789491683e-17
5258.749999999998	7.407460400904037e-17	1.2220718393382903e-17
5258.999999999999	7.26663128848496e-17	1.149306911521593e-17
5259.249999999999	7.155569999713697e-17	1.1389933754900982e-17
5259.499999999999	7.09473462475822e-17	1.1578139678133334e-17
5259.749999999999	7.091435335500957e-17	1.1619066920481233e-17
5259.999999999999	7.139595720646353e-17	1.1489690082413652e-17
5260.249999999999	7.223764174770805e-17	1.1782514500799261e-17
5260.499999999999	7.324656166636668e-17	1.2458662686848069e-17
5260.749999999999	7.423126815256366e-17	1.1579301039713359e-17
5260.999999999999	7.501566105581563e-17	1.179995808555678e-17
5261.249999999999	7.544849386131604e-17	1.2086590229876817e-17
5261.499999999999	7.544069605121167e-17	1.2024824653537482e-17
5261.749999999999	7.503319471601731e-17	1.198014449275043e-17
5261.999999999999	7.444697049204314e-17	1.2291917964608405e-17
5262.249999999999	7.404624096259526e-17	1.1545450327505851e-17
5262.499999999999	7.419048745600506e-17	1.1384467745413231e-17
5262.749999999999	7.503907760296071e-17	1.1219240072416989e-17
5262.999999999998	7.643108338286315e-17	1.180071991890094e-17
5263.249999999999	7.793265792682465e-17	1.2694476163055299e-17
5263.499999999999	7.90377636111053e-17	1.1974148260490034e-17
5263.749999999999	7.940575831453955e-17	1.2178140098532348e-17
5263.999999999998	7.89997060391879e-17	1.1512228272563884e-17
5264.249999999999	7.806033427073484e-17	1.1689298690390048e-17
5264.5	7.695216979150049e-17	1.1581517883755001e-17
5264.749999999999	7.598109499283185e-17	1.1261975531583929e-17
5264.999999999998	7.52784230349263e-17	1.1585457745012591e-17
5265.249999999999	7.479333497908322e-17	1.1353743775921174e-17
5265.5	7.437132948908242e-17	1.1716895089986042e-17
5265.749999999999	7.385708943494569e-17	1.180385906932558e-17
5265.999999999999	7.316391597923883e-17	1.1733126027965557e-17
5266.249999999999	7.229012018703738e-17	1.1618286889163596e-17
5266.499999999999	7.130314372266094e-17	1.1527277996628674e-17
5266.749999999999	7.032192663699493e-17	1.162151206637194e-17
5266.999999999999	6.950341505552885e-17	1.196948792491891e-17
5267.249999999999	6.901278656424035e-17	1.1271298684268014e-17
5267.499999999999	6.896391142052618e-17	1.113557737090215e-17
5267.749999999999	6.935388734996149e-17	1.1454749973339412e-17
5267.999999999999	7.004074553738673e-17	1.1690003448271943e-17
5268.249999999999	7.079231561167177e-17	1.1565254685731596e-17
5268.499999999999	7.138230549408978e-17	1.185796412601206e-17
5268.749999999999	7.167570475727168e-17	1.183291213398028e-17
5268.999999999999	7.165920612068671e-17	1.160698098455122e-17
5269.249999999999	7.141571595210192e-17	1.1632378738079049e-17
5269.499999999999	7.10745381427843e-17	1.1477532181770347e-17
5269.749999999998	7.076724541069503e-17	1.1321187601372312e-17
5269.999999999999	7.059478641982943e-17	1.252887046851912e-17
5270.249999999999	7.059556723186967e-17	1.1212607738265539e-17
5270.499999999999	7.071663645910932e-17	1.1319079117990914e-17
5270.749999999998	7.081437153490237e-17	1.179138187696583e-17
5270.999999999999	7.070892166145617e-17	1.2039659310643008e-17
5271.25	7.027565156712078e-17	1.1917788309453733e-17
5271.499999999999	6.951564042379908e-17	1.1590793059963558e-17
5271.749999999998	6.855489835759172e-17	1.1516810025976815e-17
5271.999999999999	6.757606502887668e-17	1.134923564158276e-17
5272.25	6.673340652334523e-17	1.1555209404372752e-17
5272.499999999999	6.610069993084651e-17	1.1369260857032056e-17
5272.749999999998	6.566635723527334e-17	1.120444677434209e-17
5272.999999999999	6.536281867578656e-17	1.1475177198566409e-17
5273.249999999999	6.511425150229413e-17	1.1730214352209371e-17
5273.499999999999	6.488886240281403e-17	1.1406294560236668e-17
5273.749999999999	6.473326905134034e-17	1.1864775131175822e-17
5273.999999999999	6.475950946038722e-17	1.1479873102903872e-17
5274.249999999999	6.507563625750347e-17	1.116961337156687e-17
5274.499999999999	6.569535018348832e-17	1.1456571425048253e-17
5274.749999999999	6.649173555578529e-17	1.1909173223373993e-17
5274.999999999999	6.72386182464337e-17	1.2066512074868317e-17
5275.249999999999	6.772152003081176e-17	1.214672543322881e-17
5275.499999999999	6.784944205376012e-17	1.1828921814705324e-17
5275.749999999999	6.769948130213095e-17	1.1896471865068241e-17
5275.999999999999	6.74712154768455e-17	1.1834898194631019e-17
5276.249999999999	6.737803483708545e-17	1.1446606380208827e-17
5276.499999999998	6.752949863428635e-17	1.203793629342706e-17
5276.749999999999	6.786049255253305e-17	1.124385779462718e-17
5276.999999999999	6.814669932166278e-17	1.1966975777398586e-17
5277.249999999999	6.811112528206933e-17	1.1950014438938186e-17
5277.499999999998	6.757577985534425e-17	1.1851351644195311e-17
5277.749999999999	6.657263592802935e-17	1.1783977783302867e-17
5277.999999999999	6.533971793844511e-17	1.1154716675915403e-17
5278.249999999999	6.420187313187676e-17	1.0432949479084295e-17
5278.499999999998	6.342041164626558e-17	1.1439361105223475e-17
5278.749999999999	6.311440580629897e-17	1.1768008234396919e-17
5279.0	6.32868084405314e-17	1.1559328763823266e-17
5279.249999999999	6.389655974882414e-17	1.123009102769246e-17
5279.499999999998	6.489329588090807e-17	1.1040801497857662e-17
5279.749999999999	6.619139290639303e-17	1.1253717787528812e-17
5279.999999999998	6.763382960253575e-17	1.1619647601271245e-17
5280.249999999999	6.90065780505818e-17	1.1685989140759223e-17
5280.499999999999	7.010915671465448e-17	1.1753003178085207e-17
5280.749999999999	7.083103697783414e-17	1.1735747363326738e-17
5280.999999999999	7.118007634577198e-17	1.1691675180289913e-17
5281.249999999999	7.124995488331794e-17	1.1769701473110815e-17
5281.499999999999	7.115320768153868e-17	1.1961039102142293e-17
5281.749999999999	7.095782295261067e-17	1.1415531686137048e-17
5281.999999999999	7.065602397596309e-17	1.1370197225485466e-17
5282.249999999999	7.017860493729521e-17	1.1716924041307481e-17
5282.499999999999	6.944780705293744e-17	1.16770456639763e-17
5282.749999999999	6.843828022260247e-17	1.1030399701654808e-17
5282.999999999999	6.720726444029583e-17	1.093956038114546e-17
5283.249999999998	6.587633256897036e-17	1.1131641645547623e-17
5283.499999999999	6.458228132595828e-17	1.1410851498231223e-17
5283.749999999999	6.343104417803557e-17	1.121625643194751e-17
5283.999999999999	6.247456134071566e-17	1.1258643648076565e-17
5284.249999999998	6.170822864953975e-17	1.1344465290990167e-17
5284.499999999999	6.108037108602415e-17	1.0909833991472142e-17
5284.749999999999	6.051374458646363e-17	1.1275572726493075e-17
5284.999999999999	5.994331290496382e-17	1.1665714116764936e-17
5285.249999999998	5.936428475245165e-17	1.0991529657490329e-17
5285.499999999999	5.886748930719701e-17	1.1261462679604146e-17
5285.75	5.863099460844825e-17	1.1462139177751348e-17
5285.999999999999	5.884934884267013e-17	1.0931095014756592e-17
5286.249999999998	5.96180533521657e-17	1.0936332722395278e-17
5286.499999999999	6.083511009652885e-17	1.0503949699782172e-17
5286.749999999998	6.219625281673975e-17	1.1388477089842276e-17
5286.999999999999	6.331510063467942e-17	1.1882019365405715e-17
5287.249999999999	6.391311669314166e-17	1.1783838816959958e-17
5287.499999999999	6.396548668132685e-17	1.1424963199481377e-17
5287.749999999999	6.371346399441087e-17	1.1316036747697944e-17
5287.999999999999	6.354391106594739e-17	1.1362923826359288e-17
5288.249999999999	6.381679939964507e-17	1.0665229239714698e-17
5288.499999999999	6.473153972078573e-17	1.1389104919927203e-17
5288.749999999999	6.627323919163933e-17	1.1348852656959148e-17
5288.999999999999	6.822915812875896e-17	1.1147748506435256e-17
5289.249999999999	7.025474967423621e-17	1.1459603869173873e-17
5289.499999999999	7.198104630401269e-17	1.1688507905724447e-17
5289.749999999999	7.314593955988454e-17	1.2149270667973635e-17
5289.999999999999	7.369336127749959e-17	1.2027887703345766e-17
5290.249999999999	7.376709161131058e-17	1.1565821304451195e-17
5290.499999999999	7.357938922248833e-17	1.1289286553868592e-17
5290.749999999999	7.323360121888523e-17	1.1447453413156081e-17
5290.999999999998	7.263304274932965e-17	1.1913532465202148e-17
5291.249999999999	7.155263811237079e-17	1.2227234922248596e-17
5291.499999999999	6.982477820330388e-17	1.178670665214368e-17
5291.749999999999	6.750408751522091e-17	1.1482973375839721e-17
5291.999999999998	6.489689008833091e-17	1.1126453568745691e-17
5292.249999999999	6.244159323931953e-17	1.1179068873148964e-17
5292.5	6.052116674914314e-17	1.128405959957787e-17
5292.749999999999	5.93189495615432e-17	1.0421000027955354e-17
5292.999999999998	5.879228456447381e-17	1.0920009140187156e-17
5293.249999999999	5.876529673793409e-17	1.1772811672214014e-17
5293.5	5.907033023354468e-17	1.150549750391954e-17
5293.749999999999	5.963931675149705e-17	1.0953514090898617e-17
5293.999999999998	6.04888786119562e-17	1.0897078866426574e-17
5294.249999999999	6.163033409404104e-17	1.142285471609998e-17
5294.499999999999	6.299350084224182e-17	1.1521051808157987e-17
5294.749999999999	6.442899014296653e-17	1.1472322598272488e-17
5294.999999999999	6.577588380468394e-17	1.1394605671000681e-17
5295.249999999999	6.692730920140696e-17	1.1467094816801153e-17
5295.499999999999	6.783913039868318e-17	1.1549305816340961e-17
5295.749999999999	6.848342467072436e-17	1.1418375533083005e-17
5295.999999999999	6.879589134093172e-17	1.114824233326095e-17
5296.249999999999	6.867135065165771e-17	1.1393259848144057e-17
5296.499999999999	6.802399334963068e-17	1.1561501767292443e-17
5296.749999999999	6.687448468585547e-17	1.1390810566350288e-17
5296.999999999999	6.539351752058468e-17	1.1433646941551959e-17
5297.249999999999	6.38522547308178e-17	1.123719981787674e-17
5297.499999999999	6.249820668376526e-17	1.0603142717297693e-17
5297.749999999998	6.143935372383057e-17	1.1026277860662456e-17
5297.999999999999	6.062120519740814e-17	1.1883306458438847e-17
5298.249999999999	5.991241354511155e-17	1.151107021970631e-17
5298.499999999999	5.923168292480325e-17	1.119500202610796e-17
5298.749999999998	5.862362839337421e-17	1.1154045832438622e-17
5298.999999999999	5.824081517301438e-17	1.124845526447175e-17
5299.249999999999	5.826252069908256e-17	1.119416905523112e-17
5299.499999999999	5.881427152855477e-17	1.1133839464435177e-17
5299.749999999998	5.992965721008122e-17	1.0936636297680085e-17
5299.999999999999	6.15525439295388e-17	1.0863736870295786e-17
5300.25	6.355617073141317e-17	1.1100423849229872e-17
5300.499999999999	6.576537348230064e-17	1.1273623061789288e-17
5300.749999999998	6.798589010317333e-17	1.1324209292149968e-17
5300.999999999999	7.004468437088824e-17	1.1784077044976374e-17
5301.249999999998	7.182732889780994e-17	1.1466012037379321e-17
5301.499999999999	7.328658431790907e-17	1.1348825359998934e-17
5301.749999999999	7.441108019969161e-17	1.1456092487473585e-17
5301.999999999999	7.517699378211133e-17	1.144957513142728e-17
5302.249999999999	7.552714236929679e-17	1.1481265247874799e-17
5302.499999999999	7.540521088685763e-17	1.1831831836100285e-17
5302.749999999999	7.482535195684673e-17	1.1682546415049777e-17
5302.999999999999	7.391824581740618e-17	1.1736419861164744e-17
5303.249999999999	7.290321778712639e-17	1.1445223334224638e-17
5303.499999999999	7.199347389040429e-17	1.1218153984272707e-17
5303.749999999999	7.130131008393716e-17	1.1461569250309299e-17
5303.999999999999	7.081521254059951e-17	1.187313048254322e-17
5304.249999999999	7.046180721844344e-17	1.1545726605830444e-17
5304.499999999998	7.019655616603743e-17	1.1675818127947271e-17
5304.749999999999	7.005075855227391e-17	1.1345743285036561e-17
5304.999999999999	7.010567720143335e-17	1.1369086321922808e-17
5305.249999999999	7.041929418510185e-17	1.1526962013634678e-17
5305.499999999998	7.095484462855077e-17	1.1515161455015997e-17
5305.749999999999	7.155309993314979e-17	1.1367290512812955e-17
5305.999999999999	7.197008827254526e-17	1.1789443792790618e-17
5306.249999999999	7.19716425130605e-17	1.2065882590422164e-17
5306.499999999998	7.143854189058196e-17	1.206395029651124e-17
5306.749999999999	7.04198089830378e-17	1.1235159163305572e-17
5307.0	6.910624758672293e-17	1.1046414745494447e-17
5307.249999999999	6.775895356339612e-17	1.1625234379128428e-17
5307.499999999998	6.665248484263006e-17	1.1359969137211248e-17
5307.749999999999	6.605017011911419e-17	1.1504637236082485e-17
5307.999999999998	6.617195852036887e-17	1.0794158573070888e-17
5308.249999999999	6.711685882674658e-17	1.1034498381590008e-17
5308.499999999999	6.876526810240775e-17	1.1429528409282057e-17
5308.749999999999	7.073940367089353e-17	1.1648871065132131e-17
5308.999999999999	7.248106309629395e-17	1.1857626636322139e-17
5309.249999999999	7.34291825591483e-17	1.2121922422561407e-17
5309.499999999999	7.321213415178586e-17	1.2173052937765147e-17
5309.749999999999	7.176295842033792e-17	1.1618731912333149e-17
5309.999999999999	6.93175682833176e-17	1.1465662139980211e-17
5310.249999999999	6.632259167436655e-17	1.1385020302062417e-17
5310.499999999999	6.331360102919497e-17	1.1230113361568999e-17
5310.749999999999	6.080890968495442e-17	1.118683692628145e-17
5310.999999999999	5.922313222984816e-17	1.098280455638912e-17
5311.249999999999	5.87830341675282e-17	1.0971526775917571e-17
5311.499999999999	5.945007789268894e-17	1.061155928003042e-17
5311.749999999999	6.089566165269726e-17	1.0939396599384174e-17
5311.999999999999	6.25824943346228e-17	1.162163200756076e-17
5312.249999999998	6.395054212050569e-17	1.1931442579825146e-17
5312.499999999999	6.462569798456374e-17	1.1533849946595408e-17
5312.749999999999	6.453843010656035e-17	1.151986066807591e-17
5312.999999999999	6.389416730155726e-17	1.120841889564357e-17
5313.249999999998	6.303297747649008e-17	1.1199307501196299e-17
5313.499999999999	6.227293166422235e-17	1.1234256709257277e-17
5313.75	6.181299711719364e-17	1.102040818703578e-17
5313.999999999999	6.171120583153754e-17	1.0749753863427817e-17
5314.249999999998	6.191061845019204e-17	1.135185697694394e-17
5314.499999999999	6.228429121852312e-17	1.082506534947832e-17
5314.75	6.268929229516809e-17	1.109782484774523e-17
5314.999999999999	6.302434535119372e-17	1.1591565646655682e-17
5315.249999999998	6.326993971616458e-17	1.1497302625590977e-17
5315.499999999999	6.348350939238444e-17	1.0807417451109501e-17
5315.749999999999	6.375002128165245e-17	1.0601650483472647e-17
5315.999999999999	6.412768841481456e-17	1.1805139544913811e-17
5316.249999999999	6.46314646566028e-17	1.123626014070088e-17
5316.499999999999	6.525538159679544e-17	1.1037271918183899e-17
5316.749999999999	6.599797761841611e-17	1.1161857726143573e-17
5316.999999999999	6.686591116494875e-17	1.14019212563381e-17
5317.249999999999	6.786949422651161e-17	1.141385085513234e-17
5317.499999999999	6.903595803521137e-17	1.0769336537249397e-17
5317.749999999999	7.043260763978347e-17	1.1922467670178945e-17
5317.999999999999	7.215326975145431e-17	1.1338217595823554e-17
5318.249999999999	7.423416692603024e-17	1.1005805967682381e-17
5318.499999999999	7.653683271961924e-17	1.1071374920478235e-17
5318.749999999999	7.870011026919296e-17	1.1743818164563418e-17
5318.999999999998	8.023941140137697e-17	1.28461860504812e-17
5319.249999999999	8.075834994626088e-17	1.1910705161868441e-17
5319.499999999999	8.013603565036845e-17	1.1847129714348841e-17
5319.749999999999	7.856454211262869e-17	1.1663375677173248e-17
5319.999999999998	7.642752180171803e-17	1.1445143924885833e-17
5320.249999999999	7.412447781246745e-17	1.136295029613889e-17
5320.499999999999	7.196035788275664e-17	1.1519625748781946e-17
5320.749999999999	7.014021760298696e-17	1.1775806066031456e-17
5320.999999999998	6.881714855233585e-17	1.1293406740499719e-17
5321.249999999999	6.811752657330121e-17	1.0943462192094872e-17
5321.5	6.811739155991112e-17	1.1161154622622903e-17
5321.749999999999	6.880524526895786e-17	1.1397259266405751e-17
5321.999999999998	7.007621350600463e-17	1.1472651816156284e-17
5322.249999999999	7.176022252948075e-17	1.1431171189978588e-17
5322.499999999998	7.364932860099828e-17	1.147578021323296e-17
5322.749999999999	7.550085079495159e-17	1.163508444586271e-17
5322.999999999999	7.703646084952442e-17	1.1544757150152532e-17
5323.249999999999	7.79781275186105e-17	1.1728406962570942e-17
5323.499999999999	7.813197446019885e-17	1.2025725453224552e-17
5323.749999999999	7.747924665790298e-17	1.1984308519954022e-17
5323.999999999999	7.62120544876075e-17	1.1363550829263603e-17
5324.249999999999	7.468242255796906e-17	1.168487989155779e-17
5324.499999999999	7.328893384720639e-17	1.1565316724277537e-17
5324.749999999999	7.235898841716482e-17	1.1038597888705821e-17
5324.999999999999	7.207386992952033e-17	1.1503389020538142e-17
5325.249999999999	7.244570291312842e-17	1.1793751749420794e-17
5325.499999999999	7.332747571588232e-17	1.1174373795992113e-17
5325.749999999998	7.444171609124998e-17	1.1469360464498936e-17
5325.999999999999	7.543562903183035e-17	1.1483505252973593e-17
5326.249999999999	7.597443367827612e-17	1.1910779608123571e-17
5326.499999999999	7.585483220485709e-17	1.176238423341217e-17
5326.749999999998	7.508419363262186e-17	1.1531405627885313e-17
5326.999999999999	7.386956462659607e-17	1.1562115535306957e-17
5327.249999999999	7.250548733415001e-17	1.1599309711550404e-17
5327.499999999999	7.121375611003352e-17	1.0566994097348513e-17
5327.749999999998	7.002992767724949e-17	1.1416846903311007e-17
5327.999999999999	6.881759884525202e-17	1.1161356454692366e-17
5328.25	6.741561738556463e-17	1.1636086161584512e-17
5328.499999999999	6.582503520363547e-17	1.168218741866393e-17
5328.749999999998	6.429766703867776e-17	1.0872318041970412e-17
5328.999999999999	6.324787392641445e-17	1.0495147670883995e-17
5329.249999999998	6.303787353328009e-17	1.0890096634876014e-17
5329.499999999999	6.377971737173271e-17	1.1197361145214961e-17
5329.749999999999	6.527730433833198e-17	1.1586263418929218e-17
5329.999999999999	6.712505303358352e-17	1.1748093033969092e-17
5330.249999999999	6.888276344342064e-17	1.1541977823294354e-17
5330.499999999999	7.02276991669694e-17	1.144235632622153e-17
5330.749999999999	7.103177688565335e-17	1.221750975978681e-17
5330.999999999999	7.136540163358372e-17	1.1272908377740042e-17
5331.249999999999	7.145191304793402e-17	1.1562418283411151e-17
5331.499999999999	7.159170152492714e-17	1.1589839320717284e-17
5331.749999999999	7.206587437471894e-17	1.1217119181326403e-17
5331.999999999999	7.303322387636731e-17	1.1001663447174716e-17
5332.249999999999	7.445100324749399e-17	1.1398449579307215e-17
5332.499999999999	7.606027464811972e-17	1.1456195057869542e-17
5332.749999999999	7.745805077214386e-17	1.1835286142338307e-17
5332.999999999999	7.823587880663207e-17	1.1862114918325851e-17
5333.249999999999	7.813029410570145e-17	1.1590380296837894e-17
5333.499999999998	7.712668169145688e-17	1.1710951797284848e-17
5333.749999999999	7.547334709767497e-17	1.206974304234095e-17
5333.999999999999	7.358430154709304e-17	1.149080760342121e-17
5334.249999999999	7.185181449201359e-17	9.938577541366465e-18
5334.499999999998	7.045648819673574e-17	1.101064580144643e-17
5334.749999999999	6.929840408681558e-17	1.1796631165133091e-17
5335.0	6.811091693379539e-17	1.1950287408540329e-17
5335.249999999999	6.668400241599161e-17	1.1545250976978226e-17
5335.499999999998	6.503756485556158e-17	1.1007941748023993e-17
5335.749999999999	6.343257371027137e-17	1.1132504394926516e-17
5336.0	6.22386637829446e-17	1.073124817876378e-17
5336.249999999999	6.17646794038427e-17	1.1124698291485853e-17
5336.499999999998	6.214293816394506e-17	1.0819124538318964e-17
5336.749999999999	6.328993776790599e-17	1.0967292438361913e-17
5336.999999999999	6.492650346169813e-17	1.1407087826444106e-17
5337.249999999999	6.664779286435782e-17	1.116749413483751e-17
5337.499999999999	6.804446980291112e-17	1.1398725030451195e-17
5337.749999999999	6.885153928091475e-17	1.134564567772428e-17
5337.999999999999	6.905613650906826e-17	1.1665484160554646e-17
5338.249999999999	6.88860322208825e-17	1.1218686688587191e-17
5338.499999999999	6.866320163375924e-17	1.0709780360326192e-17
5338.749999999999	6.860719360417586e-17	1.0926076509980233e-17
5338.999999999999	6.872173107183666e-17	1.1513699826873616e-17
5339.249999999999	6.883701427010263e-17	1.1603995689720517e-17
5339.499999999999	6.875716696918387e-17	1.1394999408972256e-17
5339.749999999999	6.839277437584102e-17	1.0850492054327587e-17
5339.999999999999	6.780131761962205e-17	1.0930963493039196e-17
5340.249999999998	6.715102728246482e-17	1.1301103656099524e-17
5340.499999999999	6.666327603746529e-17	1.1177549342363704e-17
5340.749999999999	6.655480717580037e-17	1.0608115727140362e-17
5340.999999999999	6.696523182103684e-17	1.0462507951093265e-17
5341.249999999998	6.787475386608514e-17	1.1159862566506095e-17
5341.499999999999	6.906292070900776e-17	1.1355512288070812e-17
5341.75	7.016098902979543e-17	1.1525817195666905e-17
5341.999999999999	7.078945195041505e-17	1.1696534866388662e-17
5342.249999999998	7.0705059106469e-17	1.1490153303556681e-17
5342.499999999999	6.987644866021752e-17	1.1282594662713038e-17
5342.75	6.846870569640052e-17	1.125547306478865e-17
5342.999999999999	6.677954370614873e-17	1.163294618397926e-17
5343.249999999998	6.51715664370702e-17	1.1318051759670123e-17
5343.499999999999	6.399992143934962e-17	1.094084333827553e-17
5343.749999999999	6.351386187871433e-17	1.0827591559069057e-17
5343.999999999999	6.375022674394858e-17	1.0490264823728094e-17
5344.249999999999	6.448757598097046e-17	1.1675896710105464e-17
5344.499999999999	6.531853663589149e-17	1.1248298927335977e-17
5344.749999999999	6.582017271949408e-17	1.1474703224075416e-17
5344.999999999999	6.572847468572711e-17	1.1517628934783243e-17
5345.249999999999	6.502005790704405e-17	1.105253257330489e-17
5345.499999999999	6.38701603917427e-17	1.0613857187772093e-17
5345.749999999999	6.253323739155312e-17	1.1269926391631788e-17
5345.999999999999	6.12253663870631e-17	1.1186437398045586e-17
5346.249999999999	6.00658235710595e-17	1.1026120696346071e-17
5346.499999999999	5.908840171398582e-17	1.0887169242688189e-17
5346.749999999999	5.829487230746594e-17	1.1015145663978718e-17
5346.999999999998	5.770535543833598e-17	1.1172358784019934e-17
5347.249999999999	5.736449321569439e-17	1.0901055950811729e-17
5347.499999999999	5.729398842174464e-17	1.0111531081283953e-17
5347.749999999999	5.743307425688977e-17	1.089444677771743e-17
5347.999999999998	5.763601417020892e-17	1.0961752809799645e-17
5348.249999999999	5.775712517348071e-17	1.1238173409457715e-17
5348.499999999999	5.776951742886043e-17	1.1058637993406143e-17
5348.749999999999	5.781538064325806e-17	1.059135125766575e-17
5348.999999999998	5.813093919481803e-17	1.0926647264602894e-17
5349.249999999999	5.889279972343637e-17	1.0566427478628914e-17
5349.5	6.009932181558603e-17	1.1197036063234228e-17
5349.749999999999	6.157218665633281e-17	1.0907780102011172e-17
5349.999999999998	6.306994430464503e-17	1.0935211065484656e-17
5350.249999999999	6.442817431986025e-17	1.124205950397549e-17
5350.499999999998	6.563471868772145e-17	1.1334060186064862e-17
5350.749999999999	6.680386042468522e-17	1.1307750879502e-17
5350.999999999999	6.808083900925292e-17	1.1048702727068769e-17
5351.249999999999	6.954343286008152e-17	1.083922420002339e-17
5351.499999999999	7.115630542979217e-17	1.1463528841180437e-17
5351.749999999999	7.27917313130257e-17	1.1627272552157759e-17
5351.999999999999	7.428942007199469e-17	1.1398892120934931e-17
5352.249999999999	7.551579591077648e-17	1.1526962840815291e-17
5352.499999999999	7.640044874066409e-17	1.1748321335818157e-17
5352.749999999999	7.695106452312327e-17	1.1320721071506832e-17
5352.999999999999	7.725615749449512e-17	1.148623577617563e-17
5353.249999999999	7.747612443558086e-17	1.1454761553867987e-17
5353.499999999999	7.781131762895679e-17	1.1464155844084752e-17
5353.749999999998	7.843668814331684e-17	1.1417478042118385e-17
5353.999999999999	7.941471920169928e-17	1.1067650126179909e-17
5354.249999999999	8.063111005533477e-17	1.167276583148695e-17
5354.499999999999	8.180682377190956e-17	1.1980578762572021e-17
5354.749999999998	8.259961283483149e-17	1.209989129412667e-17
5354.999999999999	8.274261540921372e-17	1.1817304063002016e-17
5355.249999999999	8.214033132880935e-17	1.152226445493599e-17
5355.499999999999	8.088316003867639e-17	1.1601494295548156e-17
5355.749999999998	7.92052647081309e-17	1.1835667472600694e-17
5355.999999999999	7.74291011684446e-17	1.168189294236586e-17
5356.25	7.590761603183283e-17	1.109270542693414e-17
5356.499999999999	7.494943554705398e-17	1.1146404337939857e-17
5356.749999999998	7.473270643827582e-17	1.1333007185145082e-17
5356.999999999999	7.524843328653266e-17	1.1481117182545152e-17
5357.249999999998	7.630872639883154e-17	1.1718896039887808e-17
5357.499999999999	7.760793233779936e-17	1.1987840581169624e-17
5357.749999999998	7.879222001701493e-17	1.1573293226924386e-17
5357.999999999999	7.951587739709002e-17	1.1360314071526683e-17
5358.249999999999	7.950648166737579e-17	1.1984977709069578e-17
5358.499999999999	7.86579988265863e-17	1.2065714672757816e-17
5358.749999999999	7.711120300323021e-17	1.1549300853257286e-17
5358.999999999999	7.523887830844488e-17	1.1358425618188224e-17
5359.249999999999	7.349949590941463e-17	1.1136628717460706e-17
5359.499999999999	7.222862274151549e-17	1.1077003884546658e-17
5359.749999999999	7.149729249017877e-17	1.152912012785283e-17
5359.999999999999	7.111953323312503e-17	1.1441699544815163e-17
5360.249999999999	7.078542221292913e-17	1.1241779916928446e-17
5360.499999999999	7.022671707076875e-17	1.1335065210509114e-17
5360.749999999999	6.932925371464209e-17	1.1447399646416266e-17
5360.999999999999	6.81562032216863e-17	1.0934022406944417e-17
5361.249999999999	6.68933580841941e-17	1.0676775026704713e-17
5361.499999999998	6.57571065826223e-17	1.1075738298209452e-17
5361.749999999999	6.491677218264553e-17	1.0996381071782952e-17
5361.999999999999	6.446744164539372e-17	1.1130911245066739e-17
5362.249999999999	6.444870361295178e-17	1.1567756079903956e-17
5362.499999999998	6.486829593813686e-17	1.0741975056947368e-17
5362.749999999999	6.569240032422239e-17	1.118941938415384e-17
5363.0	6.6806176879793e-17	1.1119965164020825e-17
5363.249999999999	6.798923856572977e-17	1.1350908200781342e-17
5363.499999999998	6.894980143673818e-17	1.1424716699658836e-17
5363.749999999999	6.941553299526453e-17	1.146387625703771e-17
5364.0	6.922834752210902e-17	1.165498144831706e-17
5364.249999999999	6.838306399299306e-17	1.1269106655644748e-17
5364.499999999998	6.699782816536696e-17	1.1110316102175394e-17
5364.749999999999	6.526254333421172e-17	1.1307924587430637e-17
5364.999999999999	6.341605063431002e-17	1.1142680370822144e-17
5365.249999999999	6.174350852342956e-17	1.0945714604902854e-17
5365.499999999999	6.053408456487837e-17	1.0636488022150931e-17
5365.749999999999	5.997227307222169e-17	1.0135816276887897e-17
5365.999999999999	6.003099837966552e-17	1.0901510900148633e-17
5366.249999999999	6.047671919238066e-17	1.1335641755396064e-17
5366.499999999999	6.101587892418112e-17	1.1252672231234545e-17
5366.749999999999	6.147950822564199e-17	1.0682339470685358e-17
5366.999999999999	6.189997126177494e-17	1.0541042959990887e-17
5367.249999999999	6.24292586116832e-17	1.1006851523976649e-17
5367.499999999999	6.318380195539723e-17	1.1180349348737196e-17
5367.749999999999	6.414678523530662e-17	1.0959192685803793e-17
5367.999999999999	6.518687499290936e-17	1.1417320050621387e-17
5368.249999999998	6.614573848163853e-17	1.1644511823303977e-17
5368.499999999999	6.690543809383385e-17	1.101072686514646e-17
5368.749999999999	6.73965523104597e-17	1.0834402564232818e-17
5368.999999999999	6.758569427807178e-17	1.156692807211079e-17
5369.249999999998	6.749837823182959e-17	1.1454051832902417e-17
5369.499999999999	6.726984285757558e-17	1.156817215175207e-17
5369.749999999999	6.714952137222993e-17	1.0851852766435237e-17
5369.999999999999	6.740251545833499e-17	1.0965174028813164e-17
5370.249999999998	6.814677055658188e-17	1.104868370191468e-17
5370.499999999999	6.924086465786249e-17	1.1172159433492308e-17
5370.75	7.031801963292515e-17	1.156954279002707e-17
5370.999999999999	7.096617866583143e-17	1.1398000420234599e-17
5371.249999999998	7.095842629315473e-17	1.1220478361793981e-17
5371.499999999999	7.040224339957667e-17	1.1397638942306913e-17
5371.749999999998	6.971583942687142e-17	1.0827698265368076e-17
5371.999999999999	6.943754326838374e-17	1.0663132336861876e-17
5372.249999999999	6.997850136996891e-17	1.1067134792658288e-17
5372.499999999999	7.146489519737837e-17	1.121729619797749e-17
5372.749999999999	7.374298030472141e-17	1.1836057074669206e-17
5372.999999999999	7.649252751314855e-17	1.1551530932188729e-17
5373.249999999999	7.932839412924825e-17	1.1584387373299947e-17
5373.499999999999	8.182755671626856e-17	1.1704204485028253e-17
5373.749999999999	8.353373563530197e-17	1.1957028930532636e-17
5373.999999999999	8.403577662566903e-17	1.2256613068884029e-17
5374.249999999999	8.313691452757272e-17	1.2349483117797195e-17
5374.499999999999	8.101110992248016e-17	1.1850493030719481e-17
5374.749999999999	7.820745493098156e-17	1.113295934426342e-17
5374.999999999998	7.545680144350459e-17	1.1397417257902749e-17
5375.249999999999	7.337683799524017e-17	1.1136396279708578e-17
5375.499999999999	7.224470092511397e-17	1.1017987029382837e-17
5375.749999999999	7.195928474945547e-17	1.1522180909694122e-17
5375.999999999998	7.21926392800995e-17	1.1743509626194936e-17
5376.249999999999	7.261906129523964e-17	1.1763012890677711e-17
5376.499999999999	7.307905226652792e-17	1.1368216127918402e-17
5376.749999999999	7.359320025766457e-17	1.1331475246650634e-17
5376.999999999998	7.42434945543488e-17	1.1467139484554231e-17
5377.249999999999	7.502089555494381e-17	1.1394957222761016e-17
5377.5	7.575238467685122e-17	1.1263552137831455e-17
5377.749999999999	7.61638682585608e-17	1.217800113218944e-17
5377.999999999998	7.604053439391088e-17	1.1817690356348079e-17
5378.249999999999	7.537397400887407e-17	1.1587773023547127e-17
5378.499999999998	7.439230062673096e-17	1.1072432057301078e-17
5378.749999999999	7.345658802080861e-17	1.121945100347319e-17
5378.999999999998	7.290160404665795e-17	1.1480629973164358e-17
5379.249999999999	7.29190638012548e-17	1.1036319006118238e-17
5379.499999999999	7.352234044224787e-17	1.1398048396710127e-17
5379.749999999999	7.456501233332721e-17	1.1605269547863849e-17
5379.999999999999	7.577664410504455e-17	1.1297230796471551e-17
5380.249999999999	7.681741716057665e-17	1.1486816456965642e-17
5380.499999999999	7.737405952809012e-17	1.196391520913214e-17
5380.749999999999	7.728399089323861e-17	1.2029783601309738e-17
5380.999999999999	7.661917723305995e-17	1.1372844203445636e-17
5381.249999999999	7.56594098083949e-17	1.1385696108622872e-17
5381.499999999999	7.475666796749633e-17	1.1221604154607666e-17
5381.749999999999	7.417256674670203e-17	1.1230843762049883e-17
5381.999999999999	7.398407506666205e-17	1.1445595565500287e-17
5382.249999999999	7.409649888993113e-17	1.1445128208454195e-17
5382.499999999999	7.433670121833502e-17	1.1292636635349432e-17
5382.749999999998	7.45678273900099e-17	1.158189011503065e-17
5382.999999999999	7.476759778467492e-17	1.1640019405397201e-17
5383.249999999999	7.503224903887936e-17	1.097376843537759e-17
5383.499999999999	7.550496408084518e-17	1.1220143353645897e-17
5383.749999999998	7.627079191901701e-17	1.1446146467788248e-17
5383.999999999999	7.728151158934407e-17	1.1374007219386886e-17
5384.25	7.83539896812656e-17	1.1441241286755808e-17
5384.499999999999	7.923837399758041e-17	1.2187104254830585e-17
5384.749999999998	7.97141194249715e-17	1.1322319184450285e-17
5384.999999999999	7.966740754241097e-17	1.1913602775554215e-17
5385.25	7.912572773686835e-17	1.193100003819743e-17
5385.499999999999	7.8245930086508e-17	1.1857018658571912e-17
5385.749999999998	7.725695136601778e-17	1.1570594136585626e-17
5385.999999999999	7.636465877182069e-17	1.1053508646427702e-17
5386.249999999999	7.565151077663057e-17	1.1541809078449393e-17
5386.499999999999	7.502904824459916e-17	1.1487154773836177e-17
5386.749999999999	7.428720321773218e-17	1.151629965553887e-17
5386.999999999999	7.322563357992899e-17	1.1614094737819177e-17
5387.249999999999	7.179122380674934e-17	1.167385440117307e-17
5387.499999999999	7.013463941293385e-17	1.143714343400122e-17
5387.749999999999	6.855024573063228e-17	1.0919652625343146e-17
5387.999999999999	6.734097104254558e-17	1.0976444364659199e-17
5388.249999999999	6.66939186367386e-17	1.1228874245011394e-17
5388.499999999999	6.663111622878363e-17	1.1062280069643214e-17
5388.749999999999	6.703745039420392e-17	1.1248479252709513e-17
5388.999999999999	6.772318781167896e-17	1.104017863085641e-17
5389.249999999999	6.848303038291728e-17	1.0930529223217606e-17
5389.499999999998	6.914529674954167e-17	1.1795436716328564e-17
5389.749999999999	6.962006783701572e-17	1.0714059365634929e-17
5389.999999999999	6.993887810703509e-17	1.181286623901567e-17
5390.249999999999	7.025310554891576e-17	1.1502682608295022e-17
5390.499999999998	7.076051234804645e-17	1.1075075726538797e-17
5390.749999999999	7.157658909893307e-17	1.0847797927072502e-17
5390.999999999999	7.262954942250719e-17	1.1087983879997687e-17
5391.249999999999	7.366783300099389e-17	1.2023256319096082e-17
5391.499999999998	7.439251690122031e-17	1.1848323335972755e-17
5391.749999999999	7.4622983363366e-17	1.1221809295399579e-17
5392.0	7.43761594782596e-17	1.1465595138350594e-17
5392.249999999999	7.381610200265029e-17	1.147903020585968e-17
5392.499999999998	7.313141532817236e-17	1.1312156443444458e-17
5392.749999999999	7.243284062684245e-17	1.135398531266004e-17
5392.999999999998	7.172665868162268e-17	1.1462257464578943e-17
5393.249999999999	7.096467192254308e-17	1.1098870404039498e-17
5393.499999999999	7.013288303606501e-17	1.1677730569523494e-17
5393.749999999999	6.932050194716583e-17	1.0976604837698034e-17
5393.999999999999	6.871558537004276e-17	1.0672748311482805e-17
5394.249999999999	6.851743366265184e-17	1.0917120625488121e-17
5394.499999999999	6.881869637039685e-17	1.1074197260728266e-17
5394.749999999999	6.953459355372431e-17	1.1298603089107777e-17
5394.999999999999	7.041695932437713e-17	1.1393862862810608e-17
5395.249999999999	7.113276044337861e-17	1.115647526189769e-17
5395.499999999999	7.137086093874876e-17	1.1415722764858547e-17
5395.749999999999	7.095916249180414e-17	1.1475455958432839e-17
5395.999999999999	6.996901402545958e-17	1.1496898961452051e-17
5396.249999999998	6.874434197251795e-17	1.1584925040698107e-17
5396.499999999999	6.778710001979066e-17	1.040720265533797e-17
5396.749999999999	6.751234897637685e-17	1.0797564902833382e-17
5396.999999999999	6.800476849739e-17	1.1109794151208873e-17
5397.249999999998	6.894676565935612e-17	1.1172848474942565e-17
5397.499999999999	6.978870499328999e-17	1.1488109340263063e-17
5397.749999999999	7.006247599095863e-17	1.1810459970613753e-17
5397.999999999999	6.963547267695802e-17	1.1487967892378316e-17
5398.249999999998	6.874741008555781e-17	1.0728022174374824e-17
5398.499999999999	6.783073831128937e-17	1.1145641677415083e-17
5398.75	6.725941208438034e-17	1.1128900368997623e-17
5398.999999999999	6.719199609820371e-17	1.1259162290320636e-17
5399.249999999998	6.757658642202015e-17	1.1219952274924397e-17
5399.499999999999	6.826456918699878e-17	1.1213194209319839e-17
5399.749999999998	6.912981975457212e-17	1.1534365280117028e-17
5399.999999999999	7.01228634225443e-17	1.0560323712888886e-17
5400.249999999999	7.12545377862424e-17	1.158244101731861e-17
5400.499999999999	7.254467395271975e-17	1.1479556292729264e-17
5400.749999999999	7.396957671998415e-17	1.1271170471273068e-17
5400.999999999999	7.542137688887969e-17	1.1426657265375886e-17
5401.249999999999	7.668725614504261e-17	1.1628315626910188e-17
5401.499999999999	7.747147800685953e-17	1.1370106235618086e-17
5401.749999999999	7.748596012113677e-17	1.1784942275897104e-17
5401.999999999999	7.659565016609784e-17	1.192655476958557e-17
5402.249999999999	7.494140626716183e-17	1.1837201065456367e-17
5402.499999999999	7.293988800224728e-17	1.1202445824440325e-17
5402.749999999999	7.112484508648399e-17	1.0852272147005801e-17
5402.999999999999	6.991227897977639e-17	1.1034496727228783e-17
5403.249999999999	6.94391357737338e-17	1.0821824455838337e-17
5403.499999999999	6.957069724029661e-17	1.1616344669085321e-17
5403.749999999999	7.004206440812851e-17	1.1641543899266136e-17
5403.999999999998	7.061641884380508e-17	1.0846897127385432e-17
5404.249999999999	7.117203560263838e-17	1.1259982026307676e-17
5404.499999999999	7.171094880106482e-17	1.1755472312213677e-17
5404.749999999999	7.231837257796437e-17	1.115124913478758e-17
5404.999999999998	7.308558921706709e-17	1.0692082003940007e-17
5405.249999999999	7.400941527563734e-17	1.1206230175742755e-17
5405.5	7.492103714612687e-17	1.1517280691745358e-17
5405.749999999999	7.551235890167366e-17	1.1467086544995028e-17
5405.999999999998	7.54705342853073e-17	1.1598590891598095e-17
5406.249999999999	7.464621806373416e-17	1.1675306930328713e-17
5406.5	7.315003586920631e-17	1.146946551643673e-17
5406.749999999999	7.131869693203128e-17	1.1341204545015483e-17
5406.999999999998	6.957373984152319e-17	1.0871197212240402e-17
5407.249999999999	6.825641453971732e-17	1.0866009962619082e-17
5407.499999999999	6.752903675542616e-17	1.1043436895289256e-17
5407.749999999999	6.738364260340079e-17	1.1125104437166617e-17
5407.999999999999	6.772551988825985e-17	1.1082950485970302e-17
5408.249999999999	6.845562283844468e-17	1.1069255683748874e-17
5408.499999999999	6.9493826107945e-17	1.1222117006587448e-17
5408.749999999999	7.07436162377328e-17	1.130999915640692e-17
5408.999999999999	7.204714099184812e-17	1.1264357811748081e-17
5409.249999999999	7.318364967598504e-17	1.1473837993154685e-17
5409.499999999999	7.392553081144279e-17	1.1642032763008155e-17
5409.749999999999	7.411583413170446e-17	1.1606373006800994e-17
5409.999999999999	7.371312345375713e-17	1.1347721901061788e-17
5410.249999999999	7.278389278126358e-17	1.0878861040615706e-17
5410.499999999999	7.1472328630344e-17	1.1634551741548226e-17
5410.749999999998	6.99795648312243e-17	1.1400809525594829e-17
5410.999999999999	6.853808852206246e-17	1.1171353759575682e-17
5411.249999999999	6.734662118377811e-17	1.0617072438813086e-17
5411.499999999999	6.64833176686529e-17	1.0617053413658997e-17
5411.749999999998	6.587483173128689e-17	1.1875138049889886e-17
5411.999999999999	6.536815260909924e-17	1.1007238644503323e-17
5412.249999999999	6.484801957786588e-17	1.1271251534973098e-17
5412.499999999999	6.428998542489113e-17	1.1050160219308087e-17
5412.749999999998	6.370862135569101e-17	1.0806058393363076e-17
5412.999999999999	6.3074161198516e-17	1.1003454293200893e-17
5413.25	6.230147921876154e-17	1.1389777417765209e-17
5413.499999999999	6.133507099547403e-17	1.126514446051062e-17
5413.749999999998	6.025316058216643e-17	1.0861674709028692e-17
5413.999999999999	5.929286561700322e-17	1.1107436686463097e-17
5414.249999999998	5.876753287586866e-17	1.0416850890002788e-17
5414.499999999999	5.893408298587285e-17	1.0954628303183726e-17
5414.749999999999	5.989496092529875e-17	1.1152226035091005e-17
5414.999999999999	6.157622225303484e-17	1.0607003169216478e-17
5415.249999999999	6.376483280053306e-17	1.1079310891275069e-17
5415.499999999999	6.616821672463057e-17	1.046760586520843e-17
5415.749999999999	6.847585075168489e-17	1.1158883184660832e-17
5415.999999999999	7.041693948956551e-17	1.1417766728152166e-17
5416.249999999999	7.180154323119288e-17	1.1583278124098514e-17
5416.499999999999	7.252840637446844e-17	1.1402968466993592e-17
5416.749999999999	7.256494020748894e-17	1.1213329866940298e-17
5416.999999999999	7.193246919663139e-17	1.1882349410470124e-17
5417.249999999999	7.072047652217869e-17	1.1060424703529258e-17
5417.499999999998	6.910801312841255e-17	1.1561696981917005e-17
5417.749999999999	6.734620992816107e-17	1.102777919347424e-17
5417.999999999999	6.56925963595777e-17	1.0932454072503017e-17
5418.249999999999	6.434473006420697e-17	1.1099519740820352e-17
5418.499999999998	6.342260601473008e-17	1.095945076615491e-17
5418.749999999999	6.299020828953325e-17	1.0790140956835718e-17
5418.999999999999	6.306274878758557e-17	1.11123658557333e-17
5419.249999999999	6.357624642792276e-17	1.0999407725644284e-17
5419.499999999998	6.436269355755399e-17	1.1157070831938729e-17
5419.749999999999	6.51904356789108e-17	1.1233209498601785e-17
5420.0	6.586794626924674e-17	1.1335409317643936e-17
5420.249999999999	6.633629428264546e-17	1.136810197699387e-17
5420.499999999998	6.667496226538939e-17	1.0687233071189221e-17
5420.749999999999	6.702271920160758e-17	1.1128646424549569e-17
5420.999999999998	6.748807383137786e-17	1.1272703236948129e-17
5421.249999999999	6.811509626014107e-17	1.136276914358474e-17
5421.499999999999	6.88971432004769e-17	1.1380911695959866e-17
5421.749999999999	6.978554947483275e-17	1.1289691872368743e-17
5421.999999999999	7.067681117801107e-17	1.1169155940688128e-17
5422.249999999999	7.142593290157951e-17	1.1410600862505619e-17
5422.499999999999	7.192777574774794e-17	1.1590842690800311e-17
5422.749999999999	7.221926487437579e-17	1.1548564662512113e-17
5422.999999999999	7.248884625711114e-17	1.1021271763595285e-17
5423.249999999999	7.293919726238963e-17	1.0698815254126189e-17
5423.499999999999	7.359487118143527e-17	1.118574504787288e-17
5423.749999999999	7.422208008364609e-17	1.1910677864908227e-17
5423.999999999999	7.444246973019254e-17	1.1077285953135539e-17
5424.249999999998	7.396044125317214e-17	1.2027430272467024e-17
5424.499999999999	7.274110442813148e-17	1.1344122011035957e-17
5424.749999999999	7.103191253342553e-17	1.102808690466211e-17
5424.999999999999	6.924114084414226e-17	1.1118672280723404e-17
5425.249999999998	6.776530111124097e-17	1.1112647097141568e-17
5425.499999999999	6.685592624801981e-17	1.0818511597485062e-17
5425.749999999999	6.657037233418867e-17	1.1001941379860534e-17
5425.999999999999	6.68120608447081e-17	1.0700051889141956e-17
5426.249999999998	6.743875511156086e-17	1.1764326453490445e-17
5426.499999999999	6.838031903268805e-17	1.128971999650957e-17
5426.75	6.96788810084445e-17	1.0975120048498502e-17
5426.999999999999	7.14045853509586e-17	1.118682120984981e-17
5427.249999999998	7.350920062972024e-17	1.1067719609351363e-17
5427.499999999999	7.575180965553346e-17	1.1560892135180991e-17
5427.749999999998	7.777141769523051e-17	1.206651951949383e-17
5427.999999999999	7.924266575046885e-17	1.1407473292609556e-17
5428.249999999998	7.99821204295588e-17	1.1409901894888012e-17
5428.499999999999	7.994019015232933e-17	1.1857276738923029e-17
5428.749999999999	7.91306691697519e-17	1.1973561789435733e-17
5428.999999999999	7.759314381961044e-17	1.151609865065002e-17
5429.249999999999	7.542976062803043e-17	1.1316830841085995e-17
5429.499999999999	7.287466258066291e-17	1.1538968540225886e-17
5429.749999999999	7.031048130258811e-17	1.1351538512408108e-17
5429.999999999999	6.817177174150214e-17	1.0808443155069067e-17
5430.249999999999	6.676387098539121e-17	1.050490509338967e-17
5430.499999999999	6.611802374290994e-17	1.0958759243162815e-17
5430.749999999999	6.600297695338289e-17	1.1756943039342797e-17
5430.999999999999	6.609070269343941e-17	1.1315622330211055e-17
5431.249999999999	6.614143811263452e-17	1.122514366044878e-17
5431.499999999999	6.607431416347569e-17	1.0943208247646819e-17
5431.749999999999	6.591781767959351e-17	1.1328422123009701e-17
5431.999999999998	6.573526687648878e-17	1.1371184879136855e-17
5432.249999999999	6.559303130773267e-17	1.0980102157327909e-17
5432.499999999999	6.555395293276083e-17	1.09361035933656e-17
5432.749999999999	6.565765131696838e-17	1.0749104526646963e-17
5432.999999999998	6.589774382774285e-17	1.1705239287974557e-17
5433.249999999999	6.623075581274312e-17	1.095253967213703e-17
5433.499999999999	6.661229098347067e-17	1.0870561110349349e-17
5433.749999999999	6.701442574912457e-17	1.1147367176172869e-17
5433.999999999998	6.739829597248319e-17	1.1052279456037448e-17
5434.249999999999	6.767759804465998e-17	1.0718733763276466e-17
5434.5	6.773652320586383e-17	1.1259042349131816e-17
5434.749999999999	6.751498767399046e-17	1.1923002856035267e-17
5434.999999999998	6.70867794870845e-17	1.0814133330502819e-17
5435.249999999999	6.663350621632709e-17	1.047365172830558e-17
5435.499999999998	6.63097324365496e-17	1.0882920015881504e-17
5435.749999999999	6.611748631259801e-17	1.1194281551794426e-17
5435.999999999999	6.591633375042655e-17	1.1200607829119232e-17
5436.249999999999	6.556392514371883e-17	1.1472679113116499e-17
5436.499999999999	6.505297215149647e-17	1.0996721870195324e-17
5436.749999999999	6.452387882451059e-17	1.076048239597263e-17
5436.999999999999	6.416063678912823e-17	1.1040778336800511e-17
5437.249999999999	6.407560511784163e-17	1.1188733651426033e-17
5437.499999999999	6.427146038527522e-17	1.1035687040130247e-17
5437.749999999999	6.468508650131109e-17	1.105647574328493e-17
5437.999999999999	6.525914193083512e-17	1.126328826721605e-17
5438.249999999999	6.598203744751152e-17	1.1508842622316704e-17
5438.499999999999	6.686633143559414e-17	1.1186851815532475e-17
5438.749999999998	6.788348342027821e-17	1.0982157701150103e-17
5438.999999999999	6.891949263747274e-17	1.1372632445208822e-17
5439.249999999999	6.981388066200214e-17	1.1797273884469045e-17
5439.499999999999	7.04719544166995e-17	1.1400553099604937e-17
5439.749999999998	7.095977701455031e-17	1.13939149751892e-17
5439.999999999999	7.149240694068316e-17	1.1437921810957633e-17
5440.249999999999	7.23121522559183e-17	1.11817861614612e-17
5440.499999999999	7.353824477094328e-17	1.1250931843225733e-17
5440.749999999998	7.508379499526051e-17	1.1472536010870527e-17
5440.999999999999	7.668932440017539e-17	1.1636862884179699e-17
5441.25	7.805598655389131e-17	1.1740777448631673e-17
5441.499999999999	7.900175173722067e-17	1.1984235728060118e-17
5441.749999999998	7.953731247781507e-17	1.1406388858826499e-17
5441.999999999999	7.980275304602034e-17	1.1389938717984657e-17
5442.249999999998	7.991430052347367e-17	1.1372363611509743e-17
5442.499999999999	7.985353228764207e-17	1.179977031555773e-17
5442.749999999999	7.94956221226754e-17	1.2224386112218963e-17
5442.999999999999	7.874305221933156e-17	1.1545329559136418e-17
5443.249999999999	7.763886381522807e-17	1.1251501770667782e-17
5443.499999999999	7.63658327773776e-17	1.176124024262501e-17
5443.749999999999	7.514299323335648e-17	1.1235137656609646e-17
5443.999999999999	7.410150670026843e-17	1.1220638834832816e-17
5444.249999999999	7.321895474436543e-17	1.1409223606785718e-17
5444.499999999999	7.234674459554069e-17	1.1373936909034819e-17
5444.749999999999	7.131327533798049e-17	1.1460479026261954e-17
5444.999999999999	7.00415842075108e-17	1.155261371161056e-17
5445.249999999999	6.860571852526488e-17	1.1054762652236332e-17
5445.499999999998	6.718518682387929e-17	1.1093594646092634e-17
5445.749999999999	6.594714555676486e-17	1.0950676034216947e-17
5445.999999999999	6.494105914658793e-17	1.0916188392937774e-17
5446.249999999999	6.408402499169551e-17	1.1124673476067477e-17
5446.499999999998	6.324734851504838e-17	1.1164193684193423e-17
5446.749999999999	6.237830247498573e-17	1.091578555597946e-17
5446.999999999999	6.156767728232289e-17	1.0268233830887223e-17
5447.249999999999	6.101841745912944e-17	1.0661531742376586e-17
5447.499999999998	6.093693217969874e-17	1.0781314112519165e-17
5447.749999999999	6.140407408418745e-17	1.0736246004024826e-17
5448.0	6.228415435360558e-17	1.0795511840553025e-17
5448.249999999999	6.322167407443576e-17	1.0908163913815397e-17
5448.499999999998	6.375215277783257e-17	1.1340884426118425e-17
5448.749999999999	6.349529523565596e-17	1.1089029436291954e-17
5448.999999999998	6.233381505745459e-17	1.1403255498666148e-17
5449.249999999999	6.047787238144451e-17	1.0802310438007599e-17
5449.499999999998	5.838987181771266e-17	1.0508852399272774e-17
5449.749999999999	5.662501066402989e-17	1.1018520560877934e-17
5449.999999999999	5.565871311417082e-17	1.0804483441476775e-17
5450.249999999999	5.574312955416721e-17	9.872819164210337e-18
5450.499999999999	5.682568211304887e-17	1.0896178893920116e-17
5450.749999999999	5.857341092894624e-17	1.1015030685873573e-17
5450.999999999999	6.051818245555538e-17	1.1002591543822e-17
5451.249999999999	6.225948673781081e-17	1.1159486199327383e-17
5451.499999999999	6.36085256473885e-17	1.1210702741314829e-17
5451.749999999999	6.459505292154596e-17	1.0902967565207339e-17
5451.999999999999	6.535849665404126e-17	1.1242241483710251e-17
5452.249999999999	6.601794424280933e-17	1.0944871707858663e-17
5452.499999999999	6.660496229838554e-17	1.1283633601562405e-17
5452.749999999999	6.7074361113185e-17	1.1115117058450652e-17
5452.999999999999	6.735400663969797e-17	1.0962165572925309e-17
5453.249999999998	6.739628169466933e-17	1.1258121697110044e-17
5453.499999999999	6.721853795936994e-17	1.1528689166753689e-17
5453.749999999999	6.691727944623794e-17	1.1220440311485803e-17
5453.999999999999	6.662434587231471e-17	1.1140217854138573e-17
5454.249999999998	6.6403498439697e-17	1.0748542043830427e-17
5454.499999999999	6.616388102930457e-17	1.1007791201152509e-17
5454.75	6.569840864499209e-17	1.1329440382343754e-17
5454.999999999999	6.4862180980786e-17	1.1347456376085158e-17
5455.249999999998	6.375358290768477e-17	1.1336244770062615e-17
5455.499999999999	6.271753635670263e-17	1.0071230841840369e-17
5455.75	6.21362689892459e-17	1.050755538007229e-17
5455.999999999999	6.217629053735305e-17	1.1171639964067625e-17
5456.249999999998	6.270329610008581e-17	1.140975217519714e-17
5456.499999999999	6.341088480204085e-17	1.1223787911424806e-17
5456.749999999999	6.401809658892531e-17	1.0986001609456637e-17
5456.999999999999	6.436894420933279e-17	1.1004080468924596e-17
5457.249999999999	6.439973863343431e-17	1.101927412241597e-17
5457.499999999999	6.406111527615155e-17	1.1148466499206952e-17
5457.749999999999	6.328772179924863e-17	1.1284643589090332e-17
5457.999999999999	6.204065974702135e-17	1.0930981691012672e-17
5458.249999999999	6.039119466992281e-17	1.0790672006788977e-17
5458.499999999999	5.859403833394315e-17	1.099879395762977e-17
5458.749999999999	5.709153209857037e-17	1.08276866848395e-17
5458.999999999999	5.639790620044502e-17	1.098830613464321e-17
5459.249999999999	5.687361462902958e-17	9.774769310301364e-18
5459.499999999999	5.850741703035267e-17	1.067200798483457e-17
5459.749999999999	6.08744217752581e-17	1.1384241097925392e-17
5459.999999999998	6.333229561090843e-17	1.1423331999313423e-17
5460.249999999999	6.53223766985912e-17	1.1188432557683064e-17
5460.499999999999	6.65595436911001e-17	1.119186866594761e-17
5460.749999999999	6.702091103566186e-17	1.1091080017030473e-17
5460.999999999998	6.683428731122502e-17	1.1279728481890542e-17
5461.249999999999	6.621028664136072e-17	1.1220976324522738e-17
5461.499999999999	6.543530932717598e-17	1.110752850351109e-17
5461.749999999999	6.482688303399357e-17	1.0862582953341275e-17
5461.999999999998	6.459899569048994e-17	1.0546625601945008e-17
5462.249999999999	6.4732378312066e-17	1.0605439797858753e-17
5462.5	6.499756254356198e-17	1.1408082924721008e-17
5462.749999999999	6.514550447180952e-17	1.1385054216467531e-17
5462.999999999998	6.509886202356364e-17	1.0798107533315217e-17
5463.249999999999	6.496253704425118e-17	1.0654153291312613e-17
5463.499999999998	6.485659582507017e-17	1.080416414976033e-17
5463.749999999999	6.475545480046681e-17	1.1187544992885795e-17
5463.999999999999	6.449796606546121e-17	1.1682138615007789e-17
5464.249999999999	6.39514835649193e-17	1.0434614593657364e-17
5464.499999999999	6.317313537294734e-17	1.113432667381597e-17
5464.749999999999	6.243539096889484e-17	1.089113557372538e-17
5464.999999999999	6.210630717389747e-17	1.0692187055877801e-17
5465.249999999999	6.246841723596646e-17	1.0899626582713237e-17
5465.499999999999	6.35732490735241e-17	1.0892195192090061e-17
5465.749999999999	6.519382662384156e-17	1.0234759485858427e-17
5465.999999999999	6.689675274597506e-17	1.1323447458805807e-17
5466.249999999999	6.821664551265178e-17	1.1371703521380925e-17
5466.499999999999	6.88698922401662e-17	1.1324177032106079e-17
5466.749999999998	6.8901869790586e-17	1.1235516505330195e-17
5466.999999999999	6.866396846821863e-17	1.0919554190850252e-17
5467.249999999999	6.860229289121421e-17	1.0698881428575193e-17
5467.499999999999	6.89770325233936e-17	1.1070529541892206e-17
5467.749999999998	6.970575026549871e-17	1.1571924243010611e-17
5467.999999999999	7.044236081170632e-17	1.183042728342017e-17
5468.249999999999	7.082140238989089e-17	1.1278352053351253e-17
5468.499999999999	7.068245206787887e-17	1.1338344981637887e-17
5468.749999999998	7.013693328225718e-17	1.1361471297203644e-17
5468.999999999999	6.9474431451302e-17	1.1170626667817248e-17
5469.25	6.899845168131513e-17	1.1086976374011598e-17
5469.499999999999	6.889126638164896e-17	1.0858366813759092e-17
5469.749999999998	6.916995915882308e-17	1.1116035228930585e-17
5469.999999999999	6.974002283588515e-17	1.1296942937618383e-17
5470.249999999998	7.049320874673936e-17	1.131340135026635e-17
5470.499999999999	7.136794534910865e-17	1.120740146349013e-17
5470.749999999998	7.232613926184468e-17	1.1011713691617235e-17
5470.999999999999	7.327581643217768e-17	1.0975182914225056e-17
5471.249999999999	7.401749341905527e-17	1.1689450064442145e-17
5471.499999999999	7.42757151701331e-17	1.1614075712665088e-17
5471.749999999999	7.382012566569864e-17	1.1450375015079619e-17
5471.999999999999	7.26237128796093e-17	1.13307415374473e-17
5472.249999999999	7.096546623466772e-17	1.1458489656888764e-17
5472.499999999999	6.937790683431556e-17	1.1180647960938327e-17
5472.749999999999	6.840857082985975e-17	1.0343663603765321e-17
5472.999999999999	6.83094837995053e-17	1.0786632883857881e-17
5473.249999999999	6.887577359217656e-17	1.1358895456776154e-17
5473.499999999999	6.957911666579855e-17	1.1783105107756624e-17
5473.749999999999	6.990614450957543e-17	1.1517920929539474e-17
5473.999999999999	6.963933928629905e-17	1.1091080017030473e-17
5474.249999999999	6.889039750563249e-17	1.1074151765794575e-17
5474.499999999998	6.792865885573524e-17	1.1300608174912605e-17
5474.749999999999	6.698949658210771e-17	1.0893396258339488e-17
5474.999999999999	6.618506701433708e-17	1.1733281537920717e-17
5475.249999999999	6.550233520519853e-17	1.0446263778223949e-17
5475.499999999998	6.483347470519953e-17	1.1076189111643293e-17
5475.749999999999	6.403681956481582e-17	1.136970918892406e-17
5476.0	6.303733637418923e-17	1.1122849542816797e-17
5476.249999999999	6.190272498798346e-17	1.0934459985488458e-17
5476.499999999998	6.07972958191238e-17	1.045307809211016e-17
5476.749999999999	5.981965357897729e-17	1.0191408604315748e-17
5477.0	5.887702588028796e-17	1.1095820589121015e-17
5477.249999999999	5.775080428394391e-17	1.098807617843292e-17
5477.499999999998	5.632637285888557e-17	1.0985147959064482e-17
5477.749999999999	5.4775572402449586e-17	1.0675494551116481e-17
5477.999999999999	5.349794310999302e-17	9.93655756631061e-18
5478.249999999999	5.2848688452327325e-17	1.0079543179815914e-17
5478.499999999999	5.289180049510591e-17	1.0227177548363766e-17
5478.749999999999	5.3402226563125476e-17	1.0933845390293331e-17
5478.999999999999	5.411092592592445e-17	1.089429126776227e-17
5479.249999999999	5.4967608369409725e-17	1.0375767310519117e-17
5479.499999999999	5.619724398512194e-17	1.01594595803365e-17
5479.749999999999	5.812562949691753e-17	1.0569773424206691e-17
5479.999999999999	6.093525356784806e-17	1.0940615863607077e-17
5480.249999999999	6.452806748230343e-17	1.0771360648208315e-17
5480.499999999999	6.855621144324955e-17	1.1441017120809806e-17
5480.749999999999	7.256858417300159e-17	1.1227647536162978e-17
5480.999999999999	7.617581703166674e-17	1.1535245400288785e-17
5481.249999999998	7.914445057290919e-17	1.1697573805238028e-17
5481.499999999999	8.137658463567262e-17	1.1524489570783757e-17
5481.749999999999	8.280695532507202e-17	1.177829587967524e-17
5481.999999999999	8.331531094650487e-17	1.1260233489213892e-17
5482.249999999998	8.27475228300832e-17	1.186986146476241e-17
5482.499999999999	8.105125725777926e-17	1.168107320637882e-17
5482.749999999999	7.842789059253607e-17	1.1501881070281458e-17
5482.999999999999	7.537402673156622e-17	1.1304256868594577e-17
5483.249999999998	7.255999093192782e-17	1.1002213522282064e-17
5483.499999999999	7.060396614461303e-17	1.0756505311587475e-17
5483.75	6.986171980571087e-17	1.0465346834955547e-17
5483.999999999999	7.033341644362963e-17	1.1006452822921398e-17
5484.249999999998	7.171894061253155e-17	1.1065831156012904e-17
5484.499999999999	7.357199459185406e-17	1.1506950860255796e-17
5484.749999999998	7.545342630730865e-17	1.1591518497360767e-17
5484.999999999999	7.700597056647406e-17	1.142427746675357e-17
5485.249999999999	7.795732053327788e-17	1.1706356808982116e-17
5485.499999999999	7.812176522410953e-17	1.1818204862689087e-17
5485.749999999999	7.744008496855341e-17	1.1435344316168918e-17
5485.999999999999	7.601593800045222e-17	1.1489468398009487e-17
5486.249999999999	7.408663946129094e-17	1.1228301008846895e-17
5486.499999999999	7.193670110722435e-17	1.1191827306916982e-17
5486.749999999999	6.982893180994316e-17	1.1402894020738462e-17
5486.999999999999	6.800086435397718e-17	1.1245729704353387e-17
5487.249999999999	6.66907671423501e-17	1.0224371751725986e-17
5487.499999999999	6.612380325875e-17	1.0925580201612701e-17
5487.749999999999	6.64357339354116e-17	1.090558890056852e-17
5487.999999999998	6.757174653220937e-17	1.094588500410904e-17
5488.249999999999	6.922187192862906e-17	1.1101189818477096e-17
5488.499999999999	7.085741409200017e-17	1.124796970945218e-17
5488.749999999999	7.191003758353407e-17	1.149115419209787e-17
5488.999999999998	7.20413763808804e-17	1.217774222465771e-17
5489.249999999999	7.132862471210362e-17	1.1059068954505283e-17
5489.499999999999	7.020066024325686e-17	1.0669159174804938e-17
5489.749999999999	6.916143816849346e-17	1.0867048901468449e-17
5489.999999999998	6.853666072184957e-17	1.1283531031166448e-17
5490.249999999999	6.843475419707174e-17	1.1384169960392712e-17
5490.5	6.886837182693074e-17	1.109275092186783e-17
5490.749999999999	6.982928284863337e-17	1.1032559470234184e-17
5490.999999999998	7.121494628712461e-17	1.0781358780272243e-17
5491.249999999999	7.271783978983901e-17	1.1348512685727389e-17
5491.499999999998	7.384901252901231e-17	1.1832190832486133e-17
5491.749999999999	7.412046880539364e-17	1.1602479467657707e-17
5491.999999999998	7.324620015082881e-17	1.1223282504070536e-17
5492.249999999999	7.122702705641277e-17	1.1282800630685564e-17
5492.499999999999	6.832152723300521e-17	1.1338003356044902e-17
5492.749999999999	6.498438863039782e-17	1.1037312450033914e-17
5492.999999999999	6.179861372157752e-17	1.0613191307378987e-17
5493.249999999999	5.936221047742534e-17	1.0604928600240195e-17
5493.499999999999	5.813061228684432e-17	1.0411539563289585e-17
5493.749999999999	5.830101983593867e-17	1.0524515891352078e-17
5493.999999999999	5.981626716003386e-17	1.0890295158223026e-17
5494.249999999999	6.245614717555192e-17	1.0631445529136808e-17
5494.499999999999	6.590772378512624e-17	1.0708763755353364e-17
5494.749999999998	6.976024023938269e-17	1.1108223335225635e-17
5494.999999999999	7.349024697854859e-17	1.1504559481104905e-17
5495.249999999999	7.654053628252192e-17	1.1853183849252116e-17
5495.499999999999	7.849979034108033e-17	1.1907852215935746e-17
5495.749999999998	7.926231141281576e-17	1.1706945761578254e-17
5495.999999999999	7.903062467044733e-17	1.1524601240166452e-17
5496.249999999999	7.81459360440173e-17	1.1335199213768348e-17
5496.499999999999	7.688184462660972e-17	1.1004358401610414e-17
5496.749999999998	7.537064575351552e-17	1.1669731733000106e-17
5496.999999999999	7.370650401637108e-17	1.137348361405914e-17
5497.25	7.209971983643002e-17	1.1002369859417836e-17
5497.499999999999	7.090940275259227e-17	1.0986158773773022e-17
5497.749999999998	7.050168636104541e-17	1.0822636747199864e-17
5497.999999999999	7.103981917773583e-17	1.0932765092413337e-17
5498.249999999998	7.2362607454586e-17	1.1383647182245579e-17
5498.499999999999	7.402900643747855e-17	1.1069085284542688e-17
5498.749999999998	7.548868216907577e-17	1.1701799043806949e-17
5498.999999999999	7.627011307934488e-17	1.1725199156155462e-17
5499.249999999999	7.609376883509549e-17	1.1281961042363822e-17
5499.499999999999	7.489676948613089e-17	1.1478179864189976e-17
5499.749999999999	7.282464500987816e-17	1.1440570443279028e-17
5499.999999999999	7.022997049906225e-17	1.1112183875998538e-17
5500.249999999999	6.763677142542403e-17	1.098085406450472e-17
5500.499999999999	6.560329946286719e-17	1.0732238313957007e-17
5500.749999999999	6.450889243328924e-17	1.0604665556805403e-17
5500.999999999999	6.440087829165367e-17	1.0765644830175573e-17
5501.249999999999	6.50160135226482e-17	1.1075011206451018e-17
5501.499999999999	6.59478616346444e-17	1.1072979650866588e-17
5501.749999999999	6.68296073363764e-17	1.077020259535074e-17
5501.999999999999	6.744078705726071e-17	1.140526472037404e-17
5502.249999999999	6.774251412320168e-17	1.1110710667327582e-17
5502.499999999998	6.786931250869619e-17	1.101946520113747e-17
5502.749999999999	6.806352075819512e-17	1.108675386242682e-17
5502.999999999999	6.853564757628394e-17	1.0982750789649303e-17
5503.249999999999	6.929972466940866e-17	1.1036704472283687e-17
5503.499999999998	7.007509731831995e-17	1.1481064242985949e-17
5503.749999999999	7.029781356627486e-17	1.1320139563536207e-17
5503.999999999999	6.921223269204666e-17	1.100363461857443e-17
5504.249999999999	6.602111865607002e-17	1.1367576717304898e-17
5504.499999999998	6.01290390418378e-17	1.1444894116340842e-17
5504.749999999999	5.147442781940609e-17	1.0931774130039498e-17
5505.0	4.0782177867064125e-17	1.0862077545987005e-17
5505.249999999999	2.948023614687445e-17	100000.0
5505.499999999998	1.9205307360635083e-17	100000.0
5505.749999999999	1.1161119918471967e-17	100000.0
5505.999999999998	5.738676845642801e-18	100000.0
5506.249999999999	2.5934768734206662e-18	100000.0
5506.499999999999	1.0248458569322263e-18	100000.0
5506.749999999999	3.5264981906846347e-19	100000.0
5506.999999999999	1.053166255046658e-19	100000.0
5507.249999999999	2.7223498337565354e-20	100000.0
5507.499999999999	6.07616373657999e-21	100000.0
5507.749999999999	1.1666520937653506e-21	100000.0
5507.999999999999	1.9004523076082055e-22	100000.0
5508.249999999999	2.426431404126662e-23	100000.0
5508.499999999999	0.0	100000.0
5508.749999999999	0.0	100000.0
5508.999999999999	0.0	100000.0
5509.249999999998	0.0	100000.0
5509.499999999999	0.0	100000.0
5509.749999999999	0.0	100000.0
5509.999999999999	0.0	100000.0
5510.249999999998	0.0	100000.0
5510.499999999999	0.0	100000.0
5510.749999999999	0.0	100000.0
5510.999999999999	0.0	100000.0
5511.249999999998	0.0	100000.0
5511.499999999999	0.0	100000.0
5511.75	0.0	100000.0
5511.999999999999	0.0	100000.0
5512.249999999998	0.0	100000.0
5512.499999999999	0.0	100000.0
5512.749999999998	0.0	100000.0
5512.999999999999	0.0	100000.0
5513.249999999999	0.0	100000.0
5513.499999999999	0.0	100000.0
5513.749999999999	0.0	100000.0
5513.999999999999	0.0	100000.0
5514.249999999999	0.0	100000.0
5514.499999999999	0.0	100000.0
5514.749999999999	0.0	100000.0
5514.999999999999	0.0	100000.0
5515.249999999999	0.0	100000.0
5515.499999999999	0.0	100000.0
5515.749999999999	0.0	100000.0
5515.999999999998	0.0	100000.0
5516.249999999999	0.0	100000.0
5516.499999999999	0.0	100000.0
5516.749999999999	0.0	100000.0
5516.999999999998	0.0	100000.0
5517.249999999999	0.0	100000.0
5517.499999999999	0.0	100000.0
5517.749999999999	0.0	100000.0
5517.999999999998	0.0	100000.0
5518.249999999999	0.0	100000.0
5518.5	0.0	100000.0
5518.749999999999	0.0	100000.0
5518.999999999998	0.0	100000.0
5519.249999999999	0.0	100000.0
5519.499999999998	0.0	100000.0
5519.749999999999	0.0	100000.0
5519.999999999998	0.0	100000.0
5520.249999999999	0.0	100000.0
5520.499999999999	0.0	100000.0
5520.749999999999	0.0	100000.0
5520.999999999999	0.0	100000.0
5521.249999999999	0.0	100000.0
5521.499999999999	0.0	100000.0
5521.749999999999	0.0	100000.0
5521.999999999999	0.0	100000.0
5522.249999999999	0.0	100000.0
5522.499999999999	0.0	100000.0
5522.749999999999	0.0	100000.0
5522.999999999999	0.0	100000.0
5523.249999999999	0.0	100000.0
5523.499999999999	0.0	100000.0
5523.749999999998	0.0	100000.0
5523.999999999999	0.0	100000.0
5524.249999999999	0.0	100000.0
5524.499999999999	0.0	100000.0
5524.749999999998	0.0	100000.0
5524.999999999999	0.0	100000.0
5525.249999999999	0.0	100000.0
5525.499999999999	0.0	100000.0
5525.749999999998	0.0	100000.0
5525.999999999999	0.0	100000.0
5526.25	0.0	100000.0
5526.499999999999	0.0	100000.0
5526.749999999998	0.0	100000.0
5526.999999999999	0.0	100000.0
5527.249999999998	0.0	100000.0
5527.499999999999	0.0	100000.0
5527.749999999999	0.0	100000.0
5527.999999999999	0.0	100000.0
5528.249999999999	0.0	100000.0
5528.499999999999	0.0	100000.0
5528.749999999999	0.0	100000.0
5528.999999999999	0.0	100000.0
5529.249999999999	0.0	100000.0
5529.499999999999	0.0	100000.0
5529.749999999999	0.0	100000.0
5529.999999999999	0.0	100000.0
5530.249999999999	0.0	100000.0
5530.499999999998	0.0	100000.0
5530.749999999999	0.0	100000.0
5530.999999999999	0.0	100000.0
5531.249999999999	0.0	100000.0
5531.499999999998	0.0	100000.0
5531.749999999999	0.0	100000.0
5531.999999999999	0.0	100000.0
5532.249999999999	0.0	100000.0
5532.499999999998	0.0	100000.0
5532.749999999999	0.0	100000.0
5533.0	0.0	100000.0
5533.249999999999	0.0	100000.0
5533.499999999998	0.0	100000.0
5533.749999999999	0.0	100000.0
5533.999999999998	0.0	100000.0
5534.249999999999	0.0	100000.0
5534.499999999999	0.0	100000.0
5534.749999999999	0.0	100000.0
5534.999999999999	0.0	100000.0
5535.249999999999	0.0	100000.0
5535.499999999999	0.0	100000.0
5535.749999999999	0.0	100000.0
5535.999999999999	0.0	100000.0
5536.249999999999	0.0	100000.0
5536.499999999999	0.0	100000.0
5536.749999999999	0.0	100000.0
5536.999999999999	0.0	100000.0
5537.249999999998	0.0	100000.0
5537.499999999999	0.0	100000.0
5537.749999999999	0.0	100000.0
5537.999999999999	0.0	100000.0
5538.249999999998	0.0	100000.0
5538.499999999999	0.0	100000.0
5538.749999999999	0.0	100000.0
5538.999999999999	0.0	100000.0
5539.249999999998	0.0	100000.0
5539.499999999999	0.0	100000.0
5539.75	0.0	100000.0
5539.999999999999	0.0	100000.0
5540.249999999998	0.0	100000.0
5540.499999999999	0.0	100000.0
5540.749999999998	0.0	100000.0
5540.999999999999	0.0	100000.0
5541.249999999998	0.0	100000.0
5541.499999999999	0.0	100000.0
5541.749999999999	0.0	100000.0
5541.999999999999	0.0	100000.0
5542.249999999999	0.0	100000.0
5542.499999999999	0.0	100000.0
5542.749999999999	0.0	100000.0
5542.999999999999	0.0	100000.0
5543.249999999999	0.0	100000.0
5543.499999999999	0.0	100000.0
5543.749999999999	0.0	100000.0
5543.999999999999	0.0	100000.0
5544.249999999999	0.0	100000.0
5544.499999999999	0.0	100000.0
5544.749999999999	0.0	100000.0
5544.999999999998	0.0	100000.0
5545.249999999999	0.0	100000.0
5545.499999999999	0.0	100000.0
5545.749999999999	0.0	100000.0
5545.999999999998	0.0	100000.0
5546.249999999999	0.0	100000.0
5546.499999999999	0.0	100000.0
5546.749999999999	0.0	100000.0
5546.999999999998	0.0	100000.0
5547.249999999999	0.0	100000.0
5547.5	0.0	100000.0
5547.749999999999	0.0	100000.0
5547.999999999998	0.0	100000.0
5548.249999999999	0.0	100000.0
5548.499999999998	0.0	100000.0
5548.749999999999	0.0	100000.0
5548.999999999999	0.0	100000.0
5549.249999999999	0.0	100000.0
5549.499999999999	0.0	100000.0
5549.749999999999	0.0	100000.0
5549.999999999999	0.0	100000.0
5550.249999999999	0.0	100000.0
5550.499999999999	0.0	100000.0
5550.749999999999	0.0	100000.0
5550.999999999999	0.0	100000.0
5551.249999999999	0.0	100000.0
5551.499999999999	0.0	100000.0
5551.749999999998	0.0	100000.0
5551.999999999999	0.0	100000.0
5552.249999999999	0.0	100000.0
5552.499999999999	0.0	100000.0
5552.749999999998	0.0	100000.0
5552.999999999999	0.0	100000.0
5553.249999999999	0.0	100000.0
5553.499999999999	0.0	100000.0
5553.749999999998	0.0	100000.0
5553.999999999999	0.0	100000.0
5554.25	0.0	100000.0
5554.499999999999	0.0	100000.0
5554.749999999998	0.0	100000.0
5554.999999999999	0.0	100000.0
5555.249999999998	0.0	100000.0
5555.499999999999	0.0	100000.0
5555.749999999999	0.0	100000.0
5555.999999999999	0.0	100000.0
5556.249999999999	0.0	100000.0
5556.499999999999	0.0	100000.0
5556.749999999999	0.0	100000.0
5556.999999999999	0.0	100000.0
5557.249999999999	0.0	100000.0
5557.499999999999	0.0	100000.0
5557.749999999999	0.0	100000.0
5557.999999999999	0.0	100000.0
5558.249999999999	0.0	100000.0
5558.499999999998	0.0	100000.0
5558.749999999999	0.0	100000.0
5558.999999999999	0.0	100000.0
5559.249999999999	0.0	100000.0
5559.499999999998	0.0	100000.0
5559.749999999999	0.0	100000.0
5559.999999999999	0.0	100000.0
5560.249999999999	0.0	100000.0
5560.499999999998	0.0	100000.0
5560.749999999999	0.0	100000.0
5561.0	0.0	100000.0
5561.249999999999	0.0	100000.0
5561.499999999998	0.0	100000.0
5561.749999999999	0.0	100000.0
5561.999999999998	3.781528064386469e-23	100000.0
5562.249999999999	3.232906692340115e-22	100000.0
5562.499999999998	2.0802531596184594e-21	100000.0
5562.749999999999	1.1219179651362189e-20	100000.0
5562.999999999999	5.1306700906807263e-20	100000.0
5563.249999999999	1.9956019203449992e-19	100000.0
5563.499999999999	6.617103932071084e-19	100000.0
5563.749999999999	1.875667879506396e-18	100000.0
5563.999999999999	4.561440379347415e-18	100000.0
5564.249999999999	9.562790396782441e-18	100000.0
5564.499999999999	1.7393163467976123e-17	100000.0
5564.749999999999	2.7681347180749475e-17	100000.0
5564.999999999999	3.898613447997785e-17	1.1556254960667019e-17
5565.249999999998	4.930558534415103e-17	1.1916244790430709e-17
5565.499999999999	5.702554242175644e-17	1.1758509719422972e-17
5565.749999999999	6.162511245564892e-17	1.1802342020082157e-17
5565.999999999999	6.368641768743484e-17	1.1664412134480777e-17
5566.249999999998	6.436039057237631e-17	1.1159186759945639e-17
5566.499999999999	6.475405242854314e-17	1.1074112061125173e-17
5566.749999999999	6.55423791745157e-17	1.162541966758564e-17
5566.999999999999	6.683582946878742e-17	1.1339189533043304e-17
5567.249999999998	6.825819732357454e-17	1.186937508256223e-17
5567.499999999999	6.922217414916734e-17	1.2154989794728827e-17
5567.749999999999	6.931207233066141e-17	1.2368201387878657e-17
5567.999999999999	6.853364954000881e-17	1.1663493964000844e-17
5568.249999999998	6.724161298626365e-17	1.1347767395995478e-17
5568.499999999999	6.585592312207973e-17	1.1944850350374018e-17
5568.749999999998	6.467134007561951e-17	1.1738152804548042e-17
5568.999999999999	6.38864498978985e-17	1.1735120360422423e-17
5569.249999999998	6.369008173039661e-17	1.1381560205560107e-17
5569.499999999999	6.423499394610704e-17	1.1944923969448535e-17
5569.749999999998	6.553462086527447e-17	1.1806646667989883e-17
5569.999999999999	6.740905697306812e-17	1.181595079551988e-17
5570.249999999999	6.952837265582026e-17	1.2069569334412313e-17
5570.499999999999	7.153323074243791e-17	1.1886931163883055e-17
5570.749999999999	7.318492444155315e-17	1.2376694878408352e-17
5570.999999999999	7.443808424793478e-17	1.1992486027489722e-17
5571.249999999999	7.533628731596523e-17	1.1503008517456368e-17
5571.499999999999	7.581822829689318e-17	1.2242870290187073e-17
5571.749999999999	7.569097056888008e-17	1.2214369782181558e-17
5571.999999999999	7.486970472265851e-17	1.1795612905799038e-17
5572.249999999999	7.361739548394138e-17	1.2084887892176183e-17
5572.499999999999	7.243396270799118e-17	1.1634622879080905e-17
5572.749999999999	7.164041481283978e-17	1.1108190248001132e-17
5572.999999999998	7.112963016572118e-17	1.2044263397932478e-17
5573.249999999999	7.060691262199447e-17	1.2617133121420366e-17
5573.499999999999	6.999946300448689e-17	1.1598784451861433e-17
5573.749999999999	6.9432045488741e-17	1.0850833679920572e-17
5573.999999999998	6.87545275616085e-17	1.1854156613652479e-17
5574.249999999999	6.729634698941658e-17	1.2852634750536663e-17
5574.499999999999	6.426163987313122e-17	1.2352654528265723e-17
5574.749999999999	5.930332250459124e-17	1.1857353666719996e-17
5574.999999999998	5.2628056997784e-17	1.3146788448166645e-17
5575.249999999999	4.472487145675287e-17	1.6869782801480013e-17
5575.5	3.628745775793392e-17	2.206155213766704e-17
5575.749999999999	2.839140232664322e-17	2.8333367890942104e-17
5575.999999999998	2.2362379287677376e-17	3.4911978315968186e-17
5576.249999999999	1.9103149828564534e-17	3.895670291417283e-17
5576.499999999998	1.850259480057953e-17	4.228382186120812e-17
5576.749999999999	1.9609968785664367e-17	4.940325951433362e-17
5576.999999999999	2.1371550014533225e-17	4.987646638171806e-17
5577.249999999999	2.3168114805225207e-17	4.698524514771861e-17
5577.499999999999	2.4863588219408263e-17	4.171904279129161e-17
5577.749999999999	2.6714463670658648e-17	3.6505872638296615e-17
5577.999999999999	2.9374195910989614e-17	3.232993734260636e-17
5578.249999999999	3.3739204905667614e-17	2.599352374657458e-17
5578.499999999999	4.0405155707572564e-17	2.1617015350313692e-17
5578.749999999999	4.904764095168401e-17	1.5996759839379297e-17
5578.999999999999	5.833422233861507e-17	1.3443918341640593e-17
5579.249999999999	6.656204838744037e-17	1.2890255751976187e-17
5579.499999999999	7.25341197270913e-17	1.226146696471849e-17
5579.749999999998	7.599254509799442e-17	1.2546399252879731e-17
5579.999999999999	7.739584224160091e-17	1.2114647369074003e-17
5580.249999999999	7.741092747147902e-17	1.2252363014896731e-17
5580.499999999999	7.659872801797446e-17	1.2610773756871058e-17
5580.749999999998	7.541049653222892e-17	1.2274264275975298e-17
5580.999999999999	7.42687063224648e-17	1.2026803269562709e-17
5581.249999999999	7.352336599418187e-17	1.2137335278915107e-17
5581.499999999999	7.330297495930361e-17	1.2016229419792444e-17
5581.749999999998	7.340308224382307e-17	1.1612166579811316e-17
5581.999999999999	7.332765346682687e-17	1.1855069821048737e-17
5582.25	7.252623781374062e-17	1.2167160930261932e-17
5582.499999999999	7.073559042576248e-17	1.2032720919664913e-17
5582.749999999998	6.817753608959557e-17	1.1405880969930391e-17
5582.999999999999	6.543214703139959e-17	1.1372525738909803e-17
5583.249999999998	6.311651930590078e-17	1.1914422511541255e-17
5583.499999999999	6.16515802993897e-17	1.0952772109889157e-17
5583.749999999998	6.119547094078669e-17	1.1147793174188334e-17
5583.999999999999	6.16262146646415e-17	1.1605844438389573e-17
5584.249999999999	6.255153381276589e-17	1.1672416761268453e-17
5584.499999999999	6.344872005747205e-17	1.1650326903010224e-17
5584.749999999999	6.391730620136589e-17	1.1643620122603645e-17
5584.999999999999	6.38575706548793e-17	1.1584894435015442e-17
5585.249999999999	6.345843206364837e-17	1.146875579547116e-17
5585.499999999999	6.308081093034393e-17	1.2001158189031728e-17
5585.749999999999	6.315199638979992e-17	1.1366358280262608e-17
5585.999999999999	6.40440882020494e-17	1.134115491417873e-17
5586.249999999999	6.588179774615111e-17	1.1600985579471436e-17
5586.499999999998	6.838623847962373e-17	1.175937412316309e-17
5586.749999999999	7.093809007988221e-17	1.1885657305739723e-17
5586.999999999999	7.286092287184938e-17	1.2118643478613247e-17
5587.249999999999	7.369714158644074e-17	1.218273177811263e-17
5587.499999999998	7.327910318868468e-17	1.1632955282965998e-17
5587.749999999999	7.165763504533713e-17	1.2582741433092248e-17
5587.999999999999	6.909050702399847e-17	1.2273317154173925e-17
5588.249999999999	6.611941696446292e-17	1.1718395595617213e-17
5588.499999999998	6.354316571777781e-17	1.16575407451323e-17
5588.749999999999	6.216138271786506e-17	1.1806195027375429e-17
5589.0	6.241019678301341e-17	1.1596972926319942e-17
5589.249999999999	6.412434096570031e-17	1.2422318852274327e-17
5589.499999999998	6.659583032618931e-17	1.1684364558036169e-17
5589.749999999999	6.896227619722232e-17	1.2568028371536768e-17
5589.999999999998	7.073043906734989e-17	1.2503855699614904e-17
5590.249999999999	7.201172840756291e-17	1.1712978389785603e-17
5590.499999999998	7.31856975009813e-17	1.1335308401609205e-17
5590.749999999999	7.430800832134126e-17	1.1968767450605376e-17
5590.999999999999	7.49630112771529e-17	1.2689723183255569e-17
5591.249999999999	7.476700661995936e-17	1.2225588832829615e-17
5591.499999999999	7.388682594701725e-17	1.1509649123413944e-17
5591.749999999999	7.291980862682666e-17	1.1428975852632872e-17
5591.999999999999	7.233701631266322e-17	1.1940114741367152e-17
5592.249999999999	7.220637514878995e-17	1.2136482455703565e-17
5592.499999999999	7.241764579054714e-17	1.1710075813016155e-17
5592.749999999999	7.293561130642979e-17	1.1557034991984656e-17
5592.999999999999	7.369515903110237e-17	1.1909420550377147e-17
5593.249999999999	7.437798857334655e-17	1.2229379801576946e-17
5593.499999999999	7.452225803758989e-17	1.2397787984028454e-17
5593.749999999999	7.39593111278909e-17	1.2260577745559996e-17
5593.999999999999	7.310466315956135e-17	1.1647683233772505e-17
5594.249999999998	7.272979177074366e-17	1.1289798578667762e-17
5594.499999999999	7.334915474019626e-17	1.1988287258700402e-17
5594.749999999999	7.473066097328962e-17	1.1446719703952747e-17
5594.999999999999	7.595781902831224e-17	1.2810891908104787e-17
5595.249999999998	7.602143800357974e-17	1.2419243394756855e-17
5595.499999999999	7.446488760838234e-17	1.1968779031133952e-17
5595.749999999999	7.157500825187238e-17	1.187847655084215e-17
5595.999999999999	6.806162820834126e-17	1.193467437447839e-17
5596.249999999998	6.460828775278683e-17	1.181637513917412e-17
5596.499999999999	6.164592649431234e-17	1.1508872400818756e-17
5596.75	5.937672290942603e-17	1.1426658919737111e-17
5596.999999999999	5.789319388406947e-17	1.1743588208353128e-17
5597.249999999998	5.725905760130092e-17	1.1558518954003576e-17
5597.499999999999	5.747855795625062e-17	1.1552261332669613e-17
5597.749999999998	5.837788995236345e-17	1.154688217714618e-17
5597.999999999999	5.955192282890564e-17	1.1684719418518954e-17
5598.249999999999	6.050148218091058e-17	1.2247618306903127e-17
5598.499999999999	6.087105683067968e-17	1.1071854685233516e-17
5598.749999999999	6.059437732615742e-17	1.2025897506791964e-17
5598.999999999999	5.990270714015133e-17	1.1498618669945549e-17
5599.249999999999	5.926849071001115e-17	1.1369336130467799e-17
5599.499999999999	5.927534590072807e-17	1.1243290348726968e-17
5599.749999999999	6.035576914698415e-17	1.1031348477817406e-17
5599.999999999999	6.24899604085794e-17	1.1121306023793773e-17
5600.249999999999	6.5120653214716e-17	1.134853253806209e-17
5600.499999999999	6.744495874359566e-17	1.2456349062674758e-17
5600.749999999999	6.88997429533148e-17	1.1918531944824418e-17
5600.999999999998	6.941708015465942e-17	1.13520058694542e-17
5601.249999999999	6.925115587039872e-17	1.1682374361482366e-17
5601.499999999999	6.865066441401105e-17	1.207040726837283e-17
5601.749999999999	6.774473242712747e-17	1.1818602736563725e-17
5601.999999999998	6.663586555876501e-17	1.1637645397039174e-17
5602.249999999999	6.544568610429623e-17	1.1474930698743868e-17
5602.499999999999	6.42463901146629e-17	1.1757399643040926e-17
5602.749999999999	6.304308881223805e-17	1.1543662790202124e-17
5602.999999999998	6.189091999206034e-17	1.1663315292988532e-17
5603.249999999999	6.101498015437932e-17	1.1564283575692459e-17
5603.5	6.076898939149609e-17	1.1370357698524302e-17
5603.749999999999	6.143375417896534e-17	1.1681874744392384e-17
5603.999999999998	6.301152081422034e-17	1.186446990152979e-17
5604.249999999999	6.516305205116809e-17	1.2570298155137613e-17
5604.499999999998	6.731120828237397e-17	1.2013012514390225e-17
5604.749999999999	6.886092049435999e-17	1.2573498516927581e-17
5604.999999999998	6.947102869616002e-17	1.2684780779095565e-17
5605.249999999999	6.924284727377714e-17	1.2224292640809744e-17
5605.499999999999	6.864529354899579e-17	1.1936575235526037e-17
5605.749999999999	6.81736001403435e-17	1.2051052896400314e-17
5605.999999999999	6.802166556361083e-17	1.1925651488356662e-17
5606.249999999999	6.807934693985088e-17	1.186197181607988e-17
5606.499999999999	6.825194766750376e-17	1.2161802454253813e-17
5606.749999999999	6.874860351058455e-17	1.1808394500624208e-17
5606.999999999999	6.997617051818723e-17	1.1595897591523623e-17
5607.249999999999	7.207019258527535e-17	1.177258337036495e-17
5607.499999999999	7.451991284015091e-17	1.180492199641271e-17
5607.749999999998	7.631923101853072e-17	1.2188498054162737e-17
5607.999999999999	7.658042373810134e-17	1.22300225209129e-17
5608.249999999999	7.51033163746578e-17	1.2047874868486885e-17
5608.499999999999	7.24670871880118e-17	1.178305216819742e-17
5608.749999999998	6.967044697821699e-17	1.1901504431915014e-17
5608.999999999999	6.76477563280773e-17	1.1706707533561839e-17
5609.249999999999	6.691119652779003e-17	1.1174752644712662e-17
5609.499999999999	6.740845675399379e-17	1.2053901706429946e-17
5609.749999999998	6.863479231154457e-17	1.1947496501153575e-17
5609.999999999999	6.994362971382696e-17	1.1789242787901767e-17
5610.25	7.085889172672751e-17	1.2060288367939468e-17
5610.499999999999	7.119823598315178e-17	1.175257966161158e-17
5610.749999999998	7.095839103519339e-17	1.1519498362967613e-17
5610.999999999999	7.008509257909331e-17	1.189811381858416e-17
5611.249999999998	6.838371722393602e-17	1.2283526217294054e-17
5611.499999999999	6.572805080427461e-17	1.1824800800893584e-17
5611.749999999998	6.23681856481811e-17	1.1832362058872932e-17
5611.999999999999	5.895897204115947e-17	1.1188772528914823e-17
5612.249999999999	5.62261350857374e-17	1.0938273288112327e-17
5612.499999999999	5.458517221957476e-17	1.1361343084208699e-17
5612.749999999999	5.401328123502347e-17	1.1431815563675766e-17
5612.999999999999	5.415178824380495e-17	1.0991695920793452e-17
5613.249999999999	5.448748117078563e-17	1.177929676821643e-17
5613.499999999999	5.457743558513754e-17	1.1488977052725631e-17
5613.749999999999	5.4261792146589517e-17	1.1151211084479403e-17
5613.999999999999	5.3672613164747955e-17	1.1395168153817217e-17
5614.249999999999	5.2984459355484e-17	1.1183369385153627e-17
5614.499999999999	5.21883637859126e-17	1.1120603747453716e-17
5614.749999999999	5.119339526113205e-17	1.1429479605625917e-17
5614.999999999999	5.014123701418618e-17	1.1305963342198274e-17
5615.249999999999	4.9477261959719457e-17	1.0357624758143991e-17
5615.499999999998	4.9578599554665526e-17	1.080205483919832e-17
5615.749999999999	5.033450825451585e-17	1.1436528838806094e-17
5615.999999999999	5.1183982567129516e-17	1.1553713861825256e-17
5616.249999999999	5.156267637525874e-17	1.1199357959213664e-17
5616.499999999998	5.1281932514367686e-17	1.1221882087293483e-17
5616.749999999999	5.0569575818925816e-17	1.1679920943785534e-17
5616.999999999999	4.988803276945902e-17	1.1025688080885706e-17
5617.249999999999	4.969684764504948e-17	1.1357120327181616e-17
5617.499999999998	5.021092365412516e-17	1.0955831023794378e-17
5617.749999999999	5.123438280920834e-17	1.1249584366007884e-17
5618.0	5.221275751356065e-17	1.1385370199461527e-17
5618.249999999999	5.2523692777558807e-17	1.1464426332145057e-17
5618.499999999998	5.182214338856397e-17	1.136284028111742e-17
5618.749999999999	5.021879995551538e-17	1.099424860016379e-17
5618.999999999998	4.8201027775438186e-17	1.1621459953993349e-17
5619.249999999999	4.633957244105764e-17	1.0490257379102581e-17
5619.499999999999	4.493924268858161e-17	1.1123764404574281e-17
5619.749999999999	4.388382075844788e-17	1.0872766373862415e-17
5619.999999999999	4.282592080416031e-17	1.0921292097317226e-17
5620.249999999999	4.1570988914257225e-17	1.1009939389203309e-17
5620.499999999999	4.031972958128603e-17	1.0539486206078062e-17
5620.749999999999	3.9580107091820164e-17	1.0529615459828467e-17
5620.999999999999	3.986373923088241e-17	1.0728284390629003e-17
5621.249999999999	4.1413846696904724e-17	1.066684637781224e-17
5621.499999999999	4.406998787707533e-17	1.0357938259596149e-17
5621.749999999999	4.7222712095946466e-17	1.0714580489420837e-17
5621.999999999999	4.990362719975346e-17	1.1396130992050229e-17
5622.249999999998	5.1165890412351913e-17	1.186096431009379e-17
5622.499999999999	5.066576281461648e-17	1.1764852540360029e-17
5622.749999999999	4.899092635110173e-17	1.077787138680972e-17
5622.999999999999	4.7394365864176274e-17	1.157796348866286e-17
5623.249999999998	4.712515415917774e-17	1.1505093012600002e-17
5623.499999999999	4.8814103932701676e-17	1.1272091950475452e-17
5623.749999999999	5.220746043545718e-17	1.1255277850164087e-17
5623.999999999999	5.638099976553621e-17	1.1964567854635444e-17
5624.249999999998	6.04013737628513e-17	1.2542609938493626e-17
5624.499999999999	6.39654813861653e-17	1.1280733506334794e-17
5624.75	6.737217217742834e-17	1.1523343098454759e-17
5624.999999999999	7.0874019080303e-17	1.1907428699462119e-17
5625.249999999998	7.423475748757854e-17	1.2324934878758459e-17
5625.499999999999	7.699065454614151e-17	1.2253325853129743e-17
5625.749999999998	7.894263351967086e-17	1.2196390184387106e-17
5625.999999999999	8.019698737211751e-17	1.2247633196154153e-17
5626.249999999998	8.077902209332234e-17	1.2124848160388007e-17
5626.499999999999	8.040700872492957e-17	1.2139501664939384e-17
5626.749999999999	7.878953515830745e-17	1.2206511566362305e-17
5626.999999999999	7.613881803832849e-17	1.2089129674357355e-17
5627.249999999999	7.32535818406858e-17	1.1650103564244835e-17
5627.499999999999	7.09658688045393e-17	1.1620502078844013e-17
5627.749999999999	6.951850959310137e-17	1.1833599521069311e-17
5627.999999999999	6.858444534618124e-17	1.1981013859574224e-17
5628.249999999999	6.789396352165298e-17	1.205196858533841e-17
5628.499999999999	6.767752746154543e-17	1.144905979790566e-17
5628.749999999999	6.833761102850274e-17	1.1130587817447231e-17
5628.999999999998	6.97451350197831e-17	1.1836070309559007e-17
5629.249999999999	7.108038406261612e-17	1.2221151008843268e-17
5629.499999999999	7.148664875668973e-17	1.2330807033926973e-17
5629.749999999999	7.079680677159063e-17	1.2083032526062226e-17
5629.999999999998	6.95209812249331e-17	1.1611073874222133e-17
5630.249999999999	6.819252742599418e-17	1.2055708268887762e-17
5630.499999999999	6.687403441384763e-17	1.1670165175641084e-17
5630.749999999999	6.532733627735202e-17	1.1782846200224895e-17
5630.999999999998	6.355447453989052e-17	1.2050259630192875e-17
5631.249999999999	6.203110667380314e-17	1.1514689134886229e-17
5631.5	6.12649771416188e-17	1.0874722656011103e-17
5631.749999999999	6.104819275877736e-17	1.0949335174443999e-17
5631.999999999998	6.029639197141387e-17	1.1482290951834365e-17
5632.249999999999	5.791497673332892e-17	1.2423767245526907e-17
5632.499999999998	5.3910654077727527e-17	1.0447178639981432e-17
5632.749999999999	4.94908999911421e-17	1.0924423803116352e-17
5632.999999999998	4.600899677677897e-17	1.0652301233921107e-17
5633.249999999999	4.3953875187688963e-17	1.0997533334376239e-17
5633.499999999999	4.299773780821739e-17	1.133476577112737e-17
5633.749999999999	4.27749618727778e-17	1.067543913001544e-17
5633.999999999999	4.335567951602424e-17	1.0915959263908097e-17
5634.249999999999	4.497903465114868e-17	1.079039738282561e-17
5634.499999999999	4.754493480156348e-17	1.1229148868974762e-17
5634.749999999999	5.054156145676467e-17	1.1352311926280845e-17
5634.999999999999	5.350636491122868e-17	1.1360182549809287e-17
5635.249999999999	5.650997605117135e-17	1.1462725648805648e-17
5635.499999999999	6.008868552206401e-17	1.1461071287580542e-17
5635.749999999998	6.457858221161727e-17	1.1324063708362159e-17
5635.999999999999	6.94686157010376e-17	1.2222821086500013e-17
5636.249999999999	7.350097950176379e-17	1.2292337345178969e-17
5636.499999999999	7.556669165366574e-17	1.2162716488830684e-17
5636.749999999998	7.56123668617805e-17	1.220333188408765e-17
5636.999999999999	7.467087633589168e-17	1.1897714290348296e-17
5637.249999999999	7.393960505446576e-17	1.166044414908236e-17
5637.499999999999	7.38311670965477e-17	1.2086531500053326e-17
5637.749999999998	7.397527824443307e-17	1.2719703517376941e-17
5637.999999999999	7.397464384434381e-17	1.159819053618162e-17
5638.249999999999	7.377680342432369e-17	1.1804266042186955e-17
5638.499999999999	7.325712320220674e-17	1.236959849593326e-17
5638.749999999998	7.192610844216367e-17	1.2724695552373699e-17
5638.999999999999	6.94549134134873e-17	1.2379494884781844e-17
5639.249999999998	6.6348611173503e-17	1.1779832781253364e-17
5639.499999999999	6.379188597773635e-17	1.1699387812321357e-17
5639.749999999998	6.278715909418113e-17	1.1639924279626758e-17
5639.999999999999	6.347575198438783e-17	1.1067068618209284e-17
5640.249999999998	6.515680672007995e-17	1.1975172310088374e-17
5640.499999999999	6.684376845796566e-17	1.1804593605709526e-17
5640.749999999999	6.79371211530523e-17	1.206141002485009e-17
5640.999999999999	6.860648544881913e-17	1.2025373074283605e-17
5641.249999999999	6.960188652503857e-17	1.1596934876011764e-17
5641.499999999999	7.15801897157683e-17	1.2052412781327351e-17
5641.749999999999	7.449841143813156e-17	1.1729253995518197e-17
5641.999999999999	7.761135570080217e-17	1.248733028533732e-17
5642.249999999999	7.996461330761933e-17	1.235879965303638e-17
5642.499999999999	8.081649072696805e-17	1.2621925805889498e-17
5642.749999999999	7.978666023373944e-17	1.2830689648885631e-17
5642.999999999999	7.700738200115382e-17	1.2500665263992287e-17
5643.249999999999	7.326404089976727e-17	1.1872673051664478e-17
5643.499999999998	6.965641495191326e-17	1.1653561179205307e-17
5643.749999999999	6.67703550214781e-17	1.107192085968252e-17
5643.999999999999	6.422075540914514e-17	1.25334356783198e-17
5644.249999999999	6.122186226843507e-17	1.194231752333838e-17
5644.499999999998	5.758102829586131e-17	1.1664516359237959e-17
5644.749999999999	5.399742223249074e-17	1.1692292257026877e-17
5644.999999999999	5.152227771044771e-17	1.1664609003466565e-17
5645.249999999999	5.091930949975599e-17	1.1690765281616104e-17
5645.499999999998	5.234013894513256e-17	1.0626522150130892e-17
5645.749999999999	5.5251342282738286e-17	1.191033872085708e-17
5646.0	5.866443910434556e-17	1.1931944678456966e-17
5646.249999999999	6.163294055151337e-17	1.1643027034104444e-17
5646.499999999998	6.361784348381781e-17	1.1870231214496222e-17
5646.749999999999	6.456374059527281e-17	1.2109270695092408e-17
5646.999999999998	6.493232110565163e-17	1.1789038474290467e-17
5647.249999999999	6.558631079775018e-17	1.1312988587140686e-17
5647.499999999999	6.715607168890498e-17	1.1042597306967515e-17
5647.749999999999	6.931196630496725e-17	1.2516405683868558e-17
5647.999999999999	7.09460681822667e-17	1.2378846375181602e-17
5648.249999999999	7.127047908497958e-17	1.2121079525517215e-17
5648.499999999999	7.057812871101948e-17	1.163758584003507e-17
5648.749999999999	6.985346745890956e-17	1.1477915993574572e-17
5648.999999999999	6.985751927264201e-17	1.2086988103751455e-17
5649.249999999999	7.066003297761323e-17	1.2200607978330514e-17
5649.499999999999	7.174048548313367e-17	1.1868030086886218e-17
5649.749999999999	7.229455503677505e-17	1.2258430384689808e-17
5649.999999999999	7.167150730262385e-17	1.2400506099521303e-17
5650.249999999998	6.986524059764465e-17	1.1871945959906044e-17
5650.499999999999	6.756994341751055e-17	1.1587453731830681e-17
5650.749999999999	6.561446503881816e-17	1.1735059976237706e-17
5650.999999999999	6.444215683382417e-17	1.1550318285410726e-17
5651.249999999998	6.420477931126872e-17	1.178901696759454e-17
5651.499999999999	6.505183366628196e-17	1.1436150817266157e-17
5651.749999999999	6.699296277756918e-17	1.1948728173085666e-17
5651.999999999999	6.956052776058697e-17	1.2162866208521557e-17
5652.249999999998	7.191297523810678e-17	1.22756680014748e-17
5652.499999999999	7.34227622805545e-17	1.2418621354936215e-17
5652.75	7.417949937894948e-17	1.2340249300619266e-17
5652.999999999999	7.488389982017173e-17	1.1853467572202222e-17
5653.249999999998	7.611498790104295e-17	1.2177489934570882e-17
5653.499999999999	7.76056778319577e-17	1.2229319417392229e-17
5653.749999999998	7.835161828024405e-17	1.269640762978561e-17
5653.999999999999	7.753799025551805e-17	1.2521740171638913e-17
5654.249999999998	7.525038881718142e-17	1.2224104043630082e-17
5654.499999999999	7.224711267639709e-17	1.2197569743940606e-17
5654.749999999999	6.931202537791698e-17	1.2096837343305124e-17
5654.999999999999	6.698972194690556e-17	1.1413789643767011e-17
5655.249999999999	6.563784792435042e-17	1.1278141122295052e-17
5655.499999999999	6.536016229227792e-17	1.1912366140538448e-17
5655.749999999999	6.588391309001955e-17	1.2005570370419085e-17
5655.999999999999	6.664319836302734e-17	1.1643597788727106e-17
5656.249999999999	6.704393469846038e-17	1.2015154084996125e-17
5656.499999999999	6.677706420226807e-17	1.2499803341794006e-17
5656.749999999999	6.595779537976351e-17	1.1622096883065015e-17
5656.999999999998	6.481155585125162e-17	1.1856696058133017e-17
5657.249999999999	6.32280158941572e-17	1.2072060802417323e-17
5657.499999999999	6.098354961966214e-17	1.2357977435507502e-17
5657.749999999999	5.849293665616346e-17	1.1495846787712884e-17
5657.999999999998	5.685388200407516e-17	1.0945468932260926e-17
5658.249999999999	5.679778688951362e-17	1.1283760160196125e-17
5658.499999999999	5.7855235732681e-17	1.182020167668779e-17
5658.749999999999	5.884598677683226e-17	1.1843002083092201e-17
5658.999999999998	5.904020084345547e-17	1.1945665950457995e-17
5659.249999999999	5.869422819742986e-17	1.1692045757204336e-17
5659.499999999999	5.863976726038854e-17	1.1353565932089475e-17
5659.749999999999	5.945303001964898e-17	1.1351725455226545e-17
5659.999999999998	6.08236266836888e-17	1.1561020348175937e-17
5660.249999999999	6.167040298263146e-17	1.1808478873046688e-17
5660.499999999998	6.115706602591955e-17	1.1954728541249126e-17
5660.749999999999	5.974200685933603e-17	1.1791982410090543e-17
5660.999999999998	5.89209469954479e-17	1.0479680220609866e-17
5661.249999999999	5.969095828737902e-17	1.182586538234194e-17
5661.499999999998	6.1551374898631e-17	1.1901161979141417e-17
5661.749999999999	6.328693117871281e-17	1.2200271315821205e-17
5661.999999999999	6.443842191790069e-17	1.1925486052234151e-17
5662.249999999999	6.561102258002256e-17	1.1285798333225456e-17
5662.499999999999	6.743804720540225e-17	1.1852517141678399e-17
5662.749999999999	6.965461748782268e-17	1.243542552908023e-17
5662.999999999999	7.139238734794202e-17	1.2337104359930339e-17
5663.249999999999	7.219483970974398e-17	1.244016279244832e-17
5663.499999999999	7.246492513786892e-17	1.2191636377406763e-17
5663.749999999999	7.287417628840684e-17	1.223451990190335e-17
5663.999999999999	7.348589848619658e-17	1.2331093238418916e-17
5664.249999999999	7.363314876922212e-17	1.2324600697790987e-17
5664.499999999999	7.274149843169258e-17	1.258990564437757e-17
5664.749999999998	7.116604183809853e-17	1.1432148090282013e-17
5664.999999999999	7.003980086409119e-17	1.1795252255051965e-17
5665.249999999999	7.030060591549585e-17	1.1968219029859253e-17
5665.499999999999	7.190679300358676e-17	1.1930588929432991e-17
5665.749999999998	7.383139353856498e-17	1.222708106665466e-17
5665.999999999999	7.477134526688837e-17	1.242709582031182e-17
5666.249999999999	7.420937442961344e-17	1.2135804167601272e-17
5666.499999999999	7.300317353074302e-17	1.2027847998676364e-17
5666.749999999998	7.266315488650166e-17	1.1564392763533316e-17
5666.999999999999	7.383278425268778e-17	1.2472531196998133e-17
5667.25	7.571422587080105e-17	1.2595333603557143e-17
5667.499999999999	7.715645483191261e-17	1.2400911418021454e-17
5667.749999999998	7.797210881163654e-17	1.2294305207856233e-17
5667.999999999999	7.879659130024406e-17	1.2207430564022851e-17
5668.249999999998	7.978614882018377e-17	1.2262482742510705e-17
5668.499999999999	8.002949265022457e-17	1.3500619918269878e-17
5668.749999999999	7.860249746467569e-17	1.240139283713796e-17
5668.999999999999	7.58912353313885e-17	1.1900633410729996e-17
5669.249999999999	7.341801329922575e-17	1.1953602748435441e-17
5669.499999999999	7.23985744390775e-17	1.206531100861889e-17
5669.749999999999	7.265914372479986e-17	1.2452751654190765e-17
5669.999999999999	7.295704652713716e-17	1.2854788728851751e-17
5670.249999999999	7.234845821432734e-17	1.2497490544801308e-17
5670.499999999999	7.121430492665749e-17	1.233350198836267e-17
5670.749999999999	7.081563434691566e-17	1.1921643798288843e-17
5670.999999999999	7.182931415992239e-17	1.2378899314740806e-17
5671.249999999999	7.349173272388317e-17	1.2543497503290895e-17
5671.499999999998	7.430197484732726e-17	1.2715336830923274e-17
5671.749999999999	7.348856108001228e-17	1.2330963371062745e-17
5671.999999999999	7.167720586538586e-17	1.1754011511251909e-17
5672.249999999999	7.024996372379217e-17	1.2562195921037656e-17
5672.499999999998	7.025178163586141e-17	1.1612250125053184e-17
5672.749999999999	7.176812189579928e-17	1.229328363979973e-17
5672.999999999999	7.405489429253335e-17	1.2548074293620151e-17
5673.249999999999	7.627779031509808e-17	1.257875359535913e-17
5673.499999999998	7.828570141507323e-17	1.2424931915829382e-17
5673.749999999999	8.06946497868504e-17	1.2372917971731435e-17
5674.0	8.416101107532768e-17	1.2545719310416212e-17
5674.249999999999	8.842363858638462e-17	1.2552914954564811e-17
5674.499999999998	9.195842205042145e-17	1.3174107742257434e-17
5674.749999999999	9.284886227852931e-17	1.347935310472114e-17
5674.999999999998	9.041428204923856e-17	1.3148719914896956e-17
5675.249999999999	8.595984811321799e-17	1.2044301448240656e-17
5675.499999999998	8.16444957070876e-17	1.178545264633505e-17
5675.749999999999	7.872931834383609e-17	1.2512671790583494e-17
5675.999999999999	7.719200326058827e-17	1.2621541994085273e-17
5676.249999999999	7.662240346656898e-17	1.1823138995042965e-17
5676.499999999999	7.674158427191182e-17	1.2576596308321592e-17
5676.749999999999	7.712932598611218e-17	1.2300069002364502e-17
5676.999999999999	7.723052725650475e-17	1.2674182941087535e-17
5677.249999999999	7.698442388514146e-17	1.2619647750482527e-17
5677.499999999999	7.701741728762478e-17	1.2103934552960829e-17
5677.749999999999	7.766019557464355e-17	1.2058750639180732e-17
5677.999999999999	7.797932799386569e-17	1.292710830262665e-17
5678.249999999998	7.66271686895074e-17	1.298458908339296e-17
5678.499999999999	7.377188223140274e-17	1.2140831771364369e-17
5678.749999999999	7.127189476927288e-17	1.1787968929758436e-17
5678.999999999999	7.051453105263743e-17	1.1916636046860447e-17
5679.249999999998	7.066744639050573e-17	1.231766809707718e-17
5679.499999999999	6.9466846078135e-17	1.2585725073561727e-17
5679.749999999999	6.556598796859433e-17	1.2375656766739598e-17
5679.999999999999	6.001555894236244e-17	1.1743676716678671e-17
5680.249999999998	5.548706907623867e-17	1.1310740310235767e-17
5680.499999999999	5.4058038370232936e-17	1.1366551013345333e-17
5680.749999999999	5.57755803308905e-17	1.1931585682071117e-17
5680.999999999999	5.915972508176487e-17	1.1689192811271641e-17
5681.249999999998	6.268712221733457e-17	1.1889503695588095e-17
5681.499999999999	6.583304151046662e-17	1.2131919727444723e-17
5681.749999999998	6.903370744915002e-17	1.1671176817530236e-17
5681.999999999999	7.261160866510891e-17	1.1993073325724634e-17
5682.249999999998	7.58429411593793e-17	1.3214307892846898e-17
5682.499999999999	7.760275024195079e-17	1.2221194022235121e-17
5682.749999999998	7.771592085754803e-17	1.2362872690372591e-17
5682.999999999999	7.697191055997435e-17	1.2525506324967867e-17
5683.249999999999	7.614904062075581e-17	1.2616381214243555e-17
5683.499999999999	7.567968699823468e-17	1.2495435828159726e-17
5683.749999999999	7.574253349656783e-17	1.2116616058931879e-17
5683.999999999999	7.596544863761487e-17	1.2551834656684817e-17
5684.249999999999	7.555556259800693e-17	1.3297017682296076e-17
5684.499999999999	7.44179228009686e-17	1.2388487165220908e-17
5684.749999999999	7.367294030044343e-17	1.1839704941170565e-17
5684.999999999999	7.457572590918659e-17	1.2304710312781537e-17
5685.249999999999	7.744744554152995e-17	1.252338212515483e-17
5685.499999999999	8.175350187630897e-17	1.2334623645273292e-17
5685.749999999999	8.629416814255383e-17	1.2832842800020106e-17
5685.999999999998	8.919130266983023e-17	1.3491646662984903e-17
5686.249999999999	8.878801809424341e-17	1.3154414226233771e-17
5686.499999999999	8.511287638312151e-17	1.3023453337293151e-17
5686.749999999999	7.998942541370266e-17	1.240037540498452e-17
5686.999999999998	7.548059791236279e-17	1.2473124285497334e-17
5687.249999999999	7.262744329350377e-17	1.249614968502836e-17
5687.499999999999	7.171073486162238e-17	1.1978294916900762e-17
5687.749999999999	7.289890464579493e-17	1.1921199602299902e-17
5687.999999999998	7.607092682438241e-17	1.2215140714512458e-17
5688.249999999999	8.041859178304779e-17	1.267308609959529e-17
5688.5	8.460902846863742e-17	1.2296263971546758e-17
5688.749999999999	8.717280221010646e-17	1.296493196331625e-17
5688.999999999998	8.688538416445408e-17	1.299602650972273e-17
5689.249999999999	8.330755399964971e-17	1.2782149036179794e-17
5689.499999999998	7.720756247596011e-17	1.2959034165548746e-17
5689.749999999999	7.042294155467782e-17	1.2280411882287792e-17
5689.999999999999	6.494662625790767e-17	1.115962764721213e-17
5690.249999999999	6.171236225865189e-17	1.2496999199517452e-17
5690.499999999999	6.041697208014976e-17	1.2163085411383883e-17
5690.749999999999	6.049128254427578e-17	1.1772697521289482e-17
5690.999999999999	6.155621380105362e-17	1.2000850477843858e-17
5691.249999999999	6.308067972303659e-17	1.2454013931805521e-17
5691.499999999999	6.467490053814527e-17	1.245550699281118e-17
5691.749999999999	6.687122461360425e-17	1.185920820565334e-17
5691.999999999999	7.071404495060913e-17	1.1866594928523439e-17
5692.249999999999	7.619453256917922e-17	1.2345106505176177e-17
5692.499999999999	8.15781687532944e-17	1.3033600361867339e-17
5692.749999999998	8.467698610029418e-17	1.3044280090756011e-17
5692.999999999999	8.46526344858128e-17	1.2776950206029898e-17
5693.249999999999	8.233210936326239e-17	1.2586991487079546e-17
5693.499999999999	7.894037618467258e-17	1.2538536073976802e-17
5693.749999999998	7.518285713561801e-17	1.276710758392113e-17
5693.999999999999	7.181442588343026e-17	1.2330274329612489e-17
5694.249999999999	7.018810748397411e-17	1.1700080989674677e-17
5694.499999999999	7.138994846806403e-17	1.2283211888661284e-17
5694.749999999998	7.525983811401343e-17	1.2465154400295385e-17
5694.999999999999	8.056648576912557e-17	1.2685324236758012e-17
5695.25	8.548967516465129e-17	1.322373692464939e-17
5695.499999999999	8.803990294154396e-17	1.346758232460451e-17
5695.749999999998	8.715722528575452e-17	1.3028149241630614e-17
5695.999999999999	8.377434776403804e-17	1.2549187678724647e-17
5696.249999999998	8.024332013866431e-17	1.2710110703813164e-17
5696.499999999999	7.85349045657538e-17	1.2791741849743572e-17
5696.749999999998	7.90922820238901e-17	1.2699628671090892e-17
5696.999999999999	8.095194152996832e-17	1.2793556684007513e-17
5697.249999999999	8.249196336792311e-17	1.2981160419753927e-17
5697.499999999999	8.246845179433823e-17	1.2794700674794674e-17
5697.749999999999	8.096187606955243e-17	1.2740211806303968e-17
5697.999999999999	7.928223419713767e-17	1.2462276638944313e-17
5698.249999999999	7.862992844900822e-17	1.2458411223941853e-17
5698.499999999999	7.896642592882171e-17	1.275981433246025e-17
5698.749999999999	7.950904556006685e-17	1.2685374694775378e-17
5698.999999999999	8.001612272625543e-17	1.2329108832129401e-17
5699.249999999999	8.076552431324285e-17	1.2340346080750934e-17
5699.499999999998	8.128503964010651e-17	1.2978376956992686e-17
5699.749999999999	8.025670849820964e-17	1.3072128780438834e-17
5699.999999999999	7.719567777182053e-17	1.2146017366624464e-17
5700.249999999999	7.347019119831634e-17	1.2700835527604606e-17
5700.499999999998	7.114814415151606e-17	1.189731062620937e-17
5700.749999999999	7.0904001372813e-17	1.2107596481532601e-17
5700.999999999999	7.124218234701799e-17	1.2635245895293439e-17
5701.249999999999	7.026245548252121e-17	1.2208731719126397e-17
5701.499999999998	6.816675126838402e-17	1.200766810045252e-17
5701.749999999999	6.720087718741552e-17	1.196961448355263e-17
5702.0	6.89604425122951e-17	1.193223750039381e-17
5702.249999999999	7.24558891492572e-17	1.2760237021753264e-17
5702.499999999998	7.504831767838286e-17	1.2533145337924794e-17
5702.749999999999	7.488526791543907e-17	1.2843103148338214e-17
5702.999999999998	7.254775363662198e-17	1.2819266284626274e-17
5703.249999999999	7.059058756521639e-17	1.1719303839929796e-17
5703.499999999998	7.073770430820769e-17	1.1943574010688849e-17
5703.749999999999	7.147706512960014e-17	1.2985147430306433e-17
5703.999999999999	7.006451799649061e-17	1.3049404474650777e-17
5704.249999999999	6.694107196557104e-17	1.1604995751081093e-17
5704.499999999999	6.574451530378609e-17	1.1119683922612557e-17
5704.749999999999	6.840340732456404e-17	1.204487303004393e-17
5704.999999999999	7.266694185396387e-17	1.2937025370990548e-17
5705.249999999999	7.548030582396742e-17	1.269901903897944e-17
5705.499999999999	7.651775342050766e-17	1.1741083505458318e-17
5705.749999999999	7.683076505581761e-17	1.2831133844874572e-17
5705.999999999999	7.598249307681875e-17	1.2959247578146785e-17
5706.249999999998	7.268360937050472e-17	1.2702115176012226e-17
5706.499999999999	6.73964287177223e-17	1.2192575227402011e-17
5706.749999999999	6.280025997245874e-17	1.1731319465507742e-17
5706.999999999999	6.178883406447265e-17	1.1687662527138418e-17
5707.249999999998	6.523662198337602e-17	1.2091189354082612e-17
5707.499999999999	7.121243377888574e-17	1.2412086628097046e-17
5707.749999999999	7.624576550917421e-17	1.306806484208936e-17
5707.999999999999	7.806896557214762e-17	1.2780430154866909e-17
5708.249999999998	7.752624261951357e-17	1.2271013456167965e-17
5708.499999999999	7.71894494738948e-17	1.1946517119308312e-17
5708.749999999999	7.783886985815564e-17	1.2672531061404267e-17
5708.999999999999	7.7511937921926e-17	1.3257547105006883e-17
5709.249999999998	7.478436245587457e-17	1.2425048548295752e-17
5709.499999999999	7.136926891972104e-17	1.1861878344670661e-17
5709.749999999998	6.989542871458409e-17	1.1755728738203569e-17
5709.999999999999	7.01631187318016e-17	1.2514463463790284e-17
5710.249999999998	6.936464228877799e-17	1.3014782002931757e-17
5710.499999999999	6.608991855466194e-17	1.2367227796297683e-17
5710.749999999998	6.27435310877962e-17	1.1536684694554627e-17
5710.999999999999	6.297455340902548e-17	1.1592026386256875e-17
5711.249999999999	6.7351332810956e-17	1.2386811297299875e-17
5711.499999999999	7.285470928917998e-17	1.3038274759508876e-17
5711.749999999999	7.638514810926246e-17	1.2580064676630027e-17
5711.999999999999	7.726926214500494e-17	1.2445437723214571e-17
5712.249999999999	7.655301922907841e-17	1.270725527633863e-17
5712.499999999999	7.558979216632724e-17	1.2222821086500013e-17
5712.749999999999	7.523478672672398e-17	1.250344955393414e-17
5712.999999999999	7.55689963010464e-17	1.307609676583725e-17
5713.249999999999	7.670000716075822e-17	1.2333381219993238e-17
5713.499999999999	7.904117848994497e-17	1.2710068517601923e-17
5713.749999999999	8.19228238003029e-17	1.2809653618727795e-17
5713.999999999998	8.345809001429417e-17	1.32987522800406e-17
5714.249999999999	8.27127441017894e-17	1.2680018700309097e-17
5714.499999999999	8.064224790686448e-17	1.2672525271139979e-17
5714.749999999999	7.849874287062686e-17	1.2742193731051645e-17
5714.999999999998	7.673203161236138e-17	1.2500267390117649e-17
5715.249999999999	7.564161127027908e-17	1.2573104778956006e-17
5715.499999999999	7.554347466944182e-17	1.241686359613454e-17
5715.749999999999	7.582716146240366e-17	1.2989328001122276e-17
5715.999999999998	7.530794120356883e-17	1.2799694364152656e-17
5716.249999999999	7.413113336472364e-17	1.22682548088251e-17
5716.5	7.399140355420739e-17	1.2558328024493358e-17
5716.749999999999	7.596706412573348e-17	1.2791952780799773e-17
5716.999999999998	7.904330454619245e-17	1.2761711057604834e-17
5717.249999999999	8.108530342749226e-17	1.3283959809146314e-17
5717.499999999998	8.110447782834391e-17	1.2741469120835049e-17
5717.749999999999	8.013403058910371e-17	1.2625641501201086e-17
5717.999999999998	7.941866041568566e-17	1.2446742187040567e-17
5718.249999999999	7.846039116774938e-17	1.3086053538870551e-17
5718.499999999999	7.57679224966571e-17	1.2972647904070144e-17
5718.749999999999	7.115364158103178e-17	1.2431912493018717e-17
5718.999999999999	6.645090169750724e-17	1.2265735216679264e-17
5719.249999999999	6.407937429260561e-17	1.2226308479962536e-17
5719.499999999999	6.516720207297038e-17	1.2079483094053761e-17
5719.749999999999	6.85203772821902e-17	1.2550191048807674e-17
5719.999999999999	7.140297046245898e-17	1.2731771255333477e-17
5720.249999999999	7.190305320710082e-17	1.2753129885930209e-17
5720.499999999999	7.044278556362021e-17	1.228499280852011e-17
5720.749999999998	6.866255214652953e-17	1.2153038475663814e-17
5720.999999999999	6.705832984034964e-17	1.2543529763334785e-17
5721.249999999999	6.452182198375167e-17	1.2452142022079314e-17
5721.499999999999	6.053539751715724e-17	1.2114942672552684e-17
5721.749999999998	5.673816568227366e-17	1.1648104268704294e-17
5721.999999999999	5.5049200676153486e-17	1.1837494714573823e-17
5722.249999999999	5.4928812341656435e-17	1.2573977454502249e-17
5722.499999999999	5.4501908471452444e-17	1.239027635688586e-17
5722.749999999998	5.3758249102620675e-17	1.1813499859364885e-17
5722.999999999999	5.4252721775864556e-17	1.1893708254641702e-17
5723.25	5.664669434772717e-17	1.2284221049008599e-17
5723.499999999999	6.044249274637546e-17	1.1792024596301783e-17
5723.749999999998	6.439357754984935e-17	1.2486223517677723e-17
5723.999999999999	6.612442874966244e-17	1.2575969305417277e-17
5724.249999999998	6.36504966294697e-17	1.2357407508065453e-17
5724.499999999999	5.822533540905243e-17	1.1607321782963593e-17
5724.749999999998	5.3887459280757746e-17	1.1282916435971321e-17
5724.999999999999	5.315495947196329e-17	1.187078790704847e-17
5725.249999999999	5.456371629804691e-17	1.2184678134093967e-17
5725.499999999999	5.5280379210103784e-17	1.1996521841698368e-17
5725.749999999999	5.459623298320602e-17	1.1936333698787172e-17
5725.999999999999	5.405479164312132e-17	1.1860963482913178e-17
5726.249999999999	5.5300286327910175e-17	1.1948954820573506e-17
5726.499999999999	5.840202750789418e-17	1.1964763069260007e-17
5726.749999999999	6.167450297466611e-17	1.2301203894164925e-17
5726.999999999999	6.327443582273291e-17	1.27672242163875e-17
5727.249999999999	6.36945972733411e-17	1.2328141857993327e-17
5727.499999999998	6.525068522811604e-17	1.1495450568199471e-17
5727.749999999999	6.789862946433912e-17	1.3174387329304477e-17
5727.999999999999	6.863265599574707e-17	1.2643640124149627e-17
5728.249999999999	6.631966632138774e-17	1.2343465378840872e-17
5728.499999999998	6.345197309652384e-17	1.2123986238189727e-17
5728.749999999999	6.277930406102435e-17	1.2103563148865792e-17
5728.999999999999	6.50756442145205e-17	1.235084217554362e-17
5729.249999999999	6.926085451110016e-17	1.2457936422270248e-17
5729.499999999998	7.240908773968586e-17	1.2861197724237812e-17
5729.749999999999	7.156087837190811e-17	1.3087668195426255e-17
5729.999999999999	6.778675096570996e-17	1.189211675914315e-17
5730.249999999999	6.551106606666203e-17	1.216553717471949e-17
5730.499999999998	6.645610492323984e-17	1.2547614381199571e-17
5730.749999999999	6.808795779096829e-17	1.2605334217162909e-17
5730.999999999998	6.80389756660441e-17	1.2629900654175122e-17
5731.249999999999	6.67007848349918e-17	1.2452605243222343e-17
5731.499999999998	6.561114781035476e-17	1.2166882170395502e-17
5731.749999999999	6.519651435242152e-17	1.2771932528434152e-17
5731.999999999998	6.500354685771772e-17	1.249155552390624e-17
5732.249999999999	6.519237251510343e-17	1.2434148362214448e-17
5732.499999999999	6.62494797564396e-17	1.2590574833493126e-17
5732.749999999999	6.811550185183944e-17	1.2505884773657496e-17
5732.999999999999	7.023154991491912e-17	1.2395970668222675e-17
5733.249999999999	7.150803392335157e-17	1.2893447841960029e-17
5733.499999999999	7.097642918792422e-17	1.269191355751761e-17
5733.749999999999	6.926573394769585e-17	1.2928429310064897e-17
5733.999999999999	6.851857775199767e-17	1.2349220901543016e-17
5734.249999999999	7.036953039314722e-17	1.2453023796612295e-17
5734.499999999999	7.43214136815723e-17	1.258759202020426e-17
5734.749999999999	7.807946752923451e-17	1.275911122893958e-17
5734.999999999999	7.921897391794989e-17	1.2878458502079956e-17
5735.249999999998	7.716787781795042e-17	1.241919955418439e-17
5735.499999999999	7.380802356172632e-17	1.2531950889120267e-17
5735.749999999999	7.164026641403298e-17	1.2723480424053858e-17
5735.999999999999	7.178570098881979e-17	1.2424185798916859e-17
5736.249999999998	7.353620710550968e-17	1.2832511927775085e-17
5736.499999999999	7.523320889568246e-17	1.3043589394944529e-17
5736.749999999999	7.628731788243567e-17	1.2906550382862869e-17
5736.999999999999	7.843559429057713e-17	1.2793105870573672e-17
5737.249999999998	8.436022148014031e-17	1.2859645933408662e-17
5737.499999999999	9.505336736802637e-17	1.2910410007601042e-17
5737.75	1.0819362242321722e-16	1.468151619564038e-17
5737.999999999999	1.1799725014009131e-16	1.6251198941439383e-17
5738.249999999998	1.181195915933779e-16	1.537875666012868e-17
5738.499999999999	1.0812996932138932e-16	1.3539704202213008e-17
5738.749999999998	9.48556545985401e-17	1.2660857888599919e-17
5738.999999999999	8.400585498465644e-17	1.3114770768196555e-17
5739.249999999998	7.551092372645541e-17	1.3279060418378162e-17
5739.499999999999	6.919911908861998e-17	1.2244027515864035e-17
5739.749999999999	6.727497506855684e-17	1.259767204314883e-17
5739.999999999999	6.983976187594352e-17	1.2803548198626541e-17
5740.249999999999	7.409001734508956e-17	1.2458769393147088e-17
5740.499999999999	7.711556343961191e-17	1.2813045059239262e-17
5740.749999999999	7.720011957900361e-17	1.3079315325600694e-17
5740.999999999999	7.475470279219149e-17	1.2742423687261935e-17
5741.249999999999	7.218729088652605e-17	1.2683935400509536e-17
5741.499999999999	7.160474665766476e-17	1.2947584331509787e-17
5741.749999999999	7.311100658384811e-17	1.2384288396431589e-17
5741.999999999998	7.493549636689994e-17	1.3255144972508029e-17
5742.249999999999	7.496301411529391e-17	1.3039920021747244e-17
5742.499999999999	7.286629555176636e-17	1.294376523862163e-17
5742.749999999999	7.033874952134735e-17	1.2753005808838326e-17
5742.999999999998	6.928047593552356e-17	1.2455428410652987e-17
5743.249999999999	7.026531634565264e-17	1.2777447341578043e-17
5743.499999999999	7.267375008239335e-17	1.2661718983617586e-17
5743.749999999999	7.487406605981623e-17	1.315314698553534e-17
5743.999999999998	7.493367489354918e-17	1.3248985785666959e-17
5744.249999999999	7.388834133365429e-17	1.2574476244411618e-17
5744.5	7.463157007252863e-17	1.2835236660712835e-17
5744.749999999999	7.6550134826874e-17	1.3242111914776643e-17
5744.999999999998	7.723853965405637e-17	1.3138403318297195e-17
5745.249999999999	7.77920048257916e-17	1.3095192230278037e-17
5745.499999999998	8.113046867427091e-17	1.289119956505511e-17
5745.749999999999	8.697980053673608e-17	1.3477931181248161e-17
5745.999999999998	9.210781599681163e-17	1.394851505891019e-17
5746.249999999999	9.441007491294543e-17	1.3623233727649226e-17
5746.499999999999	9.414973832476625e-17	1.3437974221758787e-17
5746.749999999999	9.272960512471316e-17	1.3368806206117715e-17
5746.999999999999	9.117974670102291e-17	1.3423139564653261e-17
5747.249999999999	8.915359629642428e-17	1.3668561570855906e-17
5747.499999999999	8.728705262222512e-17	1.303337702310195e-17
5747.749999999999	8.827597318708742e-17	1.2799490877721968e-17
5747.999999999999	9.104644602555075e-17	1.4022183764264163e-17
5748.249999999999	8.979184701667307e-17	1.3311477626584115e-17
5748.499999999999	8.289035213423961e-17	1.2882752396639718e-17
5748.749999999998	7.525731360863603e-17	1.28005736571438e-17
5748.999999999999	7.122148393144582e-17	1.273517758509597e-17
5749.249999999999	7.053229165678399e-17	1.2894866456710558e-17
5749.499999999999	7.123496295697276e-17	1.2858128056984627e-17
5749.749999999998	7.339179072917057e-17	1.296384339363013e-17
5749.999999999999	7.814323411294432e-17	1.3158052993748392e-17
5750.249999999999	8.431814834764238e-17	1.3241298796234504e-17
5750.499999999999	8.794184426676394e-17	1.3722944560228205e-17
5750.749999999998	8.549185133039493e-17	1.3697104265072661e-17
5750.999999999999	7.764943193782963e-17	1.3168029619116394e-17
5751.249999999999	6.886364734269481e-17	1.2856185836906353e-17
5751.499999999999	6.419245389880253e-17	1.2365881146260446e-17
5751.749999999998	6.681868732718805e-17	1.2014427820418303e-17
5751.999999999999	7.413775110113812e-17	1.3467418542843224e-17
5752.249999999998	7.882214037568481e-17	1.3463410852775405e-17
5752.499999999999	7.827437540055041e-17	1.3209564012033907e-17
5752.749999999998	7.765672388984041e-17	1.292609417919566e-17
5752.999999999999	8.153884751416135e-17	1.3062726218415943e-17
5753.249999999998	8.570412378684594e-17	1.381656238041512e-17
5753.499999999999	8.236999581798396e-17	1.3877913539267565e-17
5753.749999999999	7.309197313151233e-17	1.2135484875884826e-17
5753.999999999999	6.558651989008369e-17	1.3011833931228618e-17
5754.249999999999	6.271446112377226e-17	1.2278591257759563e-17
5754.499999999999	6.394824479761697e-17	1.2686892571199413e-17
5754.749999999999	6.686823665625749e-17	1.3141370415154423e-17
5754.999999999999	6.839211241416172e-17	1.2943241633293884e-17
5755.249999999999	6.905460776827269e-17	1.2831668203550281e-17
5755.499999999999	7.050614894277061e-17	1.3302152819538805e-17
5755.749999999999	7.166861653916134e-17	1.3334137412284393e-17
5755.999999999999	7.1360659702006e-17	1.297306480309887e-17
5756.249999999999	7.048133001747504e-17	1.2674866192273504e-17
5756.499999999998	7.021923780552616e-17	1.2691782862980826e-17
5756.749999999999	7.024104452854159e-17	1.3103255586889204e-17
5756.999999999999	6.97424313683731e-17	1.3143198484308165e-17
5757.249999999999	7.057826795171552e-17	1.2802923677264063e-17
5757.499999999998	7.372108332849571e-17	1.3402240846477109e-17
5757.749999999999	7.463902107766161e-17	1.349652868296019e-17
5757.999999999999	7.134564371964982e-17	1.26648630971259e-17
5758.249999999999	6.912482359914991e-17	1.2859625253893348e-17
5758.499999999998	7.196257668892855e-17	1.2997290441698711e-17
5758.749999999999	7.828502771239228e-17	1.3307742906118438e-17
5759.0	8.30127916466629e-17	1.3737780871694956e-17
5759.249999999999	8.130048094317874e-17	1.3756825878118377e-17
5759.499999999998	7.470072774796192e-17	1.3072434010084866e-17
5759.749999999999	7.04758906626105e-17	1.2908007875102188e-17
5759.999999999998	7.244459013909974e-17	1.3060921310319353e-17
5760.249999999999	7.623213125493248e-17	1.367613110064138e-17
5760.499999999999	7.527491739152895e-17	1.3269805094504306e-17
5760.749999999999	7.061520072334266e-17	1.2765487137101139e-17
5760.999999999999	6.80954772838718e-17	1.2758169070221882e-17
5761.249999999999	6.943008222822021e-17	1.2964344665081337e-17
5761.499999999999	7.358123241042458e-17	1.3049805657247865e-17
5761.749999999999	7.969908838792926e-17	1.329842223497619e-17
5761.999999999999	8.437192321667917e-17	1.3574320056487127e-17
5762.249999999999	8.283279901318529e-17	1.4161591821620175e-17
5762.499999999999	7.644719290245866e-17	1.319027085142672e-17
5762.749999999999	7.479907189424038e-17	1.2795346702853078e-17
5762.999999999999	8.09373394523496e-17	1.3539279031378156e-17
5763.249999999998	8.446267293778612e-17	1.405425851969652e-17
5763.499999999999	7.882244831197032e-17	1.3344071851441155e-17
5763.749999999999	7.235441545908532e-17	1.2851788544770021e-17
5763.999999999999	7.380089488172474e-17	1.3174998615777153e-17
5764.249999999998	7.888936481621485e-17	1.3795377457747024e-17
5764.499999999999	7.984693139168987e-17	1.3346439242354281e-17
5764.749999999999	7.645124920254153e-17	1.3188975486587462e-17
5764.999999999999	7.188090983971328e-17	1.3154539130506267e-17
5765.249999999998	6.987885875967799e-17	1.3021854397169086e-17
5765.499999999999	7.391190110862523e-17	1.3136553742447526e-17
5765.75	8.342950969634446e-17	1.341701263785608e-17
5765.999999999999	9.19242430861888e-17	1.4244773104018508e-17
5766.249999999998	9.129692352030472e-17	1.4028116303617394e-17
5766.499999999999	8.508607358867161e-17	1.2966215747626932e-17
5766.749999999998	8.268079410009508e-17	1.3656009932241027e-17
5766.999999999999	8.143459009045086e-17	1.3807381502796393e-17
5767.249999999998	7.56394348120717e-17	1.3093060585839488e-17
5767.499999999999	6.857051014221029e-17	1.2944880278087351e-17
5767.749999999999	6.608540539106125e-17	1.2736190054165735e-17
5767.999999999999	7.000480767293638e-17	1.306040845833957e-17
5768.249999999999	7.661448406497586e-17	1.3061431680757298e-17
5768.499999999999	8.078846145935138e-17	1.3481422710613747e-17
5768.749999999999	8.155417192428469e-17	1.3657784234654953e-17
5768.999999999999	8.136601572194665e-17	1.3435290020671052e-17
5769.249999999999	8.238002742117457e-17	1.3316904758583075e-17
5769.499999999999	8.206763361997729e-17	1.3568611683079899e-17
5769.749999999999	7.50022054597034e-17	1.3557611835294169e-17
5769.999999999998	6.580151200923204e-17	1.2259645513009648e-17
5770.249999999999	6.5629263088146e-17	1.313700538306198e-17
5770.499999999999	7.439047421452629e-17	1.324201348028375e-17
5770.749999999999	8.598976117833487e-17	1.3949464662253402e-17
5770.999999999998	9.248999838602823e-17	1.4046741102289638e-17
5771.249999999999	8.97025040617366e-17	1.3852317262392724e-17
5771.499999999999	8.285227145409635e-17	1.3692658169280189e-17
5771.749999999999	8.184191250501578e-17	1.3023490560420716e-17
5771.999999999998	8.68878581069884e-17	1.4254040835601552e-17
5772.249999999999	8.603424761588485e-17	1.3276065197380107e-17
5772.499999999999	7.833088863683797e-17	1.2996948816105727e-17
5772.749999999999	7.5728030380707e-17	1.2424648192879276e-17
5772.999999999998	8.633289165913578e-17	1.341462456742764e-17
5773.249999999999	9.930100586042702e-17	1.42887046663512e-17
5773.499999999998	1.0255045631066417e-16	1.4196485608580112e-17
5773.749999999999	9.86396597242244e-17	1.4166743502475156e-17
5773.999999999998	9.393975002818485e-17	1.348836027441123e-17
5774.249999999999	9.308290289535768e-17	1.3962042770647883e-17
5774.499999999998	9.317398898719326e-17	1.4025540463189904e-17
5774.749999999999	8.9923960304417e-17	1.395668264027854e-17
5774.999999999999	8.285891315116042e-17	1.3603124139777449e-17
5775.249999999999	7.741739309150546e-17	1.3223131428441002e-17
5775.499999999999	8.1024675178334e-17	1.324135587169677e-17
5775.749999999999	9.014056783990032e-17	1.3749152950756335e-17
5775.999999999999	9.500695218506629e-17	1.3990027945131777e-17
5776.249999999999	9.24221802587966e-17	1.426663714196951e-17
5776.499999999999	8.337606816978114e-17	1.3444336895030545e-17
5776.749999999998	7.686707989103733e-17	1.32804269207501e-17
5776.999999999999	7.877661345407198e-17	1.3570718512100072e-17
5777.249999999999	8.511738036389856e-17	1.388072429898902e-17
5777.499999999999	8.864762684972838e-17	1.3987379312810382e-17
5777.749999999998	8.403940001518247e-17	1.374213018735576e-17
5777.999999999999	7.416863759045598e-17	1.3107618137439809e-17
5778.249999999999	6.97687420328388e-17	1.2661414581152167e-17
5778.499999999999	7.820866322785287e-17	1.3243075580190268e-17
5778.749999999998	8.986014412983871e-17	1.4195926434486027e-17
5778.999999999999	8.752524726879223e-17	1.3954791705398243e-17
5779.249999999999	7.667862791691062e-17	1.3170124040427378e-17
5779.499999999999	7.37542039816834e-17	1.2900815539676039e-17
5779.749999999998	7.744161616678598e-17	1.3184522773350089e-17
5779.999999999999	8.024245484923327e-17	1.3120136688830186e-17
5780.249999999998	8.1339164161008e-17	1.3819697394936695e-17
5780.499999999999	7.598679395959746e-17	1.3088066069300893e-17
5780.749999999998	7.10863925663588e-17	1.2454122292465766e-17
5780.999999999999	7.61694855860378e-17	1.3335605657871674e-17
5781.249999999998	8.248538978034473e-17	1.3845878488504611e-17
5781.499999999999	8.03996101421185e-17	1.3617436018735842e-17
5781.749999999999	7.608603837100461e-17	1.3333541015062742e-17
5781.999999999999	7.76031886352416e-17	1.3515040157888515e-17
5782.249999999999	7.870210568881609e-17	1.3933015348592172e-17
5782.499999999999	7.75405986627274e-17	1.2720554686227258e-17
5782.749999999999	8.328348798329936e-17	1.3720903905657037e-17
5782.999999999999	8.744995302260931e-17	1.3785587775197459e-17
5783.249999999999	8.414743545367238e-17	1.3579510614830898e-17
5783.499999999999	7.9132313725328e-17	1.3303488716228078e-17
5783.749999999999	7.971425322503792e-17	1.3283494933642059e-17
5783.999999999999	8.531736017788805e-17	1.3726275616554956e-17
5784.249999999999	8.630600354693553e-17	1.365704473518733e-17
5784.499999999998	8.191257925827755e-17	1.3267171351433937e-17
5784.749999999999	7.443373978523368e-17	1.3244138507277398e-17
5784.999999999999	6.171505193297106e-17	1.2850379856186843e-17
5785.249999999999	5.168610931841288e-17	1.2309500515708832e-17
5785.499999999998	5.3244766334137786e-17	1.2454613637749622e-17
5785.749999999999	6.648853090969156e-17	1.3226580771595348e-17
5785.999999999999	8.287057194008937e-17	1.3772328069978234e-17
5786.249999999999	9.071246896076482e-17	1.3800225563317197e-17
5786.499999999998	8.300373853233779e-17	1.378864668910268e-17
5786.749999999999	6.749600136918912e-17	1.3029316393474927e-17
5787.0	6.322271900682178e-17	1.2892590882845424e-17
5787.249999999999	6.800030551584508e-17	1.3118589861084712e-17
5787.499999999998	6.895267982973082e-17	1.315201622963798e-17
5787.749999999999	6.444514463874999e-17	1.2796599054300483e-17
5787.999999999998	6.535955033835722e-17	1.26968418996072e-17
5788.249999999999	7.222701873055474e-17	1.3430898518799008e-17
5788.499999999998	7.279365766755195e-17	1.2926596277827479e-17
5788.749999999999	7.311838289766031e-17	1.3275272758353282e-17
5788.999999999999	7.168410905689502e-17	1.307748973798879e-17
5789.249999999999	6.416815951695275e-17	1.2943991058928857e-17
5789.499999999999	5.917177303216813e-17	1.2551756074526624e-17
5789.749999999999	6.708602100979503e-17	1.2844912192337868e-17
5789.999999999999	7.526395779042228e-17	1.3364739786226405e-17
5790.249999999999	7.034520880164788e-17	1.281594101856381e-17
5790.499999999999	6.053464245458736e-17	1.3328337221829171e-17
5790.749999999999	4.3380005791397174e-17	1.1615558847503396e-17
5790.999999999999	4.970176489104119e-17	1.266492430849123e-17
5791.249999999998	5.254330855436639e-17	1.2462704291321003e-17
5791.499999999999	5.2812442543771284e-17	1.2544321375180998e-17
5791.749999999999	5.977023763161665e-17	1.287617548358931e-17
5791.999999999999	6.62096874109335e-17	1.307448955390706e-17
5792.249999999998	6.479804446202746e-17	1.2948035144943629e-17
5792.499999999999	6.468397507491743e-17	1.2478409969611548e-17
5792.749999999999	7.367373575178844e-17	1.3464086659335861e-17
5792.999999999999	6.488384769226062e-17	1.2609943267536055e-17
5793.249999999998	6.800375133018248e-17	1.3101748463813133e-17
5793.499999999999	7.663055636914833e-17	1.3564268984863996e-17
5793.749999999999	7.732097244818727e-17	1.3407208893236102e-17
5793.999999999999	7.575672320325927e-17	1.3140234696173387e-17
5794.249999999998	7.770757014165578e-17	1.3325188145237182e-17
5794.499999999999	7.238754708003815e-17	1.3335556854215534e-17
5794.749999999998	5.734135962296882e-17	1.2530017768028731e-17
5794.999999999999	6.451520428809084e-17	1.2922988943176135e-17
5795.249999999998	7.409463719242495e-17	1.3257480930557879e-17
5795.499999999999	7.725776994228064e-17	1.3196542534831097e-17
5795.749999999998	7.792528860639006e-17	1.3221513463162848e-17
5795.999999999999	7.662902026896885e-17	1.3291081834220395e-17
5796.249999999999	7.552404824958603e-17	1.3292038055008506e-17
5796.499999999999	7.67735246200431e-17	1.3303458110545413e-17
5796.749999999999	7.952260555200514e-17	1.2940338229343823e-17
5796.999999999999	9.396250255494364e-17	1.4335346072370614e-17
5797.249999999999	7.231493483298887e-17	1.3090895854176437e-17
5797.499999999999	6.01091319234867e-17	1.2612892993600419e-17
5797.749999999999	6.928870311323382e-17	1.2992646649739838e-17
5797.999999999998	8.118492087371296e-17	1.3406960739052336e-17
5798.249999999999	8.655467154876708e-17	1.3488421485776558e-17
5798.499999999999	8.438798952937533e-17	1.3417512254946063e-17
5798.749999999999	8.585142216782767e-17	1.3504559779527468e-17
5798.999999999998	9.052277369672803e-17	1.3745005467164995e-17
5799.249999999999	8.034249287946451e-17	1.3219688702731556e-17
5799.499999999999	6.66827462922923e-17	1.272065229353954e-17
5799.749999999999	5.2711410478716786e-17	1.2324660254795091e-17
5799.999999999998	6.151785866531206e-17	1.2799021039134038e-17
5800.249999999999	7.896693803664653e-17	1.3472019321410244e-17
5800.499999999999	8.337321961096462e-17	1.3514754780577184e-17
5800.749999999999	8.652169587166278e-17	1.3270967283264943e-17
5800.999999999998	8.125234621335213e-17	1.3389217714913074e-17
5801.249999999999	8.511593785590182e-17	1.3592728961019495e-17
5801.499999999998	9.970590573890874e-17	1.3904475963097868e-17
5801.749999999999	9.131992903174497e-17	1.3631002607962324e-17
5801.999999999998	8.117972509375876e-17	1.3370525914611213e-17
5802.249999999999	7.115858849706257e-17	1.307180700718055e-17
5802.499999999998	6.429858798873186e-17	1.2845737718589196e-17
5802.749999999999	7.834353766459711e-17	1.3384442401236805e-17
5802.999999999999	1.0202142960882755e-16	1.4178075876867132e-17
5803.249999999999	9.088758050293551e-17	1.3655263815328504e-17
5803.499999999999	9.782856655150295e-17	1.4040004543381006e-17
5803.749999999999	8.982448901175404e-17	1.3756145935654859e-17
5803.999999999999	8.799504342947256e-17	1.3630503818052954e-17
5804.249999999999	7.526949836260977e-17	1.3141221522644163e-17
5804.499999999999	6.629332478443343e-17	1.2682579651485561e-17
5804.749999999999	7.415096488598086e-17	1.2896409975733582e-17
5804.999999999999	5.066095785721845e-17	1.2407418020719796e-17
5805.249999999999	2.2458315935923e-17	1.156340924578499e-17
5805.499999999999	4.7082468648195643e-17	1.2205064000290337e-17
5805.749999999998	5.2489430675099565e-17	1.2392246701104961e-17
5805.999999999999	7.158348890884487e-17	1.27797113349146e-17
5806.249999999999	8.601221870928904e-17	1.32658180839518e-17
5806.499999999999	7.857972959025917e-17	1.3271460282910025e-17
5806.749999999998	6.50682901495771e-17	1.2946934994728933e-17
5806.999999999999	7.886166583024175e-17	1.3337619842663241e-17
5807.249999999999	8.243568826395677e-17	1.3378405637126393e-17
5807.499999999999	6.099407490817372e-17	1.2451246185475919e-17
5807.749999999998	4.9496280937298885e-17	1.2317236308797428e-17
5807.999999999999	6.918120420875817e-17	1.304747135355924e-17
5808.25	7.035517202131793e-17	1.3076985984995745e-17
5808.499999999999	7.385094316908543e-17	1.3081360116074926e-17
5808.749999999998	7.539507099704022e-17	1.3175476726171209e-17
5808.999999999999	6.084542724337549e-17	1.2715771100744864e-17
5809.249999999998	6.929729404464631e-17	1.3073165237746363e-17
5809.499999999999	6.58326050355761e-17	1.2886354768207387e-17
5809.749999999998	6.903584541407545e-17	1.3126780603510212e-17
5809.999999999999	8.156397886466878e-17	1.3424913039886575e-17
5810.249999999999	8.496891896373306e-17	1.3584865782116566e-17
5810.499999999999	8.744107064707844e-17	1.3690191516693556e-17
5810.749999999999	9.330657528346746e-17	1.3725969559728312e-17
5810.999999999999	8.245915372357367e-17	1.3520951190545819e-17
5811.249999999999	7.267196595073605e-17	1.3269395640101092e-17
5811.499999999999	7.090923744794064e-17	1.2979564788352312e-17
5811.749999999999	8.640670445213803e-17	1.3535037249196984e-17
5811.999999999999	5.890486814377099e-17	1.2875108420599116e-17
5812.249999999999	7.525211433485635e-17	1.3304884169921455e-17
5812.499999999998	8.012692791264776e-17	1.34440176033141e-17
5812.749999999999	8.274236051297713e-17	1.3564788454288679e-17
5812.999999999999	9.512359330422594e-17	1.3873541889730222e-17
5813.249999999999	9.027604359942428e-17	1.361148693577036e-17
5813.499999999998	9.58826605564189e-17	1.3891596760960417e-17
5813.749999999999	6.794109503441867e-17	1.3051139899575913e-17
5813.999999999999	9.488919678840802e-17	1.387797640499412e-17
5814.249999999999	8.096232077432221e-17	1.3275735979496311e-17
5814.499999999998	6.323175066636237e-17	1.2675647877952367e-17
5814.749999999999	5.761681558112791e-17	1.2641711138961154e-17
5814.999999999999	6.732453445815634e-17	1.2955717171292409e-17
5815.249999999999	8.03038320671708e-17	1.3156194318911985e-17
5815.499999999998	7.285248323017472e-17	1.2920207961956732e-17
5815.749999999999	6.616871167951355e-17	1.2917626331264954e-17
5815.999999999998	5.735865582067256e-17	1.243718494224313e-17
5816.249999999999	8.320933374726536e-17	1.3403353404400992e-17
5816.499999999998	9.361897162232669e-17	1.3800286774682526e-17
5816.749999999999	8.611380310595546e-17	1.3493061969012981e-17
5816.999999999998	7.12937440838798e-17	1.2924755800964549e-17
5817.249999999999	6.227845478889706e-17	1.2654265259117871e-17
5817.499999999999	7.248960240417016e-17	1.312280434630567e-17
5817.749999999999	9.565930855613979e-17	1.4006495456766483e-17
5817.999999999999	9.995927793032114e-17	1.4081909513212942e-17
5818.249999999999	9.113300933147412e-17	1.3688354348553075e-17
5818.499999999999	6.976004534908807e-17	1.3045211496125746e-17
5818.749999999999	6.438732859954385e-17	1.2847573232368451e-17
5818.999999999999	6.738139816218569e-17	1.290902282571379e-17
5819.249999999998	6.679759393818046e-17	1.3028788652244118e-17
5819.499999999999	7.425983508948264e-17	1.3192905421677701e-17
5819.749999999999	7.303383430767085e-17	1.3127999040552503e-17
5819.999999999999	8.138783571630929e-17	1.3282725655672384e-17
5820.249999999998	1.0812677988933093e-16	1.4196876037829237e-17
5820.499999999999	9.444258543207839e-17	1.377118325201046e-17
5820.749999999999	8.835017522749872e-17	1.3314230483662692e-17
5820.999999999999	9.206299195055524e-17	1.3513989638510572e-17
5821.249999999998	8.676850001717893e-17	1.3752976179547556e-17
5821.499999999999	8.020134108055303e-17	1.3500531409944335e-17
5821.749999999999	8.949455644390869e-17	1.3534308503077325e-17
5821.999999999999	1.1978763762871957e-16	1.4683996083116815e-17
5822.249999999998	8.449192691786558e-17	1.3195391926599036e-17
5822.499999999999	7.352470313549451e-17	1.2853783704407499e-17
5822.749999999998	6.047235555222427e-17	1.2825553684462289e-17
5822.999999999999	5.955641515122185e-17	1.2874563308575444e-17
5823.249999999998	6.884431008887757e-17	1.3083138554391915e-17
5823.499999999999	8.287684684568845e-17	1.3488989758857382e-17
5823.749999999998	9.508936787920095e-17	1.3671474073792706e-17
5823.999999999999	6.981410987392454e-17	1.3031773947074822e-17
5824.249999999999	6.590920196029851e-17	1.3388042291262636e-17
5824.499999999999	8.869872928529387e-17	1.3920619219932453e-17
5824.749999999999	9.710307621473474e-17	1.4074878478006242e-17
5824.999999999999	8.32442142993355e-17	1.3391987115603901e-17
5825.249999999999	7.652558204893889e-17	1.3165565448071599e-17
5825.499999999999	9.258730534490565e-17	1.3959625748898003e-17
5825.749999999999	1.0898148907266972e-16	1.458455573859814e-17
5825.999999999999	9.128161067415805e-17	1.3905941727143312e-17
5826.249999999999	9.178544969398655e-17	1.4022177146819263e-17
5826.499999999999	8.620874358794184e-17	1.3627912261193826e-17
5826.749999999999	9.614737820477057e-17	1.393368867361079e-17
5826.999999999998	9.258310988483878e-17	1.3694766652661586e-17
5827.249999999999	9.992929428747732e-17	1.4085201692050903e-17
5827.499999999999	9.465904867221616e-17	1.405854496963077e-17
5827.749999999999	7.02330470756806e-17	1.3148467624810128e-17
5827.999999999998	6.53990035759207e-17	1.2922024450581899e-17
5828.249999999999	9.61088249707807e-17	1.3814131296594826e-17
5828.499999999999	8.317659724734296e-17	1.3807430306452534e-17
5828.749999999999	9.038676668749818e-17	1.3794605698235512e-17
5828.999999999998	7.610787569193431e-17	1.333792755385111e-17
5829.249999999999	6.228434431485843e-17	1.2849998525924456e-17
5829.5	6.491557275616511e-17	1.3149470167712542e-17
5829.749999999999	8.673630614773836e-17	1.3842839426934091e-17
5829.999999999998	1.0451343659801759e-16	1.4076158953594474e-17
5830.249999999999	9.201676248048087e-17	1.3737657621783686e-17
5830.499999999998	6.520280295206803e-17	1.318341186978743e-17
5830.749999999999	8.675372326271628e-17	1.359517327972959e-17
5830.999999999998	6.870365629751905e-17	1.3296854727715403e-17
5831.249999999999	5.136204305719389e-17	1.2636140077535609e-17
5831.499999999999	6.158458260386307e-17	1.2877000182660025e-17
5831.749999999999	7.050678430143154e-17	1.3262496126611788e-17
5831.999999999999	6.741373099796916e-17	1.3146336807552191e-17
5832.249999999999	7.45259821059328e-17	1.2892397322582087e-17
5832.499999999999	6.074388255137848e-17	1.24999017762869e-17
5832.749999999999	9.223373526387598e-17	1.407128189670286e-17
5832.999999999999	8.811360157230856e-17	1.420986939089122e-17
5833.249999999999	7.010935379560187e-17	1.3442664335831963e-17
5833.499999999999	7.80965965555241e-17	1.3491668169680829e-17
5833.749999999998	8.272086705194055e-17	1.3334042286513949e-17
5833.999999999999	8.537886305786944e-17	1.3362637093109295e-17
5834.249999999999	8.893522353114523e-17	1.400611826240716e-17
5834.499999999999	7.217001952014907e-17	1.3238396219465055e-17
5834.749999999998	4.698058315778626e-17	1.1922986312423016e-17
5834.999999999999	8.447285544166256e-17	1.3681605381935255e-17
5835.249999999999	8.35359708275503e-17	1.3831569091088056e-17
5835.499999999999	6.87699432430866e-17	1.3301812848307046e-17
5835.749999999998	6.862701305068234e-17	1.3262256244234147e-17
5835.999999999999	6.291119501794092e-17	1.3080757928588987e-17
5836.25	5.045695195710572e-17	1.2657308456591454e-17
5836.499999999999	5.980340466468529e-17	1.2923789654009087e-17
5836.749999999998	6.366563005870358e-17	1.3075181904079767e-17
5836.999999999999	7.517762175761228e-17	1.306326636735594e-17
5837.249999999998	5.107935573721512e-17	1.2492250355620785e-17
5837.499999999999	6.116275357868553e-17	1.2811996194222545e-17
5837.749999999998	8.576919304532096e-17	1.3737215907336583e-17
5837.999999999999	7.788102667044788e-17	1.3465905629502865e-17
5838.249999999999	6.078121817550667e-17	1.2902004198216278e-17
5838.499999999999	6.293458106821902e-17	1.2988629860685281e-17
5838.749999999999	4.849550820139548e-17	1.2291593709808284e-17
5838.999999999999	1.0178196710135929e-16	1.4085980896187928e-17
5839.249999999999	9.080741119003855e-17	1.3929757911339938e-17
5839.499999999999	7.399546154826579e-17	1.3637736685329118e-17
5839.749999999999	6.95343309209795e-17	1.3426105007149263e-17
5839.999999999999	6.995889956834582e-17	1.3501485976371221e-17
5840.249999999999	8.423554063264355e-17	1.389115339215209e-17
5840.499999999998	9.551330786930173e-17	1.4244033604550886e-17
5840.749999999999	8.771554902665824e-17	1.4051839843585415e-17
5840.999999999999	6.885505020195096e-17	1.3185239938941172e-17
5841.249999999999	7.39036445002724e-17	1.3502654782576758e-17
5841.499999999998	7.529981949514351e-17	1.3383258705780242e-17
5841.749999999999	5.48087954818615e-17	1.294217126158124e-17
5841.999999999999	7.805787788541172e-17	1.3739796710847748e-17
5842.249999999999	8.407962701334465e-17	1.3867333899233012e-17
5842.499999999998	6.748252595515397e-17	1.3354297458173535e-17
5842.749999999999	7.207185634249618e-17	1.3635798601153906e-17
5842.999999999999	1.019678180413877e-16	1.4618528046355693e-17
5843.249999999999	9.971034288805698e-17	1.4130201971735013e-17
5843.499999999998	9.418210294846299e-17	1.429193563382383e-17
5843.749999999999	1.0315064661266913e-16	1.4543150385856186e-17
5843.999999999998	9.292009664894798e-17	1.4188672060513936e-17
5844.249999999999	7.393507736354942e-17	1.360583646500601e-17
5844.499999999998	7.749630827627192e-17	1.382710231578027e-17
5844.749999999999	9.741716000204358e-17	1.431031889575721e-17
5844.999999999998	9.689683692696812e-17	1.4127146366552242e-17
5845.249999999999	9.951839728127528e-17	1.4312170125968103e-17
5845.499999999999	8.757813778330093e-17	1.3876179768703654e-17
5845.749999999999	8.173524495613666e-17	1.3770300650296866e-17
5845.999999999999	9.149870257156136e-17	1.418769102430745e-17
5846.249999999999	9.430277867366712e-17	1.4196864457300662e-17
5846.499999999999	8.625298120710118e-17	1.3941867835507715e-17
5846.749999999999	7.692429633907925e-17	1.3620399806870619e-17
5846.999999999999	7.560764317957654e-17	1.3536651905752688e-17
5847.249999999998	8.254671575449608e-17	1.3818928116967021e-17
5847.499999999999	7.050597035570879e-17	1.350938472404049e-17
5847.749999999999	9.199038534510778e-17	1.412595026338649e-17
5847.999999999999	6.543856266153544e-17	1.3234406727370712e-17
5848.249999999998	8.322585750718172e-17	1.3751925660169613e-17
5848.499999999999	8.712120321292664e-17	1.409495911455658e-17
5848.749999999999	9.760126393661828e-17	1.457794656550384e-17
5848.999999999999	9.831866775571817e-17	1.45297417881267e-17
5849.249999999998	7.062369470048734e-17	1.355712297155215e-17
5849.499999999999	7.871373284949276e-17	1.3809876279523853e-17
5849.749999999999	1.190735491495148e-16	1.5270419160941384e-17
5849.999999999999	7.868672043940923e-17	1.403600098921625e-17
5850.249999999998	6.020023960047393e-17	1.34036569796858e-17
5850.499999999999	8.471773399020276e-17	1.4107504135726558e-17
5850.749999999998	9.946218870429108e-17	1.449293225086809e-17
5850.999999999999	8.807356603066099e-17	1.4211998553787932e-17
5851.249999999998	6.799435223097728e-17	1.3631262342674665e-17
5851.499999999999	5.728475219602463e-17	1.3183448265734383e-17
5851.749999999998	6.479126405371064e-17	1.3429806640390438e-17
5851.999999999999	7.250338654189774e-17	1.370920178153125e-17
5852.249999999998	8.643062651545307e-17	1.432591952210996e-17
5852.499999999999	1.0120208040473511e-16	1.473765528945313e-17
5852.749999999999	9.918606919837597e-17	1.455568382649759e-17
5852.999999999999	8.41038336267904e-17	1.4086306805349274e-17
5853.249999999999	7.067699160171536e-17	1.3707971763960383e-17
5853.499999999999	7.628771799199314e-17	1.3959465275859168e-17
5853.749999999999	1.0521716215850831e-16	1.5002705464411046e-17
5853.999999999999	1.1294588781595057e-16	1.5113782585787117e-17
5854.249999999999	7.524397487762883e-17	1.3854884003833476e-17
5854.499999999999	8.261660920753436e-17	1.405699979624652e-17
5854.749999999999	7.420362651249844e-17	1.398002733152601e-17
5854.999999999998	8.838547267859759e-17	1.4480622148992077e-17
5855.249999999999	9.649388085464659e-17	1.4444351933492852e-17
5855.499999999999	9.131346043646379e-17	1.4136245353290326e-17
5855.749999999999	8.961312120418959e-17	1.4491277889642985e-17
5855.999999999998	8.692963480050426e-17	1.4256267605810545e-17
5856.249999999999	8.692893996878971e-17	1.3959716738765384e-17
5856.499999999999	6.905761680779784e-17	1.3683330053512428e-17
5856.749999999999	6.999160959848862e-17	1.396146208985787e-17
5856.999999999998	7.543462346521005e-17	1.4358086921770922e-17
5857.249999999999	9.287641489516028e-17	1.4816386340155927e-17
5857.5	9.477691198333762e-17	1.4730888952042446e-17
5857.749999999999	7.745580951348132e-17	1.4202691117535485e-17
5857.999999999998	7.187274404288731e-17	1.421788146230441e-17
5858.249999999999	8.628426186914548e-17	1.4661655589132983e-17
5858.499999999998	6.563348611852233e-17	1.3812186594974714e-17
5858.749999999999	4.736085132026669e-17	1.3156028055608862e-17
5858.999999999998	7.287829126528637e-17	1.404465164406233e-17
5859.249999999999	7.693513571382614e-17	1.4211393057579543e-17
5859.499999999999	8.183002000200054e-17	1.4316196841190012e-17
5859.749999999999	8.590510212868588e-17	1.4436217439349006e-17
5859.999999999999	8.167423211415475e-17	1.4351361943390866e-17
5860.249999999999	8.882148950564164e-17	1.452027387883542e-17
5860.499999999999	7.694741107411643e-17	1.4514855845823197e-17
5860.749999999999	7.295144050121566e-17	1.426740145685551e-17
5860.999999999999	8.311657040465121e-17	1.459306080965641e-17
5861.249999999999	8.881401179290416e-17	1.4941394837408616e-17
5861.499999999999	8.146983909351535e-17	1.4574804933537365e-17
5861.749999999998	7.164144449128278e-17	1.4018731112387367e-17
5861.999999999999	7.113063730197414e-17	1.394350565312057e-17
5862.249999999999	7.673730719852796e-17	1.4375859724412236e-17
5862.499999999999	8.154123470654603e-17	1.478194584817167e-17
5862.749999999998	6.15209624885904e-17	1.4016166852488453e-17
5862.999999999999	7.058979353026247e-17	1.4304932295608265e-17
5863.249999999999	5.187986804681944e-17	1.3835138375431223e-17
5863.499999999999	9.532606726584422e-17	1.5174042693411605e-17
5863.749999999998	1.0906109693482183e-16	1.7204215231857652e-17
5863.999999999999	9.667097691507174e-17	1.8231201321372864e-17
5864.249999999999	8.880833402517959e-17	1.7683564742470907e-17
5864.499999999999	8.35811878285549e-17	1.631206454527226e-17
5864.749999999998	8.863268718518763e-17	1.5804407259736216e-17
5864.999999999999	8.976710914702246e-17	1.581603411042626e-17
5865.249999999998	7.730466707195563e-17	1.5504959606185894e-17
5865.499999999999	6.310822943985105e-17	1.4675484394613644e-17
5865.749999999998	7.789482404306527e-17	1.5515234843755028e-17
5865.999999999999	9.10547514280817e-17	1.660881889874811e-17
5866.249999999998	8.377057910160504e-17	1.6557394734426912e-17
5866.499999999999	6.526687305359393e-17	1.5761441844358986e-17
5866.749999999999	7.151650713156277e-17	1.5779031012904314e-17
5866.999999999999	6.158293486008287e-17	1.5589997081878796e-17
5867.249999999999	1.1631365110956426e-16	1.7107165439309256e-17
5867.499999999999	8.8466854015983e-17	1.603681357900034e-17
5867.749999999999	6.182645683241848e-17	1.562467249315702e-17
5867.999999999999	3.613262558485554e-17	1.4905806218734134e-17
5868.249999999999	5.010820268468601e-17	1.5061845569486138e-17
5868.499999999998	7.057509618513862e-17	1.547845177627602e-17
5868.749999999999	6.311014849887217e-17	1.5150289374941532e-17
5868.999999999999	8.740885030785828e-17	1.5815187077479007e-17
5869.249999999999	5.550760758951365e-17	1.4435011410015903e-17
5869.499999999998	7.745297724706394e-17	1.5508685227664833e-17
5869.749999999999	9.267331889372136e-17	1.6183512406275394e-17
5869.999999999999	9.206532790860509e-17	1.569270644417828e-17
5870.249999999999	7.998786230806534e-17	1.5230800518322544e-17
5870.499999999998	9.198652737473084e-17	1.5554363795451236e-17
5870.749999999999	9.018856097784068e-17	1.55892724716622e-17
5870.999999999999	5.94665965715884e-17	1.4791696653232444e-17
5871.249999999999	8.310890078601162e-17	1.5738131894697242e-17
5871.499999999998	7.682022378313028e-17	1.5581753399894092e-17
5871.749999999999	7.734187034718582e-17	1.585625163180859e-17
5871.999999999998	8.125432214799833e-17	1.587297060634951e-17
5872.249999999999	7.864577169036541e-17	1.567226846560332e-17
5872.499999999998	9.310394250317157e-17	1.6290400685029496e-17
5872.749999999999	8.405594317804603e-17	1.5963328507742354e-17
5872.999999999998	5.841751979663434e-17	1.4750345894410918e-17
5873.249999999999	6.914652879747994e-17	1.5304019237423287e-17
5873.499999999998	4.397192212913899e-17	1.4724656973307472e-17
5873.749999999999	8.063818508820963e-17	1.5733570820799625e-17
5873.999999999999	1.1294995092711943e-16	1.607891707217929e-17
5874.249999999999	8.010980196524546e-17	1.5351846820441104e-17
5874.499999999999	8.078718347758759e-17	1.5736606573647694e-17
5874.749999999999	7.241330326446827e-17	1.5642336107957476e-17
5874.999999999999	4.541240091761843e-17	1.4901956520163313e-17
5875.249999999999	3.397971598711887e-17	1.4533029003880987e-17
5875.499999999999	3.767007971962825e-17	1.4647838364180897e-17
5875.749999999999	9.196232737872999e-17	1.6679455159976462e-17
5875.999999999999	1.0634771291507638e-16	1.6727831990921013e-17
5876.249999999998	7.622541474825565e-17	1.5831426287264648e-17
5876.499999999999	7.58252909423515e-17	1.5992168986979627e-17
5876.749999999999	8.554161249775048e-17	1.6479596743455075e-17
5876.999999999999	8.683914785893586e-17	1.6607629413027257e-17
5877.249999999998	7.838575242789304e-17	1.6348094878393845e-17
5877.499999999999	7.517003154831149e-17	1.605312392631866e-17
5877.749999999999	7.321144652879823e-17	1.5808000532317146e-17
5877.999999999999	6.645686831770252e-17	1.5966744763672198e-17
5878.249999999998	7.342366136930994e-17	1.636845344763e-17
5878.499999999999	7.718065615452168e-17	1.6337462298800088e-17
5878.75	7.918582136868903e-17	1.6438446162341787e-17
5878.999999999999	6.559030729054707e-17	1.5748890205744107e-17
5879.249999999998	6.299921365256146e-17	1.570548803900345e-17
5879.499999999999	7.270446422264203e-17	1.6377047854194426e-17
5879.749999999998	8.106456691547867e-17	1.641961622287763e-17
5879.999999999999	9.444863377671737e-17	1.6879445925395858e-17
5880.249999999998	7.563957235122109e-17	1.6440552164181347e-17
5880.499999999999	8.170991999450274e-17	1.631860588955633e-17
5880.749999999999	7.531931448782016e-17	1.6653215336585055e-17
5880.999999999999	9.892184785839184e-17	1.747239545825347e-17
5881.249999999999	8.893364857925893e-17	1.698752368987081e-17
5881.499999999999	7.737318409645463e-17	1.6546950752012818e-17
5881.749999999999	9.450474309202807e-17	1.7048248672999554e-17
5881.999999999999	9.709751094357348e-17	1.7011338219706213e-17
5882.249999999999	8.127821774153376e-17	1.655282869744562e-17
5882.499999999999	6.980858430743269e-17	1.62608471761042e-17
5882.749999999999	7.849153228462632e-17	1.6892833016429416e-17
5882.999999999998	9.24024404041674e-17	1.7321952811526e-17
5883.249999999999	9.745538898123333e-17	1.770231527259626e-17
5883.499999999999	1.0121454767092751e-16	1.785941672325478e-17
5883.749999999999	1.0547254920955038e-16	1.7991510849634598e-17
5883.999999999998	9.464443735387603e-17	1.7682057619394835e-17
5884.249999999999	5.75651267190107e-17	1.6380341687393612e-17
5884.499999999999	8.406195843546052e-17	1.720526740559682e-17
5884.749999999999	8.669899037594487e-17	1.7061733371345393e-17
5884.999999999998	5.2748377911498065e-17	1.5882880230087896e-17
5885.249999999999	6.187108488082694e-17	1.6253930291822033e-17
5885.499999999999	8.182610247461949e-17	1.7322684039187497e-17
5885.749999999999	7.737684354348456e-17	1.724043747088135e-17
5885.999999999998	7.777449242499595e-17	1.730222455391661e-17
5886.249999999999	9.581630743640235e-17	1.8492944428241793e-17
5886.499999999998	7.786499260145415e-17	1.826116014879831e-17
5886.749999999999	4.310889481756036e-17	1.7022323178240917e-17
5886.999999999998	9.174280026160331e-17	1.9540487610340173e-17
5887.249999999999	6.44193305630823e-17	1.869336036449604e-17
5887.499999999998	6.352111167952322e-17	1.8629101665790472e-17
5887.749999999999	9.668141924312461e-17	1.9671360818135863e-17
5887.999999999999	8.82702695803261e-17	2.026905836770953e-17
5888.249999999999	7.583761262475609e-17	2.0744215726978365e-17
5888.499999999999	9.1195087582085e-17	2.1906159642154053e-17
5888.749999999999	9.19360627399202e-17	2.2481218912723368e-17
5888.999999999999	6.709403561738477e-17	2.2301310438215535e-17
5889.249999999999	5.277048017746548e-17	2.2377023934043738e-17
5889.499999999999	2.834829353791501e-17	2.15956790535935e-17
5889.749999999998	4.5809427759309183e-17	2.173086848982549e-17
5889.999999999999	3.7368324232168903e-17	2.1644469474844327e-17
5890.249999999999	3.210245936543183e-17	2.142997657892565e-17
5890.499999999999	4.6328119634216685e-17	2.1289910085802047e-17
5890.749999999998	5.877312143324844e-17	2.100059208603305e-17
5890.999999999999	6.37517494866377e-17	2.067525367930982e-17
5891.249999999999	9.682961030422471e-17	2.070934510107558e-17
5891.499999999999	6.885376641764028e-17	1.8858404403396297e-17
5891.749999999998	8.356840954245218e-17	1.860760655039267e-17
5891.999999999999	6.41245895672174e-17	1.7441932050654367e-17
5892.249999999999	6.937721954415363e-17	1.7805805493393993e-17
5892.499999999999	7.690848064576724e-17	1.830061004657219e-17
5892.749999999998	8.326523792178415e-17	1.8566947314563237e-17
5892.999999999999	1.1252084932999632e-16	1.9627414366552145e-17
5893.249999999998	8.804505146058506e-17	1.8822322785076734e-17
5893.499999999999	5.860923379284453e-17	1.8385030445528125e-17
5893.749999999998	9.715327615174936e-17	1.9729620803039197e-17
5893.999999999999	1.128401807511112e-16	2.0609721122460918e-17
5894.249999999998	8.711687540396176e-17	2.0339461364005142e-17
5894.499999999999	4.2746086783449703e-17	1.976413077819491e-17
5894.749999999999	4.848260418383965e-17	2.0647376038305557e-17
5894.999999999999	8.476538621093071e-17	2.198784869072734e-17
5895.249999999999	6.51275559861053e-17	2.1447989263944606e-17
5895.499999999999	6.483498551216775e-17	2.1202587937257274e-17
5895.749999999999	4.4878359879264396e-17	2.0516573968042546e-17
5895.999999999999	3.548435752135283e-17	2.0390339589122054e-17
5896.249999999999	8.373779627956834e-17	2.16206665255375e-17
5896.499999999999	7.48925091440775e-17	2.137270590203493e-17
5896.749999999999	6.029480950554589e-17	2.0896446738190174e-17
5896.999999999999	6.415227033923588e-17	2.0540535736026982e-17
5897.249999999999	4.927140361597022e-17	1.9739161504224384e-17
5897.499999999998	5.447562367473739e-17	1.8606183799739078e-17
5897.749999999999	7.827675649293815e-17	1.8392271584610415e-17
5897.999999999999	6.946761384149343e-17	1.867548168273632e-17
5898.249999999999	6.235070405231989e-17	1.795594870073972e-17
5898.499999999998	7.120406447058925e-17	1.8438800494066522e-17
5898.749999999999	6.073989223210352e-17	1.7956297770958216e-17
5898.999999999999	7.609636795525247e-17	1.855490521920569e-17
5899.249999999999	9.096167706555724e-17	1.946531509063258e-17
5899.499999999998	9.118666357472676e-17	1.9739441091271427e-17
5899.749999999999	1.1883414322790724e-16	2.0474002290636892e-17
5900.0	9.86295420822503e-17	1.9683849591024188e-17
5900.249999999999	6.728276514594486e-17	1.88272627076949e-17
5900.499999999998	9.398003265098363e-17	1.937634850703005e-17
5900.749999999999	5.885812251299439e-17	1.8480578078084126e-17
5900.999999999998	4.895525187713e-17	1.7893127641938766e-17
5901.249999999999	6.274892865153762e-17	1.8343535757280015e-17
5901.499999999998	7.343373312044838e-17	1.8961924402696083e-17
5901.749999999999	7.142365114472002e-17	1.882988983332037e-17
5901.999999999999	5.866000283012059e-17	1.8272942509443515e-17
5902.249999999999	7.356919883500497e-17	1.903489827633551e-17
5902.499999999999	3.4595439456601293e-17	1.822457395030509e-17
5902.749999999999	7.724673795929732e-17	1.960667363987299e-17
5902.999999999999	1.10137014066292e-16	2.0897622989021224e-17
5903.249999999999	7.554445981566729e-17	1.9707364681477846e-17
5903.499999999999	6.075237273318572e-17	1.9042336284403588e-17
5903.749999999999	5.611965175963144e-17	1.889801477420901e-17
5903.999999999999	3.665244242539611e-17	1.8139298246595772e-17
5904.249999999998	7.430264995798838e-17	1.9053319588577067e-17
5904.499999999999	6.608563627623362e-17	1.905202422373781e-17
5904.749999999999	4.189794541417458e-17	1.8150087990505914e-17
5904.999999999999	7.33061884874376e-17	1.934921367421586e-17
5905.249999999998	7.720993173076116e-17	1.9515447198836968e-17
5905.499999999999	5.898601787058489e-17	1.9170924819347406e-17
5905.749999999999	7.833731934866683e-17	2.0141189479898632e-17
5905.999999999999	1.0112827604176068e-16	2.112244240770701e-17
5906.249999999998	7.356077482764673e-17	2.0490284513814386e-17
5906.499999999999	5.3853401874362754e-17	1.9659765400309094e-17
5906.749999999999	7.372133389326572e-17	1.9933836807027514e-17
5906.999999999999	7.393544132301894e-17	2.0456494185791595e-17
5907.249999999998	8.530567411727075e-17	2.0636480415277008e-17
5907.499999999999	6.300321058928132e-17	1.983088094490549e-17
5907.749999999998	7.350401700273579e-17	2.0390971555110044e-17
5907.999999999999	8.311276537383347e-17	2.0635841831844117e-17
5908.249999999998	7.792912887742907e-17	2.0117811701426658e-17
5908.499999999999	7.630170727051264e-17	1.9907292581170687e-17
5908.749999999998	7.78157323416154e-17	1.9851146869913038e-17
5908.999999999999	8.154850727849159e-17	2.0658799402564914e-17
5909.249999999999	3.6170665966865626e-17	1.9026742275495738e-17
5909.499999999999	6.212387789346805e-17	1.9704684616293174e-17
5909.749999999999	1.1549270413010744e-16	2.1504728890882068e-17
5909.999999999999	1.4463147131371282e-16	2.2460468259876863e-17
5910.249999999999	1.269700270351828e-16	2.1778815186851514e-17
5910.499999999999	8.924783162824127e-17	2.082050990359658e-17
5910.749999999999	8.555699805714396e-17	2.0717520954250053e-17
5910.999999999998	7.399156387321944e-17	1.9794350994693922e-17
5911.249999999999	4.597255770227199e-17	1.8901042255250955e-17
5911.499999999999	1.3178101535690962e-16	2.2394991951309615e-17
5911.749999999999	9.049855518420105e-17	2.070469965475548e-17
5911.999999999998	5.714665935584257e-17	1.9792410428976873e-17
5912.249999999999	6.160704882930001e-17	1.9979536881509844e-17
5912.499999999999	8.010954388489434e-17	2.0757751710522182e-17
5912.749999999999	8.029424338951008e-17	2.1038599380818637e-17
5912.999999999998	7.709747487212335e-17	2.0678580599733507e-17
5913.249999999999	1.1165977416466332e-16	2.1551721021481206e-17
5913.499999999999	1.1809940832061314e-16	2.2790437223669166e-17
5913.749999999999	1.053839680921133e-16	2.251113141803451e-17
5913.999999999998	7.494129956532833e-17	2.1660543248507457e-17
5914.249999999999	9.0976645725922e-17	2.2267089976274216e-17
5914.499999999998	8.842671921266193e-17	2.2887889025995263e-17
5914.749999999999	5.36395823034627e-17	2.2012798112363164e-17
5914.999999999998	4.242175919143501e-17	2.1524711920120124e-17
5915.249999999999	1.016370119708155e-16	2.325252347489844e-17
5915.499999999998	9.494844939004642e-17	2.3966271155690844e-17
5915.749999999999	9.820314702009146e-17	2.3645996748677663e-17
5915.999999999999	6.705887713262881e-17	2.1958953617569637e-17
5916.249999999999	1.151925897689834e-16	2.3736075063023462e-17
5916.499999999999	1.1635127790126808e-16	2.3315602614050507e-17
5916.749999999999	1.1140459225441316e-16	2.33306854253398e-17
5916.999999999999	1.0722662209441603e-16	2.3290578746159553e-17
5917.249999999999	9.02997671393923e-17	2.2496642522425032e-17
5917.499999999999	7.314259201460932e-17	2.1597407861073735e-17
5917.749999999998	6.955951029882562e-17	2.1353060362486796e-17
5917.999999999999	9.34866161068733e-17	2.2490640499900347e-17
5918.249999999999	9.911340965336932e-17	2.2202682385058387e-17
5918.499999999999	4.114428792318772e-17	2.0611612057341214e-17
5918.749999999998	4.0967641849015793e-17	2.0972314089612312e-17
5918.999999999999	6.242141145108092e-17	2.146131018052916e-17
5919.249999999999	8.340372780866022e-17	2.186835087071548e-17
5919.499999999999	8.526374598638166e-17	2.2033719164415855e-17
5919.749999999998	7.427843672709773e-17	2.1943114763200472e-17
5919.999999999999	9.447828654731617e-17	2.2802072346165337e-17
5920.249999999999	9.260245929372762e-17	2.3068978714417822e-17
5920.499999999999	1.111570733453577e-16	2.3181586119927116e-17
5920.749999999998	7.344317621432129e-17	2.2275773718344797e-17
5920.999999999999	7.531394774000592e-17	2.2188567375085782e-17
5921.249999999998	7.854286380471891e-17	2.2533207214222326e-17
5921.499999999999	8.56356397723406e-17	2.256152326095124e-17
5921.749999999998	7.830125427395952e-17	2.2303497503755125e-17
5921.999999999999	6.373046116639304e-17	2.2202998368052382e-17
5922.249999999998	6.26785124203522e-17	2.247046556476018e-17
5922.499999999999	5.534587392742483e-17	2.153453055399113e-17
5922.749999999998	6.863342535479085e-17	2.2269861031326268e-17
5922.999999999999	6.884421082720406e-17	2.2932174621630127e-17
5923.249999999999	7.400405760919144e-17	2.2953160193770597e-17
5923.499999999999	5.485288420851058e-17	2.2523279392510464e-17
5923.749999999999	3.78892494947303e-17	2.2316059068537355e-17
5923.999999999999	3.412116718058789e-17	2.262975077223584e-17
5924.249999999999	4.9792487697209223e-17	2.3219257579384006e-17
5924.499999999999	6.054395630604686e-17	2.3197198326808442e-17
5924.749999999999	6.034619396519768e-17	2.3204998639984817e-17
5924.999999999999	-5.844863171383369e-18	2.1590280872915978e-17
5925.249999999999	5.582155571920203e-17	2.355994514955377e-17
5925.499999999998	6.316887170491854e-17	2.3554791814337566e-17
5925.749999999999	6.287201312668551e-17	2.3425493558428177e-17
5925.999999999999	6.30870867033942e-17	2.3521128872129108e-17
5926.249999999999	7.508928548563651e-17	2.414190641515423e-17
5926.499999999998	9.725343118031728e-17	2.470933080866968e-17
5926.749999999999	7.925202890491777e-17	2.3752769222146008e-17
5926.999999999999	7.692274123952765e-17	2.3702142459935312e-17
5927.249999999999	1.1554635837336008e-16	2.4854299174103273e-17
5927.499999999998	1.2430450699440213e-16	2.592715242858455e-17
5927.749999999999	9.542174228421456e-17	2.521987991762721e-17
5927.999999999999	7.53480805208023e-17	2.482299700536304e-17
5928.249999999999	9.918466630005708e-17	2.550831117977955e-17
5928.499999999998	1.213370329428151e-16	2.6154812385493844e-17
5928.749999999999	1.0032702257832752e-16	2.5797538189681166e-17
5928.999999999998	7.010567449623723e-17	2.4826552227635794e-17
5929.249999999999	3.027088296589241e-17	2.3757651242121295e-17
5929.499999999998	4.5965599458959195e-17	2.3839576864349772e-17
5929.749999999999	1.0382670463603117e-16	2.5872722289917335e-17
5929.999999999998	1.219627785325992e-16	2.700785397271773e-17
5930.249999999999	8.629946214008176e-17	2.6359589217937472e-17
5930.499999999999	5.52447891478484e-17	2.5468672684826008e-17
5930.749999999999	4.113609221767854e-17	2.506368009383637e-17
5930.999999999999	4.2748905814977284e-17	2.5305835563800044e-17
5931.249999999999	6.281786919251024e-17	2.669862904432703e-17
5931.499999999999	9.52259254721661e-17	2.7600499103109922e-17
5931.749999999999	2.8175667561520094e-17	2.6587360017048848e-17
5931.999999999999	4.9811397046012186e-17	2.7412694362474658e-17
5932.249999999998	9.187108604844294e-17	2.816315728193584e-17
5932.499999999999	9.82224831940905e-17	2.940482486454939e-17
5932.749999999999	1.0014795451932204e-16	2.9783600793204773e-17
5932.999999999999	8.654611416385527e-17	2.881238487494911e-17
5933.249999999998	4.1179525817282476e-17	2.7533032597988872e-17
5933.499999999999	2.7922040750821535e-17	2.75007129970952e-17
5933.749999999999	1.0160766360268211e-16	2.9433888682552054e-17
5933.999999999999	9.793109724279012e-17	2.9219248548484344e-17
5934.249999999998	8.5557527452736e-17	2.839395059900549e-17
5934.499999999999	1.0838591903163154e-16	2.9586470418343586e-17
5934.749999999999	7.959106707694611e-17	2.832661478842122e-17
5934.999999999999	5.219735981825199e-17	2.776442313946078e-17
5935.249999999998	6.299135874546466e-17	2.878663970556401e-17
5935.499999999999	6.77654151072022e-17	2.880099294355303e-17
5935.749999999998	2.1122396085592708e-17	2.7519084678500003e-17
5935.999999999999	4.9890458968960004e-17	2.895116923812326e-17
5936.249999999998	1.1451280571055211e-18	2.69122583636862e-17
5936.499999999999	3.066832008916699e-17	2.852175331236738e-17
5936.749999999998	5.5036723445289263e-17	2.895523234929212e-17
5936.999999999999	7.292516924496098e-17	2.998885739040368e-17
5937.249999999999	9.083916169067078e-17	3.08806011041277e-17
5937.499999999999	9.915739580962244e-17	3.102633709316974e-17
5937.749999999999	9.722165420990544e-17	3.150252842820427e-17
5937.999999999999	1.091167827336589e-16	3.241913719114163e-17
5938.249999999999	8.144900737696881e-17	3.094018788673357e-17
5938.499999999999	6.305941254882062e-17	3.0527421452347157e-17
5938.749999999999	4.8161165106523995e-17	3.080557582256914e-17
5938.999999999998	1.074305188066879e-16	3.4940827067011585e-17
5939.249999999999	1.5679016605040527e-16	4.0745239452079886e-17
5939.499999999999	1.8166127684327807e-16	3.9415070161368063e-17
5939.749999999999	1.589165760900382e-16	3.5925731170043774e-17
5939.999999999998	9.703453272045615e-17	3.425439950749058e-17
5940.249999999999	6.917766387573644e-17	3.183260988855988e-17
5940.499999999999	1.02154939530837e-16	3.471935772980664e-17
5940.749999999999	7.355454781199543e-17	3.355681162714501e-17
5940.999999999998	1.2252962886276955e-16	3.5200809933537e-17
5941.249999999999	6.368505225948633e-17	3.4062927048019256e-17
5941.499999999999	4.0390825646825415e-17	3.339187512172439e-17
5941.749999999999	3.6189840013464605e-17	3.3140686839471634e-17
5941.999999999998	2.384818781452645e-17	3.3261584249079935e-17
5942.249999999999	9.625597212994776e-18	3.33172237258027e-17
5942.499999999998	-1.5470697785213948e-17	3.282614975718712e-17
5942.749999999999	-2.548117634696536e-17	3.3461083669215474e-17
5942.999999999998	6.940058574209703e-17	3.6532835417543393e-17
5943.249999999999	5.3175305677971384e-17	3.685439691758971e-17
5943.499999999998	7.622425007795317e-17	3.695775148076698e-17
5943.749999999999	6.217386607224585e-17	3.655179770590556e-17
5943.999999999998	6.587851025085034e-17	3.7967322109665503e-17
5944.249999999999	8.590577710806572e-17	3.857909496454237e-17
5944.499999999999	7.051111211039642e-17	3.766918636456669e-17
5944.749999999999	3.6995834876168924e-17	3.7248879351716246e-17
5944.999999999999	4.2966047343217354e-17	3.762661634152226e-17
5945.249999999999	1.759610528194445e-17	3.7235942246935917e-17
5945.499999999999	5.419980195384281e-17	3.8946823068936495e-17
5945.749999999999	7.250705922381748e-17	4.024750502517203e-17
5945.999999999999	1.0826517878633963e-17	3.9028727184469046e-17
5946.249999999999	1.237490899546585e-17	4.0270110216951877e-17
5946.499999999999	5.962905484389381e-17	4.2057240547817594e-17
5946.749999999998	1.0932720424660259e-16	4.358444426043955e-17
5946.999999999999	1.3072340207803402e-16	4.408272131782924e-17
5947.249999999999	7.443823478655318e-17	4.166990495418351e-17
5947.499999999999	2.663357625223341e-17	4.107649550890532e-17
5947.749999999998	5.1442531866698364e-18	4.0366612415934763e-17
5947.999999999999	5.670805510784246e-17	4.318106136292194e-17
5948.249999999999	4.985231270783151e-17	4.161107917774119e-17
5948.499999999999	8.241099195958838e-17	4.225515178117703e-17
5948.749999999998	2.8387654100182734e-17	4.140826441771054e-17
5948.999999999999	-2.2022524102005562e-17	4.081896771443796e-17
5949.25	1.534174694516183e-17	4.22616600382366e-17
5949.499999999999	3.123180544860546e-17	4.228785519387493e-17
5949.749999999998	-1.6409997766714863e-18	4.378665683298426e-17
5949.999999999999	6.074562955683219e-17	4.586790942861668e-17
